Price,Adj Close,Close,High,Low,Open,Volume,log_ret,sigma20,TurnUSD
Ticker,AAPL,AAPL,AAPL,AAPL,AAPL,AAPL,,,
Date,,,,,,,,,
2005-02-01,1.1650500297546387,1.3844640254974365,1.3887499570846558,1.3674999475479126,1.375892996788025,678395200,0.008158618133927514,0.42414607979846103,936346818.257777
2005-02-02,1.1966068744659424,1.4219640493392944,1.4269640445709229,1.3873209953308105,1.3919639587402344,1020062400,0.026725916865413146,0.4280087058943251,1440412804.3230057
2005-02-03,1.1692577600479126,1.389464020729065,1.4183930158615112,1.3808929920196533,1.412500023841858,731651200,-0.023120792580647143,0.4439980368996605,1021567994.9775696
2005-02-04,1.1847357749938965,1.4078569412231445,1.4094640016555786,1.3844640254974365,1.3905359506607056,563556000,0.013150620660086848,0.4430393422256104,789313709.8793983
2005-02-07,1.1862387657165527,1.4096430540084839,1.416964054107666,1.3839290142059326,1.4094640016555786,524456800,0.0012678254432282043,0.38529662133848186,736081433.6658161
2005-02-08,1.2156916856765747,1.4446430206298828,1.4532140493392944,1.4069639444351196,1.4119640588760376,890019200,0.024525602952836983,0.38800937769564053,1277124451.7944336
2005-02-09,1.1832330226898193,1.4060709476470947,1.4641070365905762,1.394642949104309,1.4471429586410522,1191456000,-0.02706266176373942,0.31021666237093193,1693782163.318634
2005-02-10,1.1775236129760742,1.3992860317230225,1.4157140254974365,1.3689290285110474,1.4057140350341797,1093019200,-0.004836941477940615,0.3139552874348779,1524371607.380994
2005-02-11,1.220350742340088,1.4501789808273315,1.4600000381469727,1.4096430540084839,1.426071047782898,1201054400,0.03572471095791485,0.2620436093254275,1729447102.6576996
2005-02-14,1.2717430591583252,1.5112500190734863,1.5141069889068604,1.4651789665222168,1.4773210287094116,1271463200,0.04125013584849646,0.2865666901855928,1903183746.6187158
2005-02-15,1.3285448551177979,1.5787500143051147,1.5907139778137207,1.535714030265808,1.5475000143051147,2312217600,0.043695802382981375,0.3098377798521645,3626465144.8303223
2005-02-16,1.3543918132781982,1.6094640493392944,1.6107139587402344,1.5598210096359253,1.574107050895691,1639243200,0.01926825790123826,0.3000802680883103,2611860295.265579
2005-02-17,1.3195290565490723,1.5680359601974487,1.6228569746017456,1.561607003211975,1.618749976158142,1518473600,-0.026077609683660352,0.32867077735500533,2405515229.957199
2005-02-18,1.3045023679733276,1.5501790046691895,1.5689289569854736,1.5401790142059326,1.5667860507965088,1163254400,-0.011453256769764497,0.33597757363321556,1806645358.5108438
2005-02-22,1.2816606760025024,1.523036003112793,1.5767860412597656,1.523036003112793,1.5410710573196411,1219293600,-0.017665000669149333,0.34925077620991934,1878873743.6691284
2005-02-23,1.3258404731750488,1.5755360126495361,1.5794639587402344,1.5276789665222168,1.548570990562439,1345181600,0.033889937561789596,0.3584042370167462,2099684515.328916
2005-02-24,1.3363596200942993,1.5880359411239624,1.5948209762573242,1.5666069984436035,1.5800000429153442,1519028000,0.007902637890111863,0.3575158527933398,2404856224.3758836
2005-02-25,1.3372607231140137,1.5891070365905762,1.6055359840393066,1.5748209953308105,1.6003570556640625,915510400,0.0006740695672240449,0.3587152998346322,1455497969.6792603
2005-02-28,1.3482310771942139,1.6021430492401123,1.6121430397033691,1.5700000524520874,1.5957139730453491,651610400,0.008170134872485413,0.35753214445417825,1039163535.4364077
2005-03-01,1.3374112844467163,1.589285969734192,1.611070990562439,1.5771429538726807,1.6067860126495361,468188000,-0.008057551847399702,0.34605582646485733,745589376.6050339
2005-03-02,1.3259905576705933,1.5757139921188354,1.6032140254974365,1.5742859840393066,1.5803569555282593,458161200,-0.00857609737625542,0.3503533940369559,725912743.6184406
2005-03-03,1.2559641599655151,1.4924999475479126,1.5860710144042969,1.4721430540084839,1.584643006324768,1411653600,-0.05425623824667433,0.3998879437862373,2141343941.0671234
2005-03-04,1.2866202592849731,1.5289289951324463,1.5360709428787231,1.494642972946167,1.5271430015563965,756618800,0.024115293665362497,0.39524059666228084,1149970515.905682
2005-03-07,1.2848165035247803,1.526785969734192,1.5446430444717407,1.5125000476837158,1.5285710096359253,450632000,-0.0014029169078723647,0.3945648659300873,688555040.339152
2005-03-08,1.218096375465393,1.4474999904632568,1.5057140588760376,1.432142972946167,1.4964289665222168,1021451200,-0.05332661718179299,0.4418064370109183,1493142730.9473038
2005-03-09,1.1826322078704834,1.405357003211975,1.4385709762573242,1.3867859840393066,1.4157140254974365,1322465200,-0.029546653324915684,0.4456202531912602,1864990662.6314003
2005-03-10,1.1970583200454712,1.4225000143051147,1.4378570318222046,1.3964289426803589,1.4117859601974487,777109200,0.012124508401111955,0.4377161662609142,1102662518.1111813
2005-03-11,1.2102817296981812,1.4382139444351196,1.4496430158615112,1.4214290380477905,1.4360710382461548,632830800,0.01098601973675542,0.4386707758612134,909016301.9203663
2005-03-14,1.211784839630127,1.440000057220459,1.456786036491394,1.4114290475845337,1.4471429586410522,605385200,0.0012411798618134906,0.42049225246982264,869376561.6522471
2005-03-15,1.2310187816619873,1.4628570079803467,1.4692859649658203,1.4375,1.451429009437561,508608800,0.015747757495524733,0.39731917344035844,740812956.2995275
2005-03-16,1.23763108253479,1.4707139730453491,1.511070966720581,1.4564290046691895,1.4717860221862793,697813200,0.005357030806102114,0.36286143624085715,1032348091.6169643
2005-03-17,1.269789457321167,1.5089290142059326,1.5314290523529053,1.4757139682769775,1.483214020729065,801920000,0.02565196995866867,0.3685458714624405,1207176162.0585122
2005-03-18,1.291128396987915,1.5342860221862793,1.551429033279419,1.5178569555282593,1.5475000143051147,940150400,0.016665457280333,0.36480109553281315,1442683355.8549247
2005-03-21,1.3133678436279297,1.5607140064239502,1.5703569650650024,1.5307140350341797,1.5460710525512695,541128000,0.017078148799897885,0.3679284180096176,840874132.3366165
2005-03-22,1.287221074104309,1.5296430587768555,1.5700000524520874,1.5242860317230225,1.5610710382461548,551415200,-0.020109022557340595,0.36952896217360065,849901604.3822289
2005-03-23,1.2788053750991821,1.519642949104309,1.5499999523162842,1.5007139444351196,1.5160709619522095,609823200,-0.0065593471817330384,0.34901601938309923,929036545.6272125
2005-03-24,1.2773029804229736,1.5178569555282593,1.535714030265808,1.5178569555282593,1.5325000286102295,352704800,-0.001175532990198347,0.3472428843716366,537454859.2528343
2005-03-28,1.2782050371170044,1.5189290046691895,1.5342860221862793,1.516785979270935,1.526785969734192,275410800,0.0007059705743863165,0.34724629814957303,419542544.3660259
2005-03-29,1.254761815071106,1.4910709857940674,1.5296430587768555,1.4821430444717407,1.5199999809265137,461356000,-0.018511013232061446,0.34941309093414974,692473378.390789
2005-03-30,1.2863188982009888,1.5285710096359253,1.5285710096359253,1.4935710430145264,1.502500057220459,394959600,0.024838806118783724,0.3624106990675097,599115936.9318008
2005-03-31,1.252357840538025,1.4882140159606934,1.5185710191726685,1.4853570461273193,1.5160709619522095,636134800,-0.026756524935633824,0.37193383165248123,952535968.1447823
2005-04-01,1.2289153337478638,1.4603569507598877,1.5064289569854736,1.448928952217102,1.5032140016555786,641284000,-0.018896109115667553,0.32787249310851946,943909096.0853894
2005-04-04,1.2349268198013306,1.4674999713897705,1.4753570556640625,1.4342859983444214,1.4639290571212769,580014400,0.004879775251590723,0.3157722793703571,846268661.8635178
2005-04-05,1.2589691877365112,1.4960709810256958,1.5085710287094116,1.4674999713897705,1.4721430540084839,556239600,0.019281568059176024,0.3243007073932056,829194155.5747032
2005-04-06,1.2721941471099854,1.5117859840393066,1.5289289951324463,1.505357027053833,1.5142860412597656,414825600,0.010449803484859854,0.2641713158155235,628609015.8752441
2005-04-07,1.3091601133346558,1.5557140111923218,1.5625,1.5089290142059326,1.5117859840393066,506987600,0.02864271209245406,0.25259567370540104,781968045.7678
2005-04-08,1.3145701885223389,1.5621429681777954,1.587499976158142,1.5549999475479126,1.5607140064239502,649950000,0.0041239626277986274,0.25129847629051205,1019260882.5266361
2005-04-11,1.2598717212677002,1.497143030166626,1.5803569555282593,1.4967859983444214,1.5767860412597656,821662800,-0.04249985210412496,0.29815651077317257,1252840209.882164
2005-04-12,1.2821111679077148,1.5235710144042969,1.5425000190734863,1.5003570318222046,1.5175000429153442,981061200,0.017498161912744475,0.3028972908786943,1493315132.4856281
2005-04-13,1.2334235906600952,1.4657139778137207,1.5353569984436035,1.4424999952316284,1.5339289903640747,1371946800,-0.03871435925487529,0.3309222751460462,2032114324.9690533
2005-04-14,1.1198188066482544,1.3307139873504639,1.4128570556640625,1.3157140016555786,1.386070966720581,2753192400,-0.09662681747981967,0.4695628220466474,3725330911.473131
2005-04-15,1.0624158382415771,1.2625000476837158,1.3303569555282593,1.2599999904632568,1.3078570365905762,1728087200,-0.052621484828577265,0.48307590487753815,2219357618.066883
2005-04-18,1.0705301761627197,1.272143006324768,1.2964290380477905,1.214285969734192,1.25,1327177600,0.00760860988685471,0.4780228328982469,1673508140.1009877
2005-04-19,1.1147098541259766,1.3246430158615112,1.3371429443359375,1.2810709476470947,1.307142972946167,1081642800,0.040440133034853554,0.5006079779512084,1421587595.2667713
2005-04-20,1.0672239065170288,1.2682139873504639,1.3478569984436035,1.2657140493392944,1.3450000286102295,945131600,-0.043533353446575024,0.514009801166405,1222932567.0372167
2005-04-21,1.1174143552780151,1.3278570175170898,1.3289289474487305,1.282142996788025,1.2999999523162842,759592400,0.04595660790892388,0.5485797254964129,997326834.4960371
2005-04-22,1.0669233798980713,1.2678569555282593,1.3214290142059326,1.2464289665222168,1.3157140016555786,839129200,-0.04623824416042063,0.5647313401115622,1072886801.9629638
2005-04-25,1.1114039421081543,1.320713996887207,1.3221429586410522,1.2896430492401123,1.3032139539718628,746460400,0.04084486799656048,0.58993464299642,978485175.5198002
2005-04-26,1.0876610279083252,1.2925000190734863,1.3396430015563965,1.2899999618530273,1.3135709762573242,810507600,-0.021594484173500503,0.5907891220475971,1059642231.8630217
2005-04-27,1.0804487466812134,1.2839289903640747,1.298570990562439,1.2682139873504639,1.2817859649658203,613888800,-0.006653083635372287,0.5792409272871055,787970059.0429306
2005-04-28,1.0681262016296387,1.269286036491394,1.2978570461273193,1.2585710287094116,1.2960710525512695,575106000,-0.011470561146846012,0.5756468915053807,733397046.5698242
2005-04-29,1.083754062652588,1.2878570556640625,1.2939289808273315,1.2578569650650024,1.2910710573196411,671630400,0.014525097927831382,0.5792458304896487,859606988.3308411
2005-05-02,1.0948737859725952,1.301071047782898,1.3089289665222168,1.2864290475845337,1.293213963508606,465920000,0.010208094868465245,0.5808310544154536,605141409.5052084
2005-05-03,1.0882618427276611,1.293213963508606,1.3121429681777954,1.2867859601974487,1.2999999523162842,496739600,-0.0060573089225985505,0.5734936570911089,644460501.0857424
2005-05-04,1.1165136098861694,1.3267860412597656,1.3285709619522095,1.2892860174179077,1.2896430492401123,448176400,0.02562919825041625,0.5817535395720147,589298636.0903423
2005-05-05,1.1023882627487183,1.309999942779541,1.3310710191726685,1.3025000095367432,1.3303569555282593,387366000,-0.012732007778959567,0.5676787769317911,509201770.98059654
2005-05-06,1.119218111038208,1.3300000429153442,1.3332140445709229,1.3139289617538452,1.3174999952316284,326247600,0.015151352144742308,0.5720571261501439,432511124.8904228
2005-05-09,1.1111034154891968,1.3203569650650024,1.337499976158142,1.3125,1.3314290046691895,355695200,-0.007276736792578786,0.5581364840436618,470745635.42658484
2005-05-10,1.094573736190796,1.3007140159606934,1.3303569555282593,1.2975000143051147,1.3125,440263600,-0.014988584113106315,0.5519788575688418,576535601.6870816
2005-05-11,1.0702300071716309,1.2717859745025635,1.2739289999008179,1.1825000047683716,1.2571430206298828,2041981200,-0.022491420114294933,0.5433566290458537,2537648299.009037
2005-05-12,1.025749921798706,1.2189290523529053,1.271070957183838,1.214285969734192,1.2649999856948853,970242000,-0.04244960924472267,0.4562204170584096,1198017945.6999302
2005-05-13,1.0449841022491455,1.241786003112793,1.258213996887207,1.2167860269546509,1.2214289903640747,702713200,0.018577696040346408,0.4269354573552012,870611534.238863
2005-05-16,1.0684260129928589,1.269642949104309,1.274999976158142,1.233214020729065,1.2342859506607056,474294800,0.022184877430859055,0.4334925314679817,597272634.8758856
2005-05-17,1.0627161264419556,1.2628569602966309,1.2664289474487305,1.2335710525512695,1.2549999952316284,588344400,-0.005358535320568264,0.407721109781477,737951940.1971817
2005-05-18,1.0771422386169434,1.2799999713897705,1.3414289951324463,1.2496429681777954,1.2660709619522095,636722800,0.013483444483453191,0.3821410693117998,821599920.4212029
2005-05-19,1.1285346746444702,1.3410710096359253,1.3457139730453491,1.2778569459915161,1.2778569459915161,793161600,0.046608584380546506,0.38312444956607195,1048200578.5243988
2005-05-20,1.1285346746444702,1.3410710096359253,1.344642996788025,1.3282140493392944,1.3303569555282593,452650800,0.0,0.34339773164577825,605635915.1945591
2005-05-23,1.1949548721313477,1.4199999570846558,1.4249999523162842,1.3517860174179077,1.3517860174179077,1042574400,0.05718837764694655,0.36984515047986927,1458487189.8605347
2005-05-24,1.1931511163711548,1.417857050895691,1.4282139539718628,1.3939290046691895,1.4089289903640747,593460000,-0.0015106164566275893,0.3589570305844539,838756801.8865585
2005-05-25,1.1955554485321045,1.420714020729065,1.426785945892334,1.4042860269546509,1.410714030265808,396006800,0.002013083572708435,0.3567707797913714,561245388.533624
2005-05-26,1.2244075536727905,1.4550000429153442,1.4621429443359375,1.426429033279419,1.426429033279419,525520800,0.023846209475625102,0.35707396775906375,760879147.6956367
2005-05-27,1.2189973592758179,1.448570966720581,1.456786036491394,1.4289289712905884,1.451429009437561,316008000,-0.004428413162172462,0.35794595259487577,456556347.410202
2005-05-31,1.1949548721313477,1.4199999570846558,1.4550000429153442,1.4135710000991821,1.4521429538726807,404205200,-0.019920263429533486,0.3683810008587884,577820899.6030966
2005-06-01,1.211184024810791,1.4392859935760498,1.4557139873504639,1.423570990562439,1.4246430397033691,453812800,0.013489993295327324,0.3676141272112496,653274261.5233738
2005-06-02,1.2033694982528687,1.4299999475479126,1.440000057220459,1.4142860174179077,1.4303569793701172,373973600,-0.006472876884083684,0.3620374457427609,534069955.7155609
2005-06-03,1.1492713689804077,1.3657139539718628,1.377856969833374,1.3489290475845337,1.3628569841384888,956869200,-0.04599738779496784,0.39765565711366996,1305329057.8745842
2005-06-06,1.1396547555923462,1.3542859554290771,1.3796429634094238,1.3414289951324463,1.3689290285110474,811966400,-0.008402778812177464,0.39624956378641546,1103017898.0394998
2005-06-07,1.0981800556182861,1.3049999475479126,1.347499966621399,1.301785945892334,1.342857003211975,745264800,-0.037071055844014364,0.4168720461371711,982330020.2138901
2005-06-08,1.1096001863479614,1.3185709714889526,1.3303569555282593,1.3060710430145264,1.3082139492034912,404006400,0.01034544323637486,0.4150533467047253,532614965.2954101
2005-06-09,1.1315397024154663,1.344642996788025,1.3550000190734863,1.315000057220459,1.3214290142059326,390255600,0.019579515819387938,0.41095967119982196,522245647.0904827
2005-06-10,1.0762407779693604,1.2789289951324463,1.3357139825820923,1.2685710191726685,1.3357139825820923,678932800,-0.05010506572591607,0.4222747542641015,878813783.9686077
2005-06-13,1.078945279121399,1.282142996788025,1.3075000047683716,1.2792860269546509,1.2817859649658203,435772400,0.0025097624984695144,0.41815886875654135,561990829.3946425
2005-06-14,1.0819507837295532,1.285714030265808,1.2910710573196411,1.276785969734192,1.2828569412231445,347846800,0.002781722451040289,0.41145805359461307,446817453.6204179
2005-06-15,1.1159113645553589,1.32607102394104,1.332142949104309,1.2964290380477905,1.3167860507965088,563343200,0.030905745360537237,0.4237543208472584,742607082.9089483
2005-06-16,1.141458511352539,1.3564289808273315,1.3600000143051147,1.315000057220459,1.3282140493392944,547674400,0.022635402236556593,0.42792143341177435,735970162.4633152
2005-06-17,1.151375651359558,1.3682140111923218,1.3764289617538452,1.3510710000991821,1.3739290237426758,596125600,0.008650605449198129,0.3981883348368508,813853316.5366809
2005-06-20,1.1303378343582153,1.3432140350341797,1.3603570461273193,1.337499976158142,1.3517860174179077,323716400,-0.018440889548627423,0.40384418330502986,436053658.2732359
2005-06-21,1.1378518342971802,1.3521430492401123,1.363929033279419,1.3350000381469727,1.3471430540084839,370526800,0.006625572394035675,0.3477439650878722,500343596.4799245
2005-06-22,1.1585898399353027,1.3767859935760498,1.3785710334777832,1.3621430397033691,1.3664289712905884,424925200,0.01806148148716527,0.3549276912244188,583209846.4556057
2005-06-23,1.1688076257705688,1.388929009437561,1.420714020729065,1.380357027053833,1.3867859840393066,674254000,0.008780495495545687,0.3565330528131158,941708099.5270412
2005-06-24,1.1348456144332886,1.3485709428787231,1.397143006324768,1.3457139730453491,1.396070957183838,410709600,-0.02948748672170301,0.35720334176734364,560129575.1252174
2005-06-27,1.115010142326355,1.3250000476837158,1.3607139587402344,1.309999942779541,1.3157140016555786,600171600,-0.017633118028194325,0.36040412682359557,799371344.6785927
2005-06-28,1.121321678161621,1.3324999809265137,1.3424999713897705,1.3274999856948853,1.3389290571212769,350299600,0.005644558231571742,0.3574256676352992,467358042.4284458
2005-06-29,1.0930711030960083,1.29892897605896,1.331786036491394,1.2899999618530273,1.3296430110931396,448358400,-0.025516799127768733,0.35997177624124144,585961830.9265137
2005-06-30,1.106295108795166,1.3146430253982544,1.3271429538726807,1.2967859506607056,1.3075000047683716,418390000,0.012025432589350474,0.36475997347921163,549286369.9213665
2005-07-01,1.0969772338867188,1.3035709857940674,1.3203569650650024,1.2960710525512695,1.315356969833374,250000800,-0.008458264808830065,0.3322396733028707,326667628.95059586
2005-07-05,1.141458511352539,1.3564289808273315,1.3624999523162842,1.3035709857940674,1.3053569793701172,454269200,0.03974841258825658,0.36161510408039027,609099273.391962
2005-07-06,1.1237258911132812,1.3353569507598877,1.3628569841384888,1.3285709619522095,1.3467860221862793,394626400,-0.015656987985818785,0.34089145253287706,529691875.80617267
2005-07-07,1.130939245223999,1.3439290523529053,1.3485709428787231,1.3142859935760498,1.3146430253982544,383723200,0.0063986253261761605,0.3398217831580896,512498913.7801488
2005-07-08,1.1495722532272339,1.3660709857940674,1.3671430349349976,1.3382140398025513,1.3524999618530273,290735200,0.016341441527299314,0.3377638100436564,394569150.4880905
2005-07-11,1.145064353942871,1.3607139587402344,1.380357027053833,1.3492859601974487,1.3703570365905762,388788400,-0.003929079724051182,0.28351930006146714,530094444.15364265
2005-07-12,1.1492713689804077,1.3657139539718628,1.3714289665222168,1.353929042816162,1.3653570413589478,387038400,0.003667309636135957,0.28351725600638905,527800648.98815155
2005-07-13,1.1525778770446777,1.369642972946167,1.375,1.3535710573196411,1.3674999475479126,684835200,0.0028729164989491074,0.2835159097800384,935533741.6866302
2005-07-14,1.224708080291748,1.4553569555282593,1.5003570318222046,1.4367860555648804,1.456786036491394,2096060400,0.06070144791684684,0.3344243658537732,3068981798.9843845
2005-07-15,1.2487518787384033,1.4839290380477905,1.4846429824829102,1.4450000524520874,1.4632140398025513,687682800,0.019442041679062938,0.33243723103539524,1011712533.7168694
2005-07-18,1.2469483613967896,1.4817860126495361,1.5035710334777832,1.4774999618530273,1.478929042816162,586297600,-0.0014452999014513968,0.3326808293188294,872187450.9740193
2005-07-19,1.2980401515960693,1.5425000190734863,1.5439289808273315,1.4667860269546509,1.4828569889068604,671062000,0.04015629566323578,0.3444689113460137,1018496527.4505615
2005-07-20,1.3112637996673584,1.5582139492034912,1.5642859935760498,1.5232139825820923,1.5307140350341797,453395600,0.010135853491678448,0.3446455441893604,702115417.539231
2005-07-21,1.301045298576355,1.5460710525512695,1.5728570222854614,1.532142996788025,1.5607140064239502,404264000,-0.007823387528503256,0.3458983834734508,626753531.8997701
2005-07-22,1.3223843574523926,1.5714290142059326,1.5714290142059326,1.5496430397033691,1.551429033279419,301106400,0.016268421347294282,0.3476774088332603,470980701.20544434
2005-07-25,1.3166741132736206,1.5646430253982544,1.5814290046691895,1.5617860555648804,1.5710710287094116,294627200,-0.00432749266718746,0.3253417467159588,462354348.5890707
2005-07-26,1.3112637996673584,1.5582139492034912,1.5753569602966309,1.548570990562439,1.5717860460281372,268592800,-0.004117541151603565,0.3154319276328755,419196534.3117078
2005-07-27,1.3220834732055664,1.5710710287094116,1.573928952217102,1.5239289999008179,1.565356969833374,283749200,0.008217476315813432,0.3153044906459412,441601621.0555235
2005-07-28,1.3163738250732422,1.5642859935760498,1.5714290142059326,1.5464290380477905,1.5660710334777832,251311200,-0.004328026872915169,0.2945657623324074,392225079.5767784
2005-07-29,1.2818106412887573,1.5232139825820923,1.5850000381469727,1.5092860460281372,1.5557140111923218,562080400,-0.02660721228515417,0.3193357007646082,865135428.174305
2005-08-01,1.2848165035247803,1.526785969734192,1.5385710000991821,1.502856969833374,1.5203570127487183,314249600,0.0023422674511420216,0.31474675865215146,478519801.0848999
2005-08-02,1.2980401515960693,1.5425000190734863,1.5535709857940674,1.5217859745025635,1.5317859649658203,296875600,0.010239641899435437,0.2929293391672506,456976353.8215637
2005-08-03,1.2989416122436523,1.5435709953308105,1.5467859506607056,1.527500033378601,1.5425000190734863,258322400,0.0006942372074698056,0.2826800693724276,397631965.9225464
2005-08-04,1.283614158630371,1.5253570079803467,1.535714030265808,1.5103570222854614,1.5317859649658203,269304000,-0.011870127844278433,0.29033191957481674,410367954.1378021
2005-08-05,1.2920293807983398,1.5353569984436035,1.548570990562439,1.5007139444351196,1.5175000429153442,241931200,0.006534485058150075,0.2880452389046739,369722641.5092468
2005-08-08,1.2818106412887573,1.5232139825820923,1.5446430444717407,1.5217859745025635,1.535714030265808,176383200,-0.007940503771918905,0.2900867684864542,269845306.4907074
2005-08-09,1.3169745206832886,1.565000057220459,1.5674999952316284,1.5325000286102295,1.5332139730453491,380839200,0.027063434206141823,0.29923070503424076,592204966.2905693
2005-08-10,1.3037505149841309,1.5492860078811646,1.5853569507598877,1.5467859506607056,1.5714290142059326,360945200,-0.010091953757084271,0.30469242774930777,563246431.3179016
2005-08-11,1.3223843574523926,1.5714290142059326,1.5757139921188354,1.5446430444717407,1.5496430397033691,271983600,0.01419131621198938,0.2341108192010943,425362953.50847244
2005-08-12,1.385498285293579,1.6464289426803589,1.6507140398025513,1.548570990562439,1.5521429777145386,916036800,0.046623409164776475,0.27265515285995384,1479617440.527916
2005-08-15,1.4329833984375,1.7028570175170898,1.7260710000991821,1.6589289903640747,1.659999966621399,1086727600,0.03369871588749046,0.2885194635323546,1843038211.8085544
2005-08-16,1.3900063037872314,1.651785969734192,1.6964290142059326,1.6503570079803467,1.6924999952316284,537622400,-0.030450281368188614,0.28954995203138667,895781423.6230215
2005-08-17,1.417055368423462,1.6839289665222168,1.6942859888076782,1.6560709476470947,1.657142996788025,499724400,0.01927275211317009,0.29391186160652044,838585167.4312115
2005-08-18,1.3915084600448608,1.6535710096359253,1.6785709857940674,1.6339290142059326,1.6753569841384888,442559600,-0.018192652576616564,0.3012129486419445,732594133.1986904
2005-08-19,1.3773834705352783,1.6367859840393066,1.667857050895691,1.6346429586410522,1.6528569459915161,376569200,-0.010202718193735194,0.3008433098396793,619994325.0573794
2005-08-22,1.3785853385925293,1.6382139921188354,1.6696430444717407,1.6164289712905884,1.6482139825820923,387732800,0.0008721928415595936,0.29999385595043176,636435733.9455286
2005-08-23,1.3746780157089233,1.6335710287094116,1.6464289426803589,1.6185710430145264,1.6375000476837158,295604400,-0.002838323112565766,0.2996816742832737,482679715.1901245
2005-08-24,1.3755804300308228,1.6346429586410522,1.6828570365905762,1.6282140016555786,1.6285710334777832,572070800,0.0006562396749895671,0.2989609075541933,943099520.9234873
2005-08-25,1.38429594039917,1.6449999809265137,1.6603569984436035,1.636070966720581,1.647143006324768,276253600,0.006315891127491535,0.2983971561305731,455029086.4160538
2005-08-26,1.3746780157089233,1.6335710287094116,1.6549999713897705,1.6200000047683716,1.647143006324768,261058000,-0.006972130802481102,0.28150608815881073,427140576.46290463
2005-08-29,1.3776839971542358,1.6371430158615112,1.6439290046691895,1.6164289712905884,1.616786003112793,256295200,0.0021842930736771793,0.28151478558477,418401998.7330119
2005-08-30,1.399623155593872,1.6632139682769775,1.6710710525512695,1.6399999856948853,1.6425000429153442,518761600,0.01579919943489494,0.28384197471579237,860156016.2799835
2005-08-31,1.4092410802841187,1.6746430397033691,1.6796430349349976,1.652500033378601,1.673570990562439,402956400,0.006848292741750084,0.2838010050402054,672505501.8855095
2005-09-01,1.390307068824768,1.6521430015563965,1.684643030166626,1.646070957183838,1.6785709857940674,356367200,-0.013526682984649041,0.2850289350462006,591908931.045723
2005-09-02,1.3891044855117798,1.6507140398025513,1.6714290380477905,1.647143006324768,1.6535710096359253,222378800,-0.0008653510748751203,0.28534694015333784,368354625.41852
2005-09-06,1.466644525527954,1.7428569793701172,1.7457139492034912,1.662500023841858,1.667857050895691,818619200,0.05431787141756145,0.33117806896560736,1405588527.4031959
2005-09-07,1.4630374908447266,1.738571047782898,1.7642860412597656,1.7114289999008179,1.7517859935760498,963074000,-0.002462408196971577,0.3240197506681567,1673914453.607718
2005-09-08,1.496097445487976,1.7778569459915161,1.7899999618530273,1.7549999952316284,1.7625000476837158,702640400,0.02234526707496809,0.32409144226644837,1246684767.8400674
2005-09-09,1.5420804023742676,1.8324999809265137,1.8339289426803589,1.7782139778137207,1.7882139682769775,615641600,0.03027240061015174,0.33330658644711564,1117316222.4197388
2005-09-12,1.5447851419448853,1.8357139825820923,1.8439290523529053,1.8064290285110474,1.8250000476837158,452796400,0.0017524185773342693,0.3019336925815495,828024560.1563137
2005-09-13,1.5273536443710327,1.815000057220459,1.831786036491394,1.7971429824829102,1.8221429586410522,492884000,-0.01134824033590831,0.288749741094414,894408512.9303932
2005-09-14,1.4909883737564087,1.7717859745025635,1.8282140493392944,1.7664289474487305,1.823570966720581,474426400,-0.024097355503339968,0.2801322828172486,848658525.9016991
2005-09-15,1.4988020658493042,1.7810709476470947,1.7921429872512817,1.7617859840393066,1.785714030265808,415156000,0.005226928134532849,0.2743265868331148,738285742.1154976
2005-09-16,1.5390753746032715,1.8289289474487305,1.8289289474487305,1.7839289903640747,1.7939289808273315,591004400,0.02651566373586045,0.2748180399707867,1072039997.6839542
2005-09-19,1.58205246925354,1.8799999952316284,1.888929009437561,1.823214054107666,1.823214054107666,783731200,0.02754120519315001,0.27942746805990193,1460912330.008952
2005-09-20,1.598582148551941,1.8996429443359375,1.9217859506607056,1.8899999856948853,1.8925000429153442,819828800,0.010394044020340054,0.27876899820066525,1560797961.8475595
2005-09-21,1.5661234855651855,1.861070990562439,1.894642949104309,1.8521430492401123,1.8914289474487305,434747600,-0.02051363063307482,0.2932804623535815,812667455.6901613
2005-09-22,1.5598118305206299,1.8535710573196411,1.8739290237426758,1.8328570127487183,1.852856993675232,463727600,-0.0040382560633014375,0.2949081606471976,859497016.7519888
2005-09-23,1.598882794380188,1.899999976158142,1.910714030265808,1.8514289855957031,1.8607139587402344,558457200,0.024739939315872594,0.3017425631325719,1054021507.1076393
2005-09-26,1.618117332458496,1.9228570461273193,1.948570966720581,1.9042860269546509,1.9296430349349976,546562800,0.011958201136881785,0.29761497222933075,1052263479.1979313
2005-09-27,1.606095314025879,1.9085710048675537,1.9371429681777954,1.9082139730453491,1.9257140159606934,341703600,-0.007457370505689509,0.30188978520585413,655379297.7732658
2005-09-28,1.5351684093475342,1.8242859840393066,1.8967859745025635,1.8067859411239624,1.8953570127487183,1125544000,-0.045165874520895544,0.3509101546438728,2073949097.2738266
2005-09-29,1.5730361938476562,1.8692859411239624,1.8782140016555786,1.8146430253982544,1.8296430110931396,636846000,0.024367545299370297,0.35748392900424275,1180742833.5707188
2005-09-30,1.6112053394317627,1.9146430492401123,1.9160710573196411,1.852856993675232,1.8689290285110474,531633200,0.023974923673393655,0.3558793234437142,1007191697.148482
2005-10-03,1.6361502408981323,1.9442859888076782,1.9478570222854614,1.9171429872512817,1.9342859983444214,507553200,0.015363511329966217,0.3555749278502739,982840566.0583019
2005-10-04,1.6154123544692993,1.9196430444717407,1.9767860174179077,1.9157140254974365,1.962499976158142,539459200,-0.012755816325076497,0.31985558517724244,1045138020.0691223
2005-10-05,1.5862598419189453,1.8849999904632568,1.9414290189743042,1.8839290142059326,1.940356969833374,610769600,-0.018211307382138442,0.32889345209540194,1162571028.6525092
2005-10-06,1.5538016557693481,1.8464289903640747,1.9103569984436035,1.8167860507965088,1.899999976158142,757537200,-0.020674335387239284,0.33238902883768984,1407396052.2933483
2005-10-07,1.5417799949645996,1.832142949104309,1.8546429872512817,1.8053569793701172,1.8471430540084839,677882800,-0.007767019317561963,0.3171718496131599,1241009739.2374356
2005-10-10,1.5138301849365234,1.79892897605896,1.853929042816162,1.795714020729065,1.8485709428787231,507505600,-0.018294604303260187,0.32329291134285415,921726940.7008488
2005-10-11,1.5504958629608154,1.8424999713897705,1.8524999618530273,1.7999999523162842,1.8296430110931396,1225884800,0.023931805819396523,0.3320056017803552,2245412278.5695395
2005-10-12,1.4801692962646484,1.7589290142059326,1.7964290380477905,1.709643006324768,1.7374999523162842,2697486400,-0.04641832075591262,0.36078927419892626,4734089583.833694
2005-10-13,1.6151121854782104,1.9192860126495361,1.926785945892334,1.7596429586410522,1.7657140493392944,1865575600,0.0872479483523857,0.4714369433075162,3485961656.68416
2005-10-14,1.622925877571106,1.9285709857940674,1.9410710334777832,1.8853570222854614,1.9296430349349976,1035552000,0.0048261985234557825,0.46414823959215895,1986533589.1609192
2005-10-17,1.606095314025879,1.9085710048675537,1.9367860555648804,1.8814289569854736,1.9278570413589478,616834400,-0.010424655005883632,0.45702861489900637,1177492872.327455
2005-10-18,1.5691291093826294,1.8646429777145386,1.926785945892334,1.864285945892334,1.901785969734192,609588000,-0.02328520441847265,0.46289424470797547,1149218638.6227608
2005-10-19,1.651177167892456,1.9621429443359375,1.9628570079803467,1.8289289474487305,1.8596429824829102,1008683200,0.050967710571444225,0.4900570081587441,1934630471.7291515
2005-10-20,1.6872422695159912,2.005000114440918,2.017857074737549,1.9410710334777832,1.9453569650650024,1357762000,0.021606934299556735,0.4936695468215364,2699198370.4833984
2005-10-21,1.6728156805038452,1.9878569841384888,2.0350000858306885,1.9771430492401123,2.0299999713897705,796726000,-0.00858716002949933,0.4894125424730857,1593452031.6590466
2005-10-24,1.7067766189575195,2.0282139778137207,2.0282139778137207,1.9674999713897705,1.973214030265808,609753200,0.020098330583464774,0.4922470535186273,1224369776.6893704
2005-10-25,1.6860392093658447,2.003571033477783,2.0303568840026855,1.988929033279419,2.0142860412597656,465127600,-0.012224458317637632,0.493756466040005,933798999.5500883
2005-10-26,1.7139909267425537,2.0367860794067383,2.0557138919830322,1.997143030166626,2.009999990463257,631593200,0.016442411384918643,0.46404357126659146,1282059036.7368698
2005-10-27,1.665303349494934,1.978929042816162,2.0360710620880127,1.978929042816162,2.0353569984436035,411541200,-0.028817227819467273,0.4732018936523496,822249598.0559349
2005-10-28,1.6370514631271362,1.9453569650650024,2.01535701751709,1.934643030166626,2.0014290809631348,769787200,-0.01711056336835337,0.4714380142342674,1512723455.9480667
2005-10-31,1.7308205366134644,2.056786060333252,2.070713996887207,1.9553569555282593,1.9714289903640747,940844800,0.05569885932817331,0.5064935642260848,1907674796.5293884
2005-11-01,1.728115200996399,2.0535709857940674,2.0764288902282715,2.0310709476470947,2.044286012649536,749686000,-0.0015642592831613955,0.5036311168853498,1539622847.1711478
2005-11-02,1.8017483949661255,2.141071081161499,2.142857074737549,2.057142972946167,2.061429023742676,857060400,0.04172618859961674,0.5138545720286395,1811560319.3721771
2005-11-03,1.8588521480560303,2.2089290618896484,2.2257139682769775,2.1453568935394287,2.1521430015563965,884382800,0.031201648521618552,0.5107898024459001,1939746252.175649
2005-11-04,1.8378140926361084,2.183928966522217,2.187143087387085,2.129286050796509,2.1553568840026855,878035200,-0.011382300259101696,0.512432276724419,1902514409.5123293
2005-11-07,1.8101632595062256,2.151071071624756,2.202500104904175,2.1478569507598877,2.1732139587402344,638831200,-0.015159832432814713,0.5104561857418833,1384438377.423223
2005-11-08,1.8002461194992065,2.1392860412597656,2.1564290523529053,2.1107139587402344,2.141071081161499,473765600,-0.0054936512221857026,0.5097176900366553,1011715234.6151352
2005-11-09,1.8065574169158936,2.1467859745025635,2.1860709190368652,2.142857074737549,2.142857074737549,552930000,0.003499666003162427,0.47101417804038953,1193538841.4931297
2005-11-10,1.838714838027954,2.184999942779541,2.18571400642395,2.1075000762939453,2.1657140254974365,665344400,0.017643815378963312,0.3798509566807619,1436747807.9553921
2005-11-11,1.849534511566162,2.197856903076172,2.2182140350341797,2.190713882446289,2.197856903076172,425448800,0.005867122067885977,0.3798108158287225,936949557.921346
2005-11-14,1.8468303680419922,2.194643020629883,2.213571071624756,2.1753571033477783,2.197856903076172,369933200,-0.001463136943812282,0.37601530674483014,811827186.6056759
2005-11-15,1.8717752695083618,2.2242860794067383,2.252856969833374,2.194999933242798,2.200000047683716,536841200,0.013416467393150278,0.35988401669277065,1193960415.0959015
2005-11-16,1.9520190954208374,2.319643020629883,2.323570966720581,2.253213882446289,2.255357027053833,784515200,0.041976947923764274,0.34775626217627204,1803450829.8530579
2005-11-17,1.9390963315963745,2.304286003112793,2.3528571128845215,2.294642925262451,2.3424999713897705,676205600,-0.006642214335936258,0.3479406549803793,1566945550.3672283
2005-11-18,1.940298080444336,2.3057138919830322,2.3367860317230225,2.29892897605896,2.3324999809265137,524960800,0.0006195548886044344,0.34419629010740627,1214659356.121254
2005-11-21,1.9523197412490845,2.319999933242798,2.328213930130005,2.2757139205932617,2.315000057220459,511711200,0.006176665460343567,0.3410893849656013,1181017131.6822052
2005-11-22,1.9992047548294067,2.375714063644409,2.3842859268188477,2.304286003112793,2.315713882446289,540282400,0.023731202455579692,0.33860171814896617,1272236463.631884
2005-11-23,2.016937017440796,2.3967859745025635,2.427856922149658,2.3817861080169678,2.38857102394104,485853200,0.008830553722916523,0.3373791476749699,1167088864.1637802
2005-11-25,2.0839574337005615,2.476428985595703,2.4835710525512695,2.4107139110565186,2.416429042816162,395012800,0.03268866577013951,0.3191058555586583,970508785.024643
2005-11-28,2.0935752391815186,2.4878571033477783,2.5382139682769775,2.4667859077453613,2.5257139205932617,1018519600,0.004604546859118264,0.303271614475847,2543873897.82842
2005-11-29,2.0466909408569336,2.432142972946167,2.510714054107666,2.4053568840026855,2.499643087387085,891433200,-0.022648931479842704,0.28242265861771376,2183480613.6725426
2005-11-30,2.0382745265960693,2.42214298248291,2.4589290618896484,2.411428928375244,2.4439289569854736,595674800,-0.004120684121896034,0.2836926265872901,1447986352.8137844
2005-12-01,2.1518800258636475,2.557142972946167,2.561785936355591,2.4574999809265137,2.4625000953674316,812893200,0.05423826102982199,0.3048105596523876,2052942508.3833697
2005-12-02,2.1828365325927734,2.5939290523529053,2.5978569984436035,2.5250000953674316,2.581070899963379,895762000,0.014283302081363414,0.29465006162132124,2304134597.286701
2005-12-05,2.15849232673645,2.565000057220459,2.5903570652008057,2.5532140731811523,2.569643020629883,583671200,-0.01121521166188455,0.2945118690892668,1499757000.0075657
2005-12-06,2.2255120277404785,2.6446430683135986,2.672499895095825,2.619642972946167,2.64035701751709,857029600,0.03057703286916502,0.29160846965151943,2267353492.106819
2005-12-07,2.222506523132324,2.641071081161499,2.6592860221862793,2.61142897605896,2.651071071624756,679464800,-0.0013513905264475046,0.28911812476660537,1791926715.3622944
2005-12-08,2.2264139652252197,2.645714044570923,2.6489291191101074,2.5928568840026855,2.614285945892334,790479200,0.0017565803245286338,0.28971489148452084,2078301575.897662
2005-12-09,2.2339277267456055,2.6546430587768555,2.663928985595703,2.619642972946167,2.6503570079803467,555402400,0.0033691448533588186,0.28945720516340173,1469634557.444954
2005-12-12,2.251359224319458,2.6753571033477783,2.691071033477783,2.6628570556640625,2.67392897605896,524994400,0.007772784896927676,0.2892113597138809,1405109920.6866584
2005-12-13,2.253462791442871,2.677856922149658,2.694999933242798,2.6503570079803467,2.6732139587402344,493816400,0.0009339180411335191,0.2881489501041513,1320664862.1469498
2005-12-14,2.164201498031616,2.5717859268188477,2.617856979370117,2.509643077850342,2.5903570652008057,1450716400,-0.04041658121782188,0.3361786252093101,3723160148.44532
2005-12-15,2.169311761856079,2.57785701751709,2.6021430492401123,2.5482139587402344,2.5957140922546387,561162000,0.002358486468966081,0.3116757474115484,1445593346.3253975
2005-12-16,2.137152910232544,2.5396430492401123,2.5821430683135986,2.5378570556640625,2.5764288902282715,671171200,-0.014935429345603657,0.316948073832737,1713643966.7134604
2005-12-19,2.145268678665161,2.549285888671875,2.5928568840026855,2.5371429920196533,2.5396430492401123,529295200,0.0037902751890231956,0.3166028919516814,1354869698.2269921
2005-12-20,2.1672067642211914,2.575356960296631,2.5850000381469727,2.5399999618530273,2.558213949203491,479108000,0.010174330309035806,0.31708846500473514,1229767540.8445995
2005-12-21,2.2089827060699463,2.625,2.6289288997650146,2.5907139778137207,2.5928568840026855,475736800,0.019092962593322604,0.31406858096743107,1243995099.9073663
2005-12-22,2.2246105670928955,2.643570899963379,2.6603569984436035,2.628571033477783,2.6396429538726807,370610800,0.0070497787165445525,0.3138544988411358,979956591.7149862
2005-12-23,2.204474449157715,2.619642972946167,2.6521430015563965,2.617856979370117,2.6489291191101074,229857600,-0.009092738836773862,0.3002368314769376,604498131.4113617
2005-12-27,2.230921745300293,2.651071071624756,2.684999942779541,2.641071081161499,2.642857074737549,590590000,0.011925703333879767,0.3018520035493721,1570406783.4067345
2005-12-28,2.2110862731933594,2.627500057220459,2.6700000762939453,2.6185710430145264,2.6596429347991943,398115200,-0.008930917668802052,0.290584407025281,1050502753.2193501
2005-12-29,2.147371768951416,2.551785945892334,2.6364290714263916,2.5507140159606934,2.634999990463257,490025200,-0.02923925978902764,0.3115208630466573,1264090082.439518
2005-12-30,2.1605961322784424,2.567500114440918,2.5867860317230225,2.5121428966522217,2.5325000286102295,624262800,0.006139509471594584,0.2493113013781172,1595288820.0899124
2006-01-03,2.2465500831604004,2.669642925262451,2.669642925262451,2.580357074737549,2.5850000381469727,807234400,0.03901157235674668,0.27973264893944383,2131002734.99616
2006-01-04,2.253161668777466,2.677500009536743,2.713571071624756,2.6607139110565186,2.683213949203491,619603600,0.002938672848208035,0.27592576045512796,1662971655.8680854
2006-01-05,2.2354304790496826,2.6564290523529053,2.674999952316284,2.6339290142059326,2.672499895095825,449422400,-0.007900598394623093,0.2574672794811942,1193270105.9007008
2006-01-06,2.2931342124938965,2.7249999046325684,2.739285945892334,2.6624999046325684,2.6875,704457600,0.025485715965224198,0.27174666543043974,1908325329.5974731
2006-01-09,2.2856197357177734,2.7160708904266357,2.757143020629883,2.7049999237060547,2.740356922149658,675040800,-0.0032823268547100826,0.27226043849368153,1840209336.5297318
2006-01-10,2.430180549621582,2.887856960296631,2.924643039703369,2.708214044570923,2.7232139110565186,2279869200,0.06132834814271204,0.34254991154477454,6475371170.741558
2006-01-11,2.5215470790863037,2.996428966522217,3.0285708904266357,2.9496428966522217,2.994286060333252,1493794400,0.03690707857559239,0.3607162991600706,4468757029.109955
2006-01-12,2.533267021179199,3.010356903076172,3.085714101791382,2.98642897605896,3.0346429347991943,1280809600,0.0046371490075487465,0.360331393533421,3877651055.856832
2006-01-13,2.572338104248047,3.056786060333252,3.0717859268188477,3.0214290618896484,3.0353569984436035,776305600,0.015305471077511457,0.3194286539364145,2367732351.4589944
2006-01-17,2.5458898544311523,3.0253570079803467,3.0850000381469727,2.995357036590576,3.06071400642395,835623600,-0.01033501651240265,0.32553349954427846,2536316527.457142
2006-01-18,2.4791696071624756,2.946070909500122,3.00178599357605,2.9232139587402344,2.9671430587768555,1200637200,-0.026556568711096684,0.33809222134365813,3550312560.1776123
2006-01-19,2.3754825592041016,2.822856903076172,2.916429042816162,2.812143087387085,2.9017860889434814,1695848000,-0.04272306861472819,0.3800799274965651,4833974607.742946
2006-01-20,2.286823034286499,2.7174999713897705,2.8585710525512695,2.708214044570923,2.8314290046691895,1134758800,-0.03803706659779693,0.407571152806838,3133555127.7341843
2006-01-23,2.334308624267578,2.7739291191101074,2.8414289951324463,2.7142860889434814,2.7178568840026855,1059730000,0.020552221813342042,0.4083418476775308,2942391283.814112
2006-01-24,2.2853198051452637,2.7157139778137207,2.8364291191101074,2.706070899963379,2.812856912612915,1142254400,-0.021209781845122122,0.41622930075649517,3144327091.3619995
2006-01-25,2.23002028465271,2.6500000953674316,2.767857074737549,2.6160709857940674,2.7639288902282715,1275786400,-0.024495291353495596,0.4244271361573376,3416525426.6243615
2006-01-26,2.1738193035125732,2.583214044570923,2.6939289569854736,2.5689289569854736,2.6617860794067383,1181387200,-0.025525013502407767,0.4315271607158049,3089749660.7000985
2006-01-27,2.1648032665252686,2.572499990463257,2.628571033477783,2.539285898208618,2.6053569316864014,953864800,-0.004156180824775757,0.43077834206832366,2461084669.1583
2006-01-30,2.254063129425049,2.6785709857940674,2.7357139587402344,2.5310709476470947,2.541785955429077,1398401200,0.04040493559580416,0.44064576275238926,3703598404.6845117
2006-01-31,2.2693917751312256,2.6967859268188477,2.726428985595703,2.6339290142059326,2.6964290142059326,913542000,0.006777432163926345,0.4407190496882007,2453513125.67091
2006-02-01,2.266685962677002,2.693571090698242,2.7307140827178955,2.6657140254974365,2.676785945892334,521186400,-0.0011930186965717349,0.42017329895635275,1405465852.8282166
2006-02-02,2.16690731048584,2.575000047683716,2.6914288997650146,2.573214054107666,2.682142972946167,707322000,-0.045017887979304394,0.448399783009746,1848383989.0489578
2006-02-03,2.159393548965454,2.566071033477783,2.5996429920196533,2.5371429920196533,2.5799999237060547,692123600,-0.0034735305376140113,0.4479210755991193,1777109709.7497303
2006-02-06,2.0226457118988037,2.4035708904266357,2.5896430015563965,2.383570909500122,2.572143077850342,1651767600,-0.06542100511295057,0.4870378973067687,4061578042.4207683
2006-02-07,2.0316638946533203,2.414285898208618,2.481429100036621,2.3814289569854736,2.438214063644409,1388830800,0.0044486970669948,0.4883692362440684,3368907220.352745
2006-02-08,2.068027973175049,2.4574999809265137,2.4671430587768555,2.357142925262451,2.446070909500122,953114400,0.01774037337451062,0.43291299524245264,2313458353.642273
2006-02-09,1.9520190954208374,2.319643020629883,2.4725000858306885,2.304642915725708,2.4678568840026855,1149764000,-0.05773121280185345,0.43285130810468603,2719876361.3376617
2006-02-10,2.0229480266571045,2.4039289951324463,2.416785955429077,2.246428966522217,2.32785701751709,1760477600,0.03569159619995743,0.46103147491804924,4147182854.0007277
2006-02-13,1.9448057413101196,2.3110709190368652,2.3839290142059326,2.3085711002349854,2.379642963409424,883498000,-0.03939377048381698,0.46017703674530547,2062547000.3118515
2006-02-14,2.0328657627105713,2.4157140254974365,2.432142972946167,2.3214290142059326,2.325000047683716,1160938800,0.04428440715329607,0.5024872457401707,2774367433.4607124
2006-02-15,2.0803511142730713,2.4721429347991943,2.48642897605896,2.3839290142059326,2.398571014404297,1159771200,0.02309018110358052,0.5126881865149321,2838540369.6208954
2006-02-16,2.1209239959716797,2.5203568935394287,2.5360710620880127,2.481429100036621,2.496786117553711,948175200,0.019315156480338436,0.5058029388234758,2382403040.4418945
2006-02-17,2.1125078201293945,2.510356903076172,2.5317859649658203,2.4860711097717285,2.510714054107666,575999200,-0.003976058807851235,0.49187353312887383,1445415076.216507
2006-02-21,2.076143741607666,2.4671430587768555,2.5285708904266357,2.45285701751709,2.521070957183838,779606800,-0.01736357947664713,0.4855127749112095,1935652191.979313
2006-02-22,2.143465518951416,2.54714298248291,2.559643030166626,2.4285709857940674,2.4642860889434814,978238800,0.03191171799430881,0.4989516950216434,2457126195.909691
2006-02-23,2.1563875675201416,2.5625,2.607142925262451,2.5510709285736084,2.5639290809631348,856917600,0.00601047859566517,0.49368471360948357,2205338528.638649
2006-02-24,2.147672414779663,2.552143096923828,2.6032140254974365,2.5428569316864014,2.5764288902282715,534744000,-0.0040497412616544715,0.4861481228315682,1372191258.7165833
2006-02-27,2.1335465908050537,2.5353569984436035,2.575714111328125,2.523214101791382,2.571070909500122,791240800,-0.006598996789138445,0.4864463283931741,2013519312.7417884
2006-02-28,2.0584113597869873,2.446070909500122,2.585714101791382,2.432142972946167,2.556428909301758,1266980400,-0.035851160424997364,0.47664849338739446,3152216821.013546
2006-03-01,2.0767440795898438,2.4678568840026855,2.481786012649536,2.429286003112793,2.458570957183838,763817600,0.008866820211283821,0.4773279099059539,1878718587.5963848
2006-03-02,2.092071533203125,2.4860711097717285,2.499643087387085,2.452500104904175,2.4639289379119873,625273600,0.007353418382267662,0.478972421976899,1550306344.7408042
2006-03-03,2.0352697372436523,2.4185709953308105,2.496786117553711,2.4117860794067383,2.4785709381103516,737668400,-0.02752638018503417,0.4636812941339543,1801667331.7427952
2006-03-06,1.967947006225586,2.338571071624756,2.4185709953308105,2.3192861080169678,2.4175000190734863,912665600,-0.03363748858819138,0.47555208818393346,2152804188.7227373
2006-03-07,1.992892861366272,2.3682138919830322,2.3892860412597656,2.3242859840393066,2.3485710620880127,872877600,0.01259641178106885,0.4236904141208361,2060510765.0636675
2006-03-08,1.973358154296875,2.3450000286102295,2.4000000953674316,2.3339290618896484,2.367500066757202,653251200,-0.009850543977987347,0.42437130933913064,1541439661.794281
2006-03-09,1.9213637113571167,2.2832140922546387,2.373929023742676,2.2789289951324463,2.356429100036621,799304800,-0.026701538087918752,0.42688890352794967,1848011910.5240502
2006-03-10,1.8991246223449707,2.2567861080169678,2.3032140731811523,2.2303569316864014,2.2874999046325684,1043142800,-0.011642145327375397,0.3806324280420932,2361104043.9114256
2006-03-13,1.97395920753479,2.3457140922546387,2.367142915725708,2.3139290809631348,2.323214054107666,861187600,0.03864822099738574,0.38437910218809307,2017127015.883541
2006-03-14,2.023249387741089,2.4042859077453613,2.4042859077453613,2.3392860889434814,2.348928928375244,642020400,0.024663550860257177,0.3677658615267576,1529690196.9826698
2006-03-15,1.9904876947402954,2.365356922149658,2.430000066757202,2.3399999141693115,2.4182140827178955,891996000,-0.016325145337231728,0.3385340074075103,2121569938.7054443
2006-03-16,1.932785153388977,2.296786069869995,2.3892860412597656,2.296428918838501,2.387500047683716,749638400,-0.02941763411651488,0.34008936352824315,1744783633.36792
2006-03-17,1.9433039426803589,2.309286117553711,2.3407139778137207,2.2896430492401123,2.3125,812042000,0.005427540416489185,0.33154525540907276,1878427232.8111331
2006-03-20,1.9231669902801514,2.2853569984436035,2.3378570079803467,2.2810709476470947,2.3292860984802246,605441200,-0.01041628648915427,0.33219616362343013,1393379522.5782394
2006-03-21,1.857649326324463,2.2074999809265137,2.2978570461273193,2.192500114440918,2.2074999809265137,1345366400,-0.034661415854437716,0.3456271770245736,3003690650.0556946
2006-03-22,1.853441834449768,2.202500104904175,2.2589290142059326,2.188214063644409,2.2200000286102295,1345895600,-0.002267523752560896,0.3180671443824414,2983241833.7464333
2006-03-23,1.8080594539642334,2.148571014404297,2.210714101791382,2.1289288997650146,2.2078568935394287,1427826400,-0.024790216389523723,0.31971116031224034,3088014420.2795663
2006-03-24,1.802049994468689,2.1414289474487305,2.176429033279419,2.1082139015197754,2.1517860889434814,1071980000,-0.0033292425795109493,0.31985598619463335,2296206845.444043
2006-03-27,1.788523554801941,2.125356912612915,2.192142963409424,2.121428966522217,2.1553568840026855,1108072000,-0.007534452905715083,0.31979224197357037,2378265586.8053436
2006-03-28,1.7644816637039185,2.0967860221862793,2.1478569507598877,2.080357074737549,2.129642963409424,1370322800,-0.013533477474833688,0.30500241374399056,2889097258.447361
2006-03-29,1.873276710510254,2.2260708808898926,2.2328569889068604,2.059643030166626,2.111785888671875,2346834000,0.05983217677537511,0.38131398092755614,5099334606.481552
2006-03-30,1.8859001398086548,2.2410709857940674,2.260714054107666,2.197499990463257,2.2435710430145264,1390650800,0.00671608559541792,0.3810568322098822,3105455362.3016996
2006-03-31,1.8849990367889404,2.240000009536743,2.2717859745025635,2.2228569984436035,2.2589290142059326,815357200,-0.0004779247572879175,0.3724716360338934,1830379881.732305
2006-04-03,1.8828948736190796,2.237499952316284,2.2899999618530273,2.2360711097717285,2.2739291191101074,815791200,-0.0011168909946133176,0.3563296209466675,1839220573.9686964
2006-04-04,1.8384140729904175,2.184643030166626,2.2221429347991943,2.180356979370117,2.2178568840026855,931924000,-0.02390713581397874,0.359585273913747,2046238867.085775
2006-04-05,2.019942045211792,2.4003570079803467,2.4003570079803467,2.2910709381103516,2.3110709190368652,2233408800,0.09416553740836964,0.49352132641284346,5279618308.043289
2006-04-06,2.1410603523254395,2.544286012649536,2.573214054107666,2.43571400642395,2.43928599357605,2663768800,0.05823237754680011,0.5198701528083617,6706671995.953623
2006-04-07,2.0974819660186768,2.492500066757202,2.5432140827178955,2.445357084274292,2.5332140922546387,1545238800,-0.020563636582543676,0.5244541316459862,3853347178.651142
2006-04-10,2.063821315765381,2.452500104904175,2.5332140922546387,2.444643020629883,2.510356903076172,903515200,-0.016178289423916303,0.5142943748075449,2237813562.567266
2006-04-11,2.043384075164795,2.4282140731811523,2.4749999046325684,2.3953568935394287,2.4639289379119873,939316000,-0.009951978210772428,0.5091846009618246,2285221465.531985
2006-04-12,2.0049142837524414,2.382499933242798,2.434643030166626,2.367856979370117,2.428929090499878,739894400,-0.01900598524288244,0.5103834977333125,1772047073.8876343
2006-04-13,1.997702717781067,2.373929023742676,2.4085710048675537,2.3503570556640625,2.369286060333252,734678000,-0.0036034293423261587,0.49909539401801717,1746784392.320156
2006-04-17,1.9478124380111694,2.314642906188965,2.3871428966522217,2.2982139587402344,2.375356912612915,721938000,-0.025290963060493277,0.5074136282212166,1684521942.6255226
2006-04-18,1.990188479423523,2.365000009536743,2.373929023742676,2.3139290809631348,2.322856903076172,794844400,0.021522431333346526,0.5110793527601376,1868641592.0334182
2006-04-19,1.9730576276779175,2.3446431159973145,2.392857074737549,2.3382139205932617,2.3864290714263916,1086033200,-0.008644912766635482,0.49543575293442116,2561486812.8702803
2006-04-20,2.032564401626587,2.4153571128845215,2.5,2.364285945892334,2.4825000762939453,1666982800,0.029713813092082098,0.5034315598240281,4045013256.373469
2006-04-21,2.014833450317383,2.3942859172821045,2.4514288902282715,2.373929023742676,2.435357093811035,788986800,-0.008761710801779676,0.494613191320986,1898734561.186695
2006-04-24,1.9760628938674927,2.3482139110565186,2.390000104904175,2.3392860889434814,2.387500047683716,707028000,-0.019430109353742786,0.501291167586271,1667996914.7233963
2006-04-25,1.9886853694915771,2.3632140159606934,2.378213882446289,2.3414289951324463,2.3557140827178955,529062800,0.006367374386553104,0.49935155143978766,1249092033.3650906
2006-04-26,2.0481934547424316,2.433928966522217,2.438570976257324,2.371428966522217,2.380357027053833,710886400,0.029484360953607736,0.5010807606493191,1716536848.063151
2006-04-27,2.0845584869384766,2.4771430492401123,2.494999885559082,2.4053568840026855,2.418929100036621,845947200,0.0175989129234555,0.4654979865874684,2080325104.9053195
2006-04-28,2.1155142784118652,2.5139288902282715,2.546428918838501,2.4714291095733643,2.4778571128845215,760037600,0.014740864618682847,0.4666227596767575,1908147084.4515483
2006-05-01,2.091771364212036,2.4857139587402344,2.555000066757202,2.4700000286102295,2.5274999141693115,750380400,-0.011286690881345374,0.4699256905234786,1878630872.0689774
2006-05-02,2.1524810791015625,2.557857036590576,2.570713996887207,2.5039288997650146,2.505357027053833,771663200,0.028609917383983996,0.47610147691541715,1963239774.1619747
2006-05-03,2.1380550861358643,2.5407140254974365,2.569643020629883,2.5064289569854736,2.565356969833374,686991200,-0.006724589548791182,0.46578733376632125,1744221652.1405537
2006-05-04,2.1377549171447754,2.5403571128845215,2.6032140254974365,2.5164289474487305,2.5435709953308105,860420400,-0.00014040333473741562,0.34288612584930533,2196940112.616825
2006-05-05,2.1605961322784424,2.567500114440918,2.580357074737549,2.5410709381103516,2.5664288997650146,563911600,0.010627996583699839,0.2797139579723048,1445291920.848147
2006-05-08,2.1605961322784424,2.567500114440918,2.635714054107666,2.561429023742676,2.606786012649536,594851600,0.0,0.2690912063583467,1539603475.4545212
2006-05-09,2.134748935699463,2.5367860794067383,2.5914289951324463,2.5221428871154785,2.565000057220459,531666800,-0.012035125538914837,0.26602940968549044,1355813778.775819
2006-05-10,2.121825695037842,2.5214290618896484,2.547499895095825,2.4860711097717285,2.5460710525512695,459888800,-0.006072150257166453,0.2642226833803619,1158153304.9002964
2006-05-11,2.0481934547424316,2.433928966522217,2.5299999713897705,2.4124999046325684,2.5282139778137207,812688800,-0.03531873194886692,0.2856329436892531,1998247034.7776413
2006-05-12,2.034668207168579,2.4178569316864014,2.453213930130005,2.387856960296631,2.4232139587402344,641774000,-0.006625400598444964,0.28644585319434296,1552863714.702924
2006-05-15,2.0373733043670654,2.4210710525512695,2.442142963409424,2.3971428871154785,2.4060709476470947,529177600,0.0013286198525971349,0.2700975963434557,1280672747.0377603
2006-05-16,1.9529205560684204,2.320713996887207,2.4375,2.3125,2.432142972946167,936740000,-0.04233540912295142,0.3012425323400891,2207806876.481374
2006-05-17,1.9613360166549683,2.330713987350464,2.3464291095733643,2.2882139682769775,2.3110709190368652,754194000,0.0042999090102886495,0.30040161025622686,1751076835.4773521
2006-05-18,1.8988244533538818,2.2564289569854736,2.366429090499878,2.254286050796509,2.3457140922546387,658442400,-0.03239089624907787,0.29906491221879494,1509401088.4061813
2006-05-19,1.9387954473495483,2.303929090499878,2.317142963409424,2.2435710430145264,2.2592859268188477,985866000,0.020831890874777326,0.30972042151029155,2255872743.7973022
2006-05-22,1.9048340320587158,2.26357102394104,2.2853569984436035,2.241786003112793,2.2810709476470947,718975600,-0.017671994302398963,0.3085257138059651,1627452563.6368117
2006-05-23,1.8979222774505615,2.255357027053833,2.328213930130005,2.25,2.3164288997650146,694414000,-0.003635132865060342,0.3071124456789861,1581775780.8872857
2006-05-24,1.9036325216293335,2.2621428966522217,2.273214101791382,2.198570966720581,2.249643087387085,916031200,0.003004164756344241,0.2854432855877815,2056162704.8809686
2006-05-25,1.933386206626892,2.297499895095825,2.301785945892334,2.260356903076172,2.2950000762939453,463372000,0.01550906236990357,0.28356759114494523,1059522125.8675257
2006-05-26,1.9099435806274414,2.2696430683135986,2.3057138919830322,2.255000114440918,2.296786069869995,432950000,-0.012199274081853173,0.2766498222266618,985734365.1692073
2006-05-30,1.8399168252944946,2.186429023742676,2.260714054107666,2.186429023742676,2.260356903076172,563402000,-0.03735333572886079,0.29786729421537317,1245789263.0605698
2006-05-31,1.7963387966156006,2.134643077850342,2.2067859172821045,2.0960710048675537,2.205713987350464,1280977600,-0.023969775324095166,0.27460840223450117,2748764433.3333335
2006-06-01,1.8684691190719604,2.2203569412231445,2.2242860794067383,2.125714063644409,2.137500047683716,942508000,0.03936885105372823,0.3217683551572922,2064204704.9283981
2006-06-02,1.8531417846679688,2.2021429538726807,2.253571033477783,2.174285888671875,2.249643087387085,685787200,-0.008236982027904793,0.32089446142034833,1515589683.6592355
2006-06-05,1.8032511472702026,2.142857074737549,2.183928966522217,2.1417860984802246,2.183928966522217,605785600,-0.027291232031570245,0.3212515281813838,1306189284.938558
2006-06-06,1.7948360443115234,2.132857084274292,2.1653571128845215,2.103929042816162,2.1507139205932617,726037200,-0.004677551072991171,0.31999828097178623,1549398050.6501198
2006-06-07,1.7599735260009766,2.0914289951324463,2.1571431159973145,2.0839290618896484,2.1464290618896484,750506400,-0.01961491066002108,0.32189145521380375,1584194219.452858
2006-06-08,1.8260928392410278,2.1700000762939453,2.1760709285736084,2.0410709381103516,2.0871429443359375,1397482800,0.036879856946135825,0.35996196142100345,2975307002.1567345
2006-06-09,1.7804099321365356,2.1157140731811523,2.198570966720581,2.1107139587402344,2.184999942779541,775838000,-0.025334987095793293,0.35180681699228966,1661586124.3694623
2006-06-12,1.7130886316299438,2.0357139110565186,2.133213996887207,2.0342860221862793,2.121428966522217,717785600,-0.03854567814930976,0.36831832455715485,1484192544.2555745
2006-06-13,1.7530608177185059,2.083214044570923,2.1107139587402344,2.0485711097717285,2.057499885559082,1080643200,0.02306534025164997,0.38308424792023676,2248638072.519684
2006-06-14,1.7314215898513794,2.057499885559082,2.0992860794067383,2.0246429443359375,2.0814290046691895,878136000,-0.012420499531040075,0.3622373239339978,1809378418.8995361
2006-06-15,1.784617304801941,2.120713949203491,2.133570909500122,2.0267860889434814,2.046428918838501,1190383600,0.03026119786308279,0.38214461675505146,2492294615.5051866
2006-06-16,1.7299185991287231,2.0557138919830322,2.113929033279419,2.054286003112793,2.1057140827178955,838101600,-0.031129642300820493,0.3810171959707536,1738761597.7191927
2006-06-19,1.7190991640090942,2.0428569316864014,2.07785701751709,2.0357139110565186,2.065356969833374,704575200,-0.00627394310642182,0.36953680656890164,1445888796.9760895
2006-06-20,1.727213740348816,2.052500009536743,2.0839290618896484,2.0460710525512695,2.057499885559082,672974400,0.004709143691053352,0.3687517633834604,1386888103.811264
2006-06-21,1.7389358282089233,2.0664288997650146,2.0967860221862793,2.046428918838501,2.062143087387085,863296000,0.006763777683217453,0.37094774039089745,1786920229.7261558
2006-06-22,1.7906285524368286,2.127856969833374,2.1339290142059326,2.0739290714263916,2.078571081161499,965633200,0.029293371684091962,0.3882822678194366,2039325601.099173
2006-06-23,1.7680875062942505,2.1010708808898926,2.1489291191101074,2.0975000858306885,2.132857084274292,660203600,-0.012668247326912518,0.38351222712812183,1396880802.5552433
2006-06-26,1.7728965282440186,2.106786012649536,2.114285945892334,2.0846428871154785,2.1132140159606934,466536000,0.0027162081836703544,0.3831956826977157,980614327.0778657
2006-06-27,1.7260115146636963,2.0510709285736084,2.115000009536743,2.049999952316284,2.1103570461273193,550611600,-0.026801401745708775,0.37313415521391513,1140880246.2304115
2006-06-28,1.6836357116699219,2.000714063644409,2.046428918838501,1.978929042816162,2.0460710525512695,850704400,-0.024857694756422632,0.373769145907802,1708801995.5462775
2006-06-29,1.7722954750061035,2.1060709953308105,2.1103570461273193,2.0139288902282715,2.0271430015563965,873398400,0.05132001571715672,0.39274095605827647,1813861258.521271
2006-06-30,1.721203088760376,2.0453569889068604,2.0625,2.017857074737549,2.056786060333252,739695600,-0.029252068380047458,0.40310631999479124,1510387913.2452965
2006-07-03,1.741640329360962,2.069643020629883,2.07785701751709,2.0478570461273193,2.054286003112793,194770800,0.011803870650806014,0.3969143829223717,402224885.1965904
2006-07-05,1.7130886316299438,2.0357139110565186,2.057142972946167,2.0199999809265137,2.0410709381103516,518240800,-0.016529428577354843,0.4001253651295433,1055977277.3221334
2006-07-06,1.6761220693588257,1.991786003112793,2.049999952316284,1.986070990562439,2.038928985595703,633208800,-0.021815125439102023,0.4013932975969935,1272297354.447651
2006-07-07,1.6650017499923706,1.9785710573196411,2.0196430683135986,1.9524999856948853,1.9814289808273315,799360800,-0.006656658675635141,0.375053825058182,1585589197.5341797
2006-07-10,1.652980923652649,1.964285969734192,2.0174999237060547,1.9464290142059326,1.989285945892334,529345600,-0.00724589614604676,0.367611518845245,1046024825.7389705
2006-07-11,1.6725152730941772,1.9874999523162842,1.9996429681777954,1.9474999904632568,1.9682140350341797,825022800,0.011748366541148303,0.3482372266390298,1632071903.7993908
2006-07-12,1.5916699171066284,1.8914289474487305,1.9728569984436035,1.8899999856948853,1.9703569412231445,927329200,-0.049544917449694026,0.3741398168117715,1778705789.8366768
2006-07-13,1.5703309774398804,1.8660709857940674,1.9328570365905762,1.8360710144042969,1.858214020729065,1249906000,-0.013497316625615985,0.37443355095804887,2347739702.025573
2006-07-14,1.5228452682495117,1.809643030166626,1.888929009437561,1.791429042816162,1.875,993036800,-0.030705938730879734,0.36152260881037135,1817257702.294413
2006-07-17,1.5739375352859497,1.8703570365905762,1.8967859745025635,1.844642996788025,1.847499966621399,1024542400,0.03299999180755059,0.37740729685640023,1916504234.9336624
2006-07-18,1.5898667573928833,1.8892860412597656,1.9232139587402344,1.8517860174179077,1.8985710144042969,1000448400,0.010069748464071493,0.3807828438628135,1888941961.0893726
2006-07-19,1.6259316205978394,1.932142972946167,1.9671430587768555,1.8700000047683716,1.8914289474487305,1390743200,0.022430744149611104,0.3906441814701367,2674531774.701786
2006-07-20,1.8182783126831055,2.1607139110565186,2.1996428966522217,2.132857084274292,2.177143096923828,1972146400,0.11180911483459227,0.5573050816870311,4268522800.501442
2006-07-21,1.8248893022537231,2.1685709953308105,2.183928966522217,2.130000114440918,2.1364290714263916,891892400,0.003629257572396405,0.5486079191896635,1927230850.3486633
2006-07-24,1.8459275960922241,2.193571090698242,2.2178568840026855,2.1582140922546387,2.187856912612915,722856400,0.011462584364115402,0.5474129795872136,1582969271.2693534
2006-07-25,1.8612560033798218,2.2117860317230225,2.2174999713897705,2.1707139015197754,2.2064290046691895,589069600,0.00826961720722219,0.5478218540591787,1295953101.2739816
2006-07-26,1.9195599555969238,2.2810709476470947,2.3085711002349854,2.20285701751709,2.2142860889434814,898427600,0.03084443951163207,0.5453615302437893,2034189544.4429398
2006-07-27,1.9054356813430786,2.2642860412597656,2.322143077850342,2.244999885559082,2.3035709857940674,735044800,-0.007385283431460832,0.5364593753957565,1673802122.1504211
2006-07-28,1.9712541103363037,2.3424999713897705,2.3457140922546387,2.267857074737549,2.2835710048675537,691507600,0.033959257888040106,0.5212018885583511,1603392019.4439254
2006-07-31,2.042482614517212,2.427143096923828,2.45107102394104,2.367142915725708,2.3867859840393066,892841600,0.035496091416510334,0.5151935060526125,2156318723.040263
2006-08-01,2.019040584564209,2.3992860317230225,2.4260709285736084,2.3550000190734863,2.4007139205932617,711765600,-0.01154359540327643,0.5196527719762736,1703577031.211853
2006-08-02,2.0484941005706787,2.434286117553711,2.45285701751709,2.4110710620880127,2.4160709381103516,550768400,0.014482497674773498,0.5126969601825089,1339875252.0754814
2006-08-03,2.09147047996521,2.4853570461273193,2.5,2.421786069869995,2.4253571033477783,841044400,0.020762459388807275,0.5015563297679885,2076578745.902697
2006-08-04,2.052701234817505,2.43928599357605,2.450356960296631,2.319999933242798,2.3946430683135986,1852866400,-0.018710796213298964,0.5086084060111618,4452835020.511755
2006-08-07,2.019942045211792,2.4003570079803467,2.4857139587402344,2.3682138919830322,2.4185709953308105,1245512800,-0.016087780786200434,0.5133857355037887,3011768215.4538474
2006-08-08,1.9469096660614014,2.313570976257324,2.3967859745025635,2.303929090499878,2.396070957183838,997864000,-0.03682549167451965,0.5382350414405688,2333101175.4252114
2006-08-09,1.9111446142196655,2.271070957183838,2.3428568840026855,2.2642860412597656,2.3367860317230225,955838800,-0.018540991811938135,0.5065166469369621,2191487901.1802673
2006-08-10,1.925571322441101,2.2882139682769775,2.314642906188965,2.239285945892334,2.2589290142059326,697760000,0.007520377558677405,0.4998538587450376,1591391191.444397
2006-08-11,1.9129490852355957,2.273214101791382,2.2903571128845215,2.234999895095825,2.258213996887207,777529200,-0.006576639621442726,0.48161377655330523,1762029185.3746414
2006-08-14,1.9216639995574951,2.2835710048675537,2.3292860984802246,2.2714290618896484,2.2874999046325684,717620400,0.004545402174277791,0.47556015350512837,1646768063.870716
2006-08-15,1.9971003532409668,2.37321400642395,2.375,2.31428599357605,2.333570957183838,861352800,0.03850482803219368,0.48569513475363923,2027768049.9999998
2006-08-16,2.043083906173706,2.427856922149658,2.4310710430145264,2.368928909301758,2.3964290618896484,781284000,0.02276407990269269,0.4857918623310004,1882336310.1034164
2006-08-17,2.031362533569336,2.413928985595703,2.4521429538726807,2.3992860317230225,2.4285709857940674,581148400,-0.0057536183691117015,0.32251688237115894,1407417053.4617105
2006-08-18,2.0409798622131348,2.4253571033477783,2.442857027053833,2.4021430015563965,2.4182140827178955,536354000,0.004723250448313898,0.32245738603497975,1299828376.384735
2006-08-21,2.0004067420959473,2.377142906188965,2.4039289951324463,2.362499952316284,2.4035708904266357,526226400,-0.020079486220634046,0.3335030149344007,1253045366.5603638
2006-08-22,2.032264471054077,2.4149999618530273,2.440000057220459,2.375,2.3814289569854736,576968000,0.015800143394021582,0.3357228173415765,1390492883.6682637
2006-08-23,2.0229480266571045,2.4039289951324463,2.4517860412597656,2.390713930130005,2.4285709857940674,536258800,-0.0045948076916593195,0.3226797193483899,1295320433.9574814
2006-08-24,2.0379741191864014,2.421786069869995,2.435357093811035,2.366786003112793,2.424643039703369,655191600,0.007400368963251802,0.3209516476703365,1577685903.026104
2006-08-25,2.066225528717041,2.455357074737549,2.4660708904266357,2.4039289951324463,2.4049999713897705,543958800,0.013767291155383665,0.3038444042663911,1328230793.898201
2006-08-28,2.0130302906036377,2.3921430110931396,2.450356960296631,2.3814289569854736,2.4464290142059326,738161200,-0.02608233271427285,0.2937334360280654,1777474682.1613946
2006-08-29,1.9980028867721558,2.374285936355591,2.4021430015563965,2.325714111328125,2.3924999237060547,947332400,-0.007493068981328843,0.2921841163191085,2242696739.9933176
2006-08-30,2.0124287605285645,2.3914289474487305,2.42214298248291,2.3814289569854736,2.4049999713897705,680142400,0.00719420613268984,0.2885329776329921,1631208390.4099784
2006-08-31,2.0391759872436523,2.4232139587402344,2.43928599357605,2.380713939666748,2.4028570652008057,574697200,0.013203467244652156,0.2825085451928782,1387551580.907917
2006-09-01,2.0551061630249023,2.442142963409424,2.4517860412597656,2.42214298248291,2.445713996887207,408494800,0.007781709019622496,0.2767055650996455,996192454.3924332
2006-09-05,2.1482720375061035,2.552856922149658,2.5535709857940674,2.448214054107666,2.4632139205932617,1012457600,0.044336308058048335,0.30932746778283843,2549584889.919281
2006-09-06,2.1046948432922363,2.501070976257324,2.560357093811035,2.489285945892334,2.5385708808898926,974103200,-0.020493326442839188,0.2871454907829733,2451724895.077388
2006-09-07,2.1879451274871826,2.5999999046325684,2.624285936355591,2.5089290142059326,2.5214290618896484,1267957600,0.0387923163318743,0.2989678068297926,3268462849.3587494
2006-09-08,2.179529905319214,2.5899999141693115,2.627500057220459,2.568213939666748,2.620357036590576,895921600,-0.003853591614702001,0.30118631893215053,2325129754.7786713
2006-09-11,2.178929328918457,2.5892860889434814,2.633213996887207,2.5507140159606934,2.5867860317230225,949124400,-0.000275591153791388,0.2985977066112831,2459249056.811428
2006-09-12,2.1828365325927734,2.5939290523529053,2.62321400642395,2.551785945892334,2.6003570556640625,1684687200,0.0017915701316666421,0.29897768999531793,4362738417.291641
2006-09-13,2.23002028465271,2.6500000953674316,2.6542859077453613,2.5821430683135986,2.601785898208618,1146138000,0.02138548892402936,0.2811285375374364,3012978681.022167
2006-09-14,2.2291195392608643,2.6489291191101074,2.666785955429077,2.6235709190368652,2.632857084274292,801729600,-0.0004039996230962295,0.2745688682634783,2121720194.638443
2006-09-15,2.227015495300293,2.6464290618896484,2.677856922149658,2.617500066757202,2.664285898208618,981853600,-0.000944335887764991,0.2728360978730665,2599223741.4681115
2006-09-18,2.2207043170928955,2.6389288902282715,2.6735711097717285,2.617856979370117,2.635714054107666,705278000,-0.0028379406569698507,0.2740437426720978,1864368769.8987324
2006-09-19,2.217097520828247,2.634643077850342,2.6557140350341797,2.5999999046325684,2.6464290618896484,710049200,-0.001625488108994988,0.26053068164530674,1867513896.0007985
2006-09-20,2.2618775367736816,2.687856912612915,2.70285701751709,2.6507139205932617,2.6564290523529053,822791200,0.01999631946034275,0.26308551664554114,2205472023.670006
2006-09-21,2.2435450553894043,2.6660709381103516,2.7164289951324463,2.643570899963379,2.6875,794124800,-0.008138008004735187,0.26505173276340716,2124567298.4018962
2006-09-22,2.193955183029175,2.607142925262451,2.6549999713897705,2.5921430587768555,2.6535708904266357,665112000,-0.022351294282395795,0.28138834813876074,1741326613.4624481
2006-09-25,2.2766048908233643,2.705357074737549,2.7092859745025635,2.632857084274292,2.636070966720581,858992400,0.03697931562438295,0.30253087071294527,2304247151.229286
2006-09-26,2.332505941390991,2.7717859745025635,2.7778570652008057,2.7178568840026855,2.7207140922546387,1102948000,0.024257950748017953,0.2874388152432746,3039540835.283915
2006-09-27,2.2964398860931396,2.728929042816162,2.7667860984802246,2.7078568935394287,2.756071090698242,810373200,-0.015583152829924729,0.29399598494601703,2215984973.7668037
2006-09-28,2.3144729137420654,2.750356912612915,2.7671430110931396,2.7125000953674316,2.750714063644409,723609600,0.007821930439353975,0.29401029096273895,1985102340.600586
2006-09-29,2.3135719299316406,2.749285936355591,2.768570899963379,2.7385709285736084,2.7539288997650146,405812400,-0.00038935829372477304,0.2941530384610735,1116853588.899231
2006-10-02,2.2498555183410645,2.6735711097717285,2.7096428871154785,2.6535708904266357,2.682142972946167,712639200,-0.027926620188089446,0.31696461034843354,1909109317.555809
2006-10-03,2.2264139652252197,2.645714044570923,2.676785945892334,2.613929033279419,2.6589291095733643,790708800,-0.010473796315069395,0.2853785336631902,2091801423.2162476
2006-10-04,2.2654850482940674,2.692142963409424,2.694999933242798,2.6128571033477783,2.6464290618896484,829082800,0.017396681596691388,0.2781228877952863,2210887466.6666665
2006-10-05,2.248955011367798,2.672499895095825,2.7200000286102295,2.6475000381469727,2.6617860794067383,683883200,-0.007323216426642021,0.24900782061164436,1832806967.3039753
2006-10-06,2.230620861053467,2.6507139205932617,2.680000066757202,2.636070966720581,2.6578569412231445,466958800,-0.008185709188086254,0.25059999255033216,1240053447.3370233
2006-10-09,2.2429440021514893,2.6653571128845215,2.681428909301758,2.626070976257324,2.635714054107666,438222400,0.005509329872214974,0.25098180966424616,1164628176.2382507
2006-10-10,2.218299388885498,2.636070966720581,2.6635708808898926,2.609999895095825,2.6621429920196533,531588400,-0.01104842834073605,0.25466462486276736,1401557932.8594842
2006-10-11,2.200869083404541,2.615356922149658,2.6421430110931396,2.5928568840026855,2.622143030166626,571855200,-0.00788854101375891,0.244806505188673,1496422455.9324265
2006-10-12,2.2618775367736816,2.687856912612915,2.692500114440918,2.628571033477783,2.6289288997650146,592855200,0.02734291660250132,0.26329331552577007,1582711549.0373611
2006-10-13,2.2546651363372803,2.679286003112793,2.745713949203491,2.669286012649536,2.70107102394104,684196800,-0.003193773241639941,0.26358834664749264,1846028185.1715088
2006-10-16,2.266085624694824,2.692857027053833,2.7100000381469727,2.6710710525512695,2.685357093811035,508692800,0.005052484976957872,0.26369885722116876,1369049700.4060109
2006-10-17,2.232724905014038,2.6532139778137207,2.688214063644409,2.6442859172821045,2.680000066757202,480925200,-0.014831178584185034,0.2692620972008252,1280177027.583313
2006-10-18,2.2399392127990723,2.6617860794067383,2.691786050796509,2.6396429538726807,2.669642925262451,1133907600,0.0032259583333312802,0.2599351685118577,3021189110.756111
2006-10-19,2.373979091644287,2.821070909500122,2.8553569316864014,2.791429042816162,2.830713987350464,1512977200,0.058118760566733374,0.3276278164305264,4270558132.7863693
2006-10-20,2.402832269668579,2.8553569316864014,2.856786012649536,2.809643030166626,2.820357084274292,639413600,0.012080665008372349,0.3157302483181576,1816315282.7953975
2006-10-23,2.4482147693634033,2.9092860221862793,2.924999952316284,2.8482139110565186,2.856786012649536,832507200,0.018710939454327336,0.29790903124993917,2409414556.2423706
2006-10-24,2.435891628265381,2.8946430683135986,2.9171431064605713,2.864285945892334,2.9003570079803467,463212400,-0.0050462321026301105,0.28947979015200104,1339621396.529007
2006-10-25,2.4548258781433105,2.9171431064605713,2.9285709857940674,2.893213987350464,2.9053568840026855,485214800,0.007742972049024077,0.28262481428040404,1413419080.1199913
2006-10-26,2.470154285430908,2.935357093811035,2.950000047683716,2.8975000381469727,2.924999952316284,432756800,0.0062247790950323845,0.28235920458059777,1266947055.972926
2006-10-27,2.4166579246520996,2.871786117553711,2.944643020629883,2.8575000762939453,2.919642925262451,594966400,-0.02189504961972477,0.2953604267087377,1720232146.1975098
2006-10-30,2.416957139968872,2.872143030166626,2.8892860412597656,2.8392860889434814,2.856786012649536,499917600,0.00012380601812700398,0.2745448129724088,1433216293.7519073
2006-10-31,2.436793565750122,2.895714044570923,2.9171431064605713,2.865356922149658,2.9089291095733643,501474400,0.008173693880013655,0.2700593191038424,1450634065.1400247
2006-11-01,2.379089117050171,2.8271429538726807,2.9064290523529053,2.7985711097717285,2.8964290618896484,611192400,-0.023965372207344737,0.2828129877632038,1738260342.7366257
2006-11-02,2.3736789226531982,2.820713996887207,2.8328568935394287,2.8035709857940674,2.818571090698242,465483200,-0.0022766508647562578,0.28115048449834723,1312219154.465739
2006-11-03,2.3529422283172607,2.7960710525512695,2.8403570652008057,2.7782139778137207,2.8342859745025635,431888800,-0.008774482540176431,0.28144491173532843,1211396559.0277991
2006-11-06,2.395618200302124,2.8467860221862793,2.859286069869995,2.8010709285736084,2.819643020629883,434576800,0.017974761674616757,0.2862924145643684,1232335663.6825562
2006-11-07,2.4196622371673584,2.875356912612915,2.892857074737549,2.861785888671875,2.87321400642395,525932400,0.009986640242078404,0.28223716125702875,1512932182.265377
2006-11-08,2.4779675006866455,2.944643020629883,2.953213930130005,2.8532140254974365,2.8578569889068604,690916800,0.023810708973234118,0.28620601664306716,2015420651.8295288
2006-11-09,2.504716157913208,2.976428985595703,3.0246429443359375,2.932857036590576,2.960714101791382,923053600,0.010736749920067234,0.2761407680440379,2748831764.897537
2006-11-10,2.4981038570404053,2.9685709476470947,2.9857139587402344,2.9464290142059326,2.983928918838501,373864400,-0.0026434309863040406,0.27593901449844105,1109220023.1647491
2006-11-13,2.5350699424743652,3.012500047683716,3.016071081161499,2.9514288902282715,2.9721429347991943,450674000,0.01468924046605169,0.27791361564904,1349017509.5319748
2006-11-14,2.5546059608459473,3.0357139110565186,3.0357139110565186,2.996428966522217,3.0285708904266357,588954800,0.007676761619032968,0.2677811748160608,1780185927.1264393
2006-11-15,2.5260539054870605,3.00178599357605,3.067857027053833,3.0,3.0374999046325684,655323200,-0.011239625044473733,0.2747548470633235,1981182495.7122803
2006-11-16,2.5729382038116455,3.057499885559082,3.0821430683135986,3.0221428871154785,3.0310709476470947,693940800,0.018390151880565697,0.20546155352749768,2119245665.3079987
2006-11-17,2.580151319503784,3.066071033477783,3.0692861080169678,3.0357139110565186,3.0407140254974365,466424000,0.002799532346758893,0.20337458413436063,1425869214.8717244
2006-11-20,2.598785161972046,3.0882139205932617,3.107142925262451,3.0428569316864014,3.049999952316284,570794000,0.00719604225484094,0.1963464447925151,1757705664.9794579
2006-11-21,2.6628005504608154,3.164285898208618,3.164285898208618,3.1110711097717285,3.122143030166626,622666800,0.02433431702801858,0.20721713890157237,1959250747.1797943
2006-11-22,2.7141940593719482,3.2253570556640625,3.2410709857940674,3.137500047683716,3.1782140731811523,671941200,0.019116654474236827,0.2131437811143389,2151091654.9772263
2006-11-24,2.7538645267486572,3.2725000381469727,3.3242859840393066,3.1964290142059326,3.197499990463257,518677600,0.014510145706054245,0.21564581469913888,1693173757.1199417
2006-11-27,2.6910512447357178,3.197856903076172,3.3271429538726807,3.1964290142059326,3.303929090499878,1074836000,-0.023073293075339563,0.21755745895745937,3482980574.0521746
2006-11-28,2.759274959564209,3.2789289951324463,3.2846429347991943,3.211071014404297,3.2271430492401123,1036173600,0.02503603483650607,0.22685230154271704,3376075656.1157227
2006-11-29,2.758974075317383,3.2785708904266357,3.3267860412597656,3.2232139110565186,3.3214290142059326,1157083200,-0.00010905062284161104,0.2279462024988207,3790824734.049225
2006-11-30,2.7547662258148193,3.273571014404297,3.309999942779541,3.252142906188965,3.2932140827178955,870486400,-0.001526314294706843,0.20229703514497496,2853951717.452494
2006-12-01,2.7445483207702637,3.2614290714263916,3.297499895095825,3.2178568840026855,3.2785708904266357,795079600,-0.00371606923604606,0.20321757731035084,2591107661.107
2006-12-04,2.7385377883911133,3.254286050796509,3.2874999046325684,3.232142925262451,3.2814290523529053,709536800,-0.0021923911705912236,0.19788015491346425,2311654073.8111496
2006-12-05,2.7430455684661865,3.259643077850342,3.297499895095825,3.245357036590576,3.273214101791382,662838400,0.0016447003713180308,0.19512616862701324,2165824474.1071067
2006-12-06,2.6997671127319336,3.208214044570923,3.2639288902282715,3.202500104904175,3.237143039703369,638184400,-0.015903309709115465,0.209761441330151,2058068754.5024238
2006-12-07,2.6159162521362305,3.1085710525512695,3.232142925262451,3.1035709381103516,3.2153570652008057,1004827600,-0.03155109537330747,0.23475352773062275,3163292715.261396
2006-12-08,2.652582883834839,3.1521430015563965,3.192500114440918,3.107142925262451,3.115356922149658,784277200,0.013919419084789553,0.23637752911811896,2470940097.1460977
2006-12-11,2.6673083305358887,3.169642925262451,3.18928599357605,3.1446430683135986,3.174999952316284,499780400,0.005536009559484745,0.23566747291021417,1583233003.0558903
2006-12-12,2.5888671875,3.0764288902282715,3.1728570461273193,3.054642915725708,3.1646430492401123,1026620000,-0.029849447327812362,0.2578275602362356,3183866479.374568
2006-12-13,2.676325798034668,3.180356979370117,3.1810710430145264,3.112499952316284,3.141071081161499,857052000,0.033224482310200476,0.28027496381614037,2706549639.52446
2006-12-14,2.6612980365753174,3.1624999046325684,3.2142860889434814,3.1521430015563965,3.180356979370117,832330800,-0.005630895556547388,0.2775122528646897,2643740364.5539284
2006-12-15,2.636352777481079,3.132857084274292,3.186429023742676,3.118928909301758,3.179286003112793,739939200,-0.009417549150091964,0.27424352469871865,2327901756.4476013
2006-12-18,2.5687310695648193,3.052500009536743,3.142857074737549,3.021070957183838,3.129642963409424,721576800,-0.025984408570359996,0.2897916967844664,2216786884.5285416
2006-12-19,2.5939762592315674,3.0824999809265137,3.0957140922546387,2.98642897605896,3.026071071624756,911405600,0.00977990394438788,0.29076131738261624,2784235665.6928377
2006-12-20,2.547393321990967,3.0271430015563965,3.0953569412231445,3.0264289379119873,3.0882139205932617,567691600,-0.018121323997049354,0.28281427777403945,1731256691.521994
2006-12-21,2.4914917945861816,2.960714101791382,3.052856922149658,2.93571400642395,3.0250000953674316,903599200,-0.022188964299174496,0.27964624408920924,2695522264.669927
2006-12-22,2.470454216003418,2.93571400642395,3.0014290809631348,2.914285898208618,2.9807140827178955,613303600,-0.008479618518526078,0.2713709762177617,1809537754.0033975
2006-12-26,2.449716806411743,2.9110710620880127,2.9489290714263916,2.8889288902282715,2.933928966522217,490688800,-0.008429598196421306,0.26400442851103467,1431000494.6484885
2006-12-27,2.450016975402832,2.911428928375244,2.9285709857940674,2.741786003112793,2.7910709381103516,1935754800,0.00012252461249162572,0.24178563742043388,5537411093.983746
2006-12-28,2.4304819107055664,2.888214111328125,2.9017860889434814,2.8446431159973145,2.865000009536743,1119876800,-0.008005398415489307,0.24092662073856383,3223245575.3882093
2006-12-29,2.5497968196868896,3.0299999713897705,3.049999952316284,2.9771430492401123,2.99821400642395,1076429200,0.04792412258867662,0.3054719199880185,3249791054.884688
2007-01-03,2.518540382385254,2.992856979370117,3.0921430587768555,2.924999952316284,3.0817859172821045,1238319600,-0.012334157066369533,0.3068706136872102,3719086528.063488
2007-01-04,2.574442148208618,3.059286117553711,3.069643020629883,2.9935710430145264,3.00178599357605,847260400,0.021953348797864924,0.32004498062706493,2576377717.5073304
2007-01-05,2.55610728263855,3.0374999046325684,3.078571081161499,3.0142860412597656,3.063214063644409,834741600,-0.007147360675429759,0.31985176507159135,2540496277.7780533
2007-01-08,2.5687310695648193,3.052500009536743,3.0903570652008057,3.0457139015197754,3.069999933242798,797106800,0.004926521225038782,0.31781029567792063,2441424135.8191175
2007-01-09,2.7821147441864014,3.3060710430145264,3.320713996887207,3.0410709381103516,3.0875000953674316,3349298400,0.07979930814229574,0.4097139594324732,10793511519.52877
2007-01-10,2.9152565002441406,3.4642860889434814,3.492856979370117,3.3375000953674316,3.3839290142059326,2952880000,0.04674647128889964,0.4355818309650615,10132948635.056814
2007-01-11,2.8791921138763428,3.421428918838501,3.4564290046691895,3.3964290618896484,3.426429033279419,1440252800,-0.012448070373249909,0.4395835333983751,4932523532.907359
2007-01-12,2.8437273502349854,3.379286050796509,3.3949999809265137,3.3296430110931396,3.378213882446289,1312690400,-0.012394099847847118,0.42669613864722233,4421110218.928655
2007-01-16,2.9182627201080322,3.4678568840026855,3.4732139110565186,3.4089291095733643,3.4171431064605713,1244076400,0.025872841421947568,0.4212256857027096,4292063540.451876
2007-01-17,2.853644847869873,3.391071081161499,3.4857139587402344,3.3864290714263916,3.484286069869995,1646260000,-0.022391409173177168,0.4301157641983083,5631972954.305014
2007-01-18,2.676926374435425,3.1810710430145264,3.2896430492401123,3.180356979370117,3.289285898208618,2364605600,-0.0639278100341838,0.48815597482774986,7606992233.9873
2007-01-19,2.6597959995269775,3.1607139110565186,3.2017860412597656,3.1471428871154785,3.1653571128845215,1364473600,-0.00641983320197681,0.47926039392251046,4325218866.611227
2007-01-22,2.608402729034424,3.0996429920196533,3.184286117553711,3.058928966522217,3.1835711002349854,1454026000,-0.019511375160681577,0.48376372112156013,4528252852.317652
2007-01-23,2.575643539428711,3.06071400642395,3.125356912612915,3.053929090499878,3.061785936355591,1207424400,-0.012638631668715927,0.4815029901985045,3718867155.838299
2007-01-24,2.6056976318359375,3.0964291095733643,3.112499952316284,3.0742859840393066,3.0957140922546387,927813600,0.01160102316333067,0.47555063475778325,2871031057.112503
2007-01-25,2.5921733379364014,3.080357074737549,3.1607139110565186,3.072499990463257,3.1110711097717285,905973600,-0.00520379382150804,0.47475453249912963,2812616475.405121
2007-01-26,2.5660271644592285,3.049285888671875,3.120357036590576,3.0353569984436035,3.1110711097717285,986874000,-0.010137798015263488,0.4752822060380349,3028058364.9024963
2007-01-29,2.582857370376587,3.0692861080169678,3.0946431159973145,3.054642915725708,3.0821430683135986,901664400,0.00653744155435021,0.47542678680430994,2770686105.745125
2007-01-30,2.5711352825164795,3.055356979370117,3.0889289379119873,3.044642925262451,3.0867860317230225,577970400,-0.004548748460260432,0.47460125535409176,1770309626.232338
2007-01-31,2.5765457153320312,3.061785936355591,3.0714290142059326,3.012500047683716,3.0307140350341797,856069200,0.002102086283163107,0.4452961372083846,2609788307.325268
2007-02-01,2.5467915534973145,3.0264289379119873,3.081070899963379,3.0264289379119873,3.0796430110931396,664342000,-0.01161527918055938,0.4450415046059193,2022684170.2547073
2007-02-02,2.5470924377441406,3.0267860889434814,3.044642925262451,2.989285945892334,3.004286050796509,621530000,0.00011813549256067812,0.43817357212705144,1877168723.0499585
2007-02-05,2.5227484703063965,2.997857093811035,3.043929100036621,2.997857093811035,3.010714054107666,578852400,-0.009603518129149613,0.43872271964450044,1744206404.0683746
2007-02-06,2.529059410095215,3.005357027053833,3.0167860984802246,2.9592859745025635,3.016071081161499,864393600,0.0024984889454235937,0.4384136938015816,2587829944.3084717
2007-02-07,2.589168071746826,3.0767860412597656,3.0850000381469727,2.983928918838501,3.0171430110931396,1066825200,0.02348915734523538,0.3403243177196378,3252293077.3819923
2007-02-08,2.590069532394409,3.07785701751709,3.0896430015563965,3.0503571033477783,3.0510709285736084,679030800,0.0003481055420069268,0.2876282889562365,2086402965.3744698
2007-02-09,2.5026121139526367,2.973928928375244,3.078571081161499,2.9717860221862793,3.067142963409424,860540800,-0.034349689851425835,0.3034440534764419,2588588773.722585
2007-02-12,2.550999879837036,3.0314290523529053,3.0421431064605713,2.986785888671875,3.01535701751709,724071600,0.019150360071426564,0.31576595979623034,2186782649.3385315
2007-02-13,2.545588731765747,3.0250000953674316,3.0460710525512695,3.010714054107666,3.041429042816162,580986000,-0.0021234400171942225,0.2949656087558662,1758796685.7948303
2007-02-14,2.563622236251831,3.046428918838501,3.0585711002349854,3.0203568935394287,3.0225000381469727,507981600,0.0070592424103832485,0.2929825342133614,1545171135.0133896
2007-02-15,2.5609169006347656,3.0432140827178955,3.057857036590576,3.0278570652008057,3.051429033279419,363661200,-0.0010558357722025846,0.20089696031060914,1106612326.0974884
2007-02-16,2.549496650695801,3.0296430587768555,3.0503571033477783,3.023571014404297,3.044642925262451,399868000,-0.0044694108744079974,0.2004955451899374,1213408933.0720901
2007-02-20,2.5816547870635986,3.067857027053833,3.0771429538726807,3.005713939666748,3.023214101791382,617702400,0.012534635863390209,0.1960728662674729,1884139316.821289
2007-02-21,2.680833578109741,3.18571400642395,3.196070909500122,3.069999933242798,3.070713996887207,1155313600,0.03769719910363656,0.23107359136247682,3639925193.505478
2007-02-22,2.690150260925293,3.1967859268188477,3.2432138919830322,3.1617860794067383,3.242856979370117,838224800,0.0034692683647021827,0.22851558568596425,2682818354.722913
2007-02-23,2.676926374435425,3.1810710430145264,3.226428985595703,3.1732139587402344,3.184286117553711,517893600,-0.00492778998626342,0.22841409392942252,1653930152.4930954
2007-02-26,2.660094976425171,3.1610710620880127,3.2142860889434814,3.1289288997650146,3.208570957183838,615848800,-0.006307433568277676,0.2263068542456173,1951067719.7465897
2007-02-27,2.5224475860595703,2.997499942779541,3.109999895095825,2.978929042816162,3.0821430683135986,1145813200,-0.05313213311848175,0.29446584797977854,3470450050.7858596
2007-02-28,2.5428850650787354,3.0217859745025635,3.057142972946167,2.9642860889434814,2.9642860889434814,919475200,0.008069594370681,0.2958815414200162,2771670651.409912
2007-03-01,2.616518020629883,3.109286069869995,3.1539289951324463,2.9910709857940674,3.001070976257324,1415528800,0.028545145278633055,0.3125453558375633,4366569476.113573
2007-03-02,2.566927671432495,3.0503571033477783,3.1264290809631348,3.0432140827178955,3.098928928375244,860000400,-0.01913470892007485,0.3173456125440967,2643067972.548294
2007-03-05,2.594276189804077,3.0828568935394287,3.1660709381103516,3.062856912612915,3.067500114440918,838899600,0.010597827590128728,0.319296161847235,2603884165.749359
2007-03-06,2.6504788398742676,3.1496429443359375,3.1539289951324463,3.121428966522217,3.135714054107666,723186800,0.021432765186992886,0.3244245903542512,2272012081.7334814
2007-03-07,2.636352777481079,3.132857084274292,3.177500009536743,3.12321400642395,3.1446430683135986,626284400,-0.005343879673926355,0.3255484403162684,1969366138.789336
2007-03-08,2.644767999649048,3.142857074737549,3.1685709953308105,3.1235709190368652,3.163928985595703,511011200,0.003186910372045104,0.3161661120246728,1607130051.8071492
2007-03-09,2.643867254257202,3.1417860984802246,3.1732139587402344,3.121428966522217,3.171428918838501,451836000,-0.0003406343441401116,0.316194694584102,1421239448.123932
2007-03-12,2.700969696044922,3.2096428871154785,3.2139289379119873,3.1424999237060547,3.1453568935394287,729408400,0.021368140894816645,0.29574714616726855,2325857696.1763062
2007-03-13,2.656789779663086,3.1571431159973145,3.2357139587402344,3.1571431159973145,3.193213939666748,867890800,-0.01649231100257842,0.29815738830169086,2762785768.5123444
2007-03-14,2.7048771381378174,3.2142860889434814,3.2142860889434814,3.140000104904175,3.164285898208618,796586000,0.017937946771867774,0.30267915088636693,2540730240.1531534
2007-03-15,2.6919538974761963,3.1989290714263916,3.2271430492401123,3.189642906188965,3.2128570079803467,559498800,-0.00478920510109504,0.3034690131687392,1793327006.2225342
2007-03-16,2.6925547122955322,3.1996428966522217,3.2139289379119873,3.190000057220459,3.197856903076172,571704000,0.00022316421622547988,0.30331547126588454,1830133488.2736206
2007-03-19,2.738837957382202,3.254642963409424,3.2696430683135986,3.1996428966522217,3.2228569984436035,712961200,0.017043277197348217,0.3061997620510291,2310928012.496376
2007-03-20,2.749356985092163,3.2671430110931396,3.2799999713897705,3.252142906188965,3.262500047683716,488916400,0.0038333334370062033,0.3044691787355707,1597010526.4200845
2007-03-21,2.8211863040924072,3.3524999618530273,3.357142925262451,3.273214101791382,3.2853569984436035,686896000,0.02579041096645751,0.2898820624719566,2285728178.0840554
2007-03-22,2.8238909244537354,3.3557140827178955,3.369999885559082,3.3214290142059326,3.3475000858306885,561492400,0.0009582226987427944,0.2899120717283293,1880464808.7924957
2007-03-23,2.8106672763824463,3.3399999141693115,3.35964298248291,3.3321430683135986,3.3339290618896484,450884000,-0.00469377433971796,0.28983840070372635,1507723927.675883
2007-03-26,2.8806941509246826,3.4232139587402344,3.424999952316284,3.3321430683135986,3.356786012649536,864987200,0.024609369672599746,0.29771546199990145,2935292826.1952715
2007-03-27,2.8689725399017334,3.4092860221862793,3.458214044570923,3.392857074737549,3.4182140827178955,932052800,-0.004077324092731649,0.21641062501937292,3187731534.243393
2007-03-28,2.802252769470215,3.3299999237060547,3.4071431159973145,3.3267860412597656,3.38857102394104,942337200,-0.023530311419066807,0.23976146608821342,3161204917.0511246
2007-03-29,2.817579507827759,3.3482139110565186,3.363929033279419,3.293929100036621,3.363929033279419,725723600,0.00545453159498166,0.22379340402448542,2420547541.9671373
2007-03-30,2.79233455657959,3.318213939666748,3.3814289569854736,3.3125,3.367142915725708,600558000,-0.009000181239278815,0.21326209393548115,2004290837.9092216
2007-04-02,2.814574718475342,3.3446431159973145,3.3660709857940674,3.322143077850342,3.362143039703369,501992400,0.00793316868359728,0.2124539179756511,1678806018.1551933
2007-04-03,2.840121030807495,3.375,3.401071071624756,3.3485710620880127,3.362143039703369,583934400,0.00903549448635732,0.20384714928132439,1970708943.188095
2007-04-04,2.833207845687866,3.366786003112793,3.3978569507598877,3.361785888671875,3.390713930130005,476784000,-0.0024370836564533427,0.20250987153042738,1609373083.0879211
2007-04-05,2.8455300331115723,3.3814289569854736,3.3814289569854736,3.3399999141693115,3.36142897605896,355516000,0.0043397695142664006,0.20251947315965327,1197242534.5430374
2007-04-09,2.814574718475342,3.3446431159973145,3.4035708904266357,3.322856903076172,3.4003570079803467,413341600,-0.010938180344170378,0.2083900469186651,1387597521.148745
2007-04-10,2.832606554031372,3.3660709857940674,3.366429090499878,3.336071014404297,3.3453569412231445,352466800,0.00638615832167444,0.1980577280603798,1182945677.636973
2007-04-11,2.782717227935791,3.306786060333252,3.3553569316864014,3.297499895095825,3.3535709381103516,549018400,-0.017769461122568497,0.19963405573510484,1822675734.1518402
2007-04-12,2.7706944942474365,3.2925000190734863,3.296786069869995,3.240000009536743,3.2871429920196533,656675600,-0.004329861740141938,0.192412599215651,2151550782.0970535
2007-04-13,2.7120895385742188,3.2228569984436035,3.2642860412597656,3.2164289951324463,3.246428966522217,719941600,-0.02137862348757602,0.20693364334855013,2328668392.1583176
2007-04-16,2.7478532791137695,3.26535701751709,3.267857074737549,3.2232139110565186,3.23464298248291,609033600,0.013100595823107963,0.2115608698004524,1980664156.665802
2007-04-17,2.7153961658477783,3.226785898208618,3.296428918838501,3.203571081161499,3.2857139110565186,751920400,-0.011882120874395441,0.2075832100183614,2437922914.4317946
2007-04-18,2.7168986797332764,3.2285709381103516,3.244642972946167,3.200000047683716,3.2200000286102295,464044000,0.0005531783404706392,0.2070439316622335,1496265632.7565513
2007-04-19,2.712991237640381,3.223928928375244,3.2589290142059326,3.208214044570923,3.2210710048675537,425913600,-0.001439234616849694,0.18340633595420563,1375853119.3023682
2007-04-20,2.734029531478882,3.248929023742676,3.2564289569854736,3.233928918838501,3.2460711002349854,522779600,0.0077247359045494735,0.18623302258130228,1697166836.546898
2007-04-23,2.8103671073913574,3.3396430015563965,3.3499999046325684,3.265000104904175,3.271070957183838,780290000,0.027538578203861963,0.21123329524338832,2589169465.041955
2007-04-24,2.802252769470215,3.3299999237060547,3.442500114440918,3.260714054107666,3.3557140827178955,1055252800,-0.0028914637914330132,0.1913474728725152,3529192421.283722
2007-04-25,2.8656673431396484,3.4053568840026855,3.4071431159973145,3.3499999046325684,3.365356922149658,1187144000,0.022377598364550444,0.20782988254077656,4021450262.2617083
2007-04-26,2.9705564975738525,3.5299999713897705,3.6607139110565186,3.510714054107666,3.627856969833374,1737778000,0.03594805559752068,0.2244038984087168,6198902012.242952
2007-04-27,3.003014087677002,3.568571090698242,3.569643020629883,3.488929033279419,3.5064289569854736,699403600,0.0108671720083382,0.22595133165207426,2477554057.6846123
2007-04-30,2.999408006668091,3.56428599357605,3.607142925262451,3.559643030166626,3.5746428966522217,616509600,-0.0012015421061943865,0.222231697426343,2205269624.9507904
2007-05-01,2.989490270614624,3.552500009536743,3.5839290618896484,3.5196430683135986,3.556786060333252,532523600,-0.0033120432708779735,0.22285892295146914,1891536632.5713475
2007-05-02,3.0171399116516113,3.5853569507598877,3.5907139778137207,3.552500009536743,3.558928966522217,505145200,0.009206438716187426,0.22291789107711285,1806495370.7486472
2007-05-03,3.0174403190612793,3.585714101791382,3.62321400642395,3.5717859268188477,3.5975000858306885,576077600,9.956199053817727e-05,0.22230693188250958,2070175955.8629353
2007-05-04,3.029762029647827,3.6003570556640625,3.628571033477783,3.5892860889434814,3.5999999046325684,381987200,0.00407518284600239,0.22229097331720948,1377473114.295705
2007-05-07,3.1232316493988037,3.7114291191101074,3.726785898208618,3.6075000762939453,3.609999895095825,861557200,0.030384172462909698,0.2349381926355761,3172171789.3502235
2007-05-08,3.1574928760528564,3.752142906188965,3.755357027053833,3.693571090698242,3.695357084274292,783997200,0.010910068211455792,0.2357452633961171,2927202773.2569695
2007-05-09,3.212191343307495,3.817142963409424,3.819999933242798,3.7460711002349854,3.746786117553711,717757600,0.017175046659743343,0.22307840275317953,2723462786.230723
2007-05-10,3.2260162830352783,3.833570957183838,3.8871428966522217,3.7828569412231445,3.808213949203491,1197257600,0.004294661427281854,0.21943930958776986,4590912520.507558
2007-05-11,3.268092632293701,3.883570909500122,3.8975000381469727,3.813570976257324,3.8478569984436035,653696400,0.01295849472277899,0.19283446840004756,2526458561.648464
2007-05-14,3.2867255210876465,3.9057140350341797,3.9285709857940674,3.8660709857940674,3.9149999618530273,651946400,0.005685264959596648,0.19271138061876575,2542668325.745265
2007-05-15,3.231426477432251,3.8399999141693115,3.93571400642395,3.802856922149658,3.9132139682769775,954514400,-0.01696811318776459,0.20029418048940423,3683970866.939418
2007-05-16,3.2260162830352783,3.833570957183838,3.8867859840393066,3.693571090698242,3.876070976257324,1126767600,-0.0016756464946110494,0.2015806521425422,4286948098.366928
2007-05-17,3.2891299724578857,3.9085710048675537,3.92392897605896,3.8267860412597656,3.8267860412597656,735291200,0.01937505661545358,0.20139804217495777,2857656803.4655256
2007-05-18,3.3065621852874756,3.929286003112793,3.9514288902282715,3.9203569889068604,3.936785936355591,621345200,0.005285951194359928,0.2018647301740955,2444179789.6299047
2007-05-21,3.3654682636260986,3.999285936355591,4.01607084274292,3.930356979370117,3.939642906188965,639892400,0.017658075572481557,0.19346364130098684,2547990482.206504
2007-05-22,3.4123528003692627,4.054999828338623,4.0625,4.000357151031494,4.017499923706055,572409600,0.013834913647128522,0.18910163660202825,2312125888.8061523
2007-05-23,3.392817974090576,4.03178596496582,4.107142925262451,4.021070957183838,4.072143077850342,911374800,-0.005741187277660487,0.19064617072494017,3694105809.6450806
2007-05-24,3.3266968727111816,3.953213930130005,4.087856769561768,3.941786050796509,4.028929233551025,887362000,-0.01968095529279057,0.1866283637566009,3544377243.9422607
2007-05-25,3.414757013320923,4.057857036590576,4.063570976257324,3.982142925262451,4.0,632959600,0.02612645614285758,0.1990453628236957,2553690473.1859846
2007-05-29,3.4366977214813232,4.083929061889648,4.102142810821533,4.0246429443359375,4.087500095367432,645694000,0.006404707908255425,0.19710363253519358,2628128431.026141
2007-05-30,3.5695362091064453,4.241786003112793,4.24571418762207,4.054643154144287,4.0821428298950195,1478444800,0.03792462829805321,0.22066109510353474,6180955536.363729
2007-05-31,3.6422667503356934,4.328214168548584,4.363214015960693,4.269286155700684,4.288214206695557,1297066400,0.020170547502735614,0.22410742486211915,5603635696.894836
2007-06-01,3.558415651321411,4.228570938110352,4.328214168548584,4.224643230438232,4.324999809265137,885262000,-0.023290817399429953,0.24952719309980806,3771637604.1851044
2007-06-04,3.646474599838257,4.333213806152344,4.347499847412109,4.210713863372803,4.236785888671875,886673200,0.024445433750285517,0.255127569088135,3810161096.336937
2007-06-05,3.6867451667785645,4.381071090698242,4.381785869598389,4.3035712242126465,4.336071014404297,920785600,0.010983162387198986,0.24345374943750323,4010459638.576762
2007-06-06,3.715900421142578,4.415713787078857,4.430356979370117,4.3553571701049805,4.367856979370117,1112241200,0.007877023090852697,0.24326914105288297,4894390683.288765
2007-06-07,3.7288222312927246,4.431070804595947,4.557499885559082,4.3996429443359375,4.463929176330566,1915079600,0.0034714048406545572,0.24147125615790965,8546498270.618502
2007-06-08,3.741445302963257,4.446071147918701,4.493928909301758,4.367499828338623,4.493570804595947,1241682400,0.003379553309718508,0.24164295197649782,5507896131.966908
2007-06-11,3.612213134765625,4.292500019073486,4.505356788635254,4.269286155700684,4.5,1874258400,-0.03515134019445787,0.28172892938306365,8163734154.390335
2007-06-12,3.6179237365722656,4.299285888671875,4.346786022186279,4.2253570556640625,4.262499809265137,1426566400,0.001579666635848298,0.28196213809436677,6120649361.209106
2007-06-13,3.531367301940918,4.1964287757873535,4.328214168548584,4.121428966522217,4.326786041259766,1721353200,-0.024215174250258098,0.29001174177082933,7256118783.7286
2007-06-14,3.5689356327056885,4.2410712242126465,4.26607084274292,4.1578569412231445,4.185713768005371,973266000,0.010582275629453575,0.28985661418584874,4108804308.2313538
2007-06-15,3.6215291023254395,4.3035712242126465,4.309642791748047,4.28071403503418,4.307857036590576,811218800,0.014628931368437126,0.2873556939709149,3486598946.9381332
2007-06-18,3.7594783306121826,4.46750020980835,4.470714092254639,4.376429080963135,4.402856826782227,910604800,0.03738386531025273,0.3086870880510192,4041459391.6239424
2007-06-19,3.716500759124756,4.416429042816162,4.4646430015563965,4.38964319229126,4.453214168548584,943026000,-0.011497636476636153,0.31177706928519855,4171543168.9233785
2007-06-20,3.6530864238739014,4.341071128845215,4.45214319229126,4.339285850524902,4.423929214477539,897512000,-0.017210163579401305,0.3190596019658001,3928858831.3560486
2007-06-21,3.723712682723999,4.425000190734863,4.438929080963135,4.311429023742676,4.346428871154785,867045200,0.01914879770981326,0.32167628438700363,3807877056.114006
2007-06-22,3.6966660022735596,4.392857074737549,4.444643020629883,4.37071418762207,4.423213958740234,631876000,-0.0072898706050466,0.3125941145619215,2781984536.092758
2007-06-25,3.676828145980835,4.369286060333252,4.46750020980835,4.32357120513916,4.435357093811035,965403600,-0.005380869302631153,0.3050248766237658,4235018827.974319
2007-06-26,3.595982313156128,4.273213863372803,4.4285712242126465,4.239999771118164,4.427856922149658,1345005200,-0.022233265543780467,0.3176526911285694,5802255977.412542
2007-06-27,3.6633033752441406,4.353213787078857,4.3585710525512695,4.259285926818848,4.307499885559082,974696800,0.018548103771519386,0.2966232152775188,4214287056.210454
2007-06-28,3.62333345413208,4.305714130401611,4.374642848968506,4.285714149475098,4.369999885559082,838143600,-0.010970856087507697,0.2911734993277997,3622476511.2621303
2007-06-29,3.6678121089935303,4.3585710525512695,4.4285712242126465,4.324643135070801,4.3560709953308105,1137841600,0.012200882903357746,0.2815352920633563,4973044963.952891
2007-07-02,3.6443698406219482,4.330714225769043,4.36035680770874,4.260714054107666,4.323214054107666,994862400,-0.006411861424183041,0.2698667331294306,4295081332.173157
2007-07-03,3.821991443634033,4.541786193847656,4.550000190734863,4.339285850524902,4.357142925262451,1162481600,0.047588139817995145,0.3146822937430721,5204458113.861084
2007-07-05,3.989691972732544,4.7410712242126465,4.748929023742676,4.596070766448975,4.599999904632568,1453051600,0.04294242100400969,0.3451257362581686,6822596008.397929
2007-07-06,3.976167678833008,4.724999904632568,4.762143135070801,4.6571431159973145,4.754642963409424,874694800,-0.0033955674555052884,0.34596333374514,4123977850.034459
2007-07-09,3.916962146759033,4.6546430587768555,4.746428966522217,4.6135711669921875,4.7278571128845215,995820000,-0.01500206984761765,0.351649205301631,4652020661.249161
2007-07-10,3.9776735305786133,4.726786136627197,4.8035712242126465,4.6003570556640625,4.6028571128845215,1255007600,0.015380717528392429,0.32640695605660514,5911384662.047323
2007-07-11,3.9788718223571777,4.728213787078857,4.775000095367432,4.689642906188965,4.716785907745361,821772000,0.0003012090635998721,0.3265967264218582,3887764102.9701233
2007-07-12,4.029365062713623,4.788214206695557,4.794285774230957,4.728213787078857,4.7803568840026855,704608800,0.012610493475167184,0.3098610468264327,3361151618.4059143
2007-07-13,4.139362335205078,4.918929100036621,4.923213958740234,4.804286003112793,4.822500228881836,907606000,0.02693293979197886,0.3175789584983659,4431062298.381805
2007-07-16,4.150484561920166,4.932143211364746,4.99928617477417,4.910714149475098,4.942500114440918,936112800,0.0026833386736162534,0.3168477424584962,4631306847.708511
2007-07-17,4.174827575683594,4.961071014404297,4.985713958740234,4.910714149475098,4.939286231994629,709959600,0.005847968877579657,0.29665591928166585,3516074711.3651276
2007-07-18,4.151084899902344,4.932857036590576,4.944285869598389,4.8585710525512695,4.935357093811035,756856800,-0.005703336471385878,0.2931939590214012,3717608437.5091553
2007-07-19,4.207584857940674,5.0,5.028929233551025,4.987500190734863,5.010714054107666,732891600,0.013519093395158777,0.28223544661423733,3668471662.3506546
2007-07-20,4.320290565490723,5.1339287757873535,5.149285793304443,5.0,5.058928966522217,1167773600,0.026433845388098565,0.2872461485389275,5949111498.973593
2007-07-23,4.318787574768066,5.132143020629883,5.186429023742676,5.033214092254639,5.118214130401611,1036490000,-0.0003479516479463207,0.2837466012404819,5303990937.584242
2007-07-24,4.054009437561035,4.817500114440918,5.035714149475098,4.791070938110352,4.960000038146973,1795292800,-0.0632683328865844,0.37392188972539425,8763593261.448162
2007-07-25,4.125238418579102,4.9021430015563965,4.941429138183594,4.8214287757873535,4.9053568840026855,1496182800,0.017417440569937215,0.3626875345388183,7313840710.598755
2007-07-26,4.38791036605835,5.214285850524902,5.3035712242126465,4.8914289474487305,5.211071014404297,2186629200,0.061729298584011216,0.4081353865382369,11231464922.421455
2007-07-27,4.3232951164245605,5.137499809265137,5.318571090698242,5.135000228881836,5.221070766448975,1161098400,-0.014835245208550951,0.4107315875509328,6034255913.996124
2007-07-30,4.250563621520996,5.0510711669921875,5.194643020629883,4.98464298248291,5.1546430587768555,1106988400,-0.0169662789632965,0.42000811318416376,5619942905.054347
2007-07-31,3.9599406719207764,4.705714225769043,5.12428617477417,4.697143077850342,5.1060709953308105,1762392800,-0.0708225476559885,0.4984393401266797,8534177690.295919
2007-08-01,4.057315826416016,4.8214287757873535,4.835000038146973,4.56321382522583,4.772857189178467,1750156800,0.02429258515865551,0.4789976569312201,8295534752.83203
2007-08-02,4.1020965576171875,4.874642848968506,4.8914289474487305,4.791070938110352,4.880356788635254,852644800,0.010976570054342716,0.4576949031975103,4137357351.8175764
2007-08-03,3.962646245956421,4.708929061889648,4.8553571701049805,4.6964287757873535,4.830714225769043,679187600,-0.03458615250974817,0.47422622980122303,3228566933.473142
2007-08-06,4.0648298263549805,4.830357074737549,4.831070899963379,4.5821428298950195,4.746428966522217,925170400,0.025459832968959706,0.47891997773835987,4392576699.572118
2007-08-07,4.058217525482178,4.822500228881836,4.901429176330566,4.736785888671875,4.819285869598389,949936400,-0.0016280349102724134,0.4764754804670802,4578919942.56579
2007-08-08,4.027562618255615,4.786070823669434,4.887856960296631,4.714285850524902,4.884285926818848,808096800,-0.007582460456133866,0.4774014430577521,3875689798.5828404
2007-08-09,3.7985498905181885,4.5139288902282715,4.75,4.46750020980835,4.682499885559082,1125395600,-0.058541997478577024,0.5167123686089312,5151096630.297724
2007-08-10,3.7567739486694336,4.464285850524902,4.5625,4.29642915725708,4.3971428871154785,1410749200,-0.011058789402677238,0.5056279857711513,6265238304.552142
2007-08-13,3.8406240940093994,4.563929080963135,4.619643211364746,4.517857074737549,4.582857131958008,752911600,0.022074281135055385,0.5136547500003856,3438655035.681407
2007-08-14,3.727621078491211,4.429643154144287,4.5821428298950195,4.418213844299316,4.581786155700684,739006800,-0.029864628253753578,0.5199550923469825,3308287065.7136917
2007-08-15,3.6034977436065674,4.2821431159973145,4.459286212921143,4.273213863372803,4.383571147918701,992852000,-0.03386528040684067,0.5290309567920801,4307204840.917587
2007-08-16,3.5178427696228027,4.180356979370117,4.232142925262451,3.98642897605896,4.178928852081299,1866690000,-0.02405701701299323,0.5265697623882409,7714985517.43269
2007-08-17,3.6684134006500244,4.359285831451416,4.410714149475098,4.279285907745361,4.357500076293945,1195062400,0.041911300489853476,0.5421667379471712,5198236970.800781
2007-08-20,3.673222303390503,4.364999771118164,4.4464287757873535,4.3035712242126465,4.427143096923828,803317200,0.0013100359707531872,0.5424986939784071,3511834964.7117615
2007-08-21,3.8340113162994385,4.556070804595947,4.605713844299316,4.3214287757873535,4.364643096923828,1303047200,0.04284230752129936,0.530611488768052,5856421166.678366
2007-08-22,3.982481002807617,4.732500076293945,4.7410712242126465,4.6546430587768555,4.686429023742676,1061765600,0.03799339643921473,0.5450632969774135,5000283998.704401
2007-08-23,3.9392006397247314,4.681070804595947,4.762143135070801,4.634285926818848,4.753213882446289,866838000,-0.010927173215468544,0.4940001698274249,4067637276.4215465
2007-08-24,4.066330909729004,4.8321428298950195,4.8346428871154785,4.63607120513916,4.661786079406738,911834000,0.031763277073539875,0.5088625794507574,4347277079.583803
2007-08-27,3.9746642112731934,4.723214149475098,4.809286117553711,4.7178568840026855,4.7639288902282715,707439600,-0.022800827094511034,0.5112657735916716,3360422320.92762
2007-08-28,3.811471462249756,4.529285907745361,4.728929042816162,4.522500038146973,4.678214073181152,1179365600,-0.04192494424392401,0.47144216841156633,5417500400.362396
2007-08-29,4.029666423797607,4.788570880889893,4.792142868041992,4.626429080963135,4.638570785522461,1166860800,0.05566827413873621,0.5047370232773729,5525919349.401855
2007-08-30,4.094883441925049,4.8660712242126465,4.9375,4.724999904632568,4.738214015960693,1435582400,0.016054654108089927,0.5064746106995879,6952320336.572775
2007-08-31,4.16190242767334,4.945713996887207,4.987500190734863,4.90749979019165,4.981785774230957,876887200,0.016234030691816503,0.49320445865259493,4337877375.335312
2007-09-04,4.332611083984375,5.148571014404297,5.2046427726745605,4.994286060333252,4.997857093811035,1316842800,0.04019809789387918,0.504376397842606,6736748224.021912
2007-09-05,4.110212326049805,4.884285926818848,5.208570957183838,4.860713958740234,5.177499771118164,2328222400,-0.05269569396213192,0.5401966679540775,11605079532.020313
2007-09-06,4.057614326477051,4.821785926818848,4.913214206695557,4.739643096923828,4.841429233551025,1901261600,-0.012879491422567613,0.5415213899826498,9173361115.91072
2007-09-07,3.960240125656128,4.706070899963379,4.724999904632568,4.642857074737549,4.7146430015563965,1430576000,-0.024290535370624866,0.5063966803831507,6711274483.301798
2007-09-10,4.108707427978516,4.882500171661377,4.929999828338623,4.783928871154785,4.892499923706055,1487838800,0.036803823415341164,0.517693437949811,7239044405.314764
2007-09-11,4.072042465209961,4.838929176330566,4.939286231994629,4.776785850524902,4.925000190734863,971885600,-0.008963776853533112,0.5155330862074634,4715265377.152761
2007-09-12,4.112914085388184,4.887499809265137,4.978570938110352,4.848214149475098,4.856785774230957,1022770000,0.009987092696988276,0.5018512907650802,5016443054.650624
2007-09-13,4.123433589935303,4.900000095367432,4.964285850524902,4.880356788635254,4.958213806152344,656163200,0.002554411416757496,0.48180619491153526,3224963986.514791
2007-09-14,4.171823024749756,4.957499980926514,4.963571071624756,4.864285945892334,4.877500057220459,607320000,0.01166690458052222,0.4687103125832471,2993147670.764923
2007-09-17,4.1598005294799805,4.943213939666748,5.021070957183838,4.914286136627197,4.963929176330566,793371600,-0.002885992996704667,0.4538959065904849,3934745235.514641
2007-09-18,4.235236644744873,5.0328569412231445,5.101786136627197,4.922500133514404,4.966429233551025,1064089600,0.017972081397656714,0.4552533136927303,5340716498.974609
2007-09-19,4.2307281494140625,5.027500152587891,5.112856864929199,4.978570938110352,5.1078572273254395,1026880400,-0.0010650872916759813,0.4368121566002509,5175110262.215296
2007-09-20,4.216903209686279,5.01107120513916,5.063929080963135,4.975714206695557,5.005356788635254,691840800,-0.003273095494461975,0.4204742117969974,3470899451.7562866
2007-09-21,4.332311153411865,5.148213863372803,5.166070938110352,5.01107120513916,5.040713787078857,1138880400,0.027000131202534527,0.4252528932421169,5817915859.654808
2007-09-24,4.45643424987793,5.295713901519775,5.351786136627197,5.237500190734863,5.240356922149658,1052161600,0.028247797428530896,0.4226054819319192,5571195752.27356
2007-09-25,4.603699684143066,5.470714092254639,5.472143173217773,5.243570804595947,5.244286060333252,1192550800,0.03251130867551644,0.4207743484488983,6434379248.03416
2007-09-26,4.591378211975098,5.456070899963379,5.535714149475098,5.401785850524902,5.516786098480225,975268000,-0.002680016348327152,0.38309166915516646,5329375034.821828
2007-09-27,4.643372058868408,5.517857074737549,5.518570899963379,5.440000057220459,5.491786003112793,658198800,0.0112605960688279,0.3442154698704325,3614921719.6323395
2007-09-28,4.612415790557861,5.4810709953308105,5.521429061889648,5.455357074737549,5.480000019073486,615101200,-0.006689086707551972,0.3457410255466243,3374415890.4319763
2007-10-01,4.698670864105225,5.583570957183838,5.621786117553711,5.461785793304443,5.522500038146973,837068400,0.01852792144040949,0.34669047037532247,4650512871.041107
2007-10-02,4.762085914611816,5.658928871154785,5.663928985595703,5.567500114440918,5.591071128845215,792069600,0.013406115758794357,0.32517916398373836,4459446360.699463
2007-10-03,4.746157169342041,5.639999866485596,5.684999942779541,5.607500076293945,5.635000228881836,692518400,-0.003350515974489321,0.25196090062627363,3908689242.915853
2007-10-04,4.695666790008545,5.579999923706055,5.645713806152344,5.482142925262451,5.642857074737549,656958400,-0.01069514975784891,0.24987298444442732,3658788925.1925154
2007-10-05,4.852247714996338,5.76607084274292,5.770713806152344,5.632143020629883,5.656071186065674,943471200,0.032801920105048676,0.23664282063289774,5399462930.360031
2007-10-08,5.046399116516113,5.996786117553711,5.996786117553711,5.820356845855713,5.838929176330566,835928800,0.0392328987321795,0.24021154092174535,4963725453.311539
2007-10-09,5.044895172119141,5.994999885559082,6.1110711097717285,5.95285701751709,6.07857084274292,1104286400,-0.00029806769381424125,0.23323476466511156,6647409534.388987
2007-10-10,5.01273775100708,5.956786155700684,5.99571418762207,5.914286136627197,5.98392915725708,667590000,-0.006394651890440528,0.2406446296946774,3975895995.3832626
2007-10-11,4.875690460205078,5.793929100036621,6.138570785522461,5.471786022186279,6.053214073181152,1643992000,-0.027720495846800253,0.2729095595889391,9537502266.01537
2007-10-12,5.026562690734863,5.973214149475098,5.974286079406738,5.778571128845215,5.821785926818848,988176000,0.03047466154729217,0.28332353076157796,5838826096.664429
2007-10-15,5.0184478759765625,5.963571071624756,6.056070804595947,5.839285850524902,5.99928617477417,1077930000,-0.0016156909880162829,0.28266735212688726,6416891321.4969635
2007-10-16,5.096589088439941,6.056428909301758,6.07785701751709,5.898213863372803,5.912143230438232,1067830400,0.015450811948725551,0.28183538927239943,6418550487.986755
2007-10-17,5.191861629486084,6.169642925262451,6.179999828338623,6.042142868041992,6.167500019073486,1127613200,0.01852081853993215,0.28094223885929936,6912940079.511642
2007-10-18,5.214400768280029,6.1964287757873535,6.221070766448975,6.10892915725708,6.125,823676000,0.0043318481079581694,0.2775462137300821,5086591561.827978
2007-10-19,5.121834754943848,6.086429119110107,6.236785888671875,6.0714287757873535,6.2228569984436035,1291780000,-0.01791145100514102,0.2874596867564861,7920610982.246399
2007-10-22,5.2402496337890625,6.227142810821533,6.246428966522217,6.070000171661377,6.083929061889648,1649499600,0.022856411800126653,0.2833380084269475,10195871504.151726
2007-10-23,5.594888687133789,6.648571014404297,6.735713958740234,6.5271430015563965,6.734285831451416,1795164000,0.06548430927071314,0.33701251046977104,11914759562.925339
2007-10-24,5.587976932525635,6.64035701751709,6.686070919036865,6.401429176330566,6.63607120513916,1288481600,-0.0012361331564449962,0.3363779464494439,8472993632.460276
2007-10-25,5.4933037757873535,6.527856826782227,6.639286041259766,6.487856864929199,6.602499961853027,973602000,-0.017087458171042957,0.3489148387976231,6378715683.340073
2007-10-26,5.551008701324463,6.596428871154785,6.620357036590576,6.531428813934326,6.617499828338623,706876800,0.010449804053062284,0.3445848978716345,4653184942.724609
2007-10-29,5.562729358673096,6.61035680770874,6.663928985595703,6.596428871154785,6.623213768005371,540554000,0.0021092204316148777,0.3437026514925738,3580398098.2440314
2007-10-30,5.6201324462890625,6.6785712242126465,6.763214111328125,6.597499847412109,6.649285793304443,939414000,0.0102663509210692,0.34330252171982567,6275061683.619499
2007-10-31,5.708792686462402,6.783928871154785,6.789999961853027,6.6053571701049805,6.701070785522461,833310800,0.015652332280490677,0.3414789870059978,5605205654.227575
2007-11-01,5.633355617523193,6.694285869598389,6.789286136627197,6.4285712242126465,6.735713958740234,805036400,-0.013302273837301204,0.34350919956285125,5343333367.505455
2007-11-02,5.64627742767334,6.7096428871154785,6.765714168548584,6.553214073181152,6.757500171661377,1002114400,0.0022911766280182544,0.33304699527626225,6690306513.213348
2007-11-05,5.595489025115967,6.649285793304443,6.748570919036865,6.579999923706055,6.617499828338623,804176800,-0.009035723757265579,0.3167086017328048,5355242940.145111
2007-11-06,5.764093399047852,6.849643230438232,6.857142925262451,6.616786003112793,6.680356979370117,954727200,0.029687139968593623,0.3270156127380194,6467822380.393982
2007-11-07,5.599093914031982,6.653571128845215,6.881429195404053,6.647500038146973,6.807499885559082,994327600,-0.029043098281606783,0.3471773283602483,6689339049.113528
2007-11-08,5.2736101150512695,6.266786098480225,6.675000190734863,5.991786003112793,6.666786193847656,1890378000,-0.05988962423873878,0.3998438628885504,11930536174.275398
2007-11-09,4.970059394836426,5.906071186065674,6.25428581237793,5.900356769561768,6.112500190734863,1526380800,-0.05928336863700112,0.4430050322810909,9189175576.593018
2007-11-12,4.621130466461182,5.491428852081299,5.989285945892334,5.379642963409424,5.902856826782227,1769065200,-0.07279242583622625,0.5087034197133373,9942357391.737556
2007-11-13,5.1080098152160645,6.070000171661377,6.106429100036621,5.491428852081299,5.744643211364746,1739446800,0.10017049483422347,0.621678418227713,10244099758.753967
2007-11-14,4.992301940917969,5.932499885559082,6.341785907745361,5.8478569984436035,6.32714319229126,1449168000,-0.02291274550892486,0.6227457165268435,8754009808.410645
2007-11-15,4.937903881072998,5.867856979370117,6.056786060333252,5.724999904632568,5.942500114440918,1487410400,-0.010956188617276208,0.6230457516095161,8750754157.23063
2007-11-16,5.000715255737305,5.942500114440918,5.965000152587891,5.690357208251953,5.903571128845215,1383494000,0.012640027770483675,0.6226283556227717,8115510076.635361
2007-11-19,4.9273834228515625,5.8553571701049805,6.007143020629883,5.789286136627197,5.932143211364746,1154428800,-0.01477285206346246,0.6179050829655335,6792576835.917664
2007-11-20,5.074649810791016,6.0303568840026855,6.135356903076172,5.840356826782227,5.916786193847656,1543642800,0.029449418459989385,0.5788694491105655,9264980419.792747
2007-11-21,5.062928199768066,6.0164289474487305,6.1553568840026855,5.881071090698242,5.92285680770874,1217809600,-0.0023125082212678283,0.5787960558443419,7328314155.740102
2007-11-23,5.1554951667785645,6.126429080963135,6.1446428298950195,6.0625,6.142857074737549,465757600,0.018118156961043352,0.5822870859741389,2846333484.209569
2007-11-26,5.185551166534424,6.162143230438232,6.331070899963379,6.1553568840026855,6.199643135070801,1305754800,0.005812967744504016,0.5811400590871444,8116820371.733093
2007-11-27,5.253772735595703,6.243214130401611,6.278213977813721,6.071785926818848,6.257856845855713,1317030400,0.013070298594885177,0.583682352635427,8162609372.61556
2007-11-28,5.416366100311279,6.436429023742676,6.449999809265137,6.262499809265137,6.315000057220459,1150912000,0.03047869456834018,0.5935147459050686,7346243920.511882
2007-11-29,5.5386857986450195,6.581786155700684,6.613214015960693,6.398213863372803,6.408214092254639,1050926800,0.02233212276202723,0.5964389676406185,6863677909.18452
2007-11-30,5.4764723777771,6.507856845855713,6.70357084274292,6.4178571701049805,6.690713882446289,1187802000,-0.011296085160848346,0.5959795100559037,7771901271.245956
2007-12-03,5.375490188598633,6.387856960296631,6.5764288902282715,6.346428871154785,6.494999885559082,961469600,-0.018611399261664108,0.5987242629211432,6188888386.38916
2007-12-04,5.404043674468994,6.421785831451416,6.460713863372803,6.321071147918701,6.326786041259766,773799600,0.005297734209078309,0.5987936381253984,4953238478.895378
2007-12-05,5.575051307678223,6.625,6.642857074737549,6.51464319229126,6.53178596496582,892402000,0.031154018531468708,0.5997843918263045,5884647601.099014
2007-12-06,5.708792686462402,6.783928871154785,6.789286136627197,6.6471428871154785,6.6496429443359375,899810800,0.02370604238892815,0.5972080649241119,6064832137.898
2007-12-07,5.839528560638428,6.939286231994629,6.963929176330566,6.715713977813721,6.804999828338623,1066066400,0.022642504799802676,0.5582248930411324,7327049274.178442
2007-12-10,5.836822509765625,6.936070919036865,6.987856864929199,6.881785869598389,6.913928985595703,722377600,-0.000463509688075181,0.5075435459934495,5009860498.449707
2007-12-11,5.666414737701416,6.7335710525512695,7.0296430587768555,6.692500114440918,6.955357074737549,1110925200,-0.029629961628344192,0.4381575611406203,7574922805.801773
2007-12-12,5.736142158508301,6.816429138183594,6.945713996887207,6.634285926818848,6.908570766448975,1225660800,0.012230290204504612,0.2918212295883362,8333034520.379639
2007-12-13,5.765293598175049,6.851070880889893,6.861429214477539,6.707857131958008,6.792500019073486,864617600,0.005069193569939845,0.27255489771220587,5885266752.344259
2007-12-14,5.722016334533691,6.799643039703369,6.900000095367432,6.769286155700684,6.798929214477539,674312800,-0.007534830808161974,0.2699279015872447,4600820341.020711
2007-12-17,5.541991710662842,6.585713863372803,6.880356788635254,6.534999847412109,6.811429023742676,1024693600,-0.031967298604011374,0.30125399905358774,6831656311.301549
2007-12-18,5.499314308166504,6.534999847412109,6.690357208251953,6.378571033477783,6.661428928375244,1222603200,-0.007730537485531652,0.29633425946935643,7989275071.451569
2007-12-19,5.50352144241333,6.539999961853027,6.59428596496582,6.460713863372803,6.534999847412109,827478400,0.0007647363910963101,0.2834509358917496,5404813024.796041
2007-12-20,5.626445770263672,6.686070919036865,6.708213806152344,6.547500133514404,6.622499942779541,774057200,0.02208979127469579,0.28905997877808365,5145360716.9101715
2007-12-21,5.82780647277832,6.925356864929199,6.925356864929199,6.78178596496582,6.789999961853027,993960800,0.03516274043662082,0.304218507466085,6835965300.889078
2007-12-24,5.974773406982422,7.099999904632568,7.118928909301758,6.956786155700684,6.965356826782227,480202800,0.024905492254594375,0.31106312089094407,3389545873.473549
2007-12-26,5.979279518127441,7.1053571701049805,7.177143096923828,7.029285907745361,7.107500076293945,703732400,0.0007539052046496852,0.3109950099052418,4999264811.020216
2007-12-27,5.967859268188477,7.091785907745361,7.248570919036865,7.064286231994629,7.1053571701049805,795527600,-0.0019117972297155728,0.29946183595449133,5675994773.801804
2007-12-28,6.005727291107178,7.136785984039307,7.19857120513916,7.031428813934326,7.163928985595703,699647200,0.006325280898383134,0.29273158902604207,4983070666.692352
2007-12-31,5.953133583068848,7.074285984039307,7.160714149475098,7.0625,7.125,539333200,-0.00879582891285624,0.2912041315399,3828816299.6695833
2008-01-02,5.855757713317871,6.958570957183838,7.1521430015563965,6.876786231994629,7.116786003112793,1079178800,-0.016492331830148865,0.28920046290597456,7549755090.279007
2008-01-03,5.858463287353516,6.961785793304443,7.049643039703369,6.881785869598389,6.978929042816162,842066400,0.0004619298344463729,0.2894696087262764,5864491363.0168915
2008-01-04,5.411256313323975,6.430356979370117,6.892857074737549,6.3889288902282715,6.837500095367432,1455832000,-0.07940604506882187,0.39313758733113374,9565856162.312824
2008-01-07,5.3388261795043945,6.34428596496582,6.557143211364746,6.0796427726745605,6.473214149475098,2072193200,-0.013475474240121077,0.38405244522841264,13110816073.813057
2008-01-08,5.146778583526611,6.1160712242126465,6.5164289474487305,6.099999904632568,6.433570861816406,1523816000,-0.0366348110407233,0.38823837640113706,9514961112.085978
2008-01-09,5.391721248626709,6.4071431159973145,6.410714149475098,6.010714054107666,6.117856979370117,1813882000,0.04649367386454584,0.4290053211868353,11384268867.434185
2008-01-10,5.350247383117676,6.3578572273254395,6.464285850524902,6.26464319229126,6.3421430587768555,1482975200,-0.007721875386544896,0.4190729444805304,9435076895.440165
2008-01-11,5.190057277679443,6.167500019073486,6.351786136627197,6.0714287757873535,6.285714149475098,1232285600,-0.03039806639532472,0.42561924754944885,7636356767.925898
2008-01-14,5.373086452484131,6.385000228881836,6.4078569412231445,6.256071090698242,6.340000152587891,1100450400,0.03465776850873148,0.4462519131014901,6987466908.057404
2008-01-15,5.08035945892334,6.037143230438232,6.400713920593262,5.880713939666748,6.347143173217773,2343278000,-0.056020483069748606,0.4818534500149264,14308501542.7564
2008-01-16,4.7978515625,5.7014288902282715,6.036070823669434,5.596428871154785,5.901071071624756,2213845200,-0.057213792148429476,0.5063266655206405,12791544865.05375
2008-01-17,4.835416793823242,5.746070861816406,5.90571403503418,5.6578569412231445,5.768214225769043,1757859600,0.007799102100227051,0.5089690594848759,10142640025.873184
2008-01-18,4.849544048309326,5.762856960296631,5.919642925262451,5.700356960296631,5.775356769561768,1724343600,0.0029173612028199347,0.5094069187358596,9991339317.289162
2008-01-22,4.677632808685303,5.558570861816406,5.713571071624756,5.214285850524902,5.2878570556640625,2434754000,-0.03609251801775115,0.5082855213061965,13380131997.574171
2008-01-23,4.179635524749756,4.966785907745361,5.0,4.505000114440918,4.86392879486084,3372969600,-0.1125681241554779,0.5952396914595415,16270964770.179747
2008-01-24,4.075347900390625,4.8428568840026855,5.025000095367432,4.7146430015563965,4.999642848968506,2005866800,-0.025267930321380083,0.5761411186361332,9750184190.91371
2008-01-25,3.9073452949523926,4.643214225769043,4.96750020980835,4.628929138183594,4.963929176330566,1554739200,-0.04209792667071954,0.5765825479615798,7379644019.384766
2008-01-28,3.9073452949523926,4.643214225769043,4.757143020629883,4.51607084274292,4.57714319229126,1474844000,0.0,0.5774287066328473,6841520156.234106
2008-01-29,3.953326940536499,4.697856903076172,4.742499828338623,4.60892915725708,4.683928966522217,1099982800,0.011699297128282327,0.5809423727775912,5151324276.607259
2008-01-30,3.9725635051727295,4.720714092254639,4.837500095367432,4.642857074737549,4.69178581237793,1243051600,0.004854117664055968,0.5864218312340362,5884221451.463382
2008-01-31,4.0681352615356445,4.834286212921143,4.880356788635254,4.621428966522217,4.623213768005371,1345674400,0.023773122265960955,0.6058757433309603,6430561681.333669
2008-02-01,4.019749164581299,4.776785850524902,4.878213882446289,4.720714092254639,4.865714073181152,1010744000,-0.011965223951372339,0.602566158100992,4843388831.521353
2008-02-04,3.956634998321533,4.701786041259766,4.853570938110352,4.693571090698242,4.793213844299316,899234000,-0.015825587686456144,0.5607345381983134,4271040194.71995
2008-02-05,3.8878097534179688,4.619999885559082,4.785714149475098,4.603570938110352,4.658214092254639,1141042000,-0.01754796246044954,0.5607121667675149,5328394181.442261
2008-02-06,3.666611671447754,4.357142925262451,4.711429119110107,4.348928928375244,4.672500133514404,1573272400,-0.05857796834522255,0.5758911539754239,7036461319.132423
2008-02-07,3.6437690258026123,4.329999923706055,4.4564290046691895,4.18821382522583,4.284643173217773,2083331600,-0.0062493927291109586,0.5297336146182595,9010161082.429377
2008-02-08,3.7711997032165527,4.481429100036621,4.489285945892334,4.3428568840026855,4.360000133514404,1355972800,0.03437458190977516,0.5607338006731524,6017613802.6102705
2008-02-11,3.8905136585235596,4.623213768005371,4.6421427726745605,4.5428571701049805,4.571785926818848,1201432400,0.03114802030363295,0.5828721884313449,5529878446.087074
2008-02-12,3.7525651454925537,4.459286212921143,4.6785712242126465,4.414999961853027,4.6678571701049805,1225980000,-0.0361015498735795,0.5587285504274455,5538510704.669952
2008-02-13,3.8890111446380615,4.621428966522217,4.635000228881836,4.486785888671875,4.524285793304443,968534000,0.035715275919270706,0.5699974812402129,4436923692.746798
2008-02-14,3.8307058811187744,4.552143096923828,4.67142915725708,4.536070823669434,4.621428966522217,954097200,-0.015105831476716736,0.5473464857927635,4376012311.192131
2008-02-15,3.745652437210083,4.451070785522461,4.538570880889893,4.430714130401611,4.509643077850342,901300400,-0.022453272036153216,0.5440738750761442,4031924015.936915
2008-02-19,3.672020196914673,4.3635711669921875,4.526785850524902,4.3371429443359375,4.499642848968506,1005046000,-0.019853844346618965,0.5414997964303062,4431415308.886846
2008-02-20,3.721309185028076,4.42214298248291,4.449999809265137,4.345714092254639,4.364285945892334,967439200,0.013333564838653666,0.5429836762342699,4262490963.19135
2008-02-21,3.652785301208496,4.340713977813721,4.516786098480225,4.316429138183594,4.501786231994629,938114800,-0.018585565024844763,0.4012994173207765,4119552656.751251
2008-02-22,3.59027361869812,4.2664289474487305,4.375357151031494,4.138214111328125,4.37428617477417,1529878000,-0.01726155630263948,0.3975797425915955,6517280386.993726
2008-02-25,3.598688840866089,4.276429176330566,4.291786193847656,4.166429042816162,4.23535680770874,1256774400,0.0023411517472646803,0.3763778636528068,5334858363.78479
2008-02-26,3.58095645904541,4.255356788635254,4.324643135070801,4.122857093811035,4.2014288902282715,1504888000,-0.004939636189752683,0.3760853689463183,6372125697.125752
2008-02-27,3.695462465286255,4.3914289474487305,4.3946428298950195,4.21750020980835,4.222499847412109,1475138000,0.03147577426015147,0.39258873076151674,6394021057.994524
2008-02-28,3.9043397903442383,4.63964319229126,4.721428871154785,4.491786003112793,4.5428571701049805,1618254400,0.054982994903475246,0.4411323438729737,7472482839.594777
2008-02-29,3.757373571395874,4.465000152587891,4.650356769561768,4.4571428298950195,4.617499828338623,1255480800,-0.03836850614603304,0.44970718383105024,5680004282.232285
2008-03-03,3.658496379852295,4.347499847412109,4.49928617477417,4.214285850524902,4.444285869598389,1593043200,-0.026667957253963204,0.45583463717204387,6935617243.8446045
2008-03-04,3.745352029800415,4.450714111328125,4.460000038146973,4.300000190734863,4.356785774230957,1785383600,0.023463374673647452,0.46395626563776726,7862064242.431894
2008-03-05,3.741445302963257,4.446071147918701,4.46928596496582,4.3660712242126465,4.413570880889893,1221836000,-0.0010436310796475556,0.46082406768276474,5409242424.561819
2008-03-06,3.6344544887542725,4.318929195404053,4.5535712242126465,4.314642906188965,4.450356960296631,1473698800,-0.02901295356447653,0.4249804109993907,6477959098.222606
2008-03-07,3.6741251945495605,4.3660712242126465,4.3921427726745605,4.251786231994629,4.300356864929199,1230462800,0.010856034174748785,0.42615341660287664,5336107103.210196
2008-03-10,3.597184658050537,4.2746429443359375,4.409286022186279,4.263214111328125,4.356429100036621,999588800,-0.021163561949494758,0.41352057248805074,4313939737.53891
2008-03-11,3.8274011611938477,4.548213958740234,4.552856922149658,4.357142925262451,4.432143211364746,1163943200,0.062034524804209346,0.4566186701990744,5221532147.939047
2008-03-12,3.7877283096313477,4.501070976257324,4.595714092254639,4.4703569412231445,4.537143230438232,1059629200,-0.01041957609412214,0.4399550224530568,4792046611.354001
2008-03-13,3.8451309204101562,4.569285869598389,4.625,4.392857074737549,4.432143211364746,1262102800,0.015041203110044421,0.4246320551927305,5716123718.015544
2008-03-14,3.8051607608795166,4.521786212921143,4.653571128845215,4.435713768005371,4.638570785522461,1156640800,-0.010449411575652823,0.4229254651193739,5247706725.75442
2008-03-17,3.808767557144165,4.526071071624756,4.59250020980835,4.376786231994629,4.376786231994629,1072598800,0.0009474206700634813,0.41518341938676645,4825034758.157857
2008-03-18,3.9917962551116943,4.743570804595947,4.75,4.5953569412231445,4.6135711669921875,1205120000,0.046935657854202395,0.4369798274145888,5659616201.680502
2008-03-19,3.8971264362335205,4.631071090698242,4.7960710525512695,4.631071090698242,4.75428581237793,1010536800,-0.024001848513417245,0.4461164198100067,4735447271.717072
2008-03-20,4.005321502685547,4.759643077850342,4.760356903076172,4.6135711669921875,4.682857036590576,908787600,0.02738438229103024,0.4473377588976648,4281471400.9820943
2008-03-24,4.193462371826172,4.983213901519775,5.0303568840026855,4.772857189178467,4.786070823669434,1066920400,0.04590288180065838,0.4615838822341294,5258647216.446368
2008-03-25,4.237039089202881,5.034999847412109,5.110713958740234,4.9046430587768555,4.998570919036865,1052391200,0.010337962854775062,0.46122896128184415,5279621040.503693
2008-03-26,4.3596601486206055,5.180714130401611,5.204999923706055,5.022857189178467,5.031071186065674,1182084400,0.02852940947770044,0.46377598841708606,6071410564.325714
2008-03-27,4.21510124206543,5.0089287757873535,5.189642906188965,4.999642848968506,5.176785945892334,999829600,-0.03372049612358374,0.48001869011553044,5065208251.729584
2008-03-28,4.298048973083496,5.107500076293945,5.166070938110352,5.057143211364746,5.064286231994629,714610400,0.019487581909095386,0.4496688532505309,3651829275.0541687
2008-03-31,4.312775135040283,5.125,5.2039289474487305,5.090000152587891,5.116786003112793,768065200,0.0034203872077078756,0.42147564017447364,3947580954.335149
2008-04-01,4.4940009117126465,5.340356826782227,5.34499979019165,5.128929138183594,5.224999904632568,1032567200,0.041161796884412905,0.41874575094500754,5443104254.067612
2008-04-02,4.432690143585205,5.267499923706055,5.400000095367432,5.208929061889648,5.313570976257324,1044968400,-0.013736720996319507,0.42374316663157713,5530122231.482506
2008-04-03,4.556515216827393,5.414642810821533,5.486785888671875,5.25,5.252142906188965,1051568000,0.027551468895193,0.4272272906784112,5661441858.222961
2008-04-04,4.600697040557861,5.4671430587768555,5.525356769561768,5.3839287757873535,5.435357093811035,854417200,0.009649698036212628,0.403171917620212,4664100757.979075
2008-04-07,4.685147762298584,5.567500114440918,5.703214168548584,5.539642810821533,5.576070785522461,1158326400,0.018189632066251793,0.4037564013696591,6490626805.062866
2008-04-08,4.593479633331299,5.458570957183838,5.587500095367432,5.440000057220459,5.48392915725708,1014294400,-0.01975962772003692,0.4023233449412993,5573909868.2144165
2008-04-09,4.551406383514404,5.408570766448975,5.496070861816406,5.373570919036865,5.4753570556640625,873398400,-0.009201546437079822,0.36495208592953554,4739121597.891235
2008-04-10,4.64487361907959,5.5196428298950195,5.550714015960693,5.378571033477783,5.397500038146973,955763200,0.020327883466592978,0.3601680843975857,5240426648.840332
2008-04-11,4.422172546386719,5.255000114440918,5.474999904632568,5.228570938110352,5.454286098480225,1210076000,-0.04913306228529346,0.41374895502515213,6437027903.195063
2008-04-14,4.441407680511475,5.277856826782227,5.330357074737549,5.162143230438232,5.241786003112793,845087600,0.004340269694233401,0.4090309849956724,4442444419.929758
2008-04-15,4.4594407081604,5.299285888671875,5.347143173217773,5.204286098480225,5.335713863372803,698037200,0.0040519850545781555,0.4085229868261927,3688129609.5140457
2008-04-16,4.619330406188965,5.489285945892334,5.503571033477783,5.37928581237793,5.4185709953308105,795774000,0.03522640445365077,0.3962444397149159,4342841852.653503
2008-04-17,4.643071174621582,5.517499923706055,5.5714287757873535,5.476786136627197,5.506071090698242,704267200,0.005126277502701226,0.37972201398273076,3888896534.5443726
2008-04-18,4.8399271965026855,5.751429080963135,5.795000076293945,5.656428813934326,5.682857036590576,1026765600,0.04152364020339894,0.39143199203966056,5887767595.501709
2008-04-21,5.053912162780762,6.005713939666748,6.017857074737549,5.7771430015563965,5.793213844299316,1039152800,0.043262950501837594,0.3884305207306083,6165887270.5616
2008-04-22,4.814680576324463,5.721428871154785,6.0,5.646070957183838,5.978570938110352,1439572400,-0.048492925311597546,0.4368244901584683,8333924469.9603405
2008-04-23,4.895525932312012,5.817500114440918,5.887143135070801,5.752857208251953,5.85892915725708,1504190800,0.01665200921053578,0.4311354684623167,8753137193.18797
2008-04-24,5.077354431152344,6.033570766448975,6.070713996887207,5.685357093811035,5.90500020980835,1696066400,0.03646863169621839,0.41827270103407066,10057471273.980331
2008-04-25,5.101098537445068,6.06178617477417,6.110713958740234,5.943571090698242,6.096428871154785,992474000,0.004665571366669452,0.4168677661700152,5993243224.05974
2008-04-28,5.176532745361328,6.151429176330566,6.205357074737549,6.0403571128845215,6.0625,787214400,0.014679561942347874,0.4169371022911747,4827498724.989319
2008-04-29,5.260984897613525,6.251786231994629,6.273571014404297,6.080357074737549,6.1110711097717285,923476400,0.016182774137641687,0.4014233394925567,5727312693.5705185
2008-04-30,5.227925777435303,6.212500095367432,6.4285712242126465,6.175714015960693,6.292500019073486,1139524400,-0.006303653577047319,0.397181547727168,7147395339.803633
2008-05-01,5.409753322601318,6.4285712242126465,6.4285712242126465,6.244999885559082,6.248570919036865,903576800,0.03418889672004277,0.40188167939125,5753417547.762045
2008-05-02,5.438004493713379,6.4621429443359375,6.497142791748047,6.376786231994629,6.435357093811035,1006082000,0.0052086773068409364,0.4020267460294969,6484557985.929489
2008-05-05,5.551909446716309,6.597499847412109,6.618214130401611,6.466071128845215,6.497142791748047,854557200,0.02072974047801246,0.4029043618388541,5606403723.916054
2008-05-06,5.6099162101745605,6.666429042816162,6.682857036590576,6.506429195404053,6.59499979019165,918870400,0.010393870583293552,0.3895530348491373,6081609678.9505005
2008-05-07,5.487591743469238,6.521070957183838,6.721428871154785,6.447856903076172,6.6446428298950195,1157133600,-0.022046286736117082,0.39992513522114975,7594791123.302078
2008-05-08,5.561826705932617,6.609285831451416,6.660714149475098,6.538214206695557,6.56321382522583,899085600,0.013437101646951444,0.39824949666585885,5936426712.602234
2008-05-09,5.513439655303955,6.551785945892334,6.580357074737549,6.477499961853027,6.541429042816162,673072400,-0.00873791327760487,0.34489078874424567,4399569821.787643
2008-05-12,5.654994487762451,6.71999979019165,6.745357036590576,6.5303568840026855,6.614643096923828,818563200,0.025350449554425003,0.3474086163226001,5455918467.127991
2008-05-13,5.7090935707092285,6.784286022186279,6.837500095367432,6.709286212921143,6.7360711097717285,823236400,0.009521132069746141,0.3463301447966131,5579092931.159909
2008-05-14,5.597893238067627,6.6521430015563965,6.865714073181152,6.627500057220459,6.8296427726745605,916823600,-0.01966994741331507,0.3526656808199559,6156579616.335806
2008-05-15,5.7021803855896,6.776071071624756,6.7821431159973145,6.57857084274292,6.671785831451416,873208000,0.018458306015192383,0.3535467170542568,5861200594.264984
2008-05-16,5.638766765594482,6.700714111328125,6.79642915725708,6.6785712242126465,6.789642810821533,765769200,-0.011183242466425991,0.3416744677823495,5149980248.8594055
2008-05-19,5.517949104309082,6.557143211364746,6.73892879486084,6.474999904632568,6.709286212921143,945820400,-0.02165913084133586,0.3300155518688586,6233294381.052208
2008-05-20,5.587074279785156,6.639286041259766,6.648571014404297,6.432857036590576,6.493570804595947,969850000,0.012449513322812633,0.2686044333433348,6375378187.457721
2008-05-21,5.3553547859191895,6.36392879486084,6.712500095367432,6.294642925262451,6.631071090698242,1157657200,-0.04235881058836921,0.3164351942420244,7475020252.973302
2008-05-22,5.3210930824279785,6.323214054107666,6.476070880889893,6.142857074737549,6.4021430015563965,1206735600,-0.006418206041285179,0.29594802565323813,7619385701.1343
2008-05-23,5.444916725158691,6.4703569412231445,6.499642848968506,6.349999904632568,6.456070899963379,906917200,0.023003713579571983,0.30443923515582455,5840546675.743611
2008-05-27,5.603001117706299,6.658214092254639,6.658214092254639,6.494286060333252,6.526785850524902,789905200,0.02861990561712191,0.3146753943043803,5216195399.238396
2008-05-28,5.620434284210205,6.678928852081299,6.712500095367432,6.561429023742676,6.693213939666748,743979600,0.0031065676238857254,0.31151102916851214,4948173097.421265
2008-05-29,5.610816478729248,6.667500019073486,6.721428871154785,6.625,6.670000076293945,647186400,-0.0017126868654171457,0.3101287132157333,4317580862.774277
2008-05-30,5.672726154327393,6.7410712242126465,6.769286155700684,6.692142963409424,6.694643020629883,610184400,0.010973556598026457,0.29102782266038774,4109083516.830063
2008-06-02,5.593086242675781,6.646429061889648,6.773213863372803,6.590356826782227,6.735713958740234,679840000,-0.01413856995009044,0.29630284063195755,4534532743.810018
2008-06-03,5.571144104003906,6.620357036590576,6.721428871154785,6.512143135070801,6.6735711097717285,750520400,-0.0039307979579696894,0.288211993100891,4966926255.595335
2008-06-04,5.565735340118408,6.61392879486084,6.681786060333252,6.543929100036621,6.572143077850342,726983600,-0.0009713249277567559,0.28580584596034453,4807698595.097288
2008-06-05,5.693163871765137,6.76535701751709,6.78000020980835,6.632143020629883,6.65500020980835,755445600,0.022637021749533526,0.2849646777805595,5081001260.438919
2008-06-06,5.579257965087891,6.630000114440918,6.783928871154785,6.626786231994629,6.714285850524902,966422800,-0.020210347953488084,0.2914144094758699,6455934704.862086
2008-06-09,5.458141326904297,6.4860711097717285,6.605000019073486,6.276785850524902,6.599643230438232,1888392800,-0.021947470899263744,0.29995299395318914,12191373890.424093
2008-06-10,5.579257965087891,6.630000114440918,6.670713901519775,6.393570899963379,6.446785926818848,1140941200,0.021947470899263744,0.29646797942684694,7490007021.705437
2008-06-11,5.434097766876221,6.457499980926514,6.642857074737549,6.413928985595703,6.583570957183838,961550800,-0.02636228384505923,0.30673579177688204,6254659118.134053
2008-06-12,5.207190990447998,6.187857151031494,6.521429061889648,6.114285945892334,6.481785774230957,1308333600,-0.042652949474270674,0.3322232749587957,8209170642.466736
2008-06-13,5.180440902709961,6.156071186065674,6.21999979019165,5.903929233551025,6.130000114440918,1345957200,-0.005150384061590962,0.32235116798095126,8201365966.13102
2008-06-16,5.31478214263916,6.315713882446289,6.353570938110352,6.038214206695557,6.117856979370117,1051730400,0.025601852795979152,0.3379176057885911,6558415144.977188
2008-06-17,5.452731132507324,6.479642868041992,6.499642848968506,6.336071014404297,6.360713958740234,899656800,0.02562458658608513,0.34448179136592827,5792397342.614365
2008-06-18,5.372186660766602,6.3839287757873535,6.507143020629883,6.333929061889648,6.468571186065674,811468000,-0.014881583349063865,0.34442008095037213,5200157665.49619
2008-06-19,5.436802864074707,6.460713863372803,6.512143135070801,6.314286231994629,6.376786231994629,791949200,0.011956154254062046,0.3140766491907884,5091479217.210325
2008-06-20,5.2675957679748535,6.259643077850342,6.464285850524902,6.25,6.4053568840026855,888367200,-0.03161713184263437,0.33286606546328534,5618605371.699905
2008-06-23,5.204183101654053,6.184286117553711,6.281428813934326,6.127142906188965,6.240714073181152,645780800,-0.01211130262428961,0.3236611912469225,4002303536.2337747
2008-06-24,5.206890106201172,6.1875,6.277856826782227,6.129642963409424,6.156071186065674,621947200,0.0005200241231768654,0.3038763466151936,3855036017.8367615
2008-06-25,5.33131217956543,6.335357189178467,6.386785984039307,6.210000038146973,6.2360711097717285,644450800,0.023614626468512423,0.31760865198709,4066944946.09286
2008-06-26,5.056917190551758,6.009285926818848,6.244286060333252,6.000357151031494,6.216785907745361,869610000,-0.05284034866276066,0.36189746998334776,5291266439.285278
2008-06-27,5.111916542053223,6.074643135070801,6.091785907745361,5.862500190734863,5.946785926818848,1042249600,0.010817344300990905,0.3618099153284682,6263548094.032288
2008-06-30,5.032273292541504,5.980000019073486,6.142857074737549,5.950714111328125,6.078214168548584,684196800,-0.015702562210754945,0.36233658193635393,4121959861.0427856
2008-07-01,5.2498650550842285,6.2385711669921875,6.239999771118164,5.857142925262451,5.865356922149658,1111280800,0.04233054363792621,0.3980970727548224,6792042256.886673
2008-07-02,5.054512977600098,6.006429195404053,6.337500095367432,6.006429195404053,6.257143020629883,837519200,-0.037920869337124685,0.4158877420416942,5122925853.018316
2008-07-03,5.112819194793701,6.075714111328125,6.148929119110107,5.919642925262451,6.056786060333252,523362000,0.011469450466885078,0.4083248139370228,3165343297.006607
2008-07-07,5.2642903327941895,6.255713939666748,6.326070785522461,6.139286041259766,6.184286117553711,820391600,0.029195393298794503,0.42128093212248796,5119536399.933434
2008-07-08,5.3962297439575195,6.412499904632568,6.4178571701049805,6.169285774230957,6.264286041259766,888350400,0.024754167246514358,0.42564602247919153,5626113441.579437
2008-07-09,5.236941814422607,6.223214149475098,6.461071014404297,6.21928596496582,6.435713768005371,895776000,-0.029962809397928503,0.4289211221043376,5644455110.50415
2008-07-10,5.3084716796875,6.30821418762207,6.333570957183838,6.120357036590576,6.247142791748047,840688800,0.013566269801197128,0.4239301665806561,5257707598.635864
2008-07-11,5.186751842498779,6.163570880889893,6.325356960296631,6.107142925262451,6.266786098480225,930011600,-0.023196322535146585,0.4048561672041839,5764853842.406145
2008-07-14,5.225821495056152,6.210000038146973,6.403571128845215,6.181428909301758,6.401429176330566,886054400,0.007504357403783857,0.4052723489320191,5551130838.533529
2008-07-15,5.098392963409424,6.058570861816406,6.204999923706055,5.942500114440918,6.159999847412109,1040043200,-0.024686624566316873,0.4032681192598209,6311700079.408264
2008-07-16,5.193663120269775,6.171785831451416,6.1760711669921875,6.021429061889648,6.07857084274292,747790400,0.018513866875457197,0.3978269943301149,4578791923.590342
2008-07-17,5.163608551025391,6.13607120513916,6.24928617477417,6.121070861816406,6.2178568840026855,757526000,-0.005803585066672889,0.3954809188569317,4673033520.08152
2008-07-18,4.9634480476379395,5.898213863372803,6.058928966522217,5.892857074737549,6.018570899963379,868414400,-0.03953499655692605,0.4123814844988677,5167065652.39385
2008-07-21,4.997711181640625,5.938929080963135,5.982142925262451,5.75428581237793,5.960713863372803,1360469600,0.006879373844229875,0.40192541977362967,8015595660.444132
2008-07-22,4.869377136230469,5.786428928375244,5.812857151031494,5.233213901519775,5.3214287757873535,1879592400,-0.026014013146238524,0.40887593737723127,10546079679.049873
2008-07-23,4.996808052062988,5.937857151031494,6.013214111328125,5.769999980926514,5.892499923706055,1061768400,0.025833288179088587,0.42107251081233665,6271891153.423309
2008-07-24,4.779516696929932,5.679643154144287,5.9021430015563965,5.658928871154785,5.868570804595947,839619200,-0.04445988702672321,0.43443052056858866,4825211786.092123
2008-07-25,4.872385501861572,5.789999961853027,5.8214287757873535,5.666070938110352,5.728570938110352,633637200,0.019244221312581633,0.4060364504944962,3649222172.514534
2008-07-28,4.640368938446045,5.514286041259766,5.802499771118164,5.50071382522583,5.79785680770874,780712800,-0.04878977760182357,0.4339982520024275,4376545743.690872
2008-07-29,4.720911026000977,5.610000133514404,5.694643020629883,5.487500190734863,5.550356864929199,684070800,0.01720791928258425,0.4385311585672996,3829004977.2153854
2008-07-30,4.805062294006348,5.710000038146973,5.731785774230957,5.574285984039307,5.635000228881836,725183200,0.01766821179569078,0.4138808087077956,4113256465.5852003
2008-07-31,4.777113437652588,5.676785945892334,5.7928571701049805,5.606429100036621,5.626429080963135,637498400,-0.005833525995506683,0.39564898644967444,3628656238.668696
2008-08-01,4.70828914642334,5.59499979019165,5.713929176330566,5.5625,5.710713863372803,544639200,-0.014511877266187634,0.39403175537041735,3062947191.727829
2008-08-04,4.605203151702881,5.472499847412109,5.639286041259766,5.461071014404297,5.5928568840026855,592527600,-0.022137819293623684,0.3790841069397138,3273291708.6410522
2008-08-05,4.827903747558594,5.737143039703369,5.742856979370117,5.529285907745361,5.550714015960693,688371600,0.04722558254336784,0.40933388918268115,3902903122.7672577
2008-08-06,4.934597492218018,5.86392879486084,5.978570938110352,5.642857074737549,5.713213920593262,791408800,0.02185874095885132,0.40967962791891865,4612688416.253535
2008-08-07,4.915963172912598,5.841785907745361,5.933928966522217,5.767857074737549,5.811070919036865,672372400,-0.00378340729361315,0.405227335654805,3931937858.6417513
2008-08-08,5.095686435699463,6.055356979370117,6.058928966522217,5.848214149475098,5.852142810821533,713997200,0.0359066845156768,0.4209446172425649,4275058257.6973596
2008-08-11,5.2162041664123535,6.19857120513916,6.3035712242126465,6.059642791748047,6.0739288330078125,891304400,0.023375581271392276,0.42844508668002007,5514733613.140425
2008-08-12,5.311476230621338,6.31178617477417,6.403213977813721,6.196785926818848,6.197143077850342,836278800,0.01809983995759934,0.42303684398714736,5271841922.780991
2008-08-13,5.388714790344238,6.403571128845215,6.4285712242126465,6.2821431159973145,6.356429100036621,842346400,0.014437106989340753,0.4212688242509174,5366949851.143646
2008-08-14,5.389316082000732,6.404285907745361,6.444643020629883,6.351428985595703,6.368928909301758,711300800,0.00011157727496602377,0.4204121421859303,4552409981.497955
2008-08-15,5.2817230224609375,6.276429176330566,6.419642925262451,6.251786231994629,6.394286155700684,708251600,-0.020166115918219374,0.4011184187562003,4473283660.445595
2008-08-18,5.271203994750977,6.2639288902282715,6.3503570556640625,6.207857131958008,6.270357131958008,552014400,-0.001993576033769262,0.4012418338096619,3463364672.6112366
2008-08-19,5.215301990509033,6.197500228881836,6.3239288330078125,6.13607120513916,6.2335710525512695,616204400,-0.010661803630332312,0.39079588124027426,3832277919.1814423
2008-08-20,5.284729957580566,6.28000020980835,6.319285869598389,6.200356960296631,6.241786003112793,506951200,0.013224527173957057,0.38406571748023616,3176833866.18309
2008-08-21,5.238142967224121,6.224643230438232,6.26607084274292,6.1389288902282715,6.2310709953308105,539744800,-0.00885448205342465,0.346808532723707,3351750971.7856092
2008-08-22,5.31328010559082,6.313929080963135,6.339285850524902,6.270357131958008,6.279285907745361,439611200,0.014242326923343596,0.34456845072153885,2773004741.032664
2008-08-25,5.185847759246826,6.162499904632568,6.293929100036621,6.130713939666748,6.291070938110352,484425200,-0.02427603629343622,0.3051313363108889,3001360146.0795083
2008-08-26,5.2186102867126465,6.2014288902282715,6.24571418762207,6.164642810821533,6.170000076293945,445550000,0.006297807268320632,0.3022030395137312,2764160400.8992515
2008-08-27,5.249563694000244,6.238214015960693,6.2771430015563965,6.1496429443359375,6.189642906188965,477780800,0.005913829395016945,0.29871635096848886,2972592871.258036
2008-08-28,5.221611976623535,6.204999923706055,6.294642925262451,6.169642925262451,6.260000228881836,431384800,-0.005338805239805344,0.2985071371355223,2684548703.2864885
2008-08-29,5.095087051391602,6.054643154144287,6.1964287757873535,6.037143230438232,6.177143096923828,599289600,-0.024529409825842174,0.3083733127660364,3653312382.723999
2008-09-02,4.994705677032471,5.935357093811035,6.1964287757873535,5.892857074737549,6.1571431159973145,780763200,-0.019898265332247034,0.30607508852953247,4690992634.692383
2008-09-03,5.017846584320068,5.962856769561768,6.024285793304443,5.857142925262451,5.958570957183838,734834800,0.004622387556505458,0.2628019378456973,4370867319.270642
2008-09-04,4.845335483551025,5.757856845855713,5.996786117553711,5.743214130401611,5.9235711097717285,743386000,-0.034984388207428774,0.28141416964679333,4335887331.179936
2008-09-05,4.814079284667969,5.720714092254639,5.800000190734863,5.630356788635254,5.663928985595703,786884000,-0.00647167736843568,0.2819129508925927,4498634469.708124
2008-09-08,4.746157169342041,5.639999866485596,5.8889288902282715,5.409286022186279,5.877500057220459,1045979200,-0.014209535192996947,0.25073718483354834,5905673447.954051
2008-09-09,4.558618545532227,5.417142868041992,5.712856769561768,5.349643230438232,5.602142810821533,1245025600,-0.04031564654874864,0.2611618215237061,6839192416.523234
2008-09-10,4.556515216827393,5.414642810821533,5.5353569984436035,5.314286231994629,5.440000057220459,973142800,-0.0004615025510323889,0.24639779299482265,5275824286.064148
2008-09-11,4.587771415710449,5.451786041259766,5.463929176330566,5.214285850524902,5.292142868041992,971135200,0.006836251282822614,0.23910213566656088,5221470604.428101
2008-09-12,4.4762701988220215,5.319285869598389,5.38964319229126,5.232142925262451,5.38964319229126,793027200,-0.024604221055010367,0.24372389240720554,4213901227.656555
2008-09-15,4.218404769897461,5.012856960296631,5.2746429443359375,5.012856960296631,5.072500228881836,920634400,-0.0593331147934566,0.29750167881321327,4695344954.043324
2008-09-16,4.203979969024658,4.99571418762207,5.089285850524902,4.7196431159973145,4.78071403503418,1199836400,-0.0034253517082944995,0.29698178009626447,5921049915.117708
2008-09-17,3.8418264389038086,4.565357208251953,4.946785926818848,4.565357208251953,4.946071147918701,1200455200,-0.09008379960905821,0.4029927394357678,5633136163.381195
2008-09-18,4.029966831207275,4.788928985595703,4.836785793304443,4.309999942779541,4.663214206695557,1676253600,0.047810256802761186,0.44896201605428393,7786597323.59619
2008-09-19,4.234933853149414,5.03249979019165,5.150000095367432,4.868214130401611,5.0928568840026855,1430875600,0.049609563435928594,0.4994030763630102,7178566482.672055
2008-09-22,3.938601016998291,4.680356979370117,5.0089287757873535,4.666429042816162,4.997857093811035,856713200,-0.07254212046192099,0.534004736312745,4099576787.6197815
2008-09-23,3.8120737075805664,4.53000020980835,4.849999904632568,4.523571014404297,4.708929061889648,1280364400,-0.032652267152333936,0.5366240651537313,5933879168.747075
2008-09-24,3.8682756423950195,4.596786022186279,4.676785945892334,4.4696431159973145,4.5453572273254395,1047015200,0.014635516028385531,0.5416215663601879,4796451696.632257
2008-09-25,3.965050220489502,4.711785793304443,4.813929080963135,4.590000152587891,4.635714054107666,1006045600,0.024709683650910197,0.5545042845918702,4733684331.207275
2008-09-26,3.85414719581604,4.579999923706055,4.635714054107666,4.392857074737549,4.461071014404297,1126451200,-0.02836875869473765,0.5556787661032913,5109797064.14388
2008-09-29,3.163503646850586,3.7592859268188477,4.274285793304443,3.5924999713897705,4.2721428871154785,2622057200,-0.19746959986733992,0.8411389062307756,10161408328.816002
2008-09-30,3.415959358215332,4.059286117553711,4.107142925262451,3.796428918838501,3.8660709857940674,1626682400,0.07677821598364631,0.9104771476903714,6486590166.641171
2008-10-01,3.279512643814087,3.8971428871154785,4.012856960296631,3.8353569507598877,3.997143030166626,1296484000,-0.04076355122429676,0.9091823135084325,5075889054.373741
2008-10-02,3.0084245204925537,3.575000047683716,3.885356903076172,3.5714290142059326,3.8575000762939453,1609364400,-0.08627830054078345,0.9358630847114797,5918054533.478546
2008-10-03,2.9173598289489746,3.4667859077453613,3.8035709857940674,3.380357027053833,3.7142860889434814,2294398400,-0.030737487507086714,0.9339557898479657,8145660326.088969
2008-10-06,2.9495177268981934,3.505000114440918,3.5278570652008057,3.1264290809631348,3.2842860221862793,2107417200,0.01096263547419718,0.9416635998844458,7136618201.77412
2008-10-07,2.679630994796753,3.184286117553711,3.625,3.176785945892334,3.588571071624756,1878772000,-0.09596257804547281,0.9731278581946303,6253850860.928217
2008-10-08,2.6985654830932617,3.2067859172821045,3.440356969833374,3.059999942779541,3.068213939666748,2207741200,0.007041232726857638,0.9760058276273144,7143619719.947943
2008-10-09,2.6670093536376953,3.169286012649536,3.421428918838501,3.0928568840026855,3.3339290618896484,1617383600,-0.011762576891549803,0.9701793751845983,5220683414.598973
2008-10-10,2.909245252609253,3.4571430683135986,3.5714290142059326,3.0357139110565186,3.06071400642395,2219299600,0.08693593180892312,1.0474950026757466,7445221959.942976
2008-10-13,3.3137738704681396,3.937856912612915,3.947499990463257,3.6078569889068604,3.733928918838501,1539076000,0.13019399787753838,1.160488887295874,5896309888.005892
2008-10-14,3.128039836883545,3.7171430587768555,4.1571431159973145,3.6835711002349854,4.1521430015563965,1980994400,-0.05768112387737867,1.170535412228472,7632016845.930799
2008-10-15,2.9438071250915527,3.49821400642395,3.8214290142059326,3.4960711002349854,3.708570957183838,1584175600,-0.0607028740329727,1.1509700984475735,5711330135.616526
2008-10-16,3.062221050262451,3.6389288902282715,3.6939289569854736,3.2764289379119873,3.563214063644409,1980521200,0.03943680194813415,1.1457198280261314,7003972464.940453
2008-10-17,2.9272775650024414,3.4785709381103516,3.6442859172821045,3.067500114440918,3.557142972946167,1762227600,-0.0450676537024981,1.1264317587072594,5985909435.364246
2008-10-20,2.958533525466919,3.515713930130005,3.572499990463257,3.3442859649658203,3.563570976257324,1549170000,0.010620882592974334,1.1127909381497403,5387238615.903854
2008-10-21,2.749657154083252,3.2674999237060547,3.496428966522217,3.255713939666748,3.4625000953674316,2193660000,-0.07321748232026559,1.1299356132756473,7326563230.075836
2008-10-22,2.911349296569824,3.4596428871154785,3.6160709857940674,3.3189289569854736,3.4774999618530273,2248808800,0.05714041685226623,1.1539295389690518,7791854756.241608
2008-10-23,2.9522218704223633,3.508213996887207,3.544642925262451,3.2821431159973145,3.4467859268188477,1675430400,0.013941413754885223,1.1499479183397938,5771857749.304199
2008-10-24,2.8966217041015625,3.442142963409424,3.496428966522217,3.2182140350341797,3.2260708808898926,1590058400,-0.019012934956725847,1.1490068100226312,5383294280.198669
2008-10-27,2.7676916122436523,3.288928985595703,3.486785888671875,3.2807140350341797,3.3953568935394287,1208771200,-0.045531508527360876,0.9461202538483,4051973880.1371255
2008-10-28,3.002713203430176,3.568213939666748,3.5892860889434814,3.29892897605896,3.4082140922546387,1634133200,0.08150266130021722,0.951497403593052,5695732596.657626
2008-10-29,3.142165422439575,3.733928918838501,3.9121429920196533,3.5692861080169678,3.6021430492401123,1950978400,0.045395906131676655,0.9590086200791578,7293640414.364052
2008-10-30,3.33721661567688,3.9657139778137207,4.006785869598389,3.8432140350341797,3.865356922149658,1638089600,0.06022492374201627,0.9305805474793339,6451732675.80363
2008-10-31,3.233530044555664,3.8424999713897705,3.9564290046691895,3.755000114440918,3.835714101791382,1659756000,-0.03156267744788588,0.9309862125944467,6392234377.177238
2008-11-03,3.2145957946777344,3.819999933242798,3.8964290618896484,3.744999885559082,3.7832140922546387,1057938000,-0.005872808555532183,0.9314825618772439,4041827049.0603447
2008-11-04,3.33571457862854,3.9639289379119873,3.992500066757202,3.809643030166626,3.9282140731811523,1398681200,0.03698529791366534,0.8621558791634478,5485661250.9902
2008-11-05,3.1045968532562256,3.68928599357605,3.9185709953308105,3.6782140731811523,3.8896429538726807,1256455200,-0.07180305383607366,0.908564988913864,4726814224.510002
2008-11-06,2.97836971282959,3.539285898208618,3.6707139015197754,3.5,3.608928918838501,1319074400,-0.04150779445024022,0.9220364978305835,4709095519.942284
2008-11-07,2.9525229930877686,3.508570909500122,3.566071033477783,3.4185709953308105,3.544286012649536,1095253600,-0.008716017858450442,0.8737409482103464,3830909748.749733
2008-11-10,2.8815958499908447,3.424285888671875,3.585714101791382,3.375,3.577500104904175,1123822000,-0.02431580146316481,0.738330328192045,3890297153.094133
2008-11-11,2.848235607147217,3.384643077850342,3.4703569412231445,3.2950000762939453,3.386070966720581,1224538000,-0.011644537906535302,0.7153246337006472,4143020272.260348
2008-11-12,2.7084834575653076,3.2185709476470947,3.3299999237060547,3.2146430015563965,3.3010709285736084,1178976400,-0.05031084885954762,0.70591232091101,3836866248.104318
2008-11-13,2.898426055908203,3.4442861080169678,3.4442861080169678,3.072143077850342,3.2096428871154785,1854087200,0.06777898181698916,0.7342134514552174,6156011576.411693
2008-11-14,2.7120895385742188,3.2228569984436035,3.356786012649536,3.2142860889434814,3.3485710620880127,1405266800,-0.06644846508251889,0.7532215383977033,4587694468.611781
2008-11-17,2.6489760875701904,3.1478569507598877,3.233928918838501,3.116429090499878,3.1600000858306885,1162526400,-0.023546201947232337,0.754244385031293,3680641881.329727
2008-11-18,2.7021708488464355,3.211071014404297,3.249643087387085,3.1021430492401123,3.2014288902282715,1209695200,0.019882284767788194,0.7168148185631912,3856047464.6294913
2008-11-19,2.593376398086548,3.0817859172821045,3.270714044570923,3.0789289474487305,3.1942861080169678,1171900800,-0.0410948127218741,0.6969411268781981,3684233027.984619
2008-11-20,2.4190616607666016,2.874643087387085,3.0875000953674316,2.857142925262451,3.044286012649536,1716814400,-0.06958093383850572,0.7264397067763654,5047025795.987828
2008-11-21,2.481875419616699,2.9492859840393066,3.004286050796509,2.8264288902282715,2.9260709285736084,1569271200,0.02563477048404228,0.7357913970493681,4592734195.892143
2008-11-24,2.793537139892578,3.319643020629883,3.385356903076172,3.0299999713897705,3.0432140827178955,1442257600,0.1182940929638675,0.840580446331453,4680125861.567053
2008-11-25,2.728919506072998,3.242856979370117,3.382499933242798,3.148571014404297,3.379642963409424,1235292800,-0.023402839407747233,0.7899835220481245,4024554265.3210955
2008-11-26,2.85514760017395,3.392857074737549,3.4017860889434814,3.2089290618896484,3.2114291191101074,899836000,0.045217795074703915,0.7898412074622475,3000524805.7228723
2008-11-28,2.7851221561431885,3.309643030166626,3.3842859268188477,3.2807140350341797,3.382143020629883,297774400,-0.024831806019407043,0.7557077254729535,990064444.0542856
2008-12-01,2.6727182865142822,3.1760709285736084,3.2953569889068604,3.1757140159606934,3.260714054107666,923767600,-0.041195695235157315,0.7600472341840055,2970572383.571434
2008-12-02,2.7791099548339844,3.302500009536743,3.308928966522217,3.0892860889434814,3.2153570652008057,1148722400,0.03903467695660945,0.7784236203746905,3714476230.395253
2008-12-03,2.882197141647339,3.424999952316284,3.436785936355591,3.171428918838501,3.192857027053833,1338680000,0.036422183386949136,0.7780224951551158,4477087999.505997
2008-12-04,2.74725341796875,3.2646429538726807,3.4003570079803467,3.1807138919830322,3.372499942779541,1091370000,-0.04795124420964636,0.7572069086356814,3581772242.88702
2008-12-05,2.8250932693481445,3.357142925262451,3.374643087387085,3.1735711097717285,3.226785898208618,1043795200,0.027939724265864774,0.7544212479845095,3446388072.8897095
2008-12-08,2.9970040321350098,3.561429023742676,3.5999999046325684,3.421428918838501,3.4742860794067383,1185142000,0.05907175397215836,0.7834407078361565,4180729771.5875306
2008-12-09,3.0072214603424072,3.573570966720581,3.700000047683716,3.4717860221862793,3.5014290809631348,1203496000,0.003403415838653334,0.7781189627311097,4310664737.369537
2008-12-10,2.951622486114502,3.507499933242798,3.5532140731811523,3.4464290142059326,3.495357036590576,938047600,-0.018661535109865124,0.780060811554619,3285400097.786204
2008-12-11,2.85514760017395,3.392857074737549,3.6157140731811523,3.3867859840393066,3.476785898208618,1040617200,-0.03323147384615921,0.7678316708747196,3605862477.219391
2008-12-12,2.9534244537353516,3.509643077850342,3.5357139110565186,3.304642915725708,3.31428599357605,1041174400,0.03384178827554085,0.7400276642948562,3592051646.901957
2008-12-15,2.847634792327881,3.3839290142059326,3.4360709190368652,3.3214290142059326,3.4282140731811523,891758000,-0.036476576585954046,0.7123874774114455,3014566798.439662
2008-12-16,2.868070602416992,3.4082140922546387,3.445713996887207,3.3125,3.356429100036621,1093506400,0.007150787438349182,0.7061688903982355,3705684726.872126
2008-12-17,2.679630994796753,3.184286117553711,3.253571033477783,3.143570899963379,3.251070976257324,1293860400,-0.0679604432004216,0.7455350266093965,4132343443.5438156
2008-12-18,2.6877455711364746,3.1939289569854736,3.243928909301758,3.1585710048675537,3.189642906188965,857416000,0.003023668051749251,0.7306835002826506,2742710552.330017
2008-12-19,2.7048771381378174,3.2142860889434814,3.247857093811035,3.171428918838501,3.2121429443359375,801920000,0.006353726399237258,0.6828994874386259,2575118046.569824
2008-12-22,2.5768465995788574,3.062143087387085,3.2153570652008057,3.0246429443359375,3.2149999141693115,844740400,-0.04849008783142328,0.7033254891533003,2619298693.5175576
2008-12-23,2.5960803031921387,3.0850000381469727,3.138214111328125,3.067857027053833,3.1024999618530273,635031600,0.007436328642720702,0.5626263742147067,1966707931.6483498
2008-12-24,2.5558083057403564,3.0371429920196533,3.080357074737549,3.0196430683135986,3.0764288902282715,271334000,-0.015634195847790022,0.5598275023174741,826405865.1371002
2008-12-26,2.5789499282836914,3.064642906188965,3.122143030166626,3.044286012649536,3.0942859649658203,308324800,0.00901377559484029,0.533715847702502,948722804.1542053
2008-12-29,2.602992534637451,3.0932140350341797,3.129286050796509,3.0382139682769775,3.0899999141693115,686000000,0.009279446480747744,0.5308558905655925,2117616613.705953
2008-12-30,2.593376398086548,3.0817859172821045,3.1446430683135986,3.0257139205932617,3.122143030166626,967601600,-0.00370110269395707,0.5127442560486742,2984129426.4856977
2008-12-31,2.565124750137329,3.0482139587402344,3.133570909500122,3.0478570461273193,3.070357084274292,607541200,-0.010953542359096735,0.4916781323233768,1869129241.4084115
2009-01-02,2.727416753768921,3.2410709857940674,3.2514290809631348,3.041429042816162,3.067142963409424,746015200,0.061347804213485624,0.5240021736762849,2370818677.1547318
2009-01-05,2.8425254821777344,3.377856969833374,3.434999942779541,3.3110709190368652,3.327500104904175,1181608400,0.04133799412402639,0.5180013303644069,3987506055.623722
2009-01-06,2.795640707015991,3.322143077850342,3.4703569412231445,3.299643039703369,3.426785945892334,1289310400,-0.01663159769214495,0.5124819510837157,4337301667.989603
2009-01-07,2.7352309226989746,3.250356912612915,3.3035709857940674,3.2235710620880127,3.2789289951324463,753048800,-0.021845448875756457,0.4684975272766877,2454311286.400668
2009-01-08,2.786022901535034,3.31071400642395,3.3267860412597656,3.2157139778137207,3.2296431064605713,673500800,0.018399230803790134,0.47454687767786313,2212049176.2479143
2009-01-09,2.722308397293091,3.234999895095825,3.3350000381469727,3.2192859649658203,3.3289289474487305,546845600,-0.023134899682687893,0.4765577936929217,1784409306.8591435
2009-01-12,2.664604902267456,3.166429042816162,3.249643087387085,3.12678599357605,3.2307140827178955,617716400,-0.021424403543494397,0.4691391763068026,1964926655.3105671
2009-01-13,2.636052370071411,3.132499933242798,3.2049999237060547,3.0839290618896484,3.1514289379119873,798397600,-0.010773308625339095,0.44942958457176213,2507348745.790418
2009-01-14,2.5645241737365723,3.047499895095825,3.1160709857940674,3.0257139205932617,3.0799999237060547,1021664000,-0.027509529594119453,0.4427090250382889,3129453822.474162
2009-01-15,2.5059173107147217,2.9778571128845215,3.004286050796509,2.858928918838501,2.877500057220459,1831634000,-0.023118094691924274,0.44442105663983983,5397869407.597859
2009-01-16,2.4743599891662598,2.940356969833374,3.01357102394104,2.871428966522217,3.010714054107666,1047625600,-0.012673087062442856,0.38576765881540637,3081889960.2483115
2009-01-20,2.3502373695373535,2.7928569316864014,2.9285709857940674,2.7928569316864014,2.9260709285736084,919914800,-0.05146544097574013,0.41801049422782016,2610805548.0547905
2009-01-21,2.489387273788452,2.958214044570923,2.9600000381469727,2.8324999809265137,2.8353569507598877,1089270000,0.05752027404265592,0.47213755937985724,3177296769.3686485
2009-01-22,2.655587911605835,3.1557140350341797,3.2142860889434814,3.065000057220459,3.1442859172821045,1409528400,0.06462946040223905,0.49968870397647225,4432966903.134632
2009-01-23,2.655587911605835,3.1557140350341797,3.2096428871154785,3.0892860889434814,3.1007139682769775,763770000,0.0,0.49923864270193535,2407057564.1942024
2009-01-26,2.6940574645996094,3.2014288902282715,3.248929023742676,3.1535708904266357,3.1735711097717285,692238400,0.014382342533288184,0.4973338811428347,2216069436.423365
2009-01-27,2.726815938949585,3.240356922149658,3.2696430683135986,3.2049999237060547,3.2210710048675537,618038400,0.012086197437086388,0.4979437099357186,2001414334.3177795
2009-01-28,2.8311047554016113,3.364285945892334,3.392857074737549,3.267857074737549,3.2899999618530273,861406000,0.03753240262877977,0.5119812148863969,2878531744.050026
2009-01-29,2.795039653778076,3.3214290142059326,3.369286060333252,3.307142972946167,3.3246428966522217,592729200,-0.012820714508227526,0.5147194607532433,1975340800.7331848
2009-01-30,2.708784341812134,3.2189290523529053,3.3435709476470947,3.2146430015563965,3.307142972946167,651478800,-0.03134634201336184,0.5267515858839266,2123200463.3607864
2009-02-02,2.750258684158325,3.268213987350464,3.2857139110565186,3.174999952316284,3.182142972946167,558247200,0.015195022329825059,0.4845437103289487,1810382243.8894272
2009-02-03,2.7944376468658447,3.320713996887207,3.3350000381469727,3.2242860794067383,3.2828569412231445,599309200,0.015935912452349044,0.4650930912771785,1973724988.1951652
2009-02-04,2.8115694522857666,3.3410708904266357,3.4375,3.325000047683716,3.3292860984802246,808421600,0.006111964700848294,0.4620173684150175,2722648327.833557
2009-02-05,2.8990278244018555,3.444999933242798,3.4732139110565186,3.307857036590576,3.313214063644409,749246400,0.030632596450098193,0.4660039205862461,2553948931.2171936
2009-02-06,2.9970040321350098,3.561429023742676,3.5714290142059326,3.4642860889434814,3.4649999141693115,687209600,0.033237685899595304,0.47496087723383684,2427486392.194621
2009-02-09,3.0808544158935547,3.6610710620880127,3.6785709857940674,3.5535709857940674,3.5714290142059326,715010800,0.027593832548698627,0.4713287139133908,2596254988.5930696
2009-02-10,2.9402012825012207,3.493928909301758,3.6610710620880127,3.4664289951324463,3.618928909301758,849060800,-0.046728923829847835,0.49741534138330046,3006079658.4861755
2009-02-11,2.909846782684326,3.4578568935394287,3.511070966720581,3.4203569889068604,3.441786050796509,674973600,-0.010377614644142774,0.49725989109707575,2337497665.355873
2009-02-12,2.9834790229797363,3.5453569889068604,3.5625,3.422499895095825,3.422499895095825,817188400,0.02498964914591273,0.48716263868620724,2868428497.82238
2009-02-13,2.980172634124756,3.541429042816162,3.5692861080169678,3.504286050796509,3.5353569984436035,608977600,-0.0011088471909053155,0.4755075763750256,2154765985.255178
2009-02-17,2.841022253036499,3.376070976257324,3.4657139778137207,3.367142915725708,3.4596428871154785,678238400,-0.047817294094158136,0.5096966633933693,2308028968.042119
2009-02-18,2.8362133502960205,3.370357036590576,3.4232139587402344,3.311429023742676,3.3946430683135986,684779200,-0.0016941005188424452,0.4650021980158606,2306564609.687042
2009-02-19,2.724111318588257,3.237143039703369,3.3660709857940674,3.2182140350341797,3.3346428871154785,922804400,-0.040327581833730086,0.4606204362788503,3021085676.1806803
2009-02-20,2.7409417629241943,3.257143020629883,3.299999952316284,3.1785709857940674,3.192857027053833,750316000,0.00615931713496054,0.4055907901123761,2434953984.8887124
2009-02-23,2.613210678100586,3.1053569316864014,3.2857139110565186,3.0896430015563965,3.273214101791382,786982000,-0.0477219602494926,0.440075477379505,2487050380.8714547
2009-02-24,2.7123899459838867,3.2232139110565186,3.2460711002349854,3.107142925262451,3.12321400642395,807105600,0.037250534941841607,0.45681280168216226,2576396205.1963806
2009-02-25,2.7397396564483643,3.255713939666748,3.318571090698242,3.1875,3.2092859745025635,833053200,0.010032754856616144,0.45620229500540427,2710695419.085884
2009-02-26,2.680532455444336,3.185357093811035,3.318571090698242,3.177143096923828,3.2857139110565186,629868400,-0.021847447797298747,0.44104157850424874,2032600292.7740731
2009-02-27,2.6841394901275635,3.189642906188965,3.260714054107666,3.131071090698242,3.14035701751709,706658400,0.0013447365517885723,0.4396799045283753,2256932205.410385
2009-03-02,2.642965316772461,3.140713930130005,3.257143020629883,3.131071090698242,3.1471428871154785,770929600,-0.01545867588342531,0.4296512785122066,2448710894.4767
2009-03-03,2.655888080596924,3.1560709476470947,3.2407140731811523,3.13857102394104,3.1760709285736084,724340400,0.004877579534881993,0.42615014359719156,2302281203.870201
2009-03-04,2.740039110183716,3.256071090698242,3.313214063644409,3.194643020629883,3.2207140922546387,741403600,0.031193101690914937,0.43725121670865247,2413003833.0220222
2009-03-05,2.670013189315796,3.1728570461273193,3.2810709476470947,3.1589291095733643,3.2307140827178955,706899200,-0.0258887818691792,0.4446628139973803,2265106998.6902876
2009-03-06,2.563622236251831,3.046428918838501,3.1571431159973145,2.940356969833374,3.1549999713897705,1011147200,-0.04066221777000378,0.4459729498803986,3081952736.690013
2009-03-09,2.4978036880493164,2.9682140350341797,3.128571033477783,2.9489290714263916,3.0064289569854736,698297600,-0.026009373483782627,0.42673846105728974,2105533491.4016724
2009-03-10,2.663702964782715,3.1653571128845215,3.184643030166626,3.012856960296631,3.0310709476470947,844258800,0.0643054257905793,0.4818652623764292,2634891500.8812904
2009-03-11,2.7854223251342773,3.309999942779541,3.35964298248291,3.1992859840393066,3.2074999809265137,846372800,0.04468225790436264,0.49125326017564147,2784264331.3222246
2009-03-12,2.895721197128296,3.441071033477783,3.4492859840393066,3.2857139110565186,3.317857027053833,768457200,0.038834693519445906,0.5106885550424632,2606624990.9243584
2009-03-13,2.8830976486206055,3.4260709285736084,3.4714291095733643,3.393213987350464,3.43928599357605,601168400,-0.004368909607251892,0.5024458155547893,2062150695.1886177
2009-03-16,2.8677704334259033,3.4078569412231445,3.4782140254974365,3.3635709285736084,3.447499990463257,797244000,-0.005330413171513282,0.5025943073501576,2723821834.3906403
2009-03-17,2.995201349258423,3.559286117553711,3.560357093811035,3.3953568935394287,3.4014289379119873,786646000,0.04347658237415608,0.4967691813459711,2757194257.507483
2009-03-18,3.051100254058838,3.625714063644409,3.695713996887207,3.561429023742676,3.568213939666748,796037200,0.018490806829722928,0.49945046970515966,2887719693.788624
2009-03-19,3.054107189178467,3.629286050796509,3.68571400642395,3.580357074737549,3.637500047683716,500180800,0.0009850395390236244,0.4733862886979135,1816549482.1828208
2009-03-20,3.05320405960083,3.628213882446289,3.682499885559082,3.5917859077453613,3.646070957183838,695587200,-0.0002957535803993494,0.47383692751562795,2527879740.8187866
2009-03-23,3.2356343269348145,3.8450000286102295,3.8628571033477783,3.6339290142059326,3.6682140827178955,666397200,0.05803344068287908,0.4656598372666236,2519378176.934147
2009-03-24,3.200770139694214,3.8035709857940674,3.9085710048675537,3.7639288902282715,3.7985711097717285,640612000,-0.010833541741758212,0.46078346041327173,2450569573.0495453
2009-03-25,3.200469970703125,3.8032140731811523,3.869999885559082,3.7092859745025635,3.8421430587768555,646618000,-9.378463739273535e-05,0.4616287528708109,2453376447.277864
2009-03-26,3.302053213119507,3.92392897605896,3.927856922149658,3.8421430587768555,3.8510708808898926,616252000,0.031246795922216908,0.45520851419089053,2402135702.533404
2009-03-27,3.211289405822754,3.816071033477783,3.876070976257324,3.799999952316284,3.865356922149658,492872800,-0.027871920243478288,0.47341212470002864,1888054728.9445877
2009-03-30,3.140362024307251,3.731786012649536,3.750356912612915,3.6646430492401123,3.7325000762939453,502796000,-0.02233445290576963,0.4784526354145175,1868186466.9453304
2009-03-31,3.1592965126037598,3.754286050796509,3.8375000953674316,3.75,3.766071081161499,570080000,0.0060112925813418094,0.4783569147133455,2155241815.4017134
2009-04-01,3.266590118408203,3.8817861080169678,3.892857074737549,3.7103569507598877,3.7174999713897705,589372000,0.033397283372524456,0.47972291416477636,2256312499.563217
2009-04-02,3.387406349182129,4.025356769561768,4.098214149475098,3.9207139015197754,3.9335711002349854,812366800,0.0363178762322558,0.4712677336271453,3261459039.321391
2009-04-03,3.485985040664673,4.142499923706055,4.147500038146973,4.054286003112793,4.078214168548584,636241200,0.028686116002004436,0.43336401655123435,2617981105.164337
2009-04-06,3.5599186420440674,4.2303571701049805,4.2410712242126465,4.045713901519775,4.105000019073486,658064400,0.020987035416618616,0.40649754247950465,2745695244.874954
2009-04-07,3.456230878829956,4.107142925262451,4.166786193847656,4.078214168548584,4.161786079406738,536580800,-0.029559037316947867,0.4006259791378229,2209307642.3355103
2009-04-08,3.4959042072296143,4.154285907745361,4.1710710525512695,4.0921430587768555,4.122499942779541,455630000,0.01141340281241443,0.38367628964250355,1885928511.2301507
2009-04-09,3.5935792922973633,4.270357131958008,4.285714149475098,4.212856769561768,4.229286193847656,530756800,0.027556666421669318,0.3753950183531073,2259065130.5920916
2009-04-13,3.6131138801574707,4.2935709953308105,4.320713996887207,4.25,4.286070823669434,389236400,0.005421248063701922,0.3719239349635305,1669082659.648323
2009-04-14,3.555711030960083,4.2253570556640625,4.291786193847656,4.1875,4.270357131958008,454622000,-0.016014919260213922,0.37969415099478,1925270107.7931724
2009-04-15,3.5355756282806396,4.2014288902282715,4.223214149475098,4.134285926818848,4.185713768005371,412882400,-0.005678929018463563,0.36407766469745634,1728453577.7090707
2009-04-16,3.6500821113586426,4.337500095367432,4.398213863372803,4.242499828338623,4.256785869598389,593446000,0.03187354065745529,0.3716657414712782,2567289686.3622665
2009-04-17,3.7092883586883545,4.4078569412231445,4.4375,4.294642925262451,4.32785701751709,497495600,0.016090377550959323,0.37125466491619996,2179030705.859057
2009-04-20,3.6215291023254395,4.3035712242126465,4.392499923706055,4.255713939666748,4.347499847412109,466466000,-0.02394370054741768,0.3879319741671177,2013855794.221878
2009-04-21,3.6593973636627197,4.348570823669434,4.362143039703369,4.235713958740234,4.246070861816406,470685600,0.010402138511687253,0.34385304785832643,2031232382.4359894
2009-04-22,3.6518845558166504,4.3396430015563965,4.476786136627197,4.32857084274292,4.379642963409424,938767200,-0.002055128108322757,0.3397050026879817,4113364942.031479
2009-04-23,3.7687950134277344,4.478570938110352,4.5428571701049805,4.411070823669434,4.5221428871154785,945156800,0.031511974272542265,0.34932955906431395,4231939235.4878745
2009-04-24,3.723712682723999,4.425000190734863,4.46928596496582,4.391786098480225,4.4514288902282715,540764000,-0.012034121711878232,0.34538031582133577,2394876525.486628
2009-04-27,3.7486581802368164,4.4546427726745605,4.464285850524902,4.380713939666748,4.389286041259766,480690000,0.006676753774877309,0.32261059598460007,2131001727.848053
2009-04-28,3.723712682723999,4.425000190734863,4.507500171661377,4.4021430015563965,4.4053568840026855,455856800,-0.006676753774877309,0.3084591998054861,2026229284.3442283
2009-04-29,3.7609822750091553,4.46928596496582,4.5303568840026855,4.422500133514404,4.458929061889648,458110800,0.009958963065624049,0.30835715358208776,2049609553.1398773
2009-04-30,3.781717538833618,4.493928909301758,4.535714149475098,4.461429119110107,4.507856845855713,498489600,0.005498115149884741,0.29504088887441504,2241719724.508667
2009-05-01,3.8240950107574463,4.544285774230957,4.569643020629883,4.492856979370117,4.492856979370117,397516000,0.011143559002790626,0.276115968182522,1802971684.609731
2009-05-04,3.969254970550537,4.716785907745361,4.723214149475098,4.559999942779541,4.579999923706055,609358400,0.037256571449242326,0.2863657175801706,2843672533.3333335
2009-05-05,3.9884912967681885,4.739643096923828,4.744999885559082,4.682857036590576,4.705357074737549,398255200,0.004834626046112733,0.28147465668983074,1880760184.5320385
2009-05-06,3.9821789264678955,4.732142925262451,4.767857074737549,4.650713920593262,4.761785984039307,473538800,-0.0015838998335586663,0.25248873599955374,2233637363.033676
2009-05-07,3.8787927627563477,4.609285831451416,4.728213787078857,4.567856788635254,4.726070880889893,531776000,-0.026305176851205703,0.27688199733679864,2464844936.2589517
2009-05-08,3.8827016353607178,4.61392879486084,4.68678617477417,4.509285926818848,4.6085710525512695,467964000,0.0010072475052733676,0.26484156063588876,2154194419.8360443
2009-05-11,3.894120931625366,4.627500057220459,4.677143096923828,4.539999961853027,4.548929214477539,404658800,0.002936753249402013,0.26479758740874376,1867452223.2492447
2009-05-12,3.7393414974212646,4.443571090698242,4.632500171661377,4.401785850524902,4.627142906188965,609481600,-0.04055843663909675,0.2992485308546313,2738168639.2440796
2009-05-13,3.591174602508545,4.267499923706055,4.429286003112793,4.263570785522461,4.400356769561768,595971600,-0.04043018940167209,0.33344163508520547,2574668175.47493
2009-05-14,3.6951615810394287,4.39107084274292,4.411786079406738,4.275000095367432,4.277856826782227,447826400,0.028544946774992752,0.3297086831760582,1952203209.289805
2009-05-15,3.679232597351074,4.372142791748047,4.450714111328125,4.34321403503418,4.368570804595947,367567200,-0.004320085983134936,0.3251677213999751,1613138609.9075317
2009-05-18,3.8063626289367676,4.523213863372803,4.525000095367432,4.341785907745361,4.418929100036621,458841600,0.03396984545730897,0.33396243296997374,2047962987.579346
2009-05-19,3.830406665802002,4.551785945892334,4.618214130401611,4.490714073181152,4.529285907745361,372422400,0.006296934052993697,0.3330375328897793,1695851983.0871582
2009-05-20,3.7829203605651855,4.495357036590576,4.614643096923828,4.474999904632568,4.55821418762207,388584000,-0.012474683112906115,0.33667905381312485,1759637884.941101
2009-05-21,3.732128381729126,4.434999942779541,4.527856826782227,4.3889288902282715,4.4696431159973145,407946000,-0.013517610861241591,0.322282486895189,1815602517.5895689
2009-05-22,3.681638479232788,4.375,4.434999942779541,4.348214149475098,4.430356979370117,297998400,-0.0136207906290291,0.3230445225756822,1307042248.7831116
2009-05-26,3.9304862022399902,4.670713901519775,4.672500133514404,4.448214054107666,4.455714225769043,636927200,0.06540524179836771,0.39543000871356554,2928045225.6061554
2009-05-27,3.9987096786499023,4.751786231994629,4.820713996887207,4.675356864929199,4.7064290046691895,646422000,0.017208594930414378,0.3971770441922079,3070042759.431839
2009-05-28,4.059419631958008,4.8239288330078125,4.835357189178467,4.715356826782227,4.76607084274292,487552800,0.015068286859900137,0.3986046368470511,2336132456.671524
2009-05-29,4.081658363342285,4.8503570556640625,4.853570938110352,4.7803568840026855,4.835357189178467,456534400,0.005463351834393615,0.39860280873866966,2204191435.368347
2009-06-01,4.188053131103516,4.976786136627197,4.999642848968506,4.857142925262451,4.873929023742676,452499600,0.025732612001299282,0.40512435145145226,2237395118.74485
2009-06-02,4.192257404327393,4.981785774230957,5.04785680770874,4.941071033477783,4.963929176330566,456223600,0.00100336939993384,0.38726455166410584,2276664286.731593
2009-06-03,4.23613977432251,5.033928871154785,5.039642810821533,4.966785907745361,5.0,565199600,0.010413075128244964,0.3881259615891318,2833601364.5225525
2009-06-04,4.319989204406738,5.133571147918701,5.149285793304443,5.001429080963135,5.004642963409424,550634000,0.019600479307065655,0.39186751049725704,2805349183.1801734
2009-06-05,4.347939968109131,5.166786193847656,5.228570938110352,5.114643096923828,5.189642906188965,632716000,0.006449259108044947,0.3759377439456078,3271141768.2724
2009-06-08,4.3232951164245605,5.137499809265137,5.151071071624756,4.979642868041992,5.1364288330078125,931652400,-0.005684292445762296,0.37770092777786546,4741555994.301796
2009-06-09,4.289334297180176,5.097143173217773,5.1628570556640625,5.0196428298950195,5.13607120513916,676964400,-0.00788632451876925,0.3804273572404123,3447924798.4996796
2009-06-10,4.21510124206543,5.0089287757873535,5.083929061889648,4.939286231994629,5.0814290046691895,688623600,-0.01745793478127955,0.3531127609276468,3450496388.3253098
2009-06-11,4.206084251403809,4.998213768005371,5.055714130401611,4.948214054107666,4.98392915725708,524823600,-0.002141502313333543,0.3121681923622615,2624492715.7432556
2009-06-12,4.116523742675781,4.891786098480225,4.9678568840026855,4.8585710525512695,4.957499980926514,563085600,-0.021523052897048256,0.31845054638074444,2762538126.9485474
2009-06-15,4.09007453918457,4.86035680770874,4.89035701751709,4.817500114440918,4.857500076293945,539750400,-0.006445860796681302,0.3193516894434721,2621066433.7402344
2009-06-16,4.097888946533203,4.869643211364746,4.945356845855713,4.860713958740234,4.880713939666748,514805200,0.0019087553907177757,0.3018616078482148,2518377963.043149
2009-06-17,4.074747085571289,4.8421430587768555,4.908928871154785,4.804643154144287,4.881071090698242,571412800,-0.005663270142623578,0.3033923906329238,2772440637.3980207
2009-06-18,4.083763599395752,4.8528571128845215,4.9285712242126465,4.84250020980835,4.8610711097717285,427680400,0.0022103341758152872,0.29810680606777223,2084789203.5039902
2009-06-19,4.191956996917725,4.981429100036621,4.982142925262451,4.889286041259766,4.931070804595947,721856800,0.026148674545205086,0.3006073735255767,3573878864.9267836
2009-06-22,4.128543376922607,4.906071186065674,5.055714130401611,4.868928909301758,5.023929119110107,634914000,-0.015243037074285315,0.30197783756344193,3138742697.3133087
2009-06-23,4.027562618255615,4.786070823669434,4.89107084274292,4.74571418762207,4.871428966522217,706532400,-0.02476326790119887,0.23002259181751888,3396738320.4683304
2009-06-24,4.093981742858887,4.864999771118164,4.910714149475098,4.816429138183594,4.836429119110107,485525600,0.016356644120052,0.22929417180952882,2361619671.2994895
2009-06-25,4.203378200531006,4.994999885559082,5.007143020629883,4.8289289474487305,4.848214149475098,589447600,0.02637050770445115,0.24095899639856255,2914046569.85143
2009-06-26,4.280919075012207,5.0871429443359375,5.127142906188965,4.990714073181152,4.992499828338623,439384400,0.018279188247088962,0.24744487327242412,2226946589.4925437
2009-06-29,4.266792297363281,5.070356845855713,5.14107084274292,5.054999828338623,5.123570919036865,567616000,-0.00330539717487377,0.23288632162577763,2888489507.151286
2009-06-30,4.280618667602539,5.086785793304443,5.135714054107666,5.064286231994629,5.0921430587768555,434224000,0.003235221134348709,0.23302299395227044,2212629799.5147705
2009-07-01,4.292638778686523,5.101070880889893,5.166429042816162,5.090000152587891,5.125,414178800,0.00280409611758925,0.2306426745393206,2120250317.5331113
2009-07-02,4.20818567276001,5.00071382522583,5.101070880889893,4.992499828338623,5.044642925262451,370479200,-0.01987004555369265,0.23023365711339197,1864039486.299006
2009-07-06,4.1658101081848145,4.950356960296631,4.963929176330566,4.8660712242126465,4.95357084274292,498688400,-0.010120837745476896,0.23033381453713583,2456930921.235148
2009-07-07,4.069336414337158,4.835713863372803,4.9885711669921875,4.82785701751709,4.945713996887207,461596800,-0.023430817470143417,0.24167898470517815,2254460627.482605
2009-07-08,4.12403678894043,4.900713920593262,4.929999828338623,4.800714015960693,4.854286193847656,575929200,0.013352543807410688,0.24740131904948023,2808888829.1641235
2009-07-09,4.098188877105713,4.869999885559082,4.928214073181152,4.854642868041992,4.920000076293945,343025200,-0.006287347984216485,0.2415363279454306,1675433047.8594463
2009-07-10,4.163105010986328,4.947143077850342,4.963213920593262,4.868570804595947,4.869286060333252,445275600,0.015716053904957228,0.2486486389157655,2193565314.951706
2009-07-13,4.2779130935668945,5.083570957183838,5.083570957183838,4.911786079406738,4.9835710525512695,483501200,0.02720410299034981,0.2538677988582891,2430226593.234507
2009-07-14,4.275809288024902,5.081070899963379,5.1135711669921875,5.041429042816162,5.072500228881836,347247600,-0.0004919041069046948,0.2522252124242595,1763563042.0991898
2009-07-15,4.414358615875244,5.24571418762207,5.25,5.154285907745361,5.179999828338623,485587200,0.031889158022495145,0.27228836761826225,2533146575.4364014
2009-07-16,4.43359375,5.268570899963379,5.286428928375244,5.1989288330078125,5.205714225769043,393570800,0.004347935800729452,0.27013612144300153,2066762102.129682
2009-07-17,4.560723304748535,5.419642925262451,5.429286003112793,5.30821418762207,5.324285984039307,602154000,0.028270744974015605,0.2824589140653853,3243029451.956749
2009-07-20,4.595583915710449,5.461071014404297,5.537143230438232,5.3889288902282715,5.473928928375244,735526400,0.007614593648545442,0.27250968200543213,4017725465.474447
2009-07-21,4.553507328033447,5.411070823669434,5.479642868041992,5.348214149475098,5.474643230438232,874781600,-0.009198046715196195,0.26772507617277147,4735171759.732565
2009-07-22,4.710693836212158,5.5978569984436035,5.668929100036621,5.575356960296631,5.635356903076172,874104000,0.03393743113347547,0.26276411626921425,4907261538.749695
2009-07-23,4.743151664733887,5.6364288330078125,5.658570766448975,5.555714130401611,5.593928813934326,526962800,0.006866614448409081,0.26093055288589856,2959899763.0282083
2009-07-24,4.808368682861328,5.713929176330566,5.714285850524902,5.589285850524902,5.6053571701049805,438362400,0.013656052495433224,0.2528408287663602,2486610842.2035217
2009-07-27,4.811675548553467,5.7178568840026855,5.74571418762207,5.616428852081299,5.7203569412231445,433311200,0.0006874949309669809,0.2500200755914245,2466985087.646993
2009-07-28,4.808670520782471,5.714285850524902,5.7178568840026855,5.628571033477783,5.674285888671875,363554800,-0.0006247234448888417,0.24895379828571926,2067501460.594813
2009-07-29,4.809571266174316,5.715356826782227,5.7303571701049805,5.651785850524902,5.675000190734863,382158000,0.00018729938681727454,0.24959938461137898,2177982115.562439
2009-07-30,4.892520904541016,5.813929080963135,5.882856845855713,5.767857074737549,5.775000095367432,469604800,0.017099746758266088,0.2523046575677301,2733826727.9390974
2009-07-31,4.910552024841309,5.835357189178467,5.892857074737549,5.818213939666748,5.821071147918701,422536800,0.003678671119597965,0.23371537737982523,2471337208.1905365
2009-08-03,5.001917839050293,5.943929195404053,5.9514288902282715,5.888214111328125,5.900356769561768,394240000,0.018435042529449275,0.22703939913961577,2336998500.9765625
2009-08-04,4.975468635559082,5.912499904632568,5.913214206695557,5.864643096923828,5.89035701751709,395810800,-0.00530184242431031,0.2014905328565135,2334011479.6279907
2009-08-05,4.962246894836426,5.896786212921143,5.978213787078857,5.864643096923828,5.919642925262451,423183600,-0.0026609231233489794,0.2057571587470132,2502375342.8237915
2009-08-06,4.926181316375732,5.853929042816162,5.946785926818848,5.824643135070801,5.913570880889893,341616800,-0.007294534098174932,0.2067426880189425,2007039478.1945548
2009-08-07,4.974267959594727,5.911070823669434,5.949999809265137,5.885714054107666,5.9103569984436035,387354800,0.009714108928792431,0.2053979921831829,2291434077.697436
2009-08-10,4.950525283813477,5.882856845855713,5.949999809265137,5.84499979019165,5.916429042816162,300294400,-0.004784527091185264,0.19920443891311998,1769520431.5104167
2009-08-11,4.8937225341796875,5.815357208251953,5.87071418762207,5.781428813934326,5.846070766448975,355342400,-0.011540420579539301,0.2081187655387279,2068981148.8512673
2009-08-12,4.968259334564209,5.903929233551025,5.9539289474487305,5.802143096923828,5.805356979370117,445071200,0.015116275954924374,0.18988095146089998,2619985986.9223275
2009-08-13,5.061727523803711,6.014999866485596,6.023929119110107,5.9464287757873535,5.951786041259766,439980800,0.018638288631326105,0.19477311894273253,2637737365.3798423
2009-08-14,5.012435436248779,5.9564290046691895,6.008213996887207,5.911786079406738,5.997857093811035,305816000,-0.009785920898455425,0.18577899263785616,1822299345.2746072
2009-08-17,4.796347618103027,5.699643135070801,5.84250020980835,5.693571090698242,5.841071128845215,524381200,-0.04406719662337211,0.2504367750040711,3012694872.8617983
2009-08-18,4.928886413574219,5.857142925262451,5.865714073181152,5.76464319229126,5.772500038146973,431152400,0.027258367562921437,0.26117648074730626,2513259225.7452645
2009-08-19,4.946919918060303,5.878571033477783,5.903571128845215,5.801785945892334,5.8125,413271600,0.00365206119360173,0.2373060267224715,2422312701.189041
2009-08-20,4.998915195465088,5.940357208251953,5.954286098480225,5.878929138183594,5.8921427726745605,342031200,0.010455783853683842,0.2384704094567582,2026372103.873825
2009-08-21,5.0857696533203125,6.0435709953308105,6.048929214477539,5.9571428298950195,5.987500190734863,416074400,0.017225447644539704,0.24085843247575411,2503331465.986252
2009-08-24,5.080960273742676,6.0378570556640625,6.096786022186279,6.009643077850342,6.075714111328125,406929600,-0.0009461016415075463,0.24110552663446735,2461149035.874939
2009-08-25,5.091177463531494,6.050000190734863,6.105000019073486,6.0403571128845215,6.052143096923828,324354800,0.0020088586074380466,0.24081681202752048,1967250495.1101937
2009-08-26,5.031370639801025,5.978929042816162,6.055356979370117,5.955714225769043,6.0328569412231445,303998800,-0.011816692603801027,0.2460170133179104,1822979495.7927067
2009-08-27,5.092682361602783,6.051785945892334,6.056070804595947,5.886785984039307,6.026785850524902,449181600,0.012112238321845936,0.24280911200281355,2694287471.641159
2009-08-28,5.110714912414551,6.073214054107666,6.1603569984436035,6.0189290046691895,6.152500152587891,453700800,0.0035346206957729276,0.2427971111107571,2760391292.653656
2009-08-31,5.055415153503418,6.007500171661377,6.0303568840026855,5.9464287757873535,6.005713939666748,311337600,-0.01087932261143143,0.23894345634609976,1866394796.1593628
2009-09-01,4.967956066131592,5.903571128845215,6.0714287757873535,5.890714168548584,5.999642848968506,469028000,-0.017451475179735,0.24626619708040362,2793173380.1053367
2009-09-02,4.964352130889893,5.899285793304443,5.9860711097717285,5.8610711097717285,5.87928581237793,364249200,-0.0007256994705306941,0.24610117061278283,2154707402.179146
2009-09-03,5.005523681640625,5.948214054107666,5.9678568840026855,5.892857074737549,5.944285869598389,293955200,0.008259237239812034,0.246158737881042,1745008998.600769
2009-09-04,5.118527889251709,6.082499980926514,6.096428871154785,5.96750020980835,5.974286079406738,374628800,0.02232483708852362,0.2555990753931847,2266058314.5802817
2009-09-08,5.197270393371582,6.1760711669921875,6.183570861816406,6.142857074737549,6.177856922149658,315047600,0.01526668733612091,0.258850506197205,1943055978.8581214
2009-09-09,5.143475532531738,6.112143039703369,6.2310709953308105,6.060713768005371,6.170713901519775,811087200,-0.010404538805761643,0.25810672038865967,4975730090.2565
2009-09-10,5.186150550842285,6.1628570556640625,6.1875,6.1003570556640625,6.144999980926514,491134000,0.008262692329524368,0.2549518227151774,3020591008.117676
2009-09-11,5.174129962921143,6.148571014404297,6.184999942779541,6.102499961853027,6.175356864929199,348961200,-0.002320515028372272,0.24808863504312106,2144491143.7307358
2009-09-14,5.221013069152832,6.204286098480225,6.210713863372803,6.080357074737549,6.101070880889893,322011200,0.009020255704735636,0.24621796792176873,1985237371.260325
2009-09-15,5.2642903327941895,6.255713939666748,6.273213863372803,6.199643135070801,6.215713977813721,426470800,0.0082548892933898,0.1805582261092742,2662396210.2775574
2009-09-16,5.465954303741455,6.495357036590576,6.526785850524902,6.3528571128845215,6.356785774230957,754023200,0.037592380471463294,0.19941410206385576,4869733166.666666
2009-09-17,5.546499729156494,6.591071128845215,6.6710710525512695,6.498929023742676,6.49928617477417,810572000,0.014628321985427739,0.20196012016264905,5339257002.96402
2009-09-18,5.560626983642578,6.6078572273254395,6.662499904632568,6.598570823669434,6.636785984039307,601582800,0.0025438193818290156,0.20147703001845943,3984268437.5148773
2009-09-21,5.530570983886719,6.572143077850342,6.612856864929199,6.486429214477539,6.581786155700684,437715600,-0.005419806483781153,0.19984968984695622,2870163805.4754257
2009-09-22,5.54439640045166,6.588571071624756,6.62071418762207,6.5303568840026855,6.61392879486084,356753600,0.002496697871312792,0.19908787708185602,2347396132.4386597
2009-09-23,5.575051307678223,6.625,6.746428966522217,6.608213901519775,6.621428966522217,593563600,0.0055137603403045965,0.19893460950297773,3953062915.8231096
2009-09-24,5.524560451507568,6.565000057220459,6.70357084274292,6.527500152587891,6.685713768005371,550880400,-0.009097832523990768,0.1963232189410372,3635089179.9526215
2009-09-25,5.48098087310791,6.513214111328125,6.625,6.480000019073486,6.500357151031494,445239200,-0.007919611564908058,0.1989774225744828,2911599321.616236
2009-09-28,5.594587802886963,6.648213863372803,6.667142868041992,6.547500133514404,6.56678581237793,337444800,0.02051559025776495,0.207325766966995,2234205920.73822
2009-09-29,5.571445465087891,6.62071418762207,6.692856788635254,6.582499980926514,6.668929100036621,345385600,-0.004145137378682717,0.20226963268083925,2290605468.3965044
2009-09-30,5.570542812347412,6.619643211364746,6.658928871154785,6.521786212921143,6.647500038146973,539585200,-0.0001620272288891389,0.1864678993973911,3561326763.6390047
2009-10-01,5.435600757598877,6.459286212921143,6.650713920593262,6.45357084274292,6.619643211364746,524711600,-0.024522452594682775,0.21311165722418002,3421744209.555181
2009-10-02,5.557018756866455,6.603570938110352,6.640714168548584,6.476786136627197,6.478929042816162,553308000,0.02209172020902983,0.22137140938240446,3637275495.826721
2009-10-05,5.5906782150268555,6.643570899963379,6.6735711097717285,6.581070899963379,6.650000095367432,423133200,0.0060388366377430724,0.21251507718720733,2806531500.920677
2009-10-06,5.710595607757568,6.786070823669434,6.786070823669434,6.689286231994629,6.704999923706055,605085600,0.021222721529619237,0.21729366160744706,4086632748.4077454
2009-10-07,5.717808723449707,6.794642925262451,6.805356979370117,6.751070976257324,6.7771430015563965,465668000,0.001262313870055376,0.21071839629223127,3158947491.654078
2009-10-08,5.688355445861816,6.759643077850342,6.837500095367432,6.746070861816406,6.809286117553711,438211200,-0.005164460657347991,0.21343711056048145,2971541411.3830566
2009-10-09,5.724421977996826,6.802499771118164,6.810713768005371,6.736429214477539,6.748929023742676,293272000,0.006320398770475633,0.21198471601932067,1989326809.8780315
2009-10-12,5.734638690948486,6.814642906188965,6.8396430015563965,6.772857189178467,6.822143077850342,288024800,0.0017831680892503865,0.21175698745988536,1961174601.687622
2009-10-13,5.710897445678711,6.786428928375244,6.827499866485596,6.775000095367432,6.80821418762207,348020400,-0.0041485657004523,0.21346851759056215,2365254395.982933
2009-10-14,5.74906587600708,6.831786155700684,6.868570804595947,6.793929100036621,6.8660712242126465,375510800,0.006661203075402744,0.17576284221494948,2565275251.3148627
2009-10-15,5.727126598358154,6.805714130401611,6.818571090698242,6.7689290046691895,6.772500038146973,373556400,-0.0038234465699285014,0.17128948210983053,2539338563.5356903
2009-10-16,5.651689052581787,6.716071128845215,6.7985711097717285,6.708570957183838,6.762499809265137,431426800,-0.01325949085317446,0.17875847819743146,2908278718.260701
2009-10-19,5.706085681915283,6.78071403503418,6.785714149475098,6.626786231994629,6.708929061889648,942230800,0.009578820944999844,0.17969940378528165,6342222858.078003
2009-10-20,5.973570346832275,7.098570823669434,7.205357074737549,7.066071033477783,7.164286136627197,1141039200,0.045811527903553806,0.2361563429409342,8128002161.746216
2009-10-21,6.158703804016113,7.318571090698242,7.4539289474487305,7.115356922149658,7.12571382522583,1193726800,0.030521537287125033,0.25373449883965177,8709373816.024208
2009-10-22,6.167119026184082,7.32857084274292,7.423213958740234,7.232500076293945,7.310713768005371,791392000,0.0013654623454195658,0.24895816702102225,5799395725.997925
2009-10-23,6.129249095916748,7.283570766448975,7.349999904632568,7.258213996887207,7.346428871154785,420786800,-0.006159550466203756,0.2478345822589045,3070591338.9078774
2009-10-26,6.0853729248046875,7.231429100036621,7.3839287757873535,7.146429061889648,7.273929119110107,484338400,-0.0071842353784510316,0.2453310406146427,3513356355.517705
2009-10-27,5.931794166564941,7.048929214477539,7.243214130401611,7.01607084274292,7.20214319229126,756551600,-0.025561285630745223,0.2649217287068269,5373587845.59606
2009-10-28,5.782426357269287,6.871428966522217,7.072143077850342,6.824999809265137,7.061070919036865,818386800,-0.02550334525389597,0.2827985916778229,5665575019.956207
2009-10-29,5.9011406898498535,7.012499809265137,7.028929233551025,6.862143039703369,6.964285850524902,570270400,0.020322289893218937,0.2724434762282604,3973562804.309082
2009-10-30,5.6652140617370605,6.732142925262451,7.028571128845215,6.7203569412231445,7.002142906188965,717525200,-0.040800989006653854,0.30507639061458597,4898561520.71298
2009-11-02,5.689558029174805,6.76107120513916,6.888570785522461,6.627500057220459,6.778571128845215,678983200,0.004287889627697217,0.30476939960904403,4589279598.175176
2009-11-03,5.672726154327393,6.7410712242126465,6.768570899963379,6.639999866485596,6.708929061889648,522541600,-0.0029627646849972322,0.2957797380006275,3509675388.409169
2009-11-04,5.734638690948486,6.814642906188965,6.923213958740234,6.793929100036621,6.81178617477417,487530400,0.010854942467085182,0.29828288390526614,3336623274.738057
2009-11-05,5.831413269042969,6.929643154144287,6.964285850524902,6.850714206695557,6.871428966522217,384801200,0.01673463630973049,0.302955431900178,2660854533.768336
2009-11-06,5.840731620788574,6.940713882446289,6.971070766448975,6.871428966522217,6.875357151031494,295097600,0.0015966823258684038,0.3023980074425256,2044358819.3990073
2009-11-09,6.054717540740967,7.195000171661377,7.210713863372803,7.009285926818848,7.033570766448975,528855600,0.03598166046311069,0.3257513069104106,3775147551.2752533
2009-11-10,6.100399017333984,7.24928617477417,7.320713996887207,7.178928852081299,7.179286003112793,401195200,0.007516454728690336,0.32515367112593846,2908521976.4887495
2009-11-11,6.108514785766602,7.2589287757873535,7.3214287757873535,7.208213806152344,7.305714130401611,443870000,0.0013294826646998992,0.3249821949989609,3223764389.518102
2009-11-12,6.070644855499268,7.213929176330566,7.31678581237793,7.193929195404053,7.255000114440918,363731200,-0.006218828462823067,0.32572372915129516,2633976966.220093
2009-11-13,6.144578456878662,7.301785945892334,7.315357208251953,7.216785907745361,7.245357036590576,343240800,0.012105305376614917,0.3216520967721597,2498098426.1154175
2009-11-16,6.210096836090088,7.379642963409424,7.4285712242126465,7.321785926818848,7.338571071624756,485206400,0.010606348100948182,0.32188893189340306,3579205895.842489
2009-11-17,6.221216678619385,7.392857074737549,7.408570766448975,7.3214287757873535,7.360000133514404,396513600,0.0017890057204223986,0.2840481187769441,2924004506.4933777
2009-11-18,6.1899614334106445,7.355713844299316,7.392857074737549,7.285714149475098,7.376429080963135,374320800,-0.005036638907196966,0.2651200433007891,2749297071.4244843
2009-11-19,6.0261640548706055,7.161070823669434,7.307499885559082,7.135714054107666,7.307499885559082,542326400,-0.026818191367211197,0.28108115452367255,3905524660.0916543
2009-11-20,6.008433818817139,7.139999866485596,7.15678596496582,7.062857151031494,7.112500190734863,406666400,-0.0029465461276865224,0.28057987285246444,2895416372.3238626
2009-11-23,6.187556266784668,7.3528571128845215,7.357142925262451,7.248213768005371,7.25,474896800,0.029376102759806733,0.29836717315866945,3475961823.4191895
2009-11-24,6.1442790031433105,7.30142879486084,7.3528571128845215,7.246428966522217,7.333213806152344,318438400,-0.0070188159930320015,0.2842629969219175,2324676201.139323
2009-11-25,6.136763572692871,7.292500019073486,7.3446431159973145,7.2771430015563965,7.335713863372803,286454000,-0.0012239077166578127,0.2667976152837531,2092478306.9938025
2009-11-27,6.028568267822266,7.163928985595703,7.248570919036865,7.0846428871154785,7.114999771118164,295257200,-0.01778795007390599,0.2681508554624648,2115728729.5639038
2009-11-30,6.008133411407471,7.13964319229126,7.20285701751709,7.098928928375244,7.182499885559082,424858000,-0.0033954278492625,0.2217798073753649,3036520900.2634687
2009-12-01,5.919773578643799,7.034643173217773,7.241786003112793,7.0296430587768555,7.2228569984436035,465763200,-0.014815918528592986,0.23001123651297511,3307861461.2182617
2009-12-02,5.897531986236572,7.008213996887207,7.193571090698242,6.9910712242126465,7.105713844299316,715260000,-0.0037642453345856364,0.23024498897235815,5052800801.858902
2009-12-03,5.9050469398498535,7.0171427726745605,7.106429100036621,7.009643077850342,7.050714015960693,448719600,0.0012734428087115557,0.22794712157052846,3160962586.443329
2009-12-04,5.8100762367248535,6.904285907745361,7.138570785522461,6.795713901519775,7.132143020629883,826884800,-0.016213706370779457,0.2286380754085808,5743699092.852274
2009-12-07,5.678737163543701,6.748213768005371,6.9203572273254395,6.7385711669921875,6.904285907745361,714758800,-0.022864814765144903,0.2415379310617727,4862061481.123797
2009-12-08,5.706388473510742,6.781071186065674,6.869643211364746,6.739285945892334,6.762856960296631,690398800,0.004857454404560535,0.20152309969124013,4692410589.676539
2009-12-09,5.944717884063721,7.064286231994629,7.07714319229126,6.796785831451416,6.8314290046691895,684782000,0.040916742639563575,0.2505695601463848,4779370973.084768
2009-12-10,5.903543949127197,7.01535701751709,7.132143020629883,7.00428581237793,7.125,489669600,-0.006950234770455754,0.2511147291903723,3452462172.2373962
2009-12-11,5.850647449493408,6.952499866485596,7.0714287757873535,6.908214092254639,7.063570976257324,429774800,-0.009000509678841695,0.2519276325730133,2998702485.7676826
2009-12-14,5.920073986053467,7.034999847412109,7.0510711669921875,6.877142906188965,6.977499961853027,495790400,0.011796616215182798,0.25171441920511584,3464453404.992167
2009-12-15,5.835620403289795,6.934642791748047,7.053928852081299,6.902500152587891,6.993928909301758,419459600,-0.014368361904254057,0.2509576638916422,2920986873.0988183
2009-12-16,5.8614678382873535,6.965356826782227,7.017857074737549,6.948214054107666,6.9678568840026855,352984800,0.004419472014600023,0.2517683542801982,2462825303.5438538
2009-12-17,5.766196250915527,6.852142810821533,6.964285850524902,6.8214287757873535,6.937857151031494,388838800,-0.016387422049875422,0.25596542166848,2674933240.1420593
2009-12-18,5.873487949371338,6.979642868041992,6.982142925262451,6.878571033477783,6.898929119110107,608770400,0.018436022062569224,0.25197662294624984,4228997453.8609824
2009-12-21,5.9576416015625,7.0796427726745605,7.1339287757873535,6.988214015960693,7.001786231994629,611906400,0.014226041744750617,0.25749231064783945,4324502759.432602
2009-12-22,6.0216569900512695,7.15571403503418,7.173213958740234,7.09499979019165,7.122857093811035,349515600,0.01068777063412707,0.23758871481966695,2495998991.256523
2009-12-23,6.073951721191406,7.2178568840026855,7.2278571128845215,7.171785831451416,7.185713768005371,345525600,0.008646949190693087,0.23906404616422092,2489799866.2288666
2009-12-24,6.282528400421143,7.465713977813721,7.476786136627197,7.262499809265137,7.2696428298950195,500889200,0.03376309283126422,0.26689395340132926,3707414882.5950623
2009-12-28,6.359766483306885,7.557499885559082,7.64107084274292,7.4860711097717285,7.561429023742676,644565600,0.012219149230922488,0.2601385085589766,4873913259.047699
2009-12-29,6.284329891204834,7.4678568840026855,7.597143173217773,7.4546427726745605,7.593928813934326,445205600,-0.01193244419228412,0.2642918477658941,3341957032.623037
2009-12-30,6.3606672286987305,7.558570861816406,7.5714287757873535,7.439642906188965,7.458213806152344,412084400,0.012074065997600636,0.2587331955942974,3100199201.957766
2009-12-31,6.333319187164307,7.526071071624756,7.619643211364746,7.519999980926514,7.611785888671875,352410800,-0.004308825131899452,0.25893506099632024,2662547498.7726846
2010-01-04,6.4318976402282715,7.643214225769043,7.660714149475098,7.585000038146973,7.622499942779541,493729600,0.01544516071621893,0.2619793574951983,3766980489.9907427
2010-01-05,6.443017482757568,7.656428813934326,7.699643135070801,7.6160712242126465,7.664286136627197,601904800,0.0017273659962833143,0.251443262645938,4609014414.082336
2010-01-06,6.340530872344971,7.534643173217773,7.68678617477417,7.526785850524902,7.656428813934326,552160000,-0.01603448485069281,0.2428099133661195,4186884834.6710205
2010-01-07,6.328810214996338,7.520713806152344,7.5714287757873535,7.466071128845215,7.5625,477131200,-0.0018502399787847512,0.24414300866997868,3587742525.8944197
2010-01-08,6.370885848999023,7.570713996887207,7.5714287757873535,7.466429233551025,7.510714054107666,447610800,0.0066262669190249035,0.20687324680982896,3373280334.18808
2010-01-11,6.3146867752075195,7.503929138183594,7.607142925262451,7.444643020629883,7.599999904632568,462229600,-0.008860371245414278,0.20818597644468434,3475306387.008794
2010-01-12,6.242854595184326,7.4185709953308105,7.491786003112793,7.372142791748047,7.471070766448975,594459600,-0.01144060949473169,0.21017400078017603,4415348637.425804
2010-01-13,6.33091402053833,7.523213863372803,7.533214092254639,7.289286136627197,7.423929214477539,605892000,0.014007075809773895,0.21144265045715716,4513029800.928116
2010-01-14,6.294246673583984,7.479642868041992,7.5164289474487305,7.465000152587891,7.503929138183594,432894000,-0.005808631024919908,0.20435765041470208,3241087762.8498077
2010-01-15,6.18905782699585,7.354642868041992,7.557143211364746,7.352499961853027,7.533214092254639,594067600,-0.016853123511370693,0.21641958574861175,4408830324.74823
2010-01-19,6.462852954864502,7.679999828338623,7.685357093811035,7.401429176330566,7.440357208251953,730007600,0.04328798795733757,0.24643786226679792,5539975626.488304
2010-01-20,6.363373279571533,7.56178617477417,7.698214054107666,7.482142925262451,7.675356864929199,612152800,-0.01551222756814763,0.2522572597183492,4640555536.603419
2010-01-21,6.253375053405762,7.431070804595947,7.618214130401611,7.400356769561768,7.574285984039307,608154400,-0.017437300073690265,0.2597678145529163,4550949460.350418
2010-01-22,5.943214416503906,7.0625,7.410714149475098,7.041429042816162,7.385000228881836,881767600,-0.05087119197449197,0.3162556621709242,6323638430.841001
2010-01-25,6.103102684020996,7.252500057220459,7.310713768005371,7.1496429443359375,7.232500076293945,1065699600,0.026547144025611757,0.3287085063585927,7713127591.393089
2010-01-26,6.189358234405518,7.355000019073486,7.632500171661377,7.235000133514404,7.3553571701049805,1867110000,0.014034124927366554,0.3099054916315683,13830617526.803017
2010-01-27,6.247663974761963,7.424285888671875,7.520713806152344,7.126070976257324,7.387499809265137,1722568400,0.00937622632346291,0.3085599413706422,12672976297.39062
2010-01-28,5.989499568939209,7.117499828338623,7.339285850524902,7.096428871154785,7.318929195404053,1173502400,-0.042199765623201824,0.3385235107369188,8430916334.0538025
2010-01-29,5.772204875946045,6.859285831451416,7.221428871154785,6.794642925262451,7.181428909301758,1245952400,-0.03695372914498818,0.3542384293193365,8669900645.767084
2010-02-01,5.852451801300049,6.9546427726745605,7.0,6.8321428298950195,6.870357036590576,749876400,0.013806549699637571,0.36008593194013666,5195839985.075569
2010-02-02,5.886412620544434,6.994999885559082,7.0114288330078125,6.906428813934326,6.996786117553711,698342400,0.005786064609060171,0.35504666879136415,4868111706.70166
2010-02-03,5.987696170806885,7.115356922149658,7.150000095367432,6.943571090698242,6.9703569412231445,615328000,0.017059976208327887,0.36228674747134987,4350149104.990642
2010-02-04,5.771905422210693,6.85892915725708,7.0846428871154785,6.841785907745361,7.026071071624756,757652000,-0.03670447043287628,0.3779009996900987,5249356007.712683
2010-02-05,5.874390602111816,6.980713844299316,7.0,6.816071033477783,6.879642963409424,850306800,0.0176000721910623,0.3856597221885769,5894549199.903679
2010-02-08,5.8341193199157715,6.932857036590576,7.067142963409424,6.9285712242126465,6.98892879486084,478270800,-0.006879003608403433,0.38391875794273433,3336508167.4203873
2010-02-09,5.896331310272217,7.006785869598389,7.0535712242126465,6.955357074737549,7.014999866485596,632886800,0.010607021946603679,0.3869653829445838,4433522696.615791
2010-02-10,5.8641743659973145,6.968571186065674,7.021429061889648,6.937857151031494,6.996070861816406,370361600,-0.005468646553263179,0.3859574751873854,2583624916.9535317
2010-02-11,5.970865726470947,7.0953569412231445,7.1339287757873535,6.930714130401611,6.960000038146973,550345600,0.018030230565378558,0.38845104022374005,3881770937.3413086
2010-02-12,6.02225923538208,7.156428813934326,7.2014288902282715,6.982142925262451,7.075356960296631,655468800,0.00857054748677566,0.3902886019181223,4662568201.522827
2010-02-16,6.113023281097412,7.264286041259766,7.2746429443359375,7.197143077850342,7.2121429443359375,543737600,0.014958982309149604,0.3907672083433459,3939573219.0684
2010-02-17,6.087475776672363,7.23392915725708,7.296785831451416,7.1735711097717285,7.292500019073486,436396800,-0.004187950286905995,0.3565810421995301,3157226999.887085
2010-02-18,6.098895072937012,7.247499942779541,7.28178596496582,7.175714015960693,7.201070785522461,422825200,0.0018741099787451532,0.3539530632773467,3059140311.246999
2010-02-19,6.061026096343994,7.202499866485596,7.257143020629883,7.182499885559082,7.209286212921143,415469600,-0.006228510611365312,0.3499440217249681,2997217466.9686637
2010-02-22,6.023460388183594,7.1578569412231445,7.232142925262451,7.11392879486084,7.226428985595703,390563600,-0.006217199086194114,0.30140038914238565,2799550597.3728814
2010-02-23,5.922477722167969,7.0378570556640625,7.190357208251953,6.989643096923828,7.142857074737549,575094800,-0.016907014005656196,0.2917339987338775,4067426478.4535728
2010-02-24,6.030673980712891,7.166429042816162,7.194285869598389,7.065713882446289,7.0796427726745605,460566400,0.018103880270732065,0.29478864900878055,3289431058.301799
2010-02-25,6.070944786071777,7.214285850524902,7.244999885559082,7.03178596496582,7.049285888671875,665126000,0.006655465650540648,0.29369551222150375,4764756852.077484
2010-02-26,6.149689197540283,7.307857036590576,7.327499866485596,7.214285850524902,7.2278571128845215,507460800,0.012887302149875213,0.2568874664596378,3695945730.4855347
2010-03-01,6.281025409698486,7.463929176330566,7.482142925262451,7.337500095367432,7.348214149475098,550093600,0.02113170539413689,0.22439729052805824,4086016816.895294
2010-03-02,6.27681827545166,7.458929061889648,7.5296430587768555,7.419285774230957,7.497499942779541,566546400,-0.0006700408939157576,0.22218661083514446,4231697074.0219116
2010-03-03,6.291243553161621,7.476070880889893,7.495357036590576,7.42642879486084,7.4621429443359375,372052800,0.002295546320699726,0.22206227857795063,2777728434.6084595
2010-03-04,6.332718372344971,7.525356769561768,7.5328569412231445,7.451070785522461,7.474286079406738,366041200,0.006570832303490759,0.21679082560223975,2746441836.0565825
2010-03-05,6.580365180969238,7.819643020629883,7.846428871154785,7.6653571128845215,7.67642879486084,899620400,0.038360655744295924,0.19928886468061888,6996476497.917366
2010-03-08,6.584270477294922,7.824285984039307,7.86035680770874,7.794642925262451,7.857500076293945,429889600,0.0005933011048109282,0.1960721470618003,3364500248.3904524
2010-03-09,6.70268440246582,7.965000152587891,8.035714149475098,7.78178596496582,7.796785831451416,920259200,0.017824559710164944,0.1947198984174315,7295354889.911905
2010-03-10,6.757382392883301,8.029999732971191,8.052857398986816,7.971428871154785,7.993928909301758,596218000,0.008127491838423317,0.19431997555300362,4780532764.067968
2010-03-11,6.777218341827393,8.053570747375488,8.053570747375488,7.975714206695557,7.996786117553711,405700400,0.002931148621939217,0.18974883518081548,3256808063.7397127
2010-03-12,6.810279846191406,8.092857360839844,8.133213996887207,8.0625,8.120356559753418,416323600,0.004866469037170473,0.1857359787639427,3370635155.501938
2010-03-15,6.727330207824707,7.994286060333252,8.053570747375488,7.8660712242126465,8.049285888671875,493502800,-0.012254847961615356,0.19657830006518626,3933863480.9172316
2010-03-16,6.745663166046143,8.016071319580078,8.03499984741211,7.946785926818848,8.006428718566895,446908000,0.002721439702009665,0.19372569471910892,3574944772.693634
2010-03-17,6.735744953155518,8.00428581237793,8.087499618530273,7.973928928375244,8.032142639160156,450956800,-0.0014713915033703895,0.19233877930270848,3617532512.3921714
2010-03-18,6.751672744750977,8.023214340209961,8.035714149475098,7.950356960296631,8.003570556640625,342109600,0.002361875246482903,0.19224436803706407,2737935680.526352
2010-03-19,6.679542064666748,7.9375,8.044285774230957,7.901071071624756,8.028214454650879,559445600,-0.01074085621571741,0.19618357388692337,4453719725.947952
2010-03-22,6.754677772521973,8.026785850524902,8.071429252624512,7.862500190734863,7.873929023742676,456419600,0.011185836200020116,0.19301805496148228,3645380030.049515
2010-03-23,6.863171577453613,8.15571403503418,8.170714378356934,8.003570556640625,8.058570861816406,602431200,0.01593439576641087,0.17729337537297335,4885716825.171661
2010-03-24,6.893529891967773,8.19178581237793,8.221428871154785,8.125356674194336,8.130000114440918,597780400,0.004413610902757492,0.17312862835082096,4889559000.550207
2010-03-25,6.811781883239746,8.094642639160156,8.248929023742676,8.08035659790039,8.247142791748047,542284400,-0.011929532075631633,0.18472247142415174,4414905094.184239
2010-03-26,6.939512252807617,8.246429443359375,8.283928871154785,8.162500381469727,8.176786422729492,640875200,0.018577748675013606,0.18850060415387795,5275013585.120137
2010-03-29,6.9842939376831055,8.299642562866211,8.352499961853027,8.272143363952637,8.321429252624512,540744400,0.006432413475131904,0.1803581949879501,4492556006.099447
2010-03-30,7.088279724121094,8.423213958740234,8.481429100036621,8.366070747375488,8.449999809265137,527310000,0.014778772039336863,0.18182180276026866,4441833365.707397
2010-03-31,7.0627336502075195,8.39285659790039,8.450357437133789,8.373571395874023,8.410357475280762,430659600,-0.003610497847569505,0.184498764281063,3619950242.320252
2010-04-01,7.091884136199951,8.427499771118164,8.526070594787598,8.3125,8.478928565979004,603145200,0.004118871684711145,0.18456197000606422,5079703021.352768
2010-04-05,7.167623519897461,8.517499923706055,8.518214225769043,8.384642601013184,8.392143249511719,684507600,0.01062310113229259,0.1428843593369286,5800142463.473511
2010-04-06,7.19918155670166,8.555000305175781,8.579999923706055,8.464285850524902,8.507143020629883,447017200,0.004393194922906352,0.1422543661470934,3814440395.0717926
2010-04-07,7.2310380935668945,8.592857360839844,8.640000343322754,8.523571014404297,8.555356979370117,628502000,0.0044152603896032705,0.1336935361686569,5395988987.492244
2010-04-08,7.2115020751953125,8.569643020629883,8.626428604125977,8.501428604125977,8.587142944335938,572989200,-0.0027053454667214094,0.13451981768919016,4908130032.715607
2010-04-09,7.266800880432129,8.635356903076172,8.63892936706543,8.587857246398926,8.6225004196167,334182800,0.0076388889372693836,0.1353617234867278,2880894511.45312
2010-04-12,7.281827449798584,8.653214454650879,8.681071281433105,8.63607120513916,8.649999618530273,333026400,0.0020657032908857342,0.13534904345552878,2882938159.616852
2010-04-13,7.286036968231201,8.65821361541748,8.671428680419922,8.61107063293457,8.637857437133789,306210800,0.0005779184139809157,0.12347075538861853,2647775486.1632032
2010-04-14,7.38401460647583,8.774642944335938,8.778928756713867,8.71678638458252,8.760000228881836,404076400,0.013357702878233235,0.1275124572599963,3538410573.9844003
2010-04-15,7.481088638305664,8.890000343322754,8.893928527832031,8.768214225769043,8.777856826782227,376784800,0.01306084595321444,0.1288133415262443,3334814642.115275
2010-04-16,7.435407638549805,8.835714340209961,8.96928596496582,8.733928680419922,8.8774995803833,750545600,-0.006124915894000438,0.13443274525194973,6639558792.950439
2010-04-19,7.425487995147705,8.823928833007812,8.853214263916016,8.634642601013184,8.822500228881836,566924400,-0.0013349996016200905,0.12426604658840974,4972264439.910507
2010-04-20,7.3509521484375,8.735357284545898,8.901785850524902,8.677143096923828,8.876428604125977,738326400,-0.01008855694155364,0.13304388140017312,6476177407.41272
2010-04-21,7.790645599365234,9.257857322692871,9.29464340209961,9.133213996887207,9.242856979370117,982391200,0.05809388300883511,0.22674144157636808,9066067502.762857
2010-04-22,8.008541107177734,9.516785621643066,9.526785850524902,9.149999618530273,9.222857475280762,793424800,0.027584878707922034,0.23814902398846058,7456492834.641012
2010-04-23,8.139573097229004,9.672499656677246,9.72071361541748,9.535714149475098,9.571070671081543,796955600,0.01622912302479218,0.22895759102538701,7685023570.204544
2010-04-26,8.099605560302734,9.625,9.730713844299316,9.578213691711426,9.710000038146973,479068800,-0.004922369347526434,0.2308752321440894,4620447314.654541
2010-04-27,7.875398635864258,9.35857105255127,9.565713882446289,9.304286003112793,9.545356750488281,709343600,-0.028071560376036864,0.26207155161145684,6674585377.364858
2010-04-28,7.862176895141602,9.342857360839844,9.428570747375488,9.157500267028809,9.401785850524902,758402400,-0.0016802770931754196,0.26131337060108767,7060455436.404419
2010-04-29,8.07375717163086,9.59428596496582,9.64285659790039,9.357500076293945,9.393570899963379,558840800,0.026555419864755958,0.2692471099919276,5326617656.060791
2010-04-30,7.846848011016846,9.3246431350708,9.663213729858398,9.321429252624512,9.618213653564453,542463600,-0.028507022727652487,0.2955483509158861,5118919086.919403
2010-05-03,8.004934310913086,9.512499809265137,9.567143440246582,9.388570785522461,9.422857284545898,454342000,0.019946216506237402,0.2994941308873177,4311435100.3685
2010-05-04,7.774416446685791,9.238571166992188,9.403214454650879,9.16964340209961,9.38892936706543,723819600,-0.02921974024801921,0.32276741669901376,6710152477.131271
2010-05-05,7.693569660186768,9.142499923706055,9.21928596496582,8.883213996887207,9.036786079406738,883103200,-0.01045352926473031,0.3265132900151406,8020048860.978952
2010-05-06,7.400843620300293,8.79464340209961,9.223214149475098,7.1160712242126465,9.065357208251953,1285860800,-0.03879087443956131,0.35703931600703626,10772911254.258984
2010-05-07,7.08858060836792,8.42357063293457,8.806071281433105,8.043213844299316,8.70392894744873,1676018400,-0.04310887223447257,0.38754620974144754,14119257090.690615
2010-05-10,7.633463382720947,9.071070671081543,9.094642639160156,8.876070976257324,8.9375,984306400,0.07405653456351868,0.46714950537114897,8872467113.54014
2010-05-11,7.709497928619385,9.161429405212402,9.28178596496582,8.946429252624512,8.994285583496094,848906800,0.009911407165617447,0.4678169890361086,7750418523.293558
2010-05-12,7.876902103424072,9.360357284545898,9.397500038146973,9.239286422729492,9.258570671081543,654379600,0.021481626538833343,0.4709555040457624,6106919908.423996
2010-05-13,7.764800071716309,9.227143287658691,9.464285850524902,9.157142639160156,9.400713920593262,599712400,-0.014333983584191134,0.47328233160667504,5567044605.721029
2010-05-14,7.628353595733643,9.0649995803833,9.15999984741211,8.910714149475098,9.1128568649292,759362800,-0.01772866726813227,0.4774338942091185,6868617147.344717
2010-05-17,7.640376091003418,9.079285621643066,9.149286270141602,8.846785545349121,9.096428871154785,762834800,0.0015747869012079363,0.47733913962238306,6884674958.4948225
2010-05-18,7.584475040435791,9.012857437133789,9.233928680419922,8.937856674194336,9.177857398986816,782678400,-0.007343428358611792,0.4765986597853775,7092277574.938965
2010-05-19,7.463655948638916,8.869285583496094,9.032856941223145,8.744643211364746,8.910714149475098,1025726800,-0.016058032466417238,0.43281574155721886,9110774087.786356
2010-05-20,7.145684242248535,8.491429328918457,8.708929061889648,8.436071395874023,8.638570785522461,1282915200,-0.04353679573106284,0.4411295847125325,10963121815.689087
2010-05-21,7.282731533050537,8.65428638458252,8.73214340209961,8.262499809265137,8.3149995803833,1223891200,0.018997430436693774,0.44296370980528194,10463833073.96647
2010-05-24,7.416172027587891,8.812856674194336,8.960714340209961,8.795000076293945,8.831428527832031,754238800,0.018157022391999122,0.45051585709129444,6679682392.387644
2010-05-25,7.36988639831543,8.757857322692871,8.812856674194336,8.470000267028809,8.548213958740234,1048006400,-0.0062607327965860105,0.44232604687819027,9096945069.718426
2010-05-26,7.336525917053223,8.71821403503418,9.004643440246582,8.70535659790039,8.931428909301758,850654000,-0.004536869736667004,0.44230326881509946,7493755338.069281
2010-05-27,7.6142258644104,9.048213958740234,9.067500114440918,8.896785736083984,8.949999809265137,666282400,0.03715289959951096,0.4527607300461645,5999317734.3055725
2010-05-28,7.7203192710876465,9.174285888671875,9.264286041259766,9.048213958740234,9.26392936706543,815614800,0.013837397663209128,0.446276154255374,7472876458.410645
2010-06-01,7.839031219482422,9.315357208251953,9.497857093811035,9.248571395874023,9.274642944335938,876472800,0.015259538243439508,0.44381707514192853,8198463961.223602
2010-06-02,7.932805061340332,9.426786422729492,9.45714282989502,9.297499656677246,9.447856903076172,688548000,0.011891443102021615,0.4336099447659634,6468088837.547302
2010-06-03,7.9078569412231445,9.397143363952637,9.483928680419922,9.3003568649292,9.47071361541748,650106800,-0.0031498861273133727,0.4319103040907206,6106979522.551219
2010-06-04,7.692668914794922,9.14142894744873,9.353570938110352,9.093929290771484,9.221785545349121,758304400,-0.027589028410826444,0.4203696393303558,6973602128.566614
2010-06-07,7.541800022125244,8.962142944335938,9.255356788635254,8.948213577270508,9.224642753601074,886942000,-0.019806903094067074,0.39593017028958005,8031470698.270798
2010-06-08,7.493407726287842,8.904643058776855,9.064286231994629,8.773214340209961,9.044285774230957,1000770400,-0.0064372190598041,0.3006385528704044,8920915259.47825
2010-06-09,7.309178352355957,8.685713768005371,8.996429443359375,8.660357475280762,8.981071472167969,854630000,-0.024892797247711096,0.3088335447294672,7504363787.27595
2010-06-10,7.528875350952148,8.946785926818848,8.963570594787598,8.649999618530273,8.744285583496094,776356000,0.02961480792809268,0.3179924294294586,6873430617.177328
2010-06-11,7.61903715133667,9.053929328918457,9.066429138183594,8.834643363952637,8.865357398986816,545759200,0.011904328748528759,0.31839625159788615,4903646745.10498
2010-06-14,7.642179012298584,9.081428527832031,9.255356788635254,9.071785926818848,9.14142894744873,602960400,0.003032769924942169,0.31265955713578497,5508761026.760101
2010-06-15,7.8047709465026855,9.274642944335938,9.280357360839844,9.125,9.130000114440918,585074000,0.0210524329686268,0.320976145775741,5398282832.850139
2010-06-16,8.031982421875,9.54464340209961,9.5625,9.30821418762207,9.324999809265137,783678000,0.02869616791943308,0.3330720071971172,7422830201.7326355
2010-06-17,8.170832633972168,9.709643363952637,9.746429443359375,9.625,9.664285659790039,872855200,0.01713944282655966,0.32908515025344093,8461188540.480295
2010-06-18,8.236949920654297,9.788213729858398,9.821429252624512,9.693571090698242,9.723214149475098,784621600,0.008059302874650953,0.2786941272537865,7663978237.080637
2010-06-21,8.11973762512207,9.64892864227295,9.964642524719238,9.59749984741211,9.917499542236328,776490400,-0.014332278662158693,0.2845696295904379,7560705405.467733
2010-06-22,8.230340957641602,9.780357360839844,9.856071472167969,9.696429252624512,9.720000267028809,717262000,0.013529600988413826,0.2824060826420754,7013114818.738937
2010-06-23,8.143782615661621,9.677499771118164,9.809286117553711,9.567856788635254,9.806428909301758,768457200,-0.010572675586882685,0.2849947007102118,7442416452.934647
2010-06-24,8.084575653076172,9.60714340209961,9.757143020629883,9.574999809265137,9.678570747375488,714277200,-0.0072967609292002855,0.2863143798637862,6890224113.262558
2010-06-25,8.01545238494873,9.524999618530273,9.65250015258789,9.493213653564453,9.645000457763672,549942400,-0.008586779188773708,0.2641785453044265,5255746983.494059
2010-06-28,8.0635404586792,9.58214282989502,9.633929252624512,9.447142601013184,9.53321361541748,584948000,0.005981496176263423,0.2613388148916148,5588830034.2343645
2010-06-29,7.698981285095215,9.14892864227295,9.442500114440918,9.08214282989502,9.432856559753418,1133344800,-0.04626470346412059,0.30548414707879973,10454566151.703644
2010-06-30,7.559529781341553,8.983214378356934,9.213213920593262,8.928929328918457,9.168213844299316,739452000,-0.018279029448345252,0.30739230317423255,6685966649.547577
2010-07-01,7.467864990234375,8.874285697937012,9.100000381469727,8.686429023742676,9.08214282989502,1022896000,-0.012199842942494321,0.3092558089145515,9090379612.050375
2010-07-02,7.421581268310547,8.819286346435547,8.961786270141602,8.685713768005371,8.946070671081543,693842800,-0.006217003667775778,0.2962928624123625,6121263057.360205
2010-07-06,7.472373008728027,8.879643440246582,9.028571128845215,8.791428565979004,8.964285850524902,615235600,0.006820477137311709,0.2901541217550803,5475523654.663721
2010-07-07,7.774116516113281,9.238213539123535,9.241786003112793,8.91964340209961,8.946070671081543,654556000,0.03958719969184976,0.32033601229827896,5978200229.024252
2010-07-08,7.756686210632324,9.217499732971191,9.389286041259766,9.103214263916016,9.374285697937012,738144400,-0.002244611963189147,0.3057751020839575,6817993784.052658
2010-07-09,7.802670001983643,9.272143363952637,9.282142639160156,9.1128568649292,9.174642562866211,433322400,0.005910774790659268,0.29035978497967224,3996264249.5742803
2010-07-12,7.73264217376709,9.188928604125977,9.351785659790039,9.102143287658691,9.233214378356934,562878400,-0.009015371139956763,0.29019501281535515,5186522476.686096
2010-07-13,7.5676422119140625,8.992856979370117,9.157142639160156,8.801071166992188,9.15428638458252,1190924000,-0.021569057734617036,0.30006093778079745,10698892341.392517
2010-07-14,7.595591068267822,9.026070594787598,9.135713577270508,8.89285659790039,8.906429290771484,812047600,0.003686402166131586,0.29020502315940044,7323218702.03565
2010-07-15,7.557126522064209,8.98035717010498,9.177499771118164,8.83214282989502,8.865357398986816,824866000,-0.005076928094719602,0.2688741908890556,7421044383.734385
2010-07-16,7.510542869567871,8.925000190734863,9.106071472167969,8.871786117553711,9.042142868041992,1039858400,-0.006183278874073661,0.2587279725531548,9325054215.671032
2010-07-19,7.380708694458008,8.770713806152344,8.924285888671875,8.557143211364746,8.924285888671875,1024478000,-0.0174380863296959,0.258527734649011,8964914286.748886
2010-07-20,7.570346832275391,8.996070861816406,9.032142639160156,8.571785926818848,8.675000190734863,1074950800,0.02536922001959785,0.27722793867815865,9531230221.636072
2010-07-21,7.640974998474121,9.079999923706055,9.469642639160156,9.071429252624512,9.467499732971191,1185671200,0.009286329556486006,0.274316525389928,10916503121.586355
2010-07-22,7.784636497497559,9.250714302062988,9.285714149475098,9.118213653564453,9.20285701751709,645318800,0.01862689887996316,0.28356544748718243,5948686819.231415
2010-07-23,7.812285900115967,9.283571243286133,9.299285888671875,9.152856826782227,9.181785583496094,533388800,0.0035454983845619736,0.28361768790070174,4931306395.198567
2010-07-26,7.792450904846191,9.260000228881836,9.289285659790039,9.20392894744873,9.285714149475098,420551600,-0.002542177570814985,0.282540802404472,3890552968.158086
2010-07-27,7.936709880828857,9.431428909301758,9.45714282989502,9.296428680419922,9.31678581237793,584771600,0.018343384360345993,0.2897608629599628,5493929263.793309
2010-07-28,7.842940807342529,9.319999694824219,9.499643325805664,9.29464340209961,9.416786193847656,519985200,-0.011884949685231128,0.24230958282068882,4873004282.7934265
2010-07-29,7.757287502288818,9.21821403503418,9.380356788635254,9.146429061889648,9.311071395874023,643806800,-0.010981142591517834,0.23626141810861173,5954139864.107387
2010-07-30,7.731438159942627,9.1875,9.274999618530273,9.103570938110352,9.13892936706543,448210000,-0.0033378299685962176,0.23183328359504726,4118462828.063965
2010-08-02,7.869685649871826,9.351785659790039,9.378213882446289,9.272143363952637,9.30142879486084,428055600,0.017723224348418665,0.2362416716029788,3995491360.998154
2010-08-03,7.8720927238464355,9.354642868041992,9.402142524719238,9.265000343322754,9.321785926818848,417653600,0.0003058198300376347,0.23596537745442162,3901133230.368042
2010-08-04,7.903651237487793,9.392143249511719,9.438570976257324,9.296786308288574,9.3871431350708,420375200,0.004000896035783352,0.19409814200518574,3941367887.501526
2010-08-05,7.865180492401123,9.346428871154785,9.399286270141602,9.305356979370117,9.34749984741211,289097200,-0.004879349602018301,0.19483601747274268,2703162135.6942496
2010-08-06,7.816793441772461,9.288928985595703,9.338929176330566,9.201070785522461,9.277856826782227,444897600,-0.006171060401952921,0.19524392167834786,4127007899.7634883
2010-08-09,7.866682529449463,9.348214149475098,9.362500190734863,9.270357131958008,9.338570594787598,303128000,0.006362015160561896,0.1934478637453283,2827282077.7384443
2010-08-10,7.796355724334717,9.264642715454102,9.301786422729492,9.198213577270508,9.280357360839844,451920000,-0.008980030129054573,0.1794543869405436,4182465778.656006
2010-08-11,7.519256591796875,8.935357093811035,9.131786346435547,8.921786308288574,9.121429443359375,620054400,-0.03618913408660074,0.2214238654709286,5578201547.290039
2010-08-12,7.56734561920166,8.992500305175781,9.039285659790039,8.789999961853027,8.810357093811035,534920400,0.006375085602508879,0.22198867277752088,4782506818.896103
2010-08-13,7.486501216888428,8.896429061889648,8.99571418762207,8.896071434020996,8.987500190734863,354869200,-0.010740800063722133,0.22415509452014706,3168770771.391169
2010-08-16,7.442618370056152,8.84428596496582,8.928929328918457,8.807856559753418,8.842143058776855,318430000,-0.005878842749182933,0.216360802497945,2821403570.1179504
2010-08-17,7.572753429412842,8.998929023742676,9.093929290771484,8.899999618530273,8.931428909301758,422640400,0.01733401204177154,0.20623399505115983,3802757424.655024
2010-08-18,7.605814456939697,9.038213729858398,9.095356941223145,8.984999656677246,9.012857437133789,339696000,0.004356284474033245,0.2041363836313081,3070689955.352783
2010-08-19,7.509941101074219,8.924285888671875,9.052857398986816,8.881428718566895,9.029999732971191,426706000,-0.012685391894452724,0.19628518709765969,3820237942.162832
2010-08-20,7.502727508544922,8.915714263916016,9.068571090698242,8.89285659790039,8.90678596496582,384230000,-0.0009610007750167071,0.19535695945199164,3442334750.804901
2010-08-23,7.3873209953308105,8.778571128845215,9.0,8.758929252624512,8.992500305175781,414041600,-0.0155014705489811,0.20085976781588505,3662543039.3147783
2010-08-24,7.210900783538818,8.568928718566895,8.678570747375488,8.523214340209961,8.666786193847656,602565600,-0.024171272891491125,0.1986650418651816,5176181875.67749
2010-08-25,7.299861907958984,8.674642562866211,8.713929176330566,8.471428871154785,8.501428604125977,596867600,0.012261552460801184,0.20526305962620908,5144998833.433024
2010-08-26,7.221418857574463,8.581428527832031,8.776785850524902,8.581428527832031,8.766071319580078,466505200,-0.01080397999021443,0.20518355764625773,4033659433.9600883
2010-08-27,7.261693477630615,8.62928581237793,8.664643287658691,8.412857055664062,8.633929252624512,548391200,0.00556161174986558,0.20761121737316224,4699125102.689362
2010-08-30,7.288138389587402,8.660714149475098,8.776785850524902,8.59571361541748,8.598570823669434,383289200,0.003635085452262876,0.19512402198445766,3326083206.6941576
2010-08-31,7.306173324584961,8.682143211364746,8.734286308288574,8.583929061889648,8.637499809265137,420786800,0.0024715032172870632,0.19584611958216197,3646869228.793335
2010-09-01,7.523464202880859,8.940357208251953,8.980713844299316,8.795714378356934,8.838213920593262,697037600,0.02930704547810903,0.22572449957633486,6207534665.49174
2010-09-02,7.578762531280518,9.006071090698242,9.006071090698242,8.8774995803833,8.973570823669434,415427600,0.007323234713557003,0.22801637194018148,3723566447.3186493
2010-09-03,7.777122497558594,9.241786003112793,9.242142677307129,9.089285850524902,9.110357284545898,520788800,0.025836478971645427,0.24652190947753844,4786607102.571106
2010-09-07,7.748270511627197,9.207500457763672,9.268928527832031,9.151785850524902,9.165714263916016,342557600,-0.003716752178621885,0.24557791646673974,3154751655.5152893
2010-09-08,7.901849746704102,9.390000343322754,9.442500114440918,9.253570556640625,9.277856826782227,526551200,0.019627218546330205,0.25333262505918186,4929584798.639934
2010-09-09,7.906354904174805,9.395357131958008,9.518570899963379,9.390000343322754,9.465714454650879,438575200,0.0005699771343001814,0.21495601339423007,4137800349.319458
2010-09-10,7.9165730476379395,9.407500267028809,9.446429252624512,9.335714340209961,9.399642944335938,387542400,0.0012915618290989528,0.21452337933801666,3641560745.5322266
2010-09-13,8.02567195892334,9.537142753601074,9.581428527832031,9.491429328918457,9.493571281433105,388780000,0.013686982528726244,0.21251476936460068,3707665345.76416
2010-09-14,8.056328773498535,9.57357120513916,9.613213539123535,9.482856750488281,9.507499694824219,408150400,0.0038125668839388283,0.20976612407108877,3900508547.9797363
2010-09-15,8.121241569519043,9.650713920593262,9.656429290771484,9.565713882446289,9.577500343322754,429368800,0.008025079541536417,0.20470019857613736,4132368000.980377
2010-09-16,8.312088966369629,9.8774995803833,9.881071090698242,9.625,9.651429176330566,652103200,0.02322791196931906,0.21581037529187888,6387040154.012808
2010-09-17,8.276022911071777,9.834643363952637,9.927143096923828,9.774286270141602,9.917499542236328,634477200,-0.004348428850116992,0.2093041214346649,6246654908.457565
2010-09-20,8.512248039245605,10.115357398986816,10.135000228881836,9.851785659790039,9.859999656677246,658677600,0.02814354386919682,0.22289181555144247,6609202498.523712
2010-09-21,8.528475761413574,10.134642601013184,10.262499809265137,10.099642753601074,10.137857437133789,668074400,0.0019045819019440913,0.2091392711391764,6791373816.762543
2010-09-22,8.648091316223145,10.276785850524902,10.28499984741211,10.086071014404297,10.096785545349121,585289600,0.013927985485763017,0.17610152595602072,5979290598.6745205
2010-09-23,8.683256149291992,10.318571090698242,10.455714225769043,10.214285850524902,10.22607135772705,786116800,0.004057951223198408,0.1765250377295782,8120212134.122721
2010-09-24,8.785440444946289,10.4399995803833,10.483214378356934,10.376786231994629,10.432143211364746,649488000,0.011699265668896786,0.16178784859873127,6776324841.293335
2010-09-27,8.750580787658691,10.398571014404297,10.526070594787598,10.393214225769043,10.499285697937012,482834800,-0.003975782504324066,0.16817645352040667,5040450219.500732
2010-09-28,8.621343612670898,10.244999885559082,10.420356750488281,9.821429252624512,10.420356750488281,1035042400,-0.014879129830730697,0.18719292247836608,10518372011.499023
2010-09-29,8.636672019958496,10.263214111328125,10.350357055664062,10.214285850524902,10.258213996887207,469644000,0.0017763816703690871,0.1874855130384441,4826039360.378265
2010-09-30,8.527877807617188,10.133929252624512,10.35714340209961,10.04464340209961,10.321429252624512,673391600,-0.012676786793070605,0.18464287902401572,6854164897.550075
2010-10-01,8.490907669067383,10.09000015258789,10.234999656677246,10.048213958740234,10.219642639160156,448142800,-0.0043446339639197085,0.1881797782651161,4537179020.997492
2010-10-04,8.37430191040039,9.95142936706543,10.103570938110352,9.920356750488281,10.057143211364746,435302000,-0.013828184726870418,0.18465848361539883,4349444292.348226
2010-10-05,8.683859825134277,10.319286346435547,10.337499618530273,10.0649995803833,10.071429252624512,501967200,0.03629838989132628,0.21397963557979946,5140442889.733124
2010-10-06,8.69136905670166,10.328213691711426,10.428214073181152,10.187856674194336,10.342499732971191,670868800,0.000864360646524176,0.20836519334471032,6919851656.169638
2010-10-07,8.69227123260498,10.329285621643066,10.374285697937012,10.246786117553711,10.369285583496094,408399600,0.00010379597013265851,0.2084895640415149,4213371199.0608215
2010-10-08,8.838032722473145,10.5024995803833,10.51785659790039,10.35714340209961,10.418213844299316,658403200,0.01663004241365762,0.21201833429973269,6886348710.574341
2010-10-11,8.87680435180664,10.54857063293457,10.615714073181152,10.521429061889648,10.526429176330566,427753200,0.0043773127665889255,0.2099279860451281,4517888486.182785
2010-10-12,8.972378730773926,10.662142753601074,10.696429252624512,10.446070671081543,10.5503568649292,558544000,0.010709206348816114,0.21077430284917018,5921430779.851278
2010-10-13,9.020463943481445,10.71928596496582,10.784285545349121,10.70714282989502,10.721428871154785,630092400,0.00534493943557246,0.210555112080441,6765242101.44577
2010-10-14,9.08568000793457,10.796786308288574,10.802499771118164,10.728570938110352,10.774642944335938,435296400,0.007203780844473151,0.2003687992213215,4690733259.813309
2010-10-15,9.459253311157227,11.240714073181152,11.25,10.889642715454102,10.979999542236328,922194000,0.04029390020920376,0.2326062003774798,10261054916.1129
2010-10-18,9.557232856750488,11.35714340209961,11.39285659790039,11.224642753601074,11.373929023742676,1093010800,0.010304786252587128,0.2196970586576601,12378217151.942572
2010-10-19,9.301469802856445,11.053214073181152,11.206070899963379,10.71500015258789,10.835714340209961,1232784000,-0.02712580404425502,0.24737992324681676,13550057038.146973
2010-10-20,9.33272647857666,11.090356826782227,11.223214149475098,10.959643363952637,11.035714149475098,721624400,0.0033547682511136934,0.2449077519964638,8003587778.10847
2010-10-21,9.302371978759766,11.054286003112793,11.240714073181152,10.95714282989502,11.15571403503418,551460000,-0.003257780122036369,0.24611912488655635,6112408909.0156555
2010-10-22,9.240762710571289,10.981071472167969,11.072856903076172,10.939286231994629,11.038213729858398,372778000,-0.0066449924375451275,0.24654877556865137,4099714851.619085
2010-10-25,9.281935691833496,11.029999732971191,11.128570556640625,11.015713691711426,11.038928985595703,392462000,0.004445685847712433,0.24546958856529227,4339881946.626027
2010-10-26,9.25819206237793,11.001786231994629,11.062143325805664,10.916070938110352,10.959643363952637,392929600,-0.0025613245767179826,0.23777713414184742,4319606134.28599
2010-10-27,9.251579284667969,10.993928909301758,11.067856788635254,10.914285659790039,10.987500190734863,399002800,-0.0007145175234541945,0.2381688605975064,4385848268.244299
2010-10-28,9.17374038696289,10.901429176330566,11.0,10.746429443359375,10.998213768005371,551051200,-0.008449173437292234,0.2349924460017406,5996880556.603495
2010-10-29,9.045708656311035,10.749285697937012,10.924285888671875,10.745356559753418,10.865357398986816,430511200,-0.014054633362271751,0.24146699325906532,4652237219.66807
2010-11-01,9.14188289642334,10.863571166992188,10.914285659790039,10.79285717010498,10.793571472167969,423889200,0.010575906793846013,0.23448838782734657,4602124633.189774
2010-11-02,9.297562599182129,11.04857063293457,11.078213691711426,10.964285850524902,10.964285850524902,433930000,0.016885909276262545,0.2094844704091865,4786402693.70397
2010-11-03,9.40095043182373,11.171428680419922,11.174285888671875,11.018928527832031,11.120356559753418,508348400,0.011058514233996952,0.21088530536822062,5653620978.297424
2010-11-04,9.56534481048584,11.366786003112793,11.4350004196167,11.251070976257324,11.266071319580078,642488000,0.017335857497541518,0.21533255269268303,7292850748.186748
2010-11-05,9.531084060668945,11.326070785522461,11.413213729858398,11.3125,11.356785774230957,361253200,-0.0035881878027810288,0.2126650898014441,4100438707.2972617
2010-11-08,9.5758638381958,11.37928581237793,11.420356750488281,11.312856674194336,11.328571319580078,281758400,0.004687285457684265,0.212678860422223,3203827735.0118
2010-11-09,9.499527931213379,11.28857135772705,11.475000381469727,11.23214340209961,11.466071128845215,383544000,-0.008003643165026109,0.21485132396525528,4346284189.38446
2010-11-10,9.558133125305176,11.358214378356934,11.384642601013184,11.198213577270508,11.308570861816406,384227200,0.006150322293327015,0.2149869750348157,4347027501.660156
2010-11-11,9.516661643981934,11.308929443359375,11.371429443359375,11.223214149475098,11.25,361284000,-0.0043483085578981395,0.21578326143367563,4082939493.6027527
2010-11-12,9.257588386535645,11.001070976257324,11.303570747375488,10.843929290771484,11.285714149475098,795846800,-0.027600538336100655,0.19173988301893308,8793728055.46214
2010-11-15,9.227836608886719,10.965714454650879,11.090714454650879,10.938214302062988,11.01642894744873,403606000,-0.003218947180928744,0.18728142812282025,4438945322.655359
2010-11-16,9.064041137695312,10.771071434020996,10.985713958740234,10.6899995803833,10.918571472167969,657650000,-0.017909571842921412,0.1737768702985307,7112876045.862834
2010-11-17,9.03128433227539,10.73214340209961,10.856785774230957,10.634285926818848,10.757143020629883,479449600,-0.003620475492987829,0.17310068077795276,5149802530.639648
2010-11-18,9.269611358642578,11.01535701751709,11.059642791748047,10.881786346435547,10.899999618530273,494491200,0.02604686726177441,0.19761007488417967,5432280244.758606
2010-11-19,9.218521118164062,10.954643249511719,11.014286041259766,10.901429176330566,10.998929023742676,384843200,-0.005526828693168007,0.197186301228238,4216644645.8755493
2010-11-22,9.417781829833984,11.191429138183594,11.191429138183594,10.923929214477539,10.95285701751709,393075200,0.02138496094816489,0.21039548474894326,4364024051.44043
2010-11-23,9.2786283493042,11.026070594787598,11.133929252624512,10.94857120513916,11.087499618530273,519447600,-0.014885857633369692,0.21703813290791657,5732722590.89241
2010-11-24,9.461058616638184,11.242856979370117,11.264286041259766,11.133929252624512,11.14285659790039,413725200,0.019470552623649606,0.22707497629180054,4639386451.488876
2010-11-26,9.46706485748291,11.25,11.346428871154785,11.17642879486084,11.204999923706055,237585600,0.0006346367144662857,0.22441116777547732,2674648217.4316406
2010-11-29,9.523270606994629,11.31678581237793,11.338570594787598,11.12071418762207,11.26785659790039,445785200,0.0059194229333678905,0.21741550182963393,5018957461.770503
2010-11-30,9.351364135742188,11.112500190734863,11.227143287658691,11.102499961853027,11.197856903076172,501858000,-0.01821611142848223,0.22668342479544415,5594402407.54509
2010-12-01,9.50914478302002,11.300000190734863,11.348214149475098,11.25,11.259642601013184,461750800,0.01673171480525637,0.22654899642306894,5217509196.72114
2010-12-02,9.561738014221191,11.362500190734863,11.39285659790039,11.246070861816406,11.340356826782227,462837200,0.005515566855565979,0.2242870772238791,5245708523.245875
2010-12-03,9.540401458740234,11.337142944335938,11.380356788635254,11.297857284545898,11.321785926818848,342092800,-0.0022339449865831362,0.21623543282195576,3878802908.3740234
2010-12-06,9.621846199035645,11.433929443359375,11.511786460876465,11.372142791748047,11.380000114440918,448481600,0.008500592642675553,0.2178387421192366,5130309392.182922
2010-12-07,9.563541412353516,11.364643096923828,11.571070671081543,11.361429214477539,11.564286231994629,391454000,-0.006078059756543741,0.21839851902216287,4475251269.688289
2010-12-08,9.647696495056152,11.464642524719238,11.46500015258789,11.325357437133789,11.415356636047363,321935600,0.008761082590875713,0.21842171523625178,3675968004.9475355
2010-12-09,9.610124588012695,11.420000076293945,11.51785659790039,11.393570899963379,11.504643440246582,294151200,-0.0039019943691953607,0.21807256766203784,3366210206.2171936
2010-12-10,9.634173393249512,11.44857120513916,11.466071128845215,11.378570556640625,11.416070938110352,262511200,0.0024993187882276224,0.21753107400476643,3000784155.924479
2010-12-13,9.66752815246582,11.488213539123535,11.609286308288574,11.464285850524902,11.584643363952637,439815600,0.003456150468301278,0.19179114196008926,5066937504.603195
2010-12-14,9.626053810119629,11.438928604125977,11.519286155700684,11.39285659790039,11.490357398986816,351008000,-0.004299295621799537,0.192209337214752,4019166951.7110186
2010-12-15,9.628159523010254,11.441429138183594,11.535714149475098,11.399642944335938,11.428570747375488,417312000,0.00021872749227291877,0.1781333100921394,4781948472.015381
2010-12-16,9.654909133911133,11.473214149475098,11.521785736083984,11.432143211364746,11.467499732971191,322030800,0.002774416098941579,0.1764965978528194,3695533477.7389526
2010-12-17,9.635672569274902,11.450357437133789,11.492500305175781,11.436785697937012,11.486785888671875,386929200,-0.0019944003046195036,0.15657790499015115,4434162644.206619
2010-12-20,9.683759689331055,11.507499694824219,11.54464340209961,11.365357398986816,11.485713958740234,385610400,0.004978119306926487,0.1544727837694101,4423915377.742767
2010-12-21,9.743565559387207,11.578571319580078,11.585356712341309,11.501786231994629,11.535714149475098,256354000,0.0061569009850064305,0.13919731957825068,2962231504.8039756
2010-12-22,9.772418022155762,11.6128568649292,11.632857322692871,11.555356979370117,11.584285736083984,265921600,0.0029568054993176496,0.12541497949519703,3084785508.8134766
2010-12-23,9.725532531738281,11.557143211364746,11.612500190734863,11.541786193847656,11.60714340209961,223157200,-0.0048092829712045315,0.11161762892447907,2582035145.5429077
2010-12-27,9.7579927444458,11.59571361541748,11.622857093811035,11.482856750488281,11.530357360839844,249816000,0.0033320707911297376,0.11178114781796289,2889657267.425537
2010-12-28,9.781737327575684,11.623929023742676,11.666428565979004,11.609286308288574,11.639642715454102,175924000,0.002430391282810973,0.11069483114461706,2046561651.0378518
2010-12-29,9.776328086853027,11.617500305175781,11.658928871154785,11.610713958740234,11.650713920593262,163139200,-0.000553146821626882,0.08534439757539145,1897153540.446981
2010-12-30,9.727338790893555,11.559286117553711,11.625356674194336,11.537500381469727,11.624285697937012,157494400,-0.005023609077579039,0.07067052387234198,1822847701.9266763
2010-12-31,9.694278717041016,11.520000457763672,11.552857398986816,11.475357055664062,11.533928871154785,193508000,-0.0034044647177915444,0.0704407688456368,2228451990.4238386
2011-01-03,9.90495777130127,11.770357131958008,11.795000076293945,11.601428985595703,11.630000114440918,445138400,0.021499528259650624,0.09978265752463626,5218028979.823812
2011-01-04,9.956652641296387,11.831786155700684,11.875,11.719642639160156,11.872857093811035,309080800,0.005205518148256871,0.09765439411730842,3649876317.6862082
2011-01-05,10.038097381591797,11.928570747375488,11.940713882446289,11.76785659790039,11.76964282989502,255519600,0.008146657562169146,0.09574239135376102,3035329357.2170258
2011-01-06,10.02997875213623,11.918929100036621,11.973214149475098,11.889286041259766,11.954285621643066,300428800,-0.0008091089394293149,0.09345589779681333,3583257288.0371094
2011-01-07,10.101811408996582,12.00428581237793,12.012499809265137,11.853570938110352,11.928214073181152,311931200,0.007136271651274395,0.09255598443820114,3729694455.3705854
2011-01-10,10.2920560836792,12.23035717010498,12.258213996887207,12.041786193847656,12.10107135772705,448560000,0.018657588462684505,0.1081372359015408,5462019032.592773
2011-01-11,10.26771068572998,12.20142936706543,12.319999694824219,12.123929023742676,12.317143440246582,444108000,-0.0023682573446466293,0.10989640382729131,5424832229.564667
2011-01-12,10.3512601852417,12.300713539123535,12.301071166992188,12.214285850524902,12.258929252624512,302590400,0.008104183017947353,0.10785925522048502,3713396505.38737
2011-01-13,10.389130592346191,12.34571361541748,12.380000114440918,12.280357360839844,12.327142715454102,296780400,0.00365185493343656,0.10714207908885129,3660892193.575287
2011-01-14,10.473282814025879,12.445713996887207,12.445713996887207,12.30142879486084,12.353214263916016,308840000,0.008067396273458538,0.10806258839187742,3828880630.2007036
2011-01-18,10.237959861755371,12.166070938110352,12.312856674194336,11.64285659790039,11.768570899963379,1880998000,-0.02272515302314293,0.1413821579579358,22648334618.609108
2011-01-19,10.183560371398926,12.101428985595703,12.449999809265137,12.031429290771484,12.441070556640625,1135612800,-0.0053276757468405656,0.1440649016345774,13847987300.875854
2011-01-20,9.998429298400879,11.881428718566895,12.08214282989502,11.789999961853027,12.01535701751709,764789200,-0.018346681267363607,0.16029256578836007,9114648450.838852
2011-01-21,9.819303512573242,11.668571472167969,11.960000038146973,11.665356636047363,11.920356750488281,754401200,-0.01807781604614833,0.17351346486169422,8875260582.109833
2011-01-24,10.141785621643066,12.051786422729492,12.051786422729492,11.668571472167969,11.673929214477539,574683200,0.032313885017619004,0.20464640902680947,6852550122.438558
2011-01-25,10.260499954223633,12.192856788635254,12.194286346435547,11.948928833007812,12.011786460876465,546868000,0.011637487568470384,0.20727918029792564,6623678335.013071
2011-01-26,10.334132194519043,12.280357360839844,12.342857360839844,12.196429252624512,12.248571395874023,506875600,0.007150654938577361,0.2078985401628099,6220993043.7539425
2011-01-27,10.314898490905762,12.257499694824219,12.310357093811035,12.243928909301758,12.277856826782227,285026000,-0.0018629164214800653,0.20820964126194036,3497438676.7800646
2011-01-28,10.101210594177246,12.003570556640625,12.300000190734863,11.911786079406738,12.291786193847656,592057200,-0.020934028080253242,0.22241980680902682,7147187586.621857
2011-01-31,10.197985649108887,12.118571281433105,12.144286155700684,11.939286231994629,11.992856979370117,377246800,0.00953493793182858,0.22304638674693994,4552380950.772985
2011-02-01,10.36959457397461,12.322500228881836,12.344642639160156,12.177857398986816,12.189286231994629,426633200,0.016687710022491586,0.21846501988392183,5239766789.307785
2011-02-02,10.348260879516602,12.29714298248291,12.33035659790039,12.26964282989502,12.301786422729492,258955200,-0.0020594508004152523,0.21869010716936108,3184902297.427368
2011-02-03,10.321805953979492,12.265713691711426,12.294285774230957,12.091071128845215,12.278571128845215,393797600,-0.0025597343438827913,0.21799055532419925,4811034545.885976
2011-02-04,10.413780212402344,12.375,12.382143020629883,12.268214225769043,12.272856712341309,321840400,0.008871209221603671,0.2193268027308464,3972085262.1079764
2011-02-07,10.575468063354492,12.567143440246582,12.616070747375488,12.415714263916016,12.424642562866211,485021600,0.01540703575722091,0.22364949301751683,6078764145.283508
2011-02-08,10.67524528503418,12.685713768005371,12.697142601013184,12.576786041259766,12.631428718566895,381040800,0.009390551108519052,0.21731314405566804,4821390837.242126
2011-02-09,10.764205932617188,12.791428565979004,12.821429252624512,12.673929214477539,12.685357093811035,482745200,0.00829882791712544,0.21785108640411888,6160920887.880707
2011-02-10,10.655410766601562,12.662142753601074,12.85714340209961,12.428570747375488,12.76392936706543,928550000,-0.010158547946474084,0.2209260920614021,11745494175.783794
2011-02-11,10.724838256835938,12.744643211364746,12.778571128845215,12.626428604125977,12.66964340209961,367572800,0.006494567410537222,0.22150157030921083,4674257025.349935
2011-02-14,10.7948637008667,12.82785701751709,12.838570594787598,12.739643096923828,12.742500305175781,310416400,0.006508053998842911,0.22099213488447805,3973958069.2347207
2011-02-15,10.816498756408691,12.853570938110352,12.856071472167969,12.76964282989502,12.828213691711426,284174800,0.0020021933195812913,0.20261666615120183,3644947729.089737
2011-02-16,10.913575172424316,12.968929290771484,13.032142639160156,12.875,12.885713577270508,481157600,0.008934811923838382,0.2014590096449285,6235172489.077759
2011-02-17,10.768416404724121,12.796428680419922,12.866786003112793,12.732856750488281,12.758929252624512,530583200,-0.013390000267793578,0.19533504135124294,6790770149.630483
2011-02-18,10.535796165466309,12.520000457763672,12.839285850524902,12.482856750488281,12.811071395874023,816057200,-0.02183882495523548,0.2009727327063296,10293784435.514957
2011-02-22,10.176645278930664,12.09321403503418,12.335714340209961,12.061429023742676,12.219642639160156,872555600,-0.0346832013399756,0.21332513694754401,10613288564.829128
2011-02-23,10.297164916992188,12.236429214477539,12.308570861816406,12.09321403503418,12.098929405212402,671854400,0.011773190137763123,0.2134175357063873,8205181786.279297
2011-02-24,10.30498218536377,12.24571418762207,12.326786041259766,12.084643363952637,12.286429405212402,499900800,0.0007588790341030993,0.2119269413316286,6108311802.590942
2011-02-25,10.463665962219238,12.434286117553711,12.443928718566895,12.314286231994629,12.330714225769043,380018800,0.015281386030727262,0.21837469549549432,4711283208.3012905
2011-02-28,10.61544132232666,12.614643096923828,12.680356979370117,12.539999961853027,12.544285774230957,403074000,0.014400798005193227,0.2082178432509958,5083434935.125351
2011-03-01,10.498226165771484,12.475357055664062,12.704285621643066,12.417142868041992,12.695357322692871,456136800,-0.011103363340816408,0.21162563997642675,5716425816.313934
2011-03-02,10.582679748535156,12.575714111328125,12.655357360839844,12.442856788635254,12.498571395874023,602590800,0.008012372420793668,0.205803843272075,7567320856.606674
2011-03-03,10.80628490447998,12.841428756713867,12.849642753601074,12.71142864227295,12.756786346435547,500788400,0.02090922175162735,0.21653962722407255,6410508869.138082
2011-03-04,10.819507598876953,12.85714340209961,12.867500305175781,12.776785850524902,12.85964298248291,453266800,0.0012228634897595292,0.21589410355037691,5817139923.696518
2011-03-07,10.6800537109375,12.691429138183594,12.916786193847656,12.546786308288574,12.907142639160156,546123200,-0.012972901327671593,0.2207594243067888,6945777197.272237
2011-03-08,10.69207763671875,12.705714225769043,12.764286041259766,12.58035659790039,12.6753568649292,356316800,0.0011251968139491808,0.21467549064958863,4519327132.323201
2011-03-09,10.593201637268066,12.588213920593262,12.670000076293945,12.521429061889648,12.667499542236328,453306000,-0.009290619060120964,0.21470981629714958,5708579625.4673
2011-03-10,10.418880462646484,12.381071090698242,12.491786003112793,12.317856788635254,12.468570709228516,507539200,-0.016592851038979894,0.21924708579346008,6291915057.108561
2011-03-11,10.57877254486084,12.571070671081543,12.582857131958008,12.321429252624512,12.333213806152344,471080400,0.015229813797667191,0.22434023167837022,5884635397.30835
2011-03-14,10.625955581665039,12.627142906188965,12.731429100036621,12.546786308288574,12.613571166992188,435957200,0.004450244718351648,0.22366356771591794,5508371291.930771
2011-03-15,10.381617546081543,12.336786270141602,12.422857284545898,12.146429061889648,12.217857360839844,721081200,-0.023262949311386727,0.23538173745650787,8870758376.54953
2011-03-16,9.918183326721191,11.786070823669434,12.25,11.652142524719238,12.214285850524902,1162011200,-0.04566692641385961,0.2790248847017189,13823367872.939045
2011-03-17,10.057332992553711,11.95142936706543,12.128929138183594,11.809286117553711,12.029643058776855,659422400,0.013932247300556533,0.2825331592440775,7888811864.105225
2011-03-18,9.938016891479492,11.809642791748047,12.078571319580078,11.785714149475098,12.040356636047363,753214000,-0.011934526574891358,0.28197351843115165,8956700733.677546
2011-03-21,10.197385787963867,12.117856979370117,12.133570671081543,11.973570823669434,11.999643325805664,409402000,0.025763899278625768,0.2919744109721528,4943528941.767374
2011-03-22,10.254487037658691,12.185713768005371,12.236429214477539,12.112142562866211,12.234286308288574,325922800,0.005583977423829545,0.2666833076494493,3969118880.3132377
2011-03-23,10.194076538085938,12.11392879486084,12.150713920593262,11.998213768005371,12.117142677307129,372996400,-0.005908549527003704,0.2641707837259125,4508638307.349014
2011-03-24,10.36779499053955,12.320357322692871,12.35714340209961,12.102143287658691,12.208929061889648,404712000,0.01689754608527716,0.27095590719682455,4961721095.855713
2011-03-25,10.5652494430542,12.555000305175781,12.57357120513916,12.393570899963379,12.431071281433105,448910000,0.018865894986099807,0.27372215547878376,5614688316.466014
2011-03-28,10.532186508178711,12.515713691711426,12.65428638458252,12.515713691711426,12.612500190734863,309355200,-0.003134310919977956,0.26917340622162717,3886090506.614685
2011-03-29,10.547819137573242,12.534285545349121,12.534285545349121,12.359286308288574,12.416428565979004,352900800,0.001483171543969597,0.26637139030946055,4402773606.129456
2011-03-30,10.477791786193848,12.451070785522461,12.531429290771484,12.408571243286133,12.522856712341309,329406000,-0.006661172468790166,0.2658108072586668,4105614413.0325317
2011-03-31,10.474185943603516,12.446785926818848,12.492856979370117,12.359286308288574,12.369999885559082,274019200,-0.0003442006928828789,0.2541591952749863,3406874248.0692544
2011-04-01,10.355466842651367,12.305713653564453,12.556785583496094,12.260713577270508,12.539643287658691,418661600,-0.011399170951958748,0.2561611231101426,5180687891.329448
2011-04-04,10.254191398620605,12.185357093811035,12.307143211364746,12.085714340209961,12.296786308288574,460084800,-0.009828038682608842,0.2547204327723816,5609693523.15979
2011-04-05,10.18506145477295,12.103214263916016,12.223214149475098,12.0,12.035357475280762,482731200,-0.006764455427650251,0.2549497384905863,5845300126.570129
2011-04-06,10.159515380859375,12.072856903076172,12.282142639160156,12.040714263916016,12.186429023742676,402539200,-0.0025113412332147256,0.25372677847560154,4883567172.98584
2011-04-07,10.16071891784668,12.074286460876465,12.15821361541748,12.001070976257324,12.074999809265137,373447200,0.00011845699916834818,0.24821892964124412,4510441885.192108
2011-04-08,10.069955825805664,11.966428756713867,12.148214340209961,11.926786422729492,12.140000343322754,377535200,-0.008972879269167233,0.24201318891245105,4535636100.66274
2011-04-11,9.941926002502441,11.814286231994629,11.988213539123535,11.786429405212402,11.930713653564453,398946800,-0.012795555282304694,0.24315694072494984,4732696470.107905
2011-04-12,9.990012168884277,11.871429443359375,11.918929100036621,11.79285717010498,11.803214073181152,425639200,0.004825046040156433,0.23336195612384175,5048537156.573996
2011-04-13,10.102113723754883,12.004643440246582,12.005000114440918,11.875714302062988,11.96500015258789,346220000,0.011158870764734541,0.17455253002217883,4141409532.388051
2011-04-14,9.990612983703613,11.872142791748047,12.0,11.859286308288574,11.95714282989502,301800800,-0.011098731022866737,0.172510065092704,3594591295.844777
2011-04-15,9.841544151306152,11.694999694824219,11.915714263916016,11.671428680419922,11.903571128845215,453605600,-0.015033325809801212,0.17544412419046648,5334725827.040608
2011-04-18,9.97348403930664,11.851785659790039,11.865357398986816,11.434286117553711,11.646429061889648,609898800,0.013317350518723181,0.15620846612671027,7146271490.976334
2011-04-19,10.154109954833984,12.066429138183594,12.070713996887207,11.846785545349121,11.896429061889648,419378400,0.017948569970621886,0.16827620004315577,5030294145.236206
2011-04-20,10.290853500366211,12.228928565979004,12.348214149475098,12.196429252624512,12.268214225769043,700666400,0.013376945860578804,0.17359837332547098,8588668762.004852
2011-04-21,10.540000915527344,12.524999618530273,12.68321418762207,12.447142601013184,12.678570747375488,753810400,0.023922138927144676,0.18339744511118758,9461666425.14267
2011-04-25,10.609427452087402,12.607500076293945,12.633929252624512,12.510713577270508,12.5121431350708,266546000,0.0065653581489595325,0.1727805197570117,3354227561.0243483
2011-04-26,10.531588554382324,12.515000343322754,12.678214073181152,12.476785659790039,12.62928581237793,338800000,-0.007363813491302107,0.17442344611172741,4254198675.2827964
2011-04-27,10.523472785949707,12.505356788635254,12.583929061889648,12.396429061889648,12.579999923706055,356213200,-0.0007709090658409856,0.17435580600063366,4450968821.079636
2011-04-28,10.421293258666992,12.383929252624512,12.491070747375488,12.34000015258789,12.36392879486084,360959200,-0.009757123827546454,0.1761401580637067,4477698894.359335
2011-04-29,10.522871971130371,12.504643440246582,12.641071319580078,12.381071090698242,12.385000228881836,1006345200,0.009700029369916319,0.1794833481199256,12588300270.701218
2011-05-02,10.4071626663208,12.367142677307129,12.516785621643066,12.339285850524902,12.490714073181152,442713600,-0.011056884104133413,0.17920756014232964,5493074379.89502
2011-05-03,10.464868545532227,12.435713768005371,12.496070861816406,12.343570709228516,12.428214073181152,313348000,0.00552950746935732,0.17617779063018638,3893386014.9269104
2011-05-04,10.5060453414917,12.48464298248291,12.565357208251953,12.388570785522461,12.437856674194336,389250400,0.003927043818806819,0.1740988075943455,4857659575.978851
2011-05-05,10.421293258666992,12.383929252624512,12.533928871154785,12.358928680419922,12.442856788635254,335969200,-0.008099696553947044,0.17679468787063707,4174617413.7257895
2011-05-06,10.418586730957031,12.380714416503906,12.5,12.364643096923828,12.48892879486084,280134400,-0.00025974503946502026,0.1768306196964796,3477901959.9365234
2011-05-09,10.446837425231934,12.414285659790039,12.471428871154785,12.376070976257324,12.42357063293457,204747200,0.0027078971724958656,0.1728935640235861,2543082083.2000732
2011-05-10,10.50243091583252,12.48035717010498,12.48892879486084,12.380714416503906,12.460356712341309,282091600,0.005307452288715098,0.16474101356425383,3512040455.869802
2011-05-11,10.435717582702637,12.401070594787598,12.5,12.329999923706055,12.46500015258789,336000000,-0.006372441086884617,0.16748952814579873,4169879898.071289
2011-05-12,10.415878295898438,12.3774995803833,12.397143363952637,12.223929405212402,12.361429214477539,322000000,-0.001902904018117546,0.16474308994894946,3971180098.851522
2011-05-13,10.233449935913086,12.160714149475098,12.366070747375488,12.155357360839844,12.345000267028809,326116000,-0.017669640807376208,0.17247653593437678,3987544501.5029907
2011-05-16,10.017064094543457,11.903571128845215,12.186429023742676,11.878570556640625,12.114286422729492,449775200,-0.02137171206310562,0.18116866171179397,5392590361.485799
2011-05-17,10.102409362792969,12.005000114440918,12.005000114440918,11.811785697937012,11.85714340209961,452334400,0.008483897984162159,0.17772814956184718,5401142014.712015
2011-05-18,10.214515686035156,12.138214111328125,12.180356979370117,12.0,12.016785621643066,334776400,0.011035868937841364,0.1707176492512754,4052866827.6293435
2011-05-19,10.23435115814209,12.161786079406738,12.228928565979004,12.095356941223145,12.217143058776855,261170000,0.0019400075788253979,0.16413508551189893,3176355772.091548
2011-05-20,10.074766159057617,11.972143173217773,12.176786422729492,11.96500015258789,12.127142906188965,337968400,-0.015715925142455234,0.1468911238438495,4068455684.94161
2011-05-23,10.050119400024414,11.942856788635254,11.999285697937012,11.765000343322754,11.784643173217773,383600000,-0.0024493825103397704,0.14333708686290603,4565753329.849243
2011-05-24,9.983695983886719,11.86392879486084,11.996429443359375,11.833571434020996,11.98214340209961,321927200,-0.006631154202363376,0.14305937257880721,3830282278.7938433
2011-05-25,10.12164306640625,12.027856826782227,12.091428756713867,11.887499809265137,11.90821361541748,294224000,0.013722648189577136,0.1538653031534458,3531353475.13326
2011-05-26,10.068150520324707,11.964285850524902,12.03178596496582,11.943928718566895,11.998929023742676,222560800,-0.005298981489900267,0.15177273253969714,2666278423.6200967
2011-05-27,10.140583038330078,12.0503568649292,12.05821418762207,11.939642906188965,11.95714282989502,203599200,0.007168467827892933,0.1496091392160708,2446462507.8094482
2011-05-31,10.453746795654297,12.422499656677246,12.422499656677246,12.178570747375488,12.182143211364746,417754400,0.030414963828434782,0.18261581533324653,5155586432.192739
2011-06-01,10.38402271270752,12.339642524719238,12.576070785522461,12.308929443359375,12.459643363952637,554682800,-0.006692111949024859,0.18303617702676225,6882623023.855718
2011-06-02,10.401753425598145,12.360713958740234,12.427857398986816,12.296428680419922,12.375,338783200,0.001706043312812433,0.18253709587218597,4187924994.974518
2011-06-03,10.321805953979492,12.265713691711426,12.333213806152344,12.214642524719238,12.256428718566895,313250000,-0.007715650267252627,0.1823403297088277,3843950269.8580427
2011-06-06,10.159515380859375,12.072856903076172,12.39464282989502,12.064642906188965,12.346428871154785,461941200,-0.015847998005730002,0.1899217139016952,5625233936.434937
2011-06-07,9.979193687438965,11.85857105255127,12.079285621643066,11.853570938110352,12.077500343322754,529785200,-0.017908448060733217,0.19772952249385406,6320589545.29012
2011-06-08,9.985204696655273,11.865714073181152,11.95714282989502,11.808929443359375,11.849286079406738,333723600,0.0006021728561309558,0.19611512050687266,3963722671.321106
2011-06-09,9.962658882141113,11.838929176330566,11.916786193847656,11.8125,11.901785850524902,275088800,-0.0022604750654506844,0.1956140752642357,3261472561.4412947
2011-06-10,9.794657707214355,11.639286041259766,11.845000267028809,11.625356674194336,11.805356979370117,433955200,-0.01700688688714891,0.20208170436879838,5078670714.130655
2011-06-13,9.815695762634277,11.664285659790039,11.725357055664062,11.60964298248291,11.685713768005371,329473200,0.0021456077804229423,0.19557370028848295,3843775552.2045135
2011-06-14,9.991215705871582,11.872857093811035,11.901785850524902,11.76107120513916,11.785714149475098,334569200,0.017723564634372302,0.1937580639107423,3963051818.1395216
2011-06-15,9.820204734802246,11.66964340209961,11.796428680419922,11.602856636047363,11.776785850524902,399196000,-0.017264306629086512,0.19972304966258622,4666458689.57901
2011-06-16,9.772418022155762,11.6128568649292,11.738571166992188,11.368928909301758,11.675000190734863,510591200,-0.004878040882777768,0.1947483237656779,5909302905.015819
2011-06-17,9.625150680541992,11.437856674194336,11.758929252624512,11.40571403503418,11.749643325805664,615020000,-0.015184394851576855,0.19911100127922954,7093743175.51295
2011-06-20,9.476685523986816,11.261428833007812,11.346428871154785,11.089285850524902,11.334285736083984,640645600,-0.015544908311269978,0.19897496155865985,7195975583.626303
2011-06-21,9.77662467956543,11.617856979370117,11.635713577270508,11.257143020629883,11.3100004196167,493382400,0.031159672827365092,0.23157958021657046,5675659563.48877
2011-06-22,9.695775032043457,11.521785736083984,11.746429443359375,11.513570785522461,11.6128568649292,390583200,-0.008304072771596616,0.23212927067037822,4528393754.637146
2011-06-23,9.954850196838379,11.829643249511719,11.846071243286133,11.361429214477539,11.390713691711426,559759200,0.026369662453577192,0.24624855699772494,6537454510.623169
2011-06-24,9.808181762695312,11.655357360839844,11.898214340209961,11.610357284545898,11.834643363952637,439807200,-0.014842978262916695,0.2506058835027335,5155116382.7178955
2011-06-27,9.979193687438965,11.85857105255127,11.925000190734863,11.6875,11.6996431350708,339813600,0.017285383109955532,0.25727321524587604,4017850805.012512
2011-06-28,10.075963020324707,11.973570823669434,12.024999618530273,11.908571243286133,11.916070938110352,294299600,0.009650394191001332,0.2345542259063594,3522485811.727269
2011-06-29,10.039300918579102,11.930000305175781,12.013214111328125,11.852856636047363,12.001428604125977,352545200,-0.003645206192936623,0.2339963351193855,4206577676.145299
2011-06-30,10.08829116821289,11.988213539123535,12.004643440246582,11.8871431350708,11.953571319580078,322954800,0.004867978858761113,0.23482845313415074,3862539420.319748
2011-07-01,10.316402435302734,12.259285926818848,12.26785659790039,11.935713768005371,11.998213768005371,435313200,0.02235963697303367,0.24755487012459124,5290920884.642029
2011-07-05,10.501832962036133,12.479642868041992,12.493928909301758,12.23214340209961,12.25,355054000,0.017814711693727503,0.2478424978700326,4403345999.107361
2011-07-06,10.57186222076416,12.562856674194336,12.646429061889648,12.382499694824219,12.462499618530273,444626000,0.006646154449363895,0.23777375262727404,5571428396.334331
2011-07-07,10.735356330871582,12.757143020629883,12.785714149475098,12.64285659790039,12.666786193847656,399663600,0.015346659963395126,0.24143434331896968,5087146611.030197
2011-07-08,10.810791969299316,12.846785545349121,12.85714340209961,12.578571319580078,12.619285583496094,489633200,0.007002267468411372,0.24071658981354066,6248127703.248723
2011-07-11,10.639184951782227,12.64285659790039,12.848929405212402,12.600713729858398,12.726428985595703,442674400,-0.016001012919137914,0.23962877300565957,5620858154.597727
2011-07-12,10.631671905517578,12.633929252624512,12.774286270141602,12.450714111328125,12.626070976257324,451609200,-0.0007064169184611835,0.24012979274438379,5699146974.969864
2011-07-13,10.759997367858887,12.786429405212402,12.85714340209961,12.727856636047363,12.797499656677246,391638800,0.011997848326001925,0.23679853353024857,5009246860.493978
2011-07-14,10.75248908996582,12.77750015258789,12.914643287658691,12.726428985595703,12.893214225769043,430533600,-0.0006980390865241048,0.22495320769852367,5513495431.119537
2011-07-15,10.967374801635742,13.032856941223145,13.035714149475098,12.827500343322754,12.89892864227295,484467200,0.0197876675719848,0.2281133204607472,6281290272.880046
2011-07-18,11.234253883361816,13.350000381469727,13.380356788635254,13.045714378356934,13.051071166992188,572653200,0.02404255481010953,0.22303065778212028,7592631551.885223
2011-07-19,11.325922012329102,13.458929061889648,13.523214340209961,13.332857131958008,13.5,819145600,0.008126588540962487,0.2063160490142828,11007951767.156982
2011-07-20,11.627961158752441,13.817856788635254,14.15250015258789,13.785714149475098,14.147143363952637,941340400,0.026318560423121973,0.20033181543241219,13102225554.31544
2011-07-21,11.639686584472656,13.831786155700684,13.930713653564453,13.710714340209961,13.819643020629883,526534400,0.0010078738377150565,0.1928403849495459,7279024642.755127
2011-07-22,11.8203125,14.046428680419922,14.108928680419922,13.848214149475098,13.868571281433105,516728800,0.015398933660540681,0.18402111070274874,7234818367.413076
2011-07-25,11.976595878601074,14.23214340209961,14.285714149475098,13.914999961853027,13.941070556640625,589806000,0.01313495207301063,0.16344298631821041,8342384652.854919
2011-07-26,12.124157905578613,14.407500267028809,14.446429252624512,14.274286270141602,14.285714149475098,476582400,0.012245581383659054,0.16152619136411864,6851382862.939453
2011-07-27,11.798974990844727,14.021071434020996,14.380000114440918,14.005356788635254,14.306785583496094,659324400,-0.027187320809438198,0.20594329347977638,9319864306.499863
2011-07-28,11.775834083557129,13.993571281433105,14.178214073181152,13.861785888671875,13.986429214477539,594034000,-0.0019631900005530056,0.20483514766601182,8323123486.644745
2011-07-29,11.73555850982666,13.945713996887207,14.112500190734863,13.714285850524902,13.84428596496582,632584400,-0.0034260508360897113,0.2084003383837165,8808210624.37706
2011-08-01,11.923996925354004,14.16964340209961,14.26785659790039,14.013214111328125,14.206428527832031,612836000,0.015929496282891975,0.20378391319573885,8671775277.70996
2011-08-02,11.688373565673828,13.889642715454102,14.210714340209961,13.869643211364746,14.201786041259766,639539600,-0.01995828255351162,0.22032173236829128,8947159060.925167
2011-08-03,11.798371315002441,14.020357131958008,14.055356979370117,13.651429176330566,13.963570594787598,732508000,0.009366862384365682,0.22072377256117523,10188488758.452097
2011-08-04,11.34154987335205,13.477499961853027,13.975713729858398,13.476785659790039,13.907500267028809,871407600,-0.039488535697288274,0.2666248006651569,11888904167.63115
2011-08-05,11.22884464263916,13.343570709228516,13.696429252624512,12.948928833007812,13.587142944335938,1204590800,-0.009987079970301682,0.2696697224327032,16056765242.714817
2011-08-08,10.61544132232666,12.614643096923828,13.134642601013184,12.607856750488281,12.917499542236328,1143833600,-0.05617621248577542,0.33190686213116116,14624729444.16504
2011-08-09,11.240569114685059,13.357500076293945,13.378929138183594,12.678570747375488,12.903571128845215,1082583600,0.05721980652312819,0.3865989559552332,14223344184.234238
2011-08-10,10.93040943145752,12.98892879486084,13.380356788635254,12.946429252624512,13.255356788635254,878656800,-0.02798071525625767,0.3991343810296985,11515006729.206085
2011-08-11,11.231249809265137,13.346428871154785,13.408928871154785,13.025713920593262,13.232856750488281,741969200,0.027151293660638842,0.40932961904578447,9838776638.955563
2011-08-12,11.33012866973877,13.463929176330566,13.558570861816406,13.365357398986816,13.5024995803833,528976000,0.008765376960619076,0.40510952843643344,7121402425.221762
2011-08-15,11.523076057434082,13.693214416503906,13.748929023742676,13.503213882446289,13.55821418762207,460544000,0.01688620697119969,0.4008545091002362,6285712880.940755
2011-08-16,11.435011863708496,13.588570594787598,13.69178581237793,13.430713653564453,13.625714302062988,498750000,-0.007671773533925563,0.4011755935497451,6768215397.596359
2011-08-17,11.433813095092773,13.587142944335938,13.732856750488281,13.5,13.653928756713867,442061200,-0.0001048386717705796,0.3899918928798629,6014979349.697876
2011-08-18,11.001333236694336,13.073213577270508,13.308929443359375,12.906070709228516,13.244285583496094,851435200,-0.03855855750365178,0.4110819856401282,11150456038.241577
2011-08-19,10.700190544128418,12.715356826782227,13.10714340209961,12.714285850524902,12.934642791748047,775888400,-0.027754919617917206,0.41408537602275325,9966748430.764389
2011-08-22,10.712509155273438,12.729999542236328,13.031429290771484,12.681785583496094,13.018214225769043,535315200,0.0011505893863881234,0.4095310755778922,6859745671.337891
2011-08-23,11.228243827819824,13.342857360839844,13.34428596496582,12.75,12.867856979370117,656835200,0.04702023575661496,0.4447574049893291,8634567974.611408
2011-08-24,11.305782318115234,13.4350004196167,13.534285545349121,13.235713958740234,13.338213920593262,626267600,0.006881930092545563,0.4377862209975853,8393029603.406525
2011-08-25,11.231851577758789,13.347143173217773,13.408928871154785,13.035714149475098,13.03857135772705,871346000,-0.006560671442050303,0.43805237976522227,11557471244.288128
2011-08-26,11.528186798095703,13.699286460876465,13.70714282989502,13.242856979370117,13.256071090698242,641477200,0.02604142946046384,0.448882786536681,8691863446.189627
2011-08-29,11.720232963562012,13.927499771118164,13.98214340209961,13.85714340209961,13.863571166992188,405269200,0.016521598962611073,0.44916693690659293,5642264060.649872
2011-08-30,11.72083854675293,13.928214073181152,13.994285583496094,13.793213844299316,13.866070747375488,417922400,5.166855881899579e-05,0.443750260239411,5811310368.013509
2011-08-31,11.565754890441895,13.743928909301758,14.002857208251953,13.637857437133789,13.948928833007812,522586400,-0.013319762685229719,0.4447463007742118,7209017296.842448
2011-09-01,11.451546669006348,13.608214378356934,13.833571434020996,13.597143173217773,13.77928638458252,343725200,-0.009923766121639144,0.423772952581344,4702038024.453227
2011-09-02,11.241767883300781,13.358928680419922,13.5,13.279643058776855,13.383570671081543,438939200,-0.01848868405156434,0.42742449768885044,5872797522.78188
2011-09-06,11.412776947021484,13.562143325805664,13.583213806152344,13.088570594787598,13.120356559753418,509698000,0.015097395527752244,0.37748817631997383,6835717498.155594
2011-09-07,11.538702964782715,13.711786270141602,13.771429061889648,13.64285659790039,13.770000457763672,350576800,0.010973347413842482,0.3250131974993762,4805948897.921753
2011-09-08,11.545011520385742,13.71928596496582,13.878929138183594,13.653928756713867,13.657142639160156,416158400,0.000546580643608241,0.3071138503857892,5722475395.096843
2011-09-09,11.344854354858398,13.481429100036621,13.785714149475098,13.393570899963379,13.711786270141602,564813200,-0.017489160351030097,0.30117401462564,7655236024.350102
2011-09-12,11.418789863586426,13.569286346435547,13.602856636047363,13.282142639160156,13.321429252624512,467832400,0.0064959518791281035,0.3004911426915775,6308608510.886255
2011-09-13,11.559441566467285,13.736429214477539,13.793213844299316,13.58035659790039,13.647856712341309,440560400,0.012242322476336387,0.2976954049215934,6037145964.24853
2011-09-14,11.700095176696777,13.903571128845215,14.007499694824219,13.777142524719238,13.822142601013184,534724400,0.012094421852664183,0.2989973498706875,7430568289.929708
2011-09-15,11.810093879699707,14.034285545349121,14.059286117553711,13.925000190734863,13.979642868041992,417818800,0.009357602816814303,0.30028811203502354,5852049756.53356
2011-09-16,12.036702156066895,14.303570747375488,14.303570747375488,14.108214378356934,14.126428604125977,698513200,0.01900591570995802,0.2674977330780204,9945746640.021133
2011-09-19,12.37120532989502,14.701070785522461,14.758213996887207,14.114286422729492,14.178570747375488,823860800,0.027411126364806027,0.2512903816697002,11966185743.974304
2011-09-20,12.425907135009766,14.766071319580078,15.102143287658691,14.685357093811035,14.83035659790039,775754000,0.004411956748969992,0.2505442750398834,11520870487.125397
2011-09-21,12.38653564453125,14.71928596496582,15.056785583496094,14.714285850524902,14.987142562866211,605976000,-0.0031735306250837425,0.2069742827100336,8986696271.736145
2011-09-22,12.076373100280762,14.350713729858398,14.636428833007812,14.16785717010498,14.322500228881836,968480800,-0.025359140163876415,0.23168503965434492,13931596221.795908
2011-09-23,12.150907516479492,14.439286231994629,14.526429176330566,14.280357360839844,14.295714378356934,546277200,0.006152952328936756,0.2290296142171102,7874781181.111908
2011-09-26,12.116945266723633,14.39892864227295,14.427857398986816,13.975000381469727,14.28071403503418,812876400,-0.0027989515373536555,0.21527321151711568,11597520686.959076
2011-09-27,11.999434471130371,14.259285926818848,14.616070747375488,14.216428756713867,14.59749984741211,632497600,-0.009745386902536346,0.21287021521081287,9085150288.2548
2011-09-28,11.931818008422852,14.178929328918457,14.419285774230957,14.161070823669434,14.292499542236328,429637600,-0.005650907130484661,0.2141605042396922,6123665661.1040745
2011-09-29,11.738266944885254,13.948928833007812,14.364643096923828,13.793213844299316,14.354286193847656,651086800,-0.016354430324184488,0.21693727637702145,9138390802.67652
2011-09-30,11.460261344909668,13.618571281433105,13.88892936706543,13.613571166992188,13.825714111328125,547640800,-0.023968667824493917,0.23064543708316018,7506525555.297598
2011-10-03,11.25829792022705,13.378570556640625,13.665714263916016,13.327500343322754,13.584643363952637,669099200,-0.01778006632096618,0.22994019554297196,9004243051.907856
2011-10-04,11.195184707641602,13.303570747375488,13.635713577270508,12.651429176330566,13.3774995803833,1233677200,-0.005621700637535643,0.22397918276604306,16280720192.628988
2011-10-05,11.367996215820312,13.508929252624512,13.5649995803833,12.867856979370117,13.137857437133789,786469600,0.01531830888075536,0.22737533513102093,10471000103.715515
2011-10-06,11.34154987335205,13.477499961853027,13.742142677307129,13.278571128845215,13.333213806152344,812582400,-0.0023290958189718936,0.22738714714583835,10969378579.77295
2011-10-07,11.114038467407227,13.20714282989502,13.490714073181152,13.160357475280762,13.420714378356934,535458000,-0.020263926077298766,0.23012567249920754,7114133251.535416
2011-10-10,11.685370445251465,13.88607120513916,13.88607120513916,13.507499694824219,13.538928985595703,442514800,0.05012863410152102,0.2898604732108753,6088950856.737009
2011-10-11,12.030391693115234,14.29607105255127,14.399286270141602,13.98214340209961,14.020357131958008,605687600,0.029098419030226363,0.3035295495035961,8616410995.999271
2011-10-12,12.087495803833008,14.36392879486084,14.616070747375488,14.290714263916016,14.547857284545898,622286000,0.004735424479832773,0.3015059320008513,8975586470.525105
2011-10-13,12.275033950805664,14.586786270141602,14.586786270141602,14.387499809265137,14.463570594787598,426185200,0.01539592589644112,0.3041682749420511,6188361443.835577
2011-10-14,12.682868957519531,15.071429252624512,15.071429252624512,14.831070899963379,14.886786460876465,573367200,0.032684742369440745,0.3172443948799221,8595525325.354767
2011-10-17,12.622457504272461,14.999643325805664,15.239286422729492,14.854999542236328,15.062143325805664,686044800,-0.004774612815569235,0.3048474950653939,10312151900.500488
2011-10-18,12.690078735351562,15.079999923706055,15.171786308288574,14.856785774230957,15.062856674194336,881602400,0.005342917146098358,0.30499555801857053,13255941780.42043
2011-10-19,11.98020076751709,14.236429214477539,14.58642864227295,14.20714282989502,14.333929061889648,1104059600,-0.05756513512224437,0.36636933036139907,15835895115.365856
2011-10-20,11.880721092224121,14.118213653564453,14.298213958740234,14.07892894744873,14.285714149475098,549270400,-0.008338341013120143,0.357116886491938,7780480498.572794
2011-10-21,11.807388305664062,14.031070709228516,14.255000114440918,13.95535659790039,14.217857360839844,621244400,-0.006191546956946681,0.35663484334569356,8747416744.55223
2011-10-24,12.195087432861328,14.491786003112793,14.51785659790039,14.121429443359375,14.149286270141602,502138000,0.032307738074340175,0.37514472541013766,7219250084.73905
2011-10-25,11.954654693603516,14.206070899963379,14.51964282989502,14.192143440246582,14.465356826782227,430427200,-0.019912484562833566,0.3801974832885395,6157671030.576071
2011-10-26,12.039709091186523,14.307143211364746,14.376786231994629,14.041070938110352,14.348570823669434,456304800,0.007089561081514706,0.3804455689873163,6498540918.022156
2011-10-27,12.162627220153809,14.453213691711426,14.60714340209961,14.353214263916016,14.555713653564453,494664800,0.010157629763430709,0.37672968425014536,7158388530.98526
2011-10-28,12.170443534851074,14.462499618530273,14.512499809265137,14.375356674194336,14.39285659790039,322842800,0.0006424437790695237,0.3649779676744716,4665116781.654485
2011-10-31,12.16533374786377,14.456428527832031,14.618928909301758,14.323213577270508,14.372142791748047,385501200,-0.0004199403210374264,0.35738336502167195,5576733734.779358
2011-11-01,11.916787147521973,14.161070823669434,14.26785659790039,14.043571472167969,14.193214416503906,531790000,-0.020642320246288204,0.36608459681244443,7528816728.900274
2011-11-02,11.943833351135254,14.193214416503906,14.30142879486084,14.11107063293457,14.288928985595703,327350800,0.002267016920047382,0.36338131717209177,4649004837.167486
2011-11-03,12.113941192626953,14.395357131958008,14.407142639160156,14.119999885559082,14.2524995803833,441386400,0.01414184642786065,0.36510426657342465,6315135867.487335
2011-11-04,12.028887748718262,14.294285774230957,14.408571243286133,14.255714416503906,14.358214378356934,302229200,-0.00704588480369317,0.3571349856286312,4327778225.8823395
2011-11-07,12.013558387756348,14.276070594787598,14.285714149475098,14.147500038146973,14.282500267028809,270275600,-0.001275191630017325,0.3152178014357749,3847759190.0455475
2011-11-08,12.208911895751953,14.508213996887207,14.571429252624512,14.341428756713867,14.364643096923828,400442000,0.016130290707971007,0.303839757960917,5795873638.772328
2011-11-09,11.879817008972168,14.117142677307129,14.317500114440918,14.079643249511719,14.177499771118164,558684000,-0.02732525779383499,0.31842042246198127,7917350460.891724
2011-11-10,11.57747745513916,13.757857322692871,14.186071395874023,13.648214340209961,14.179642677307129,744752400,-0.02577929845939808,0.32374575473547973,10325282788.055801
2011-11-11,11.559441566467285,13.736429214477539,13.882143020629883,13.580714225769043,13.807499885559082,653786000,-0.0015590573929302742,0.29684732143407416,8978505566.036861
2011-11-14,11.39834976196289,13.545000076293945,13.758929252624512,13.507143020629883,13.697142601013184,432905200,-0.01403396747888186,0.2986244893300112,5889108479.231897
2011-11-15,11.685968399047852,13.886786460876465,13.910714149475098,13.551786422729492,13.600000381469727,430810800,0.02492025275726073,0.3145100556470394,5937906475.383759
2011-11-16,11.563945770263672,13.741786003112793,13.96928596496582,13.725713729858398,13.901785850524902,349210400,-0.010496705344629209,0.24908764188091348,4823385502.763621
2011-11-17,11.342752456665039,13.478928565979004,13.734999656677246,13.410714149475098,13.713570594787598,479900400,-0.019313144718199116,0.25554545188509464,6498594041.414261
2011-11-18,11.26851749420166,13.390713691711426,13.571070671081543,13.388570785522461,13.532856941223145,371938000,-0.006566214931371661,0.255620306833851,5002610131.051382
2011-11-21,11.090293884277344,13.178929328918457,13.274286270141602,13.068214416503906,13.228570938110352,447980400,-0.0159424740165508,0.22602175253398332,5901608675.648117
2011-11-22,11.315699577331543,13.446785926818848,13.4975004196167,13.247857093811035,13.250714302062988,409021200,0.02012080365482971,0.23445969293041719,5479812913.500595
2011-11-23,11.02959156036377,13.106785774230957,13.422857284545898,13.102856636047363,13.375356674194336,428271200,-0.025609301906461823,0.24426389186365566,5657819401.100667
2011-11-25,10.926802635192871,12.98464298248291,13.255356788635254,12.975713729858398,13.157856941223145,254760800,-0.009363074390880577,0.2389017271778613,3330208848.0265303
2011-11-28,11.303980827331543,13.432856559753418,13.454285621643066,13.22607135772705,13.298213958740234,346413200,0.03393622098136895,0.2745476747224917,4631915554.79037
2011-11-29,11.21622085571289,13.328571319580078,13.529643058776855,13.221428871154785,13.422857284545898,375855200,-0.007793928056591515,0.274625437348232,5021380776.491292
2011-11-30,11.486712455749512,13.649999618530273,13.652856826782227,13.510713577270508,13.617500305175781,405938400,0.02382990747662106,0.2837445756059171,5522598437.75177
2011-12-01,11.658919334411621,13.854642868041992,13.89285659790039,13.598214149475098,13.662142753601074,387181200,0.014880566482447843,0.2893444525980167,5336094337.491226
2011-12-02,11.712114334106445,13.91785717010498,14.05821418762207,13.877857208251953,13.922499656677246,379055600,0.00455222411738232,0.28480126600110095,5288322001.644771
2011-12-05,11.811595916748047,14.036070823669434,14.157500267028809,13.942500114440918,14.053214073181152,357210000,0.008458034437795359,0.2861733151078893,5017141998.39592
2011-12-06,11.74968433380127,13.962499618530273,14.093929290771484,13.906429290771484,14.018214225769043,283598000,-0.005255378721618076,0.2865680995117325,3966860886.608124
2011-12-07,11.693781852722168,13.896071434020996,13.962142944335938,13.812856674194336,13.926071166992188,304746400,-0.004769140074369904,0.2797668445525598,4233036295.80307
2011-12-08,11.740968704223633,13.952142715454102,14.125,13.936785697937012,13.98035717010498,376356400,0.004027089186005028,0.26485749249225043,5270736949.173864
2011-12-09,11.82992935180664,14.057856559753418,14.072856903076172,13.965356826782227,14.030357360839844,296993200,0.007548381887837685,0.24957510935337146,4167415540.9122467
2011-12-12,11.776433944702148,13.994285583496094,14.067856788635254,13.908928871154785,13.988571166992188,301067200,-0.004532294789027613,0.2501822861712244,4212037633.405558
2011-12-13,11.685370445251465,13.88607120513916,14.121429443359375,13.824999809265137,14.035714149475098,338928800,-0.0077627411113265765,0.24636786233874367,4726079727.049764
2011-12-14,11.426301956176758,13.578213691711426,13.835000038146973,13.488571166992188,13.810713768005371,406887600,-0.0224197830553603,0.24346900143362082,5547476364.1319275
2011-12-15,11.388731956481934,13.533571243286133,13.704999923706055,13.51107120513916,13.690357208251953,256200000,-0.003293445348195867,0.24124014124821858,3480019458.580017
2011-12-16,11.451245307922363,13.607856750488281,13.719642639160156,13.556071281433105,13.584285736083984,421478400,0.0054740428870379,0.2323023047475294,5743847317.578125
2011-12-19,11.487009048461914,13.650357246398926,13.744643211364746,13.588570594787598,13.659643173217773,235530400,0.003118264272701232,0.23101596978124733,3217625627.8119407
2011-12-20,11.899953842163086,14.141071319580078,14.146429061889648,13.830714225769043,13.848570823669434,337215200,0.03531777242394574,0.25097158810839887,4734300720.807648
2011-12-21,11.914984703063965,14.158928871154785,14.189286231994629,14.000356674194336,14.167499542236328,262948000,0.001262305411219078,0.24363095307620544,3711824083.9029946
2011-12-22,11.978095054626465,14.233928680419922,14.254643440246582,14.146429061889648,14.178570747375488,202358800,0.005282742867206647,0.22098465043764354,2875855892.433548
2011-12-23,12.121756553649902,14.404643058776855,14.413928985595703,14.267499923706055,14.274642944335938,269399200,0.011922330730377961,0.21684696724162192,3869117773.114268
2011-12-27,12.21792984008789,14.518928527832031,14.610357284545898,14.393570899963379,14.396429061889648,265076000,0.007902631561985007,0.1904621741589433,3845621588.6268616
2011-12-28,12.101020812988281,14.380000114440918,14.58035659790039,14.333571434020996,14.53178596496582,228662000,-0.009614718116956578,0.19196747712772425,3299892065.934499
2011-12-29,12.175553321838379,14.468570709228516,14.487500190734863,14.303929328918457,14.407142639160156,215978000,0.0061403015609062805,0.17795142563149144,3114402776.4778137
2011-12-30,12.171945571899414,14.464285850524902,14.510000228881836,14.410357475280762,14.411070823669434,179662000,-0.00029635487251589154,0.17276102702597243,2598190610.107422
2012-01-03,12.359183311462402,14.686785697937012,14.73214340209961,14.60714340209961,14.621429443359375,302220800,0.01526561427972739,0.17851598161029825,4435198284.151204
2012-01-04,12.425601959228516,14.765713691711426,14.8100004196167,14.617142677307129,14.64285659790039,260022000,0.005359643509885714,0.17757366922085596,3830371669.298172
2012-01-05,12.563549041748047,14.929642677307129,14.948213577270508,14.738213539123535,14.819643020629883,271269600,0.011040669911696277,0.17751744186099125,4034327802.1698
2012-01-06,12.694893836975098,15.085714340209961,15.098214149475098,14.972143173217773,14.991786003112793,318292800,0.01040016439235103,0.17653234135828808,4790950828.8619995
2012-01-09,12.674752235412598,15.061785697937012,15.276785850524902,15.048213958740234,15.196429252624512,394024400,-0.0015878507517919083,0.17762989034331725,5961166975.801341
2012-01-10,12.720132827758789,15.115714073181152,15.214285850524902,15.053570747375488,15.211071014404297,258196400,0.003573998507093723,0.17711204940935785,3905958188.806279
2012-01-11,12.699396133422852,15.091071128845215,15.101785659790039,14.975357055664062,15.09571361541748,215084800,-0.0016315565066253868,0.1757069018403077,3238332080.352783
2012-01-12,12.664531707763672,15.049642562866211,15.103570938110352,14.95535659790039,15.081428527832031,212587200,-0.0027491363195424334,0.1723843828728113,3196501537.774658
2012-01-13,12.617043495178223,14.993213653564453,15.016071319580078,14.952142715454102,14.989286422729492,226021600,-0.0037567491784020746,0.14645541365778186,3387417941.4871216
2012-01-17,12.76401138305664,15.16785717010498,15.213929176330566,15.105713844299316,15.149999618530273,242897200,0.011581041938362624,0.1449315601988305,3682928810.442988
2012-01-18,12.896553993225098,15.325357437133789,15.338213920593262,15.225000381469727,15.248571395874023,276791200,0.010330543148190152,0.14580737859847082,4233850945.992788
2012-01-19,12.85567855834961,15.276785850524902,15.406070709228516,15.232500076293945,15.362500190734863,261738400,-0.0031745184904417023,0.14893538031115683,4005937327.11614
2012-01-20,12.631772994995117,15.010713577270508,15.26785659790039,14.991070747375488,15.267499923706055,413974400,-0.017570318721527478,0.12686329209832453,6246824146.375529
2012-01-23,12.845459938049316,15.264642715454102,15.301786422729492,15.08214282989502,15.095356941223145,306062400,0.016775130536367477,0.13528408140938492,4657103831.040955
2012-01-24,12.635080337524414,15.014642715454102,15.182143211364746,14.983928680419922,15.182143211364746,547638000,-0.016513337545791096,0.15215715875862137,8247558728.693008
2012-01-25,13.424005508422852,15.952142715454102,16.230356216430664,15.84749984741211,16.229999542236328,958314000,0.06056746091424747,0.2506375534436795,15342606750.061033
2012-01-26,13.362991333007812,15.879643440246582,16.028213500976562,15.82642936706543,16.01285743713379,323985200,-0.004555514848765707,0.2525822413433566,5155067432.149379
2012-01-27,13.442636489868164,15.974286079406738,16.01714324951172,15.848929405212402,15.869285583496094,299709200,0.005942438040206888,0.24732455344397264,4779398547.9731245
2012-01-30,13.614846229553223,16.17892837524414,16.21071434020996,15.90678596496582,15.918213844299316,379341200,0.012729348610676094,0.24866799515312443,6106941737.114969
2012-01-31,13.719136238098145,16.3028564453125,16.365713119506836,16.18107032775879,16.27107048034668,391683600,0.007630832040784519,0.2478160079653813,6377867603.942871
2012-02-01,13.710419654846191,16.292499542236328,16.392499923706055,16.269643783569336,16.37178611755371,270046000,-0.0006355614053239478,0.24641364030252672,4406668530.319214
2012-02-02,13.678260803222656,16.25428581237793,16.327499389648438,16.213571548461914,16.282142639160156,186796400,-0.0023483326589279763,0.24778515393948505,3038265659.235636
2012-02-03,13.815309524536133,16.417142868041992,16.428571701049805,16.270000457763672,16.332143783569336,286599600,0.00996959324057789,0.24747290277217873,4692181426.803589
2012-02-06,13.94423770904541,16.570356369018555,16.606428146362305,16.364286422729492,16.37071418762207,249412800,0.00928899239418568,0.24718287253524437,4118725739.2242427
2012-02-07,14.090304374694824,16.743928909301758,16.77678680419922,16.59214210510254,16.616071701049805,316223600,0.010420572376176107,0.24682931808893835,5282289435.228983
2012-02-08,14.326228141784668,17.0242862701416,17.028213500976562,16.774999618530273,16.803571701049805,407890000,0.016605065226090066,0.24978508095705815,6910676242.014567
2012-02-09,14.821825981140137,17.61321449279785,17.741071701049805,17.162857055664062,17.170000076293945,884214800,0.03400882979954778,0.2660681581294466,15478811771.646118
2012-02-10,14.829336166381836,17.622142791748047,17.77214241027832,17.448213577270508,17.534286499023438,631302000,0.0005065693793002701,0.26468776735512056,11119858388.122559
2012-02-13,15.105236053466797,17.950000762939453,17.993928909301758,17.75321388244629,17.840356826782227,517216000,0.018434049961090437,0.263516612039216,9257673933.59375
2012-02-14,15.311408042907715,18.19499969482422,18.198570251464844,17.928571701049805,18.023571014404297,460398400,0.01355673205680663,0.2638489131985607,8336609033.002727
2012-02-15,14.957066535949707,17.773929595947266,18.796070098876953,17.746070861816406,18.36642837524414,1506120000,-0.023414308128991923,0.2867035296736071,27268840062.25586
2012-02-16,15.093515396118164,17.936071395874023,18.03178596496582,17.379642486572266,17.553571701049805,944552000,0.009081341468134774,0.2841258713386037,16796495891.957602
2012-02-17,15.090807914733887,17.932857513427734,18.1346435546875,17.867856979370117,17.96821403503418,535805200,-0.00017939652737331002,0.270427503742911,9632948435.234833
2012-02-21,15.473393440246582,18.387500762939453,18.387500762939453,18.00428581237793,18.10285758972168,605595200,0.02503618562874843,0.2749340089322718,11058024490.489706
2012-02-22,15.418993949890137,18.322856903076172,18.410356521606445,18.18107032775879,18.32428550720215,483302400,-0.0035218739101341434,0.2629751573935412,8846735043.945312
2012-02-23,15.519680976867676,18.4424991607666,18.493928909301758,18.196428298950195,18.395713806152344,568027600,0.006508836120639572,0.18758902338877245,10438994694.812775
2012-02-24,15.700603485107422,18.657499313354492,18.674999237060547,18.522857666015625,18.559642791748047,415072000,0.011590191227787816,0.18304476495752386,7727998138.48877
2012-02-27,15.80129337310791,18.777143478393555,18.875,18.43857192993164,18.618213653564453,547582000,0.006392645582719236,0.1829857431057367,10238088708.240509
2012-02-28,16.09131622314453,19.12178611755371,19.12178611755371,18.780357360839844,18.855714797973633,600387200,0.01818796571858705,0.18568678634326097,11412145807.702637
2012-02-29,16.302595138549805,19.37285614013672,19.5575008392334,19.132143020629883,19.341428756713867,952011200,0.013044544635272715,0.1863638340482538,18425383433.333336
2012-03-01,16.363603591918945,19.445356369018555,19.578929901123047,19.241785049438477,19.577499389648438,683270000,0.003735269279796505,0.18422804281738575,13270486183.509827
2012-03-02,16.384939193725586,19.470714569091797,19.5285701751709,19.375713348388672,19.437143325805664,431712400,0.0013029956761689832,0.18185050117079538,8400403508.857982
2012-03-05,16.0236873626709,19.04142951965332,19.5528564453125,18.78571319580078,19.479286193847656,809124400,-0.022294483443973778,0.21157562525698892,15475852464.318592
2012-03-06,15.936529159545898,18.937856674194336,19.06035614013672,18.43642807006836,18.7021427154541,810238800,-0.0054541820222167026,0.21603158502214131,15241845236.202242
2012-03-07,15.949451446533203,18.953214645385742,19.20642852783203,18.689285278320312,19.171428680419922,798520800,0.0008105309888004619,0.21649159104597607,15131683942.088318
2012-03-08,16.28907012939453,19.356786727905273,19.392499923706055,19.00428581237793,19.096071243286133,516457200,0.021069902115925743,0.2197232215521222,9942416108.249664
2012-03-09,16.384641647338867,19.47035789489746,19.562143325805664,19.396785736083984,19.436071395874023,418919200,0.005850072447355359,0.19542907843694274,8159050049.502563
2012-03-12,16.58991241455078,19.71428680419922,19.71428680419922,19.53571319580078,19.606428146362305,407282400,0.012450413640337388,0.1963262324566223,8005038747.967529
2012-03-13,17.07378578186035,20.28928565979004,20.292142868041992,19.84821319580078,19.91214370727539,690855200,0.02874946728017358,0.20772926475650214,13916044072.969564
2012-03-14,17.71934700012207,21.056428909301758,21.239999771118164,20.549999237060547,20.644643783569336,1418844000,0.03711280143266604,0.2328195641038322,29723092390.716553
2012-03-15,17.59853172302246,20.912857055664062,21.42892837524414,20.662500381469727,21.414642333984375,1159718000,-0.006841619753215067,0.21133872650066352,24355734777.91977
2012-03-16,17.59882926940918,20.9132137298584,21.042856216430664,20.64285659790039,20.882856369018555,825487600,1.690731227199649e-05,0.21314458008124423,17224879211.846416
2012-03-19,18.065580368041992,21.467857360839844,21.491785049438477,21.037500381469727,21.370357513427734,901236000,0.026176109691564253,0.22028692473672257,19225509660.354614
2012-03-20,18.211631774902344,21.641429901123047,21.674999237060547,21.124286651611328,21.41107177734375,816662000,0.008052007711369491,0.2124007067856008,17542094612.77517
2012-03-21,18.107648849487305,21.51785659790039,21.77321434020996,21.47892951965332,21.52642822265625,644042000,-0.0057260610750708985,0.21405692058504922,13904866878.27301
2012-03-22,18.012678146362305,21.405000686645508,21.58928680419922,21.26892852783203,21.349285125732422,623870800,-0.005258585947226724,0.2189313903836825,13363981329.381561
2012-03-23,17.913799285888672,21.287500381469727,21.492856979370117,21.22857093811035,21.44607162475586,430488800,-0.005504525754158607,0.22281087467545752,9185042244.233704
2012-03-26,18.242290496826172,21.6778564453125,21.683929443359375,21.259286880493164,21.421070098876953,595742000,0.018171226571593646,0.2263751168359136,12832495711.215973
2012-03-27,18.467702865600586,21.945714950561523,22.010000228881836,21.645000457763672,21.6492862701416,607129600,0.012280863120409435,0.22366295224959024,13276045414.84375
2012-03-28,18.56206512451172,22.057857513427734,22.194643020629883,21.796785354614258,22.084999084472656,655460400,0.005096573286210049,0.22259382958648133,14430897116.101074
2012-03-29,18.328847885131836,21.78071403503418,22.020000457763672,21.686786651611328,21.885000228881836,608238400,-0.01264378283372336,0.23215550127395,13277337638.691204
2012-03-30,18.018983840942383,21.412500381469727,21.805713653564453,21.354999542236328,21.741785049438477,731038000,-0.017050345853579785,0.24484353292139024,15735157635.700226
2012-04-02,18.592422485351562,22.093929290771484,22.098928451538086,21.442142486572266,21.493928909301758,598351600,0.031328244485855805,0.24045283691695923,13090935800.983936
2012-04-03,18.913698196411133,22.4757137298584,22.578929901123047,22.232500076293945,22.4035701751709,834559600,0.0171323273905708,0.23788274422990424,18718377245.828754
2012-04-04,18.76312828063965,22.296785354614258,22.352142333984375,22.03571319580078,22.298213958740234,572980800,-0.007992749466144033,0.24338409023388297,12736339627.218628
2012-04-05,19.044734954833984,22.63142967224121,22.66642951965332,22.264286041259766,22.39214324951172,641298000,0.014897000673220084,0.24016248236951887,14442489537.910461
2012-04-09,19.12137794494629,22.72249984741211,22.851428985595703,22.332143783569336,22.361785888671875,597536800,0.004016290227838226,0.2404351546163327,13525459110.625713
2012-04-10,18.887252807617188,22.444286346435547,23.0,22.35714340209961,22.854642868041992,889725200,-0.012319733381463749,0.24940443243511157,20108213547.767128
2012-04-11,18.8199405670166,22.364286422729492,22.745357513427734,22.262142181396484,22.7214298248291,696614800,-0.003570263712443733,0.23784921500552417,15644061103.974152
2012-04-12,18.71683692932129,22.241785049438477,22.547500610351562,22.16071319580078,22.321428298950195,614336800,-0.005493486860832952,0.20900112884338487,13709949352.315777
2012-04-13,18.189699172973633,21.6153564453125,22.310714721679688,21.55392837524414,22.289642333984375,859644800,-0.02856803497310656,0.23361683869349686,18763180370.16195
2012-04-16,17.435331344604492,20.718929290771484,21.795713424682617,20.65178680419922,21.787857055664062,1050786800,-0.042356769836128905,0.2789539062836422,22124816780.794014
2012-04-17,18.324039459228516,21.774999618530273,21.78571319580078,20.425357818603516,20.676429748535156,1025528000,0.049715144927201305,0.3166255904262316,21873169014.684044
2012-04-18,18.28316307067871,21.726428985595703,22.15178680419922,21.52535629272461,21.91857147216797,954531200,-0.0022332438817329603,0.3156186529962149,20809916714.737953
2012-04-19,17.65503692626953,20.979999542236328,21.59749984741211,20.875713348388672,21.43642807006836,834719200,-0.034959464632712045,0.3379456710873751,17655204991.374714
2012-04-20,17.2204532623291,20.463571548461914,21.23642921447754,20.372142791748047,21.12071418762207,1030985200,-0.024923300418215,0.34758420893407077,21331820445.719402
2012-04-23,17.18197250366211,20.417856216430664,20.59535789489746,19.87928581237793,20.378929138183594,966529200,-0.0022370965918012686,0.34738236799846417,19618126412.41989
2012-04-24,16.838768005371094,20.010000228881836,20.274642944335938,19.821428298950195,20.09321403503418,1076149200,-0.020176876603557936,0.3445312032212238,21561033576.638794
2012-04-25,18.333049774169922,21.78571319580078,22.071428298950195,21.64285659790039,21.98714256286621,905777600,0.08502158226929035,0.4603116763967398,19776143690.78878
2012-04-26,18.26392936706543,21.703571319580078,21.953214645385742,21.504642486572266,21.938213348388672,536068400,-0.003777387692337708,0.46000859149295714,11643660897.2435
2012-04-27,18.1226749420166,21.53571319580078,21.6492862701416,21.446428298950195,21.609643936157227,406722400,-0.007764128437828255,0.45873489567709064,8762349805.321247
2012-04-30,17.551044464111328,20.856428146362305,21.371429443359375,20.821428298950195,21.350000381469727,506144800,-0.032050451685536885,0.46836125468207473,10637356065.42155
2012-05-01,17.49544334411621,20.79035758972168,21.312856674194336,20.758214950561523,20.889286041259766,610999200,-0.003172995077179497,0.4530220588407253,12802760986.967468
2012-05-02,17.611148834228516,20.9278564453125,20.97857093811035,20.67357063293457,20.722856521606445,427389200,0.006591691297081592,0.4485537612641262,8915338429.404196
2012-05-03,17.48613929748535,20.779285430908203,21.121429443359375,20.725000381469727,21.08928680419922,390549600,-0.007123631029230193,0.4484557974929945,8152816014.280701
2012-05-04,16.988128662109375,20.1875,20.65571403503418,20.184642791748047,20.610000610351562,529992400,-0.0288937408283938,0.4513737604790936,10781433435.494232
2012-05-07,17.115259170532227,20.338571548461914,20.456071853637695,20.043928146362305,20.053571701049805,460118400,0.0074556286278717465,0.4524634623402651,9330982066.38794
2012-05-08,17.07618522644043,20.292142868041992,20.41071319580078,19.95464324951172,20.34214210510254,497252000,-0.0022855987391583454,0.4519009936390294,10054020949.521383
2012-05-09,17.106233596801758,20.327856063842773,20.499286651611328,20.030357360839844,20.132143020629883,480704000,0.0017581188889308486,0.45249499633061774,9751481238.891602
2012-05-10,17.146512985229492,20.375713348388672,20.567142486572266,20.301429748535156,20.520713806152344,333200000,0.0023518935568023203,0.4531513776822401,6802198652.140299
2012-05-11,17.03200340270996,20.239643096923828,20.516786575317383,20.155357360839844,20.178571701049805,399546000,-0.00670070108780596,0.4446816809614249,8112353620.639801
2012-05-14,16.776845932006836,19.93642807006836,20.268213272094727,19.91428565979004,20.091785430908203,352626400,-0.015094409914643059,0.42402557482040176,7066506933.520508
2012-05-15,16.62506866455078,19.756071090698242,20.114999771118164,19.70535659790039,20.051786422729492,476336000,-0.009088000727929924,0.380348990949132,9459465716.81722
2012-05-16,16.411991119384766,19.502857208251953,19.88892936706543,19.322856903076172,19.787500381469727,560896000,-0.012899483257136968,0.3812082760184087,10977602889.485676
2012-05-17,15.932331085205078,18.932857513427734,19.553571701049805,18.932857513427734,19.475357055664062,717220000,-0.029661787226137992,0.3764428895889311,13727420275.662739
2012-05-18,15.940140724182129,18.942142486572266,19.407499313354492,18.6492862701416,19.06999969482422,732292400,0.0004900554422042624,0.36981920363901966,13913293944.619242
2012-05-21,16.86880874633789,20.045713424682617,20.05500030517578,19.073213577270508,19.08928680419922,631106000,0.056625778641554714,0.42503168253324697,12448340189.030966
2012-05-22,16.739280700683594,19.891786575317383,20.49571418762207,19.735000610351562,20.3410701751709,694870400,-0.007708185090118835,0.4200738935871724,13925782192.753092
2012-05-23,17.147724151611328,20.37714385986328,20.457143783569336,19.758214950561523,19.91071319580078,584897600,0.024107367033940452,0.2998517430310378,11813469781.740316
2012-05-24,16.990234375,20.190000534057617,20.58928680419922,20.043928146362305,20.56678581237793,496230000,-0.009226731808204658,0.30054335848205904,10060768073.310852
2012-05-25,16.8991641998291,20.081785202026367,20.20892906188965,19.945356369018555,20.163928985595703,328507200,-0.005374565393389208,0.3002412013095622,6595994300.8758545
2012-05-29,17.19911003112793,20.438213348388672,20.5,20.18964385986328,20.389286041259766,380508800,0.017593475029797467,0.2896919423060908,7753229197.627768
2012-05-30,17.40648078918457,20.684642791748047,20.71392822265625,20.234285354614258,20.328571319580078,529429600,0.011984955918890261,0.29299579308097085,10876752831.43565
2012-05-31,17.363203048706055,20.633214950561523,20.76785659790039,20.409286499023438,20.740713119506836,491674400,-0.002489396396583743,0.2920048951718574,10130190235.594177
2012-06-01,16.860095977783203,20.035356521606445,20.451786041259766,20.018571853637695,20.3271427154541,520987600,-0.02940355443678566,0.30791274208619385,10507575646.713257
2012-06-04,16.959274291992188,20.153213500976562,20.26785659790039,19.58928680419922,20.053571701049805,556995600,0.005865194871049972,0.2925067897759552,11141834916.481018
2012-06-05,16.915393829345703,20.101070404052734,20.23107147216797,19.940357208251953,20.04535675048828,388214400,-0.002590755253049526,0.29130619688638565,7799550689.526367
2012-06-06,17.17476463317871,20.409286499023438,20.49464225769043,20.196428298950195,20.27750015258789,401455600,0.015217049170375141,0.2962721155957679,8176360167.33195
2012-06-07,17.182580947875977,20.41857147216797,20.61857032775879,20.375,20.61750030517578,379766800,0.00045500108928253624,0.2962249319057284,7774097524.168141
2012-06-08,17.441049575805664,20.7257137298584,20.735000610351562,20.321428298950195,20.41428565979004,347516400,0.01493046370129214,0.3005295878506334,7156769264.7491455
2012-06-11,17.166046142578125,20.398929595947266,21.01785659790039,20.379642486572266,20.989999771118164,591264800,-0.015893227454935488,0.30508855935048296,12179351014.814249
2012-06-12,17.316017150878906,20.5771427154541,20.593570709228516,20.239286422729492,20.516429901123047,435380400,0.008698548729514144,0.30094841064607686,8912236765.855408
2012-06-13,17.195804595947266,20.43428611755371,20.65999984741211,20.37071418762207,20.518571853637695,293580000,-0.006966484817397589,0.3000889866738838,6014964914.932251
2012-06-14,17.176864624023438,20.411785125732422,20.48214340209961,20.259286880493164,20.40142822265625,345573200,-0.0011020368374348166,0.29560561478884373,7044304112.981415
2012-06-15,17.2550048828125,20.504642486572266,20.52214241027832,20.3410701751709,20.39285659790039,335255200,0.004538841140839356,0.2717658431766293,6857964175.247192
2012-06-18,17.605138778686523,20.920713424682617,20.996070861816406,20.370357513427734,20.391429901123047,440412000,0.02008859595962731,0.27699640873407205,9144001564.796448
2012-06-19,17.65413475036621,20.97892951965332,21.071428298950195,20.825000762939453,20.83571434020996,361404400,0.002779183931616025,0.20331412703941912,7574477080.982463
2012-06-20,17.60393714904785,20.919286727905273,21.04464340209961,20.742856979370117,21.00749969482422,358943200,-0.0028474407436722693,0.2009889963941004,7502724942.2526045
2012-06-21,17.36140251159668,20.631071090698242,21.007856369018555,20.62285614013672,20.908571243286133,326351200,-0.013873082869669595,0.19235474802444438,6773069263.984172
2012-06-22,17.494539260864258,20.78928565979004,20.792499542236328,20.55071449279785,20.68000030517578,284471600,0.007639294190431745,0.1903171368820993,5891643866.72872
2012-06-25,17.154027938842773,20.3846435546875,20.707143783569336,20.370357513427734,20.617856979370117,304382400,-0.01965577872375901,0.202786833336456,6235998386.367798
2012-06-26,17.19189453125,20.429643630981445,20.517499923706055,20.26178550720215,20.40464210510254,276536400,0.0022050132898741026,0.1934547242183959,5642165630.210114
2012-06-27,17.26612663269043,20.51785659790039,20.597856521606445,20.42571449279785,20.53571319580078,202997200,0.004308559445264315,0.1892289527146258,4164245829.7668457
2012-06-28,17.102333068847656,20.323213577270508,20.5,20.20035743713379,20.416786193847656,282836400,-0.009531693032529986,0.1917581305904089,5753229046.95282
2012-06-29,17.5516414642334,20.85714340209961,20.85714340209961,20.508928298950195,20.64285659790039,421500800,0.025932585287018473,0.18296851905030154,8742378314.849854
2012-07-02,17.807708740234375,21.161428451538086,21.195356369018555,20.842857360839844,20.883214950561523,400092000,0.014483962578367482,0.18762727156881,8428557079.879761
2012-07-03,18.01477813720703,21.407499313354492,21.428571701049805,21.21428680419922,21.24571418762207,241712800,0.0115609898343072,0.18922701612109252,5160597109.77885
2012-07-05,18.33125114440918,21.783571243286133,21.94071388244629,21.41607093811035,21.448570251464844,484383200,0.017414887496661535,0.1911363705917734,10517631373.114523
2012-07-06,18.20923614501953,21.63857078552246,21.729999542236328,21.485000610351562,21.681785583496094,418930400,-0.0066783703193853405,0.19402610856464728,9056377471.510315
2012-07-09,18.449960708618164,21.92464256286621,21.924999237060547,21.57535743713379,21.617856979370117,379405600,0.013133295016427127,0.19271746812689536,8274203696.8455
2012-07-10,18.279251098632812,21.721786499023438,22.138214111328125,21.618213653564453,22.070356369018555,511957600,-0.009295644029424732,0.18587946595663235,11174023142.280071
2012-07-11,18.165658950805664,21.5867862701416,21.7021427154541,21.329286575317383,21.64714241027832,469322000,-0.006233655975967256,0.1874276547097524,10108916721.159616
2012-07-12,17.999448776245117,21.389286041259766,21.552499771118164,21.167142868041992,21.437143325805664,428041600,-0.00919180697936861,0.18897983810441818,9147096135.550945
2012-07-13,18.181873321533203,21.60607147216797,21.68535614013672,21.428571701049805,21.5339298248291,311427200,0.010083992544077436,0.1904120009526576,6718522723.386637
2012-07-16,18.240188598632812,21.675357818603516,21.843570709228516,21.60785675048828,21.61142921447754,301260400,0.0032021980006611273,0.19031814703200178,6540040461.220296
2012-07-17,18.241090774536133,21.676429748535156,21.83928680419922,21.54107093811035,21.813928604125977,293624800,4.945966364111598e-05,0.179680994060241,6367428738.547261
2012-07-18,18.220657348632812,21.652143478393555,21.726428985595703,21.555713653564453,21.663928985595703,252700000,-0.0011208145025505267,0.1799126537366848,5469631367.301941
2012-07-19,18.4628849029541,21.940000534057617,21.97678565979004,21.64285659790039,21.83142852783203,436861600,0.013206525873229236,0.1834739986052662,9546830148.477173
2012-07-20,18.161745071411133,21.582143783569336,21.944286346435547,21.560714721679688,21.89392852783203,397471200,-0.016445032667282256,0.1865353356196778,8623421856.25763
2012-07-23,18.147613525390625,21.565357208251953,21.639286041259766,20.989643096923828,21.22857093811035,487975600,-0.000778396935674941,0.1857447400159053,10441748465.49123
2012-07-24,18.060163497924805,21.461429595947266,21.7742862701416,21.375356674194336,21.692142486572266,565132400,-0.004830464872316309,0.1705989822995972,12171270163.754782
2012-07-25,17.280256271362305,20.534643173217773,20.742856979370117,20.35714340209961,20.516429901123047,877312800,-0.04414400720451095,0.23505119316811543,18024287237.98828
2012-07-26,17.27755355834961,20.531429290771484,20.72857093811035,20.3700008392334,20.705713272094727,406632800,-0.00015641691597467755,0.2345884715501418,8353593299.443563
2012-07-27,17.586519241333008,20.898571014404297,20.922500610351562,20.413928985595703,20.53607177734375,403936400,0.017724479487241762,0.23948827555524002,8379660700.18107
2012-07-30,17.88313865661621,21.25107192993164,21.408571243286133,20.99357032775879,21.104286193847656,379142400,0.016725638063360027,0.229513446536703,8044544044.824219
2012-07-31,18.35588836669922,21.812856674194336,21.8464298248291,21.525714874267578,21.543928146362305,462327600,0.026092120524775275,0.24135581936797823,10045608413.63678
2012-08-01,18.237178802490234,21.671785354614258,22.014286041259766,21.53571319580078,21.99678611755371,384501600,-0.0064881131766925115,0.2399650798970913,8359293510.118103
2012-08-02,18.266639709472656,21.706785202026367,21.81035614013672,21.4375,21.530000686645508,332158400,0.0016141277586747549,0.23212443453415918,7191743246.928915
2012-08-03,18.504365921020508,21.989286422729492,22.070714950561523,21.841428756713867,21.91535758972168,344920800,0.01293027044653039,0.23509871545733205,7576924667.195129
2012-08-06,18.71023178100586,22.233928680419922,22.31678581237793,21.97357177734375,22.046070098876953,302103200,0.011063828318314428,0.23383687547606805,6699066586.641947
2012-08-07,18.66094398498535,22.175357818603516,22.321428298950195,22.072856903076172,22.241785049438477,290446800,-0.0026377454595816197,0.23137233357211637,6444979930.8280945
2012-08-08,18.6293888092041,22.13785743713379,22.281429290771484,22.03928565979004,22.121070861816406,244706000,-0.0016924055619025324,0.2301051619789397,5420937138.234457
2012-08-09,18.73563003540039,22.168928146362305,22.20464324951172,22.064285278320312,22.066070556640625,221642400,0.005686683201933551,0.22733072737126292,4908482001.374817
2012-08-10,18.764909744262695,22.203571319580078,22.205713272094727,22.0964298248291,22.096786499023438,194938800,0.001561562312657916,0.22541833231956648,4321514720.498657
2012-08-13,19.015432357788086,22.5,22.5,22.258928298950195,22.26392936706543,278832400,0.013262256060021738,0.22899029971122353,6251322799.674733
2012-08-14,19.066438674926758,22.56035614013672,22.8075008392334,22.50749969482422,22.56678581237793,340169200,0.0026787731934643233,0.22887702033984106,7696368593.191783
2012-08-15,19.04047966003418,22.52964210510254,22.64285659790039,22.41964340209961,22.546428680419922,257342400,-0.0013624307628270493,0.2289228816733108,5798108023.48938
2012-08-16,19.20679473876953,22.726428985595703,22.74142837524414,22.51785659790039,22.543214797973633,254534000,0.008696887798164354,0.22671208242088647,5768225238.924662
2012-08-17,19.562044143676758,23.146785736083984,23.149642944335938,22.81464385986328,22.85714340209961,442761200,0.01832705639645793,0.22300342327623568,10199900470.407614
2012-08-20,20.076374053955078,23.75535774230957,23.75535774230957,23.21071434020996,23.214643478393555,613384800,0.025952538046454254,0.23506945946388108,14459816696.272278
2012-08-21,19.802003860473633,23.430713653564453,24.10285758972168,23.226070404052734,23.957857131958008,812719600,-0.013760565861635321,0.24173488874454716,19169249218.589527
2012-08-22,20.18865203857422,23.888214111328125,23.89285659790039,23.146785736083984,23.372142791748047,565322800,0.019337528626869993,0.1693820596825646,13365711467.887371
2012-08-23,20.000307083129883,23.66535758972168,23.924999237060547,23.612499237060547,23.789642333984375,420128800,-0.009373038688285984,0.1776228595875199,9971456824.891663
2012-08-24,20.01811981201172,23.68642807006836,23.90999984741211,23.412500381469727,23.55392837524414,437340400,0.0008902264001977578,0.17471971193326358,10351691035.278065
2012-08-27,20.394201278686523,24.13142967224121,24.31678581237793,24.05500030517578,24.285356521606445,427008400,0.018612755405597703,0.17623015019599805,10319827389.75169
2012-08-28,20.367637634277344,24.100000381469727,24.14642906188965,23.952499389648438,24.106428146362305,267416800,-0.0013033586745829773,0.16298166407330894,6435735503.9835615
2012-08-29,20.327491760253906,24.052499771118164,24.202499389648438,24.02142906188965,24.116071701049805,202806800,-0.001973006973753577,0.1596157323892172,4886050374.422201
2012-08-30,20.037738800048828,23.70964241027832,23.983928680419922,23.673213958740234,23.95142936706543,302699600,-0.014356808228578988,0.1733908080778314,7200899095.917002
2012-08-31,20.079086303710938,23.75857162475586,23.878570556640625,23.47321319580078,23.83035659790039,338321200,0.0020613554635131592,0.17089237500869356,8019380254.546611
2012-09-04,20.37276840209961,24.10607147216797,24.11214256286621,23.73214340209961,23.777143478393555,367892000,0.014520335866161638,0.17307576401279803,8823320299.420675
2012-09-05,20.229707717895508,23.936786651611328,24.155357360839844,23.91428565979004,24.127500534057617,336375200,-0.007046923729641108,0.1759373406546078,8073725727.42869
2012-09-06,20.41200828552246,24.15250015258789,24.22464370727539,23.957143783569336,24.041786193847656,391196400,0.008971165994406505,0.17543014779420393,9432304307.558441
2012-09-07,20.537874221801758,24.301429748535156,24.374286651611328,24.1346435546875,24.2160701751709,329666400,0.00614733547167301,0.17547435600100467,8001043083.004761
2012-09-10,20.003631591796875,23.669286727905273,24.403213500976562,23.64642906188965,24.301786422729492,487998000,-0.026356867927348038,0.2055560925833646,11666231352.012634
2012-09-11,19.938735961914062,23.592500686645508,23.93214225769043,23.446428298950195,23.753929138183594,503983200,-0.003249466216465713,0.20329377112280272,11922742530.873108
2012-09-12,20.21641731262207,23.921070098876953,23.924999237060547,23.428571701049805,23.816070556640625,712233200,0.013830642119096126,0.20713179542802967,16921388554.87493
2012-09-13,20.614532470703125,24.39214324951172,24.48214340209961,24.098928451538086,24.19178581237793,598360000,0.01950127425576209,0.2141451640257169,14554750996.373493
2012-09-14,20.865060806274414,24.68857192993164,24.89214324951172,24.5674991607666,24.641429901123047,600474000,0.012079741492099672,0.21540187043139766,14841358285.907745
2012-09-17,21.121614456176758,24.992143630981445,24.992856979370117,24.8075008392334,24.97678565979004,398031200,0.012220869659591127,0.2113322478194282,9923249700.993347
2012-09-18,21.18590545654297,25.068214416503906,25.083213806152344,24.872142791748047,24.99571418762207,373503200,0.0030392256500144654,0.19538414422394673,9340514616.435751
2012-09-19,21.1916446685791,25.075000762939453,25.142499923706055,24.984643936157227,25.009286880493164,326874800,0.0002708609655006633,0.18631955050418114,8193895327.716574
2012-09-20,21.08901596069336,24.953571319580078,25.00214385986328,24.77214241027832,24.969999313354492,336568400,-0.004854650230995627,0.1788825996564411,8383678488.133493
2012-09-21,21.13096809387207,25.00321388244629,25.18107032775879,24.977142333984375,25.086071014404297,571589200,0.0019873123083931077,0.17388483732724855,14320486556.41734
2012-09-24,20.850271224975586,24.671070098876953,24.825714111328125,24.39285659790039,24.53071403503418,639766400,-0.013372690110935892,0.18259055232617094,15757369832.364908
2012-09-25,20.32961082458496,24.05500030517578,24.742143630981445,24.03571319580078,24.580713272094727,518789600,-0.025288472007981788,0.19511730137797828,12594976272.781881
2012-09-26,20.0772762298584,23.75642967224121,24.024642944335938,23.614286422729492,23.88357162475586,576503200,-0.012489844844933096,0.1997282201631875,13719884317.10307
2012-09-27,20.564434051513672,24.332857131958008,24.36321449279785,23.58392906188965,23.72464370727539,594090000,0.023974441619556863,0.21709385276621765,14313608535.97641
2012-09-28,20.13523292541504,23.825000762939453,24.32535743713379,23.8125,24.241071701049805,535110800,-0.021091918896952055,0.22407090962798434,12836034207.242584
2012-10-01,19.902517318725586,23.54964256286621,24.16964340209961,23.446428298950195,23.969999313354492,543594800,-0.011624940263389671,0.22764595348079297,12895104070.716858
2012-10-02,19.96046257019043,23.618213653564453,23.798213958740234,23.237499237060547,23.636070251464844,627992400,0.0029072233154083804,0.22149126714141248,14790043030.519104
2012-10-03,20.26652717590332,23.980356216430664,23.9950008392334,23.66535758972168,23.7450008392334,424281200,0.015217172038371807,0.2271819419655594,10131936126.200613
2012-10-04,20.126176834106445,23.814285278320312,24.08035659790039,23.769643783569336,23.97321319580078,370725600,-0.006949319688546396,0.2260151593684451,8855928433.265686
2012-10-05,19.697265625,23.306785583496094,23.78571319580078,23.260000228881836,23.757143020629883,594006000,-0.02154147247504623,0.2355388488193861,13929935508.617401
2012-10-08,19.262027740478516,22.791786193847656,23.12714385986328,22.71821403503418,23.10285758972168,637994000,-0.02234414204511559,0.23068888415820166,14596695368.584951
2012-10-09,19.19200325012207,22.70892906188965,22.874643325805664,22.269643783569336,22.808929443359375,838597200,-0.0036419884185567852,0.2307220483220504,18967172364.07242
2012-10-10,19.344730377197266,22.8896427154541,23.03499984741211,22.75,22.847856521606445,510356000,0.007926355573795618,0.22651301094257753,11682838626.604715
2012-10-11,18.958086013793945,22.43214225769043,23.114286422729492,22.43214225769043,23.08928680419922,546081200,-0.020189507367268433,0.22012644253981653,12373939864.056143
2012-10-12,19.006671905517578,22.489643096923828,22.692142486572266,22.332143783569336,22.484285354614258,460014800,0.002559527357001379,0.21362980236702334,10352468905.001577
2012-10-15,19.15910530090332,22.670000076293945,22.68321418762207,22.280357360839844,22.58392906188965,432502000,0.007988004808727744,0.20988342085753375,9750551664.950054
2012-10-16,19.612764358520508,23.206785202026367,23.225000381469727,22.53571319580078,22.69178581237793,549771600,0.023402521794184228,0.2303829080106803,12638790717.297363
2012-10-17,19.456401824951172,23.021785736083984,23.313928604125977,23.0,23.17392921447754,389037600,-0.008004438471671538,0.23029333678264996,8991399967.066956
2012-10-18,19.095117568969727,22.59428596496582,22.930713653564453,22.5,22.842500686645508,476624400,-0.018743480866140416,0.23568647955425695,10807458209.394073
2012-10-19,18.40693473815918,21.780000686645508,22.563213348388672,21.77214241027832,22.537500381469727,744086000,-0.03670519615980794,0.25824156716776087,16398503705.322266
2012-10-22,19.137065887451172,22.64392852783203,22.692142486572266,21.812856674194336,21.872142791748047,546730800,0.03889959530326159,0.3014465330308893,12237462318.109894
2012-10-23,18.513185501098633,21.90571403503418,22.639286041259766,21.8464298248291,22.53571319580078,707145600,-0.033143868855075365,0.3094608485238591,15649469177.4292
2012-10-24,18.617921829223633,22.02964210510254,22.376785278320312,21.808570861816406,22.194286346435547,558527200,0.005641448016658668,0.3100525548955553,12327625855.972797
2012-10-25,18.39788055419922,21.769285202026367,22.21428680419922,21.626785278320312,22.14285659790039,656325600,-0.011889185310202333,0.2940256714765492,14353919036.997986
2012-10-26,18.23067283630371,21.571428298950195,21.928571701049805,21.10714340209961,21.765356063842773,1018432800,-0.009129974509113126,0.288935678685954,21932677985.00061
2012-10-31,17.968679428100586,21.261428833007812,21.498571395874023,20.989286422729492,21.24571418762207,510003200,-0.014475285689190098,0.2899296731259362,10837446730.013021
2012-11-01,18.0054931640625,21.30500030517578,21.53571319580078,21.22035789489746,21.364999771118164,361298000,0.0020466766104658696,0.2896449594802665,7715045657.72883
2012-11-02,17.409685134887695,20.600000381469727,21.319643020629883,20.52678680419922,21.28178596496582,599373600,-0.03365021880645891,0.2956227132838795,12476247226.63269
2012-11-05,17.645719528198242,20.87928581237793,20.991785049438477,20.628570556640625,20.84000015258789,529135600,0.013466566003536684,0.30449188065289756,11023595087.246704
2012-11-06,17.592296600341797,20.816070556640625,21.097856521606445,20.717500686645508,21.07964324951172,374917200,-0.0030321212517390173,0.2997264396996819,7827199843.205261
2012-11-07,16.919160842895508,19.928571701049805,20.519285202026367,19.84821319580078,20.494285583496094,793648800,-0.03901435569147216,0.31650433307499504,15951301226.229858
2012-11-08,16.30516242980957,19.20535659790039,20.07964324951172,19.11750030517578,20.022499084472656,1056146000,-0.036964986219786944,0.3332863965051667,20560522308.71836
2012-11-09,16.587448120117188,19.537857055664062,19.817142486572266,19.06142807006836,19.30071449279785,929913600,0.017164500849294217,0.34035880534377677,18107410166.69922
2012-11-12,16.45919418334961,19.38678550720215,19.803571701049805,19.237499237060547,19.79107093811035,515802000,-0.007762034007688712,0.3373097653774792,10045735070.06836
2012-11-13,16.461307525634766,19.389286041259766,19.65999984741211,19.15571403503418,19.24678611755371,532949200,0.00012839064888758855,0.33653950811019673,10340102715.113068
2012-11-14,16.278783798217773,19.174285888671875,19.551786422729492,19.1492862701416,19.48214340209961,477170400,-0.011149976130692352,0.3321498757284655,9205469334.832764
2012-11-15,15.937370300292969,18.77214241027832,19.26785659790039,18.665000915527344,19.197500228881836,789910800,-0.02119596764994025,0.3141267512377581,14930630617.91153
2012-11-16,15.999829292297363,18.845714569091797,18.928571701049805,18.0625,18.757143020629883,1266893600,0.003911368086751743,0.3179421814153534,23579755723.40342
2012-11-19,17.153554916381836,20.20464324951172,20.26785659790039,19.281429290771484,19.311071395874023,823317600,0.06962738293423332,0.41785699294077927,16398820509.539795
2012-11-20,17.00739288330078,20.032499313354492,20.426786422729492,19.806428909301758,20.425357818603516,642754000,-0.008557310872125523,0.4023124657839243,12912009717.06009
2012-11-21,17.03135108947754,20.060714721679688,20.263214111328125,19.878570556640625,20.15178680419922,373002000,0.0014077023613014994,0.37174318155649283,7485217559.112549
2012-11-23,17.328493118286133,20.41071319580078,20.428571701049805,20.092857360839844,20.256071090698242,272826400,0.017296320367023554,0.3659602854283969,5541299005.484517
2012-11-26,17.875185012817383,21.054643630981445,21.071428298950195,20.489643096923828,20.56785774230957,630579600,0.031061291152030268,0.3839185818355898,13161397511.782837
2012-11-27,17.73116683959961,20.885000228881836,21.086429595947266,20.717857360839844,21.055356979370117,533330000,-0.008089509377141813,0.38291355707349095,11144692511.577606
2012-11-28,17.675371170043945,20.819286346435547,20.921428680419922,20.437856674194336,20.616785049438477,520864400,-0.003151718235024692,0.38203819850027476,10795534813.974762
2012-11-29,17.87003517150879,21.04857063293457,21.22321319580078,20.90178680419922,21.079286575317383,514698800,0.010953086075050855,0.3813245554217628,10838453665.495554
2012-11-30,17.746326446533203,20.902856826782227,21.014286041259766,20.809999465942383,20.956785202026367,391319600,-0.00694676361339841,0.38190358151163845,8182120082.425943
2012-12-03,17.773921966552734,20.93535614013672,21.2353572845459,20.91071319580078,21.201786041259766,364280000,0.0015537912488969852,0.36259570799290985,7659767363.103231
2012-12-04,17.46039581298828,20.566070556640625,20.7785701751709,20.43321418762207,20.7785701751709,557068400,-0.01779710513628796,0.36521420058267623,11471496931.800333
2012-12-05,16.336700439453125,19.24250030517578,20.33035659790039,19.241785049438477,20.318214416503906,1044638000,-0.06652108230507636,0.43085638214118394,20480003313.33033
2012-12-06,16.592910766601562,19.544286727905273,19.761070251464844,18.522499084472656,18.890714645385742,1177212400,0.015561404341593033,0.41560209733162173,22691889741.25697
2012-12-07,16.168716430664062,19.04464340209961,19.828571319580078,18.928571701049805,19.764286041259766,787040800,-0.025897251128697008,0.40515812692347064,15164121409.191387
2012-12-10,16.064720153808594,18.922143936157227,19.232500076293945,18.627857208251953,18.75,630484400,-0.006452717967486699,0.4004548199725485,11933493737.54476
2012-12-11,16.415529251098633,19.335357666015625,19.62714385986328,19.19178581237793,19.27750015258789,592345600,0.021602219556349223,0.40758593771453727,11482478741.98405
2012-12-12,16.343067169189453,19.25,19.571428298950195,19.15250015258789,19.563213348388672,487144000,-0.0044240112832900635,0.40785340597622743,9413883800.532024
2012-12-13,16.0607852935791,18.917499542236328,19.20142936706543,18.7785701751709,18.969642639160156,625259600,-0.017423176263095197,0.4105132351690535,11858569172.85258
2012-12-14,15.457391738891602,18.206785202026367,18.504642486572266,18.056428909301758,18.383928298950195,1009579200,-0.03829328617182792,0.4252788047367266,18430829616.607666
2012-12-17,15.731491088867188,18.52964210510254,18.571428298950195,17.901071548461914,18.176071166992188,757607200,0.017577186623853436,0.4300826081764574,13890006252.882385
2012-12-18,16.18842887878418,19.06785774230957,19.10357093811035,18.58035659790039,18.75,625685200,0.02863221502826896,0.3637082522271787,11836250707.407635
2012-12-19,15.958292007446289,18.796785354614258,19.060714721679688,18.76785659790039,18.98107147216797,449369200,-0.014318151068972718,0.3653804823045094,8481897076.132457
2012-12-20,15.819422721862793,18.633214950561523,18.935714721679688,18.531429290771484,18.928571701049805,481689600,-0.008740097944491598,0.36546061917352973,9007653156.25
2012-12-21,15.746647834777832,18.547500610351562,18.559642791748047,18.222856521606445,18.302499771118164,596268400,-0.00461096454138632,0.35737928542022956,10997176842.169445
2012-12-24,15.772112846374512,18.577499389648438,18.72321319580078,18.52535629272461,18.58392906188965,175753200,0.001615864113128307,0.33391404714966705,3270536749.586487
2012-12-26,15.55472183227539,18.321428298950195,18.552143096923828,18.25428581237793,18.53571319580078,302436400,-0.013879123504717317,0.33491336415699,5557556891.259257
2012-12-27,15.617178916931152,18.395000457763672,18.4375,18.023571014404297,18.340713500976562,455120400,0.004007273649270449,0.3367389889770029,8322039063.613893
2012-12-28,15.451316833496094,18.199642181396484,18.374286651611328,18.14714241027832,18.22464370727539,354278400,-0.010677289336216145,0.33113308866607766,6462164522.119141
2012-12-31,16.135967254638672,19.006071090698242,19.121429443359375,18.178571701049805,18.233213424682617,659492400,0.04335653966090858,0.37463314724711805,12377808904.301453
2013-01-02,16.64718246459961,19.608213424682617,19.821428298950195,19.343929290771484,19.779285430908203,560518000,0.03119020944741413,0.3944314046733065,10981214825.950623
2013-01-03,16.437063217163086,19.360713958740234,19.631071090698242,19.321428298950195,19.567142486572266,352965200,-0.012702243516492295,0.3924567358978802,6860845004.052225
2013-01-04,15.979202270507812,18.821428298950195,19.236785888671875,18.77964210510254,19.177499771118164,594333600,-0.028250718646864126,0.3321330312058938,11260215915.579224
2013-01-07,15.885214805603027,18.71071434020996,18.9035701751709,18.399999618530273,18.64285659790039,484156400,-0.005899228424659064,0.32681984119509605,9039891384.95051
2013-01-08,15.92796802520752,18.761070251464844,18.996070861816406,18.616071701049805,18.90035629272461,458707200,0.0026877691282676253,0.3154471662731569,8619599535.021973
2013-01-09,15.679025650024414,18.467857360839844,18.750356674194336,18.428213119506836,18.66071319580078,407604400,-0.015752685977086234,0.3191843620601357,7560576184.156799
2013-01-10,15.873392105102539,18.696786880493164,18.882856369018555,18.411428451538086,18.876785278320312,601146000,0.012320381606459208,0.31236658306367754,11219602929.599762
2013-01-11,15.77606201171875,18.582143783569336,18.761428833007812,18.536428451538086,18.60714340209961,350506800,-0.0061505263155021694,0.31261475618650075,6528773452.793884
2013-01-14,15.213603973388672,17.91964340209961,18.125,17.80392837524414,17.952856063842773,734207600,-0.036303702786296466,0.3308243280422209,13178676882.69043
2013-01-15,14.733619689941406,17.354286193847656,17.82107162475586,17.26357078552246,17.796428680419922,876772400,-0.032058089633822284,0.3229844183000216,15325668428.55606
2013-01-16,15.345195770263672,18.074642181396484,18.194286346435547,17.58928680419922,17.665714263916016,690804800,0.04067050971355668,0.3497527906439403,12401837890.266928
2013-01-17,15.241796493530273,17.952856063842773,18.241071701049805,17.929643630981445,18.225357055664062,453678400,-0.0067610224450112,0.3326793152216409,8184898424.388631
2013-01-18,15.160547256469727,17.85714340209961,17.93642807006836,17.72857093811035,17.804285049438477,472922800,-0.005344945189679873,0.33027701137505033,8437280483.555858
2013-01-22,15.305171012878418,18.02750015258789,18.13857078552246,17.736785888671875,18.020000457763672,461546400,0.009494267721336325,0.33200139828261505,8292889839.372253
2013-01-23,15.58534049987793,18.357500076293945,18.392499923706055,18.02750015258789,18.171785354614258,861509600,0.01814001490776551,0.3387099926041497,15730447415.151978
2013-01-24,13.659647941589355,16.08928680419922,16.633214950561523,16.08035659790039,16.428571701049805,1460852400,-0.13188468003667042,0.5664718843933964,23764590917.11502
2013-01-25,13.337639808654785,15.710000038146973,16.293928146362305,15.535714149475098,16.131786346435547,1208026400,-0.023855981920538394,0.5690023325360609,19143047662.003582
2013-01-28,13.639334678649902,16.065357208251953,16.186071395874023,15.566429138183594,15.636786460876465,785517600,0.022367775054288774,0.5772437856485431,12520589616.960144
2013-01-29,13.895247459411621,16.366785049438477,16.435714721679688,16.14714241027832,16.375,571158000,0.018588998276866775,0.5835937938511456,9319326576.347351
2013-01-30,13.851580619812012,16.315357208251953,16.52142906188965,16.23214340209961,16.321428298950195,417155200,-0.003147521981623047,0.5562724355058788,6823119723.736572
2013-01-31,13.810952186584473,16.267499923706055,16.402856826782227,16.249286651611328,16.320714950561523,319334400,-0.0029374361867384735,0.5385092362927005,5207241658.0078125
2013-02-01,13.75424861907959,16.200714111328125,16.40999984741211,16.012500762939453,16.396785736083984,539484400,-0.004114147245724009,0.5386531038917118,8743821940.06551
2013-02-04,13.411622047424316,15.79714298248291,16.283571243286133,15.785714149475098,16.211071014404297,477117200,-0.025226118836569444,0.537384860213628,7612632093.465678
2013-02-05,13.882205963134766,16.351428985595703,16.419286727905273,15.793571472167969,15.858928680419922,573347600,0.03448622548523783,0.5578665714227834,9281405834.538015
2013-02-06,13.86734676361084,16.33392906188965,16.66071319580078,16.163570404052734,16.302499771118164,593706400,-0.001070950662914072,0.557217478113468,9728515156.612652
2013-02-07,14.279678344726562,16.722143173217773,16.78571319580078,16.218570709228516,16.54464340209961,704580800,0.029300508929533287,0.5698839611615338,11678761923.977661
2013-02-08,14.485845565795898,16.963571548461914,17.100357055664062,16.72321319580078,16.928571701049805,633158400,0.014334573009573859,0.5706828382323411,10718768480.871582
2013-02-11,14.63680362701416,17.140356063842773,17.319286346435547,16.90178680419922,17.01785659790039,517490400,0.01036714841904196,0.5729645160610304,8859682182.92389
2013-02-12,14.269918441772461,16.71071434020996,17.22785758972168,16.704999923706055,17.125356674194336,609053200,-0.02538543709768737,0.5663548378983044,10281543165.629322
2013-02-13,14.24277400970459,16.67892837524414,16.915714263916016,16.54357147216797,16.686071395874023,475207600,-0.0019040250453126184,0.556519864933094,7942020132.043457
2013-02-14,14.229964256286621,16.663928985595703,16.84428596496582,16.5721435546875,16.59000015258789,355275200,-0.0008997908218422168,0.5348080237899926,5930769794.674683
2013-02-15,14.03386402130127,16.43428611755371,16.79142951965332,16.42571449279785,16.74464225769043,391745200,-0.013876632692474633,0.5358745613435592,6483569808.85493
2013-02-19,14.028677940368652,16.428213119506836,16.526071548461914,16.20892906188965,16.467857360839844,435783600,-0.0003696087830347139,0.5360086967000426,7141507422.255708
2013-02-20,13.688937187194824,16.030357360839844,16.346071243286133,16.0285701751709,16.346071243286133,476302400,-0.024515656724609425,0.5382272870137337,7685139030.192057
2013-02-21,13.60384750366211,15.930713653564453,16.041786193847656,15.8149995803833,15.928570747375488,447182400,-0.006235344629251571,0.5312535809093957,7123242894.706726
2013-02-22,13.748708724975586,16.100357055664062,16.128570556640625,15.949999809265137,16.04464340209961,330654800,0.010592251378747974,0.27587531087603917,5310197870.264563
2013-02-25,13.504424095153809,15.814286231994629,16.25428581237793,15.806071281433105,16.20892906188965,372579200,-0.017927566280730556,0.27002842646538167,5945698770.204671
2013-02-26,13.692596435546875,16.034643173217773,16.126428604125977,15.630714416503906,15.850713729858398,501499600,0.013837938086500579,0.2628912954002232,7989187219.833374
2013-02-27,13.558403968811035,15.8774995803833,16.158571243286133,15.737500190734863,16.015356063842773,587350400,-0.009848706427799225,0.2561449235588698,9353275348.246258
2013-02-28,13.461727142333984,15.764286041259766,15.995356559753418,15.764286041259766,15.858928680419922,322515200,-0.007155941518361519,0.25689792439817777,5109063116.949463
2013-03-01,13.128385543823242,15.373929023742676,15.649286270141602,15.356429100036621,15.64285659790039,552448400,-0.02507391124007352,0.26963765038714976,8540786779.33019
2013-03-04,12.810599327087402,15.001786231994629,15.29285717010498,14.964285850524902,15.278571128845215,582755600,-0.024503820719889546,0.28016536767887906,8791631490.656918
2013-03-05,13.148818016052246,15.397856712341309,15.542499542236328,15.026785850524902,15.052857398986816,638433600,0.026058969181590452,0.28629812324785486,9782322671.957397
2013-03-06,12.981694221496582,15.202142715454102,15.54464340209961,15.15821361541748,15.518214225769043,460250000,-0.012791641575789825,0.2577907564169541,7042592042.366664
2013-03-07,13.131741523742676,15.377857208251953,15.428929328918457,15.037857055664062,15.160714149475098,468473600,0.011492088216813912,0.26280770598357056,7159001741.5507
2013-03-08,13.166510581970215,15.418571472167969,15.551071166992188,15.307499885559082,15.350000381469727,391482000,0.0026442121207241875,0.23677065633294753,6038889436.620712
2013-03-11,13.354070663452148,15.638214111328125,15.678929328918457,15.183570861816406,15.348214149475098,474236000,0.014144728343881585,0.23658567845878506,7350770915.917714
2013-03-12,13.066169738769531,15.301071166992188,15.674285888671875,15.270357131958008,15.557143211364746,465911600,-0.021794829769743007,0.23802397924271562,7182138230.099233
2013-03-13,13.063729286193848,15.298213958740234,15.51785659790039,15.191429138183594,15.301786422729492,405549200,-0.00018679387780640155,0.2274646939281153,6219434898.412068
2013-03-14,13.190299987792969,15.446429252624512,15.522856712341309,15.373213768005371,15.458213806152344,303875600,0.009642076717402137,0.23252255757570714,4694118303.952153
2013-03-15,13.530654907226562,15.845000267028809,15.865357398986816,15.616070747375488,15.64035701751709,643960800,0.025476135044515402,0.2536678087652479,10158788234.07669
2013-03-18,13.898458480834961,16.275714874267578,16.33785629272461,15.757143020629883,15.766071319580078,606197200,0.026820088234315254,0.269304775152866,9774063834.178925
2013-03-19,13.860944747924805,16.231786727905273,16.463214874267578,16.01785659790039,16.41071319580078,526775200,-0.002702778257697158,0.2694131621815354,8553575206.971741
2013-03-20,13.787444114685059,16.145713806152344,16.343929290771484,16.056785583496094,16.336429595947266,308660800,-0.005316823830254336,0.25578424085534507,4994793171.213786
2013-03-21,13.807267189025879,16.168928146362305,16.356428146362305,16.075000762939453,16.079286575317383,383255600,0.0014367302148978744,0.2546670536663455,6208786334.527588
2013-03-22,14.087237358093262,16.49678611755371,16.503570556640625,16.1825008392334,16.235000610351562,395105200,0.02007417412418544,0.2613142314007181,6477467584.80479
2013-03-25,14.13817024230957,16.556428909301758,16.7839298248291,16.492143630981445,16.596071243286133,501135600,0.003609013568249164,0.25188758537824574,8324280324.080658
2013-03-26,14.063752174377441,16.46928596496582,16.637142181396484,16.447500228881836,16.62285614013672,294294000,-0.005277529634953648,0.24951937616955683,4861141265.7547
2013-03-27,13.787444114685059,16.145713806152344,16.314285278320312,16.09749984741211,16.302143096923828,331237200,-0.01984238827237883,0.2574344431926229,5361349995.0668335
2013-03-28,13.500154495239258,15.809286117553711,16.136428833007812,15.772143363952637,16.065000534057617,442839600,-0.021057201768709177,0.2671813297345402,7043785762.952042
2013-04-01,13.08081340789795,15.318214416503906,15.846428871154785,15.276429176330566,15.782142639160156,389732000,-0.03155459822702422,0.2756932612896102,6033190684.511821
2013-04-02,13.107650756835938,15.349642753601074,15.647856712341309,15.228570938110352,15.271429061889648,529519200,0.0020495557252813157,0.2610966266282148,8159197273.165894
2013-04-03,13.1747407913208,15.428214073181152,15.617142677307129,15.368213653564453,15.406070709228516,363216000,0.005105332981878874,0.2455039379978631,5619383795.959473
2013-04-04,13.044519424438477,15.275713920593262,15.535714149475098,15.1875,15.491429328918457,358447600,-0.009933341869148293,0.24380630149440505,5496068456.429544
2013-04-05,12.906671524047852,15.114286422729492,15.176786422729492,14.988571166992188,15.160714149475098,383695200,-0.010623727994806487,0.24295252550890128,5791194021.762085
2013-04-08,12.998464584350586,15.221785545349121,15.26785659790039,15.088929176330566,15.173213958740234,300829200,0.007086891503144344,0.24424371975210415,4570455049.07074
2013-04-09,13.021950721740723,15.249285697937012,15.303570747375488,15.098214149475098,15.227143287658691,306614000,0.001805208986241702,0.23849421196338613,4665752453.1167345
2013-04-10,13.287585258483887,15.560357093811035,15.609286308288574,15.214642524719238,15.289285659790039,375928000,0.0201937095140301,0.23717948942190076,5812383946.632385
2013-04-11,13.24610710144043,15.511786460876465,15.642499923706055,15.399999618530273,15.489999771118164,328364400,-0.0031264544916891346,0.23755763165644314,5095590063.61351
2013-04-12,13.107949256896973,15.350000381469727,15.505356788635254,15.3246431350708,15.505356788635254,238613200,-0.010484845924781272,0.23820943972788539,3673052549.6063232
2013-04-15,12.804498672485352,14.994643211364746,15.28178596496582,14.983928680419922,15.25,317520000,-0.023422291707507092,0.23148669646298434,4790356275.558472
2013-04-16,12.999380111694336,15.222857475280762,15.23607063293457,15.020357131958008,15.056071281433105,305771200,0.015105104642494815,0.21563133544794957,4635418541.010031
2013-04-17,12.284514427185059,14.385713577270508,15.021429061889648,14.21821403503418,15.009642601013184,945056000,-0.05656219308349142,0.2834604688701046,13742801692.362469
2013-04-18,11.956661224365234,14.001786231994629,14.492500305175781,13.919285774230957,14.463929176330566,666299200,-0.027050931818127122,0.2925915274757597,9420043100.076294
2013-04-19,11.91030216217041,13.947500228881836,14.271429061889648,13.753570556640625,13.856071472167969,609274400,-0.0038847942024973214,0.2912058202738698,8524256553.677368
2013-04-22,12.15855598449707,14.238213539123535,14.364286422729492,13.973929405212402,14.022856712341309,429920400,0.020629364706922004,0.29187113443079055,6101491848.020172
2013-04-23,12.386073112487793,14.504643440246582,14.585000038146973,14.243213653564453,14.428214073181152,664238400,0.018539587119688505,0.30329014418583133,9594449229.586792
2013-04-24,12.365638732910156,14.480713844299316,14.83035659790039,14.01785659790039,14.055000305175781,969651200,-0.001651149168815813,0.30375084270018593,14004648699.715168
2013-04-25,12.454690933227539,14.585000038146973,14.783571243286133,14.535714149475098,14.686785697937012,384837600,0.00717577756913812,0.3031059492717237,5632006611.64856
2013-04-26,12.723682403564453,14.899999618530273,14.956070899963379,14.58035659790039,14.63607120513916,764097600,0.021367679419707297,0.31038619362108305,11317922437.40387
2013-04-29,13.117715835571289,15.361429214477539,15.486429214477539,15.0,15.016071319580078,640326400,0.0304986573092787,0.3126013399626753,9785864711.84082
2013-04-30,13.503813743591309,15.813570976257324,15.901785850524902,15.431071281433105,15.539285659790039,691538400,0.029008474613573476,0.32820100031701027,10867855153.22342
2013-05-01,13.39737606048584,15.688928604125977,15.89035701751709,15.51392936706543,15.873571395874023,506909200,-0.007913273673507248,0.3294816391194727,7957327978.45141
2013-05-02,13.58737850189209,15.911429405212402,16.02107048034668,15.736785888671875,15.777856826782227,421828400,0.01408243910360163,0.33006548837641814,6702752849.095535
2013-05-03,13.72339916229248,16.070714950561523,16.186786651611328,16.04107093811035,16.118213653564453,361300800,0.009961033461589608,0.32779088806569245,5816770965.887451
2013-05-06,14.050644874572754,16.453929901123047,16.507143020629883,16.225357055664062,16.27535629272461,496641600,0.023565949306679546,0.33521098948226336,8142675760.757445
2013-05-07,13.988118171691895,16.380714416503906,16.633928298950195,16.203571319580078,16.60607147216797,483753200,-0.004460026030763675,0.33640112275131856,7936489512.577566
2013-05-08,14.146102905273438,16.56571388244629,16.620357513427734,16.278928756713867,16.394285202026367,472598000,0.01123090585943709,0.3322266588565041,7792353380.704245
2013-05-09,14.022685050964355,16.313213348388672,16.53571319580078,16.270713806152344,16.421785354614258,398487600,-0.008762794070930724,0.3341309981912912,6524522532.023621
2013-05-10,13.906024932861328,16.177499771118164,16.418214797973633,16.088571548461914,16.35607147216797,334852000,-0.0083541843979833,0.33313954171937743,5434010191.678365
2013-05-13,13.960367202758789,16.240713119506836,16.35357093811035,16.125,16.125356674194336,316948800,0.003900206278522056,0.31899246769357636,5147172872.973633
2013-05-14,13.626352310180664,15.852143287658691,16.257143020629883,15.791070938110352,16.20892906188965,447118000,-0.024216813163340234,0.331026514708871,7139037310.431799
2013-05-15,13.165552139282227,15.316070556640625,15.75,15.084285736083984,15.684286117553711,741613600,-0.03440185574079235,0.2873237398714102,11408577290.51005
2013-05-16,13.341458320617676,15.520713806152344,15.637499809265137,14.960714340209961,15.115714073181152,603204000,0.013272621892480352,0.2664788234048482,9273040606.182098
2013-05-17,13.300933837890625,15.473570823669434,15.717499732971191,15.393214225769043,15.680356979370117,427904400,-0.003042107761082047,0.2661214167772591,6644540143.0820465
2013-05-20,13.597805976867676,15.818928718566895,15.921428680419922,15.360713958740234,15.4253568649292,451578400,0.02207420835927465,0.267199689525832,7089942147.336069
2013-05-21,13.497413635253906,15.702142715454102,15.90999984741211,15.507143020629883,15.648214340209961,456022000,-0.007410369981060594,0.2664404241506401,7162476950.119019
2013-05-22,13.549298286437988,15.762499809265137,16.012500762939453,15.650713920593262,15.858928680419922,443038400,0.0038366744896585203,0.2655720305552957,7003804222.58199
2013-05-23,13.573549270629883,15.790714263916016,15.934286117553711,15.563928604125977,15.569643020629883,353021200,0.0017882333780261384,0.2655602635272312,5564664819.069925
2013-05-24,13.6659574508667,15.898214340209961,15.916428565979004,15.727143287658691,15.744643211364746,276166800,0.0067848904666463206,0.25844941487802436,4376487653.146362
2013-05-28,13.552061080932617,15.765713691711426,16.11107063293457,15.744643211364746,16.06785774230957,386145200,-0.008369237798460105,0.24187930799773663,6129595220.059459
2013-05-29,13.659818649291992,15.891071319580078,15.98214340209961,15.692856788635254,15.714285850524902,330576400,0.007919932962214826,0.22198769102574314,5241406894.007492
2013-05-30,13.86335563659668,16.127857208251953,16.23214340209961,15.875356674194336,15.916070938110352,353519600,0.014790495866161546,0.2249278876972138,5684048071.029917
2013-05-31,13.806564331054688,16.061786651611328,16.325000762939453,16.053571701049805,16.16071319580078,384302800,-0.00410491865206053,0.2210909603012981,6205255213.710277
2013-06-03,13.83695125579834,16.097143173217773,16.15571403503418,15.802857398986816,16.09749984741211,372352400,0.002198485709053344,0.2186560587381661,5964553555.906805
2013-06-04,13.79366683959961,16.046785354614258,16.229642868041992,15.978214263916016,16.18642807006836,292728800,-0.0031330787792436254,0.20190299135845952,4708507863.174438
2013-06-05,13.664729118347168,15.896785736083984,16.097143173217773,15.846785545349121,15.916070938110352,290589600,-0.009391566000943374,0.2037044439067603,4634004692.363739
2013-06-06,13.460577011108398,15.659285545349121,15.964285850524902,15.501786231994629,15.909643173217773,416934000,-0.015052804278011145,0.2038415191900385,6549387952.40593
2013-06-07,13.563420295715332,15.778928756713867,15.829999923706055,15.456070899963379,15.589285850524902,404535600,0.007611293024493371,0.2053526874875436,6346489281.416702
2013-06-10,13.473774909973145,15.674642562866211,16.038570404052734,15.600000381469727,15.883213996887207,450153200,-0.006631288013814185,0.20473112415101682,7099398130.3532915
2013-06-11,13.434172630310059,15.628570556640625,15.812856674194336,15.475713729858398,15.562143325805664,286112400,-0.002943539874087353,0.203790429692773,4474525267.134094
2013-06-12,13.268086433410645,15.435357093811035,15.758929252624512,15.410714149475098,15.696429252624512,265227200,-0.012440021525871536,0.19124293467721537,4120304595.8429976
2013-06-13,13.383827209472656,15.569999694824219,15.612142562866211,15.3125,15.446429252624512,285832400,0.00868541788043542,0.15129213779049464,4429891727.885692
2013-06-14,13.202390670776367,15.358928680419922,15.581786155700684,15.303570747375488,15.550000190734863,271866000,-0.013649128754427586,0.1520466906586178,4190749648.147583
2013-06-17,13.262255668640137,15.428570747375488,15.560713768005371,15.369999885559082,15.408571243286133,259414400,0.004524156431613857,0.15271973255882895,4008755315.7663984
2013-06-18,13.255195617675781,15.420356750488281,15.532142639160156,15.364643096923828,15.412857055664062,195025600,-0.0005324833865021361,0.12954674078452,3011009501.2430825
2013-06-19,12.985960960388184,15.10714340209961,15.416428565979004,15.10714340209961,15.407142639160156,310940000,-0.02052074986401875,0.14445237278150527,4729471545.7344055
2013-06-20,12.796850204467773,14.8871431350708,15.213570594787598,14.827500343322754,14.975000381469727,357310800,-0.014669784929663976,0.14925159207466807,5351112037.686539
2013-06-21,12.694307327270508,14.76785659790039,15.0,14.574999809265137,14.946070671081543,481118400,-0.008045411840623018,0.14927314442026268,7111388042.015076
2013-06-24,12.357844352722168,14.376428604125977,14.595000267028809,14.216071128845215,14.550000190734863,480746000,-0.026862619327251647,0.1650518626373551,6920739291.666667
2013-06-25,12.36060619354248,14.379643440246582,14.563928604125977,14.243928909301758,14.489286422729492,314162800,0.0002234639122411508,0.1655386165440262,4522635408.202997
2013-06-26,12.220616340637207,14.21678638458252,14.456786155700684,14.130714416503906,14.425000190734863,367724000,-0.011390106099646413,0.1605410509110448,5246721205.632527
2013-06-27,12.088912963867188,14.063570976257324,14.335356712341309,14.055000305175781,14.258929252624512,337246000,-0.01083564093222611,0.14313583133277136,4772472466.729483
2013-06-28,12.173335075378418,14.161786079406738,14.295356750488281,13.888214111328125,13.977143287658691,578516400,0.006959161582016371,0.1507248371195145,8165827818.117142
2013-07-01,12.562911033630371,14.614999771118164,14.723929405212402,14.329285621643066,14.381786346435547,391053600,0.03150099421696906,0.19816031352182314,5692204200.773621
2013-07-02,12.847505569458008,14.946070671081543,15.05821418762207,14.623929023742676,14.64142894744873,469865200,0.022400769010358257,0.21946153787638384,6989748213.839468
2013-07-03,12.918417930603027,15.028571128845215,15.106429100036621,14.908928871154785,15.03071403503418,240928800,0.005504366275630446,0.22051690902465096,3617459928.452301
2013-07-05,12.814656257629395,14.907856941223145,15.117500305175781,14.833929061889648,15.01392936706543,274024800,-0.008064503647686738,0.21692381070483163,4097518986.2571716
2013-07-08,12.74189567565918,14.823213577270508,15.035714149475098,14.666070938110352,15.003929138183594,298138400,-0.0056940997949714856,0.2140060168746631,4424870620.64743
2013-07-09,12.966004371643066,15.083929061889648,15.125,14.656429290771484,14.771429061889648,352584400,0.017435447692469186,0.22495470188445266,5272941818.519339
2013-07-10,12.91627025604248,15.026070594787598,15.171428680419922,14.9375,14.985713958740234,281405600,-0.0038431071092639435,0.22502775556952342,4233747184.013112
2013-07-11,13.117658615112305,15.260356903076172,15.29464340209961,15.041786193847656,15.10535717010498,326292400,0.015471531570673935,0.2293369508459174,4959294966.351318
2013-07-12,13.093710899353027,15.232500076293945,15.349642753601074,15.121786117553711,15.273214340209961,279563200,-0.0018272774651775237,0.22686195641201268,4259045543.0404663
2013-07-15,13.122262954711914,15.265713691711426,15.409285545349121,15.171428680419922,15.178929328918457,241917200,0.0021782190359909137,0.22239151781983435,3697013157.2662354
2013-07-16,13.206998825073242,15.364286422729492,15.382499694824219,15.14892864227295,15.232856750488281,216538000,0.00643665315222286,0.22301228730183523,3312722094.221115
2013-07-17,13.210370063781738,15.368213653564453,15.436429023742676,15.293571472167969,15.346428871154785,198990400,0.00025522895493335085,0.22301453207567357,3057700690.9632363
2013-07-18,13.254886627197266,15.420000076293945,15.531070709228516,15.378929138183594,15.477856636047363,218878800,0.003364154439923439,0.2105106779009903,3380218262.4336243
2013-07-19,13.04582405090332,15.176786422729492,15.499285697937012,15.155357360839844,15.467857360839844,268721600,-0.01589820003443121,0.21170416395027214,4105298353.519185
2013-07-22,13.087573051452637,15.225357055664062,15.348214149475098,15.195357322692871,15.337857246398926,207796400,0.0031950714942992064,0.20923477723858677,3170206193.3135986
2013-07-23,12.862854957580566,14.963929176330566,15.248571395874023,14.95392894744873,15.214285850524902,369395600,-0.017319460861207503,0.1950444507395335,5561426777.42335
2013-07-24,13.523510932922363,15.732500076293945,15.878213882446289,15.545000076293945,15.676071166992188,591936800,0.05008602419765751,0.2560614325975728,9304400822.537739
2013-07-25,13.461803436279297,15.660714149475098,15.764286041259766,15.564642906188965,15.739286422729492,229493600,-0.004573421184268511,0.2517832162047464,3594607452.3427324
2013-07-26,13.538244247436523,15.749643325805664,15.751428604125977,15.5121431350708,15.546428680419922,200152400,0.0056622874364133935,0.24522867786749442,3136602608.992131
2013-07-29,13.747001647949219,15.992500305175781,16.07107162475586,15.721428871154785,15.742856979370117,248057600,0.015302150823725658,0.24747344969113694,3951144204.9051924
2013-07-30,13.916770935058594,16.190000534057617,16.326786041259766,16.043928146362305,16.06999969482422,309422400,0.012273916573944277,0.23097724080637977,5008590964.96582
2013-07-31,13.89251708984375,16.161785125732422,16.33357048034668,16.051071166992188,16.249643325805664,322957600,-0.0017442986201334776,0.22318730885627902,5226145826.402283
2013-08-01,14.019925117492676,16.309999465942383,16.314285278320312,16.187856674194336,16.27678680419922,206250800,0.009129184151735359,0.22386488611159688,3355847739.089966
2013-08-02,14.199822425842285,16.519285202026367,16.530357360839844,16.30928611755371,16.357500076293945,274783600,0.012749918834820573,0.22119082552078814,4521008038.316345
2013-08-05,14.411958694458008,16.766071319580078,16.809642791748047,16.50535774230957,16.596071243286133,318855600,0.014828867523050793,0.21992731689750564,5322876738.178253
2013-08-06,14.28302001953125,16.616071701049805,16.853214263916016,16.506071090698242,16.71500015258789,334857600,-0.00898690631669341,0.2218464626738397,5578209374.267578
2013-08-07,14.27473258972168,16.606428146362305,16.678571701049805,16.491785049438477,16.564285278320312,298858000,-0.0005803979154528349,0.2205211870261554,4958730126.9009905
2013-08-08,14.246298789978027,16.464643478393555,16.575000762939453,16.355356216430664,16.566429138183594,255777200,-0.001993883656250972,0.2183396065294437,4211371637.0285034
2013-08-09,14.043580055236816,16.230356216430664,16.44499969482422,16.201786041259766,16.3799991607666,266865200,-0.014331783158751499,0.22675997032375078,4347869420.86207
2013-08-12,14.44252872467041,16.691429138183594,16.737499237060547,16.30821418762207,16.316429138183594,364434000,0.02801188178751879,0.24196492566627972,6041968604.251862
2013-08-13,15.128874778747559,17.484643936157227,17.66642951965332,16.7160701751709,16.819286346435547,881941200,0.04642791725623585,0.2816855500536266,15247923631.49338
2013-08-14,15.404829025268555,17.803571701049805,18.008928298950195,17.621429443359375,17.781429290771484,756372400,0.01807587850890391,0.2832175543160572,13471983151.501465
2013-08-15,15.386595726013184,17.782499313354492,17.94285774230957,17.46714210510254,17.729286193847656,490294000,-0.0011843103418436307,0.28452585975677064,8693321061.1763
2013-08-16,15.523179054260254,17.940357208251953,17.962142944335938,17.816429138183594,17.862499237060547,362306000,0.008837606756060268,0.27151601048670615,6487563465.207418
2013-08-19,15.690367698669434,18.13357162475586,18.347856521606445,18.0,18.012142181396484,510518400,0.010712671945224184,0.27084278500774567,9271257175.665283
2013-08-20,15.484253883361816,17.895357131958008,18.234643936157227,17.886428833007812,18.203929901123047,358688400,-0.013223372616523843,0.26614426873516595,6458355604.981995
2013-08-21,15.524115562438965,17.941429138183594,18.112499237060547,17.899999618530273,17.9853572845459,335879600,0.002571028515677476,0.22133621432395548,6040674584.325918
2013-08-22,15.54265308380127,17.96285629272461,18.056785583496094,17.792856216430664,18.03499984741211,244207600,0.0011933988869898826,0.21845065692017462,4380473669.736989
2013-08-23,15.482705116271973,17.893571853637695,17.97678565979004,17.83392906188965,17.973928451538086,222731600,-0.0038644544728847485,0.22174989788728672,3987213891.9263206
2013-08-26,15.542963027954102,17.963214874267578,18.2214298248291,17.875,17.883928298950195,330965600,0.003884395795696438,0.21968468884122083,5963960914.541117
2013-08-27,15.098589897155762,17.449642181396484,17.946786880493164,17.367856979370117,17.78571319580078,424188800,-0.02900664263763275,0.2495549281405293,7460673059.566244
2013-08-28,15.16996955871582,17.532142639160156,17.707143783569336,17.35714340209961,17.35714340209961,307608000,0.0047164315158436665,0.24865599823619552,5393027528.518677
2013-08-29,15.194698333740234,17.560714721679688,17.73214340209961,17.54035758972168,17.558929443359375,239657600,0.0016287864948170139,0.24821164026897347,4220627226.059977
2013-08-30,15.056253433227539,17.400714874267578,17.605356216430664,17.375,17.571428298950195,272297200,-0.009153157768880149,0.25006972771228897,4754406330.332692
2013-09-03,15.09827995300293,17.44928550720215,17.878570556640625,17.405357360839844,17.610713958740234,331928800,0.0027874115276853573,0.24629105489607836,5834557417.399597
2013-09-04,15.410701751708984,17.81035614013672,17.937143325805664,17.724285125732422,17.841428756713867,345032800,0.020481360081921363,0.25030524655130476,6149839852.887471
2013-09-05,15.305010795593262,17.688213348388672,17.88142967224121,17.6299991607666,17.866071701049805,236367600,-0.006881909256414076,0.2526332504102096,4191557247.7584844
2013-09-06,15.3961763381958,17.79357147216797,17.834999084472656,17.498214721679688,17.801429748535156,359525600,0.005938911102093769,0.25195568155019177,6366813117.753092
2013-09-09,15.641847610473633,18.077499389648438,18.139999389648438,17.981428146362305,18.03571319580078,340687200,0.015830672938889734,0.2460247023666757,6154960219.102478
2013-09-10,15.285544395446777,17.665714263916016,18.123214721679688,17.48214340209961,18.078571319580078,743195600,-0.023042290773667595,0.25024543821295236,13196942201.938883
2013-09-11,14.453344345092773,16.703929901123047,16.917499542236328,16.600357055664062,16.67892837524414,898696400,-0.05598174068154682,0.27507027650891774,15044712909.413656
2013-09-12,14.607244491577148,16.881786346435547,16.97857093811035,16.643213272094727,16.73214340209961,404051200,0.010591773355258294,0.26924758700331064,6802009429.2317705
2013-09-13,14.366511344909668,16.60357093811035,16.851070404052734,16.5964298248291,16.762142181396484,298835600,-0.01661770657801176,0.2734450175763375,4985680627.61027
2013-09-16,13.909773826599121,16.075714111328125,16.48607063293457,15.972143173217773,16.46428680419922,543706800,-0.032308151090814974,0.286909885226507,8796075546.481323
2013-09-17,14.070470809936523,16.261428833007812,16.418214797973633,15.98214340209961,15.998571395874023,399380800,0.011486586504634744,0.2874724171091566,6478194478.233846
2013-09-18,14.359712600708008,16.595714569091797,16.655357360839844,16.4521427154541,16.542142868041992,456862000,0.02034821700374323,0.29925502255263126,7569170016.440074
2013-09-19,14.595187187194824,16.867856979370117,16.993928909301758,16.758928298950195,16.810714721679688,404541200,0.01626528011532047,0.3065722436932427,6826054820.7725525
2013-09-20,14.444071769714355,16.693214416503906,17.0910701751709,16.64285659790039,17.071428298950195,699302800,-0.010407757428559705,0.3071591075709144,11754613676.621754
2013-09-23,15.16193675994873,17.522857666015625,17.74678611755371,17.235713958740234,17.717857360839844,762106800,0.04850405444004613,0.35624572669599386,13338230057.282257
2013-09-24,15.114351272583008,17.467857360839844,17.695356369018555,17.422143936157227,17.674285888671875,364344400,-0.003143418803361442,0.35584955179839245,6386393529.203288
2013-09-25,14.880411148071289,17.197500228881836,17.48714256286621,17.19392967224121,17.4714298248291,316957200,-0.01559904792298239,0.3456190951937318,5481095689.394379
2013-09-26,15.025341033935547,17.364999771118164,17.448570251464844,17.282142639160156,17.35714340209961,237221600,0.009692517987785365,0.34703262643548044,4119409436.919657
2013-09-27,14.918119430541992,17.241071701049805,17.309642791748047,17.16857147216797,17.277856826782227,228040400,-0.007161634627669056,0.34769192412513267,3931362219.7217307
2013-09-30,14.732701301574707,17.02678680419922,17.2021427154541,16.943214416503906,17.04464340209961,260156400,-0.012506941889875556,0.34888431609817333,4437586915.570831
2013-10-01,15.079119682312012,17.427143096923828,17.46928596496582,17.084999084472656,17.087499618530273,353883600,0.023241382959097834,0.3587822519035234,6131791641.858673
2013-10-02,15.128561019897461,17.484285354614258,17.564285278320312,17.27678680419922,17.343929290771484,289184000,0.0032734311661517523,0.3512265777608147,5043885388.366699
2013-10-03,14.93851375579834,17.2646427154541,17.58392906188965,17.169286727905273,17.518213272094727,322753200,-0.0126417216516157,0.35301842640159176,5596310096.572113
2013-10-04,14.926773071289062,17.25107192993164,17.30714225769043,17.092857360839844,17.28071403503418,258868400,-0.0007862429168734586,0.3520674831924448,4456943416.678619
2013-10-07,15.072632789611816,17.41964340209961,17.594642639160156,17.33392906188965,17.37714385986328,312292400,0.009724250432462167,0.34888905322586694,5449316576.759592
2013-10-08,14.862184524536133,17.176429748535156,17.522857666015625,17.16214370727539,17.49785614013672,290917200,-0.014060665881580725,0.34335604069216247,5029127443.318176
2013-10-09,15.036779403686523,17.37821388244629,17.421070098876953,17.08142852783203,17.308570861816406,301725200,0.011679124678382724,0.28219603329213383,5217906119.322458
2013-10-10,15.131033897399902,17.48714256286621,17.584999084472656,17.394285202026367,17.547143936157227,278602800,0.006248699530378321,0.280922974094572,4872431142.076111
2013-10-11,15.228996276855469,17.600357055664062,17.637142181396484,17.3271427154541,17.392499923706055,267738800,0.006453400663609443,0.27313647073485875,4691198052.931976
2013-10-14,15.328811645507812,17.715713500976562,17.770713806152344,17.47678565979004,17.493928909301758,261898000,0.006532911255073159,0.24121672301838973,4623653183.20338
2013-10-15,15.410396575927734,17.809999465942383,17.928571701049805,17.6971435546875,17.768213272094727,320073600,0.0053082123261689595,0.24002136405351623,5701120526.513672
2013-10-16,15.485483169555664,17.896785736083984,17.947500228881836,17.82964324951172,17.885356903076172,251101200,0.004860631390190218,0.23305557324383358,4492529344.823456
2013-10-17,15.59024429321289,18.01785659790039,18.027856826782227,17.845714569091797,17.856428146362305,253593200,0.006742337449365365,0.22891644787327758,4555499892.503611
2013-10-18,15.725905418395996,18.17464256286621,18.187856674194336,18.061071395874023,18.07107162475586,290542000,0.008664026392274593,0.22398586852639255,5270777686.278026
2013-10-21,16.111255645751953,18.6200008392334,18.725000381469727,18.268571853637695,18.27750015258789,398106800,0.02420875695443936,0.17361366706145895,7380047204.397329
2013-10-22,16.065214157104492,18.56678581237793,18.873214721679688,18.14392852783203,18.800357818603516,534063600,-0.002861813017572601,0.17349005460683165,9895117752.31247
2013-10-23,16.22250747680664,18.748571395874023,18.773929595947266,18.53571319580078,18.53571319580078,313723200,0.00974330526204703,0.1608607732227126,5862254113.742065
2013-10-24,16.437280654907227,18.99678611755371,19.016786575317383,18.6589298248291,18.75,384764800,0.013152337256567836,0.16275162128857834,7268528032.240804
2013-10-25,16.25341033935547,18.784286499023438,19.043928146362305,18.753929138183594,18.9757137298584,337792000,-0.011249211866795505,0.1669980800821709,6370998504.313151
2013-10-28,16.374547958374023,18.924285888671875,18.96428680419922,18.686071395874023,18.894285202026367,550440800,0.007425421750794747,0.1555919439833965,10380330783.97471
2013-10-29,15.96663761138916,18.452856063842773,19.258928298950195,18.376428604125977,19.15250015258789,635807200,-0.02522677954367225,0.1743385121968087,11887096546.500141
2013-10-30,16.220651626586914,18.746429443359375,18.84000015258789,18.46500015258789,18.5575008392334,354163600,0.01578382614471119,0.17999397652486648,6617125381.629436
2013-10-31,16.152664184570312,18.667856216430664,18.83892822265625,18.616785049438477,18.75,275696400,-0.004200221093521694,0.172685327768481,5157688687.712097
2013-11-01,16.070154190063477,18.572500228881836,18.742856979370117,18.4228572845459,18.71500015258789,274890000,-0.005121226447647231,0.17480810492487636,5107292593.975067
2013-11-04,16.277820587158203,18.8125,18.815000534057617,18.528928756713867,18.610713958740234,244627600,0.012839706440587406,0.17648731496292053,4579137507.32371
2013-11-05,16.237642288208008,18.766071319580078,18.88892936706543,18.678571701049805,18.735000610351562,265213200,-0.0024713361487909147,0.16590898560926678,4980135666.7907715
2013-11-06,16.191648483276367,18.604286193847656,18.7450008392334,18.507143020629883,18.719642639160156,223375600,-0.0028365613108771726,0.16551322874037355,4158987859.0352373
2013-11-07,15.92961311340332,18.303213119506836,18.68535614013672,18.299285888671875,18.556428909301758,262620400,-0.016315746625010785,0.17899679188661108,4839906211.3975525
2013-11-08,16.18045425415039,18.591428756713867,18.611785888671875,18.306785583496094,18.377857208251953,279316800,0.01562414931587286,0.1842380403682208,5168291877.310181
2013-11-11,16.13352394104004,18.537500381469727,18.631071090698242,18.37178611755371,18.57107162475586,227452400,-0.002904646764485541,0.1848695240803683,4210929210.2134705
2013-11-12,16.16336441040039,18.571786880493164,18.711429595947266,18.46428680419922,18.48821449279785,204276800,0.001847885624580936,0.18460842728622848,3795973859.38619
2013-11-13,16.182632446289062,18.593929290771484,18.65178680419922,18.46285629272461,18.5,197220800,0.0011913708056714434,0.18442489370298357,3662296404.386393
2013-11-14,16.416683197021484,18.862857818603516,18.902856826782227,18.638214111328125,18.671785354614258,282419200,0.014359489932434855,0.18862296599762374,5309850812.109375
2013-11-15,16.31815528869629,18.749643325805664,18.89607048034668,18.731786727905273,18.806428909301758,317920400,-0.006019776508350727,0.18949727147967382,5974519173.595938
2013-11-18,16.120460510253906,18.522499084472656,18.828214645385742,18.507143020629883,18.749643325805664,244944000,-0.012189005062245073,0.17679828176739487,4560682287.963867
2013-11-19,16.149065017700195,18.555356979370117,18.692142486572266,18.49892807006836,18.536785125732422,208938800,0.0017728500478573217,0.17657058824129934,3882530557.887014
2013-11-20,16.00763511657715,18.39285659790039,18.586429595947266,18.368928909301758,18.543928146362305,193916800,-0.008796351147279946,0.17567307598618745,3577649586.171468
2013-11-21,16.198490142822266,18.61214256286621,18.614643096923828,18.34535789489746,18.485713958740234,262026800,0.011852233629866316,0.17443771005872777,4853796981.591797
2013-11-22,16.15683364868164,18.564285278320312,18.648571014404297,18.51892852783203,18.554285049438477,223725600,-0.0025749405214039456,0.17038231210421567,4156208999.349976
2013-11-25,16.279298782348633,18.704999923706055,18.781070709228516,18.60714340209961,18.60785675048828,229311600,0.007551190996355039,0.1704546862393462,4287608219.838714
2013-11-26,16.57956886291504,19.049999237060547,19.147857666015625,18.71428680419922,18.718570709228516,401382800,0.01827685861660555,0.15611756804426424,7614518531.742859
2013-11-27,16.969953536987305,19.498571395874023,19.5,19.049999237060547,19.153928756713867,363448400,0.023273195366264154,0.16633562550854605,7032553372.942352
2013-11-29,17.284212112426758,19.859643936157227,19.940357208251953,19.56464385986328,19.624286651611328,318127600,0.018349148885981048,0.17344784222017906,6295177346.687062
2013-12-02,17.133764266967773,19.686786651611328,20.15464210510254,19.672143936157227,19.928571701049805,472544800,-0.008742454933041266,0.17611755787091632,9374276435.146076
2013-12-03,17.602802276611328,20.2257137298584,20.22785758972168,19.917142868041992,19.939285278320312,450968000,0.027007074386656615,0.19198940702595318,9075086745.254517
2013-12-04,17.56178092956543,20.178571701049805,20.328214645385742,20.029285430908203,20.196428298950195,377809600,-0.0023331068884453465,0.19193207915413046,7623703021.256511
2013-12-05,17.651920318603516,20.282142639160156,20.540714263916016,20.22892951965332,20.451786041259766,447580000,0.005119574638435154,0.19037080280860846,9108519522.361755
2013-12-06,17.406980514526367,20.000713348388672,20.241071701049805,19.984643936157227,20.206785202026367,344352400,-0.013973272616428556,0.18731988539121402,6913038454.873149
2013-12-09,17.60622215270996,20.229642868041992,20.34214210510254,20.032142639160156,20.032142639160156,320493600,0.01138106620510504,0.1846829478484008,6474390311.535645
2013-12-10,17.578868865966797,20.198213577270508,20.281429290771484,20.042856216430664,20.127857208251953,278269600,-0.0015548228787660712,0.18408468079855148,5613857203.745524
2013-12-11,17.448631286621094,20.04857063293457,20.391786575317383,19.988929748535156,20.25,359718800,-0.0074363388164497835,0.18838866155451242,7245850196.317038
2013-12-12,17.423141479492188,20.019285202026367,20.19071388244629,20.00107192993164,20.07642936706543,262290000,-0.0014619165959586233,0.18907854055325857,5264253938.789368
2013-12-13,17.233238220214844,19.801071166992188,20.10285758972168,19.773929595947266,20.10178565979004,332822000,-0.010959318984830713,0.19135936718032429,6620701390.883127
2013-12-16,17.328651428222656,19.91071319580078,20.09428596496582,19.821786880493164,19.8221435546875,282592800,0.005521309822260179,0.18909289442402114,5635539660.800171
2013-12-17,17.250642776489258,19.82107162475586,19.979999542236328,19.76357078552246,19.850357055664062,229902400,-0.004511878328517405,0.18309093845478028,4564684713.341268
2013-12-18,17.119470596313477,19.67035675048828,19.694643020629883,19.242856979370117,19.632143020629883,565863200,-0.007632958065380446,0.18698690515497637,11054676455.3243
2013-12-19,16.92333221435547,19.44499969482422,19.64285659790039,19.418928146362305,19.625,320308800,-0.011523172952162763,0.1893622164076195,6246745971.847534
2013-12-20,17.0650691986084,19.60785675048828,19.70035743713379,19.457857131958008,19.479642868041992,436413600,0.008340363181632338,0.18762439750928583,8548770914.144898
2013-12-23,17.719982147216797,20.3603572845459,20.382856369018555,20.09857177734375,20.28571319580078,501306400,0.03765930033061293,0.2220971249949855,10166792141.313679
2013-12-24,17.644763946533203,20.273929595947266,20.424285888671875,20.215356826782227,20.353214263916016,167554800,-0.004253858569146729,0.2238806031672169,3402120475.3074646
2013-12-26,17.527584075927734,20.139286041259766,20.33928680419922,20.12071418762207,20.28928565979004,204008000,-0.006663206225493212,0.2204817644037591,4120913116.3482666
2013-12-27,17.40915298461914,20.00321388244629,20.157499313354492,19.98214340209961,20.136428833007812,225884400,-0.006779771376267174,0.2095310299018959,4528444358.96759
2013-12-30,17.236026763916016,19.804285049438477,20.00321388244629,19.7257137298584,19.909286499023438,253629600,-0.00999432896812591,0.20328779127295205,5033128304.704285
2013-12-31,17.438068389892578,20.036428451538086,20.045713424682617,19.78571319580078,19.791786193847656,223084400,0.011653882342499422,0.20465532923198837,4451861509.342957
2014-01-02,17.19283103942871,19.754642486572266,19.89392852783203,19.71500015258789,19.845714569091797,234684800,-0.014163157985569441,0.18726044843805256,4643909275.537109
2014-01-03,16.815174102783203,19.320714950561523,19.774999618530273,19.301071166992188,19.7450008392334,392467600,-0.022210797746037514,0.2009342331061256,7639615448.518372
2014-01-06,16.906856536865234,19.426071166992188,19.5285701751709,19.05714225769043,19.194643020629883,412610800,0.005437552735738649,0.20108258349004934,7978762813.520813
2014-01-07,16.785947799682617,19.28714370727539,19.498571395874023,19.211429595947266,19.440000534057617,317209200,-0.007177155988026485,0.19739113556239418,6132409290.761566
2014-01-08,16.892255783081055,19.409286499023438,19.484285354614258,19.238929748535156,19.243213653564453,258529600,0.006313183315951765,0.1938690961663284,5009657462.069702
2014-01-09,16.676536560058594,19.161428451538086,19.53071403503418,19.11964225769043,19.5285701751709,279148800,-0.012852544132426758,0.19739916034641863,5379363445.739746
2014-01-10,16.565261840820312,19.033571243286133,19.314285278320312,18.96821403503418,19.27964210510254,304976000,-0.006694892588051005,0.1971884726009009,5826675311.360678
2014-01-13,16.65198516845703,19.133214950561523,19.375,18.924285888671875,18.925357818603516,378492800,0.005221596157894748,0.1990207883686784,7245929351.2146
2014-01-14,16.983325958251953,19.51392936706543,19.526071548461914,19.2021427154541,19.222143173217773,332561600,0.019702598090515,0.21010429258297375,6456366824.449667
2014-01-15,17.32430648803711,19.90571403503418,20.007143020629883,19.7021427154541,19.768571853637695,391638800,0.01987847797776121,0.2210724783899542,7782515657.453665
2014-01-16,17.22764015197754,19.79464340209961,19.887500762939453,19.702856063842773,19.81785774230957,229278000,-0.0055954351444365,0.22138191421448528,4538558027.492523
2014-01-17,16.805532455444336,19.309642791748047,19.716785430908203,19.282142639160156,19.695714950561523,426739600,-0.02480693455808458,0.2362519823315981,8294192068.714396
2014-01-21,17.066627502441406,19.609643936157227,19.645357131958008,19.30071449279785,19.32107162475586,328526800,0.01541680357418107,0.23939024614233048,6412373951.64566
2014-01-22,17.142471313476562,19.696786880493164,19.903213500976562,19.56464385986328,19.675357818603516,379985200,0.004434138163690093,0.238140369213366,7493896391.657257
2014-01-23,17.287626266479492,19.863571166992188,19.875,19.457500457763672,19.640714645385742,403239200,0.008431914122447814,0.1984075012012339,7956725521.703085
2014-01-24,16.973377227783203,19.502500534057617,19.843570709228516,19.45535659790039,19.78571319580078,429354800,-0.018344929781217267,0.20691598879460302,8415558430.155691
2014-01-27,17.111074447631836,19.66071319580078,19.814285278320312,19.491071701049805,19.645357131958008,554878800,0.008079811303431494,0.20895231504052278,10906340753.17154
2014-01-28,15.743438720703125,18.08928680419922,18.39285659790039,17.93107032775879,18.170000076293945,1065523200,-0.0833021930916833,0.35285774445121865,19326180538.57422
2014-01-29,15.564706802368164,17.883928298950195,18.120357513427734,17.807857513427734,17.998214721679688,502810000,-0.011417722578860978,0.35314438576937257,9019094595.216114
2014-01-30,15.534558296203613,17.849285125732422,18.08928680419922,17.739286422729492,17.947856903076172,678501600,-0.001938857108901626,0.34811465320741847,12140170925.617981
2014-01-31,15.560039520263672,17.878570556640625,17.911785125732422,17.626785278320312,17.684999465942383,464797200,0.0016389489849224503,0.34761226709152826,8276045850.178528
2014-02-03,15.588951110839844,17.911785125732422,18.133214950561523,17.832143783569336,17.95035743713379,401464000,0.0018563425840043557,0.34252438178314065,7209911227.518718
2014-02-04,15.814611434936523,18.171070098876953,18.19499969482422,17.955713272094727,18.066070556640625,376681200,0.01437188586189464,0.34692226192879255,6820664810.454559
2014-02-05,15.93272876739502,18.306785583496094,18.402856826782227,18.08035659790039,18.091428756713867,328344800,0.007441119584874034,0.34856729942150094,5996670422.113546
2014-02-06,16.025592803955078,18.30392837524414,18.33928680419922,18.136070251464844,18.216428756713867,257765200,0.005811587928527651,0.3484098219778674,4706731154.985046
2014-02-07,16.249794006347656,18.559999465942383,18.676071166992188,18.47785758972168,18.62071418762207,370280400,0.013893237593921803,0.3508052976514276,6876591875.952148
2014-02-10,16.54090690612793,18.892499923706055,18.999643325805664,18.5,18.523571014404297,345559200,0.017756287013343197,0.3562221023552847,6495607969.195557
2014-02-11,16.75885009765625,19.141429901123047,19.20535659790039,18.91071319580078,18.95035743713379,282256800,0.013089963598833965,0.35872719895714467,5387106213.2873535
2014-02-12,16.757593154907227,19.139999389648438,19.270000457763672,19.044286727905273,19.176786422729492,308100800,-7.500454270426005e-05,0.3517201109622917,5900570552.428183
2014-02-13,17.023698806762695,19.44392967224121,19.45892906188965,19.078571319580078,19.094999313354492,307398000,0.015754942498376057,0.3489633418757791,5941125211.883545
2014-02-14,17.009929656982422,19.428213119506836,19.499286651611328,19.328929901123047,19.37392807006836,272924400,-0.0008091497235556133,0.3485402434824034,5299867038.14621
2014-02-18,17.072481155395508,19.499643325805664,19.68535614013672,19.48607063293457,19.5,260251600,0.003670607046488694,0.3374042863866007,5089746622.314961
2014-02-19,16.802936553955078,19.19178581237793,19.53178596496582,19.08392906188965,19.45535659790039,313768000,-0.015914212041081566,0.3377006581952889,6046047974.441528
2014-02-20,16.608448028564453,18.969642639160156,19.178571701049805,18.89285659790039,19.035356521606445,305858000,-0.011642182721280925,0.33915125112212624,5815489291.662851
2014-02-21,16.42396354675293,18.758928298950195,19.091785430908203,18.735713958740234,19.028213500976562,278784800,-0.011170023088099779,0.3386386366834461,5258478641.960144
2014-02-24,16.49588394165039,18.8410701751709,18.92571449279785,18.65785789489746,18.683929443359375,288909600,0.004369431501631382,0.33439205804402106,5433873637.660217
2014-02-25,16.324216842651367,18.645000457763672,18.9132137298584,18.60714340209961,18.906429290771484,231952000,-0.010461190578200164,0.33390294207917615,4342555674.550374
2014-02-26,16.17694091796875,18.47678565979004,18.75,18.41428565979004,18.70035743713379,276217200,-0.00906287301003239,0.16131588510518888,5123006974.964905
2014-02-27,16.499631881713867,18.84535789489746,18.885000228881836,18.430356979370117,18.46928596496582,301882000,0.019751242341834008,0.16618305101496308,5651302998.922984
2014-02-28,16.454917907714844,18.794286727905273,19.02678680419922,18.64714241027832,18.895713806152344,371968800,-0.0027136769717301945,0.16648963247472318,7001471507.409668
2014-03-03,16.502445220947266,18.84857177734375,18.951786041259766,18.671785354614258,18.693571090698242,238781200,0.0028841716488661184,0.166428607758763,4494828704.490916
2014-03-04,16.61125946044922,18.972856521606445,19.022857666015625,18.848928451538086,18.96428680419922,259140000,0.0065721810483925225,0.166840906549224,4910240231.170654
2014-03-05,16.64628791809082,19.01285743713379,19.09821319580078,18.897499084472656,18.961429595947266,200062800,0.0021064975234428296,0.16179034200711864,3801764693.886566
2014-03-06,16.595935821533203,18.95535659790039,19.087142944335938,18.860713958740234,19.028213500976562,185488800,-0.003029408348857121,0.16186781294253902,3518302929.4799805
2014-03-07,16.586246490478516,18.944286346435547,18.999286651611328,18.787500381469727,18.967500686645508,220729600,-0.000584008082348042,0.16150170529052651,4174075711.543782
2014-03-10,16.601255416870117,18.961429595947266,19.047500610351562,18.869285583496094,18.8700008392334,178584000,0.0009044927489116894,0.1552981457187852,3385846429.534912
2014-03-11,16.76291275024414,19.14607048034668,19.240713119506836,19.02107048034668,19.123214721679688,279224400,0.00969055170939459,0.14664453344422573,5343224536.943817
2014-03-12,16.779172897338867,19.164642333984375,19.191070556640625,19.0,19.089643478393555,199326400,0.0009695371086508864,0.13952973649436168,3810835923.307292
2014-03-13,16.592809677124023,18.951786041259766,19.273571014404297,18.898571014404297,19.194286346435547,257742800,-0.011168959298622827,0.14484362149559418,4907760389.259338
2014-03-14,16.40645408630371,18.738929748535156,18.960357666015625,18.678571701049805,18.885356903076172,237199200,-0.011294650283942165,0.13660795499808506,4457594359.977722
2014-03-17,16.470550537109375,18.812143325805664,18.927499771118164,18.780357360839844,18.8464298248291,199544800,0.003899171031397586,0.13802238453612842,3759424062.44812
2014-03-18,16.61626625061035,18.97857093811035,18.99892807006836,18.757143020629883,18.782142639160156,209647200,0.008808139902194867,0.14159776385095002,3964752948.114014
2014-03-19,16.61188507080078,18.97357177734375,19.15142822265625,18.89285659790039,19.009286880493164,224756000,-0.00026370289412636083,0.13129931573969109,4271701792.5059
2014-03-20,16.531848907470703,18.882143020629883,19.023929595947266,18.83392906188965,18.92464256286621,208398400,-0.004829650090496518,0.12607347772616628,3941508521.9299316
2014-03-21,16.6622257232666,19.031070709228516,19.0625,18.797500610351562,18.997499465942383,374046400,0.007855467440537112,0.12240395612716204,7093300139.74406
2014-03-24,16.85984230041504,19.256786346435547,19.303571701049805,19.109285354614258,19.229286193847656,355700800,0.011790374405010962,0.12776684723616702,6837712764.613851
2014-03-25,17.04120635986328,19.46392822265625,19.491071701049805,19.27107048034668,19.33928680419922,282293200,0.01069971560671723,0.12459526797688478,5478941245.928447
2014-03-26,16.8782958984375,19.277856826782227,19.60714340209961,19.2450008392334,19.518571853637695,299768000,-0.009605784474302048,0.12522342400933592,5808504720.062256
2014-03-27,16.805755615234375,19.19499969482422,19.33928680419922,19.11142921447754,19.286428451538086,222031600,-0.004307106306132624,0.10918404420968222,4266390164.337921
2014-03-28,16.78699493408203,19.17357063293457,19.24785614013672,19.08035659790039,19.2257137298584,200564000,-0.0011169483174797712,0.10865310267352239,3844262560.005188
2014-03-31,16.783239364624023,19.169286727905273,19.31464385986328,19.140356063842773,19.258214950561523,168669200,-0.0002237440132386581,0.10850562792650462,3239814110.032654
2014-04-01,16.936769485473633,19.344642639160156,19.352500915527344,19.17035675048828,19.205713272094727,200760000,0.009106236150118185,0.1105267033309661,3872493120.4223633
2014-04-02,16.964906692504883,19.376785278320312,19.40999984741211,19.295000076293945,19.37071418762207,180420800,0.0016599305204989534,0.11047965048149622,3493054050.5259194
2014-04-03,16.84733772277832,19.24250030517578,19.375,19.20142936706543,19.335357666015625,162344000,-0.006954252554257856,0.1130642825950969,3128852106.236776
2014-04-04,16.629396438598633,18.99357032775879,19.28571319580078,18.94928550720215,19.278928756713867,275251200,-0.0130206466507361,0.12269294867134788,5250744100.0
2014-04-07,16.368297576904297,18.695356369018555,18.96071434020996,18.63892936706543,18.85785675048828,289850400,-0.015825609565199183,0.13445205488875397,5439042763.371277
2014-04-08,16.367366790771484,18.694286346435547,18.790000915527344,18.524999618530273,18.756786346435547,243888400,-5.686679351368795e-05,0.12907651900936323,4553338454.14149
2014-04-09,16.582496643066406,18.940000534057617,18.94607162475586,18.643571853637695,18.665714263916016,206169600,0.01305819732157465,0.13809080244447108,3884898031.396485
2014-04-10,16.368616104125977,18.695714950561523,19.00857162475586,18.684642791748047,18.952856063842773,239652000,-0.012981870708189458,0.13997048191084235,4504573233.558655
2014-04-11,16.247602462768555,18.5575008392334,18.672500610351562,18.46928596496582,18.53571319580078,271717600,-0.007420492133200174,0.1368762832257627,5044825565.997314
2014-04-14,16.31233024597168,18.63142967224121,18.648571014404297,18.471786499023438,18.639286041259766,205674000,0.003975921513716063,0.13690752260674294,3822231025.8750916
2014-04-15,16.196008682250977,18.498571395874023,18.6299991607666,18.26178550720215,18.581071853637695,266490000,-0.007156444407997231,0.13437518613790572,4920325329.151154
2014-04-16,16.228843688964844,18.53607177734375,18.6103572845459,18.36214256286621,18.501785278320312,214765600,0.002025299456207552,0.13482611243363055,3973777230.0445557
2014-04-17,16.414264678955078,18.74785614013672,18.84857177734375,18.542856216430664,18.571428298950195,284334400,0.011360620573014124,0.14078754822563047,5320776556.881714
2014-04-21,16.609071731567383,18.97035789489746,19.0049991607666,18.71285629272461,18.762142181396484,182548800,0.01179828167198016,0.14430242109375668,3449455106.9641113
2014-04-22,16.62565040588379,18.989286422729492,18.993928909301758,18.803571701049805,18.868213653564453,202563200,0.0009976719903344033,0.13772193928051238,3834304433.0464683
2014-04-23,16.408327102661133,18.741071701049805,18.968929290771484,18.730356216430664,18.895000457763672,394940000,-0.013157751804168338,0.13757602971242952,7430184891.942343
2014-04-24,17.753517150878906,20.27750015258789,20.35714340209961,20.026071548461914,20.293214797973633,759911600,0.07879468950680524,0.3086828656770671,15365593690.392813
2014-04-25,17.88389778137207,20.426429748535156,20.428213119506836,20.141429901123047,20.161785125732422,390275200,0.007317097070842049,0.30805906497376434,7935084833.066813
2014-04-28,18.576513290405273,21.217500686645508,21.27678680419922,20.448213577270508,20.457143783569336,669485600,0.037997313777641484,0.3302244677293166,14046366031.029257
2014-04-29,18.52147102355957,21.15464210510254,21.28499984741211,21.05392837524414,21.204999923706055,337377600,-0.002967401504582856,0.33091380690066213,7140436124.203491
2014-04-30,18.451435089111328,21.074642181396484,21.408214569091797,21.064285278320312,21.165714263916016,456640800,-0.003788504912340951,0.33186801672971816,9672739257.91626
2014-05-01,18.494895935058594,21.124286651611328,21.242856979370117,20.941429138183594,21.14285659790039,244048000,0.0023526485466165425,0.3318076838157508,5150110189.0563965
2014-05-02,18.529293060302734,21.163570404052734,21.2214298248291,21.061071395874023,21.155000686645508,191514400,0.0018580898636177956,0.3294279761799061,4050278779.857381
2014-05-05,18.791322708129883,21.46285629272461,21.46428680419922,21.071428298950195,21.07642936706543,287067200,0.01404231672746814,0.32429131776713627,6123963564.871216
2014-05-06,18.586515426635742,21.22892951965332,21.586071014404297,21.22892951965332,21.492856979370117,374564400,-0.010958864473381347,0.3205588899172797,7996192078.070068
2014-05-07,18.52147102355957,21.15464210510254,21.331785202026367,20.9903564453125,21.258928298950195,282864400,-0.003505685751980181,0.3216482403209712,5985107450.021362
2014-05-08,18.48845672607422,20.999643325805664,21.22892951965332,20.94285774230957,21.008928298950195,230297200,-0.0017840783946163619,0.3217493567480658,4849401194.785817
2014-05-09,18.411415100097656,20.91214370727539,20.9375,20.726070404052734,20.876428604125977,291597600,-0.004175718456961075,0.31680092250476044,6082309351.049805
2014-05-12,18.640649795532227,21.172500610351562,21.2021427154541,20.97857093811035,20.981786727905273,213208800,0.012373810795124118,0.3137167739050453,4502487596.450806
2014-05-13,18.669891357421875,21.205713272094727,21.233570098876953,21.0964298248291,21.14285659790039,159737200,0.0015674695125373894,0.31410714110323634,3383005641.966756
2014-05-14,18.6733455657959,21.20964241027832,21.33571434020996,21.13357162475586,21.158214569091797,166404000,0.00018499780246550301,0.31102374893503143,3532142799.118042
2014-05-15,18.514551162719727,21.029285430908203,21.30714225769043,21.001428604125977,21.239286422729492,230846000,-0.008540163987518667,0.31532131691201704,4873763591.250101
2014-05-16,18.78780174255371,21.339643478393555,21.340356826782227,20.907142639160156,21.022499084472656,276256400,0.014650843512030054,0.3161531303417277,5855451732.029215
2014-05-19,19.010421752929688,21.592500686645508,21.690357208251953,21.333213806152344,21.35178565979004,317755200,0.011779526335401691,0.3161493656358367,6844030928.860474
2014-05-20,19.014196395874023,21.596786499023438,21.657142639160156,21.45464324951172,21.589643478393555,234836000,0.00019853679750125863,0.3163446629553802,5065300768.4122715
2014-05-21,19.06450080871582,21.653928756713867,21.667856216430664,21.50214385986328,21.565357208251953,196859600,0.0026421304192991713,0.3084652770250127,4253737566.8314614
2014-05-22,19.094690322875977,21.688213348388672,21.780357360839844,21.575000762939453,21.66428565979004,200760000,0.0015822935216167622,0.1667183592724011,4352715802.91748
2014-05-23,19.31039047241211,21.93321418762207,21.95464324951172,21.659643173217773,21.6875,232209600,0.011233014651332862,0.16834872364363915,5073586299.243164
2014-05-27,19.671987533569336,22.343929290771484,22.352142333984375,21.986785888671875,21.99571418762207,348866000,0.01855235370940056,0.12699721526937136,7754460589.759827
2014-05-28,19.621049880981445,22.28607177734375,22.493928909301758,22.277856826782227,22.35785675048828,315481600,-0.002592707740286304,0.12678684143349944,7051840060.302734
2014-05-29,19.978565216064453,22.692142486572266,22.745357513427734,22.42035675048828,22.423213958740234,376474000,0.018056996175134454,0.13458919322287155,8515572920.761108
2014-05-30,19.903728485107422,22.60714340209961,23.006071090698242,22.46071434020996,22.78499984741211,564020800,-0.003752884392858924,0.13715033384787123,12798370599.845379
2014-06-02,19.76695442199707,22.451786041259766,22.672500610351562,22.23214340209961,22.641429901123047,369350800,-0.0068955004063724346,0.1418705217735498,8292717108.49406
2014-06-03,20.04648208618164,22.769285202026367,22.812143325805664,22.4375,22.44499969482422,292709200,0.014042106475034899,0.14187031992920432,6636588718.079631
2014-06-04,20.2753963470459,23.029285430908203,23.13892936706543,22.71821403503418,22.765714645385742,335482000,0.011354467060114448,0.13456181912115528,7703385639.251709
2014-06-05,20.354948043823242,23.11964225769043,23.19178581237793,22.95035743713379,23.078571319580078,303805600,0.003915881079749273,0.13151901968280685,7014039434.362285
2014-06-06,20.29897689819336,23.05607032775879,23.259286880493164,23.016786575317383,23.21071434020996,349938400,-0.0027535437758672288,0.1321642639803109,8087326488.064067
2014-06-09,20.623788833618164,23.424999237060547,23.469999313354492,22.9375,23.174999237060547,301660000,0.015874721604066888,0.13345217869235204,7021890504.2394
2014-06-10,20.744842529296875,23.5625,23.762500762939453,23.392499923706055,23.6825008392334,251108000,0.005852455699414172,0.13121533481140776,5919243387.47406
2014-06-11,20.659006118774414,23.46500015258789,23.690000534057617,23.36750030517578,23.532499313354492,182724000,-0.004146306988319193,0.13473139580163737,4295384490.409851
2014-06-12,20.313438415527344,23.072500228881836,23.530000686645508,22.975000381469727,23.510000228881836,218996000,-0.016868698047962205,0.1540443339990291,5079064824.679056
2014-06-13,20.091136932373047,22.81999969482422,23.110000610351562,22.719999313354492,23.049999237060547,218100000,-0.011003888760654057,0.15682434129348177,4990854972.267151
2014-06-16,20.29363250732422,23.049999237060547,23.1875,22.862499237060547,22.877500534057617,142244000,0.010028398072772227,0.15368472630583985,3276353394.317627
2014-06-17,20.2672176361084,23.020000457763672,23.174999237060547,22.950000762939453,23.077499389648438,118904000,-0.00130248132653632,0.15183894670726336,2740539044.809977
2014-06-18,20.289230346679688,23.045000076293945,23.072500228881836,22.837499618530273,23.0674991607666,134056000,0.0010855345488960388,0.15164885160984304,3081277156.5907793
2014-06-19,20.218795776367188,22.96500015258789,23.075000762939453,22.834999084472656,23.072500228881836,142112000,-0.0034775647217002437,0.15342315503782275,3262654666.6666665
2014-06-20,20.00969696044922,22.727500915527344,23.137500762939453,22.725000381469727,22.962499618530273,403592000,-0.010395651678237972,0.1602048643256137,9227458703.7913
2014-06-23,19.992090225219727,22.707500457763672,22.905000686645508,22.649999618530273,22.829999923706055,174776000,-0.0008802974869479563,0.15718602197435902,3976882277.7811685
2014-06-24,19.87103271484375,22.56999969482422,22.934999465942383,22.547500610351562,22.6875,156144000,-0.0060736778051384555,0.14673069983256032,3541996508.087158
2014-06-25,19.88863754272461,22.59000015258789,22.674999237060547,22.412500381469727,22.552499771118164,147476000,0.0008855621245000833,0.14629879424341524,3326935652.0818076
2014-06-26,20.00749397277832,22.725000381469727,22.762500762939453,22.450000762939453,22.592500686645508,130516000,0.00595831110286138,0.1336287292355274,2955643666.3131714
2014-06-27,20.24520492553711,22.9950008392334,23.0,22.6924991607666,22.704999923706055,256116000,0.011811069700930155,0.13876566522309947,5863989250.0
2014-06-30,20.45431137084961,23.232500076293945,23.4325008392334,23.022499084472656,23.024999618530273,197929200,0.01027571353693535,0.13940389015447713,4597730375.0
2014-07-01,20.584171295166016,23.3799991607666,23.517499923706055,23.282499313354492,23.3799991607666,152892000,0.006328711458875258,0.13322296605472583,3576653438.346863
2014-07-02,20.57536506652832,23.3700008392334,23.514999389648438,23.272499084472656,23.467500686645508,113860000,-0.0004279070927664108,0.12818624760309563,2662710957.272847
2014-07-03,20.69641876220703,23.50749969482422,23.524999618530273,23.299999237060547,23.417499542236328,91567200,0.005866189032402769,0.1289713577617237,2146716653.755188
2014-07-07,21.123422622680664,23.99250030517578,23.997499465942383,23.524999618530273,23.53499984741211,225872000,0.02042182305926321,0.14480587353365434,5384411980.712891
2014-07-08,20.986953735351562,23.837499618530273,24.200000762939453,23.479999542236328,24.0674991607666,260888000,-0.006481507736841419,0.13830894701746635,6219352506.698608
2014-07-09,20.99576187133789,23.84749984741211,23.987499237060547,23.690000534057617,23.860000610351562,145744000,0.00041960773562577103,0.13711642637964858,3474779848.1343584
2014-07-10,20.918729782104492,23.760000228881836,23.887500762939453,23.3799991607666,23.440000534057617,158744000,-0.0036756822246442056,0.1369206412565433,3758396494.740804
2014-07-11,20.958341598510742,23.80500030517578,23.97249984741211,23.71500015258789,23.84000015258789,136072000,0.001891814633373734,0.12120202443427658,3242709167.175293
2014-07-14,21.22907066345215,24.112499237060547,24.22249984741211,23.912500381469727,23.96500015258789,171240000,0.012834765958660288,0.11808081607705483,4123887269.515991
2014-07-15,20.98035430908203,23.829999923706055,24.212499618530273,23.75749969482422,24.200000762939453,181911600,-0.011785009302359928,0.12506130532739113,4353750913.737488
2014-07-16,20.861499786376953,23.69499969482422,24.274999618530273,23.684999465942383,24.24250030517578,213585200,-0.005681146065232401,0.1272680327518841,5101482415.091959
2014-07-17,20.489524841308594,23.272499084472656,23.81999969482422,23.142499923706055,23.75749969482422,229192000,-0.017991572508045728,0.14396628985202445,5365766607.579549
2014-07-18,20.78446388244629,23.607500076293945,23.684999465942383,23.2549991607666,23.405000686645508,199952000,0.014292006691404069,0.15076052562175704,4702037820.220947
2014-07-21,20.676607131958008,23.485000610351562,23.75,23.43000030517578,23.747499465942383,156316000,-0.005202807894202799,0.146664930424826,3682023427.7038574
2014-07-22,20.848289489746094,23.68000030517578,23.72249984741211,23.530000686645508,23.670000076293945,220788000,0.008268935024059676,0.14809345817083575,5220348331.764221
2014-07-23,21.391950607299805,24.297500610351562,24.469999313354492,23.792499542236328,23.854999542236328,371672000,0.02574280540532614,0.16582494116882096,8989506707.16858
2014-07-24,21.35673713684082,24.25749969482422,24.329999923706055,24.104999542236328,24.260000228881836,182916000,-0.0016474647659019404,0.1665940358366631,4432207058.830261
2014-07-25,21.49760627746582,24.417499542236328,24.459999084472656,24.15999984741211,24.212499618530273,173876000,0.006574346345725068,0.16671932250532762,4233156028.22876
2014-07-28,21.79474449157715,24.7549991607666,24.809999465942383,24.387500762939453,24.454999923706055,221272000,0.013727269359471883,0.16803625011669174,5454539148.31543
2014-07-29,21.653879165649414,24.594999313354492,24.860000610351562,24.5625,24.832500457763672,172572000,-0.006484247722141401,0.16975273240101,4257782665.611267
2014-07-30,21.603252410888672,24.537500381469727,24.674999237060547,24.417499542236328,24.610000610351562,132040000,-0.0023407367077354913,0.17016331524238393,3240701696.395874
2014-07-31,21.041982650756836,23.899999618530273,24.362499237060547,23.832500457763672,24.290000915527344,227372000,-0.026324262052753955,0.19707571643036556,5464128061.292013
2014-08-01,21.158641815185547,24.032499313354492,24.155000686645508,23.702499389648438,23.725000381469727,194044000,0.005528802621826756,0.19697679679624108,4649941013.85498
2014-08-04,21.03978157043457,23.897499084472656,24.145000457763672,23.792499542236328,24.092500686645508,159832000,-0.005633412319876019,0.18504681311966215,3827177191.2231445
2014-08-05,20.936330795288086,23.780000686645508,23.920000076293945,23.59000015258789,23.84000015258789,223732000,-0.004929040769359183,0.18445965088532912,5316618161.610921
2014-08-06,20.90111541748047,23.739999771118164,23.8700008392334,23.677499771118164,23.6875,154232000,-0.0016834386088064868,0.18452551714758547,3664937919.611613
2014-08-07,20.89890480041504,23.6200008392334,23.987499237060547,23.524999618530273,23.732500076293945,186844000,-0.0001057711003951134,0.1840974393930172,4430226924.326579
2014-08-08,20.956417083740234,23.684999465942383,23.704999923706055,23.31999969482422,23.565000534057617,167460000,0.0027481484758524743,0.18423488421395387,3947032148.8952637
2014-08-11,21.2329158782959,23.997499465942383,24.020000457763672,23.709999084472656,23.8174991607666,146340000,0.01310770917433679,0.1844768158150405,3498867401.6189575
2014-08-12,21.228490829467773,23.99250030517578,24.219999313354492,23.90250015258789,24.010000228881836,135180000,-0.0002084268604005679,0.17943021222617345,3249501889.6865845
2014-08-13,21.50942039489746,24.309999465942383,24.309999465942383,24.010000228881836,24.037500381469727,127664000,0.013146810579172108,0.1829317825934188,3090745404.2867026
2014-08-14,21.56692886352539,24.375,24.392499923706055,24.200000762939453,24.332500457763672,112464000,0.0026700731972031377,0.16855290505672282,2735405665.740967
2014-08-15,21.673107147216797,24.4950008392334,24.547500610351562,24.21500015258789,24.475000381469727,195804000,0.004911119735205638,0.16337253830725462,4781370614.570618
2014-08-18,21.934120178222656,24.790000915527344,24.842500686645508,24.4950008392334,24.622499465942383,190288000,0.011971233401652182,0.16450972339203773,4701858061.5234375
2014-08-19,22.23716163635254,25.13249969482422,25.170000076293945,24.829999923706055,24.852500915527344,277596000,0.013721413566245566,0.16777922491122593,6952160461.761475
2014-08-20,22.246015548706055,25.142499923706055,25.272499084472656,24.987499237060547,25.110000610351562,210796000,0.0003980791405076012,0.1464814043840022,5298181673.367818
2014-08-21,22.248218536376953,25.145000457763672,25.235000610351562,25.02750015258789,25.142499923706055,133912000,9.902351250667962e-05,0.14606387988352992,3365989767.8222656
2014-08-22,22.411911010742188,25.329999923706055,25.36750030517578,25.047500610351562,25.072500228881836,176736000,0.007330619461540344,0.14638247487309508,4462289489.440918
2014-08-25,22.46057891845703,25.385000228881836,25.542499542236328,25.31999969482422,25.447500228881836,161080000,0.0021691654229414326,0.14012568597617772,4093982404.658
2014-08-26,22.316789627075195,25.22249984741211,25.375,25.21500015258789,25.354999542236328,132608000,-0.006422431254864858,0.14008143601758385,3351114666.6666665
2014-08-27,22.591083526611328,25.532499313354492,25.642499923706055,25.174999237060547,25.2549991607666,209476000,0.01221600095278097,0.14403992995609316,5331164093.454997
2014-08-28,22.61762046813965,25.5625,25.69499969482422,25.389999389648438,25.397499084472656,273840000,0.0011739750194657006,0.10003978184606958,6996383716.430664
2014-08-29,22.67292594909668,25.625,25.725000381469727,25.549999237060547,25.71500015258789,178380000,0.0024422539722586123,0.09986383051401478,4572473977.31781
2014-09-02,22.84988784790039,25.825000762939453,25.934999465942383,25.68000030517578,25.764999389648438,214256000,0.0077746859398772905,0.095149862761185,5530661584.80835
2014-09-03,21.88545799255371,24.735000610351562,25.799999237060547,24.645000457763672,25.774999618530273,501684000,-0.04312381148039579,0.1877016452284423,12572201091.033936
2014-09-04,21.704069137573242,24.530000686645508,25.022499084472656,24.447500228881836,24.712499618530273,342872000,-0.008322636831950447,0.1908194870232674,8457509333.333334
2014-09-05,21.89209747314453,24.74250030517578,24.84749984741211,24.577499389648438,24.700000762939453,233828000,0.008625964899088956,0.19205907829569557,5780812694.320679
2014-09-08,21.757156372070312,24.59000015258789,24.827499389648438,24.512500762939453,24.825000762939453,185426800,-0.006182993709157092,0.19428187014818893,4569534460.195923
2014-09-09,21.675317764282227,24.497499465942383,25.770000457763672,24.03499984741211,24.770000457763672,759385200,-0.0037685490532668453,0.1907288284502311,18808072883.063507
2014-09-10,22.341123580932617,25.25,25.27750015258789,24.440000534057617,24.502500534057617,403478400,0.03025490399269426,0.21571806011911424,10082589076.348877
2014-09-11,22.436241149902344,25.357500076293945,25.360000610351562,24.905000686645508,25.102500915527344,249412400,0.004248472977824491,0.21238364847507551,6287063187.171936
2014-09-12,22.487119674682617,25.415000915527344,25.547500610351562,25.270000457763672,25.302499771118164,250504400,0.002265126455382127,0.21237479791879812,6365525723.303732
2014-09-15,22.48048210144043,25.407499313354492,25.762500762939453,25.360000610351562,25.702499389648438,245266000,-0.0002952158010756101,0.21226695982747176,6256735716.136932
2014-09-16,22.310157775878906,25.21500015258789,25.315000534057617,24.72249984741211,24.950000762939453,267632400,-0.00760539018948192,0.21128440906191828,6713335774.643707
2014-09-17,22.469419479370117,25.395000457763672,25.450000762939453,25.147499084472656,25.3174991607666,243706000,0.007113170099799504,0.20741349881900387,6173276093.12439
2014-09-18,22.515872955322266,25.447500228881836,25.587499618530273,25.389999389648438,25.482500076293945,149197600,0.0020652746686624646,0.20748139298324808,3800808822.057088
2014-09-19,22.332279205322266,25.239999771118164,25.587499618530273,25.125,25.572500228881836,283609600,-0.008187395320903068,0.20970374248459933,7180285990.2994795
2014-09-22,22.35439682006836,25.264999389648438,25.53499984741211,25.145000457763672,25.450000762939453,211153600,0.0009898975945139554,0.2081242608617313,5345353362.520345
2014-09-23,22.703895568847656,25.65999984741211,25.735000610351562,25.135000228881836,25.149999618530273,253608800,0.015513493284595281,0.21498805353535258,6469560546.046448
2014-09-24,22.507022857666016,25.4375,25.712499618530273,25.299999237060547,25.540000915527344,240687200,-0.00870913321007949,0.2160638587885218,6133512054.851786
2014-09-25,21.648765563964844,24.467500686645508,25.177499771118164,24.43000030517578,25.127500534057617,400368000,-0.038878952524055155,0.25050115119818256,9885753301.818848
2014-09-26,22.285823822021484,25.1875,25.1875,24.600000381469727,24.63249969482422,249482000,0.029002338280654794,0.27264967012354546,6234971015.05661
2014-09-29,22.144258499145508,25.02750015258789,25.110000610351562,24.657499313354492,24.662500381469727,199065200,-0.006372520353275846,0.27305909977465936,4963027216.395823
2014-09-30,22.285823822021484,25.1875,25.385000228881836,25.13249969482422,25.202499389648438,221056400,0.006372520353275846,0.2725223067845764,5578358248.378244
2014-10-01,21.93854331970215,24.795000076293945,25.172500610351562,24.674999237060547,25.147499084472656,205965200,-0.015705714444786967,0.23309782558509132,5124585808.428701
2014-10-02,22.097806930541992,24.975000381469727,25.05500030517578,24.510000228881836,24.8174991607666,191031200,0.007233310859504627,0.23220927098914834,4746488607.63143
2014-10-03,22.035879135131836,24.905000686645508,25.052499771118164,24.760000228881836,24.860000610351562,173878400,-0.002806374974523518,0.23078016726213474,4330586490.464273
2014-10-06,22.035879135131836,24.905000686645508,25.162500381469727,24.854999542236328,24.987499237060547,148204800,0.0,0.22957071091694914,3701291406.1523438
2014-10-07,21.843427658081055,24.6875,25.030000686645508,24.6825008392334,24.857500076293945,168376800,-0.008771912099440726,0.23142551470819206,4175744725.640869
2014-10-08,22.29689598083496,25.200000762939453,25.27750015258789,24.577499389648438,24.690000534057617,229618800,0.02054739247959647,0.21766725643177573,5744679701.358032
2014-10-09,22.345556259155273,25.2549991607666,25.594999313354492,25.15250015258789,25.385000228881836,309506000,0.002180001104322482,0.21726396551314384,7841076446.652731
2014-10-10,22.281402587890625,25.1825008392334,25.50749969482422,25.075000762939453,25.172500610351562,265326400,-0.002875110342028364,0.2172562092888476,6700818346.7091875
2014-10-13,22.07790756225586,24.952499389648438,25.44499969482422,24.952499389648438,25.332500457763672,214333600,-0.00917491513938229,0.21933380615939257,5383345477.65096
2014-10-14,21.843427658081055,24.6875,25.1299991607666,24.642499923706055,25.09749984741211,254754400,-0.0106773681025083,0.22076933435882817,6323004130.255127
2014-10-15,21.57577896118164,24.385000228881836,24.787500381469727,23.795000076293945,24.49250030517578,403734400,-0.01232874149023866,0.2219475245807427,9819830036.40747
2014-10-16,21.292638778686523,24.065000534057617,24.43000030517578,23.852500915527344,23.887500762939453,288618000,-0.013209925385242016,0.22467216009989704,6960263753.818512
2014-10-17,21.60453224182129,24.417499542236328,24.75,24.202499389648438,24.375,272718800,0.014541702951840652,0.23145546672941134,6669792688.234964
2014-10-20,22.066837310791016,24.940000534057617,24.989999771118164,24.55500030517578,24.579999923706055,310069200,0.021172788672404685,0.24452726483541917,7698501517.08374
2014-10-21,22.666290283203125,25.61750030517578,25.7549991607666,25.3174991607666,25.7549991607666,378495600,0.026802903854956206,0.2567427118315911,9675609014.738464
2014-10-22,22.781314849853516,25.747499465942383,26.02750015258789,25.649999618530273,25.709999084472656,273052400,0.005061864620355294,0.25532970070758537,7047027287.225851
2014-10-23,23.188318252563477,26.207500457763672,26.262500762939453,25.907499313354492,26.020000457763672,284298800,0.017707952427604923,0.21729578544901276,7427543116.277313
2014-10-24,23.27459144592285,26.30500030517578,26.372499465942383,26.13249969482422,26.295000076293945,188215600,0.003713641399973433,0.19641554835727845,4944423778.494008
2014-10-27,23.250261306762695,26.27750015258789,26.3700008392334,26.174999237060547,26.212499618530273,136750800,-0.0010458986945058868,0.1943500557432681,3593013321.433258
2014-10-28,23.610807418823242,26.684999465942383,26.684999465942383,26.337499618530273,26.350000381469727,192243600,0.015388177713174578,0.19909555708664511,5107752156.108856
2014-10-29,23.7435245513916,26.834999084472656,26.842500686645508,26.59000015258789,26.662500381469727,210751600,0.005605294153103291,0.18732317501771786,5638834678.973643
2014-10-30,23.663898468017578,26.7450008392334,26.837499618530273,26.475000381469727,26.739999771118164,162619200,-0.003359227445001167,0.18856689073452346,4339628913.491821
2014-10-31,23.889514923095703,27.0,27.010000228881836,26.802499771118164,27.002500534057617,178557200,0.009489041139115084,0.18824647898904837,4809884575.0
2014-11-03,24.199201583862305,27.350000381469727,27.575000762939453,27.002500534057617,27.05500030517578,209130400,0.012879983684849439,0.19003085859744176,5711177065.672811
2014-11-04,24.02223777770996,27.149999618530273,27.372499465942383,26.93000030517578,27.34000015258789,166297600,-0.007339664801573331,0.18881387865503363,4515118387.5
2014-11-05,24.079750061035156,27.21500015258789,27.325000762939453,27.032499313354492,27.274999618530273,149743600,0.002391265447212465,0.17991805908912453,4071653281.757863
2014-11-06,24.148611068725586,27.174999237060547,27.197500228881836,26.950000762939453,27.149999618530273,139874000,0.0028556249008588885,0.17985439629496655,3791634465.6715393
2014-11-07,24.217487335205078,27.252500534057617,27.329999923706055,27.137500762939453,27.1875,134766000,0.002848123595313279,0.1782285929712386,3671025894.836426
2014-11-10,24.17750358581543,27.207500457763672,27.332500457763672,27.167499542236328,27.2549991607666,108782000,-0.0016523924367519705,0.17295596004941635,2962768438.2654824
2014-11-11,24.37078094482422,27.424999237060547,27.4375,27.100000381469727,27.174999237060547,109769200,0.00796231553804061,0.16408422162403652,2998986004.375458
2014-11-12,24.715129852294922,27.8125,27.857500076293945,27.342500686645508,27.344999313354492,187769600,0.014030688273276581,0.153019130718082,5195741354.418945
2014-11-13,25.063907623291016,28.204999923706055,28.362499237060547,27.899999618530273,27.950000762939453,238091600,0.014013267277588337,0.1362493737637731,6703667310.786947
2014-11-14,25.366044998168945,28.545000076293945,28.547500610351562,27.802499771118164,28.287500381469727,176254400,0.011982600589745207,0.13501964294115276,4987705789.560953
2014-11-17,25.323841094970703,28.497499465942383,29.31999969482422,28.325000762939453,28.5674991607666,186986800,-0.0016651808162557735,0.13002691106691286,5369170134.911346
2014-11-18,25.652633666992188,28.86750030517578,28.922500610351562,28.47249984741211,28.485000610351562,176896000,0.012899955638117522,0.11064294121349731,5086497111.6536455
2014-11-19,25.474912643432617,28.667499542236328,28.934999465942383,28.450000762939453,28.860000610351562,167476800,-0.006952093428270967,0.11962693925344545,4803932431.222534
2014-11-20,25.83924674987793,29.077499389648438,29.21500015258789,28.712499618530273,28.727500915527344,173582000,0.01420037794969975,0.11570026094946045,5034167254.774729
2014-11-21,25.874794006347656,29.11750030517578,29.392499923706055,29.00749969482422,29.377500534057617,228717200,0.0013747625035103184,0.11641369653758796,6672252511.18342
2014-11-24,26.35465431213379,29.657499313354492,29.6924991607666,29.155000686645508,29.212499618530273,189803200,0.018375603179451527,0.12232589080675468,5599510685.5702715
2014-11-25,26.125825881958008,29.399999618530273,29.9375,29.362499237060547,29.767499923706055,275361600,-0.008720571134127386,0.12798099315621758,8141524534.957886
2014-11-26,26.436853408813477,29.75,29.774999618530273,29.457500457763672,29.485000610351562,163073200,0.011834676665735344,0.13011179132415587,4836887010.480499
2014-11-28,26.421297073364258,29.732500076293945,29.850000381469727,29.512500762939453,29.8174991607666,99257600,-0.0005886068943556921,0.12810667784033364,2947785331.0546875
2014-12-01,25.563777923583984,28.767499923706055,29.8125,27.8174991607666,29.702499389648438,335256000,-0.03299396758910911,0.18372821886602692,9655093317.687988
2014-12-02,25.466018676757812,28.657499313354492,28.9375,28.1875,28.375,237395600,-0.00383146212338481,0.18193712067373574,6788129297.997793
2014-12-03,25.75482749938965,28.982500076293945,29.087499618530273,28.77750015258789,28.9375,172253600,0.011277122692107344,0.18058093533771802,4986598166.572062
2014-12-04,25.657068252563477,28.872499465942383,29.299999237060547,28.822500228881836,28.9424991607666,168178000,-0.0038029861851320845,0.18231572344403155,4876881643.455505
2014-12-05,25.5482177734375,28.75,29.020000457763672,28.65999984741211,28.997499465942383,153275600,-0.004251539305219598,0.18412056479078015,4415870051.592001
2014-12-08,24.970609664916992,28.100000381469727,28.662500381469727,27.905000686645508,28.524999618530273,230659600,-0.022868039863098488,0.20444130802661784,6509790672.453563
2014-12-09,25.352718353271484,28.530000686645508,28.575000762939453,27.337499618530273,27.547500610351562,240832000,0.015186437269455677,0.20937851883542213,6778818805.745442
2014-12-10,24.870634078979492,27.987499237060547,28.712499618530273,27.885000228881836,28.602500915527344,178261200,-0.019198203931514612,0.2210070011659258,5026074479.598999
2014-12-11,24.797330856323242,27.905000686645508,28.450000762939453,27.834999084472656,28.065000534057617,165606800,-0.0029517326097128205,0.21616239199488232,4647478860.147858
2014-12-12,24.37744903564453,27.4325008392334,27.967500686645508,27.395000457763672,27.614999771118164,224112400,-0.017077535523578824,0.2178248890948363,6185128867.519633
2014-12-15,24.044208526611328,27.0575008392334,27.899999618530273,26.587499618530273,27.674999237060547,268872400,-0.01376432724587584,0.21611839873612554,7308399959.504445
2014-12-16,23.715412139892578,26.6875,27.540000915527344,26.565000534057617,26.592500686645508,243162800,-0.013769019800012217,0.21943683929818472,6548576957.161713
2014-12-17,24.306354522705078,27.352500915527344,27.459999084472656,26.704999923706055,26.780000686645508,213647200,0.02461268110439896,0.2336036492064595,5805328536.56667
2014-12-18,25.026145935058594,28.162500381469727,28.162500381469727,27.665000915527344,27.967500686645508,236024800,0.02918329661107988,0.25753545934254063,6607907782.71993
2014-12-19,24.832868576049805,27.94499969482422,28.309999465942383,27.915000915527344,28.065000534057617,353719200,-0.0077529942797354146,0.25247937102635765,9924181696.995544
2014-12-22,25.090574264526367,28.235000610351562,28.372499465942383,27.99250030517578,28.040000915527344,180670000,0.010324126816116053,0.255856460340219,5094894022.973378
2014-12-23,25.001710891723633,28.135000228881836,28.332500457763672,28.114999771118164,28.3075008392334,104113600,-0.003547990104461718,0.24538460944241805,2935396206.5531416
2014-12-24,24.88396644592285,28.002500534057617,28.177499771118164,28.002500534057617,28.145000457763672,57918400,-0.004720579963422011,0.24452342360597426,1625238585.5356853
2014-12-26,25.323841094970703,28.497499465942383,28.6299991607666,28.002500534057617,28.024999618530273,134884000,0.01752260955133922,0.24944804422958836,3827558268.933614
2014-12-29,25.30606460571289,28.477500915527344,28.6924991607666,28.424999237060547,28.447500228881836,110395600,-0.0007022130395966109,0.24943939016608485,3149770435.3991194
2014-12-30,24.997268676757812,28.1299991607666,28.479999542236328,28.02750015258789,28.40999984741211,119526000,-0.012277508773876011,0.22640285174085686,3372127229.4044495
2014-12-31,24.52184295654297,27.594999313354492,28.282499313354492,27.552499771118164,28.204999923706055,165613600,-0.019202296366612526,0.23481140169587503,4605714127.552795
2015-01-02,24.288583755493164,27.332500457763672,27.860000610351562,26.837499618530273,27.84749984741211,212818400,-0.009557833950171624,0.2311271194104307,5819164499.376932
2015-01-05,23.60433006286621,26.5625,27.162500381469727,26.352500915527344,27.072500228881836,257142000,-0.028576263211425257,0.2476094141872904,6863762946.170807
2015-01-06,23.60655975341797,26.565000534057617,26.857500076293945,26.157499313354492,26.635000228881836,263188400,9.445662058471527e-05,0.24804740833627914,6981510950.640106
2015-01-07,23.93757438659668,26.9375,27.049999237060547,26.674999237060547,26.799999237060547,160423600,0.013924745407748684,0.2453426387123268,4313389463.404338
2015-01-08,24.857303619384766,27.97249984741211,28.037500381469727,27.174999237060547,27.3075008392334,237458000,0.037702243114714484,0.27582010718872124,6584314534.394583
2015-01-09,24.88396644592285,28.002500534057617,28.3125,27.552499771118164,28.167499542236328,214798000,0.0010720606472949257,0.26775434026266653,6004857110.183716
2015-01-12,24.270811080932617,27.3125,28.157499313354492,27.200000762939453,28.149999618530273,198603200,-0.024949239977731796,0.28131061709457633,5472842186.384073
2015-01-13,24.486305236816406,27.55500030517578,28.200000762939453,27.227500915527344,27.857500076293945,268367600,0.00883955308851192,0.27698948997576206,7423271633.115133
2015-01-14,24.392995834350586,27.450000762939453,27.622499465942383,27.125,27.260000228881836,195826400,-0.0038179562214235574,0.27276643164882974,5365480186.273703
2015-01-15,23.730960845947266,26.704999923706055,27.514999389648438,26.665000915527344,27.5,240056000,-0.0275154747245705,0.28580171631062623,6472309871.648153
2015-01-16,23.54657745361328,26.497499465942383,26.895000457763672,26.299999237060547,26.75749969482422,314053200,-0.007800081552812088,0.27236233101550017,8342561459.145355
2015-01-20,24.15306282043457,27.18000030517578,27.24250030517578,26.625,26.959999084472656,199599600,0.025430718075619474,0.26728248091444096,5392349567.608643
2015-01-21,24.33745765686035,27.387500762939453,27.764999389648438,27.0674991607666,27.237499237060547,194303600,0.007605433945990114,0.26823485698083477,5325213952.860769
2015-01-22,24.970609664916992,28.100000381469727,28.11750030517578,27.43000030517578,27.565000534057617,215185600,0.025682889023679323,0.28135278834942345,5999912563.141887
2015-01-23,25.099458694458008,28.2450008392334,28.4375,27.88249969482422,28.075000762939453,185859200,0.005146760057967992,0.28167254380967677,5239061115.753174
2015-01-26,25.126113891601562,28.274999618530273,28.59000015258789,28.200000762939453,28.434999465942383,222460000,0.0010614194432680968,0.2811109230897526,6307853339.602153
2015-01-27,24.246368408203125,27.28499984741211,28.1200008392334,27.25749969482422,28.104999542236328,382274800,-0.03564084958447866,0.300046860735907,10533263600.275421
2015-01-28,25.617080688476562,28.827499389648438,29.530000686645508,28.827499389648438,29.407499313354492,585908400,0.054992493584437696,0.3594766877853521,17027474513.697052
2015-01-29,26.414634704589844,29.725000381469727,29.797500610351562,28.889999389648438,29.079999923706055,337745600,0.030658858040170767,0.3706015347550755,9953644329.613241
2015-01-30,26.028085708618164,29.290000915527344,30.0,29.212499618530273,29.600000381469727,334982000,-0.014742026864351665,0.3675804198099389,9882248211.299896
2015-02-02,26.35465431213379,29.657499313354492,29.792499542236328,29.020000457763672,29.512500762939453,250956400,0.012468719059570255,0.3660097585399122,7400704178.560638
2015-02-03,26.359094619750977,29.662500381469727,29.772499084472656,29.40250015258789,29.625,207662800,0.000168468671557509,0.34669431873301154,6149414638.59431
2015-02-04,26.561260223388672,29.889999389648438,30.127500534057617,29.577499389648438,29.625,280598800,0.007640409354843225,0.34618923803984547,8380083097.7760315
2015-02-05,26.7508487701416,29.985000610351562,30.0575008392334,29.8125,30.0049991607666,168984800,0.007112430911199397,0.34499894056490926,5061376482.985941
2015-02-06,26.525575637817383,29.732500076293945,30.0625,29.612499237060547,30.0049991607666,174826400,-0.008456816590511895,0.3273152812050685,5210263745.985413
2015-02-09,26.701770782470703,29.93000030517578,29.959999084472656,29.607500076293945,29.637500762939453,155559200,0.006620498674838604,0.32741344826083,4640719806.307474
2015-02-10,27.214757919311523,30.5049991607666,30.537500381469727,30.040000915527344,30.042499542236328,248034000,0.019029512078802213,0.3143147706479547,7530518972.846985
2015-02-11,27.85263442993164,31.219999313354492,31.229999542236328,30.625,30.6924991607666,294247200,0.023168158707269626,0.31996281052664033,9129019267.753601
2015-02-12,28.20503044128418,31.614999771118164,31.8700008392334,31.392499923706055,31.514999389648438,297898000,0.012572791044199949,0.3183625655323454,9421272551.364899
2015-02-13,28.343313217163086,31.770000457763672,31.81999969482422,31.412500381469727,31.81999969482422,217088800,0.0048907905191972745,0.2924483960224753,6874659612.645976
2015-02-17,28.51059341430664,31.957500457763672,32.220001220703125,31.729999542236328,31.872499465942383,252609600,0.005884579961985992,0.286383168834112,8075718506.787109
2015-02-18,28.70909309387207,32.18000030517578,32.19499969482422,31.862499237060547,31.907499313354492,179566800,0.00693818816450209,0.2805619754563299,5760353259.333801
2015-02-19,28.648876190185547,32.11249923706055,32.25749969482422,32.08250045776367,32.119998931884766,149449600,-0.002099688205886352,0.2830115282549755,4804929150.927734
2015-02-20,28.883066177368164,32.375,32.375,32.01250076293945,32.154998779296875,195793600,0.008141261047539317,0.2757363936826787,6315159456.459555
2015-02-23,29.6636905670166,33.25,33.25,32.415000915527344,32.505001068115234,283896400,0.026668280100619057,0.28358247732929853,9360537555.304972
2015-02-24,29.478561401367188,33.04249954223633,33.400001525878906,32.79249954223633,33.23500061035156,276912400,-0.006260491075206875,0.28706494741852384,9159800727.671305
2015-02-25,28.724700927734375,32.1974983215332,32.900001525878906,32.037498474121094,32.88999938964844,298846800,-0.025905854877411816,0.2698844677743893,9676161138.798523
2015-02-26,29.08824920654297,32.60499954223633,32.717498779296875,31.65250015258789,32.1974983215332,365150000,0.012576873176521453,0.2113074651901275,11803473564.275105
2015-02-27,28.65110206604004,32.1150016784668,32.64250183105469,32.060001373291016,32.5,248059200,-0.015142376340637753,0.2042258705690754,8005490935.742187
2015-03-02,28.79161262512207,32.272499084472656,32.56999969482422,32.07500076293945,32.3125,192386800,0.004892207482953825,0.19240046214529147,6215215866.977438
2015-03-03,28.851835250854492,32.34000015258789,32.380001068115234,32.022499084472656,32.2400016784668,151265200,0.002089488046336019,0.19069826481561958,4877924552.387491
2015-03-04,28.668943405151367,32.1349983215332,32.38999938964844,32.08000183105469,32.275001525878906,126665200,-0.006359178937028531,0.1938884817435625,4078830529.339091
2015-03-05,28.19388198852539,31.602500915527344,32.1875,31.440000534057617,32.14500045776367,226068400,-0.0167094218963042,0.20634648184780519,7176164686.568451
2015-03-06,28.23625946044922,31.649999618530273,32.342498779296875,31.565000534057617,32.099998474121094,291368400,0.0015019448401893953,0.2058440147799926,9280811857.261658
2015-03-09,28.35669708251953,31.78499984741211,32.39250183105469,31.264999389648438,31.989999771118164,354114000,0.004256282450939786,0.20182026977440293,11265841941.078186
2015-03-10,27.770116806030273,31.127500534057617,31.80500030517578,30.950000762939453,31.602500915527344,275426400,-0.020902723431778458,0.21799569394435991,8619239813.093567
2015-03-11,27.263824462890625,30.559999465942383,31.1924991607666,30.52750015258789,31.1875,275756000,-0.018399795299480104,0.21952834540475247,8482254447.794596
2015-03-12,27.756732940673828,31.112499237060547,31.225000381469727,30.407499313354492,30.577499389648438,193450800,0.01791772705045469,0.21323505594371342,5980531413.124084
2015-03-13,27.564918518066406,30.897499084472656,31.350000381469727,30.645000457763672,31.100000381469727,207309200,-0.006934543210895594,0.20918612802051642,6419156615.061188
2015-03-16,27.86824607849121,31.237499237060547,31.237499237060547,30.717500686645508,30.969999313354492,143497200,0.010944011229492734,0.2124113267528651,4457620896.857452
2015-03-17,28.334392547607422,31.760000228881836,31.829999923706055,31.412500381469727,31.475000381469727,204092400,0.016588443882386006,0.21978459852794588,6463096113.332367
2015-03-18,28.653335571289062,32.11750030517578,32.290000915527344,31.592500686645508,31.75,261083600,0.011193510054103406,0.2220343876701291,8354675365.992482
2015-03-19,28.436983108520508,31.875,32.3125,31.850000381469727,32.1875,183238000,-0.007579341068446155,0.2234618657550074,5865906498.299917
2015-03-20,28.080135345458984,31.475000381469727,32.099998474121094,31.290000915527344,32.0625,274780400,-0.012628121001329262,0.22504078637071628,8689014194.369253
2015-03-23,28.372310638427734,31.802499771118164,31.962499618530273,31.6299991607666,31.780000686645508,150838800,0.010351292906297438,0.20563313290488386,4796422369.115448
2015-03-24,28.256336212158203,31.672500610351562,32.0099983215332,31.639999389648438,31.8075008392334,131369200,-0.004095968908352177,0.2052339503883685,4174146782.167053
2015-03-25,27.518075942993164,30.844999313354492,31.704999923706055,30.844999313354492,31.635000228881836,206620800,-0.026474627380099758,0.20607234164795318,6432449772.161865
2015-03-26,27.70989227294922,31.059999465942383,31.219999313354492,30.649999618530273,30.690000534057617,190291600,0.006946375448794395,0.20188195133626513,5894599361.0399885
2015-03-27,27.489089965820312,30.8125,31.174999237060547,30.727500915527344,31.142499923706055,158184800,-0.008000273768289823,0.1976826368255194,4888701252.045694
2015-03-30,28.18495750427246,31.592500686645508,31.600000381469727,31.0,31.012500762939453,188398800,0.024999216350395592,0.21782009442279152,5915251390.077209
2015-03-31,27.75226593017578,31.107500076293945,31.622499465942383,31.09000015258789,31.522499084472656,168362400,-0.015470921789404457,0.22302672958211162,5265253438.873291
2015-04-01,27.712121963500977,31.0625,31.280000686645508,30.774999618530273,31.204999923706055,162485600,-0.001447558522115422,0.22244788047060127,5043417635.862223
2015-04-02,27.950777053833008,31.329999923706055,31.389999389648438,31.047500610351562,31.25749969482422,128880400,0.008575067304718687,0.2181060210936506,4028264299.0557356
2015-04-06,28.403528213500977,31.837499618530273,31.877500534057617,31.082500457763672,31.11750030517578,148776000,0.016068369537732163,0.22543359901086327,4701197650.268555
2015-04-07,28.10466194152832,31.502500534057617,32.029998779296875,31.4950008392334,31.90999984741211,140049200,-0.010577902349259816,0.22797730169864625,4436175124.789938
2015-04-08,28.013216018676758,31.399999618530273,31.600000381469727,31.24250030517578,31.462499618530273,149316800,-0.0032590684864342023,0.21588097627398264,4690662856.522623
2015-04-09,28.227336883544922,31.639999389648438,31.645000457763672,31.165000915527344,31.462499618530273,129936000,0.007614501934626983,0.20580902009480842,4090818433.0444336
2015-04-10,28.347774505615234,31.774999618530273,31.802499771118164,31.315000534057617,31.487499237060547,160752000,0.0042576249890728946,0.19753683441343978,5084719715.911865
2015-04-13,28.292015075683594,31.712499618530273,32.14250183105469,31.65250015258789,32.092498779296875,145460400,-0.001968914374753883,0.19574569150612042,4630853128.684235
2015-04-14,28.16934585571289,31.575000762939453,31.822500228881836,31.477500915527344,31.75,102098400,-0.004345251724685362,0.19338938474215206,3228861964.9124146
2015-04-15,28.276397705078125,31.69499969482422,31.782499313354492,31.502500534057617,31.602500915527344,115881600,0.003793093011561055,0.1848881429451706,3668811438.317871
2015-04-16,28.140350341796875,31.542499542236328,31.774999618530273,31.52750015258789,31.56999969482422,113476000,-0.00482295175478864,0.18081769591472713,3587543714.027405
2015-04-17,27.823644638061523,31.1875,31.53499984741211,31.114999771118164,31.387500762939453,207828000,-0.011318315813168223,0.18300659276091788,6500686623.573303
2015-04-20,28.459291458129883,31.899999618530273,32.029998779296875,31.292499542236328,31.392499923706055,188217200,0.02258851053888611,0.19518535289192043,5974170646.428171
2015-04-21,28.305397033691406,31.727500915527344,32.04999923706055,31.667499542236328,32.025001525878906,129740400,-0.005422201920664893,0.19294429974718405,4127690812.802124
2015-04-22,28.686786651611328,32.154998779296875,32.217498779296875,31.579999923706055,31.747499465942383,150618000,0.013384126965785725,0.19781991454146367,4817391088.596344
2015-04-23,28.920969009399414,32.41749954223633,32.60499954223633,32.03499984741211,32.07500076293945,183083600,0.008130281941486128,0.17239646506773598,5923212103.815206
2015-04-24,29.057025909423828,32.56999969482422,32.657501220703125,32.307498931884766,32.622501373291016,178103600,0.004693406523308408,0.1718373449765316,5790444866.274516
2015-04-27,29.585617065429688,33.162498474121094,33.282501220703125,32.787498474121094,33.07749938964844,387816800,0.01802802348419652,0.17559354924866147,12828009965.29541
2015-04-28,29.119474411010742,32.63999938964844,33.6349983215332,32.39250183105469,33.6150016784668,475696000,-0.01588115919265265,0.1699102039858914,15645244954.081217
2015-04-29,28.69124412536621,32.15999984741211,32.897499084472656,32.07500076293945,32.540000915527344,253544400,-0.014815180614649481,0.16909175543708616,8209133785.208131
2015-04-30,27.912853240966797,31.287500381469727,32.15999984741211,31.145000457763672,32.15999984741211,332781600,-0.0275047210957009,0.196881578488537,10492881242.167664
2015-05-01,28.760385513305664,32.23749923706055,32.532501220703125,31.325000762939453,31.524999618530273,234050400,0.029911664876216104,0.22051832801591778,7497024491.2353525
2015-05-04,28.704627990722656,32.17499923706055,32.64250183105469,32.064998626708984,32.375,203953200,-0.001940573461341355,0.21416386027530343,6586498612.252808
2015-05-05,28.057828903198242,31.450000762939453,32.11249923706055,31.44499969482422,32.037498474121094,197085600,-0.022790665488258366,0.22598505083890716,6241536693.951416
2015-05-06,27.88163185119629,31.252500534057617,31.6875,30.84000015258789,31.639999389648438,288564000,-0.0062995828819212285,0.2267668984962157,9020510706.047058
2015-05-07,28.054092407226562,31.315000534057617,31.520000457763672,31.0049991607666,31.1924991607666,175763600,0.006166402770104273,0.22618989217410568,5497885416.939798
2015-05-08,28.582645416259766,31.905000686645508,31.905000686645508,31.52750015258789,31.670000076293945,222201600,0.01866521182107972,0.2351683735049348,7061381793.017578
2015-05-11,28.291494369506836,31.579999923706055,31.889999389648438,31.407499313354492,31.84749984741211,168143200,-0.010238522858646792,0.23794754616309857,5317668742.363484
2015-05-12,28.190704345703125,31.467500686645508,31.719999313354492,31.204999923706055,31.399999618530273,192640000,-0.003568916688016621,0.23778405759720164,6061257061.767578
2015-05-13,28.22205924987793,31.502500534057617,31.797500610351562,31.467500686645508,31.537500381469727,138776800,0.0011116245829887461,0.2374312020450427,4383843549.369304
2015-05-14,28.88051986694336,32.23749923706055,32.23749923706055,31.790000915527344,31.852500915527344,180814000,0.023063399740533175,0.2497205524692405,5802019866.546631
2015-05-15,28.840208053588867,32.192501068115234,32.372501373291016,32.0525016784668,32.26750183105469,152832000,-0.0013967883414109927,0.24573205696684705,4922082129.8828125
2015-05-18,29.15823745727539,32.54750061035156,32.68000030517578,32.09000015258789,32.095001220703125,203531600,0.010966935007502787,0.2364551340099795,6602395566.798401
2015-05-19,29.131370544433594,32.51750183105469,32.720001220703125,32.40999984741211,32.67250061035156,178532800,-0.0009218423545966914,0.23537407235656266,5811094035.198975
2015-05-20,29.129131317138672,32.51499938964844,32.744998931884766,32.334999084472656,32.5,145819600,-7.68694818780169e-05,0.2313387590023365,4743754494.581604
2015-05-21,29.427003860473633,32.84749984741211,32.907501220703125,32.45750045776367,32.51750183105469,158921600,0.010174001813258116,0.23226479923719767,5202695960.831706
2015-05-22,29.684560775756836,33.1349983215332,33.24250030517578,32.849998474121094,32.900001525878906,182384000,0.008714320006878662,0.2335126412336416,6032502610.412598
2015-05-26,29.030580520629883,32.404998779296875,33.227500915527344,32.279998779296875,33.150001525878906,282790400,-0.022277296342782638,0.23821795064981305,9229571536.165363
2015-05-27,29.572580337524414,33.0099983215332,33.064998626708984,32.51250076293945,32.584999084472656,183332800,0.018497816960991287,0.2407426600392936,6024774000.128174
2015-05-28,29.514345169067383,32.94499969482422,32.98749923706055,32.775001525878906,32.96500015258789,122933200,-0.0019711699945075267,0.23427890991202022,4044809631.7581177
2015-05-29,29.17840003967285,32.56999969482422,32.86249923706055,32.474998474121094,32.807498931884766,203538000,-0.011447711194800814,0.21510727462240584,6642632069.007873
2015-06-01,29.236631393432617,32.6349983215332,32.84749984741211,32.51250076293945,32.56999969482422,128451200,0.00199371194775555,0.1900438332406331,4195858402.2664385
2015-06-02,29.106739044189453,32.4900016784668,32.665000915527344,32.33000183105469,32.46500015258789,134670400,-0.00445269318099939,0.19070142046764718,4376114846.641031
2015-06-03,29.142559051513672,32.529998779296875,32.73500061035156,32.474998474121094,32.665000915527344,123934000,0.001229886471096453,0.17046092580704583,4037769631.749471
2015-06-04,28.972362518310547,32.34000015258789,32.64500045776367,32.227500915527344,32.39500045776367,153800400,-0.005857257144624928,0.17019961687825638,4983773873.226929
2015-06-05,28.813331604003906,32.162498474121094,32.42250061035156,32.09000015258789,32.375,142507200,-0.005504176015235007,0.17131553528164814,4592294483.758545
2015-06-08,28.622957229614258,31.950000762939453,32.3025016784668,31.707500457763672,32.224998474121094,210699200,-0.00662908678184726,0.16112415696034393,6739565280.950928
2015-06-09,28.53784942626953,31.854999542236328,32.02000045776367,31.405000686645508,31.674999237060547,224301600,-0.0029778399296715996,0.1571807706502291,7123818867.338562
2015-06-10,28.86484146118164,32.220001220703125,32.334999084472656,31.962499618530273,31.979999542236328,156349200,0.01139303983314699,0.16086119245921127,5030144633.023834
2015-06-11,28.799894332885742,32.147499084472656,32.54499816894531,32.119998931884766,32.29499816894531,141563600,-0.0022525779356810105,0.1613001252311213,4568375161.659241
2015-06-12,28.48186492919922,31.792499542236328,32.08250045776367,31.77750015258789,32.04750061035156,147544800,-0.011104151673648754,0.14493521558022704,4704343001.504517
2015-06-15,28.425861358642578,31.729999542236328,31.809999465942383,31.427499771118164,31.524999618530273,175955600,-0.0019682244323999676,0.14498355581198852,5570021076.07015
2015-06-16,28.578166961669922,31.899999618530273,31.962499618530273,31.592500686645508,31.75749969482422,125976400,0.005343691312329035,0.14050666573852458,4008359084.129588
2015-06-17,28.51097869873047,31.825000762939453,31.969999313354492,31.684999465942383,31.93000030517578,131672400,-0.002353802747719236,0.1405833454025604,4190693563.908386
2015-06-18,28.6408748626709,31.969999313354492,32.07749938964844,31.80500030517578,31.8075008392334,141628800,0.004545657910158152,0.1419009256529241,4525158137.176514
2015-06-19,28.354198455810547,31.649999618530273,31.954999923706055,31.600000381469727,31.927499771118164,218867600,-0.010059775618506794,0.13934801440919728,6945763280.433908
2015-06-22,28.58041000366211,31.90250015258789,32.01499938964844,31.770000457763672,31.872499465942383,136157200,0.007946405334888773,0.13863751173999173,4342847358.333333
2015-06-23,28.45050811767578,31.75749969482422,31.90250015258789,31.719999313354492,31.8700008392334,121075600,-0.004555497786642881,0.11780191674566763,3849396875.4631042
2015-06-24,28.69239044189453,32.02750015258789,32.45000076293945,31.780000686645508,31.802499771118164,221123600,0.008465925775372973,0.10074967182031155,7094935093.75941
2015-06-25,28.555770874023438,31.875,32.29999923706055,31.875,32.21500015258789,127752400,-0.004772898345954513,0.10137535238259739,4090205974.1775513
2015-06-26,28.38779640197754,31.6875,31.997499465942383,31.627500534057617,31.917499542236328,176267200,-0.0058996992038702345,0.0963104787280912,5600155833.333333
2015-06-29,27.890586853027344,31.13249969482422,31.61750030517578,31.1200008392334,31.364999771118164,196645600,-0.01767010554361459,0.11061448497037814,6153040879.010518
2015-06-30,28.092159271240234,31.357500076293945,31.530000686645508,31.21500015258789,31.392499923706055,177482800,0.007201264791959261,0.11508998175691712,5567191783.163452
2015-07-01,28.354198455810547,31.649999618530273,31.735000610351562,31.497499465942383,31.725000381469727,120955200,0.00928460497786121,0.12096287496967283,3825510575.695801
2015-07-02,28.31837272644043,31.610000610351562,31.672500610351562,31.4424991607666,31.607500076293945,108844000,-0.0012643059383030675,0.11985534071896242,3436749313.84023
2015-07-06,28.219818115234375,31.5,31.5575008392334,31.212499618530273,31.235000610351562,112241600,-0.0034863057894480853,0.11913103113863194,3527005227.7933755
2015-07-07,28.150390625,31.422500610351562,31.537500381469727,30.9424991607666,31.47249984741211,187787200,-0.0024632701170128612,0.11752985885414344,5877895858.884685
2015-07-08,27.451614379882812,30.642499923706055,31.15999984741211,30.635000228881836,31.1200008392334,243046400,-0.02513625316410284,0.14452847981132583,7488867200.0
2015-07-09,26.891700744628906,30.017499923706055,31.014999389648438,29.80500030517578,30.962499618530273,314380000,-0.020607261379059327,0.14964583040591778,9519164376.691181
2015-07-10,27.610637664794922,30.81999969482422,30.962499618530273,30.302499771118164,30.485000610351562,245418000,0.026383404603943283,0.18204060958464488,7533105435.10437
2015-07-13,28.1436710357666,31.415000915527344,31.440000534057617,31.079999923706055,31.25749969482422,165762000,0.019121378212743068,0.19293147111940026,5190284565.879822
2015-07-14,28.132471084594727,31.40250015258789,31.592500686645508,31.260000228881836,31.510000228881836,127072400,-0.00039803550484318606,0.1928673556513539,3992403065.9093223
2015-07-15,28.403472900390625,31.704999923706055,31.787500381469727,31.395000457763672,31.43000030517578,134596800,0.009586959103677906,0.19503900331844018,4257184654.2297363
2015-07-16,28.781978607177734,32.127498626708984,32.14250183105469,31.837499618530273,31.934999465942383,144889600,0.013238025560879052,0.20036416485531283,4641659081.018066
2015-07-17,29.030580520629883,32.404998779296875,32.404998779296875,32.07749938964844,32.27000045776367,184658800,0.00860032662569088,0.20188789690509426,5963709640.4886875
2015-07-20,29.579299926757812,33.01750183105469,33.24250030517578,32.67499923706055,32.74250030517578,235600800,0.018725014785719196,0.2070974158874758,7769721823.849488
2015-07-21,29.283660888671875,32.6875,33.22999954223633,32.58000183105469,33.212501525878906,307025600,-0.010045078259959705,0.21004777875958844,10080418152.545166
2015-07-22,28.045127868652344,31.30500030517578,31.375,30.497499465942383,30.497499465942383,461802400,-0.04321478926841671,0.26006119016057117,14343197673.43394
2015-07-23,28.031686782836914,31.290000915527344,31.772499084472656,31.264999389648438,31.549999237060547,203998000,-0.0004793812257832819,0.2579137222390091,6414207073.496501
2015-07-24,27.88387107849121,31.125,31.434999465942383,30.975000381469727,31.329999923706055,168649200,-0.00528711701469442,0.25801048008303806,5258200965.422058
2015-07-27,27.496410369873047,30.6924991607666,30.90250015258789,30.530000686645508,30.772499084472656,177822000,-0.013992959971523167,0.26136925769624797,5460617250.0
2015-07-28,27.63302230834961,30.844999313354492,30.977500915527344,30.637500762939453,30.844999313354492,134472400,0.004956053834293428,0.2554922059411386,4144439412.45753
2015-07-29,27.54567527770996,30.747499465942383,30.875,30.5674991607666,30.787500381469727,148046800,-0.0031659719210574977,0.25408707936917285,4549478096.229553
2015-07-30,27.406816482543945,30.592500686645508,30.642499923706055,30.427499771118164,30.579999923706055,134513200,-0.00505378687169733,0.2516176740529691,4109938748.7709045
2015-07-31,27.16718292236328,30.325000762939453,30.65999984741211,30.227500915527344,30.649999618530273,171540000,-0.008782024514081055,0.25279550724775857,5215530837.249756
2015-08-03,26.52663230895996,29.610000610351562,30.642499923706055,29.3799991607666,30.375,279904000,-0.023860513559363472,0.26381621367252084,8362831731.526692
2015-08-04,25.675554275512695,28.65999984741211,29.424999237060547,28.3125,29.354999542236328,496554400,-0.03260987739364962,0.28284017126831046,14300352773.130291
2015-08-05,25.845775604248047,28.850000381469727,29.360000610351562,28.024999618530273,28.237499237060547,397250400,0.006607824312823585,0.275015369781853,11418962828.8208
2015-08-06,25.902015686035156,28.782499313354492,29.125,28.530000686645508,28.99250030517578,211612000,0.0021736233577374087,0.2678535732432554,6097070750.0
2015-08-07,25.989763259887695,28.8799991607666,29.0625,28.625,28.645000457763672,154681600,0.00338194832668659,0.2483927320903635,4463466426.062012
2015-08-10,26.934677124023438,29.93000030517578,29.997499465942383,29.13249969482422,29.13249969482422,219806400,0.035711829113449056,0.27249315340080554,6525319288.870239
2015-08-11,25.533052444458008,28.372499465942383,29.545000076293945,28.332500457763672,29.452499389648438,388331200,-0.05344078168487165,0.3248507599329356,11164522000.0
2015-08-12,25.926767349243164,28.809999465942383,28.854999542236328,27.407499313354492,28.13249969482422,404870000,0.015302136263670718,0.32863031901627965,11481100798.479715
2015-08-13,25.90651512145996,28.787500381469727,29.100000381469727,28.635000228881836,29.010000228881836,194143200,-0.0007814372483636589,0.32258647599848206,5599251738.18512
2015-08-14,26.088748931884766,28.989999771118164,29.077499389648438,28.502500534057617,28.579999923706055,171718000,0.007009659818778324,0.32177107174790054,4955209069.198608
2015-08-17,26.358736038208008,29.290000915527344,29.412500381469727,28.875,29.010000228881836,163538800,0.010295612510339502,0.31507896028591753,4774106489.7031145
2015-08-18,26.210243225097656,29.125,29.360000610351562,29.002500534057617,29.107500076293945,138242800,-0.005649461341559636,0.3146931653743246,4031505707.735443
2015-08-19,25.875017166137695,28.752500534057617,29.1299991607666,28.670000076293945,29.024999618530273,193146000,-0.0128723821400758,0.2850402095078195,5572423040.26413
2015-08-20,25.34406280517578,28.162500381469727,28.587499618530273,27.907499313354492,28.520000457763672,274006400,-0.020733421273718022,0.2904267433334253,7732232206.618246
2015-08-21,23.7939510345459,26.440000534057617,27.975000381469727,26.412500381469727,27.607500076293945,513102000,-0.06311310357580702,0.35317739089927125,13824250856.830597
2015-08-24,23.200002670288086,25.780000686645508,27.200000762939453,23.0,23.717500686645508,648825200,-0.02527899639051734,0.3577471962493011,16432579878.842417
2015-08-25,23.339487075805664,25.934999465942383,27.77750015258789,25.875,27.77750015258789,414406400,0.00599425665948683,0.35825672153186505,10993856400.638834
2015-08-26,24.67812728881836,27.422500610351562,27.47249984741211,26.262500762939453,26.772499084472656,387098400,0.055770666020285464,0.4216204704022071,10471979623.510742
2015-08-27,25.404809951782227,28.229999542236328,28.309999465942383,27.5049991607666,28.0575008392334,338464400,0.029021207826348316,0.4382263437249563,9482079959.417725
2015-08-28,25.488056182861328,28.322500228881836,28.327499389648438,27.885000228881836,28.042499542236328,212657600,0.003271433175035643,0.438481351058626,5992336727.850342
2015-08-31,25.368816375732422,28.190000534057617,28.63249969482422,28.0,28.00749969482422,224917200,-0.004689239413537383,0.4320637206128202,6359346416.159821
2015-09-01,24.234914779663086,26.93000030517578,27.969999313354492,26.84000015258789,27.537500381469727,307383600,-0.04572636516314432,0.4458470153203571,8375178464.548492
2015-09-02,25.274314880371094,28.084999084472656,28.084999084472656,27.282499313354492,27.5575008392334,247555200,0.04199430505136803,0.47141866940120825,6886366568.243408
2015-09-03,24.831111907958984,27.592500686645508,28.19499969482422,27.510000228881836,28.122499465942383,212935600,-0.017691278581291048,0.47466973859175843,5912334423.655192
2015-09-04,24.583629608154297,27.3174991607666,27.612499237060547,27.127500534057617,27.24250030517578,199985200,-0.010016621009113269,0.4749794907676835,5470095111.797587
2015-09-08,25.267578125,28.077499389648438,28.139999389648438,27.579999923706055,27.9375,219374400,0.027441318542073656,0.46733468230014874,6127675333.157349
2015-09-09,24.78160858154297,27.537500381469727,28.5049991607666,27.4424991607666,28.440000534057617,340043200,-0.01942028827485176,0.43494695643376974,9462835370.321655
2015-09-10,25.326066970825195,28.142499923706055,28.31999969482422,27.475000381469727,27.5674991607666,251571200,0.021732391772053106,0.438629017223283,7038752533.333334
2015-09-11,25.69503402709961,28.552499771118164,28.552499771118164,27.940000534057617,27.947500228881836,199662000,0.014463564337018564,0.4419586415941389,5660084935.077667
2015-09-14,25.942516326904297,28.827499389648438,29.22249984741211,28.71500015258789,29.145000457763672,233453600,0.009585435134173093,0.44259287542606107,6751867153.837076
2015-09-15,26.16073989868164,29.06999969482422,29.13249969482422,28.604999542236328,28.982500076293945,173364800,0.008376629930985313,0.44206454602331263,5016454896.942139
2015-09-16,26.189992904663086,29.102500915527344,29.135000228881836,28.860000610351562,29.0625,148694000,0.001117577824021776,0.44166740071840555,4316958641.974131
2015-09-17,25.62978744506836,28.479999542236328,29.122499465942383,28.43000030517578,28.915000915527344,256450400,-0.02162214046861699,0.44588816550119775,7354356287.303162
2015-09-18,25.524049758911133,28.362499237060547,28.575000762939453,27.967500686645508,28.052499771118164,297141200,-0.0041341116339475015,0.44004631431195274,8409591263.343557
2015-09-21,25.920015335083008,28.802499771118164,28.842500686645508,28.415000915527344,28.417499542236328,200888000,0.015394327615958048,0.376636004563215,5762807185.2925625
2015-09-22,25.512798309326172,28.350000381469727,28.545000076293945,28.1299991607666,28.344999313354492,201384800,-0.015835242374337977,0.3686297342124632,5707580847.725931
2015-09-23,25.71978759765625,28.579999923706055,28.68000030517578,28.325000762939453,28.407499313354492,143026800,0.008080420338491656,0.36878898357430295,4080316273.285675
2015-09-24,25.87276840209961,28.75,28.875,28.092500686645508,28.3125,200878000,0.005930361457365585,0.3190478096346471,5739586700.977325
2015-09-25,25.807527542114258,28.677499771118164,29.172500610351562,28.5049991607666,29.110000610351562,224607600,-0.0025247879660965644,0.3041575377942067,6465329731.7276
2015-09-28,25.296823501586914,28.110000610351562,28.642499923706055,28.110000610351562,28.462499618530273,208436000,-0.019987380016570633,0.312299064035889,5896133429.512024
2015-09-29,24.536386489868164,27.264999389648438,28.377500534057617,26.96500015258789,28.207500457763672,293461600,-0.03052165591521394,0.32912901430925884,8080709714.796448
2015-09-30,24.815359115600586,27.575000762939453,27.885000228881836,27.1825008392334,27.542499542236328,265892000,0.011305602010576177,0.2897229684725455,7324660032.287598
2015-10-01,24.65337562561035,27.395000457763672,27.405000686645508,26.827499389648438,27.267499923706055,255716400,-0.006548947321002085,0.24944444074027314,6957830192.52243
2015-10-02,24.833358764648438,27.594999313354492,27.752500534057617,26.887500762939453,27.002500534057617,232079200,0.00727402746828254,0.24358871164446486,6361677717.883301
2015-10-05,24.923351287841797,27.69499969482422,27.842500686645508,27.267499923706055,27.469999313354492,208258800,0.0036173059363058258,0.2410756664997777,5748289999.185181
2015-10-06,25.042587280273438,27.827499389648438,27.934999465942383,27.4424991607666,27.657499313354492,192787200,0.004772700050671652,0.22132471199315656,5346952864.526367
2015-10-07,24.923351287841797,27.69499969482422,27.9424991607666,27.352500915527344,27.934999465942383,187062400,-0.004772700050671652,0.2110674914426607,5174769511.0616045
2015-10-08,24.6353702545166,27.375,27.547500610351562,27.052499771118164,27.547500610351562,247918400,-0.01162194123699134,0.19959767549137986,6774370311.524454
2015-10-09,25.224828720092773,28.030000686645508,28.06999969482422,27.372499465942383,27.5,211064400,0.02364555063510343,0.21098573084659472,5872691032.264709
2015-10-12,25.107837677001953,27.899999618530273,28.1875,27.860000610351562,28.1825008392334,121868800,-0.0046487206878733645,0.2077755770479333,3410193705.2978516
2015-10-13,25.15058708190918,27.947500228881836,28.112499237060547,27.670000076293945,27.704999923706055,132197200,0.0017011840471372608,0.20498755440172,3689623831.828308
2015-10-14,24.795114517211914,27.552499771118164,27.8799991607666,27.389999389648438,27.822500228881836,177849600,-0.01423460099925844,0.20891866279157373,4909982732.495117
2015-10-15,25.166322708129883,27.96500015258789,28.024999618530273,27.622499465942383,27.732500076293945,150694000,0.014860061775738842,0.20546528831874492,4199967320.0098677
2015-10-16,24.981849670410156,27.760000228881836,28.0,27.63249969482422,27.94499969482422,156930400,-0.007357152257438049,0.2064025100670902,4362272790.009053
2015-10-19,25.137086868286133,27.9325008392334,27.9375,27.52750015258789,27.700000762939453,119036800,0.0061947720775772375,0.19949261631347945,3309123882.021077
2015-10-20,25.596036911010742,28.4424991607666,28.542499542236328,27.704999923706055,27.834999084472656,195871200,0.0180932112508696,0.2033434310235501,5529443886.33728
2015-10-21,25.59379005432129,28.440000534057617,28.895000457763672,28.424999237060547,28.5,167180800,-8.778528172870281e-05,0.2012894545531188,4779141815.42155
2015-10-22,25.985260009765625,28.875,28.875,28.524999618530273,28.582500457763672,166616400,0.0151797085025982,0.2073185596294553,4791609948.813629
2015-10-23,26.79068374633789,29.770000457763672,29.8075008392334,29.082500457763672,29.174999237060547,237467600,0.03052475111845876,0.23188801649158486,7017959277.566275
2015-10-26,25.935762405395508,28.81999969482422,29.532499313354492,28.729999542236328,29.520000457763672,265335200,-0.032431401529511295,0.24995940423632917,7702017389.791361
2015-10-27,25.771528244018555,28.637500762939453,29.135000228881836,28.497499465942383,28.850000381469727,279537600,-0.006352478020243968,0.2238810542662842,8038569626.654053
2015-10-28,26.83343505859375,29.8174991607666,29.825000762939453,29.014999389648438,29.232500076293945,342205600,0.040378360625289655,0.2583095803237851,10113030915.675354
2015-10-29,27.116918563842773,30.13249969482422,30.172500610351562,29.5674991607666,29.674999237060547,204909200,0.010509147586794665,0.2563420200247878,6138567322.522226
2015-10-30,26.885181427001953,29.875,30.30500030517578,29.862499237060547,30.247499465942383,197461200,-0.008582575839453987,0.2602252459161949,5926633336.869812
2015-11-02,27.263153076171875,30.295000076293945,30.34000015258789,29.90250015258789,30.200000762939453,128813200,0.013960827850239887,0.26249964278127447,3887475048.046112
2015-11-03,27.57587432861328,30.642499923706055,30.872499465942383,30.174999237060547,30.197500228881836,182076000,0.011405185579923316,0.26359144245714844,5564849396.652222
2015-11-04,27.447633743286133,30.5,30.954999923706055,30.405000686645508,30.782499313354492,179544400,-0.004661310120701145,0.26354065195417803,5497649564.528401
2015-11-05,27.32110595703125,30.229999542236328,30.672500610351562,30.045000076293945,30.462499618530273,158210800,-0.004620446336563333,0.25911159394071204,4796292256.403859
2015-11-06,27.352741241455078,30.264999389648438,30.452499389648438,30.155000686645508,30.27750015258789,132169200,0.0011572365792904549,0.2504482040061688,4003515185.471344
2015-11-09,27.242021560668945,30.142499923706055,30.452499389648438,30.012500762939453,30.239999771118164,135485600,-0.004056060577848353,0.2501971234600001,4092003837.445577
2015-11-10,26.383440017700195,29.1924991607666,29.517499923706055,29.014999389648438,29.225000381469727,236511600,-0.032024150196364065,0.27970366136342245,6915993249.7039795
2015-11-11,26.23431968688965,29.02750015258789,29.354999542236328,28.802499771118164,29.092500686645508,180872000,-0.0056680759835083805,0.27481467280988814,5256441741.134644
2015-11-12,26.146198272705078,28.93000030517578,29.204999923706055,28.912500381469727,29.065000534057617,130102400,-0.003364666893428847,0.27197384682225156,3775029581.136068
2015-11-13,25.38250160217285,28.084999084472656,28.892499923706055,28.0674991607666,28.799999237060547,183249600,-0.029643775086697133,0.29175290680377935,5194820632.15332
2015-11-16,25.798248291015625,28.545000076293945,28.559999465942383,27.75,27.844999313354492,152426800,0.016246570611086586,0.29613653886660524,4311392014.741516
2015-11-17,25.687536239624023,28.422500610351562,28.762500762939453,28.329999923706055,28.729999542236328,110467600,-0.004300690881744451,0.29020980591416196,3148878985.7587175
2015-11-18,26.500930786132812,29.322500228881836,29.372499465942383,28.875,28.940000534057617,186698800,0.031173953336613547,0.30937073857282815,5449737953.008016
2015-11-19,26.837583541870117,29.69499969482422,29.9375,29.190000534057617,29.40999984741211,173183200,0.012623419697952443,0.3080954472470675,5127521607.21283
2015-11-20,26.955074310302734,29.825000762939453,29.979999542236328,29.712499618530273,29.799999237060547,137148400,0.004368289649672619,0.2899235892657134,4092393962.1788025
2015-11-23,26.6048641204834,29.4375,29.9325008392334,29.334999084472656,29.8174991607666,129930000,-0.013077504985175903,0.26939333364717777,3841813546.695709
2015-11-24,26.860187530517578,29.719999313354492,29.837499618530273,29.280000686645508,29.332500457763672,171212800,0.009551112104444481,0.26933989427862154,5070039018.229167
2015-11-25,26.66812515258789,29.50749969482422,29.8075008392334,29.479999542236328,29.802499771118164,85553200,-0.007176135115050553,0.23174139276296488,2532232133.5090637
2015-11-27,26.618425369262695,29.452499389648438,29.602500915527344,29.399999618530273,29.572500228881836,52185600,-0.0018653786837354858,0.2283933478718259,1538692414.6728516
2015-11-30,26.7291316986084,29.575000762939453,29.852500915527344,29.4375,29.497499465942383,156721200,0.004150386422420382,0.22726190897614867,4642343233.683777
2015-12-01,26.512224197387695,29.334999084472656,29.702499389648438,29.21500015258789,29.6875,139409600,-0.008148128372985841,0.22261761854385168,4101081844.1833496
2015-12-02,26.272720336914062,29.06999969482422,29.52750015258789,29.020000457763672,29.334999084472656,133546400,-0.009074765776760696,0.21902573987698015,3900333914.251709
2015-12-03,26.02870750427246,28.799999237060547,29.197500228881836,28.55500030517578,29.137500762939453,166278000,-0.009331087628432932,0.22022033650974362,4797258852.313995
2015-12-04,26.89406967163086,29.75749969482422,29.8125,28.77750015258789,28.822500228881836,231108000,0.032705740306900655,0.25164349076314263,6805937998.245239
2015-12-07,26.724611282348633,29.56999969482422,29.96500015258789,29.452499389648438,29.7450008392334,128336800,-0.0063208922888082775,0.2522445626160807,3806790297.3622637
2015-12-08,26.713315963745117,29.5575008392334,29.649999618530273,29.21500015258789,29.3799991607666,137238000,-0.0004227453927887481,0.2520323766366736,4044975712.9211426
2015-12-09,26.12360954284668,28.905000686645508,29.422500610351562,28.770000457763672,29.40999984741211,185445600,-0.0223226806897574,0.23886673633866068,5383949490.470886
2015-12-10,26.247867584228516,29.042499542236328,29.235000610351562,28.877500534057617,29.010000228881836,116850800,0.004745265223118356,0.23874207658880725,3394710518.078359
2015-12-11,25.57230567932129,28.295000076293945,28.84749984741211,28.212499618530273,28.797500610351562,187544800,-0.02607479434551463,0.255169867821301,5335962106.049602
2015-12-14,25.414138793945312,28.1200008392334,28.170000076293945,27.447500228881836,28.045000076293945,257274800,-0.00620429192004357,0.23416601554349786,7181182953.142548
2015-12-15,24.964506149291992,27.622499465942383,28.200000762939453,27.587499618530273,27.985000610351562,213292400,-0.017850602551630068,0.23418779004342175,5930239683.818054
2015-12-16,25.15656280517578,27.834999084472656,27.997499465942383,27.200000762939453,27.767499923706055,224954000,0.007663746998809007,0.23612701710608316,6226164283.5121155
2015-12-17,24.623342514038086,27.2450008392334,28.0625,27.2450008392334,28.0049991607666,179091200,-0.02142393331478898,0.2148653727349694,4928142196.199545
2015-12-18,23.95680046081543,26.50749969482422,27.3799991607666,26.452499389648438,27.227500915527344,385813200,-0.027442648081616117,0.22119507895526466,10332077270.330048
2015-12-21,24.250532150268555,26.832500457763672,26.842500686645508,26.392499923706055,26.81999969482422,190362400,0.012186333847106212,0.22724011481437334,5080613888.442993
2015-12-22,24.227935791015625,26.8075008392334,26.93000030517578,26.612499237060547,26.850000381469727,131157600,-0.0009322225659738059,0.22587443735599744,3512837736.6775513
2015-12-23,24.53973960876465,27.15250015258789,27.212499618530273,26.799999237060547,26.8174991607666,130629600,0.012787489418967457,0.22870336568334157,3534183784.8129272
2015-12-24,24.40869140625,27.00749969482422,27.25,26.987499237060547,27.25,54281600,-0.005354554289348723,0.22852332341382378,1470036178.0069985
2015-12-28,24.135292053222656,26.704999923706055,26.922500610351562,26.545000076293945,26.897499084472656,106816800,-0.011264104190912061,0.2295075127180158,2854589987.7319336
2015-12-29,24.569116592407227,27.184999465942383,27.357500076293945,26.71500015258789,26.739999771118164,123724800,0.017815061305297863,0.24088180577060245,3351189299.4140625
2015-12-30,24.24827766418457,26.829999923706055,27.174999237060547,26.795000076293945,27.145000457763672,100855200,-0.013144640457900536,0.24252491268977835,2716366694.3511963
2015-12-31,23.782827377319336,26.315000534057617,26.75749969482422,26.204999923706055,26.752500534057617,163649200,-0.01938180922886623,0.24756375382724663,4324566492.656962
2016-01-04,23.80316162109375,26.337499618530273,26.342500686645508,25.5,25.65250015258789,270597600,0.0008546316022877143,0.2478153138275444,7051773483.526611
2016-01-05,23.2066707611084,25.677499771118164,26.462499618530273,25.602500915527344,26.4375,223164000,-0.0253786429282159,0.21767634476100423,5783109112.701416
2016-01-06,22.752527236938477,25.174999237060547,25.592500686645508,24.967500686645508,25.139999389648438,273829600,-0.019763543583852794,0.22178710435461632,6912828307.710774
2016-01-07,21.792261123657227,24.112499237060547,25.032499313354492,24.107500076293945,24.670000076293945,324377600,-0.04312131412318232,0.2506208185560309,7920489899.511719
2016-01-08,21.90749740600586,24.239999771118164,24.77750015258789,24.190000534057617,24.637500762939453,283192000,0.005274013099200392,0.25195766332569025,6910592823.21167
2016-01-11,22.262222290039062,24.63249969482422,24.764999389648438,24.334999084472656,24.74250030517578,198957600,0.01606224865828043,0.2624477256460425,4889880292.565918
2016-01-12,22.585323333740234,24.989999771118164,25.172500610351562,24.709999084472656,25.137500762939453,196616800,0.014409111109256134,0.2651350849210224,4907063750.998433
2016-01-13,22.004655838012695,24.34749984741211,25.297500610351562,24.325000762939453,25.079999923706055,249758400,-0.02604622534009282,0.27387247785260627,6158209717.626953
2016-01-14,22.485912322998047,24.8799991607666,25.1200008392334,23.934999465942383,24.489999771118164,252680400,0.02163493416953166,0.28822472436379404,6227308413.018036
2016-01-15,21.94590950012207,24.282499313354492,24.427499771118164,23.84000015258789,24.049999237060547,319335600,-0.024308227330815058,0.2914142528495352,7722599178.788757
2016-01-19,21.83971405029297,24.165000915527344,24.662500381469727,23.875,24.602500915527344,212350800,-0.00485070895166384,0.2865548935133531,5146144770.806122
2016-01-20,21.86908531188965,24.197500228881836,24.547500610351562,23.354999542236328,23.774999618530273,289337600,0.0013439520849880537,0.27654405694584294,6953747023.457846
2016-01-21,21.75837516784668,24.075000762939453,24.469999313354492,23.735000610351562,24.264999389648438,208646000,-0.005075261336202619,0.2697390919924976,5026977674.421946
2016-01-22,22.91520118713379,25.354999542236328,25.364999771118164,24.592500686645508,24.657499313354492,263202000,0.05180174903152679,0.3346829065541514,6607466875.0
2016-01-25,22.46783447265625,24.860000610351562,25.38249969482422,24.802499771118164,25.3799991607666,207178000,-0.019715790241650044,0.33451923296421693,5182557675.268809
2016-01-26,22.59210777282715,24.997499465942383,25.219999313354492,24.517499923706055,24.982500076293945,300308000,0.005515924302905706,0.33624240855147014,7481172663.500467
2016-01-27,21.1076602935791,23.354999542236328,24.157499313354492,23.334999084472656,24.010000228881836,533478800,-0.0679646100118263,0.4026305339224281,12598546061.355844
2016-01-28,21.2590274810791,23.522499084472656,23.6299991607666,23.09749984741211,23.447500228881836,222715200,0.007145606112424208,0.39608342751938885,5215247458.401489
2016-01-29,21.99334716796875,24.334999084472656,24.334999084472656,23.587499618530273,23.697500228881836,257666000,0.03395837837195659,0.42003052734450164,6206100141.635895
2016-02-01,21.78774642944336,24.107500076293945,24.177499771118164,23.850000381469727,24.11750030517578,163774000,-0.009392284799299322,0.4170966074905002,3937945842.4949646
2016-02-02,21.34716033935547,23.6200008392334,24.010000228881836,23.56999969482422,23.854999542236328,149428800,-0.020428995724264265,0.42021886192511704,3546443558.001709
2016-02-03,21.76966667175293,24.087499618530273,24.209999084472656,23.520000457763672,23.75,183857200,0.019598838125751694,0.4221438515783103,4401388102.233632
2016-02-04,21.94458770751953,24.149999618530273,24.332500457763672,23.797500610351562,23.96500015258789,185886800,0.008002971655577173,0.41933465547625975,4478632677.212778
2016-02-05,21.358495712280273,23.5049991607666,24.229999542236328,23.422500610351562,24.1299991607666,185672400,-0.027070949270613376,0.40275941377341185,4403994558.50296
2016-02-08,21.583393096923828,23.752500534057617,23.924999237060547,23.260000228881836,23.282499313354492,216085600,0.010474594720185859,0.4041804243166321,5109524083.333333
2016-02-09,21.578847885131836,23.747499465942383,23.985000610351562,23.482500076293945,23.572500228881836,177324800,-0.0002106105570689465,0.3995487393605886,4209395219.6858726
2016-02-10,21.415285110473633,23.5674991607666,24.087499618530273,23.524999618530273,23.979999542236328,169374400,-0.0076086457539945584,0.3957047276200306,4018689840.2109785
2016-02-11,21.285795211791992,23.424999237060547,23.68000030517578,23.147499084472656,23.447500228881836,200298800,-0.006064965786897414,0.3867628895449305,4690497057.310486
2016-02-12,21.3516788482666,23.497499465942383,23.625,23.252500534057617,23.547500610351562,161405600,0.00309041238314256,0.3779093061593359,3786306366.6666665
2016-02-16,21.953678131103516,24.15999984741211,24.212499618530273,23.65250015258789,23.7549991607666,196231600,0.02780432293599322,0.38314319283851095,4711193638.381195
2016-02-17,22.289886474609375,24.530000686645508,24.552499771118164,24.037500381469727,24.167499542236328,179452800,0.015198360177888226,0.3862001204964929,4373862962.200928
2016-02-18,21.867351531982422,24.065000534057617,24.72249984741211,24.022499084472656,24.709999084472656,156084000,-0.019138327424568224,0.39243483661823,3788158652.2140503
2016-02-19,21.81737518310547,24.010000228881836,24.190000534057617,23.950000762939453,24.0,141496800,-0.002288047765790502,0.39209934198217955,3402998111.968994
2016-02-22,22.00819969177246,24.219999313354492,24.225000381469727,23.979999542236328,24.077499389648438,137123200,0.008708418094514059,0.3462129825187022,3310382551.7944336
2016-02-23,21.510700225830078,23.672500610351562,24.125,23.637500762939453,24.100000381469727,127770400,-0.022864600928485412,0.3484054122960097,3042426233.1553144
2016-02-24,21.831008911132812,24.024999618530273,24.094999313354492,23.329999923706055,23.4950008392334,145022800,0.014780889968205813,0.3524342286736019,3453959631.344859
2016-02-25,21.980934143066406,24.190000534057617,24.190000534057617,23.8125,24.012500762939453,110330800,0.006844061536852575,0.2574933060210329,2655018798.9486694
2016-02-26,22.015012741088867,24.227500915527344,24.5049991607666,24.145000457763672,24.299999237060547,115964400,0.00154917019641454,0.2568186561912315,2817065207.6438904
2016-02-29,21.965042114257812,24.172500610351562,24.5575008392334,24.162500381469727,24.21500015258789,140865200,-0.0022724231926973815,0.2286025373133371,3422672282.977295
2016-03-01,22.83736801147461,25.13249969482422,25.1924991607666,24.354999542236328,24.412500381469727,201628400,0.0389459474620546,0.26242239267230305,5019202862.985483
2016-03-02,22.88734245300293,25.1875,25.22249984741211,24.90999984741211,25.127500534057617,132678400,0.0021858842153048563,0.24900660796810406,3331112349.169922
2016-03-03,23.05772590637207,25.375,25.427499771118164,25.112499237060547,25.145000457763672,147822800,0.007416867164097063,0.24255596019184542,3740655905.128733
2016-03-04,23.400745391845703,25.752500534057617,25.9375,25.342500686645508,25.592500686645508,184220400,0.014766982606584378,0.24546947674863978,4730319395.959473
2016-03-07,23.14177894592285,25.467500686645508,25.707500457763672,25.239999771118164,25.59749984741211,143315600,-0.011128279873335867,0.22612205014032716,3650487235.0697837
2016-03-08,22.95095443725586,25.25749969482422,25.440000534057617,25.100000381469727,25.19499969482422,126247600,-0.0082800730135566,0.228661240027025,3189750846.0184736
2016-03-09,22.971397399902344,25.280000686645508,25.395000457763672,25.0674991607666,25.327499389648438,108806800,0.0008903273974021353,0.22849377673863588,2747099694.0684004
2016-03-10,22.98275375366211,25.292499542236328,25.559999465942383,25.037500381469727,25.352500915527344,134054400,0.0004942471444198127,0.2253956834252206,3391129444.7265625
2016-03-11,23.23036766052246,25.565000534057617,25.56999969482422,25.375,25.559999465942383,109632800,0.010716275763849037,0.22386529269805416,2796001851.0309854
2016-03-14,23.28944206237793,25.6299991607666,25.727500915527344,25.44499969482422,25.477500915527344,100304400,0.002539753879543305,0.22391308438351648,2567876219.3473816
2016-03-15,23.757404327392578,26.145000457763672,26.295000076293945,25.962499618530273,25.989999771118164,160270800,0.01989411553959286,0.21496378994613757,4188543807.1517944
2016-03-16,24.07317352294922,26.49250030517578,26.577499389648438,26.147499084472656,26.15250015258789,153214000,0.013203845630800348,0.213755899553421,4045743285.9903975
2016-03-17,24.034547805786133,26.450000762939453,26.61750030517578,26.239999771118164,26.3799991607666,137682800,-0.0016058014969844159,0.198028063831336,3639759592.182668
2016-03-18,24.061811447143555,26.479999542236328,26.625,26.297500610351562,26.584999084472656,176820800,0.0011337092745087318,0.1968515972940523,4680004532.99357
2016-03-21,24.059541702270508,26.477500915527344,26.912500381469727,26.28499984741211,26.482500076293945,142010800,-9.43342082542209e-05,0.19705931658055992,3771570217.506154
2016-03-22,24.243547439575195,26.68000030517578,26.822500228881836,26.302499771118164,26.3125,129777600,0.007618834763952975,0.17020075650386277,3452300469.20166
2016-03-23,24.109516143798828,26.532499313354492,26.767499923706055,26.475000381469727,26.6200008392334,102814000,-0.005543873712471115,0.17147997392150527,2733995603.59319
2016-03-24,24.005014419555664,26.417499542236328,26.5625,26.22249984741211,26.36750030517578,104532000,-0.004343880625765184,0.17428006917970673,2759731888.73291
2016-03-28,23.895971298217773,26.297500610351562,26.547500610351562,26.264999389648438,26.5,77645600,-0.004552862871724628,0.17680014125290602,2047514487.7970376
2016-03-29,24.46162986755371,26.920000076293945,26.947500228881836,26.219999313354492,26.22249984741211,124760400,0.023395882234878318,0.18714539030643595,3330582829.135895
2016-03-30,24.888708114624023,27.389999389648438,27.604999542236328,27.149999618530273,27.162500381469727,182404400,0.017308449205176935,0.14942106006936764,4994536391.196442
2016-03-31,24.759220123291016,27.247499465942383,27.475000381469727,27.219999313354492,27.43000030517578,103553600,-0.005216261364209274,0.15289543825577692,2828480260.3647866
2016-04-01,24.98638916015625,27.497499465942383,27.5,27.049999237060547,27.19499969482422,103496000,0.009133293140147991,0.15350267321953995,2830529308.5886636
2016-04-04,25.24308967590332,27.780000686645508,28.047500610351562,27.5674991607666,27.604999542236328,149424800,0.01022119904668628,0.1502628180547334,4153760421.4670815
2016-04-05,24.945497512817383,27.452499389648438,27.6825008392334,27.354999542236328,27.377500534057617,106314800,-0.011859096558886506,0.15119536061974115,2923302609.222158
2016-04-06,25.206748962402344,27.739999771118164,27.7450008392334,27.299999237060547,27.5575008392334,105616400,0.010418429124961825,0.14620291373710187,2914484552.6280723
2016-04-07,24.656999588012695,27.135000228881836,27.604999542236328,27.030000686645508,27.487499237060547,127207600,-0.02205095550369318,0.17283061128222799,3467255170.0770063
2016-04-08,24.684261322021484,27.165000915527344,27.4424991607666,27.042499542236328,27.227500915527344,94326800,0.0011050279737507829,0.1727078398865364,2567261061.3390603
2016-04-11,24.766042709350586,27.2549991607666,27.65250015258789,27.207500457763672,27.24250030517578,117630000,0.0033076222074210904,0.17073668680456042,3219729141.025543
2016-04-12,25.088621139526367,27.610000610351562,27.625,27.165000915527344,27.334999084472656,108929200,0.012940932985980425,0.173990679233529,2991922082.070923
2016-04-13,25.452091217041016,28.010000228881836,28.084999084472656,27.700000762939453,27.700000762939453,133029200,0.01438350695623436,0.1684941836162791,3715727274.7164407
2016-04-14,25.465713500976562,28.024999618530273,28.09749984741211,27.832500457763672,27.905000686645508,101895600,0.0005350695826731311,0.16491199430717204,2851548363.408661
2016-04-15,24.954587936401367,27.462499618530273,28.075000762939453,27.4325008392334,28.02750015258789,187756000,-0.020275288312576745,0.18288366196957434,5192705183.064778
2016-04-18,24.416196823120117,26.8700008392334,27.237499237060547,26.735000610351562,27.22249984741211,243286000,-0.021810974214404144,0.2004461315626851,6555949540.683746
2016-04-19,24.286710739135742,26.727500915527344,27.0,26.5575008392334,26.969999313354492,129539600,-0.005317398716591093,0.20152874315606453,3466695671.103668
2016-04-20,24.336687088012695,26.782499313354492,27.022499084472656,26.514999389648438,26.65999984741211,122444000,0.002055650929758901,0.19995516117060091,3278233936.36322
2016-04-21,24.07317352294922,26.49250030517578,26.732500076293945,26.3799991607666,26.732500076293945,126210000,-0.01088687984057124,0.20272159473984946,3348982330.7418823
2016-04-22,24.007287979125977,26.420000076293945,26.6200008392334,26.155000686645508,26.252500534057617,134732400,-0.0027406386296768837,0.2023718352306683,3556710877.9548645
2016-04-25,23.870990753173828,26.270000457763672,26.412500381469727,26.127500534057617,26.25,112126400,-0.005693504350821499,0.20273366216694008,2945560579.3273926
2016-04-26,23.705156326293945,26.087499618530273,26.325000762939453,25.977500915527344,25.977500915527344,224064800,-0.006971354709695898,0.1849201996350099,5854813320.870462
2016-04-27,22.221736907958984,24.454999923706055,24.677499771118164,23.920000076293945,24.0,458408400,-0.06462164115572389,0.27489280093643176,11162626512.026215
2016-04-28,21.542503356933594,23.707500457763672,24.469999313354492,23.5625,24.40250015258789,328970800,-0.031043065871307896,0.2885426561858638,7866788372.234853
2016-04-29,21.294878005981445,23.434999465942383,23.68000030517578,23.127500534057617,23.497499465942383,274126000,-0.011561309364910066,0.2828272960283089,6418431879.552205
2016-05-02,21.272167205810547,23.40999984741211,23.520000457763672,23.100000381469727,23.49250030517578,192640400,-0.001067060314513757,0.276288257866094,4496869114.758554
2016-05-03,21.62200355529785,23.795000076293945,23.934999465942383,23.420000076293945,23.549999237060547,227325200,0.01631196501945187,0.28894802772612443,5391395964.427439
2016-05-04,21.397109985351562,23.547500610351562,23.975000381469727,23.454999923706055,23.799999237060547,164102000,-0.010455613805609776,0.28189648365151326,3882516618.4132895
2016-05-05,21.31026268005371,23.309999465942383,23.517499923706055,23.170000076293945,23.5,143562000,-0.004067092850303489,0.27759058140475895,3349660339.443207
2016-05-06,21.191410064697266,23.18000030517578,23.362499237060547,22.962499618530273,23.342500686645508,174799600,-0.005592858703698411,0.27599990543670466,4049815350.4341125
2016-05-09,21.207416534423828,23.197500228881836,23.4424991607666,23.147499084472656,23.25,131745600,0.0007550430882594661,0.2748644656461398,3064731952.9907227
2016-05-10,21.351402282714844,23.354999542236328,23.392499923706055,23.02750015258789,23.332500457763672,134747200,0.0067664611781097506,0.269789596121519,3133995276.199341
2016-05-11,21.143417358398438,23.127500534057617,23.392499923706055,23.114999771118164,23.3700008392334,114876400,-0.009788797168193586,0.2571113817072892,2666472713.431041
2016-05-12,20.647459030151367,22.584999084472656,23.19499969482422,22.36750030517578,23.18000030517578,305258800,-0.02373635859027612,0.25914961819423843,6934207931.17574
2016-05-13,20.688594818115234,22.6299991607666,22.917499542236328,22.5,22.5,177571200,0.0019903110100574217,0.26000118056920846,4027758667.2302246
2016-05-16,21.456533432006836,23.469999313354492,23.59749984741211,22.912500381469727,23.09749984741211,245039200,0.036446614442430914,0.29994530147685344,5715947701.276652
2016-05-17,21.367401123046875,23.372499465942383,23.674999237060547,23.252500534057617,23.637500762939453,187667600,-0.004162739299694795,0.30002735706805017,4397677378.940329
2016-05-18,21.61194610595703,23.639999389648438,23.802499771118164,23.47249984741211,23.540000915527344,168249600,0.011379773668226623,0.3050321672906911,3977140072.3754883
2016-05-19,21.529672622680664,23.549999237060547,23.65999984741211,23.392499923706055,23.65999984741211,121768400,-0.003814116643754417,0.30456717465246314,2865717780.075836
2016-05-20,21.762794494628906,23.80500030517578,23.857500076293945,23.6299991607666,23.65999984741211,128104000,0.010769731582788822,0.3096996370558917,3044284787.119548
2016-05-23,22.039344787597656,24.107500076293945,24.297500610351562,23.917499542236328,23.967500686645508,152074400,0.012627418303846838,0.31554541887064963,3666133609.602356
2016-05-24,22.375314712524414,24.475000381469727,24.522499084472656,24.209999084472656,24.30500030517578,140560800,0.015129073913819013,0.3221117253068495,3430034854.081726
2016-05-25,22.768428802490234,24.905000686645508,24.934999465942383,24.52750015258789,24.667499542236328,152675200,0.017416545303756248,0.23809401774119227,3784690994.197591
2016-05-26,22.948984146118164,25.102500915527344,25.1825008392334,24.65999984741211,24.920000076293945,225324800,0.00789879701120455,0.20780936353478402,5628989165.66976
2016-05-27,22.93527603149414,25.087499618530273,25.11750030517578,24.8125,24.860000610351562,145364800,-0.0005975083821248006,0.20138429463375732,3634967957.6365156
2016-05-31,22.823284149169922,24.96500015258789,25.100000381469727,24.704999923706055,24.899999618530273,169228800,-0.004894913891264174,0.2029578151182991,4217745817.8222656
2016-06-01,22.503311157226562,24.614999771118164,24.885000228881836,24.582500457763672,24.7549991607666,116693200,-0.014118788541361837,0.20607324041533062,2881641347.472636
2016-06-02,22.334177017211914,24.43000030517578,24.459999084472656,24.157499313354492,24.399999618530273,160766400,-0.007544354027019029,0.20409316664230068,3914527798.4954834
2016-06-03,22.379892349243164,24.479999542236328,24.5674991607666,24.362499237060547,24.447500228881836,114019600,0.0020447858406775765,0.20284148754633652,2790059533.708954
2016-06-06,22.542158126831055,24.657499313354492,25.47249984741211,24.387500762939453,24.497499465942383,93170000,0.007224357820122762,0.20128024521836013,2314265155.9638977
2016-06-07,22.633577346801758,24.75749969482422,24.967500686645508,24.739999771118164,24.8125,89638000,0.004047276432927571,0.20112134514709187,2224964561.225891
2016-06-08,22.613012313842773,24.735000610351562,24.889999389648438,24.670000076293945,24.7549991607666,83392400,-0.0009090203053676582,0.2011855637622695,2065212788.1207786
2016-06-09,22.775285720825195,24.912500381469727,24.997499465942383,24.614999771118164,24.625,106405600,0.0071504817505854135,0.1962306339969945,2643292433.1364946
2016-06-10,22.587871551513672,24.707500457763672,24.837499618530273,24.6200008392334,24.63249969482422,126851600,-0.008262883224702477,0.17512094402284967,3135983010.0453696
2016-06-13,22.247323989868164,24.334999084472656,24.780000686645508,24.274999618530273,24.672500610351562,152082000,-0.015191373952722742,0.18783975888999144,3720432629.058838
2016-06-14,22.274757385253906,24.364999771118164,24.6200008392334,24.1875,24.329999923706055,127727600,0.0012323502410636067,0.1449392910560104,3115382629.6529136
2016-06-15,22.201614379882812,24.28499984741211,24.602500915527344,24.25749969482422,24.454999923706055,117780800,-0.0032890754531798017,0.14451189736244668,2871692223.3052573
2016-06-16,22.295326232910156,24.387500762939453,24.4375,24.017499923706055,24.112499237060547,125307200,0.004212064482892686,0.14067359400784746,3042563267.3472085
2016-06-17,21.787935256958008,23.832500457763672,24.162500381469727,23.825000762939453,24.155000686645508,244032800,-0.023020682514696578,0.1637196618112987,5842145362.327576
2016-06-20,21.735368728637695,23.774999618530273,24.142499923706055,23.75749969482422,24.0,137647600,-0.002415558979523169,0.15970218220784327,3288630541.661072
2016-06-21,21.920501708984375,23.977500915527344,24.087499618530273,23.670000076293945,23.735000610351562,142185600,0.008481520963987688,0.15615593404361397,3399894700.9277344
2016-06-22,21.838212966918945,23.887500762939453,24.22249984741211,23.837499618530273,24.0625,116876400,-0.003761026331551065,0.14603221455605447,2802988271.9169617
2016-06-23,21.963930130004883,24.024999618530273,24.072500228881836,23.8125,23.985000610351562,128960800,0.005740244627310709,0.13219378199804885,3091190369.440715
2016-06-24,21.34682846069336,23.350000381469727,23.665000915527344,23.162500381469727,23.227500915527344,301245600,-0.028498389507654043,0.15632630898206923,7046887866.543579
2016-06-27,21.035993576049805,23.010000228881836,23.262500762939453,22.875,23.25,181958400,-0.014668228441416353,0.16042630349145792,4193989548.1567383
2016-06-28,21.390249252319336,23.397499084472656,23.415000915527344,23.03499984741211,23.225000381469727,161779600,0.01670022542810612,0.17608822660718096,3766633528.7714643
2016-06-29,21.57537841796875,23.600000381469727,23.637500762939453,23.407499313354492,23.49250030517578,146124000,0.008617600690327354,0.17596339893084256,3440976682.296753
2016-06-30,21.849647521972656,23.899999618530273,23.9424991607666,23.575000762939453,23.610000610351562,143345600,0.012632013227382277,0.18185315929107404,3412461440.793864
2016-07-01,21.915924072265625,23.97249984741211,24.11750030517578,23.832500457763672,23.872499465942383,104106000,0.003028709487483461,0.18209901612846435,2495854616.18042
2016-07-05,21.710227966308594,23.747499465942383,23.850000381469727,23.614999771118164,23.84749984741211,110820800,-0.009430014825503097,0.1816825344106991,2630608725.9084067
2016-07-06,21.83364486694336,23.88249969482422,23.915000915527344,23.592500686645508,23.649999618530273,123796400,0.005668638230298839,0.182434087959545,2945941718.8545227
2016-07-07,21.927352905273438,23.985000610351562,24.125,23.905000686645508,23.924999237060547,100558400,0.004282726004033233,0.18363358118257406,2413904435.47465
2016-07-08,22.096485137939453,24.170000076293945,24.22249984741211,24.012500762939453,24.122499465942383,115648400,0.007683703752496385,0.18396049829593447,2791174160.469818
2016-07-11,22.1650447845459,24.2450008392334,24.412500381469727,24.1825008392334,24.1875,95179600,0.0030979363595555753,0.1829041630620522,2310960753.354645
2016-07-12,22.26560401916504,24.354999542236328,24.424999237060547,24.280000686645508,24.292499542236328,96670000,0.004526578343138521,0.17615005442361337,2354236716.124217
2016-07-13,22.139909744262695,24.217500686645508,24.417499542236328,24.209999084472656,24.352500915527344,103568800,-0.005661216364872157,0.1771742755828911,2514823054.96165
2016-07-14,22.578731536865234,24.697500228881836,24.747499465942383,24.329999923706055,24.34749984741211,155676000,0.019626530061940706,0.1896112979693909,3828332280.204773
2016-07-15,22.57644271850586,24.69499969482422,24.825000762939453,24.625,24.729999542236328,120548000,-0.00010137568502743832,0.18923227017835687,2979343838.394165
2016-07-18,22.816415786743164,24.957500457763672,25.032499313354492,24.649999618530273,24.674999237060547,145975600,0.010573262480576329,0.17116863553574596,3631872898.3011885
2016-07-19,22.8255672454834,24.967500686645508,25.0,24.834999084472656,24.889999389648438,95119600,0.00040101057206065605,0.1704656038574184,2371727952.4096174
2016-07-20,22.84613037109375,24.989999771118164,25.114999771118164,24.934999465942383,25.0,105104000,0.0009004757025876664,0.16909648186296752,2629001351.9185386
2016-07-21,22.725000381469727,24.857500076293945,25.25,24.782499313354492,24.957500457763672,130808000,-0.005316096962862726,0.16985579766352557,3265403680.053711
2016-07-22,22.54901885986328,24.665000915527344,24.825000762939453,24.577499389648438,24.815000534057617,113254800,-0.007774101388200005,0.1725110090075191,2796166673.323059
2016-07-25,22.247323989868164,24.334999084472656,24.709999084472656,24.229999542236328,24.5625,161531600,-0.013469824200755376,0.14550887644943292,3945409206.7611694
2016-07-26,22.094188690185547,24.167499542236328,24.49250030517578,24.104999542236328,24.204999923706055,224959200,-0.006907112511230107,0.1364587001562975,5456385350.231934
2016-07-27,23.529504776000977,25.737499237060547,26.087499618530273,25.6875,26.0674991607666,369379200,0.06294053727429061,0.246607676467199,9543834939.093018
2016-07-28,23.847192764282227,26.084999084472656,26.112499237060547,25.704999923706055,25.707500457763672,159479200,0.013411350579039638,0.2481042124758366,4141276032.717387
2016-07-29,23.81748390197754,26.052499771118164,26.137500762939453,25.920000076293945,26.047500610351562,110934800,-0.001246577894984835,0.24737435193637364,2888372431.903076
2016-08-01,24.23802375793457,26.512500762939453,26.537500381469727,26.102500915527344,26.102500915527344,152671600,0.017502701031452794,0.2514632332183527,4028113044.4979353
2016-08-02,23.879199981689453,26.1200008392334,26.517499923706055,26.0,26.512500762939453,135266400,-0.014914843380585907,0.2561117708662736,3545670544.4000244
2016-08-03,24.17859649658203,26.447500228881836,26.459999084472656,26.1924991607666,26.202499389648438,120810400,0.012460013163876127,0.25748908243372476,3185367485.2193193
2016-08-04,24.327964782714844,26.467500686645508,26.5,26.31999969482422,26.395000457763672,109634800,0.00615870324824952,0.2574957865718872,2897556415.6074524
2016-08-05,24.697925567626953,26.8700008392334,26.912500381469727,26.545000076293945,26.5674991607666,162213600,0.015092752219624916,0.2596649767248889,4343404388.130188
2016-08-08,24.902442932128906,27.092500686645508,27.092500686645508,26.790000915527344,26.8799991607666,112148800,0.008246653391603687,0.2596596156285327,3027083112.229411
2016-08-09,25.0035457611084,27.202499389648438,27.235000610351562,27.002500534057617,27.0575008392334,105260800,0.004051736873280198,0.25969466990112644,2857479869.4051104
2016-08-10,24.817415237426758,27.0,27.225000381469727,26.940000534057617,27.177499771118164,96034000,-0.00747201121525265,0.2607748291358517,2598199899.307251
2016-08-11,24.801326751708984,26.982500076293945,27.232500076293945,26.962499618530273,27.1299991607666,109938000,-0.0006484842475491526,0.25654003733488534,2974830656.6123962
2016-08-12,24.85877799987793,27.045000076293945,27.110000610351562,26.94499969482422,26.94499969482422,74641600,0.0023137798072370153,0.25610687033033674,2017811262.8245037
2016-08-15,25.157503128051758,27.3700008392334,27.385000228881836,27.020000457763672,27.03499984741211,103472800,0.01194525756409437,0.2565391626591753,2820496125.9623213
2016-08-16,25.13452911376953,27.344999313354492,27.5575008392334,27.302499771118164,27.407499313354492,135177600,-0.0009136244791148052,0.25686871866721506,3704091532.562256
2016-08-17,25.09775733947754,27.30500030517578,27.342500686645508,27.084999084472656,27.274999618530273,101424000,-0.0014640695638878931,0.25745271281835974,2763212362.5793457
2016-08-18,25.06558609008789,27.270000457763672,27.399999618530273,27.2549991607666,27.3075008392334,87938800,-0.001282659870769809,0.25584876185563127,2401462040.9693403
2016-08-19,25.129928588867188,27.34000015258789,27.422500610351562,27.09000015258789,27.1924991607666,101472400,0.0025636766325201066,0.25186438823726065,2768589904.633586
2016-08-22,24.934606552124023,27.127500534057617,27.274999618530273,26.962499618530273,27.21500015258789,103280800,-0.00780284994951419,0.24723004933596338,2801147422.7869673
2016-08-23,25.01273536682129,27.212499618530273,27.329999923706055,27.13249969482422,27.147499084472656,85030800,0.0031284499001325017,0.24318613016395657,2314963508.3755493
2016-08-24,24.824310302734375,27.00749969482422,27.1875,26.920000076293945,27.142499923706055,94700400,-0.007561682655341961,0.1335476783788471,2560540974.774933
2016-08-25,24.718608856201172,26.892499923706055,26.969999313354492,26.670000076293945,26.84749984741211,100344800,-0.004267072215811574,0.12959337540756719,2693672512.3662314
2016-08-26,24.57383918762207,26.735000610351562,26.987499237060547,26.577499389648438,26.852500915527344,111065200,-0.0058739255432866955,0.13192939547793547,2972845158.4213257
2016-08-29,24.5462646484375,26.704999923706055,26.860000610351562,26.572500228881836,26.655000686645508,99881200,-0.0011227395680259988,0.11864411345638119,2668076580.401103
2016-08-30,24.357831954956055,26.5,26.625,26.375,26.450000762939453,99455600,-0.007706251177095336,0.10896914033167435,2635573400.0
2016-08-31,24.380815505981445,26.524999618530273,26.642499923706055,26.40999984741211,26.415000915527344,118649600,0.0009431346139621155,0.10066643083540038,3147279490.5273438
2016-09-01,24.52557945251465,26.6825008392334,26.700000762939453,26.405000686645508,26.53499984741211,106806000,0.0059200588983161495,0.10049815399045137,2840594656.486511
2016-09-02,24.755373001098633,26.9325008392334,27.0,26.704999923706055,26.924999237060547,107210000,0.009325924221185833,0.09145163388434766,2881715485.598246
2016-09-06,24.748477935791016,26.924999237060547,27.075000762939453,26.877500534057617,26.975000381469727,107521600,-0.0002785668274980502,0.0865254620898603,2898692753.807576
2016-09-07,24.900142669677734,27.09000015258789,27.190000534057617,26.767499923706055,26.957500457763672,169457200,0.006109543580330001,0.08811091735056648,4578027506.809489
2016-09-08,24.247533798217773,26.3799991607666,26.8174991607666,26.309999465942383,26.8125,212008000,-0.026558619990952437,0.12497372954135348,5618741863.642375
2016-09-09,23.698333740234375,25.782499313354492,26.43000030517578,25.782499313354492,26.15999984741211,186228000,-0.02291017381897209,0.14581748930190053,4841617553.695679
2016-09-12,24.229154586791992,26.360000610351562,26.43000030517578,25.63249969482422,25.662500381469727,181171200,0.02215190369290898,0.16812906937313826,4735966180.859375
2016-09-13,24.805925369262695,26.987499237060547,27.197500228881836,26.809999465942383,26.877500534057617,248704800,0.023525907769404775,0.1836655893815471,6714615003.451538
2016-09-14,25.68372344970703,27.9424991607666,28.25749969482422,27.149999618530273,27.1825008392334,443554800,0.03477491164602542,0.22088477932589135,12323430634.396362
2016-09-15,26.55693244934082,28.892499923706055,28.9325008392334,28.372499465942383,28.46500015258789,359934400,0.03343336034932198,0.24724394736620303,10341815175.460815
2016-09-16,26.407569885253906,28.729999542236328,29.032499313354492,28.510000228881836,28.780000686645508,319547600,-0.005640115679352853,0.24861208756469913,9189390009.481812
2016-09-19,26.09964942932129,28.395000457763672,29.045000076293945,28.3125,28.797500610351562,188092000,-0.011728824716894515,0.2535133539527584,5376453110.150655
2016-09-20,26.09735679626465,28.392499923706055,28.530000686645508,28.127500534057617,28.262500762939453,138057200,-8.784538516293239e-05,0.2511900049858725,3913921672.6646423
2016-09-21,26.092754364013672,28.387500762939453,28.497499465942383,28.110000610351562,28.462499618530273,144012800,-0.00017637181299612337,0.2513093685443144,4080122685.620117
2016-09-22,26.33863067626953,28.655000686645508,28.735000610351562,28.5,28.587499618530273,124296000,0.00937904327607919,0.24992238095425828,3558594533.7371826
2016-09-23,25.899734497070312,28.177499771118164,28.697500228881836,27.887500762939453,28.604999542236328,209924800,-0.01680399091500684,0.2581201939009729,5931250340.053304
2016-09-26,25.938791275024414,28.219999313354492,28.34749984741211,27.887500762939453,27.90999984741211,119477600,0.001506863274474135,0.25642056518209955,3363493566.294861
2016-09-27,25.987045288085938,28.272499084472656,28.295000076293945,28.084999084472656,28.25,98429600,0.0018585748500439259,0.2560673440129046,2777437180.426534
2016-09-28,26.184669494628906,28.487499237060547,28.65999984741211,28.357500076293945,28.422500610351562,118564400,0.007575950017573607,0.25357435258379935,3379282974.1655984
2016-09-29,25.777942657470703,28.045000076293945,28.450000762939453,27.950000762939453,28.290000915527344,143548000,-0.01565491521205553,0.2621366555235402,4040637029.996236
2016-09-30,25.977861404418945,28.262500762939453,28.342500686645508,27.950000762939453,28.114999771118164,145516400,0.007725500352643078,0.2624828156683863,4101379841.319529
2016-10-03,25.85607147216797,28.1299991607666,28.262500762939453,28.06999969482422,28.177499771118164,86807200,-0.004699244283228321,0.2626257982076803,2443984365.62856
2016-10-04,25.966367721557617,28.25,28.577499389648438,28.157499313354492,28.264999389648438,118947200,0.004256704919672671,0.2625606315870823,3369575879.2419434
2016-10-05,25.977861404418945,28.262500762939453,28.415000915527344,28.172500610351562,28.350000381469727,85812400,0.0004425393635556496,0.26228423354729385,2427060778.8029985
2016-10-06,26.17088508605957,28.47249984741211,28.584999084472656,28.282499313354492,28.424999237060547,115117200,0.007402845749477915,0.24094861059542813,3274700548.665619
2016-10-07,26.20994758605957,28.514999389648438,28.639999389648438,28.377500534057617,28.577499389648438,97433600,0.0014914809577684096,0.22079122814273663,2777913108.3658853
2016-10-10,26.667236328125,29.012500762939453,29.1875,28.68000030517578,28.7549991607666,144944000,0.017296690517780267,0.2166491851346809,4197578291.6056314
2016-10-11,26.72468376159668,29.075000762939453,29.672500610351562,29.049999237060547,29.424999237060547,256164000,0.002151915703493046,0.20570814987525168,7496852982.116699
2016-10-12,26.96365737915039,29.334999084472656,29.4950008392334,29.1875,29.337499618530273,150347200,0.008902312521446909,0.1734485712831835,4411061554.84314
2016-10-13,26.880937576293945,29.2450008392334,29.360000610351562,28.93000030517578,29.197500228881836,140769600,-0.0030725411901162403,0.13235025010689228,4107422394.3389893
2016-10-14,27.030303955078125,29.407499313354492,29.542499542236328,29.282499313354492,29.469999313354492,142608800,0.0055412102089476,0.1313508495857442,4194243561.6251626
2016-10-17,27.011920928955078,29.387500762939453,29.459999084472656,29.19499969482422,29.332500457763672,94499600,-0.0006803208739656341,0.12298039927289435,2773326996.5805054
2016-10-18,26.993539810180664,29.36750030517578,29.552499771118164,29.362499237060547,29.545000076293945,98214000,-0.0006807133661155262,0.12310712044964416,2890192462.5205994
2016-10-19,26.913108825683594,29.280000686645508,29.440000534057617,28.450000762939453,29.3125,80138400,-0.002984086238613237,0.12402278318613896,2328554828.9886475
2016-10-20,26.899320602416992,29.264999389648438,29.344999313354492,29.082500457763672,29.21500015258789,96503200,-0.0005124549742459017,0.12083357698037894,2820868928.337097
2016-10-21,26.793611526489258,29.149999618530273,29.227500915527344,29.06999969482422,29.202499389648438,92770800,-0.003937546649620316,0.10388652900654426,2704191518.0778503
2016-10-24,27.034902572631836,29.412500381469727,29.434999465942383,29.25,29.274999618530273,94154800,0.008965235854459408,0.10687665948439812,2764934159.5443726
2016-10-25,27.172765731811523,29.5625,29.59000015258789,29.327499389648438,29.487499237060547,192516000,0.005086492768622719,0.10737870979098121,5677938530.62439
2016-10-26,26.561527252197266,28.897499084472656,28.924999237060547,28.327499389648438,28.577499389648438,264536800,-0.022751386926264328,0.13584763035678254,7596614904.841105
2016-10-27,26.306461334228516,28.6200008392334,28.96500015258789,28.524999618530273,28.84749984741211,138248000,-0.009649237802974664,0.12809730334144745,3968178454.7932944
2016-10-28,26.131818771362305,28.43000030517578,28.802499771118164,28.362499237060547,28.467500686645508,151446800,-0.0066609052860191476,0.12827097538382778,4321029580.669912
2016-10-31,26.090457916259766,28.385000228881836,28.5575008392334,28.299999237060547,28.412500381469727,105677600,-0.001584031427750432,0.12719082645873725,3002740950.0834146
2016-11-01,25.619388580322266,27.872499465942383,28.4424991607666,27.63249969482422,28.364999771118164,175303200,-0.018220219156436457,0.14166648438391938,4905421695.9198
2016-11-02,25.642364501953125,27.897499084472656,28.087499618530273,27.8075008392334,27.850000381469727,113326800,0.0008964158183402127,0.14172019506809758,3165311945.7077026
2016-11-03,25.367517471313477,27.457500457763672,27.864999771118164,27.387500762939453,27.7450008392334,107730400,-0.010776331166379105,0.14265827655421628,2970127163.616435
2016-11-04,25.138843536376953,27.209999084472656,27.5625,27.02750015258789,27.13249969482422,123348000,-0.009055314734731645,0.14447192589638574,3363288768.6309814
2016-11-07,25.50147247314453,27.602500915527344,27.627500534057617,27.364999771118164,27.520000457763672,130240000,0.014321993377774955,0.1397321271359834,3585724319.661458
2016-11-08,25.651607513427734,27.764999389648438,27.93000030517578,27.424999237060547,27.577499389648438,97016800,0.005870046199687451,0.14178005721650044,2688012104.124959
2016-11-09,25.610031127929688,27.719999313354492,27.829999923706055,27.012500762939453,27.469999313354492,236705600,-0.0016221250711687674,0.1360990352624887,6514335366.666666
2016-11-10,24.896329879760742,26.947500228881836,27.772499084472656,26.457500457763672,27.772499084472656,228538000,-0.028263717450736525,0.1625875673233192,6184047814.230601
2016-11-11,25.044147491455078,27.107500076293945,27.217500686645508,26.637500762939453,26.780000686645508,136575600,0.0059197689388463814,0.16286766726999552,3685834074.4659424
2016-11-14,24.415912628173828,26.427499771118164,26.952499389648438,26.020000457763672,26.927499771118164,204702000,-0.02540509052913853,0.17857667175092934,5417779573.970795
2016-11-15,24.739269256591797,26.77750015258789,26.920000076293945,26.540000915527344,26.642499923706055,129058000,0.013156752978188191,0.18896013033092263,3451763807.565053
2016-11-16,25.404464721679688,27.497499465942383,27.5575008392334,26.649999618530273,26.674999237060547,235362000,0.026533105413884872,0.217160383277305,6410084064.014435
2016-11-17,25.395233154296875,27.487499237060547,27.587499618530273,27.207500457763672,27.452499389648438,110528000,-0.00036344970030999235,0.21718150111733378,3031506694.7021484
2016-11-18,25.420639038085938,27.514999389648438,27.635000228881836,27.415000915527344,27.43000030517578,113715600,0.0009999193090575176,0.21754920241420464,3129642858.243561
2016-11-21,25.806364059448242,27.9325008392334,27.997499465942383,27.502500534057617,27.530000686645508,117058400,0.015059725850193662,0.2226052121598955,3255491685.4131064
2016-11-22,25.822525024414062,27.950000762939453,28.104999542236328,27.850000381469727,27.987499237060547,103862000,0.0006260435109268769,0.22126480029904022,2904847060.4387918
2016-11-23,25.690874099731445,27.8075008392334,27.877500534057617,27.582500457763672,27.84000015258789,109705600,-0.005111338546650135,0.20905026963009332,3044970416.2923174
2016-11-25,25.820215225219727,27.947500228881836,27.967500686645508,27.737499237060547,27.782499313354492,45903600,0.005021885539907345,0.20815164355179386,1279983635.3347778
2016-11-28,25.76939582824707,27.892499923706055,28.11750030517578,27.84749984741211,27.857500076293945,108776000,-0.0019701413665536016,0.20715546661934658,3040561142.766317
2016-11-29,25.743989944458008,27.864999771118164,28.00749969482422,27.517499923706055,27.69499969482422,114115200,-0.0009863799658225147,0.20713358761936163,3172022152.783203
2016-11-30,25.526880264282227,27.6299991607666,28.049999237060547,27.5674991607666,27.899999618530273,144649200,-0.008469174679801128,0.19932266967872944,4013894641.2841797
2016-12-01,25.288976669311523,27.372499465942383,27.735000610351562,27.25749969482422,27.592500686645508,148347600,-0.009363428956376652,0.20176969897138985,4072883346.6819763
2016-12-02,25.3836727142334,27.475000381469727,27.522499084472656,27.212499618530273,27.292499542236328,106112000,0.0037375647932775813,0.19885890788896382,2907822474.283854
2016-12-05,25.201210021972656,27.27750015258789,27.50749969482422,27.0625,27.5,137298000,-0.007214150699995425,0.19789851636552294,3745832678.0166626
2016-12-06,25.395233154296875,27.487499237060547,27.59000015258789,27.297500610351562,27.375,104782000,0.007669475211836474,0.19316663274464108,2877139083.333333
2016-12-07,25.644672393798828,27.75749969482422,27.797500610351562,27.290000915527344,27.315000534057617,119994800,0.009774360776467983,0.19517658249608835,3313656450.8260093
2016-12-08,25.89642906188965,28.030000686645508,28.107500076293945,27.649999618530273,27.71500015258789,108273200,0.009769239043813549,0.19795300832823184,3023980262.1009827
2016-12-09,26.31911277770996,28.487499237060547,28.674999237060547,28.077499389648438,28.077499389648438,137610400,0.016190311693704995,0.1747997092956876,3909970067.344157
2016-12-12,26.168977737426758,28.325000762939453,28.75,28.122499465942383,28.322500228881836,105497600,-0.005720743439667775,0.17679225742371002,2996043933.3821616
2016-12-13,26.605518341064453,28.797500610351562,28.979999542236328,28.4375,28.459999084472656,174935200,0.016543997306825542,0.1521219053198583,5027346098.230998
2016-12-14,26.605518341064453,28.797500610351562,29.049999237060547,28.7450008392334,28.760000228881836,136127200,0.0,0.149247093133178,3929198219.8237104
2016-12-15,26.75102424621582,28.954999923706055,29.1825008392334,28.8075008392334,28.844999313354492,186098000,0.005454111484611612,0.12422039218843124,5393430302.720388
2016-12-16,26.785676956176758,28.99250030517578,29.125,28.912500381469727,29.11750030517578,177404400,0.0012945405309636726,0.12385689047926837,5146501684.604645
2016-12-19,26.94042205810547,29.15999984741211,29.344999313354492,28.9375,28.950000762939453,111117600,0.0057605347377269744,0.12414515878259146,3238800214.9154663
2016-12-20,27.012022018432617,29.237499237060547,29.375,29.170000076293945,29.184999465942383,85700000,0.0026541893916447457,0.11599069925391585,2507653397.051493
2016-12-21,27.037424087524414,29.264999389648438,29.350000381469727,29.19499969482422,29.200000762939453,95132800,0.0009399567541272802,0.11593926840448354,2784537039.064534
2016-12-22,26.859580993652344,29.072500228881836,29.127500534057617,28.90999984741211,29.087499618530273,104343600,-0.00659939226883921,0.11724457081971541,3029790353.22876
2016-12-23,26.912700653076172,29.1299991607666,29.1299991607666,28.897499084472656,28.897499084472656,56998000,0.0019757270875051525,0.11680158942646408,1655934345.7158406
2016-12-27,27.083614349365234,29.315000534057617,29.450000762939453,29.122499465942383,29.1299991607666,73187600,0.006330590044191009,0.11671261667890448,2144091750.2792358
2016-12-28,26.968143463134766,29.190000534057617,29.5049991607666,29.049999237060547,29.3799991607666,83623600,-0.004272610792530163,0.11848522796141144,2445850897.5601196
2016-12-29,26.961210250854492,29.1825008392334,29.27750015258789,29.100000381469727,29.112499237060547,60158000,-0.00025712202505667747,0.11230608927645805,1755811520.8714805
2016-12-30,26.75102424621582,28.954999923706055,29.299999237060547,28.857500076293945,29.162500381469727,122345200,-0.007826413459732784,0.11032857072710281,3552598713.8860064
2017-01-03,26.827247619628906,29.037500381469727,29.082500457763672,28.690000534057617,28.950000762939453,115127600,0.0028453110629622635,0.11027724886071207,3331409038.0345664
2017-01-04,26.797218322753906,29.0049991607666,29.127500534057617,28.9375,28.962499618530273,84472400,-0.0011199850473566642,0.10522834401321904,2451670614.07369
2017-01-05,26.93349838256836,29.15250015258789,29.21500015258789,28.952499389648438,28.979999542236328,88774400,0.005072716703065083,0.10417657091727038,2583926860.3027344
2017-01-06,27.233753204345703,29.477500915527344,29.540000915527344,29.11750030517578,29.19499969482422,127007600,0.011086325713411949,0.10535321655963129,3731271699.105835
2017-01-09,27.48320960998535,29.747499465942383,29.857500076293945,29.485000610351562,29.487499237060547,134247600,0.009118127948958055,0.10484943824048787,3986706234.828186
2017-01-10,27.510923385620117,29.77750015258789,29.844999313354492,29.575000762939453,29.6924991607666,97848400,0.0010078812582792196,0.093251548997877,2909277560.4652405
2017-01-11,27.658742904663086,29.9375,29.982500076293945,29.649999618530273,29.684999465942383,110354400,0.005358737245135359,0.08916117918180153,3294814524.77417
2017-01-12,27.543258666992188,29.8125,29.825000762939453,29.552499771118164,29.725000381469727,108344800,-0.004184065898303668,0.07679187905186506,3221090923.2874556
2017-01-13,27.4947509765625,29.760000228881836,29.905000686645508,29.702499389648438,29.77750015258789,104447600,-0.0017626982990015527,0.077531402084061,3111406974.9582925
2017-01-17,27.716489791870117,30.0,30.059999465942383,29.55500030517578,29.584999084472656,137759200,0.008032422544118845,0.0796131815200534,4115096892.156474
2017-01-18,27.714170455932617,29.997499465942383,30.125,29.927499771118164,30.0,94852000,-8.368422560689481e-05,0.07985990329226525,2847140842.5445557
2017-01-19,27.665666580200195,29.94499969482422,30.022499084472656,29.842500686645508,29.850000381469727,102389200,-0.001751680421274937,0.07927890794885281,3065191332.4394226
2017-01-20,27.716489791870117,30.0,30.112499237060547,29.9325008392334,30.112499237060547,130391600,0.0018353646468818319,0.07915687076349909,3913703877.31603
2017-01-23,27.734956741333008,30.020000457763672,30.202499389648438,29.9424991607666,30.0,88200800,0.0006660583735915715,0.0791776828336101,2650875014.8401895
2017-01-24,27.709550857543945,29.99250030517578,30.024999618530273,29.875,29.887500762939453,92844000,-0.0009164437260764657,0.07435184336764335,2781993087.638855
2017-01-25,28.15070915222168,30.469999313354492,30.524999618530273,30.06999969482422,30.104999542236328,129510400,0.01579539611086256,0.089217916964548,3931288132.7148438
2017-01-26,28.164569854736328,30.485000610351562,30.610000610351562,30.399999618530273,30.417499542236328,105350400,0.0004922537200897636,0.08813227211371025,3213011645.4711914
2017-01-27,28.1668701171875,30.487499237060547,30.587499618530273,30.399999618530273,30.53499984741211,82251600,8.16688674598609e-05,0.08550266879042492,2507988328.164673
2017-01-30,28.09296417236328,30.407499313354492,30.407499313354492,30.165000915527344,30.232500076293945,121510000,-0.002627309101435049,0.0867363213783187,3684993248.1257124
2017-01-31,28.02829360961914,30.337499618530273,30.34749984741211,30.155000686645508,30.287500381469727,196804000,-0.002304673627247844,0.08070336841921524,5959225130.009969
2017-02-01,29.737476348876953,32.1875,32.622501373291016,31.752500534057617,31.75749969482422,447940000,0.059193594263191596,0.21271599708486466,14418069034.792582
2017-02-02,29.68665885925293,32.13249969482422,32.34749984741211,31.94499969482422,31.9950008392334,134841600,-0.0017103320673927946,0.2129449144984369,4334033725.708008
2017-02-03,29.813695907592773,32.27000045776367,32.29750061035156,32.040000915527344,32.07749938964844,98029200,0.00427013391334663,0.2129652622404613,3156785377.8182983
2017-02-06,30.093172073364258,32.5724983215332,32.625,32.224998474121094,32.282501220703125,107383600,0.009330422461145904,0.21242723421651927,3487192808.9686074
2017-02-07,30.37957763671875,32.88249969482422,33.022499084472656,32.61249923706055,32.6349983215332,152735200,0.00947228978954362,0.21251742495034445,5015696587.675985
2017-02-08,30.497364044189453,33.0099983215332,33.05500030517578,32.80500030517578,32.837501525878906,92016400,0.0038696607023576135,0.21206858382717023,3032553789.905294
2017-02-09,30.717737197875977,33.10499954223633,33.11249923706055,32.779998779296875,32.912498474121094,113399600,0.007199991545355999,0.21218675257619396,3742092208.048503
2017-02-10,30.64815330505371,33.029998779296875,33.23500061035156,33.01250076293945,33.1150016784668,80262000,-0.002267837134765749,0.21121518673589285,2656070239.0823364
2017-02-13,30.91956329345703,33.3224983215332,33.45500183105469,33.1875,33.27000045776367,92141600,0.008816690354793266,0.20989950165045906,3070311686.0198975
2017-02-14,31.320873260498047,33.755001068115234,33.772499084472656,33.3125,33.36750030517578,132904800,0.012895652751195641,0.21120121316610557,4467373350.759888
2017-02-15,31.434537887573242,33.877498626708984,34.067501068115234,33.654998779296875,33.880001068115234,142492400,0.0036224685422547864,0.21021807857393918,4825742540.857951
2017-02-16,31.397409439086914,33.837501525878906,33.974998474121094,33.709999084472656,33.91749954223633,90338400,-0.001181833585861547,0.20995221018853796,3057126710.430908
2017-02-17,31.48324203491211,33.93000030517578,33.95750045776367,33.775001525878906,33.775001525878906,88792800,0.0027300178074605164,0.20973376924909765,3008966077.7435303
2017-02-21,31.710582733154297,34.17499923706055,34.1875,33.994998931884766,34.057498931884766,98028800,0.007195059955314331,0.2087098605426598,3344660905.501302
2017-02-22,31.805696487426758,34.27750015258789,34.279998779296875,34.02750015258789,34.10749816894531,83347600,0.002994943234542191,0.20734612899244728,2850071156.564331
2017-02-23,31.671140670776367,34.13249969482422,34.369998931884766,34.07500076293945,34.345001220703125,83152800,-0.004239531275100017,0.20809305672640244,2843202097.0825195
2017-02-24,31.70130729675293,34.165000915527344,34.165000915527344,33.81999969482422,33.977500915527344,87106400,0.0009520423850619686,0.20794876663428027,2965972964.3046064
2017-02-27,31.76394271850586,34.23249816894531,34.36000061035156,34.06999969482422,34.28499984741211,81029600,0.0019738500068600118,0.20738228518539387,2772900395.452881
2017-02-28,31.77785301208496,34.247501373291016,34.36000061035156,34.17499923706055,34.27000045776367,93931600,0.00043783130902674827,0.206040697707528,3218174930.554199
2017-03-01,32.4273681640625,34.9474983215332,35.037498474121094,34.400001525878906,34.47249984741211,145658400,0.020233161670722755,0.2091028592063422,5068183946.505737
2017-03-02,32.23484802246094,34.7400016784668,35.06999969482422,34.689998626708984,35.0,104844000,-0.005954658587950412,0.09651556855420505,3652066000.0000005
2017-03-03,32.425052642822266,34.94499969482422,34.95750045776367,34.647499084472656,34.69499969482422,84432400,0.005883249650167954,0.09437495431688515,2942469118.5277305
2017-03-06,32.322994232177734,34.834999084472656,34.942501068115234,34.650001525878906,34.842498779296875,87000000,-0.003152481042836275,0.0979418089055661,3028397548.675537
2017-03-07,32.364749908447266,34.880001068115234,34.994998931884766,34.6974983215332,34.76499938964844,69785200,0.0012909920611279269,0.09640826524371447,2432537569.955953
2017-03-08,32.244110107421875,34.75,34.95000076293945,34.70500183105469,34.73749923706055,74828800,-0.0037344705107624776,0.09716390043300824,2604167019.3684897
2017-03-09,32.169883728027344,34.66999816894531,34.6974983215332,34.26250076293945,34.685001373291016,88623600,-0.0023046672882465202,0.0987848617468148,3061354474.862671
2017-03-10,32.2765998840332,34.78499984741211,34.84000015258789,34.65999984741211,34.8125,78451200,0.003311778938498211,0.09744488227696306,2727094460.0097656
2017-03-13,32.29051208496094,34.79999923706055,34.85749816894531,34.70500183105469,34.712501525878906,69686800,0.00043093769316238095,0.09622953454170502,2424229537.2777305
2017-03-14,32.24179458618164,34.747501373291016,34.912498474121094,34.709999084472656,34.82500076293945,61236400,-0.001509864145493367,0.09445331372998884,2130414334.1974893
2017-03-15,32.58279800415039,35.1150016784668,35.1875,34.75749969482422,34.852500915527344,102767200,0.010520901089873469,0.09133731329267479,3598907391.043091
2017-03-16,32.636146545410156,35.17250061035156,35.255001068115234,35.064998626708984,35.18000030517578,76928000,0.0016359833335823915,0.09114421476396797,2705109021.1588545
2017-03-17,32.47377395629883,34.997501373291016,35.25,34.97249984741211,35.25,175540000,-0.004987655474556263,0.09366898675556573,6156773004.760742
2017-03-20,32.81476974487305,35.3650016784668,35.375,35.057498931884766,35.099998474121094,86168000,0.010445902755288117,0.09843593363812375,3038786344.197591
2017-03-21,32.43898010253906,34.959999084472656,35.70000076293945,34.932498931884766,35.52750015258789,158119600,-0.011517921886086135,0.10707462662556827,5565414556.660971
2017-03-22,32.80549240112305,35.35499954223633,35.400001525878906,34.939998626708984,34.962501525878906,103440800,0.011235163374967438,0.11253386151151604,3644391774.810791
2017-03-23,32.689491271972656,35.22999954223633,35.39500045776367,35.15250015258789,35.314998626708984,81385200,-0.0035422942015346237,0.11210712864783068,2869574335.1394653
2017-03-24,32.624549865722656,35.15999984741211,35.435001373291016,35.087501525878906,35.375,89582400,-0.0019885900954723645,0.112775120827644,3155764078.0151367
2017-03-27,32.68022537231445,35.220001220703125,35.30500030517578,34.654998779296875,34.84749984741211,94300400,0.001705097977227954,0.11276278408322227,3306172033.5927324
2017-03-28,33.357582092285156,35.95000076293945,36.0099983215332,35.154998779296875,35.227500915527344,133499200,0.020514929310077257,0.13054707418095976,4766588840.938314
2017-03-29,33.43182373046875,36.029998779296875,36.122501373291016,35.79750061035156,35.91999816894531,116760000,0.002223157036564949,0.11332789028029389,4201414029.6936035
2017-03-30,33.387733459472656,35.98249816894531,36.125,35.875,36.04750061035156,84829200,-0.001319681819189178,0.11057438932839032,3053356311.224365
2017-03-31,33.325111389160156,35.915000915527344,36.067501068115234,35.752498626708984,35.93000030517578,78646800,-0.0018773622635084308,0.11018465634812875,2824337682.0007324
2017-04-03,33.33439636230469,35.92499923706055,36.029998779296875,35.76250076293945,35.9275016784668,79942800,0.00027857911100070964,0.10904417688019387,2870412820.4711914
2017-04-04,33.58259963989258,36.192501068115234,36.22249984741211,35.79249954223633,35.8125,79565600,0.007418277288325559,0.11091211255195126,2869864899.47408
2017-04-05,33.40861511230469,36.005001068115234,36.3650016784668,35.95249938964844,36.05500030517578,110871600,-0.0051942607522939,0.11194786858699392,4003296375.949096
2017-04-06,33.325111389160156,35.915000915527344,36.130001068115234,35.86249923706055,36.0724983215332,84596000,-0.0025025956470323685,0.11204078441279591,3042847657.755534
2017-04-07,33.25086212158203,35.834999084472656,36.04499816894531,35.817501068115234,35.932498931884766,66688800,-0.0022305133352600315,0.11271491267287918,2394072308.6883545
2017-04-10,33.211448669433594,35.79249954223633,35.970001220703125,35.724998474121094,35.900001525878906,75733600,-0.0011860393145997072,0.1130441375063433,2713471757.406616
2017-04-11,32.85421371459961,35.407501220703125,35.837501525878906,35.01499938964844,35.73500061035156,121517600,-0.010814647842313452,0.12041202302901227,4304153478.529866
2017-04-12,32.893638610839844,35.45000076293945,35.537498474121094,35.252498626708984,35.400001525878906,81400000,0.001199275704714342,0.11527685232016868,2882645275.37028
2017-04-13,32.71967315673828,35.26250076293945,35.595001220703125,35.26250076293945,35.477500915527344,71291600,-0.00530276119474582,0.11688460825442966,2521821595.936076
2017-04-17,32.900604248046875,35.45750045776367,35.470001220703125,35.217498779296875,35.369998931884766,66328400,0.005514501217288359,0.11674081555450536,2346809349.4542437
2017-04-18,32.754459381103516,35.29999923706055,35.5099983215332,35.27750015258789,35.352500915527344,58790000,-0.004451906684455054,0.11228786377650148,2078961330.1467896
2017-04-19,32.63383483886719,35.16999816894531,35.5,35.11249923706055,35.470001220703125,69313600,-0.0036894884782348036,0.10529989611755548,2444055237.400309
2017-04-20,33.04210662841797,35.61000061035156,35.72999954223633,35.290000915527344,35.30500030517578,93278400,0.012433077918197366,0.10693627339763218,3315425297.2106934
2017-04-21,33.00266647338867,35.567501068115234,35.66999816894531,35.462501525878906,35.61000061035156,69283600,-0.001194346134154145,0.10616262341898018,2464186724.2863975
2017-04-24,33.320472717285156,35.90999984741211,35.98749923706055,35.79499816894531,35.875,68537200,0.009583643965381139,0.11024765511361966,2460314074.2523193
2017-04-25,33.52692413330078,36.13249969482422,36.224998474121094,35.967498779296875,35.977500915527344,75486000,0.006176817112951483,0.1116562562248648,2725673573.21167
2017-04-26,33.329742431640625,35.91999816894531,36.150001525878906,35.845001220703125,36.11750030517578,80164800,-0.005898657038163169,0.08952323734755153,2883661488.4643555
2017-04-27,33.35526657104492,35.9474983215332,36.040000915527344,35.82749938964844,35.97999954223633,56985200,0.0007655135999069529,0.08920004005201422,2047953086.5809124
2017-04-28,33.32278823852539,35.912498474121094,36.07500076293945,35.817501068115234,36.022499084472656,83441600,-0.0009741836405057214,0.08914922395727887,2998473904.488118
2017-05-01,34.00247573852539,36.64500045776367,36.79999923706055,36.2400016784668,36.275001525878906,134411600,0.020191843378572383,0.1130824022792463,4914312176.862081
2017-05-02,34.21819305419922,36.877498626708984,37.022499084472656,36.709999084472656,36.8849983215332,181408800,0.0063241254725530105,0.11451759536319464,6688542262.234497
2017-05-03,34.11381149291992,36.76499938964844,36.872501373291016,36.067501068115234,36.397499084472656,182788000,-0.0030551318715459352,0.11320208842185647,6684252624.898275
2017-05-04,33.990867614746094,36.63249969482422,36.78499984741211,36.45249938964844,36.630001068115234,93487600,-0.0036104424346601327,0.1122769130142196,3423827504.0481567
2017-05-05,34.5545654296875,37.2400016784668,37.244998931884766,36.689998626708984,36.689998626708984,109310800,0.01644779230179072,0.12368131165997097,4050876035.534159
2017-05-08,35.49404525756836,38.252498626708984,38.42499923706055,37.25749969482422,37.25749969482422,195009600,0.026825261915810472,0.14981010643393758,7406139433.300781
2017-05-09,35.72138595581055,38.497501373291016,38.720001220703125,38.36249923706055,38.467498779296875,156521600,0.0063846126220359345,0.14926521652957456,6030255604.866536
2017-05-10,35.55204391479492,38.314998626708984,38.48500061035156,38.02750015258789,38.407501220703125,103222800,-0.004751907126596233,0.1432175553868641,3950938667.9992676
2017-05-11,35.85950469970703,38.48749923706055,38.51750183105469,38.07749938964844,38.11249923706055,109020400,0.008611007342994359,0.1437213491507614,4182113410.9685264
2017-05-12,36.36030197143555,39.025001525878906,39.10499954223633,38.66749954223633,38.67499923706055,130108000,0.01386891829319259,0.14285704745614214,5065429736.470541
2017-05-15,36.26713562011719,38.92499923706055,39.162498474121094,38.76250076293945,39.002498626708984,104038800,-0.0025655979478811375,0.14539902760088488,4052311207.0831294
2017-05-16,36.21356201171875,38.86750030517578,39.01499938964844,38.68000030517578,38.98500061035156,80194000,-0.0014782864929610007,0.14334609602123413,3115871041.6666665
2017-05-17,34.99767303466797,37.5625,38.64250183105469,37.4275016784668,38.400001525878906,203070800,-0.034152115323497156,0.1958101774974795,7691814464.560445
2017-05-18,35.53107452392578,38.1349983215332,38.334999084472656,37.782501220703125,37.817501068115234,134272800,0.0151260777425688,0.19757251005042437,5113667632.53479
2017-05-19,35.65220642089844,38.26499938964844,38.494998931884766,38.157501220703125,38.345001220703125,107843200,0.00340338383641825,0.1967964056126111,4131023628.877767
2017-05-22,35.86882400512695,38.497501373291016,38.64500045776367,38.227500915527344,38.5,91865600,0.006057469958113515,0.19588047172408615,3532844841.438802
2017-05-23,35.82456588745117,38.45000076293945,38.724998474121094,38.32749938964844,38.724998474121094,79675600,-0.001234650038565821,0.19637016744332716,3067576959.8607383
2017-05-24,35.71741485595703,38.334999084472656,38.54249954223633,38.16749954223633,38.459999084472656,76712000,-0.002995475118293456,0.1949053957357357,2941777299.845378
2017-05-25,35.84086227416992,38.467498779296875,38.587501525878906,38.25749969482422,38.432498931884766,76942400,0.003450265870757363,0.19465902016239392,2957473500.0
2017-05-26,35.780303955078125,38.40250015258789,38.560001373291016,38.32749938964844,38.5,87710400,-0.0016910736507602664,0.19488665075973177,3370710698.76709
2017-05-30,35.79428482055664,38.41749954223633,38.60749816894531,38.33250045776367,38.35499954223633,80507600,0.0003906656229673011,0.18540191401986014,3095718439.8620605
2017-05-31,35.58231735229492,38.189998626708984,38.54249954223633,38.095001220703125,38.49250030517578,97804800,-0.005939427905966355,0.18711819036985067,3743560204.1015625
2017-06-01,35.68014907836914,38.29499816894531,38.33250045776367,38.05500030517578,38.29249954223633,65616400,0.0027456750358196835,0.1862355511325736,2508350907.638041
2017-06-02,36.20889663696289,38.86249923706055,38.86249923706055,38.22249984741211,38.39500045776367,111082800,0.014710366180355372,0.18973204815892883,4293257588.850403
2017-06-05,35.85484313964844,38.48249816894531,38.61249923706055,38.3650016784668,38.584999084472656,101326800,-0.009826199616803422,0.18831870067460618,3899730745.077514
2017-06-06,35.975975036621094,38.61249923706055,38.95249938964844,38.44499969482422,38.474998474121094,106499600,0.0033727031063350843,0.16518295123532215,4118339472.414653
2017-06-07,36.19026565551758,38.842498779296875,38.994998931884766,38.619998931884766,38.755001068115234,84278400,0.005938822548322342,0.16499587042349922,3271617161.694336
2017-06-08,36.10176086425781,38.747501373291016,38.8849983215332,38.599998474121094,38.8125,85003200,-0.002448536574182647,0.16423602839311005,3293378096.118164
2017-06-09,34.701839447021484,37.244998931884766,38.79750061035156,36.505001068115234,38.79750061035156,259530800,-0.039548946004067886,0.21264284154758648,9736514290.468342
2017-06-12,33.87261962890625,36.35499954223633,36.522499084472656,35.627498626708984,36.435001373291016,289229200,-0.02418568807496735,0.21835274968818813,10460937850.536093
2017-06-13,34.1451530456543,36.647499084472656,36.86249923706055,36.287498474121094,36.790000915527344,136661600,0.008013637156914388,0.2219872098001224,5001700529.362996
2017-06-14,33.81206512451172,36.290000915527344,36.875,35.959999084472656,36.875,126124800,-0.009802949488685542,0.22312677859965377,4587789600.0
2017-06-15,33.60940170288086,36.0724983215332,36.119998931884766,35.5525016784668,35.83000183105469,128661600,-0.006011854727055788,0.1935942857378858,4620881318.191528
2017-06-16,33.138885498046875,35.567501068115234,36.125,35.54999923706055,35.94499969482422,201444400,-0.014098459094996407,0.18727479115182588,7201133709.491983
2017-06-19,34.0869140625,36.584999084472656,36.685001373291016,35.915000915527344,35.915000915527344,130165600,0.02820617748538723,0.21619665281889672,4737377071.585083
2017-06-20,33.77712631225586,36.252498626708984,36.717498779296875,36.23500061035156,36.717498779296875,99600400,-0.009129721729253859,0.21523111444946227,3625620494.8094687
2017-06-21,33.977439880371094,36.467498779296875,36.51750183105469,36.15250015258789,36.380001068115234,85063200,0.0059129343747024166,0.2173814420859288,3094528351.6326904
2017-06-22,33.92152786254883,36.407501220703125,36.67499923706055,36.279998779296875,36.442501068115234,76425200,-0.0016469184236105328,0.21740426091566722,2786016958.8974
2017-06-23,34.072940826416016,36.56999969482422,36.790000915527344,36.27750015258789,36.282501220703125,141757600,0.004453692103616902,0.21778230801421258,5180649659.384155
2017-06-26,33.965797424316406,36.45500183105469,37.06999969482422,36.345001220703125,36.79249954223633,102769600,-0.0031494849381243917,0.21777003609924772,3763765411.4217124
2017-06-27,33.47895812988281,35.932498931884766,36.540000915527344,35.904998779296875,36.252498626708984,99047600,-0.014436934234443921,0.221217526093281,3578177044.326274
2017-06-28,33.96812438964844,36.45750045776367,36.52750015258789,35.790000915527344,36.122501373291016,88329600,0.014505440961887661,0.2293537548684552,3202684124.926758
2017-06-29,33.467315673828125,35.91999816894531,36.282501220703125,35.56999969482422,36.1775016784668,125997600,-0.014853255874072158,0.2325152639366163,4526358743.548584
2017-06-30,33.5465087890625,36.005001068115234,36.2400016784668,35.94499969482422,36.11249923706055,92096400,0.002363487018804289,0.2243102147796319,3321303246.948242
2017-07-03,33.42539596557617,35.875,36.32500076293945,35.775001525878906,36.220001220703125,57111200,-0.0036168287570026436,0.223241003387623,2055527316.905721
2017-07-05,33.562808990478516,36.022499084472656,36.1974983215332,35.68000030517578,35.92250061035156,86278400,0.00410260933936879,0.22353855683377444,3103146387.5081377
2017-07-06,33.246036529541016,35.682498931884766,35.875,35.602500915527344,35.755001068115234,96515200,-0.009483020769262662,0.22171864727135795,3447522939.090983
2017-07-07,33.58378601074219,36.04499816894531,36.1875,35.724998474121094,35.724998474121094,76806800,0.010107833418235401,0.22718736264948702,2763956617.7215576
2017-07-10,33.788753509521484,36.26499938964844,36.48749923706055,35.842498779296875,36.02750015258789,84362400,0.006084619419349124,0.18766401167507127,3053778203.0548096
2017-07-11,33.89823532104492,36.38249969482422,36.462501525878906,36.095001220703125,36.182498931884766,79127200,0.0032349468898273948,0.16860270928887672,2873372453.7272134
2017-07-12,33.94715118408203,36.435001373291016,36.54499816894531,36.20500183105469,36.467498779296875,99538000,0.0014419807751950842,0.16620160395364508,3622685555.5648804
2017-07-13,34.42000961303711,36.942501068115234,37.122501373291016,36.36000061035156,36.375,100797600,0.013833131689465983,0.1692467490238769,3710191762.536621
2017-07-14,34.71582794189453,37.2599983215332,37.33250045776367,36.83250045776367,36.99250030517578,80528400,0.008557649538403211,0.16926588254642547,2990958969.520569
2017-07-17,34.83694839477539,37.38999938964844,37.724998474121094,37.14250183105469,37.20500183105469,95174000,0.0034828394118693318,0.1593332093430751,3561331758.6517334
2017-07-18,34.958065032958984,37.52000045776367,37.532501220703125,37.16749954223633,37.29999923706055,71475200,0.003470642208083241,0.12917587101652273,2673649010.416667
2017-07-19,35.17702102661133,37.755001068115234,37.85499954223633,37.48749923706055,37.619998931884766,83692000,0.006243856457600838,0.1244574717661912,3155118652.4098716
2017-07-20,35.01863098144531,37.584999084472656,37.935001373291016,37.54750061035156,37.875,68974800,-0.00451282406940301,0.12558152681710827,2599602757.557678
2017-07-21,35.00233459472656,37.567501068115234,37.61000061035156,37.220001220703125,37.497501373291016,105010400,-0.0004654716449250529,0.12527355345777114,3934302246.147664
2017-07-24,35.426265716552734,38.022499084472656,38.11000061035156,37.474998474121094,37.64500045776367,85972800,0.012038752439302858,0.1301294329399794,3255718239.526367
2017-07-25,35.57766342163086,38.185001373291016,38.459999084472656,37.95000076293945,37.95000076293945,75415600,0.004264494552845388,0.12899358263464755,2880750258.0200195
2017-07-26,35.745365142822266,38.3650016784668,38.48249816894531,38.26499938964844,38.337501525878906,63124000,0.004702605417071126,0.11376705877139685,2422120467.28007
2017-07-27,35.069881439208984,37.63999938964844,38.497501373291016,36.82500076293945,38.4375,129905200,-0.019077930923999453,0.13015005685080755,4891472117.739868
2017-07-28,34.822975158691406,37.375,37.557498931884766,37.29750061035156,37.47249984741211,68854800,-0.0070653088065433245,0.12015312100587096,2575858057.4935913
2017-07-31,34.643619537353516,37.182498931884766,37.58250045776367,37.032501220703125,37.474998474121094,79383600,-0.005163806306155649,0.12265103559389162,2958296023.150635
2017-08-01,34.95107650756836,37.51250076293945,37.55500030517578,37.102500915527344,37.275001525878906,141474400,0.008835701222626557,0.12352940470424509,5289727909.544882
2017-08-02,36.602561950683594,39.28499984741211,39.9375,39.040000915527344,39.81999969482422,279747200,0.04616896704357876,0.19602220275699878,11027867817.810059
2017-08-03,36.23685836791992,38.89250183105469,39.3025016784668,38.755001068115234,39.26250076293945,108389200,-0.010041448820004462,0.19652706941946374,4225372478.7221274
2017-08-04,36.427860260009766,39.09749984741211,39.349998474121094,38.92250061035156,39.01750183105469,82239600,0.005257085848227039,0.19543658951727025,3217487254.7195435
2017-08-07,36.991554260253906,39.70249938964844,39.72999954223633,39.16749954223633,39.26499938964844,87481200,0.015355749713517053,0.1992392734171702,3458423395.5047607
2017-08-08,37.28737258911133,40.02000045776367,40.45750045776367,39.567501068115234,39.650001525878906,144823600,0.007965109496580691,0.19952435548001693,5795116449.75942
2017-08-09,37.5156364440918,40.26499938964844,40.317501068115234,39.77750015258789,39.814998626708984,104526000,0.006103085061806013,0.19919777711669573,4193583141.2658696
2017-08-10,36.32069396972656,38.83000183105469,40.0,38.657501220703125,39.974998474121094,163217200,-0.03237015726366277,0.23440409232241324,6391993761.033121
2017-08-11,36.8257942199707,39.369998931884766,39.64250183105469,39.01750183105469,39.150001525878906,105028400,0.013810868882217164,0.23675452708248837,4132167441.481018
2017-08-14,37.3800163269043,39.962501525878906,40.0525016784668,39.6875,39.83000183105469,88490800,0.014937709280370637,0.24036869287730772,3530856756.851705
2017-08-15,37.78924560546875,40.400001525878906,40.54999923706055,40.03499984741211,40.165000915527344,117862000,0.010888315544552274,0.24171461494440113,4753178047.312418
2017-08-16,37.63724136352539,40.23749923706055,40.627498626708984,40.037498474121094,40.48500061035156,110686400,-0.004030532345592253,0.24306598419406317,4460754023.551433
2017-08-17,36.91466522216797,39.46500015258789,40.1775016784668,39.459999084472656,40.130001068115234,111762400,-0.019385118421527014,0.2543359270953237,4437060449.440512
2017-08-18,36.83047866821289,39.375,39.875,39.18000030517578,39.46500015258789,109712400,-0.002283176520789798,0.2546927554413542,4331079855.160522
2017-08-21,36.76266098022461,39.3025016784668,39.47249984741211,38.77750015258789,39.375,105474000,-0.0018430442704100436,0.25269377731379433,4132910854.011536
2017-08-22,37.3636360168457,39.94499969482422,40.0,39.505001068115234,39.557498931884766,86418400,0.0162152496209913,0.2574692499172337,3440892648.6440024
2017-08-23,37.41040802001953,39.994998931884766,40.11750030517578,39.720001220703125,39.76750183105469,77596400,0.0012510225941730901,0.2573654981933126,3099523546.173604
2017-08-24,37.244380950927734,39.817501068115234,40.185001373291016,39.63750076293945,40.10749816894531,79275600,-0.004447868518473008,0.24683227917208792,3161511012.675476
2017-08-25,37.382347106933594,39.96500015258789,40.13999938964844,39.817501068115234,39.912498474121094,101920400,0.003697504011778374,0.24409151229575524,4074183077.069092
2017-08-28,37.75883865356445,40.36750030517578,40.5,39.98249816894531,40.03499984741211,103864000,0.010020994303779673,0.24291520262137067,4183988080.505371
2017-08-29,38.09557342529297,40.727500915527344,40.779998779296875,40.0,40.025001525878906,118067600,0.008878507512083189,0.2429253066785112,4782032956.989543
2017-08-30,38.198463439941406,40.837501525878906,40.97249984741211,40.65250015258789,40.95000076293945,109078400,0.002697198398512235,0.18914207270643305,4452671242.14681
2017-08-31,38.3504638671875,41.0,41.130001068115234,40.869998931884766,40.90999984741211,107140400,0.00397133264608307,0.1839178118140125,4392756400.0
2017-09-01,38.36215591430664,41.01250076293945,41.23500061035156,40.907501220703125,41.20000076293945,66364400,0.0003048272172945232,0.18389396909858585,2724369284.7162886
2017-09-05,37.9014778137207,40.52000045776367,41.0625,40.13999938964844,40.9375,117874000,-0.012081346806941617,0.1843891334098208,4782639315.671286
2017-09-06,37.861717224121094,40.477500915527344,40.747501373291016,40.130001068115234,40.6775016784668,86606800,-0.0010496018081074254,0.18286244282920694,3503389501.577759
2017-09-07,37.7097282409668,40.314998626708984,40.560001373291016,40.09000015258789,40.522499084472656,87714000,-0.004022397273113043,0.1824928576675075,3536774674.4613647
2017-09-08,37.0947151184082,39.657501220703125,40.287498474121094,39.63249969482422,40.21500015258789,114446000,-0.01644359486554814,0.1524618047886031,4561722165.049235
2017-09-11,37.7658576965332,40.375,40.51250076293945,39.97249984741211,40.125,126323200,0.01793094909319093,0.15739203532340218,5089140676.3671875
2017-09-12,37.61619186401367,40.21500015258789,40.9900016784668,39.692501068115234,40.65250015258789,286856000,-0.003970866540513374,0.1501157135251846,11560058030.548096
2017-09-13,37.33324432373047,39.912498474121094,39.9900016784668,39.477500915527344,39.967498779296875,179629600,-0.0075503939422087996,0.14727991277366498,7148060613.28837
2017-09-14,37.01286697387695,39.56999969482422,39.849998474121094,39.522499084472656,39.747501373291016,95042800,-0.008618590196519449,0.14946293193718094,3768209325.985718
2017-09-15,37.387020111083984,39.970001220703125,40.24250030517578,39.5,39.61750030517578,196458400,0.01005798008746428,0.137671381006579,7839508836.590576
2017-09-18,37.10407257080078,39.66749954223633,40.125,39.5,40.02750015258789,113077600,-0.007596851942635041,0.14029340501043885,4496436515.412394
2017-09-19,37.118106842041016,39.682498931884766,39.942501068115234,39.61000061035156,39.877498626708984,83242400,0.0003781692081399335,0.14006220011099155,3308469204.93571
2017-09-20,36.4960823059082,39.01750183105469,39.564998626708984,38.45750045776367,39.474998474121094,211805600,-0.01689998485177746,0.14004908541253855,8263242539.304606
2017-09-21,35.869380950927734,38.34749984741211,38.95000076293945,38.1875,38.95000076293945,150046800,-0.017320887476338864,0.1503567241388905,5776051596.5271
2017-09-22,35.518611907958984,37.97249984741211,38.067501068115234,37.63999938964844,37.8849983215332,186581600,-0.009827195074147976,0.15254952300841754,7070198781.6467285
2017-09-25,35.20526123046875,37.63750076293945,37.95750045776367,37.290000915527344,37.497501373291016,177549200,-0.008861299982851012,0.15244130938896622,6680880607.095337
2017-09-26,35.810909271240234,38.28499984741211,38.47999954223633,37.92250061035156,37.94499969482422,146640000,0.01705703702368,0.16167775207459276,5605925000.0
2017-09-27,36.065799713134766,38.557498931884766,38.68000030517578,38.3849983215332,38.45000076293945,102016800,0.007092464693388312,0.16018450350775443,3931812402.9785156
2017-09-28,35.843650817871094,38.31999969482422,38.56999969482422,38.17499923706055,38.47249984741211,88022000,-0.006178592669923155,0.15933127441134326,3376083769.706726
2017-09-29,36.040077209472656,38.529998779296875,38.532501220703125,38.0,38.3025016784668,105199200,0.005465127808221393,0.16025736057124587,4034827649.9999995
2017-10-02,35.967594146728516,38.45249938964844,38.61249923706055,38.18000030517578,38.564998626708984,74795200,-0.002013204589458528,0.1598357103219215,2873257581.3700356
2017-10-03,36.124263763427734,38.619998931884766,38.772499084472656,38.477500915527344,38.502498626708984,64921200,0.004346395498186606,0.15846290749692044,2507473124.885559
2017-10-04,35.890403747558594,38.369998931884766,38.46500015258789,38.1150016784668,38.407501220703125,80655200,-0.0064948112938520985,0.15899664371068695,3090438433.8450117
2017-10-05,36.33706283569336,38.84749984741211,38.86000061035156,38.51250076293945,38.54499816894531,85135200,0.012368280467223158,0.16714837960656467,3298137682.6416016
2017-10-06,36.316009521484375,38.82500076293945,38.872501373291016,38.63999938964844,38.74250030517578,69630400,-0.0005795574533937753,0.15848818068880147,2700208922.0825195
2017-10-09,36.442298889160156,38.959999084472656,39.182498931884766,38.872501373291016,38.95249938964844,65051600,0.0034714796773691603,0.1438782879936108,2537337644.765218
2017-10-10,36.45632553100586,38.974998474121094,39.5,38.775001525878906,39.01499938964844,62468000,0.0003848259725165448,0.14383321409356467,2441457666.666667
2017-10-11,36.60832214355469,39.13750076293945,39.244998931884766,38.9375,38.99250030517578,67622400,0.004160612187981361,0.1433999537800794,2644486649.1210938
2017-10-12,36.47970962524414,39.0,39.342498779296875,38.932498931884766,39.087501525878906,64500400,-0.0035193901914905013,0.1410435621776627,2521428087.4567666
2017-10-13,36.71121597290039,39.247501373291016,39.31999969482422,39.102500915527344,39.182498931884766,65576800,0.006326115371061203,0.13800682043612017,2572140728.693644
2017-10-16,37.387020111083984,39.970001220703125,40.0,39.412498474121094,39.474998474121094,96486000,0.018241267618100743,0.15061391595004844,3839579955.1849365
2017-10-17,37.52498245239258,40.11750030517578,40.217498779296875,39.807498931884766,39.94499969482422,75989200,0.003683321565671527,0.1510469230597652,3043177436.7548623
2017-10-18,37.358970642089844,39.939998626708984,40.1775016784668,39.900001525878906,40.10499954223633,65496800,-0.0044338493204896245,0.13854620464628006,2620254104.642741
2017-10-19,36.47502899169922,38.994998931884766,39.27000045776367,38.755001068115234,39.1875,170336800,-0.023945171328406456,0.15101907847314927,6644270804.657999
2017-10-20,36.53815841674805,39.0625,39.4375,38.9900016784668,39.15250015258789,95896400,0.0017292613299355608,0.1459440436700659,3755622732.319641
2017-10-23,36.51946258544922,39.04249954223633,39.42250061035156,38.875,39.22249984741211,87937200,-0.0005118105804835515,0.14132207909569391,3439517020.4727173
2017-10-24,36.7369384765625,39.275001525878906,39.35499954223633,39.04999923706055,39.0724983215332,71028800,0.005937406884485075,0.1310947489719433,2786223068.558757
2017-10-25,36.575584411621094,39.102500915527344,39.38750076293945,38.817501068115234,39.227500915527344,84828400,-0.004401821656605964,0.13070067481589023,3317002588.6627197
2017-10-26,36.809425354003906,39.352500915527344,39.45750045776367,39.19499969482422,39.307498931884766,68002000,0.006373010907499754,0.12958465933000812,2674858694.211324
2017-10-27,38.12830352783203,40.76250076293945,40.900001525878906,39.67499923706055,39.8224983215332,177816800,0.03520294495313436,0.17457666399428534,7191948747.108968
2017-10-30,38.98651123046875,41.68000030517578,42.01750183105469,40.93000030517578,40.97249984741211,178803200,0.022258839334792224,0.18594340856610678,7427932081.510417
2017-10-31,39.52903747558594,42.2599983215332,42.412498474121094,41.73500061035156,41.974998474121094,144187200,0.013819807379706006,0.1890099731191279,6075447703.326416
2017-11-01,39.02627182006836,41.72249984741211,42.48500061035156,41.40250015258789,42.467498779296875,134551200,-0.012800472048043687,0.19480344006794995,5633658771.374512
2017-11-02,39.31155776977539,42.02750015258789,42.125,41.31999969482422,41.650001525878906,165573600,0.007283510722470243,0.19289817485806826,6924977833.578491
2017-11-03,40.338134765625,43.125,43.564998626708984,42.779998779296875,43.5,237594400,0.02577872714634788,0.20622300396662552,10253782117.227173
2017-11-06,40.74736404418945,43.5625,43.747501373291016,42.93000030517578,43.092498779296875,140105200,0.010093857943169304,0.2067746447970785,6082433827.720642
2017-11-07,40.878318786621094,43.70249938964844,43.8125,43.400001525878906,43.477500915527344,97446000,0.003208667915398866,0.20610990674978796,4252381059.738159
2017-11-08,41.21271514892578,44.060001373291016,44.060001373291016,43.58250045776367,43.665000915527344,97638000,0.008147009383767223,0.20619028930293906,4286389669.2886353
2017-11-09,41.12853240966797,43.970001220703125,44.025001525878906,43.28499984741211,43.77750015258789,117930400,-0.002044729004815782,0.20540095368744782,5160634405.970255
2017-11-10,40.99241256713867,43.66749954223633,43.845001220703125,43.567501068115234,43.77750015258789,100582000,-0.0033151096161949667,0.2078997641121867,4394762914.723715
2017-11-13,40.82814025878906,43.49250030517578,43.625,43.349998474121094,43.375,67928400,-0.004015434347463653,0.20497351986506537,2954149481.3598633
2017-11-14,40.21091079711914,42.834999084472656,43.369998931884766,42.79499816894531,43.2599983215332,99130000,-0.0152331842303437,0.21596342310662553,4262589873.9496865
2017-11-15,39.68052291870117,42.27000045776367,42.58000183105469,42.095001220703125,42.49250030517578,116632400,-0.01327791093830255,0.2221148440192902,4935300142.441304
2017-11-16,40.15458679199219,42.775001525878906,42.967498779296875,42.57500076293945,42.79499816894531,94550000,0.01187621453776977,0.2008935540449783,4044139908.663432
2017-11-17,39.93163299560547,42.537498474121094,42.84749984741211,42.40999984741211,42.7599983215332,87598000,-0.005567858564462291,0.20386581017360964,3731528749.8677573
2017-11-20,39.891754150390625,42.494998931884766,42.63999938964844,42.38999938964844,42.5724983215332,65049600,-0.000999177057211753,0.2040218989228856,2765150030.3710938
2017-11-21,40.63334655761719,43.28499984741211,43.42499923706055,42.69499969482422,42.69499969482422,100525200,0.018419433632516302,0.20968633616219837,4336154461.096191
2017-11-22,41.060482025146484,43.7400016784668,43.75,43.26250076293945,43.34000015258789,102355600,0.010457077779831181,0.20754667969835464,4461083612.963867
2017-11-24,41.06282424926758,43.74250030517578,43.875,43.662498474121094,43.775001525878906,56106800,5.704164208664153e-05,0.20846884453942136,2455233545.170085
2017-11-27,40.856292724609375,43.522499084472656,43.77000045776367,43.334999084472656,43.76250076293945,82867200,-0.005042338586623618,0.18080292450605678,3608245018.0664062
2017-11-28,40.61691665649414,43.26750183105469,43.717498779296875,42.96500015258789,43.57500076293945,105715200,-0.005876207865978422,0.16980306074180898,4579230106.884766
2017-11-29,39.7744026184082,42.369998931884766,43.22999954223633,41.790000915527344,43.157501220703125,166665600,-0.020961091153181233,0.18164793516523117,7077176894.091797
2017-11-30,40.33061981201172,42.962501525878906,43.03499984741211,42.11000061035156,42.60749816894531,166108800,0.013887422187995657,0.18084435729043577,7093261141.833496
2017-12-01,40.14285659790039,42.76250076293945,42.91749954223633,42.125,42.48749923706055,159037200,-0.00466647057426961,0.18087476642057243,6775249798.178101
2017-12-04,39.84950256347656,42.45000076293945,43.154998779296875,42.407501220703125,43.119998931884766,130169600,-0.007334584267981281,0.15875317962281882,5554445339.770508
2017-12-05,39.81194305419922,42.40999984741211,42.880001068115234,42.099998474121094,42.26499938964844,109400800,-0.0009429784199697089,0.153895382750831,4645522615.075684
2017-12-06,39.664100646972656,42.252498626708984,42.54999923706055,41.6150016784668,41.875,114240000,-0.003720431236205357,0.15328228396307214,4813978382.568359
2017-12-07,39.73686599731445,42.33000183105469,42.61000061035156,42.227500915527344,42.25749969482422,102693200,0.001832858560482542,0.1497880686396255,4353079285.244751
2017-12-08,39.748592376708984,42.342498779296875,42.75,42.20500183105469,42.622501373291016,93420800,0.00029505722730860384,0.14996314456686546,3964078115.0065107
2017-12-11,40.523048400878906,43.16749954223633,43.22249984741211,42.1974983215332,42.29999923706055,141095200,0.01929647998996087,0.16641016351372254,6047692902.352905
2017-12-12,40.2953987121582,42.92499923706055,43.09749984741211,42.8650016784668,43.037498474121094,77636800,-0.00563362199948525,0.16692497929903594,3335471039.744059
2017-12-13,40.429168701171875,43.067501068115234,43.3849983215332,43.0,43.125,95273600,0.003314235448908409,0.15864659035194673,4111135215.283203
2017-12-14,40.41743850708008,43.05500030517578,43.282501220703125,42.912498474121094,43.099998474121094,81906000,-0.00029018395648661155,0.150842739635077,3528783500.0
2017-12-15,40.82814025878906,43.49250030517578,43.54249954223633,43.1150016784668,43.407501220703125,160677200,0.010110217843641411,0.14934282616944647,6970712608.391316
2017-12-18,41.40311050415039,44.10499954223633,44.29999923706055,43.71500015258789,43.720001220703125,117684400,0.013984455066251567,0.1540328705986284,5182820934.099833
2017-12-19,40.961910247802734,43.6349983215332,43.84749984741211,43.522499084472656,43.75749969482422,109745600,-0.01071339440639063,0.15982243719702147,4792407342.191569
2017-12-20,40.91731643676758,43.587501525878906,43.85499954223633,43.3125,43.717498779296875,93902400,-0.0010892583442707604,0.14728967799486775,4092736137.4328613
2017-12-21,41.07219696044922,43.752498626708984,44.005001068115234,43.525001525878906,43.54249954223633,83799600,0.0037780614005686886,0.14327172436571228,3667140363.0981445
2017-12-22,41.07219696044922,43.752498626708984,43.85499954223633,43.625,43.66999816894531,65397600,0.0,0.1432716456895144,2860763474.0844727
2017-12-26,40.030208587646484,42.64250183105469,42.86750030517578,42.41999816894531,42.70000076293945,132742000,-0.02569703583534899,0.1681185081715015,5660561366.836548
2017-12-27,40.03724670410156,42.650001525878906,42.69499969482422,42.4275016784668,42.525001525878906,85992800,0.00017580467488498286,0.16721792477281824,3662505095.769246
2017-12-28,40.14989471435547,42.77000045776367,42.962501525878906,42.619998931884766,42.75,65920800,0.0028096296330062387,0.15033237080810286,2820366514.1174316
2017-12-29,39.71573257446289,42.307498931884766,42.647499084472656,42.30500030517578,42.630001068115234,103999600,-0.010872422379087698,0.14685413719872822,4411662973.813375
2018-01-02,40.42682647705078,43.064998626708984,43.07500076293945,42.314998626708984,42.540000915527344,102223600,0.017746190608628698,0.15930236968480543,4377044111.741638
2018-01-03,40.41978073120117,43.057498931884766,43.63750076293945,42.9900016784668,43.13249969482422,118071600,-0.0001742991106428171,0.1568563042248486,5104038536.048889
2018-01-04,40.60752868652344,43.25749969482422,43.36750030517578,43.02000045776367,43.1349983215332,89738400,0.004634197844511689,0.15730175577573807,3878044969.692993
2018-01-05,41.069854736328125,43.75,43.842498779296875,43.26250076293945,43.36000061035156,94640000,0.011320905939285364,0.16020849612530297,4128039052.225749
2018-01-08,40.91731643676758,43.587501525878906,43.90250015258789,43.48249816894531,43.587501525878906,82271200,-0.0037210327758061545,0.16131702995038186,3591754909.81547
2018-01-09,40.91262435913086,43.58250045776367,43.76499938964844,43.352500915527344,43.63750076293945,86336000,-0.00011467874951964774,0.1613606530517068,3761371755.289714
2018-01-10,40.90322494506836,43.5724983215332,43.57500076293945,43.25,43.290000915527344,95839600,-0.0002297700062712238,0.1477031138119127,4165748051.0854087
2018-01-11,41.13557434082031,43.81999969482422,43.872501373291016,43.622501373291016,43.647499084472656,74670800,0.0056643934095856885,0.14699402280862464,3268465428.100586
2018-01-12,41.56035614013672,44.272499084472656,44.34000015258789,43.912498474121094,44.04499816894531,101672400,0.010273432632445179,0.15029048384164712,4491378192.430115
2018-01-16,41.34913635253906,44.04750061035156,44.84749984741211,44.03499984741211,44.474998474121094,118263600,-0.005095200518172582,0.15187429904453537,5240260128.0303955
2018-01-17,42.03207015991211,44.775001525878906,44.8125,43.76750183105469,44.037498474121094,137547200,0.016381367167286776,0.1579690419719912,6114202439.245605
2018-01-18,42.06962585449219,44.814998626708984,45.025001525878906,44.5625,44.842498779296875,124773600,0.0008931020147313617,0.1512334219524535,5589961264.346313
2018-01-19,41.881866455078125,44.6150016784668,44.89500045776367,44.352500915527344,44.65250015258789,129700400,-0.004473052409412759,0.1467220520129617,5787340063.604736
2018-01-22,41.53923034667969,44.25,44.44499969482422,44.150001525878906,44.32500076293945,108434400,-0.008214661477935703,0.15010025253473702,4801656000.12207
2018-01-23,41.54861831665039,44.2599983215332,44.86000061035156,44.20500183105469,44.32500076293945,130756400,0.00022597696682957746,0.14970118781046415,5811032376.586406
2018-01-24,40.88679504394531,43.55500030517578,44.32500076293945,43.29999923706055,44.3125,204420400,-0.016057115881180195,0.1604057808467099,8938622711.461386
2018-01-25,40.15694046020508,42.77750015258789,43.73749923706055,42.63249969482422,43.627498626708984,166116000,-0.018011862635637588,0.1466429123242115,7151155319.30542
2018-01-26,40.25081253051758,42.877498626708984,43.0,42.51499938964844,43.0,156572000,0.00233490203290998,0.1468363394323539,6700890066.472371
2018-01-29,39.41767501831055,41.9900016784668,42.540000915527344,41.76750183105469,42.540000915527344,202561600,-0.020915870517810742,0.16363992192275303,8527674857.448324
2018-01-30,39.18535232543945,41.74250030517578,41.842498779296875,41.17499923706055,41.38249969482422,184192800,-0.0059113084377777625,0.16071222510189587,7659964472.946167
2018-01-31,39.29329299926758,41.85749816894531,42.11000061035156,41.625,41.717498779296875,129915600,0.0027508309157919797,0.1468332322234538,5438808278.137207
2018-02-01,39.37542724609375,41.94499969482422,42.154998779296875,41.689998626708984,41.79249954223633,188923200,0.0020881050667496126,0.14728340071231805,7921549593.426514
2018-02-02,37.666927337646484,40.125,41.70000076293945,40.025001525878906,41.5,346375200,-0.044359497292597805,0.20757510070779536,14068606304.263306
2018-02-05,36.7258415222168,39.122501373291016,40.970001220703125,39.0,39.775001525878906,290954000,-0.025301814539778977,0.21266205669338212,11550146666.577656
2018-02-06,38.26068878173828,40.75749969482422,40.93000030517578,38.5,38.70750045776367,272975200,0.040942330560193696,0.2668450873763511,10936068950.0
2018-02-07,37.44163131713867,39.8849983215332,40.849998474121094,39.76750183105469,40.772499084472656,206434400,-0.021639744344236878,0.2738500777918658,8291953667.501831
2018-02-08,36.41135787963867,38.787498474121094,40.25,38.75749969482422,40.0724983215332,217562000,-0.027902466532985226,0.2850074685157369,8542571797.210693
2018-02-09,36.85673141479492,39.102500915527344,39.47249984741211,37.560001373291016,39.26750183105469,282690400,0.012157517007548524,0.28915823679205377,10943416735.96395
2018-02-12,38.341270446777344,40.6775016784668,40.97249984741211,39.377498626708984,39.625,243278000,0.039488600755990255,0.3247089032309949,9814442727.37376
2018-02-13,38.72537612915039,41.084999084472656,41.1875,40.412498474121094,40.48749923706055,130196800,0.00996822568531508,0.32824986667666206,5324398030.045572
2018-02-14,39.43936538696289,41.842498779296875,41.8849983215332,40.720001220703125,40.7599983215332,162579600,0.018269339929910533,0.3297362049713259,6744208166.038513
2018-02-15,40.763668060302734,43.247501373291016,43.272499084472656,42.25,42.4474983215332,204588800,0.03302675696070079,0.35268525506360765,8781633289.884441
2018-02-16,40.6317024230957,43.10749816894531,43.70500183105469,42.942501068115234,43.09000015258789,160704400,-0.003242586207328646,0.35258361301865615,6950733197.883606
2018-02-20,40.49504852294922,42.962501525878906,43.564998626708984,42.85499954223633,43.01250076293945,135722000,-0.0033689018184261954,0.3518212417628839,5853350541.193645
2018-02-21,40.31124496459961,42.76750183105469,43.529998779296875,42.752498626708984,43.20750045776367,149886400,-0.004549246535413332,0.3519527857192548,6447613268.548584
2018-02-22,40.64820098876953,43.125,43.48749923706055,42.9275016784668,42.95000076293945,123967600,0.008324117485392968,0.3493557671613236,5352921005.831909
2018-02-23,41.35512924194336,43.875,43.912498474121094,43.3849983215332,43.41749954223633,135249600,0.017241879426337814,0.34811552208284724,5913675907.537842
2018-02-26,42.17280578613281,44.74250030517578,44.84749984741211,44.0525016784668,44.087501525878906,152648800,0.019579142346012546,0.3537226083437391,6800122511.169434
2018-02-27,42.0361328125,44.59749984741211,45.119998931884766,44.540000915527344,44.775001525878906,155712400,-0.0032460471754065523,0.3442456493981726,6968519165.160116
2018-02-28,41.972511291503906,44.529998779296875,45.154998779296875,44.51250076293945,44.814998626708984,151128400,-0.0015146425427459143,0.3431110790691031,6760351068.4453335
2018-03-01,41.237300872802734,43.75,44.94499969482422,43.165000915527344,44.6349983215332,195208000,-0.017671703196078248,0.3508134423393998,8580042333.048502
2018-03-02,41.52243423461914,44.0525016784668,44.07500076293945,43.11249923706055,43.20000076293945,153816000,0.006890657386725785,0.3511504743185288,6728937366.05835
2018-03-05,41.66618728637695,44.20500183105469,44.435001373291016,43.630001068115234,43.8025016784668,113605600,0.0034560783005503914,0.3066337679481178,5008871065.79183
2018-03-06,41.630828857421875,44.16749954223633,44.5625,44.032501220703125,44.477500915527344,95154000,-0.0008489723333608978,0.2871956416522583,4210960999.1989136
2018-03-07,41.24437713623047,43.75749969482422,43.962501525878906,43.567501068115234,43.73500061035156,126814000,-0.00932617946726566,0.26230583028364896,5549697771.751404
2018-03-08,41.6944580078125,44.23500061035156,44.279998779296875,43.76750183105469,43.869998931884766,95096400,0.010853426840836011,0.24626968480828854,4193196549.694824
2018-03-09,42.41080093383789,44.994998931884766,45.0,44.34749984741211,44.4900016784668,128740800,0.01703485032178831,0.21709820842867428,5765120255.615234
2018-03-12,42.82081985473633,45.43000030517578,45.59749984741211,45.0525016784668,45.0724983215332,128828400,0.009621360712706029,0.21660798042892163,5843656302.630615
2018-03-13,42.408447265625,44.99250030517578,45.875,44.810001373291016,45.647499084472656,126774000,-0.009676859158246565,0.19031460316104562,5733459865.92865
2018-03-14,42.04792022705078,44.61000061035156,45.130001068115234,44.45249938964844,45.08000183105469,117473600,-0.008537644684884604,0.1949902452766606,5254692064.49178
2018-03-15,42.09739303588867,44.662498474121094,45.060001373291016,44.51750183105469,44.625,90975200,0.0011758899603564466,0.18820714664812893,4070837000.232951
2018-03-16,41.948951721191406,44.505001068115234,44.779998779296875,44.404998779296875,44.662498474121094,157618800,-0.0035323717997775006,0.15491236087517404,7024019051.847839
2018-03-19,41.30799865722656,43.82500076293945,44.36750030517578,43.415000915527344,44.33000183105469,133787200,-0.0153972905304256,0.16491940210171085,5869133063.128662
2018-03-20,41.29387283325195,43.810001373291016,44.20000076293945,43.73500061035156,43.810001373291016,78597600,-0.0003420218902410177,0.16428070418138324,3451613675.958252
2018-03-21,40.358367919921875,42.817501068115234,43.772499084472656,42.814998626708984,43.7599983215332,148219600,-0.02291537480418926,0.18325766084226364,6393452385.689291
2018-03-22,39.78812026977539,42.212501525878906,43.16999816894531,42.150001525878906,42.5,165963200,-0.014230374557711034,0.18701488319334308,7055234002.197266
2018-03-23,38.86675262451172,41.23500061035156,42.47999954223633,41.23500061035156,42.09749984741211,164115200,-0.02342918519643833,0.1897557173776713,6835398121.736653
2018-03-26,40.71182632446289,43.192501068115234,43.275001525878906,41.61000061035156,42.01750183105469,150164800,0.04637942646879356,0.24479262437865273,6410910884.393311
2018-03-27,39.667938232421875,42.084999084472656,43.787498474121094,41.72999954223633,43.41999816894531,163690400,-0.025975363113822425,0.2587603841832464,6962434597.144572
2018-03-28,39.229644775390625,41.619998931884766,42.505001068115234,41.29750061035156,41.8125,166674000,-0.011110554951198282,0.2602389577825581,6968223288.909912
2018-03-29,39.53596878051758,41.94499969482422,42.9375,41.724998474121094,41.95249938964844,153594000,0.00777815434100404,0.2575089649850653,6482050691.253662
2018-04-02,39.276771545410156,41.66999816894531,42.23500061035156,41.11750030517578,41.65999984741211,150347200,-0.0065775702896910815,0.25578990212642144,6265594224.784342
2018-04-03,39.67971420288086,42.09749984741211,42.1875,41.220001220703125,41.90999984741211,121112000,0.010206790533082266,0.25891088427829895,5066720563.120524
2018-04-04,40.43848419189453,42.90250015258789,43.002498626708984,41.192501068115234,41.220001220703125,138422000,0.018941830716563857,0.26929155238839,5864363374.62616
2018-04-05,40.718894958496094,43.20000076293945,43.557498931884766,43.02000045776367,43.14500045776367,107732800,0.0069103237536141116,0.2691692989815688,4660431156.14624
2018-04-06,39.677364349365234,42.095001220703125,43.119998931884766,42.04999923706055,42.74250030517578,140021200,-0.025911376749001125,0.27925253127482885,5939932644.179281
2018-04-09,40.070884704589844,42.51250076293945,43.272499084472656,42.462501525878906,42.470001220703125,116070800,0.009869145817308134,0.2739941768913277,4961930027.466329
2018-04-10,40.8249397277832,43.3125,43.5,42.88249969482422,43.25,113634400,0.01864315911899972,0.28085517566505247,4912604491.107178
2018-04-11,40.63405990600586,43.11000061035156,43.47999954223633,42.92499923706055,43.057498931884766,89726400,-0.004686533642756174,0.2797515377311982,3873638213.745117
2018-04-12,41.03466033935547,43.53499984741211,43.75,43.2599983215332,43.352500915527344,91557200,0.00981045485037857,0.2816579460050159,3984111502.11792
2018-04-13,41.17369079589844,43.682498931884766,43.959999084472656,43.462501525878906,43.69499969482422,100497200,0.0033823957583951625,0.28199765519816655,4391895119.998677
2018-04-16,41.4305305480957,43.95500183105469,44.04750061035156,43.70750045776367,43.75749969482422,86313600,0.006218582433207498,0.28295829291197055,3789454835.4125977
2018-04-17,42.00078582763672,44.560001373291016,44.73500061035156,44.102500915527344,44.122501373291016,106421600,0.013670266391083707,0.28170200000401646,4732125231.511434
2018-04-18,41.906524658203125,44.459999084472656,44.70500183105469,44.220001220703125,44.45249938964844,83018000,-0.0022467937189496467,0.28187901730074105,3691118702.4485273
2018-04-19,40.718894958496094,43.20000076293945,43.84749984741211,43.165000915527344,43.439998626708984,139235200,-0.028749300258665844,0.2886872616105087,6043387897.485352
2018-04-20,39.0505485534668,41.43000030517578,42.80500030517578,41.35749816894531,42.650001525878906,261964400,-0.041835310661577196,0.32042234492690214,10966921195.739746
2018-04-23,38.93745040893555,41.310001373291016,41.72999954223633,41.022499084472656,41.70750045776367,146062000,-0.0029004007108999197,0.3099653074720866,6040272291.666666
2018-04-24,38.395469665527344,40.73500061035156,41.58250045776367,40.30500030517578,41.41749954223633,134768000,-0.014017047766501367,0.26323200805286445,5508529755.025228
2018-04-25,38.56275939941406,40.912498474121094,41.35499954223633,40.602500915527344,40.654998779296875,113528400,0.004347553196521581,0.2503729899474188,4649744795.579529
2018-04-26,38.69709777832031,41.05500030517578,41.432498931884766,40.842498779296875,41.029998779296875,111852000,0.00347757604528498,0.24833227604845404,4598235646.04187
2018-04-27,38.24938201904297,40.58000183105469,41.08250045776367,40.157501220703125,41.0,142623200,-0.011637200638234368,0.24908055211400587,5791452908.1797285
2018-04-30,38.94215774536133,41.314998626708984,41.814998626708984,40.459999084472656,40.532501220703125,169709600,0.017950006685172326,0.25729199499246164,6991469614.168294
2018-05-01,39.84701919555664,42.275001525878906,42.29999923706055,41.317501068115234,41.602500915527344,214277600,0.022970191362822412,0.26752498886061277,8991981050.118
2018-05-02,41.60726547241211,44.14250183105469,44.4375,43.45000076293945,43.807498931884766,266157600,0.04322720097154864,0.3001545678842886,11713596206.137085
2018-05-03,41.68267822265625,44.22249984741211,44.375,43.61000061035156,43.970001220703125,136272800,0.0018108493656296965,0.29949806898857023,6005428756.126912
2018-05-04,43.318016052246094,45.95750045776367,46.0625,44.54249954223633,44.5625,224805200,0.03848297142049484,0.308850847063829,10233320041.666668
2018-05-07,43.63143539428711,46.290000915527344,46.91749954223633,46.1875,46.29499816894531,169805600,0.007209262261762106,0.3083929801777979,7890017229.910278
2018-05-08,43.84115219116211,46.51250076293945,46.55500030517578,45.91749954223633,46.247501373291016,113611200,0.004795038182543898,0.30394265097221673,5263417567.114258
2018-05-09,44.14984130859375,46.84000015258789,46.849998474121094,46.30500030517578,46.63750076293945,92844800,0.007016408647058103,0.30263399850105327,4332602558.943685
2018-05-10,44.781349182128906,47.5099983215332,47.592498779296875,46.912498474121094,46.935001373291016,111957200,0.01420240716558574,0.3040473783999652,5299867087.527974
2018-05-11,44.611045837402344,47.147499084472656,47.51499938964844,46.86249923706055,47.372501373291016,104848800,-0.003810246961784891,0.3053569120291046,4946242060.006714
2018-05-14,44.506954193115234,47.037498474121094,47.38249969482422,46.96500015258789,47.252498626708984,83115200,-0.002336041912698761,0.30601064528732286,3917080804.164632
2018-05-15,44.10245895385742,46.61000061035156,46.76750183105469,46.275001525878906,46.69499969482422,94780800,-0.009129911476054797,0.3067056815084677,4412125349.34082
2018-05-16,44.514060974121094,47.04499816894531,47.1150016784668,46.5,46.51750183105469,76732400,0.009289576719314852,0.3070806287951714,3597726457.430522
2018-05-17,44.23257064819336,46.747501373291016,47.227500915527344,46.59000015258789,47.0,69176000,-0.006343706003785865,0.2870034754893488,3241241536.295573
2018-05-18,44.07170486450195,46.57749938964844,46.95249938964844,46.532501220703125,46.79750061035156,73190800,-0.00364344672352912,0.23576236883200105,3417095475.0
2018-05-21,44.38395309448242,46.907501220703125,47.317501068115234,46.727500915527344,47.0,73603200,0.007060023839234653,0.23350664479842917,3458185094.616699
2018-05-22,44.27276611328125,46.790000915527344,47.220001220703125,46.69499969482422,47.095001220703125,60962800,-0.0025082597345789104,0.22393539176503066,2859256961.8754067
2018-05-23,44.556644439697266,47.09000015258789,47.125,46.439998626708984,46.587501525878906,80233600,0.0063915608820503955,0.22372792873605643,3761752303.3528647
2018-05-24,44.506954193115234,47.037498474121094,47.209999084472656,46.5525016784668,47.192501068115234,92936000,-0.0011158375026512068,0.22525624721009016,4361796243.031819
2018-05-25,44.60868835449219,47.14500045776367,47.412498474121094,46.912498474121094,47.057498931884766,69844000,0.0022831952430228952,0.21569461013381855,3293610166.2750244
2018-05-29,44.44782257080078,46.974998474121094,47.1875,46.717498779296875,46.900001525878906,90056400,-0.003612671481966423,0.2156723487202007,4229048461.5509033
2018-05-30,44.35321044921875,46.875,47.0,46.69499969482422,46.93000030517578,74762000,-0.002130879656788043,0.2090671068665702,3503098105.7281494
2018-05-31,44.204166412353516,46.717498779296875,47.057498931884766,46.53499984741211,46.80500030517578,109931200,-0.003366047705410935,0.15883846678220187,5141482134.53776
2018-06-01,45.00135803222656,47.560001373291016,47.564998626708984,46.9375,46.997501373291016,93770000,0.017873620444750493,0.1668103951832263,4440400208.333333
2018-06-04,45.37746047973633,47.95750045776367,48.35499954223633,47.837501525878906,47.90999984741211,105064800,0.00832284875472089,0.11125110001934299,5048363693.438721
2018-06-05,45.727561950683594,48.32749938964844,48.48500061035156,48.09000015258789,48.26750183105469,86264000,0.007685705683011079,0.11152667208872595,4166623091.0542803
2018-06-06,45.88603591918945,48.494998931884766,48.52000045776367,47.97999954223633,48.407501220703125,83734400,0.0034596201929568693,0.1112525705602747,4047023079.520671
2018-06-07,45.76304626464844,48.3650016784668,48.54999923706055,48.084999084472656,48.53499984741211,85388800,-0.002683927115027629,0.11111036970478888,4127125333.3333335
2018-06-08,45.34671401977539,47.92499923706055,48.0,47.442501068115234,47.79249954223633,106627200,-0.009139199607465898,0.10755756215649806,5095625042.84668
2018-06-11,45.23552322387695,47.807498931884766,47.99250030517578,47.5525016784668,47.837501525878906,73234000,-0.002455025513364628,0.10695356178869136,3499425684.0159097
2018-06-12,45.48391342163086,48.06999969482422,48.15250015258789,47.787498474121094,47.84749984741211,67644400,0.0054760220662930514,0.10757722247069648,3247156643.48704
2018-06-13,45.11016845703125,47.67499923706055,48.220001220703125,47.61000061035156,48.10499954223633,86553600,-0.00825102649552889,0.10656383696288546,4140291486.8164062
2018-06-14,45.13382339477539,47.70000076293945,47.89250183105469,47.55500030517578,47.88750076293945,86440400,0.0005242440588122399,0.10233813057070754,4124575803.2018023
2018-06-15,44.67019271850586,47.209999084472656,47.540000915527344,47.064998626708984,47.50749969482422,246876800,-0.01032548020711399,0.10662444945382508,11670277684.322102
2018-06-18,44.64653778076172,47.185001373291016,47.30500030517578,46.79999923706055,46.970001220703125,73939600,-0.0005296866144779422,0.10564238507952292,3482308717.2312417
2018-06-19,43.925052642822266,46.42250061035156,46.58250045776367,45.86249923706055,46.28499984741211,134314000,-0.016291930468627758,0.11795933697578644,6217283145.329794
2018-06-20,44.11665344238281,46.625,46.79999923706055,46.432498931884766,46.587501525878906,82514800,0.004352507704791009,0.11888659542371316,3846771163.3036294
2018-06-21,43.870643615722656,46.3650016784668,47.087501525878906,46.23500061035156,46.8125,102847600,-0.0055919542012290435,0.11776876021658572,4788841505.777487
2018-06-22,43.7429084777832,46.22999954223633,46.537498474121094,46.17499923706055,46.529998779296875,108801600,-0.0029158783177094527,0.1179986869162105,5039055336.38916
2018-06-25,43.092384338378906,45.54249954223633,46.22999954223633,45.182498931884766,45.849998474121094,126652400,-0.01498322371746763,0.1269729380746189,5781893063.588969
2018-06-26,43.62699890136719,46.10749816894531,46.63249969482422,45.6349983215332,45.747501373291016,98276800,0.012329915550075121,0.1356752424516935,4533017275.034586
2018-06-27,43.56312561035156,46.040000915527344,46.81999969482422,46.00749969482422,46.307498931884766,101141200,-0.0014651499306728155,0.13562065997134196,4681741873.955282
2018-06-28,43.88010025024414,46.375,46.5525016784668,45.95000076293945,46.025001525878906,69460800,0.007249870419054005,0.13813720728302123,3215514140.5273438
2018-06-29,43.787845611572266,46.27750015258789,46.79750061035156,45.727500915527344,46.5724983215332,90950800,-0.0021046386297407516,0.12114350430627376,4208066189.885966
2018-07-02,44.27750778198242,46.79499816894531,46.82500076293945,45.85499954223633,45.95500183105469,70925200,0.011120541683248497,0.12430840072634611,3297430720.5922446
2018-07-03,43.506351470947266,45.97999954223633,46.98749923706055,45.8849983215332,46.9474983215332,55819200,-0.017569884840949346,0.13196671056023876,2583545102.056885
2018-07-05,43.8564453125,46.349998474121094,46.602500915527344,46.06999969482422,46.314998626708984,66416800,0.008014755216219971,0.13544925920824208,3077809839.0645347
2018-07-06,44.46438217163086,46.99250030517578,47.10749816894531,46.29999923706055,46.35499954223633,69940800,0.01376677456438058,0.14632484175379554,3273229386.6394043
2018-07-09,45.0817756652832,47.64500045776367,47.66999816894531,47.32500076293945,47.375,79026400,0.013789609556037252,0.152495814570355,3757441882.5887046
2018-07-10,45.02737045288086,47.587501525878906,47.81999969482422,47.54499816894531,47.6775016784668,63756400,-0.0012075404408324886,0.15233395567434385,3038045577.3620605
2018-07-11,44.44310760498047,46.970001220703125,47.44499969482422,46.90250015258789,47.125,75326000,-0.013060646726829717,0.1570124800186005,3548294028.4856157
2018-07-12,45.18822479248047,47.75749969482422,47.852500915527344,47.32749938964844,47.38249969482422,72164400,0.016626649026522333,0.16617474088986967,3438332975.0
2018-07-13,45.25919723510742,47.83250045776367,47.959999084472656,47.724998474121094,47.77000045776367,50055600,0.0015693638492391138,0.166248757676769,2394618157.902527
2018-07-16,45.159847259521484,47.727500915527344,48.162498474121094,47.60499954223633,47.880001068115234,60172400,-0.0021975462386945033,0.16212992614403998,2878146157.909648
2018-07-17,45.287574768066406,47.86249923706055,47.967498779296875,47.29999923706055,47.4375,62138000,0.002824350116077845,0.162264992481797,2964603923.110962
2018-07-18,45.03920364379883,47.599998474121094,47.95000076293945,47.48249816894531,47.94499969482422,65573600,-0.005499404597414603,0.1519847785977973,3126385257.3008223
2018-07-19,45.3892822265625,47.970001220703125,48.13750076293945,47.42250061035156,47.42250061035156,81147200,0.0077427002854117966,0.15330296158300083,3882352608.831787
2018-07-20,45.285221099853516,47.86000061035156,48.10749816894531,47.54249954223633,47.94499969482422,82704800,-0.002295268649433968,0.15181963170684346,3956321903.060913
2018-07-23,45.32542419433594,47.90250015258789,47.9900016784668,47.38999938964844,47.66999816894531,63957600,0.0008873813223608806,0.15096622410154398,3054668300.024414
2018-07-24,45.65422439575195,48.25,48.415000915527344,48.01250076293945,48.11249923706055,74791600,0.007228026003761379,0.13897850193789987,3606887278.178406
2018-07-25,46.084747314453125,48.70500183105469,48.712501525878906,48.10749816894531,48.26499938964844,66839600,0.00938589284894853,0.13681463302535304,3242277630.663045
2018-07-26,45.940452575683594,48.5525016784668,48.9900016784668,48.40250015258789,48.65250015258789,76304000,-0.003135985734259883,0.13758172389491077,3712062515.930176
2018-07-27,45.176395416259766,47.744998931884766,48.79750061035156,47.525001525878906,48.747501373291016,96096000,-0.016771323536891813,0.15183958949553028,4614770194.213867
2018-07-30,44.923301696777344,47.477500915527344,48.04999923706055,47.26750183105469,47.974998474121094,84118000,-0.005618096248745541,0.15335661592806804,4003876658.9533486
2018-07-31,45.013179779052734,47.5724983215332,48.03499984741211,47.334999084472656,47.57500076293945,157492000,0.001998701988803475,0.14917173342929757,7504099925.811768
2018-08-01,47.6649169921875,50.375,50.439998626708984,49.32749938964844,49.782501220703125,271742800,0.05724030359336485,0.23359529433382625,13600047603.319803
2018-08-02,49.058189392089844,51.84749984741211,52.095001220703125,50.087501525878906,50.14500045776367,249616000,0.02881149769797542,0.24809691066887268,12816117709.16748
2018-08-03,49.20011901855469,51.997501373291016,52.185001373291016,51.369998931884766,51.75749969482422,133789600,0.0028889104131812893,0.24643648147110364,6937102326.187134
2018-08-06,49.45560073852539,52.26750183105469,52.3125,51.76750183105469,52.0,101701600,0.00517926972108862,0.24438555042978916,5300263759.480795
2018-08-07,48.9919548034668,51.77750015258789,52.375,51.689998626708984,52.33000183105469,102349600,-0.00941921534673762,0.24847416719178714,5316805804.353842
2018-08-08,49.02507781982422,51.8125,51.95249938964844,51.130001068115234,51.51250076293945,90102000,0.0006758624849534378,0.2408660041182816,4652116443.748474
2018-08-09,49.4106559753418,52.220001220703125,52.44499969482422,51.79999923706055,52.38249969482422,93970400,0.007834149504165389,0.2373707572760698,4901026216.779582
2018-08-10,49.26347732543945,51.88249969482422,52.275001525878906,51.66749954223633,51.84000015258789,98444800,-0.002983127474746272,0.2385902802488495,5113387011.702475
2018-08-13,49.581565856933594,52.217498779296875,52.73749923706055,51.92499923706055,52.32749938964844,103563600,0.006436127079048504,0.23752307475038636,5415685761.184692
2018-08-14,49.790462493896484,52.4375,52.63999938964844,52.064998626708984,52.540000915527344,82992000,0.0042043409627998685,0.23743589411735005,4347190065.124512
2018-08-15,49.90678024291992,52.560001373291016,52.685001373291016,52.08250045776367,52.30500030517578,115230400,0.0023334206364808985,0.23471081151237314,6042970375.079346
2018-08-16,50.63790512084961,53.33000183105469,53.45249938964844,52.86750030517578,52.9375,114001600,0.014543538769844488,0.2368340345534241,6066785204.650879
2018-08-17,51.649147033691406,54.39500045776367,54.48749923706055,53.290000915527344,53.36000061035156,141708000,0.019773272168197575,0.24000174844662442,7660380238.830566
2018-08-20,51.14590835571289,53.8650016784668,54.79499816894531,53.77750015258789,54.525001525878906,121150800,-0.009791184924416108,0.24595983853585426,6559811025.0
2018-08-21,51.04619598388672,53.7599983215332,54.29750061035156,53.50749969482422,54.20000076293945,104639200,-0.0019514698149052379,0.24744740903729157,5635344068.099976
2018-08-22,51.04857635498047,53.76250076293945,54.09000015258789,53.459999084472656,53.525001525878906,76072400,4.663061662535384e-05,0.24774777756633604,4090476341.666667
2018-08-23,51.15303039550781,53.872501373291016,54.26250076293945,53.650001525878906,53.662498474121094,75532800,0.0020440789576237073,0.24621762241094777,4073358108.203125
2018-08-24,51.312068939208984,54.040000915527344,54.224998474121094,53.77750015258789,54.150001525878906,73905600,0.0031042505681764254,0.23293782455807546,3991949384.7229004
2018-08-27,51.73460388183594,54.48500061035156,54.685001373291016,54.08250045776367,54.287498474121094,82100400,0.00820089187114803,0.2288493092396533,4467698583.813477
2018-08-28,52.15239715576172,54.92499923706055,55.1349983215332,54.72999954223633,54.752498626708984,91107200,0.008043268592790032,0.2281197618615942,5004518407.954915
2018-08-29,52.930999755859375,55.744998931884766,55.872501373291016,54.852500915527344,55.037498474121094,109019200,0.014819027012593189,0.1423283391498829,6049475452.360025
2018-08-30,53.41762924194336,56.25749969482422,57.064998626708984,55.599998474121094,55.8125,195175200,0.00915165314391242,0.1149161988020059,10989827365.530396
2018-08-31,54.03483200073242,56.907501220703125,57.217498779296875,56.5,56.627498626708984,173360400,0.011488048567600107,0.11744982830192342,9859872750.0
2018-09-04,54.20810317993164,57.09000015258789,57.29499816894531,56.657501220703125,57.102500915527344,109560400,0.0032015267677136805,0.11754458847563305,6246494888.949076
2018-09-05,53.85441207885742,56.717498779296875,57.41749954223633,56.275001525878906,57.247501373291016,133332000,-0.006546069434502311,0.11358429346516681,7573702033.218384
2018-09-06,52.95948791503906,55.775001525878906,56.837501525878906,55.32500076293945,56.557498931884766,137160000,-0.01675709069706377,0.13535440089236295,7678102674.407959
2018-09-07,52.532196044921875,55.32500076293945,56.342498779296875,55.1775016784668,55.462501525878906,150479200,-0.008101002673793989,0.14058580117655012,8368900769.230143
2018-09-10,51.82717514038086,54.58250045776367,55.462501525878906,54.11750030517578,55.23749923706055,158066000,-0.013511611318324679,0.15064984772163242,8649503362.261456
2018-09-11,53.13752746582031,55.962501525878906,56.07500076293945,54.13999938964844,54.502498626708984,142996000,0.024968782254909172,0.16919740324812485,7920906010.004679
2018-09-12,52.477622985839844,55.26750183105469,56.25,54.959999084472656,56.23500061035156,197114800,-0.012496560671731771,0.17791717961044798,10938393099.154663
2018-09-13,53.745208740234375,56.602500915527344,57.087501525878906,55.64250183105469,55.880001068115234,166825600,0.02386767342292151,0.1924716861291579,9416332208.251953
2018-09-14,53.13515090942383,55.959999084472656,56.709999084472656,55.630001068115234,56.4375,127997200,-0.011415838384027932,0.1949908008911915,7180642887.448629
2018-09-17,51.720359802246094,54.470001220703125,55.73749923706055,54.317501068115234,55.537498474121094,148780400,-0.026987174321238427,0.2091181723563435,8159365179.006958
2018-09-18,51.805824279785156,54.560001373291016,55.462501525878906,54.279998779296875,54.4474983215332,126286800,0.0016510701657126425,0.20604485588223678,6916412389.656067
2018-09-19,51.83667755126953,54.592498779296875,54.904998779296875,53.82500076293945,54.625,108495200,0.0005953787654813247,0.20582939244875118,5906569039.964803
2018-09-20,52.2307243347168,55.00749969482422,55.56999969482422,54.787498474121094,55.060001373291016,106435200,0.007572950981880933,0.2071398136104884,5866885540.209961
2018-09-21,51.66814041137695,54.415000915527344,55.34000015258789,54.3224983215332,55.19499969482422,384986800,-0.010829558590330635,0.21118454550347152,21055890480.674232
2018-09-24,52.41114044189453,55.1974983215332,55.314998626708984,54.157501220703125,54.20500183105469,110773600,0.014277820647449424,0.21639400133115355,6080362836.38916
2018-09-25,52.743465423583984,55.54750061035156,55.70500183105469,54.92499923706055,54.9375,98217600,0.0063207138737895185,0.21570888606027644,5440518462.95166
2018-09-26,52.32330322265625,55.10499954223633,55.9375,54.939998626708984,55.25,95938800,-0.007998046311117779,0.21621615296896496,5308053898.4436035
2018-09-27,53.39863586425781,56.23749923706055,56.61000061035156,55.8849983215332,55.95500183105469,120724800,0.020343359881084044,0.22170917697836784,6790065698.31543
2018-09-28,53.58616256713867,56.435001373291016,56.459999084472656,56.005001068115234,56.1974983215332,91717600,0.0035056736599026195,0.21976582320639523,5163700926.649984
2018-10-01,53.946983337402344,56.814998626708984,57.35499954223633,56.587501525878906,56.98749923706055,94403200,0.006710900558027255,0.21726980504210439,5373351465.063477
2018-10-02,54.42649459838867,57.31999969482422,57.5,56.657501220703125,56.8125,99152800,0.008849294113771666,0.21921498714397025,5667491450.925699
2018-10-03,55.08879470825195,58.01750183105469,58.36750030517578,57.44499969482422,57.51250076293945,114619200,0.012095264292795171,0.2214616166411945,6641418581.958008
2018-10-04,54.120269775390625,56.997501373291016,58.087501525878906,56.682498931884766,57.69499969482422,128168000,-0.01773754459772281,0.222483201764047,7338365724.894206
2018-10-05,53.24197769165039,56.0724983215332,57.102500915527344,55.14500045776367,56.9900016784668,134322000,-0.016361648491276526,0.2285336504731187,7536359666.33606
2018-10-08,53.1185302734375,55.942501068115234,56.20000076293945,55.04999923706055,55.5525016784668,118655600,-0.0023213028220192555,0.22299573900174308,6612775509.912618
2018-10-09,53.85441207885742,56.717498779296875,56.817501068115234,55.5625,55.90999984741211,107564000,0.013758496260922293,0.2110103002170082,6062934491.195679
2018-10-10,51.35955047607422,54.09000015258789,56.587501525878906,54.01250076293945,56.3650016784668,167962400,-0.04743342607058709,0.26594688051177573,9220576022.021484
2018-10-11,50.9061393737793,53.61249923706055,54.875,53.08000183105469,53.630001068115234,212497600,-0.008867374266879224,0.2509528310066149,11444235404.99064
2018-10-12,52.7244758605957,55.52750015258789,55.720001220703125,54.209999084472656,55.10499954223633,161351600,0.03509625264838645,0.2804869406711302,8898944143.6203
2018-10-15,51.596920013427734,54.34000015258789,55.45750045776367,54.317501068115234,55.290000915527344,123164000,-0.021617804268260432,0.27462506939976483,6737686688.908895
2018-10-16,52.733970642089844,55.537498474121094,55.747501373291016,54.189998626708984,54.73249816894531,116736000,0.02179787104972153,0.28491468969342815,6438963140.625
2018-10-17,52.50608444213867,55.29750061035156,55.65999984741211,54.834999084472656,55.57500076293945,91541600,-0.004330795075140337,0.28548759621466674,5058970225.365193
2018-10-18,51.27883529663086,54.005001068115234,54.935001373291016,53.25,54.46500015258789,130325200,-0.02365095728807054,0.29617425956512905,7045814835.392252
2018-10-19,52.059810638427734,54.82749938964844,55.314998626708984,54.35749816894531,54.51499938964844,132314800,0.015115162457798537,0.2988266508830088,7255261365.086365
2018-10-22,52.37791061401367,55.162498474121094,55.84000015258789,54.73500061035156,54.9474983215332,115168400,0.0060916870927290034,0.29535068136141157,6362574202.377828
2018-10-23,52.87164306640625,55.682498931884766,55.8125,53.67499923706055,53.95750045776367,155071200,0.009382197964391992,0.2963685236198691,8537703273.352051
2018-10-24,51.05807113647461,53.772499084472656,56.057498931884766,53.6349983215332,55.650001525878906,163702000,-0.03490351255600688,0.31938149240295804,8919848943.501791
2018-10-25,52.17612838745117,54.95000076293945,55.345001220703125,54.1875,54.4275016784668,119423200,0.021661445015801917,0.32053347205003635,6547675576.964315
2018-10-26,51.345298767089844,54.07500076293945,55.04750061035156,53.16749954223633,53.974998474121094,189033600,-0.01605170025600522,0.324070435901555,10226087705.688477
2018-10-29,50.38154220581055,53.060001373291016,54.92250061035156,51.522499084472656,54.79750061035156,183742000,-0.01894849752399619,0.3273870461820517,9769255968.752542
2018-10-30,50.63315200805664,53.32500076293945,53.79499816894531,52.317501068115234,52.787498474121094,146640000,0.004981657857844546,0.32583066979456266,7793305000.0
2018-10-31,51.9530029296875,54.71500015258789,55.11249923706055,54.154998779296875,54.220001220703125,153435600,0.025732980320628762,0.3373278726256549,8386917665.350342
2018-11-01,52.75059509277344,55.55500030517578,55.59000015258789,54.20249938964844,54.76250076293945,233292800,0.01523553356867069,0.3383792818296709,12858127070.800781
2018-11-02,49.25159454345703,51.869998931884766,53.412498474121094,51.35749816894531,52.38750076293945,365314800,-0.06863331006124884,0.4087425903923752,19074302885.154724
2018-11-05,47.85344696044922,50.397499084472656,51.09749984741211,49.54249954223633,51.07500076293945,264654800,-0.02879859151544828,0.41762643746426864,13324266317.056274
2018-11-06,48.370933532714844,50.942501068115234,51.18000030517578,50.42250061035156,50.47999954223633,127531600,0.010755934381929677,0.4160334377102687,6484769391.659037
2018-11-07,49.83794021606445,52.48749923706055,52.51499938964844,51.032501220703125,51.49250030517578,133697600,0.029877459219729285,0.40333279176932413,6953834998.533122
2018-11-08,49.66404724121094,52.122501373291016,52.529998779296875,51.6875,52.494998931884766,101450400,-0.003495269920400723,0.40252443315784775,5286918517.160034
2018-11-09,48.706443786621094,51.11750030517578,51.502498626708984,50.5625,51.38750076293945,137463200,-0.019469938494087735,0.3843281502918547,7018985495.724487
2018-11-12,46.25291442871094,48.54249954223633,49.962501525878906,48.4474983215332,49.75,204542000,-0.05168686063468231,0.4146181564750924,10019319376.719158
2018-11-13,45.790771484375,48.057498931884766,49.29499816894531,47.86249923706055,47.907501220703125,187531600,-0.010041901805170728,0.402699456543377,9077466869.07959
2018-11-14,44.49730682373047,46.70000076293945,48.619998931884766,46.48249816894531,48.474998474121094,243204000,-0.028653908317062715,0.4093608686258996,11495644896.820068
2018-11-15,45.5954475402832,47.852500915527344,47.99250030517578,46.724998474121094,47.09749984741211,185915200,0.024379210367928117,0.42021358191148106,8835310002.42106
2018-11-16,46.10044479370117,48.38249969482422,48.74250030517578,47.3650016784668,47.625,147713200,0.011014721515826054,0.41786592398576,7114360171.977234
2018-11-19,44.27338409423828,46.46500015258789,47.67499923706055,46.247501373291016,47.5,167701200,-0.04043891243112485,0.43157582086119983,7847717447.648621
2018-11-20,42.158103942871094,44.244998931884766,45.36750030517578,43.877498626708984,44.592498779296875,271300800,-0.04895675564857571,0.44815956439847265,12071981070.812988
2018-11-21,42.11046600341797,44.19499969482422,45.067501068115234,44.13750076293945,44.932498931884766,124496800,-0.0011306218809252755,0.4409426318421839,5535957769.989014
2018-11-23,41.0409049987793,43.0724983215332,44.150001525878906,43.025001525878906,43.73500061035156,94496000,-0.025727056202262233,0.42888123890849017,4102622629.923503
2018-11-26,41.59592819213867,43.654998779296875,43.73749923706055,42.564998626708984,43.560001373291016,179994000,0.013433030233434895,0.4374206530501848,7797189883.590698
2018-11-27,41.50542449951172,43.560001373291016,43.692501068115234,42.720001220703125,42.877498626708984,165549600,-0.0021781529536477606,0.43720126863832953,7172298664.086914
2018-11-28,43.10140609741211,45.23500061035156,45.3224983215332,43.73249816894531,44.182498931884766,184250000,0.037731491121091754,0.46485683852947995,8247643988.609314
2018-11-29,42.770294189453125,44.88750076293945,45.70000076293945,44.42499923706055,45.665000915527344,167080000,-0.007711820025607885,0.4483371891447567,7519296209.157309
2018-11-30,42.539241790771484,44.64500045776367,45.08250045776367,44.25749969482422,45.0724983215332,158126000,-0.005416814450712959,0.4394557376374232,7062170735.50415
2018-12-03,44.025657653808594,46.20500183105469,46.23500061035156,45.3025016784668,46.1150016784668,163210000,0.03434560628944183,0.41214941309504344,7493651365.801493
2018-12-04,42.089027404785156,44.17250061035156,45.59749984741211,44.067501068115234,45.23749923706055,165377200,-0.044985517457885926,0.4271568529188512,7377890419.115194
2018-12-06,41.619754791259766,43.68000030517578,43.69499969482422,42.60499954223633,42.939998626708984,172393600,-0.011212145662904849,0.4227674909120704,7469240016.36149
2018-12-07,40.135711669921875,42.122501373291016,43.622501373291016,42.07500076293945,43.372501373291016,169126400,-0.03630842601055928,0.41085213951771354,7205912347.184245
2018-12-10,40.40013122558594,42.400001525878906,42.522499084472656,40.83250045776367,41.25,248104000,0.006566529790690723,0.4145720147138926,10400106261.667887
2018-12-11,40.1690559387207,42.157501220703125,42.9474983215332,41.75,42.915000915527344,189126800,-0.005736086674844376,0.41347530229702445,7997226709.141541
2018-12-12,40.28102493286133,42.275001525878906,42.97999954223633,42.255001068115234,42.599998474121094,142510800,0.002783566286682415,0.3856882740988287,6057184137.478638
2018-12-13,40.72170639038086,42.73749923706055,43.14250183105469,42.38750076293945,42.622501373291016,127594400,0.010880764093742279,0.39031431884516565,5455404978.544108
2018-12-14,39.418704986572266,41.369998931884766,42.27000045776367,41.31999969482422,42.25,162814800,-0.03252082732565942,0.39337621690420665,6781779086.312866
2018-12-17,39.0518684387207,40.98500061035156,42.087501525878906,40.682498931884766,41.36249923706055,177151600,-0.009349727016370935,0.3774791678956856,7307798815.739441
2018-12-18,39.55924606323242,41.51750183105469,41.88249969482422,41.09749984741211,41.345001220703125,135366000,0.012908726031631623,0.3787200597856865,5617576256.965637
2018-12-19,38.32533645629883,40.22249984741211,41.86249923706055,39.772499084472656,41.5,196189200,-0.031688244766412854,0.37029073044174154,7969041693.255615
2018-12-20,37.35820770263672,39.20750045776367,40.52750015258789,38.82500076293945,40.099998474121094,259092000,-0.025558565236959208,0.3450439367907131,10239315958.602905
2018-12-21,35.905128479003906,37.682498931884766,39.540000915527344,37.407501220703125,39.21500015258789,382978400,-0.03967249865186151,0.3634069370565652,14633604800.355022
2018-12-24,34.976131439208984,36.70750045776367,37.88750076293945,36.647499084472656,37.037498474121094,148676800,-0.026214269889904607,0.36371066893471987,5513059656.45752
2018-12-26,37.43918991088867,39.29249954223633,39.307498931884766,36.68000030517578,37.07500076293945,234330000,0.06805214440987273,0.4443970458845411,9004520704.650879
2018-12-27,37.19622802734375,39.037498474121094,39.192501068115234,37.51750183105469,38.959999084472656,212468400,-0.006510655356162687,0.44427073391969996,8197562140.260315
2018-12-28,37.21527099609375,39.057498931884766,39.630001068115234,38.63750076293945,39.375,169165600,0.0005118286666885297,0.41644710042309685,6615784716.35437
2018-12-31,37.57497787475586,39.435001373291016,39.84000015258789,39.119998931884766,39.63249969482422,140014000,0.00961915911967326,0.4205495657853204,5525652531.364441
2019-01-02,37.61785125732422,39.47999954223633,39.712501525878906,38.557498931884766,38.72249984741211,148158800,0.0011403584014413326,0.4213686106203478,5815232900.0
2019-01-03,33.870845794677734,35.54750061035156,36.43000030517578,35.5,35.994998931884766,365248800,-0.10492406689912182,0.5173084133653493,13085342745.465088
2019-01-04,35.31676483154297,37.064998626708984,37.13750076293945,35.95000076293945,36.13249969482422,234428400,0.04180313729233376,0.5367095287460272,8607624788.923645
2019-01-07,35.2381477355957,36.98249816894531,37.20750045776367,36.474998474121094,37.17499923706055,219111200,-0.002228537337050973,0.5370946113154689,8082646770.9198
2019-01-08,35.90989685058594,37.6875,37.95500183105469,37.130001068115234,37.38999938964844,164101200,0.01888369752364305,0.5347980881257269,6168701017.585754
2019-01-09,36.519710540771484,38.32749938964844,38.63249969482422,37.407501220703125,37.8224983215332,180396400,0.016839193857315582,0.5388989354573875,6877161777.35087
2019-01-10,36.636436462402344,38.45000076293945,38.49250030517578,37.71500015258789,38.125,143122800,0.003191147305271702,0.5396401177343955,5470034205.236816
2019-01-11,36.2767448425293,38.0724983215332,38.42499923706055,37.877498626708984,38.220001220703125,108092800,-0.009866378926065789,0.5392330951457409,4121037862.552897
2019-01-14,35.73124694824219,37.5,37.817501068115234,37.30500030517578,37.712501525878906,129756800,-0.015151327406288218,0.5369467740393098,4871178462.064616
2019-01-15,36.4625358581543,38.26750183105469,38.34749984741211,37.51250076293945,37.567501068115234,114843600,0.020259747997420252,0.535814451416968,4368937746.459961
2019-01-16,36.907997131347656,38.73500061035156,38.970001220703125,38.25,38.27000045776367,122278800,0.012142933372989884,0.5382133522180317,4726279492.633057
2019-01-17,37.12714385986328,38.96500015258789,39.415000915527344,38.314998626708984,38.54999923706055,119284800,0.005920090530689315,0.5361787451017669,4639979899.865723
2019-01-18,37.35581970214844,39.20500183105469,39.470001220703125,38.994998931884766,39.375,135004000,0.006140372236855818,0.5267193736126166,5295306982.599894
2019-01-22,36.517330169677734,38.32500076293945,39.182498931884766,38.154998779296875,39.102500915527344,121576000,-0.022701767683206864,0.525150668593537,4687261304.829916
2019-01-23,36.66501998901367,38.47999954223633,38.78499984741211,37.92499923706055,38.537498474121094,92522400,0.004036219649074191,0.5061693905232735,3552551709.6466064
2019-01-24,36.374412536621094,38.17499923706055,38.619998931884766,37.935001373291016,38.52750015258789,101766000,-0.007957591560056265,0.4976494878937364,3891871044.471741
2019-01-25,37.579742431640625,39.439998626708984,39.532501220703125,38.58000183105469,38.869998931884766,134142000,0.03259956492857574,0.451279143438526,5256242560.050964
2019-01-28,37.231964111328125,39.07500076293945,39.08250045776367,38.415000915527344,38.9474983215332,104768400,-0.009297497454427095,0.45190288885459684,4071038177.603149
2019-01-29,36.8460578918457,38.66999816894531,39.532501220703125,38.52750015258789,39.0625,166348800,-0.010419006881321913,0.4533416741010696,6472631782.6171875
2019-01-30,39.36391830444336,41.3125,41.537498474121094,40.057498931884766,40.8125,244439200,0.0661009818889231,0.5080415839317624,10014470113.308716
2019-01-31,39.64739227294922,41.61000061035156,42.25,41.13999938964844,41.52750015258789,162958400,0.007175559619022831,0.5082932104220546,6789933333.333333
2019-02-01,39.666446685791016,41.630001068115234,42.244998931884766,41.48249816894531,41.7400016784668,130672400,0.000480481425650936,0.3250733537238855,5460255047.910563
2019-02-04,40.79317092895508,42.8125,42.915000915527344,41.81999969482422,41.852500915527344,125982000,0.02800902951669748,0.31010374658717227,5356229740.6311035
2019-02-05,41.491111755371094,43.54499816894531,43.77000045776367,43.087501525878906,43.21500015258789,144406400,0.016964541520254617,0.3098543529183706,6276985199.34489
2019-02-06,41.50542449951172,43.560001373291016,43.89250183105469,43.212501525878906,43.662498474121094,112958400,0.0003448997977106849,0.30841090273389904,4919903290.106201
2019-02-07,40.71932601928711,42.73500061035156,43.48500061035156,42.584999084472656,43.099998474121094,126966800,-0.01912130901027176,0.3192147494357257,5451319570.91573
2019-02-08,40.76716613769531,42.602500915527344,42.665000915527344,42.10499954223633,42.247501373291016,95280000,0.0011741853806275238,0.31947016150026597,4045350643.6157227
2019-02-11,40.53273391723633,42.35749816894531,42.8025016784668,42.3125,42.76250076293945,83973600,-0.005767113368166932,0.3173189434349117,3568108237.728882
2019-02-12,40.88200378417969,42.72249984741211,42.75,42.42499923706055,42.525001525878906,89134000,0.008580068412716635,0.30830914790506314,3800005227.798462
2019-02-13,40.71214294433594,42.54499816894531,43.119998931884766,42.47999954223633,42.84749984741211,89960800,-0.004163560550252132,0.3063812572011425,3842675471.335856
2019-02-14,40.86046600341797,42.70000076293945,42.814998626708984,42.345001220703125,42.4275016784668,87342800,0.0036365938139617526,0.3054737371865909,3722550153.7699385
2019-02-15,40.769569396972656,42.60499954223633,42.92499923706055,42.4375,42.8125,98507200,-0.0022270391913421506,0.3064924593908236,4201906665.250651
2019-02-19,40.891571044921875,42.73249816894531,42.86000061035156,42.372501373291016,42.4275016784668,75891200,0.0029879998750863557,0.3064971747024373,3237139139.8600264
2019-02-20,41.15471267700195,43.00749969482422,43.33000183105469,42.747501373291016,42.79750061035156,104457600,0.006414490026950048,0.29002319018719536,4494636532.946777
2019-02-21,40.92267990112305,42.76499938964844,43.092498779296875,42.57500076293945,42.95000076293945,68998800,-0.00565401474689331,0.29276527912317696,2953896102.433777
2019-02-22,41.37959671020508,43.24250030517578,43.25,42.845001220703125,42.89500045776367,75652800,0.011103496093534115,0.289136006259425,3261581378.479004
2019-02-25,41.681034088134766,43.557498931884766,43.967498779296875,43.48749923706055,43.540000915527344,87493600,0.007258281051028437,0.2731024203016829,3820918334.3302407
2019-02-26,41.70494842529297,43.58250045776367,43.82500076293945,43.29249954223633,43.4275016784668,68280800,0.0005735817242422669,0.26860790747694524,2974766870.698039
2019-02-27,41.834136962890625,43.717498779296875,43.75,43.182498931884766,43.3025016784668,111341600,0.0030928909499512436,0.2624050220338756,4848926595.053101
2019-02-28,41.42266082763672,43.287498474121094,43.727500915527344,43.22999954223633,43.58000183105469,112861600,-0.009884585918330302,0.1534668286580046,4899886323.816935
2019-03-01,41.85805130004883,43.74250030517578,43.787498474121094,43.22249984741211,43.56999969482422,103544800,0.01045606907118879,0.1551237059879288,4512913773.267618
2019-03-04,42.06858444213867,43.962501525878906,44.4375,43.49250030517578,43.92250061035156,109744800,0.005017086216821731,0.1550951158378894,4824838744.98291
2019-03-05,41.992027282714844,43.88249969482422,44.0,43.6349983215332,43.98500061035156,78949600,-0.001821475695205077,0.12593979591145543,3461084620.464071
2019-03-06,41.75040817260742,43.630001068115234,43.872501373291016,43.48500061035156,43.66749954223633,83241600,-0.005770545823517548,0.11470954429291985,3634536444.6777344
2019-03-07,41.26715850830078,43.125,43.61000061035156,43.005001068115234,43.467498779296875,99185600,-0.011642237709162284,0.1219351347802864,4289446636.826579
2019-03-08,41.36525344848633,43.227500915527344,43.26750183105469,42.375,42.58000183105469,95997600,0.002374249618114277,0.10098102487286975,4123736991.8884277
2019-03-11,42.7982292175293,44.724998474121094,44.779998779296875,43.837501525878906,43.872501373291016,128044000,0.0340554885622093,0.15316587051153172,5691235637.898764
2019-03-12,43.27907943725586,45.227500915527344,45.66749954223633,44.842498779296875,45.0,129870400,0.011172636068368824,0.15295430048792613,5876094440.305582
2019-03-13,43.47047805786133,45.4275016784668,45.82500076293945,45.22999954223633,45.5625,124130000,0.004412677982546409,0.1518093741481218,5647190990.409851
2019-03-14,43.953712463378906,45.932498931884766,46.025001525878906,45.63999938964844,45.974998474121094,94318000,0.011055048359749797,0.1518039105355566,4325973663.536072
2019-03-15,44.525474548339844,46.529998779296875,46.83250045776367,45.935001373291016,46.212501525878906,156171600,0.012924396418614759,0.15502130934683694,7251437848.773193
2019-03-18,44.98001480102539,47.005001068115234,47.09749984741211,46.4474983215332,46.45000076293945,104879200,0.010156788450124132,0.1543761333369693,4913590493.327841
2019-03-19,44.62355422973633,46.63249969482422,47.247501373291016,46.47999954223633,47.087501525878906,126585600,-0.007956434227260445,0.16061440505753732,5922518297.753906
2019-03-20,45.01350784301758,47.040000915527344,47.372501373291016,46.182498931884766,46.557498931884766,124140800,0.00870077765453292,0.16117545324477497,5817858642.5130205
2019-03-21,46.67136764526367,48.772499084472656,49.08250045776367,47.45249938964844,47.505001068115234,204136800,0.03616824510707861,0.19034848674393895,9887535949.319458
2019-03-22,45.70487976074219,47.76250076293945,49.42250061035156,47.69499969482422,48.834999084472656,169630800,-0.020925793789207336,0.2117899703778511,8192036828.395081
2019-03-25,45.15226745605469,47.185001373291016,47.994998931884766,46.650001525878906,47.877498626708984,175381200,-0.012164571221571219,0.21966121044882894,8291438639.044189
2019-03-26,44.68574905395508,46.6974983215332,48.220001220703125,46.14500045776367,47.915000915527344,199202000,-0.010385861435416643,0.225022174991964,9366644041.666668
2019-03-27,45.087669372558594,47.11750030517578,47.439998626708984,46.63750076293945,47.1875,119393600,0.008954165075678144,0.22581673803453842,5619259771.854655
2019-03-28,45.14746856689453,47.18000030517578,47.38999938964844,46.88249969482422,47.23749923706055,83121600,0.0013254083598832622,0.22056111321439895,3919252691.088867
2019-03-29,45.44172668457031,47.48749923706055,47.52000045776367,47.1349983215332,47.45750045776367,94256000,0.006496561798485345,0.2195931376768235,4465927764.343262
2019-04-01,45.75033950805664,47.810001373291016,47.91999816894531,47.095001220703125,47.90999984741211,111448000,0.0067684397238827465,0.2197680873665892,5305853561.676025
2019-04-02,46.4153938293457,48.505001068115234,48.6150016784668,47.76250076293945,47.772499084472656,91062800,0.014431955139208696,0.22135028781982724,4397802146.862285
2019-04-03,46.733577728271484,48.837501525878906,49.125,48.287498474121094,48.3125,93087200,0.0068317477079569144,0.2178855406524576,4538001000.0
2019-04-04,46.814903259277344,48.92250061035156,49.092498779296875,48.28499984741211,48.6974983215332,76457200,0.0017386824592922068,0.20926191709718642,3728562767.222595
2019-04-05,47.12828826904297,49.25,49.275001525878906,48.98249816894531,49.11249923706055,74106400,0.006671822984673614,0.20877198656534246,3643749925.128174
2019-04-08,47.869911193847656,50.025001525878906,50.057498931884766,49.084999084472656,49.10499954223633,103526800,0.01561372732389632,0.18671056924587148,5147611297.203064
2019-04-09,47.726375579833984,49.875,50.712501525878906,49.807498931884766,50.08000183105469,143072800,-0.0030029560084785523,0.18781725582906036,7172477940.497843
2019-04-10,47.99430465698242,50.154998779296875,50.185001373291016,49.54499816894531,49.66999816894531,86781200,0.005598158646863194,0.18782401890830036,4335733338.780212
2019-04-11,47.59477996826172,49.73749923706055,50.25,49.61000061035156,50.212501525878906,83603200,-0.008359260197073226,0.19184032243476198,4168943233.0810547
2019-04-12,47.575653076171875,49.717498779296875,50.03499984741211,49.0525016784668,49.79999923706055,111042800,-0.0004019503061090113,0.18953760120335847,5507907962.629191
2019-04-15,47.66177749633789,49.807498931884766,49.962501525878906,49.502498626708984,49.64500045776367,70146400,0.0018086259388829795,0.18793338343623794,3490309476.5930176
2019-04-16,47.666561126708984,49.8125,50.342498779296875,49.63999938964844,49.8650016784668,102785600,0.00010036114012290653,0.18409958131169263,5132256254.597981
2019-04-17,48.59477615356445,50.782501220703125,50.845001220703125,49.65250015258789,49.8849983215332,115627200,0.019285911112822962,0.19150689404062568,5830694371.97876
2019-04-18,48.769405364990234,50.96500015258789,51.037498474121094,50.630001068115234,50.779998779296875,96783200,0.0035871384313299615,0.15109055571365917,4924087248.154704
2019-04-22,48.929691314697266,51.13249969482422,51.23500061035156,50.584999084472656,50.70750045776367,77758000,0.0032812195601170657,0.12544422589616613,3964426815.846761
2019-04-23,49.63542175292969,51.869998931884766,51.9375,50.974998474121094,51.10749816894531,93292000,0.014320330524286273,0.11721146508992981,4813322916.000366
2019-04-24,49.55887222290039,51.790000915527344,52.119998931884766,51.76250076293945,51.84000015258789,70162400,-0.0015434263838618456,0.10632719504961925,3640785418.941243
2019-04-25,49.10911560058594,51.31999969482422,51.939998626708984,51.279998779296875,51.70750045776367,74172800,-0.00911662936035551,0.11616152317214437,3820888098.9868164
2019-04-26,48.874671936035156,51.07500076293945,51.25,50.529998779296875,51.224998474121094,74596400,-0.004785365371882566,0.11997581480004205,3800810895.9508257
2019-04-29,48.94883346557617,51.15250015258789,51.49250030517578,50.96500015258789,51.099998474121094,88818800,0.0015162315732686338,0.11988966521548916,4547818640.736897
2019-04-30,48.006263732910156,50.16749954223633,50.849998474121094,49.77750015258789,50.76499938964844,186139600,-0.0194440407202241,0.14346624577262967,9356306880.389404
2019-05-01,50.3626823425293,52.630001068115234,53.82749938964844,52.307498931884766,52.470001220703125,259309200,0.04791897428227765,0.2101269777722018,13723074993.243408
2019-05-02,50.03493881225586,52.287498474121094,53.162498474121094,52.032501220703125,52.459999084472656,127985200,-0.006528933469320375,0.2129880900266488,6718476341.550699
2019-05-03,50.656925201416016,52.9375,52.959999084472656,52.557498931884766,52.72249984741211,83569600,0.01235441028839146,0.21509295882955612,4414006934.075928
2019-05-06,49.87465286254883,52.119998931884766,52.209999084472656,50.875,51.0724983215332,129772400,-0.015563032894800877,0.22506489608934346,6713775028.192647
2019-05-07,48.53017807006836,50.71500015258789,51.85499954223633,50.20750045776367,51.470001220703125,155054800,-0.02732708234787129,0.24268210844253635,7896294910.219828
2019-05-08,48.53974914550781,50.724998474121094,51.334999084472656,50.4375,50.474998474121094,105358000,0.00019719960125685887,0.24232165513963302,5355610449.259439
2019-05-09,48.018226623535156,50.18000030517578,50.41999816894531,49.165000915527344,50.099998474121094,139634400,-0.010802372134151028,0.24489787911243488,6970781943.591309
2019-05-10,47.35301208496094,49.29499816894531,49.712501525878906,48.192501068115234,49.35499954223633,164834800,-0.013950229348036913,0.24805323517057656,8087894228.586325
2019-05-13,44.60087966918945,46.43000030517578,47.369998931884766,45.712501525878906,46.9275016784668,229722400,-0.05987684845166674,0.3226332997008475,10683048835.088095
2019-05-14,45.306922912597656,47.165000915527344,47.42499923706055,46.352500915527344,46.602500915527344,146118800,0.015706262134352666,0.3288894113688519,6864783041.690572
2019-05-15,45.849666595458984,47.72999954223633,47.9375,46.505001068115234,46.567501068115234,106178800,0.011908082549079602,0.3325971225695653,5031901835.935465
2019-05-16,45.647953033447266,47.52000045776367,48.11750030517578,47.209999084472656,47.477500915527344,132125600,-0.004409161453981625,0.3235201620739874,6291270541.946411
2019-05-17,45.38857650756836,47.25,47.724998474121094,46.689998626708984,46.73249816894531,131516400,-0.005698310975430498,0.3226857261560389,6210423474.90387
2019-05-20,43.96927261352539,45.772499084472656,46.087501525878906,45.06999969482422,45.880001068115234,154449200,-0.03176941434403613,0.33579862234105357,7049576334.378052
2019-05-21,44.812217712402344,46.650001525878906,47.0,46.17499923706055,46.30500030517578,113459200,0.018989778769245458,0.3396110832329614,5288144242.1875
2019-05-22,43.89483642578125,45.69499969482422,46.4275016784668,45.63750076293945,46.165000915527344,118994400,-0.020684127152577947,0.3435115661414193,5464222932.733154
2019-05-23,43.145565032958984,44.915000915527344,45.1349983215332,44.45249938964844,44.95000076293945,146118800,-0.01721705986810429,0.34555448704283587,6551114565.445455
2019-05-24,42.979854583740234,44.74250030517578,45.53499984741211,44.654998779296875,45.04999923706055,94858800,-0.003848124152978638,0.34562737670741434,4266511643.2266235
2019-05-28,42.80214309692383,44.557498931884766,45.147499084472656,44.477500915527344,44.72999954223633,111792800,-0.0041433341693024595,0.3445415878430953,5000212422.197469
2019-05-29,42.598018646240234,44.345001220703125,44.837501525878906,44.0,44.10499954223633,113924800,-0.004780432150172764,0.34143368100649507,5057596662.967936
2019-05-30,42.818973541259766,44.57500076293945,44.807498931884766,44.16749954223633,44.48749923706055,84873600,0.005173569852962245,0.28353687956623297,3778289738.4155273
2019-05-31,42.043270111083984,43.76750183105469,44.497501373291016,43.747501373291016,44.057498931884766,108174400,-0.0182819827053069,0.28561745146243195,4760124491.727701
2019-06-03,41.618202209472656,43.32500076293945,44.47999954223633,42.567501068115234,43.900001525878906,161584400,-0.010161704008595951,0.27513413758572836,7022054136.967468
2019-06-04,43.1407585144043,44.90999984741211,44.95750045776367,43.630001068115234,43.86000061035156,123872000,0.03593059874945981,0.31621980218287155,5512200830.037435
2019-06-05,43.837196350097656,45.6349983215332,46.247501373291016,45.28499984741211,46.06999969482422,119093600,0.01601446529598949,0.31710344740755164,5445257107.827759
2019-06-06,44.480812072753906,46.30500030517578,46.36750030517578,45.537498474121094,45.77000045776367,90105200,0.014575218080465469,0.3239491612530611,4151146536.502075
2019-06-07,45.66474914550781,47.537498474121094,47.97999954223633,46.442501068115234,46.627498626708984,122737600,0.02626873995699608,0.3396770100693541,5807943194.543457
2019-06-10,46.24832534790039,48.14500045776367,48.842498779296875,47.904998779296875,47.95249938964844,104883600,0.012698607844834786,0.3408815223501832,5065615601.649475
2019-06-11,46.783851623535156,48.70249938964844,49.0,48.400001525878906,48.71500015258789,107731600,0.011512837991882297,0.26759824579821156,5246618729.210409
2019-06-12,46.63495635986328,48.54750061035156,48.99250030517578,48.34749984741211,48.48749923706055,73012800,-0.0031876962031121003,0.2637068087088074,3550551638.568115
2019-06-13,46.6253547668457,48.537498474121094,49.1974983215332,48.400001525878906,48.67499923706055,86698400,-0.0002059095221862428,0.2609667172535339,4223223512.826538
2019-06-14,46.286739349365234,48.185001373291016,48.397499084472656,47.57500076293945,47.88750076293945,75046000,-0.007288973946731225,0.26188499735325643,3606147945.5362954
2019-06-17,46.56291580200195,48.47249984741211,48.7400016784668,48.04249954223633,48.224998474121094,58676400,0.005948913147096224,0.26140222413889,2841013514.8910522
2019-06-18,47.65800476074219,49.61249923706055,50.0724983215332,48.8025016784668,49.01250076293945,106204000,0.023246180697130914,0.24237433244536236,5256655456.324259
2019-06-19,47.518714904785156,49.467498779296875,49.970001220703125,49.32749938964844,49.91999816894531,84496800,-0.0029269753336742532,0.2371320321635573,4190055466.809082
2019-06-20,47.90055465698242,49.8650016784668,50.15250015258789,49.50749969482422,50.092498779296875,86056000,0.008003452388296584,0.22138157168923134,4289174510.4370117
2019-06-21,47.73725891113281,49.69499969482422,50.212501525878906,49.537498474121094,49.70000076293945,191202400,-0.0034148815922390163,0.2092438682712591,9524747536.549887
2019-06-24,47.6892204284668,49.64500045776367,50.040000915527344,49.54249954223633,49.6349983215332,72881600,-0.0010068167044714471,0.20794720922552373,3625313010.241699
2019-06-25,46.966365814208984,48.89250183105469,49.814998626708984,48.8224983215332,49.60749816894531,84281200,-0.015273660973962766,0.2175895838338142,4144668444.3725586
2019-06-26,47.98220443725586,49.95000076293945,50.247501373291016,49.337501525878906,49.442501068115234,104270000,0.021398476719126425,0.22210923985725714,5197338277.282715
2019-06-27,47.967796325683594,49.935001373291016,50.39250183105469,49.89250183105469,50.0724983215332,83598800,-0.00030032541044278105,0.2231556300782548,4186070718.984477
2019-06-28,47.530723571777344,49.47999954223633,49.875,49.26250076293945,49.66999816894531,124442400,-0.009153561880285821,0.21280117536244572,6164772806.658936
2019-07-01,48.40247344970703,50.38750076293945,51.122501373291016,50.162498474121094,50.79249954223633,109012000,0.01817460276432925,0.2079888486229593,5511374212.178549
2019-07-02,48.68585205078125,50.682498931884766,50.782501220703125,50.34000015258789,50.352500915527344,67740800,0.0058375588277894686,0.1804924266047146,3427797388.224284
2019-07-03,49.08930969238281,51.102500915527344,51.11000061035156,50.67250061035156,50.81999969482422,45448000,0.008252810311465186,0.17705609738054792,2316105859.0291343
2019-07-05,49.046077728271484,51.057498931884766,51.27000045776367,50.724998474121094,50.837501525878906,69062000,-0.0008810678399364669,0.1753145358165526,3523370535.822551
2019-07-08,48.0350341796875,50.005001068115234,50.349998474121094,49.602500915527344,50.20249938964844,101354400,-0.020829594629485193,0.17862788778614277,5066284161.465454
2019-07-09,48.32802963256836,50.310001373291016,50.377498626708984,49.70249938964844,49.79999923706055,82312000,0.006081092572104652,0.17531802155369053,4126300543.2535806
2019-07-10,48.805931091308594,50.807498931884766,50.932498931884766,50.38999938964844,50.462501525878906,71588400,0.009840128238657098,0.17429088987991692,3630247698.4588623
2019-07-11,48.450504302978516,50.4375,51.09749984741211,50.4275016784668,50.82749938964844,80767200,-0.0073090972173774915,0.17644104349490478,4091195251.0803223
2019-07-12,48.82273483276367,50.82500076293945,51.0,50.54999923706055,50.61249923706055,70380800,0.00765333507952537,0.17734659597278363,3574758133.333333
2019-07-15,49.281429290771484,51.3025016784668,51.467498779296875,51.0,51.022499084472656,67789600,0.009351240177665865,0.1753402695507528,3474668941.0105386
2019-07-16,49.11091613769531,51.125,51.52750015258789,50.875,51.147499084472656,67467200,-0.003465987583332275,0.17645827170890968,3452690186.0982256
2019-07-17,48.834747314453125,50.837501525878906,51.272499084472656,50.817501068115234,51.01250076293945,56430000,-0.005639240072079055,0.1616872282434556,2876566306.5719604
2019-07-18,49.38949966430664,51.415000915527344,51.470001220703125,50.92499923706055,51.0,74162400,0.011295749583059678,0.1645537787436638,3802306281.9488525
2019-07-19,48.652225494384766,50.647499084472656,51.625,50.59000015258789,51.4474983215332,83717200,-0.015040291609137668,0.172938514871676,4265740140.3762817
2019-07-22,49.764122009277344,51.80500030517578,51.807498931884766,50.90250015258789,50.912498474121094,89111600,0.02259673021856967,0.1877709592972496,4589692939.870198
2019-07-23,50.15317153930664,52.209999084472656,52.227500915527344,51.8224983215332,52.1150016784668,73420800,0.007787470664173846,0.1884138989478693,3824244694.921875
2019-07-24,50.11234664916992,52.16749954223633,52.287498474121094,51.79249954223633,51.91749954223633,59966400,-0.0008143356386196565,0.17753663165856037,3123199979.1992188
2019-07-25,49.71609115600586,51.755001068115234,52.310001373291016,51.682498931884766,52.22249984741211,55638400,-0.007938771416459378,0.16851797208338942,2888513926.802572
2019-07-26,49.889007568359375,51.935001373291016,52.432498931884766,51.78499984741211,51.869998931884766,70475600,0.0034720428628278732,0.1684380255753066,3668313713.2512407
2019-07-29,50.35490417480469,52.41999816894531,52.65999984741211,52.11000061035156,52.1150016784668,86693600,0.009295326826633143,0.16515756482499735,4542455621.648152
2019-07-30,50.13876724243164,52.19499969482422,52.540000915527344,51.82749938964844,52.189998626708984,135742800,-0.004301509987439722,0.15704945267723752,7084077375.0
2019-07-31,51.161808013916016,53.2599983215332,55.342498779296875,52.82500076293945,54.10499954223633,277125600,0.020198810349456586,0.16913953994657557,14911897400.665283
2019-08-01,50.05471420288086,52.10749816894531,54.50749969482422,51.685001373291016,53.474998474121094,216071600,-0.021876625274263706,0.18732713287833314,11401378038.383484
2019-08-02,48.99565505981445,51.005001068115234,51.60749816894531,50.407501220703125,51.38249969482422,163448400,-0.02138506926306638,0.2026874628136403,8336958080.940247
2019-08-05,46.43083190917969,48.334999084472656,49.662498474121094,48.14500045776367,49.497501373291016,209572000,-0.05376790256644881,0.26704992880786843,10209125198.094687
2019-08-06,47.309776306152344,49.25,49.51750183105469,48.5099983215332,49.07749938964844,143299200,0.018753242010811633,0.275176523021725,7034915983.288574
2019-08-07,47.79969787597656,49.7599983215332,49.88999938964844,48.45500183105469,48.852500915527344,133457600,0.010302357516482452,0.2754118699352356,6588579262.302653
2019-08-08,48.85395812988281,50.85749816894531,50.88249969482422,49.84749984741211,50.04999923706055,108038000,0.021816082515437873,0.28531653345170865,5459070025.90688
2019-08-09,48.45138931274414,50.247501373291016,50.689998626708984,49.8224983215332,50.32500076293945,98478800,-0.0082743882953209,0.2855464262135784,4948887907.568868
2019-08-12,48.32844161987305,50.119998931884766,50.51250076293945,49.787498474121094,49.904998779296875,89927600,-0.0025407723453803044,0.28339510835203185,4508969809.112549
2019-08-13,50.37506103515625,52.24250030517578,53.03499984741211,50.119998931884766,50.255001068115234,188874000,0.04147599111621059,0.3188572833949731,9783515747.36023
2019-08-14,48.87565994262695,50.6875,51.61000061035156,50.647499084472656,50.790000915527344,146189600,-0.03021671100530421,0.3364226291102201,7452989442.462158
2019-08-15,48.63218307495117,50.435001373291016,51.28499984741211,49.91749954223633,50.8650016784668,108909600,-0.004994005941854507,0.3342704901511027,5504926517.697144
2019-08-16,49.77964401245117,51.625,51.790000915527344,50.959999084472656,51.06999969482422,110481600,0.023320630762587946,0.33993947175071637,5685199000.0
2019-08-19,50.70773696899414,52.587501525878906,53.182498931884766,52.50749969482422,52.654998779296875,97654400,0.018472356195686768,0.3369464873921999,5152164770.300293
2019-08-20,50.71014404296875,52.59000015258789,53.337501525878906,52.58000183105469,52.720001220703125,107537200,4.74684335944886e-05,0.33602721616920217,5681817702.134705
2019-08-21,51.25977325439453,53.15999984741211,53.412498474121094,52.900001525878906,53.247501373291016,86141600,0.01078032715792654,0.3378227439269447,4579072097.618611
2019-08-22,51.21638107299805,53.1150016784668,53.61000061035156,52.6875,53.29750061035156,89014800,-0.0008468737780935598,0.33631110190473495,4730024002.912903
2019-08-23,48.84914016723633,50.65999984741211,53.01250076293945,50.25,52.35749816894531,187272000,-0.04732264686231069,0.3760950188450669,9608458178.100586
2019-08-26,49.777225494384766,51.622501373291016,51.79750061035156,51.26499938964844,51.46500015258789,104174400,0.018820783193987722,0.38081180109681434,5371405735.687256
2019-08-27,49.215553283691406,51.040000915527344,52.13750076293945,50.88249969482422,51.96500015258789,103493200,-0.011347862844365508,0.3824569508123722,5314720844.708761
2019-08-28,49.54581069946289,51.38249969482422,51.43000030517578,50.83000183105469,51.025001525878906,63755200,0.0066880130745898825,0.3758521398786778,3265169477.5797524
2019-08-29,50.384708404541016,52.252498626708984,52.33000183105469,51.665000915527344,52.125,83962000,0.016790014100445116,0.37337436172916044,4372950903.434753
2019-08-30,50.31962966918945,52.185001373291016,52.61249923706055,51.79999923706055,52.540000915527344,84573600,-0.0012924715192172975,0.36502947764874005,4414671437.698364
2019-09-03,49.586788177490234,51.42499923706055,51.744998931884766,51.05500030517578,51.60749816894531,80092000,-0.014670821990312888,0.3118581346969751,4117396192.5964355
2019-09-04,50.428096771240234,52.29750061035156,52.369998931884766,51.83000183105469,52.09749984741211,76752400,0.016824064505883918,0.31072206230043925,4003852941.467794
2019-09-05,51.41405487060547,53.31999969482422,53.49250030517578,52.877498626708984,53.0,95654800,0.019363080779927433,0.3148880813311385,5091704960.2127075
2019-09-06,51.40923309326172,53.314998626708984,53.60499954223633,53.127498626708984,53.51250076293945,77449200,-9.378765147038948e-05,0.3080058781774378,4131850196.2753296
2019-09-09,51.62860107421875,53.54249954223633,54.11000061035156,52.76750183105469,53.709999084472656,109237600,0.004258014818934175,0.305498608434216,5841298669.562784
2019-09-10,52.238494873046875,54.17499923706055,54.19499969482422,52.9275016784668,53.46500015258789,127111600,0.01174386946866468,0.30612758835929493,6834261126.194254
2019-09-11,53.8994140625,55.897499084472656,55.9275016784668,54.432498931884766,54.51750183105469,177158400,0.03129993424884292,0.29208763598706783,9817970877.978516
2019-09-12,53.77888870239258,55.772499084472656,56.60499954223633,55.71500015258789,56.20000076293945,128906800,-0.00223862017409715,0.26645238315401326,7222755373.8810215
2019-09-13,52.732662200927734,54.6875,55.1974983215332,54.255001068115234,55.0,159053200,-0.019645947182053813,0.27780471091586456,8702330716.973877
2019-09-16,53.009891510009766,54.974998474121094,55.032501220703125,54.38999938964844,54.432498931884766,84632400,0.005243488728713164,0.26890013235233307,4637784967.172241
2019-09-17,53.20273971557617,55.17499923706055,55.20500183105469,54.779998779296875,54.9900016784668,73274800,0.003631365031864231,0.26307963383988076,4034021985.6063843
2019-09-18,53.70175552368164,55.692501068115234,55.712501525878906,54.86000061035156,55.26499938964844,101360000,0.00933579886201441,0.26399349929252286,5617540241.597493
2019-09-19,53.265419006347656,55.2400016784668,55.939998626708984,55.092498779296875,55.502498626708984,88242400,-0.008158370816576,0.2649693160992832,4890761457.737223
2019-09-20,52.48678970336914,54.432498931884766,55.63999938964844,54.36750030517578,55.345001220703125,221652400,-0.014725808243083893,0.27107533546587853,12149506783.868917
2019-09-23,52.725440979003906,54.68000030517578,54.959999084472656,54.412498474121094,54.73749923706055,76662000,0.004536576848229057,0.2054968563243122,4192197530.4107666
2019-09-24,52.474735260009766,54.41999816894531,55.622501373291016,54.29750061035156,55.25749969482422,124763200,-0.00476626946019465,0.19992732413380127,6834528102.345785
2019-09-25,53.28228759765625,55.25749969482422,55.375,54.28499984741211,54.63750076293945,87613600,0.01527214007680655,0.19766294306574764,4816338612.631226
2019-09-26,53.007476806640625,54.97249984741211,55.23500061035156,54.70750045776367,55.0,75334000,-0.005170985276046647,0.19985418428291693,4141235559.656779
2019-09-27,52.74953842163086,54.70500183105469,55.2400016784668,54.31999969482422,55.1349983215332,101408000,-0.004877953408780833,0.1955442279376646,5552595148.31543
2019-09-30,53.99101257324219,55.99250030517578,56.14500045776367,55.1974983215332,55.224998474121094,103909600,0.023262576866724505,0.20793266132721028,5795904273.622641
2019-10-01,54.140480041503906,56.147499084472656,57.05500030517578,56.04999923706055,56.26750183105469,139223200,0.002764551932884274,0.19718458558772844,7854624822.268677
2019-10-02,52.783294677734375,54.7400016784668,55.89500045776367,54.48249816894531,55.76499938964844,138449200,-0.025387398845178932,0.21676391460726144,7620128607.750448
2019-10-03,53.23167037963867,55.20500183105469,55.2400016784668,53.782501220703125,54.60749816894531,114426000,0.008458775138610708,0.20908437411009567,6263965485.420227
2019-10-04,54.723846435546875,56.752498626708984,56.872501373291016,55.97249984741211,56.40999984741211,138478800,0.02764603678103361,0.22726041524884497,7828552753.956604
2019-10-07,54.735904693603516,56.76499938964844,57.48249816894531,56.459999084472656,56.567501068115234,122306000,0.00022032314126452235,0.22743585011255874,6959517028.142293
2019-10-08,54.094669342041016,56.099998474121094,57.01499938964844,56.08250045776367,56.45500183105469,111820000,-0.011784239453529466,0.2304840183420808,6306554754.104614
2019-10-09,54.728675842285156,56.75749969482422,56.9474983215332,56.40999984741211,56.75749969482422,74770400,0.011652162917110687,0.20763131674738394,4239855478.7577314
2019-10-10,55.466331481933594,57.522499084472656,57.61000061035156,56.82500076293945,56.98249816894531,113013600,0.013388386210778869,0.21178214349278016,6477845391.244507
2019-10-11,56.941646575927734,59.0525016784668,59.40999984741211,58.07749938964844,58.23749923706055,166795600,0.026250802461728284,0.21344200253013149,9815365125.568644
2019-10-14,56.85966873168945,58.967498779296875,59.532501220703125,58.66749954223633,58.724998474121094,96427600,-0.0014407189969043444,0.21413971482430916,5694612259.61965
2019-10-15,56.72710037231445,58.83000183105469,59.412498474121094,58.720001220703125,59.09749984741211,87360000,-0.0023342229136957826,0.21508805208200987,5153148044.433594
2019-10-16,56.49808120727539,58.592498779296875,58.810001373291016,58.29999923706055,58.342498779296875,73903200,-0.004045380615351313,0.21526620838466087,4328325650.964355
2019-10-17,56.71746063232422,58.81999969482422,59.037498474121094,58.380001068115234,58.772499084472656,67585200,0.003875434345066431,0.21172915743005136,3970348877.812195
2019-10-18,56.98984909057617,59.102500915527344,59.39500045776367,58.5724983215332,58.647499084472656,97433600,0.00479105485749276,0.20149933522313224,5750855840.755208
2019-10-21,57.978214263916016,60.127498626708984,60.247501373291016,59.33000183105469,59.380001068115234,87247200,0.017194158000538806,0.2065285281932941,5226252745.251465
2019-10-22,57.84563064575195,59.9900016784668,60.54999923706055,59.904998779296875,60.290000915527344,82293600,-0.002289402086027792,0.20526467268162277,4949822875.628662
2019-10-23,58.621849060058594,60.79499816894531,60.810001373291016,60.30500030517578,60.525001525878906,75828800,0.013329556186000957,0.20413145744441463,4598005665.476481
2019-10-24,58.718284606933594,60.89500045776367,61.20000076293945,60.45249938964844,61.127498626708984,69275200,0.00164369283676713,0.20128955172566385,4215338204.760742
2019-10-25,59.44147491455078,61.64500045776367,61.682498931884766,60.720001220703125,60.790000915527344,73477200,0.012241042821148795,0.19928389945935734,4507765003.948975
2019-10-28,60.03689956665039,62.26250076293945,62.3125,61.68000030517578,61.85499954223633,96572800,0.009967152365528698,0.1898336802162457,5995722322.383627
2019-10-29,58.64836120605469,60.8224983215332,62.4375,60.64250183105469,62.24250030517578,142839600,-0.023399733185696547,0.21426040876716274,8756186520.265198
2019-10-30,58.641136169433594,60.814998626708984,61.32500076293945,60.3025016784668,61.189998626708984,124522000,-0.00012320006124788563,0.1866513624323877,7572701706.001282
2019-10-31,59.96698760986328,62.189998626708984,62.29249954223633,59.314998626708984,61.810001373291016,139162000,0.022357771578578323,0.19562918231887216,8525875749.692282
2019-11-01,61.66889572143555,63.95500183105469,63.98249816894531,62.290000915527344,62.3849983215332,151125200,0.02798547829034348,0.19610630354822417,9582723040.453083
2019-11-04,62.07388687133789,64.375,64.4625015258789,63.845001220703125,64.3324966430664,103272000,0.0065457166462588035,0.19498582680104884,6632902474.54834
2019-11-05,61.98468017578125,64.28250122070312,64.54750061035156,64.08000183105469,64.26249694824219,79897600,-0.0014381386639401583,0.18597941822306255,5137682102.864583
2019-11-06,62.01120376586914,64.30999755859375,64.37249755859375,63.842498779296875,64.19249725341797,75864400,0.00042781404751934815,0.18634937354121708,4868597715.653483
2019-11-07,62.72690200805664,64.85749816894531,65.0875015258789,64.52749633789062,64.68499755859375,94940400,0.011475340138120238,0.18554133795425656,6154432187.44812
2019-11-08,62.89857482910156,65.03500366210938,65.11000061035156,64.2125015258789,64.67250061035156,69986400,0.0027330909657869995,0.17068609540971016,4534127381.268311
2019-11-11,63.396644592285156,65.55000305175781,65.61750030517578,64.56999969482422,64.57499694824219,81821200,0.007887429905959031,0.16931393099625255,5338492461.566162
2019-11-12,63.33863067626953,65.48999786376953,65.69750213623047,65.2300033569336,65.38749694824219,87388800,-0.0009155133792830839,0.16856249772018686,5721563305.786133
2019-11-13,63.94548797607422,66.11750030517578,66.19499969482422,65.26750183105469,65.28250122070312,102734400,0.0095355477889294,0.1653786928121756,6766087646.704102
2019-11-14,63.5030517578125,65.66000366210938,66.22000122070312,65.5250015258789,65.9375,89182800,-0.006943006118383721,0.17141296228977185,5868377068.515015
2019-11-15,64.25741577148438,66.44000244140625,66.44499969482422,65.75250244140625,65.91999816894531,100206400,0.011809173760747527,0.17268471867997146,6634916412.902832
2019-11-18,64.58141326904297,66.7750015258789,66.85749816894531,66.05750274658203,66.44999694824219,86703200,0.005029511412940835,0.1678097871401152,5771254073.225912
2019-11-19,64.38554382324219,66.57250213623047,67.0,66.34750366210938,66.9749984741211,76167200,-0.0030375159779847394,0.16826067746784026,5075782355.2144375
2019-11-20,63.636024475097656,65.79750061035156,66.5199966430664,65.0999984741211,66.38500213623047,106234400,-0.011709400563900019,0.17545596020468335,6990843069.372559
2019-11-21,63.350711822509766,65.50250244140625,66.00250244140625,65.29499816894531,65.92250061035156,121395200,-0.0044935895039204254,0.17780919215922678,7963525243.489584
2019-11-22,63.295108795166016,65.44499969482422,65.79499816894531,65.20999908447266,65.64749908447266,65325200,-0.0008780871037865623,0.17574010108564864,4277711780.214437
2019-11-25,64.40487670898438,66.59249877929688,66.61000061035156,65.62999725341797,65.67749786376953,84020400,0.017381299591993304,0.18115734132767863,5568661966.983032
2019-11-26,63.9019889831543,66.07250213623047,66.79000091552734,65.625,66.73500061035156,105207600,-0.007838868142073352,0.15863038942497232,6960797942.022706
2019-11-27,64.76032257080078,66.95999908447266,66.99500274658203,66.32749938964844,66.3949966430664,65235600,0.013342622420181804,0.16073794380783785,4355183045.544434
2019-11-29,64.61766815185547,66.8125,67.0,66.4749984741211,66.6500015258789,46617600,-0.00220523561944308,0.14930314230482084,3112307496.2890625
2019-12-02,63.87053680419922,66.04000091552734,67.0625,65.86250305175781,66.81749725341797,94487200,-0.011629702021034305,0.12987327448441283,6266548707.619222
2019-12-03,62.73173141479492,64.86250305175781,64.88249969482422,64.07250213623047,64.57749938964844,114430400,-0.017990769383161798,0.14529493357857484,7392871536.9140625
2019-12-04,63.285423278808594,65.43499755859375,65.82749938964844,65.16999816894531,65.26750183105469,67181600,0.008787619883450226,0.14783725421977956,4398883104.654947
2019-12-05,64.2138671875,66.3949966430664,66.47250366210938,65.68250274658203,65.94750213623047,74424400,0.014564164500612264,0.15501737648902678,4925654949.041748
2019-12-06,65.45426940917969,67.67749786376953,67.75,66.82499694824219,66.87000274658203,106075600,0.019132534666470136,0.16312497968153572,7151351579.560344
2019-12-09,64.53789520263672,66.7300033569336,67.69999694824219,66.22750091552734,67.5,128042400,-0.014099148043642096,0.17246598310734018,8564222678.100586
2019-12-10,64.91506958007812,67.12000274658203,67.51750183105469,66.46499633789062,67.1500015258789,90420400,0.005827219876611167,0.17161764696606138,6061256191.260783
2019-12-11,65.46875762939453,67.69249725341797,67.7750015258789,67.125,67.20249938964844,78756800,0.008493252415357588,0.17324720797180163,5318512302.620443
2019-12-12,65.63560485839844,67.86499786376953,68.13999938964844,66.83000183105469,66.94499969482422,137310400,0.002545259607115824,0.1709125555561241,9283784952.76286
2019-12-13,66.52780151367188,68.7874984741211,68.82499694824219,67.73249816894531,67.86499786376953,133587600,0.01350162247202391,0.17310479897875664,9143848288.626099
2019-12-16,67.66659545898438,69.96499633789062,70.19750213623047,69.24500274658203,69.25,128186000,0.016972709872295155,0.17753394065511552,8947703317.159018
2019-12-17,67.7995834350586,70.10250091552734,70.44249725341797,69.69999694824219,69.89250183105469,114158400,0.001963412858946967,0.17731873942467885,8000410750.1953125
2019-12-18,67.63761138916016,69.93499755859375,70.4749984741211,69.77999877929688,69.94999694824219,116028400,-0.002391841079218082,0.17708173164987542,8129336264.682007
2019-12-19,67.7052993774414,70.00499725341797,70.29499816894531,69.73750305175781,69.875,98369200,0.001000244394646188,0.1695644224788069,6887073564.966838
2019-12-20,67.56505584716797,69.86000061035156,70.6624984741211,69.63999938964844,70.55750274658203,275978000,-0.0020735301580154797,0.16840173896372077,19333408667.96366
2019-12-23,68.66761016845703,71.0,71.0625,70.09249877929688,70.13249969482422,98572000,0.01618669628520575,0.17344301039474105,6970847513.224284
2019-12-24,68.73292541503906,71.06749725341797,71.22250366210938,70.7300033569336,71.17250061035156,48478800,0.0009507277569840156,0.16674481801672691,3442318061.04126
2019-12-26,70.09657287597656,72.47750091552734,72.49500274658203,71.17500305175781,71.20500183105469,93121200,0.019645555670953385,0.1707756183092502,6709305067.401123
2019-12-27,70.0699691772461,72.44999694824219,73.49250030517578,72.02999877929688,72.77999877929688,146266000,-0.0003796012751715594,0.16853517916632188,10627321701.573689
2019-12-30,70.48584747314453,72.87999725341797,73.17250061035156,71.30500030517578,72.36499786376953,144114400,0.005917642107281296,0.16714060053814236,10441448478.03955
2019-12-31,71.0008544921875,73.4124984741211,73.41999816894531,72.37999725341797,72.48249816894531,100805600,0.007279967465669834,0.15685427352871348,7365948991.577148
2020-01-02,72.62083435058594,75.0875015258789,75.1500015258789,73.79750061035156,74.05999755859375,135480400,0.022559943117288483,0.1431587469075858,10117450636.71468
2020-01-03,71.91481018066406,74.35749816894531,75.1449966430664,74.125,74.2874984741211,146322800,-0.009769628630782456,0.1546928186274714,10907267065.959677
2020-01-06,72.48786163330078,74.94999694824219,74.98999786376953,73.1875,73.44750213623047,118387200,0.007936895539166322,0.15195618400893443,8805146451.269531
2020-01-07,72.1469497680664,74.59750366210938,75.2249984741211,74.37000274658203,74.95999908447266,108872000,-0.004714114026461047,0.14846488170203895,8136095463.8671875
2020-01-08,73.3074951171875,75.79750061035156,76.11000061035156,74.29000091552734,74.29000091552734,132079200,0.01595784821775581,0.1359766245222625,9958661708.050537
2020-01-09,74.86463165283203,77.40750122070312,77.60749816894531,76.55000305175781,76.80999755859375,170108400,0.021018715138638733,0.14506588268784312,13130384020.43457
2020-01-10,75.03387451171875,77.5824966430664,78.1675033569336,77.0625,77.6500015258789,140644800,0.002258100299082244,0.1459290281747275,10914622500.0
2020-01-13,76.63693237304688,79.23999786376953,79.26750183105469,77.7874984741211,77.91000366210938,121532000,0.021139434688993042,0.15307378027407068,9572467905.822754
2020-01-14,75.60206604003906,78.16999816894531,79.39250183105469,78.0425033569336,79.17500305175781,161954400,-0.013595495029793625,0.1682016091891379,12719088985.223389
2020-01-15,75.27808380126953,77.83499908447266,78.875,77.38749694824219,77.9625015258789,121923600,-0.004294570717923385,0.16743905162077627,9514003155.76477
2020-01-16,76.2210464477539,78.80999755859375,78.92500305175781,78.02249908447266,78.39749908447266,108829200,0.012448583992041407,0.16870776575915294,8552433361.929322
2020-01-17,77.06488800048828,79.68250274658203,79.68499755859375,78.75,79.06749725341797,137816400,0.011010143627204094,0.1668154236188932,10938832223.01941
2020-01-21,76.54265594482422,79.14250183105469,79.75499725341797,79.0,79.29750061035156,110843200,-0.006799588800655343,0.1721666935395287,8789773356.840008
2020-01-22,76.81585693359375,79.42500305175781,79.99749755859375,79.32749938964844,79.6449966430664,101832400,0.003562909846349882,0.16987007023588235,8104161833.333333
2020-01-23,77.18578338623047,79.80750274658203,79.88999938964844,78.9124984741211,79.4800033569336,104472000,0.00480419771334617,0.16614474165256896,8309354661.254883
2020-01-24,76.96334075927734,79.57749938964844,80.8324966430664,79.37999725341797,80.0625,146537600,-0.0028860725948014476,0.16808831723637457,11712750040.055338
2020-01-27,74.70021057128906,77.23750305175781,77.94249725341797,76.22000122070312,77.51499938964844,161940000,-0.029846303422018217,0.20031134146970841,12490972082.366943
2020-01-28,76.81342315673828,79.42250061035156,79.5999984741211,78.04750061035156,78.1500015258789,162234000,0.027896494540400774,0.2171597490917821,12820271443.496704
2020-01-29,78.42131805419922,81.08499908447266,81.9625015258789,80.34500122070312,81.11250305175781,216229200,0.020716398783127588,0.22421720240350843,17542855318.97583
2020-01-30,78.30767822265625,80.96749877929688,81.02249908447266,79.6875,80.13500213623047,126743200,-0.0014501445700174642,0.2252944242235008,10210326482.415771
2020-01-31,74.83560180664062,77.37750244140625,80.66999816894531,77.07250213623047,80.23249816894531,199588400,-0.045351928051833745,0.2752029571147641,15642408385.395304
2020-02-03,74.63009643554688,77.16500091552734,78.37249755859375,75.55500030517578,76.07499694824219,173788400,-0.0027498684047166932,0.2726399989267084,13387065204.951986
2020-02-04,77.09390258789062,79.7125015258789,79.91000366210938,78.40750122070312,78.82749938964844,136616400,0.032480329654268836,0.2920716779532763,10839600855.844116
2020-02-05,77.72257232666016,80.36250305175781,81.19000244140625,79.73750305175781,80.87999725341797,118826800,0.008121528340701012,0.29113023721770687,9557239862.455242
2020-02-06,78.63166809082031,81.30249786376953,81.30500030517578,80.06500244140625,80.64250183105469,105425600,0.011628798891323733,0.28921671983048985,8527964660.115561
2020-02-07,77.56285858154297,80.00749969482422,80.8499984741211,79.5,80.59249877929688,117684000,-0.013685834126383689,0.2876575340686894,9428743938.171387
2020-02-10,77.93124389648438,80.38749694824219,80.38749694824219,78.4625015258789,78.54499816894531,109348800,0.004738263359096884,0.2878384459457586,8720111013.146973
2020-02-11,77.46106719970703,79.90249633789062,80.9749984741211,79.67749786376953,80.9000015258789,94323200,-0.006051498022094037,0.28020351265554916,7563305561.71875
2020-02-12,79.30057525634766,81.80000305175781,81.80500030517578,80.36750030517578,80.36750030517578,113730400,0.023469931371467467,0.28593800496787064,9249030143.497723
2020-02-13,78.73587799072266,81.21749877929688,81.55500030517578,80.8375015258789,81.04750061035156,94747600,-0.007146448270116679,0.28694627011210694,7693820964.609782
2020-02-14,78.7552719116211,81.23750305175781,81.49500274658203,80.7125015258789,81.18499755859375,80113600,0.0002462858517251476,0.28457515587392557,6501085312.923177
2020-02-18,77.31322479248047,79.75,79.9375,78.65249633789062,78.83999633789062,152531200,-0.018480195423634882,0.2905618230391073,12118095216.471355
2020-02-19,78.43291473388672,80.90499877929688,81.14250183105469,80.0,80.0,93984000,0.014378645090574516,0.2933942650040522,7582864099.121094
2020-02-20,77.6282958984375,80.07499694824219,81.1624984741211,79.55249786376953,80.65750122070312,100566000,-0.010311671450040194,0.29591420234582155,8071762154.937744
2020-02-21,75.87117004394531,78.26249694824219,80.11250305175781,77.625,79.65499877929688,129554000,-0.022895227666051454,0.30620750473145514,10191581333.333334
2020-02-24,72.26727294921875,74.54499816894531,76.04499816894531,72.30750274658203,74.31500244140625,222195200,-0.04866540054445512,0.3481202689916995,16508918129.52474
2020-02-25,69.81941223144531,72.0199966430664,75.63249969482422,71.53250122070312,75.23750305175781,230673600,-0.03445928708024404,0.35291083002127815,16853397484.277342
2020-02-26,70.92700958251953,73.1624984741211,74.47000122070312,71.625,71.63249969482422,198054800,0.015739230902196866,0.341663128661483,14475000083.519491
2020-02-27,66.29064178466797,68.37999725341797,71.5,68.23999786376953,70.2750015258789,320605600,-0.06760257652608992,0.39385667545881753,22241478635.514324
2020-02-28,66.2518539428711,68.33999633789062,69.60250091552734,64.09249877929688,64.31500244140625,426510000,-0.0005852891586393127,0.3940603417982439,28723315385.971066
2020-03-02,72.41993713378906,74.70249938964844,75.36000061035156,69.43000030517578,70.56999969482422,341397200,0.08901818774096615,0.49612846550600154,24978041675.06205
2020-03-03,70.11993408203125,72.33000183105469,76.0,71.44999694824219,75.9175033569336,319475600,-0.03227451628020983,0.5073490679038183,23404782326.005043
2020-03-04,73.37242889404297,75.68499755859375,75.8499984741211,73.28250122070312,74.11000061035156,219178400,0.04534111692911402,0.520499437242091,16425046446.669516
2020-03-05,70.9924545288086,73.2300033569336,74.88749694824219,72.85250091552734,73.87999725341797,187572800,-0.032974639756317536,0.5293042316456125,13815987281.6569
2020-03-06,70.04965209960938,72.25749969482422,72.70500183105469,70.30750274658203,70.5,226176800,-0.013369290839102987,0.5267491708303451,16229693567.443848
2020-03-09,64.50928497314453,66.5425033569336,69.52249908447266,65.75,65.9375,286744800,-0.08239513979908697,0.5896320997455654,19289800837.353516
2020-03-10,69.15534210205078,71.33499908447266,71.61000061035156,67.34249877929688,69.28500366210938,285290000,0.06954614243911106,0.648634692650686,19997640146.56067
2020-03-11,66.75354766845703,68.85749816894531,70.30500030517578,67.96499633789062,69.34750366210938,255598800,-0.03534786449345706,0.656550123128514,17647179706.985474
2020-03-12,60.161312103271484,62.057498931884766,67.5,62.0,63.98500061035156,418474000,-0.10397795482814232,0.7254091678018679,26720610936.00718
2020-03-13,67.36913299560547,69.49250030517578,69.9800033569336,63.23749923706055,66.22250366210938,370732000,0.11315745596390414,0.8483305039641872,25050361598.271687
2020-03-16,58.70230484008789,60.5525016784668,64.7699966430664,60.0,60.48749923706055,322423600,-0.13770795479424702,0.958912397458555,19917449023.27423
2020-03-17,61.28345489501953,63.21500015258789,64.40249633789062,59.599998474121094,61.877498626708984,324056000,0.043030911877630196,0.9792511938544671,20222984182.74943
2020-03-18,59.78323745727539,61.66749954223633,62.5,59.279998779296875,59.942501068115234,300233600,-0.024784591094918262,0.9755182192389842,18359034277.355957
2020-03-19,59.325172424316406,61.19499969482422,63.209999084472656,60.65250015258789,61.84749984741211,271857200,-0.007691602829750899,0.9756707905298145,16769737832.875061
2020-03-20,55.55888748168945,57.310001373291016,62.95750045776367,57.0,61.79499816894531,401693200,-0.06559021479564109,0.9919278552045243,23735716688.840736
2020-03-23,54.378578186035156,56.092498779296875,57.125,53.15250015258789,57.02000045776367,336752800,-0.02147320099404082,0.9849364915577639,18675187658.769737
2020-03-24,59.83414077758789,61.720001220703125,61.92250061035156,58.57500076293945,59.09000015258789,287531200,0.09560612109528366,1.051788675969274,17464405727.28475
2020-03-25,59.5045280456543,61.380001068115234,64.5625,61.07500076293945,62.6875,303602000,-0.005524002795578298,1.0483810559201554,18926295863.637287
2020-03-26,62.63582229614258,64.61000061035156,64.66999816894531,61.59000015258789,61.630001068115234,252087200,0.05128494432731845,1.0450163380437851,16038627864.91394
2020-03-27,60.04256057739258,61.935001373291016,63.967498779296875,61.76250076293945,63.1875,204216800,-0.042283701877119384,1.0538061877596876,12774781986.322021
2020-03-30,61.75605392456055,63.70249938964844,63.880001068115234,62.349998474121094,62.685001373291016,167976400,0.028138356252852326,1.0053628557767498,10634725804.527283
2020-03-31,61.630035400390625,63.5724983215332,65.62249755859375,63.0,63.900001525878906,197002000,-0.0020426705907787834,1.0015858468830698,12620932859.458923
2020-04-01,58.38723373413086,60.227500915527344,62.18000030517578,59.782501220703125,61.625,176218400,-0.05405207388125444,0.995839863033561,10701743575.406902
2020-04-02,59.361534118652344,61.23249816894531,61.287498474121094,59.224998474121094,60.084999084472656,165934000,0.016549177347428667,0.9970745920756064,10052558006.591797
2020-04-03,58.50841522216797,60.352500915527344,61.42499923706055,59.74250030517578,60.70000076293945,129880000,-0.014475848998097618,0.9971437878987323,7858605886.484781
2020-04-06,63.61254119873047,65.61750030517578,65.77749633789062,62.345001220703125,62.724998474121094,201820400,0.0836400457222446,1.008561512043091,13033561288.28837
2020-04-07,62.87575912475586,64.85749816894531,67.92500305175781,64.75,67.69999694824219,202887200,-0.01164993766444855,0.9758989721138294,13358938693.888346
2020-04-08,64.48506164550781,66.51750183105469,66.84249877929688,65.30750274658203,65.68499755859375,168895200,0.0252728926807384,0.9744943921935374,11184662570.98999
2020-04-09,64.95037841796875,66.99749755859375,67.51750183105469,66.17500305175781,67.17500305175781,161834800,0.007189974813783806,0.9006241926250255,10826208802.368164
2020-04-13,66.22520446777344,68.3125,68.42500305175781,66.4574966430664,67.07749938964844,131022800,0.019437553228158322,0.8112074836124399,8874392602.005005
2020-04-14,69.56977844238281,71.76249694824219,72.0625,69.51249694824219,70.0,194994800,0.04926913263421362,0.6570488422939522,13866567318.282064
2020-04-15,68.9347915649414,71.10749816894531,71.5824966430664,70.15750122070312,70.5999984741211,131154400,-0.00916924728597035,0.6472221032819878,9305295211.224365
2020-04-16,69.48252868652344,71.67250061035156,72.05000305175781,70.5875015258789,71.84500122070312,157125200,0.007914327189912918,0.6375146164280378,11224500809.054565
2020-04-17,68.53973388671875,70.69999694824219,71.73750305175781,69.21499633789062,71.17250061035156,215250000,-0.013661701321904474,0.6396402723419607,15186066612.24365
2020-04-20,67.11709594726562,69.23249816894531,70.41999816894531,69.2125015258789,69.48750305175781,130015200,-0.020974839196074235,0.592542322046259,9051874823.41919
2020-04-21,65.0424575805664,67.09249877929688,69.3125,66.35749816894531,69.06999969482422,180991600,-0.03139854443988277,0.6000166731178761,12232769580.885822
2020-04-22,66.91592407226562,69.0250015258789,69.4749984741211,68.05000305175781,68.40249633789062,116862400,0.028396716591290172,0.5170378991394987,8045976358.878581
2020-04-23,66.65660095214844,68.75749969482422,70.4375,68.71749877929688,68.96749877929688,124814400,-0.003882886033387045,0.5166243025891029,8650157916.516113
2020-04-24,68.58094787597656,70.74250030517578,70.75250244140625,69.25,69.30000305175781,126161200,0.028460687640238014,0.49689326864173516,8862614146.83736
2020-04-27,68.62945556640625,70.7925033569336,71.13500213623047,69.98750305175781,70.44999694824219,117087600,0.0007070556056039123,0.4672315483565696,8270873251.501465
2020-04-28,67.5169677734375,69.6449966430664,71.4574966430664,69.55000305175781,71.2699966430664,112004800,-0.016342883297980393,0.4668399031167283,7864696907.275391
2020-04-29,69.7345962524414,71.93250274658203,72.4175033569336,70.97250366210938,71.18250274658203,137280800,0.03231761334280403,0.4758588703757131,9853215466.210938
2020-04-30,71.20571899414062,73.44999694824219,73.63249969482422,72.0875015258789,72.48999786376953,183064000,0.02087658409030002,0.4241692245237335,13374045514.93327
2020-05-01,70.05936431884766,72.26750183105469,74.75,71.4625015258789,71.5625,240616800,-0.01623019379758528,0.4327913001819648,17523319757.244873
2020-05-04,71.05061340332031,73.29000091552734,73.42250061035156,71.58000183105469,72.2925033569336,133568000,0.014049543563322331,0.42507292823326986,9718964362.792969
2020-05-05,72.11699676513672,74.38999938964844,75.25,73.61499786376953,73.76499938964844,147751200,0.014897267367020461,0.33042943043015155,10995397916.729736
2020-05-06,72.86105346679688,75.15750122070312,75.80999755859375,74.71749877929688,75.11499786376953,142333600,0.010264494980686933,0.3240891115676473,10707519389.501953
2020-05-07,73.61479949951172,75.93499755859375,76.2925033569336,75.49250030517578,75.80500030517578,115215200,0.010291835420262352,0.3177441345650245,8745601828.214518
2020-05-08,75.366943359375,77.53250122070312,77.5875015258789,76.07250213623047,76.41000366210938,133838400,0.02352267621933457,0.32309248437376753,10314144981.835938
2020-05-11,76.5528793334961,78.75250244140625,79.26249694824219,76.80999755859375,77.0250015258789,145946400,0.01561297326183908,0.32156999595790503,11423954311.535645
2020-05-12,75.6780014038086,77.85250091552734,79.92250061035156,77.72750091552734,79.4574966430664,162301200,-0.011494219275639317,0.2885401352990225,12740779583.081055
2020-05-13,74.7642593383789,76.9124984741211,78.98750305175781,75.80249786376953,78.0374984741211,200622400,-0.012147561424869835,0.29045754766623894,15494903837.849934
2020-05-14,75.22357940673828,77.38500213623047,77.44750213623047,75.38249969482422,76.12750244140625,158929200,0.006124783290073488,0.2902241484928338,12195962136.172485
2020-05-15,74.77884674072266,76.92749786376953,76.9749984741211,75.05249786376953,75.0875015258789,166348400,-0.005929690346340166,0.28550007988045323,12695432319.151815
2020-05-18,76.54073333740234,78.73999786376953,79.125,77.58000183105469,78.2925033569336,135178400,0.023288013650033967,0.27696068175779687,10609026115.582275
2020-05-19,76.09842681884766,78.28500366210938,79.62999725341797,78.25250244140625,78.75749969482422,101729600,-0.00579546894908578,0.24506542174107857,8008408549.83317
2020-05-20,77.57839965820312,79.80750274658203,79.87999725341797,79.12999725341797,79.16999816894531,111504800,0.019261441418508163,0.23733059839384668,8876432422.580973
2020-05-21,77.00003051757812,79.2125015258789,80.22250366210938,78.96749877929688,79.66500091552734,102688800,-0.007483215335399862,0.239799871726613,8160422349.798585
2020-05-22,77.49578857421875,79.72250366210938,79.80750274658203,78.8375015258789,78.94249725341797,81803200,0.006417775719165242,0.22697391265588449,6499741641.691081
2020-05-26,76.97087097167969,79.18250274658203,81.05999755859375,79.125,80.875,125522000,-0.0067965426935092665,0.23067909660607075,10015295791.10209
2020-05-27,77.30621337890625,79.52749633789062,79.67749786376953,78.27249908447266,79.03500366210938,112945200,0.0043472812150975315,0.2163922983788368,8940647658.233643
2020-05-28,77.34024810791016,79.5625,80.86000061035156,78.90750122070312,79.19249725341797,133560800,0.00044016176285133213,0.19612832745938708,10655035502.852377
2020-05-29,77.26490783691406,79.48500061035156,80.2874984741211,79.11750030517578,79.8125,153532400,-0.0009746153224883258,0.18851023498875275,12225784980.763754
2020-06-01,78.21510314941406,80.4625015258789,80.5875015258789,79.30249786376953,79.4375,80791200,0.012222884939208534,0.17510452545760233,6472788990.655518
2020-06-02,78.57718658447266,80.83499908447266,80.86000061035156,79.73249816894531,80.1875,87642800,0.004618646482342115,0.17232463438375853,7053127303.258261
2020-06-03,79.00977325439453,81.27999877929688,81.55000305175781,80.57499694824219,81.16500091552734,104491200,0.005490146607800561,0.16857335773137144,8477893469.482421
2020-06-04,78.329345703125,80.58000183105469,81.40499877929688,80.19499969482422,81.09750366210938,87560400,-0.008649238633511303,0.1731532130972405,7068459232.9071045
2020-06-05,80.56021118164062,82.875,82.9375,80.80750274658203,80.8375015258789,137250400,0.028082551564689417,0.19173556865125194,11282898008.323162
2020-06-08,81.03654479980469,83.36499786376953,83.4000015258789,81.83000183105469,82.5625,95654400,0.00589535346621517,0.1789842681899798,7926401894.921875
2020-06-09,83.59550476074219,85.99749755859375,86.40249633789062,83.00250244140625,83.03500366210938,147712400,0.031089524546785263,0.1989403711824434,12575371900.020346
2020-06-10,85.74620819091797,88.20999908447266,88.69249725341797,86.52249908447266,86.9749984741211,166651600,0.025402117880014785,0.2027162682460217,14633398989.04317
2020-06-11,81.62950134277344,83.9749984741211,87.76499938964844,83.87000274658203,87.32749938964844,201662400,-0.049201133025404076,0.27331769026177594,17182308729.02832
2020-06-12,82.33423614501953,84.69999694824219,86.94999694824219,83.55500030517578,86.18000030517578,200146000,0.00859628052882666,0.27364861286267844,17026086256.49516
2020-06-15,83.35247802734375,85.74749755859375,86.41999816894531,83.1449966430664,83.3125,138808800,0.012291325913039941,0.2721420080761781,11813206896.990967
2020-06-16,85.56153106689453,88.0199966430664,88.30000305175781,86.18000030517578,87.86499786376953,165428800,0.026157439574671315,0.2746840702941232,14475020000.0
2020-06-17,85.44245910644531,87.89749908447266,88.8499984741211,87.77249908447266,88.7874984741211,114406400,-0.0013926222373230601,0.27280448778564026,10087593514.648438
2020-06-18,85.47647857666016,87.93250274658203,88.36250305175781,87.30500030517578,87.85250091552734,96820400,0.00039807725375773373,0.26884597971697616,8507286010.314941
2020-06-19,84.98800659179688,87.43000030517578,89.13999938964844,86.2874984741211,88.66000366210938,264476000,-0.005731086113128114,0.26790008803200344,23173166561.909996
2020-06-22,87.21161651611328,89.71749877929688,89.86499786376953,87.7874984741211,87.83499908447266,135445200,0.02582739135536105,0.2774979389686505,12071327487.548828
2020-06-23,89.07312774658203,91.63249969482422,93.09500122070312,90.56749725341797,91.0,212155600,0.021120153457999002,0.27820458968494277,19468458504.510498
2020-06-24,87.50080108642578,90.01499938964844,92.19750213623047,89.62999725341797,91.25,192623200,-0.017809743833153924,0.2914168793130555,17454390670.288086
2020-06-25,88.66240692138672,91.20999908447266,91.25,89.39250183105469,90.17500305175781,137522400,0.013188028124427653,0.2915831324871226,12461936123.968506
2020-06-26,85.93819427490234,88.40750122070312,91.33000183105469,88.25499725341797,91.10250091552734,205256800,-0.031207610056040558,0.3192313296847208,18335761012.213135
2020-06-29,87.91879272460938,90.44499969482422,90.5425033569336,87.81999969482422,88.3125,130646000,0.02278521181587223,0.3241628394069026,11706208334.609985
2020-06-30,88.65269470214844,91.19999694824219,91.49500274658203,90.0,90.0199966430664,140223200,0.008312850670231242,0.32423833850809386,12746055160.402426
2020-07-01,88.48502349853516,91.02749633789062,91.83999633789062,90.97750091552734,91.27999877929688,110737200,-0.0018931174612921708,0.3253980313815747,10108275941.43982
2020-07-02,88.48502349853516,91.02749633789062,92.61750030517578,90.91000366210938,91.9625015258789,114041600,0.0,0.3219624515283187,10436897174.267578
2020-07-06,90.85201263427734,93.4625015258789,93.94499969482422,92.46749877929688,92.5,118655600,0.026398636285248855,0.3205631777269534,11069578683.333334
2020-07-07,90.57011413574219,93.17250061035156,94.65499877929688,93.05750274658203,93.85250091552734,112424400,-0.0031076553937943174,0.3221137795986374,10526109278.05481
2020-07-08,92.67949676513672,95.34249877929688,95.375,94.08999633789062,94.18000030517578,117092000,0.023022977158902336,0.31519334510245667,11116226406.08724
2020-07-09,93.07804107666016,95.75250244140625,96.31749725341797,94.67250061035156,96.26249694824219,125642800,0.004291022885882789,0.30645013627279793,12009043539.11438
2020-07-10,93.2408447265625,95.91999816894531,95.9800033569336,94.70500183105469,95.33499908447266,90257200,0.0017475812034257743,0.23779478665385728,8622721702.995808
2020-07-13,92.81072235107422,95.47750091552734,99.95500183105469,95.25749969482422,97.26499938964844,191649200,-0.004623698134103904,0.2408108385971781,18570168805.29785
2020-07-14,94.34660339355469,97.05750274658203,97.25499725341797,93.87750244140625,94.83999633789062,170989200,0.016413095404371525,0.24258577237415613,16425792655.151367
2020-07-15,94.9954605102539,97.7249984741211,99.24749755859375,96.48999786376953,98.98999786376953,153198000,0.006853835258025853,0.23151113982157306,14985955713.317871
2020-07-16,93.82654571533203,96.52249908447266,97.40499877929688,95.90499877929688,96.5625,110577600,-0.012381287020224008,0.2384881572505218,10682993960.266113
2020-07-17,93.63699340820312,96.32749938964844,97.14749908447266,95.83999633789062,96.98750305175781,92186800,-0.0020222852146627446,0.23918174129038144,8890341187.911987
2020-07-20,95.61028289794922,98.35749816894531,98.5,96.0625,96.4175033569336,90318000,0.020854841845673988,0.2424341029005886,8818649464.874268
2020-07-21,94.29070281982422,97.0,99.25,96.74250030517578,99.17250061035156,103433200,-0.013897782706393969,0.24021599242787697,10101717294.188435
2020-07-22,94.55558776855469,97.27249908447266,97.9749984741211,96.60250091552734,96.69249725341797,89001600,0.002805298654465993,0.23188836625566248,8658372274.731445
2020-07-23,90.25175476074219,92.84500122070312,97.07749938964844,92.01000213623047,96.99749755859375,197004400,-0.04658485155881831,0.28064835662125215,18513981181.362915
2020-07-24,90.0281753540039,92.61499786376953,92.97000122070312,89.1449966430664,90.98750305175781,185438800,-0.0024803595299944803,0.27767972696149884,16981866910.573322
2020-07-27,92.16188049316406,94.80999755859375,94.90499877929688,93.4800033569336,93.70999908447266,121214000,0.023423920569836554,0.262327084713587,11442399564.336142
2020-07-28,90.64788055419922,93.25250244140625,94.55000305175781,93.24749755859375,94.36750030517578,103625600,-0.01656404500694908,0.2611936486799454,9707991732.080078
2020-07-29,92.38546752929688,95.04000091552734,95.2300033569336,93.7125015258789,93.75,90329200,0.018987132067534773,0.267228247695781,8550637520.9198
2020-07-30,93.50334167480469,96.19000244140625,96.29750061035156,93.76750183105469,94.1875,158130000,0.012027487036749385,0.26896656350447246,15088501307.373047
2020-07-31,103.29206848144531,106.26000213623047,106.41500091552734,100.82499694824219,102.88500213623047,374336800,0.09956341628491039,0.42904523184408666,39118195600.0
2020-08-03,105.89478302001953,108.9375,111.63749694824219,107.89250183105469,108.19999694824219,308151200,0.02488539634845477,0.4282470788227978,33739217969.94629
2020-08-04,106.60195922851562,109.66500091552734,110.79000091552734,108.38749694824219,109.13249969482422,173071600,0.0066559026903787455,0.4264823102254335,18971099137.243652
2020-08-05,106.98836517333984,110.0625,110.39250183105469,108.89749908447266,109.37750244140625,121776800,0.003618201034668367,0.4232268537423716,13369164544.496664
2020-08-06,110.72108459472656,113.90249633789062,114.4124984741211,109.79750061035156,110.40499877929688,202428800,0.0342941958033709,0.4332585583431298,22814568904.4515
2020-08-07,108.20377349853516,111.11250305175781,113.67500305175781,110.2925033569336,113.20500183105469,198045600,-0.022998046633484925,0.44650307781279164,22120373840.533447
2020-08-10,109.7764892578125,112.72750091552734,113.7750015258789,110.0,112.5999984741211,212403600,0.01443014179094515,0.44487919426334116,23824780975.854492
2020-08-11,106.51177215576172,109.375,112.48249816894531,109.10749816894531,111.97000122070312,187902400,-0.030190867098144558,0.4631392378579655,20729705709.29362
2020-08-12,110.05159759521484,113.01000213623047,113.2750015258789,110.29750061035156,110.49749755859375,165598000,0.03269380914675768,0.47223371383697166,18579129847.503662
2020-08-13,111.9992446899414,115.01000213623047,116.0425033569336,113.92749786376953,114.43000030517578,210082000,0.01754280257121721,0.4678029389282446,24158029688.410442
2020-08-14,111.89942169189453,114.90750122070312,115.0,113.04499816894531,114.83000183105469,165565200,-0.0008916802076051056,0.4674880345632872,18926999717.315674
2020-08-17,111.60726165771484,114.60749816894531,116.0875015258789,113.9625015258789,116.0625,119561600,-0.002614330777084284,0.4669828319336766,13735934099.316406
2020-08-18,112.53726196289062,115.5625,116.0,114.00749969482422,114.35250091552734,105633600,0.008298267804144999,0.46029328675062137,12167934373.254395
2020-08-19,112.67848205566406,115.7074966430664,117.1624984741211,115.61000061035156,115.98249816894531,145538000,0.0012540873809454567,0.46058094978893604,16905693872.731527
2020-08-20,115.17877960205078,118.2750015258789,118.39250183105469,115.73249816894531,115.75,126907200,0.02194705481773873,0.4156435902062124,14907365824.54834
2020-08-21,121.11420440673828,124.37000274658203,124.86750030517578,119.25,119.26249694824219,338054800,0.050248412083187866,0.4319040674512973,41522989715.55379
2020-08-24,122.56277465820312,125.85749816894531,128.78500366210938,123.9375,128.69749450683594,345937600,0.011889406384612222,0.43085478196991805,43655019080.47688
2020-08-25,121.55728912353516,124.82499694824219,125.18000030517578,123.05249786376953,124.69750213623047,211495600,-0.008237677846304692,0.4242633129568156,26300006254.76888
2020-08-26,123.21035766601562,126.52249908447266,126.99250030517578,125.0824966430664,126.18000030517578,163022400,0.013507452457801605,0.42398426650188176,20573290812.41455
2020-08-27,121.73747253417969,125.01000213623047,127.48500061035156,123.8324966430664,127.14250183105469,155552400,-0.012026257857807643,0.43373272986658906,19512881905.352783
2020-08-28,121.54026794433594,124.80750274658203,126.44249725341797,124.57749938964844,126.01249694824219,187630000,-0.0016212303900058345,0.30074288882759675,23505504570.159912
2020-08-31,125.66195678710938,129.0399932861328,131.0,126.0,127.58000183105469,225702700,0.033349787647700246,0.3080210228358464,29043422930.887352
2020-09-01,130.66741943359375,134.17999267578125,134.8000030517578,130.52999877929688,132.75999450683594,151948100,0.039059893147269875,0.32541187588343684,20234928198.77472
2020-09-02,127.96014404296875,131.39999389648438,137.97999572753906,127.0,137.58999633789062,200119000,-0.020936471308984572,0.3422993401609311,26441055714.523315
2020-09-03,117.71558380126953,120.87999725341797,128.83999633789062,120.5,126.91000366210938,257599600,-0.08344743253682907,0.4559729893554523,31789507420.374554
2020-09-04,117.7934799194336,120.95999908447266,123.69999694824219,110.88999938964844,120.06999969482422,332607200,0.0006615127228997153,0.4461768887295378,39419496145.815025
2020-09-08,109.8665771484375,112.81999969482422,118.98999786376953,112.68000030517578,113.94999694824219,231366600,-0.06966622637705733,0.5120011373288407,26567826513.249207
2020-09-09,114.24874877929688,117.31999969482422,119.13999938964844,115.26000213623047,117.26000213623047,176940500,0.039111383533648514,0.5165629086588484,20744504291.997276
2020-09-10,110.5190200805664,113.48999786376953,120.5,112.5,120.36000061035156,182274400,-0.03319044453929454,0.5199384760838203,21052085488.87329
2020-09-11,109.06803131103516,112.0,115.2300033569336,110.0,114.56999969482422,180860300,-0.013215805568821182,0.5179066285570078,20330506525.37867
2020-09-14,112.34008026123047,115.36000061035156,115.93000030517578,112.80000305175781,114.72000122070312,140150100,0.029558873550596054,0.5288284996153947,16074749488.33847
2020-09-15,112.51533508300781,115.54000091552734,118.83000183105469,113.61000061035156,118.33000183105469,184642000,0.0015588226505203195,0.5287461054403441,21417241259.943645
2020-09-16,109.19464111328125,112.12999725341797,116.0,112.04000091552734,115.2300033569336,154679000,-0.02995753615138419,0.5380346700874729,17539051715.59143
2020-09-17,107.45147705078125,110.33999633789062,112.19999694824219,108.70999908447266,109.72000122070312,178011000,-0.01609261865745193,0.5402554332162953,19655380797.294617
2020-09-18,104.0431137084961,106.83999633789062,110.87999725341797,106.08999633789062,110.4000015258789,287104900,-0.0322340012683604,0.5420392463077708,30989144925.874584
2020-09-21,107.19829559326172,110.08000183105469,110.19000244140625,103.0999984741211,104.54000091552734,195713800,0.029874981067097295,0.5199680463643206,21095990681.181335
2020-09-22,108.88300323486328,111.80999755859375,112.86000061035156,109.16000366210938,112.68000030517578,183055400,0.01559359174909769,0.521737950711127,20369794839.061485
2020-09-23,104.3157958984375,107.12000274658203,112.11000061035156,106.7699966430664,111.62000274658203,150718700,-0.04285114362986331,0.5371922127139356,16378098733.333334
2020-09-24,105.3869857788086,108.22000122070312,110.25,105.0,105.16999816894531,167743300,0.010216356586337128,0.5356776753092978,18086641818.588257
2020-09-25,109.34069061279297,112.27999877929688,112.44000244140625,107.66999816894531,108.43000030517578,149981400,0.036829455742906525,0.5570762529762172,16617439151.486206
2020-09-28,111.9505386352539,114.95999908447266,115.31999969482422,112.77999877929688,115.01000213623047,137672400,0.023588544782274568,0.5659706400500726,15743297735.961914
2020-09-29,111.10332489013672,114.08999633789062,115.30999755859375,113.56999969482422,114.55000305175781,99382200,-0.007596531222759495,0.5493081975488905,11361704165.696716
2020-09-30,112.77827453613281,115.80999755859375,117.26000213623047,113.62000274658203,113.79000091552734,142675200,0.014963095682143823,0.5303137068247965,16488021812.109375
2020-10-01,113.73263549804688,116.79000091552734,117.72000122070312,115.83000183105469,117.63999938964844,116120400,0.008426672332024765,0.5305735902209767,13560540465.560913
2020-10-02,110.06134033203125,113.0199966430664,115.37000274658203,112.22000122070312,112.88999938964844,144712000,-0.03281254146442425,0.4617783723188017,16430118136.108398
2020-10-05,113.45023345947266,116.5,116.6500015258789,113.55000305175781,113.91000366210938,106243800,0.030326419290458873,0.4762147666777186,12278241982.115173
2020-10-06,110.19767761230469,113.16000366210938,116.12000274658203,112.25,115.69999694824219,161498200,-0.029088446843672067,0.4209188665411739,18385493760.330708
2020-10-07,112.0674057006836,115.08000183105469,115.55000305175781,114.12999725341797,114.62000274658203,96849000,0.01682470467907482,0.4015429494632612,11129887148.963928
2020-10-08,111.96027374267578,114.97000122070312,116.4000015258789,114.58999633789062,116.25,83477200,-0.0009564172288039074,0.3840526006655629,9626590678.52478
2020-10-09,113.90794372558594,116.97000122070312,117.0,114.91999816894531,115.27999877929688,100506900,0.017246501354134303,0.3846577313385201,11688617426.551819
2020-10-12,121.14340209960938,124.4000015258789,125.18000030517578,119.27999877929688,120.05999755859375,240226800,0.061584374187581226,0.4270147817315937,29536685864.874268
2020-10-13,117.92981719970703,121.0999984741211,125.38999938964844,119.6500015258789,125.2699966430664,262330500,-0.02688530716411197,0.44001444920933436,32016563036.628723
2020-10-14,118.01744079589844,121.19000244140625,123.02999877929688,119.62000274658203,121.0,150712000,0.0007427388727796469,0.42414607249843284,18278351559.30583
2020-10-15,117.55001831054688,120.70999908447266,121.19999694824219,118.1500015258789,118.72000122070312,112559200,-0.0039684861446724895,0.41899365727978477,13509355092.39909
2020-10-16,115.90424346923828,119.0199966430664,121.55000305175781,118.80999755859375,121.27999877929688,115393800,-0.014099567884301223,0.4033722007433913,13823407842.35382
2020-10-19,112.94385528564453,115.9800033569336,120.41999816894531,115.66000366210938,119.95999908447266,120639300,-0.02587352351061689,0.4068461450035329,14157424194.625092
2020-10-20,114.43379974365234,117.51000213623047,118.9800033569336,115.62999725341797,116.19999694824219,124423700,0.013105648253607605,0.4059358196716821,14604024528.579966
2020-10-21,113.81055450439453,116.87000274658203,118.70999908447266,116.44999694824219,116.66999816894531,89946000,-0.00546122413702399,0.37255881186786927,10554563423.400879
2020-10-22,112.71988677978516,115.75,118.04000091552734,114.58999633789062,117.44999694824219,101988000,-0.009629400323644788,0.37494462544477003,11843526386.627197
2020-10-23,112.02845001220703,115.04000091552734,116.55000305175781,114.27999877929688,116.38999938964844,82572600,-0.0061530061481169795,0.35559647708320863,9519795129.597473
2020-10-26,112.03820037841797,115.05000305175781,116.55000305175781,112.87999725341797,114.01000213623047,111850700,8.703094548057067e-05,0.34613466382865726,12843443170.49179
2020-10-27,113.547607421875,116.5999984741211,117.27999877929688,114.54000091552734,115.48999786376953,92276800,0.013382309678735993,0.34790892385004224,10717027495.67871
2020-10-28,108.28897094726562,111.19999694824219,115.43000030517578,111.0999984741211,115.05000305175781,143937800,-0.047418886782624625,0.3818509237196898,16204037526.34379
2020-10-29,112.30113220214844,115.31999969482422,116.93000030517578,112.19999694824219,112.37000274658203,146129200,0.03638063279040615,0.4031508242670673,16778067498.016357
2020-10-30,106.01023864746094,108.86000061035156,111.98999786376953,107.72000122070312,111.05999755859375,190272600,-0.05764826317488758,0.4359512950631594,20839289374.64447
2020-11-02,105.9225845336914,108.7699966430664,110.68000030517578,107.31999969482422,109.11000061035156,122866900,-0.0008271877612147094,0.4199886900099353,13383072166.847992
2020-11-03,107.54888153076172,110.44000244140625,111.48999786376953,108.7300033569336,109.66000366210938,107624400,0.015236963431623174,0.4138249421167217,11862361499.377441
2020-11-04,111.9408187866211,114.94999694824219,115.58999633789062,112.3499984741211,114.13999938964844,138235500,0.04002487181813663,0.4338681884408595,15799856485.32486
2020-11-05,115.91400909423828,119.02999877929688,119.62000274658203,116.87000274658203,117.94999694824219,126387100,0.034878287345457615,0.4503331504674272,14977714110.661316
2020-11-06,115.7823257446289,118.69000244140625,119.19999694824219,116.12999725341797,118.31999969482422,114457900,-0.0011366892262625328,0.446832642671575,13506795124.590809
2020-11-09,113.47037506103516,116.31999969482422,121.98999786376953,116.05000305175781,120.5,154515300,-0.020170135895362762,0.3930251859790752,18251347267.43622
2020-11-10,113.12895202636719,115.97000122070312,117.58999633789062,114.12999725341797,115.55000305175781,138023400,-0.0030134537240291692,0.3835163711373037,15996451743.312073
2020-11-11,116.56270599365234,119.48999786376953,119.62999725341797,116.44000244140625,117.19000244140625,112295000,0.02990104062475485,0.3991672296499887,13309203308.614096
2020-11-12,116.2895736694336,119.20999908447266,120.52999877929688,118.56999969482422,119.62000274658203,103162300,-0.0023459718743676916,0.3990351918539594,12321361153.71297
2020-11-13,116.33836364746094,119.26000213623047,119.66999816894531,117.87000274658203,119.44000244140625,81581900,0.0004194679220868025,0.3959682590164772,9702807389.656067
2020-11-16,117.35286712646484,120.30000305175781,120.98999786376953,118.1500015258789,118.91999816894531,91183000,0.008682481142932907,0.385215153094551,10924939247.53825
2020-11-17,116.46516418457031,119.38999938964844,120.66999816894531,118.95999908447266,119.55000305175781,74271000,-0.007593145849527971,0.3842939619073707,8888258056.892395
2020-11-18,115.13847351074219,118.02999877929688,119.81999969482422,118.0,118.61000061035156,76322100,-0.011456686935534144,0.3860960416851422,9053073056.180573
2020-11-19,115.73352813720703,118.63999938964844,119.05999755859375,116.80999755859375,117.58999633789062,74113000,0.0051548558499323605,0.38455537275808566,8757933074.295044
2020-11-20,114.46538543701172,117.33999633789062,118.7699966430664,117.29000091552734,118.63999938964844,73604300,-0.011017910634412154,0.38611163533636245,8670586390.251669
2020-11-23,111.06088256835938,113.8499984741211,117.62000274658203,113.75,117.18000030517578,127959300,-0.030193924142816186,0.4010144254629231,14724703234.066772
2020-11-24,112.34854125976562,115.16999816894531,115.8499984741211,112.58999633789062,113.91000366210938,113874200,0.01152747210269478,0.4002596163904238,13042771020.904032
2020-11-25,113.1874771118164,116.02999877929688,116.75,115.16999816894531,115.55000305175781,76499200,0.007439518773518117,0.3625068862720009,8872632135.514324
2020-11-27,113.73375701904297,116.58999633789062,117.48999786376953,116.22000122070312,116.56999969482422,46691300,0.00481471876898798,0.3408203426653448,5451987392.088064
2020-11-30,116.13349151611328,119.05000305175781,120.97000122070312,116.80999755859375,116.97000122070312,169410200,0.020880066190521518,0.2732007900892694,20150213992.066444
2020-12-01,119.71358489990234,122.72000122070312,123.47000122070312,120.01000213623047,121.01000213623047,127728200,0.03036177896318204,0.2864405732064207,15591355808.2311
2020-12-02,120.06478118896484,123.08000183105469,123.37000274658203,120.88999938964844,122.0199966430664,89004200,0.0029293430089385453,0.28466408969899165,10898267727.035013
2020-12-03,119.92818450927734,122.94000244140625,123.77999877929688,122.20999908447266,123.5199966430664,78967600,-0.0011383391512360674,0.2559435388251154,9711172230.699665
2020-12-04,119.2551040649414,122.25,122.86000061035156,121.5199966430664,122.5999984741211,78260400,-0.00562817097358792,0.2303527367794075,9564203412.350464
2020-12-07,120.71834564208984,123.75,124.56999969482422,122.25,122.30999755859375,86712000,0.012195180038667708,0.2330894436127282,10710955271.1792
2020-12-08,121.33291625976562,124.37999725341797,124.9800033569336,123.08999633789062,124.37000274658203,82225500,0.005078031268887173,0.21863155315728208,10208295741.355896
2020-12-09,118.7966079711914,121.77999877929688,125.94999694824219,121.0,124.52999877929688,115089200,-0.021125287453341635,0.23373209027801262,14145613408.095297
2020-12-10,120.22083282470703,123.23999786376953,123.87000274658203,120.1500015258789,120.5,81312200,0.01191747100261864,0.21461325747161814,9954239581.900534
2020-12-11,119.41117095947266,122.41000366210938,122.76000213623047,120.55000305175781,122.43000030517578,86939800,-0.006757569385804629,0.21615824324790447,10598541475.141907
2020-12-14,118.7966079711914,121.77999877929688,123.3499984741211,121.54000091552734,122.5999984741211,79184500,-0.005159901616814011,0.21731140711528915,9678193490.002949
2020-12-15,124.74715423583984,127.87999725341797,127.9000015258789,124.12999725341797,124.33999633789062,157243700,0.04887606854481419,0.2725755120534906,19912817814.3898
2020-12-16,124.67888641357422,127.80999755859375,128.3699951171875,126.55999755859375,127.41000366210938,98208600,-0.0005473993316220671,0.2701869558348241,12529452868.310547
2020-12-17,125.54705810546875,128.6999969482422,129.5800018310547,128.0399932861328,128.89999389648438,94359800,0.006939129970792379,0.2648793469700776,12151025729.09851
2020-12-18,123.55706787109375,126.66000366210938,129.10000610351562,126.12000274658203,128.9600067138672,192541500,-0.015977515910562623,0.2739815150041065,24509250143.039703
2020-12-21,125.08859252929688,128.22999572753906,128.30999755859375,123.44999694824219,125.0199966430664,121251600,0.012319089135633732,0.27052159251950986,15358131433.300781
2020-12-22,128.64920043945312,131.8800048828125,134.41000366210938,129.64999389648438,131.61000061035156,168904800,0.02806709720332279,0.2509326455328286,22292055641.45508
2020-12-23,127.7517318725586,130.9600067138672,132.42999267578125,130.77999877929688,132.16000366210938,88223700,-0.0070005379779667365,0.25519816883993085,11591711889.152527
2020-12-24,128.73696899414062,131.97000122070312,133.4600067138672,131.10000610351562,131.32000732421875,54930100,0.007682537001322487,0.25521173670218944,7260477774.704489
2020-12-28,133.34133911132812,136.69000244140625,137.33999633789062,133.50999450683594,133.99000549316406,124486200,0.03514097724670329,0.2736829990976206,16911035037.405396
2020-12-29,131.56594848632812,134.8699951171875,138.7899932861328,134.33999633789062,138.0500030517578,121047300,-0.01340406466656141,0.2789321218537121,16462432184.321592
2020-12-30,130.44412231445312,133.72000122070312,135.99000549316406,133.39999389648438,135.5800018310547,96452100,-0.008563281737312245,0.26884325054527314,12960268696.62323
2020-12-31,129.4393768310547,132.69000244140625,134.74000549316406,131.72000122070312,134.0800018310547,99116600,-0.007732314615831015,0.27203581219868544,13187463932.479858
2021-01-04,126.23968505859375,129.41000366210938,133.61000061035156,126.76000213623047,133.52000427246094,143301900,-0.025030276641150095,0.28945615383103873,18618738500.125885
2021-01-05,127.80052185058594,131.00999450683594,131.74000549316406,128.42999267578125,128.88999938964844,97664900,0.012288262961566154,0.2897038005902313,12734851622.22697
2021-01-06,123.49851989746094,126.5999984741211,131.0500030517578,126.37999725341797,127.72000122070312,155088000,-0.03424145391274447,0.3154652607136936,19852814816.89453
2021-01-07,127.7126693725586,130.9199981689453,131.6300048828125,127.86000061035156,128.36000061035156,109578200,0.033553798758278575,0.3347408489865348,14260141821.095783
2021-01-08,128.81503295898438,132.0500030517578,132.6300048828125,130.22999572753906,132.42999267578125,105158200,0.008594552261041777,0.3238574183701164,13842675049.03361
2021-01-11,125.82022857666016,128.97999572753906,130.1699981689453,128.5,129.19000244140625,100384500,-0.023523391543601058,0.33599183017047,12971350270.767212
2021-01-12,125.64462280273438,128.8000030517578,129.69000244140625,126.86000061035156,128.5,91951100,-0.0013966628060204656,0.33468508365909644,11811118982.074993
2021-01-13,127.68342590332031,130.88999938964844,131.4499969482422,128.49000549316406,128.75999450683594,88636800,0.01609649726112128,0.33659434979589725,11547306902.09961
2021-01-14,125.75191497802734,128.91000366210938,131.0,128.75999450683594,130.8000030517578,90221800,-0.015242927973696752,0.2989343650891251,11688835613.59965
2021-01-15,124.02529907226562,127.13999938964844,130.22000122070312,127.0,128.77999877929688,111598500,-0.013825467746246822,0.3029678652431554,14297999842.704775
2021-01-19,124.69841003417969,127.83000183105469,128.7100067138672,126.94000244140625,127.77999877929688,90757300,0.0054125327062086726,0.3025563806637824,11601203467.029827
2021-01-20,128.79550170898438,132.02999877929688,132.49000549316406,128.5500030517578,128.66000366210938,104319500,0.03232778616333132,0.3169143064898067,13668288876.352947
2021-01-21,133.51695251464844,136.8699951171875,139.6699981689453,133.58999633789062,133.8000030517578,120150900,0.03600256646613964,0.3365441592992773,16425829123.439028
2021-01-22,135.66305541992188,139.07000732421875,139.85000610351562,135.02000427246094,136.27999877929688,114459400,0.0159458229870042,0.32778542153402174,15793108687.317911
2021-01-25,139.41871643066406,142.9199981689453,145.08999633789062,136.5399932861328,143.07000732421875,157611700,0.02730747562845348,0.33643021367825365,22304681770.343018
2021-01-26,139.65284729003906,143.16000366210938,144.3000030517578,141.3699951171875,143.60000610351562,98390600,0.0016779274189406834,0.33632659345087806,14064280392.719524
2021-01-27,138.57980346679688,142.05999755859375,144.3000030517578,140.41000366210938,143.42999267578125,140843800,-0.00771332293612037,0.3186586214139289,20035969709.249878
2021-01-28,133.7315673828125,137.08999633789062,141.99000549316406,136.6999969482422,139.52000427246094,142621100,-0.03561179568648676,0.3406264121895738,19766333594.63399
2021-01-29,128.72720336914062,131.9600067138672,136.74000549316406,130.2100067138672,135.8300018310547,177523800,-0.03813909966251838,0.36535951181114695,23605340805.636597
2021-02-01,130.85385131835938,134.13999938964844,135.3800048828125,130.92999267578125,133.75,106239800,0.016385598965697135,0.36898964886557506,14181242528.593952
2021-02-02,131.68299865722656,134.99000549316406,136.30999755859375,134.61000061035156,135.72999572753906,83305400,0.006316447353468035,0.35737048877660177,11271498406.35783
2021-02-03,130.6587371826172,133.94000244140625,135.77000427246094,133.61000061035156,135.75999450683594,89880900,-0.0078086445212210975,0.35692276609778995,12083588415.435791
2021-02-04,134.02420043945312,137.38999938964844,137.39999389648438,134.58999633789062,136.3000030517578,84183100,0.025431519485023202,0.34185301377558636,11487625534.839376
2021-02-05,133.60899353027344,136.75999450683594,137.4199981689453,135.86000061035156,137.35000610351562,75693800,-0.0031028082588351324,0.32516175532282016,10345828414.600628
2021-02-08,133.75550842285156,136.91000366210938,136.9600067138672,134.9199981689453,136.02999877929688,71297200,0.0010959937177439372,0.32435413162267174,9715194332.409668
2021-02-09,132.8762664794922,136.00999450683594,137.8800048828125,135.85000610351562,136.6199951171875,76774200,-0.006595201421045971,0.3127269698040727,10485820376.577759
2021-02-10,132.2705841064453,135.38999938964844,136.99000549316406,134.39999389648438,136.47999572753906,73046600,-0.004568663932657202,0.3134458715428382,9904631952.943928
2021-02-11,132.0165252685547,135.1300048828125,136.38999938964844,133.77000427246094,135.89999389648438,64280000,-0.0019225978652510634,0.30982660131049655,8684013916.422527
2021-02-12,132.25099182128906,135.3699951171875,135.52999877929688,133.69000244140625,134.35000610351562,60145100,0.001774464125132269,0.30365539628079874,8111368596.247355
2021-02-16,130.12124633789062,133.19000244140625,136.00999450683594,132.7899932861328,135.49000549316406,80576300,-0.016234890371908506,0.3053989451885588,10796955350.040691
2021-02-17,127.82538604736328,130.83999633789062,132.22000122070312,129.47000122070312,131.25,97918500,-0.017801518846642495,0.31297953424727665,12811982895.15686
2021-02-18,126.72142791748047,129.7100067138672,130.0,127.41000366210938,129.1999969482422,96856700,-0.008673964794776445,0.29318339538453325,12498388902.994282
2021-02-19,126.87773895263672,129.8699951171875,130.7100067138672,128.8000030517578,130.24000549316406,87668800,0.0012327410762447144,0.26109547742087125,11378825924.023438
2021-02-22,123.09688568115234,126.0,129.72000122070312,125.5999984741211,128.00999450683594,103916400,-0.030252203593748028,0.2686726491503245,13208467205.429077
2021-02-23,122.96012115478516,125.86000061035156,126.70999908447266,118.38999938964844,123.76000213623047,158273000,-0.0011116492247866816,0.24251867935691135,19570983978.365578
2021-02-24,122.46187591552734,125.3499984741211,125.55999755859375,122.2300033569336,124.94000244140625,111039900,-0.004060320017925001,0.24095341524608085,13811142739.408875
2021-02-25,118.20234680175781,120.98999786376953,126.45999908447266,120.54000091552734,124.68000030517578,148199500,-0.03540180525691561,0.2608342866833422,18178644562.803905
2021-02-26,118.46611022949219,121.26000213623047,124.8499984741211,121.19999694824219,122.58999633789062,164560400,0.002228970774119432,0.2424850940299704,20148226707.413734
2021-03-01,124.84564971923828,127.79000091552734,127.93000030517578,122.79000091552734,123.75,116307900,0.05245124201193363,0.28948296575760607,14674567825.82016
2021-03-02,122.23717498779297,125.12000274658203,128.72000122070312,125.01000213623047,128.41000366210938,102260900,-0.021114957283318248,0.2893136536585039,12913847529.717001
2021-03-03,119.2476806640625,122.05999755859375,125.70999908447266,121.83999633789062,124.80999755859375,112966300,-0.024760534555088753,0.29605541697093796,13917824450.028229
2021-03-04,117.36215209960938,120.12999725341797,123.5999984741211,118.62000274658203,121.75,178155000,-0.01593820896434739,0.29836813777312016,21518154659.38568
2021-03-05,118.62242889404297,121.41999816894531,121.94000244140625,117.56999969482422,120.9800033569336,153766600,0.010681111204638327,0.28316086669476487,18499659661.64195
2021-03-08,113.67900848388672,116.36000061035156,121.0,116.20999908447266,120.93000030517578,154376600,-0.04256682070337714,0.30957688462353733,18194311471.629333
2021-03-09,118.30003356933594,121.08999633789062,122.05999755859375,118.79000091552734,119.02999877929688,129525800,0.0398452929905071,0.35038280359258617,15626855793.340555
2021-03-10,117.21560668945312,119.9800033569336,122.16999816894531,119.44999694824219,121.69000244140625,111943300,-0.009209023591947307,0.35054230382708773,13492899036.396027
2021-03-11,119.14998626708984,121.95999908447266,123.20999908447266,121.26000213623047,122.54000091552734,103026500,0.016368057130604186,0.3591999915411639,12584000142.147064
2021-03-12,118.24141693115234,121.02999877929688,121.16999816894531,119.16000366210938,120.4000015258789,88105100,-0.007654647641465395,0.3590837532368151,10612552996.591696
2021-03-15,121.13320922851562,123.98999786376953,124.0,120.41999816894531,121.41000366210938,92403800,0.024162402116790105,0.37289465659451865,11347494530.46926
2021-03-16,122.67679595947266,125.56999969482422,127.22000122070312,124.72000122070312,125.69999694824219,115227900,0.012662379085456088,0.3747276456510261,14499894925.051117
2021-03-17,121.88545989990234,124.76000213623047,125.86000061035156,122.33999633789062,124.05000305175781,111932600,-0.006471471393217243,0.37110079162452775,13915460797.840881
2021-03-18,117.75293731689453,120.52999877929688,123.18000030517578,120.31999969482422,122.87999725341797,121229700,-0.03449307250317979,0.3870283828097164,14710415847.671509
2021-03-19,117.22538757324219,119.98999786376953,121.43000030517578,119.68000030517578,119.9000015258789,185549500,-0.0044902067479482,0.3866211699425654,22333974722.29131
2021-03-22,120.54702758789062,123.38999938964844,123.87000274658203,120.26000213623047,120.33000183105469,111912300,0.02794147603008046,0.3891656602855689,13710002991.38031
2021-03-23,119.71662902832031,122.54000091552734,124.23999786376953,122.13999938964844,123.33000183105469,95467100,-0.006912421776493538,0.38969500849288197,11739907452.398172
2021-03-24,117.32306671142578,120.08999633789062,122.9000015258789,120.06999969482422,122.81999969482422,88530500,-0.020196141974301085,0.39507756296866403,10713961037.953695
2021-03-25,117.81155395507812,120.58999633789062,121.66000366210938,119.0,119.54000091552734,98844700,0.0041549640374238805,0.3763817449990086,11902549291.666668
2021-03-26,118.41727447509766,121.20999908447266,121.4800033569336,118.91999816894531,120.3499984741211,94071200,0.005128263569993408,0.3767476446045124,11339028896.472168
2021-03-29,118.59309387207031,121.38999938964844,122.58000183105469,120.7300033569336,121.6500015258789,80819200,0.0014836433566163265,0.3250218797783613,9824920869.98698
2021-03-30,117.137451171875,119.9000015258789,120.4000015258789,118.86000061035156,120.11000061035156,85671900,-0.01235021284184068,0.3200976276520548,10256639972.579956
2021-03-31,119.33561706542969,122.1500015258789,123.5199966430664,121.1500015258789,121.6500015258789,118323800,0.01859179336393968,0.3166017264676307,14467845426.630148
2021-04-01,120.166015625,123.0,124.18000030517578,122.48999786376953,123.66000366210938,75089100,0.006934415250474224,0.31191500601832534,9252729153.16925
2021-04-05,122.99919891357422,125.9000015258789,126.16000366210938,123.06999969482422,123.87000274658203,88651200,0.023303592233689052,0.3197188380222501,11085241696.289062
2021-04-06,123.30204772949219,126.20999908447266,127.12999725341797,125.6500015258789,126.5,80171300,0.0024591752796210287,0.27592242183525834,10128040271.911875
2021-04-07,124.9531478881836,127.9000015258789,127.91999816894531,125.13999938964844,125.83000183105469,83466700,0.013301832413301184,0.24623575535724154,10599157985.194653
2021-04-08,127.35643005371094,130.36000061035156,130.38999938964844,128.52000427246094,128.9499969482422,88844600,0.01905084119968592,0.24836481573536107,11528179273.861694
2021-04-09,129.93565368652344,133.0,133.0399932861328,129.47000122070312,129.8000030517578,106686700,0.020049664928508903,0.25096014071151546,14065218710.317484
2021-04-12,128.21615600585938,131.24000549316406,132.85000610351562,130.6300048828125,132.52000427246094,91420000,-0.01332179784149723,0.25510269173258426,12028434635.518393
2021-04-13,131.33262634277344,134.42999267578125,134.66000366210938,131.92999267578125,132.44000244140625,91266500,0.02401567900542556,0.25495739831861497,12199896942.438763
2021-04-14,128.98794555664062,132.02999877929688,135.0,131.66000366210938,134.94000244140625,87222800,-0.018014282740454135,0.26382537125640915,11591619448.31543
2021-04-15,131.40106201171875,134.5,135.0,133.63999938964844,133.82000732421875,89347100,0.018535233600784018,0.26726452282465635,12006463279.822285
2021-04-16,131.0688934326172,134.16000366210938,134.6699981689453,133.27999877929688,134.3000030517578,84922400,-0.0025310992709597357,0.2298890606101164,11382715438.61084
2021-04-19,131.7332305908203,134.83999633789062,135.47000122070312,133.33999633789062,133.50999450683594,94264200,0.005055808249462501,0.22709247136010044,12683247918.218994
2021-04-20,130.04307556152344,133.11000061035156,135.52999877929688,131.80999755859375,135.02000427246094,94812300,-0.012913151232920583,0.22088388449118848,12655861748.55194
2021-04-21,130.42408752441406,133.5,133.75,131.3000030517578,132.36000061035156,68847100,0.0029256066687164406,0.21747317599067129,9146337305.034891
2021-04-22,128.90005493164062,131.94000244140625,134.14999389648438,131.41000366210938,133.0399932861328,84566500,-0.011754016611035034,0.20721946437931427,11205061250.0
2021-04-23,131.22520446777344,134.32000732421875,135.1199951171875,132.16000366210938,132.16000366210938,78657500,0.01787762918156499,0.2121407175346765,10529617493.362427
2021-04-26,131.61599731445312,134.72000122070312,135.05999755859375,133.55999755859375,134.8300018310547,66905100,0.002973606359961245,0.21230530992669358,8995167596.328735
2021-04-27,131.29359436035156,134.38999938964844,135.41000366210938,134.11000061035156,135.00999450683594,66015800,-0.0024525778132016285,0.2136257096309398,8888147339.919025
2021-04-28,130.5022430419922,133.5800018310547,135.02000427246094,133.0800018310547,134.30999755859375,107760100,-0.006045579154123182,0.20818593169782112,14428359274.343363
2021-04-29,130.404541015625,133.47999572753906,137.07000732421875,132.4499969482422,136.47000122070312,151101000,-0.0007489420506026079,0.2034464523426435,20297901000.0
2021-04-30,128.4310760498047,131.4600067138672,133.55999755859375,131.07000732421875,131.77999877929688,109839500,-0.015249085343209678,0.21420504253903838,14502109609.591167
2021-05-03,129.48619079589844,132.5399932861328,134.07000732421875,131.8300018310547,132.0399932861328,75135100,0.008181853390527571,0.20250454580991262,9978943142.478434
2021-05-04,124.90428161621094,127.8499984741211,131.49000549316406,126.69999694824219,131.19000244140625,137564700,-0.03602654377504866,0.2425794117664894,17701825637.981415
2021-05-05,125.14851379394531,128.10000610351562,130.4499969482422,127.97000122070312,129.1999969482422,84000900,0.001953445511365892,0.23825804929749655,10822676075.630188
2021-05-06,126.75074768066406,129.74000549316406,129.75,127.12999725341797,127.88999938964844,78128300,0.01272139890583901,0.2328524242285044,10068654520.195263
2021-05-07,127.42597198486328,130.2100067138672,131.25999450683594,129.47999572753906,130.85000610351562,78973300,0.0053130427795542445,0.22200345586225137,10291537131.330872
2021-05-10,124.13780212402344,126.8499984741211,129.5399932861328,126.80999755859375,129.41000366210938,88071200,-0.02614332808288289,0.23503728086088552,11249627633.099365
2021-05-11,123.21792602539062,125.91000366210938,126.2699966430664,122.7699966430664,123.5,126142800,-0.0074377120441564415,0.21625934028558855,15765747491.680908
2021-05-12,120.14505004882812,122.7699966430664,124.63999938964844,122.25,123.4000015258789,112172300,-0.025254780729331294,0.223831785951174,13821870657.660166
2021-05-13,122.29801940917969,124.97000122070312,126.1500015258789,124.26000213623047,124.58000183105469,105861300,0.017761084795285598,0.22288331588025592,13246071770.300293
2021-05-14,124.7249755859375,127.44999694824219,127.88999938964844,125.8499984741211,126.25,81918000,0.01965026997032826,0.23697695657156043,10408773998.336792
2021-05-17,123.57022857666016,126.2699966430664,126.93000030517578,125.16999816894531,126.81999969482422,74244600,-0.009301471114855353,0.236429215083849,9363976313.15918
2021-05-18,122.18058776855469,124.8499984741211,126.98999786376953,124.77999877929688,126.55999755859375,63342900,-0.01130946900172436,0.23566281092935962,7952067562.902832
2021-05-19,122.02400970458984,124.69000244140625,124.91999816894531,122.86000061035156,123.16000366210938,92612000,-0.0012823516595652507,0.23475096445031346,11498397251.017252
2021-05-20,124.58797454833984,127.30999755859375,127.72000122070312,125.0999984741211,125.2300033569336,76857100,0.02079426301479259,0.24673531429070827,9738563070.635223
2021-05-21,122.74816131591797,125.43000030517578,128.0,125.20999908447266,127.81999969482422,79295400,-0.014877301776543561,0.23991636610875283,10008136735.86731
2021-05-24,124.3824691772461,127.0999984741211,127.94000244140625,125.94000244140625,126.01000213623047,63092900,0.013226459895956388,0.24586411616591228,8012377751.266226
2021-05-25,124.18673706054688,126.9000015258789,128.32000732421875,126.31999969482422,127.81999969482422,72009500,-0.0015748705168805444,0.24589967971440724,9158168415.105185
2021-05-26,124.13780212402344,126.8499984741211,127.38999938964844,126.41999816894531,126.95999908447266,56575900,-0.0003941208333060331,0.24573205373649834,7178727289.849091
2021-05-27,122.60137939453125,125.27999877929688,127.63999938964844,125.08000183105469,126.44000244140625,94625600,-0.012453981394119573,0.2480075607900614,11922825600.0
2021-05-28,121.94570922851562,124.61000061035156,125.80000305175781,124.55000305175781,125.56999969482422,71311100,-0.005362335252786288,0.24422775659194967,8912936844.924417
2021-06-01,121.62276458740234,124.27999877929688,125.3499984741211,123.94000244140625,125.08000183105469,67637100,-0.0026517785762454338,0.24106236844736106,8422397142.119598
2021-06-02,122.38607788085938,125.05999755859375,125.23999786376953,124.05000305175781,124.27999877929688,59278900,0.0062564600169165985,0.21086018316365507,7397018708.182526
2021-06-03,120.89859008789062,123.54000091552734,124.8499984741211,123.12999725341797,124.68000030517578,76229200,-0.012228525056886319,0.21402673667227143,9440224042.701214
2021-06-04,123.19833374023438,125.88999938964844,126.16000366210938,123.8499984741211,124.06999969482422,75169300,0.01884343042349812,0.22019348356120144,9418713328.233082
2021-06-07,123.20812225341797,125.9000015258789,126.31999969482422,124.83000183105469,126.16999816894531,71057600,7.945013574595094e-05,0.2189174697579992,8930756098.950195
2021-06-08,124.03015899658203,126.73999786376953,128.4600067138672,126.20999908447266,126.5999984741211,74403800,0.006649777438830995,0.20145370748798755,9459451210.158285
2021-06-09,124.41181945800781,127.12999725341797,127.75,126.5199966430664,127.20999908447266,56877900,0.00307243376529609,0.19986847738044344,7231076904.281616
2021-06-10,123.41363525390625,126.11000061035156,128.19000244140625,125.94000244140625,127.0199966430664,71186400,-0.008055585760081918,0.17981489415778534,9022639042.346191
2021-06-11,124.62712097167969,127.3499984741211,127.44000244140625,126.0999984741211,126.52999877929688,53522400,0.009784645215122012,0.1726112681088054,6795382301.11084
2021-06-14,127.69017791748047,130.47999572753906,130.5399932861328,127.06999969482422,127.81999969482422,96906500,0.024280597823355343,0.179538570793078,12536147496.926624
2021-06-15,126.8681640625,129.63999938964844,130.60000610351562,129.38999938964844,129.94000244140625,62746300,-0.006458375756301926,0.17770839098910057,8149280391.792807
2021-06-16,127.36725616455078,130.14999389648438,130.88999938964844,128.4600067138672,130.3699951171875,91815000,0.0039262250927931674,0.17178779775788822,11920647500.0
2021-06-17,128.97215270996094,131.7899932861328,132.5500030517578,129.64999389648438,129.8000030517578,96721700,0.012521816465912217,0.1749936860581387,12702460546.150715
2021-06-18,127.67062377929688,130.4600067138672,131.50999450683594,130.24000549316406,130.7100067138672,108953300,-0.010142814900400587,0.16741118636388222,14244191508.165997
2021-06-21,129.47129821777344,132.3000030517578,132.41000366210938,129.2100067138672,130.3000030517578,79663300,0.014005525498382632,0.16215486542398624,10460322735.232544
2021-06-22,131.11538696289062,133.97999572753906,134.0800018310547,131.6199951171875,132.1300048828125,74783600,0.012618530829691998,0.1616689313298136,9963169566.756184
2021-06-23,130.8413543701172,133.6999969482422,134.32000732421875,133.22999572753906,133.77000427246094,60214200,-0.0020921980578858523,0.1618485101742877,8053649250.0
2021-06-24,130.5575408935547,133.41000366210938,134.63999938964844,132.92999267578125,134.4499969482422,68711000,-0.002171497991992233,0.16238013040518645,9183912162.144978
2021-06-25,130.26397705078125,133.11000061035156,133.88999938964844,132.80999755859375,133.4600067138672,70783700,-0.0022510716834442945,0.1541528000874808,9433343641.396076
2021-06-28,131.89825439453125,134.77999877929688,135.25,133.35000610351562,133.41000366210938,62111300,0.012467841038626304,0.15426317655380095,8351485499.09261
2021-06-29,133.41513061523438,136.3300018310547,136.49000549316406,134.35000610351562,134.8000030517578,64556100,0.01143472462659112,0.1543972353296711,8761769367.947388
2021-06-30,134.0316619873047,136.9600067138672,137.41000366210938,135.8699951171875,136.1699981689453,63261400,0.004610505575273649,0.15428334663386223,8650785694.501749
2021-07-01,134.33502197265625,137.27000427246094,137.3300018310547,135.75999450683594,136.60000610351562,52485800,0.0022607881879039837,0.14209816933180097,7179357640.011597
2021-07-02,136.967529296875,139.9600067138672,140.0,137.75,137.89999389648438,78852600,0.019407041589053264,0.14278825711673196,10979173358.468628
2021-07-06,138.9834747314453,142.02000427246094,143.14999389648438,140.07000732421875,140.07000732421875,108181800,0.0146111539342888,0.14493233586330756,15334409742.08679
2021-07-07,141.4789581298828,144.57000732421875,144.88999938964844,142.66000366210938,143.5399932861328,104911600,0.017795960990649284,0.150559867251968,15111467226.853434
2021-07-08,140.17738342285156,143.24000549316406,144.05999755859375,140.6699981689453,141.5800018310547,105575500,-0.009242355169478245,0.15991401444291845,15061048954.625448
2021-07-09,142.00741577148438,145.11000061035156,145.64999389648438,142.64999389648438,142.75,99890800,0.012970634920366209,0.15308556640642842,14431223489.866129
2021-07-12,141.41043090820312,144.5,146.32000732421875,144.0,146.2100067138672,76299700,-0.0042127604396347,0.15749335212370616,11058878704.278564
2021-07-13,142.52609252929688,145.63999938964844,147.4600067138672,143.6300048828125,144.02999877929688,100827100,0.007858568874834049,0.1435210775392148,14678073496.906534
2021-07-14,145.96099853515625,149.14999389648438,149.57000732421875,147.67999267578125,148.10000610351562,127050800,0.023814364285332346,0.14982812793907554,18905158781.514484
2021-07-15,145.3053436279297,148.47999572753906,150.0,147.08999633789062,149.24000549316406,106820300,-0.004502106283964302,0.1547696916099987,15865306741.142273
2021-07-16,143.26002502441406,146.38999938964844,149.75999450683594,145.8800048828125,148.4600067138672,93251400,-0.014176010552468199,0.1688000797182708,13739972076.055908
2021-07-19,139.40431213378906,142.4499969482422,144.07000732421875,141.6699981689453,143.75,121434600,-0.02728290448870485,0.19662163663042484,17332360556.82373
2021-07-20,143.025146484375,146.14999389648438,147.10000610351562,142.9600067138672,143.4600067138672,96350000,0.02564203296538281,0.20760234373258582,14009611382.293701
2021-07-21,142.29119873046875,145.39999389648438,146.1300048828125,144.6300048828125,145.52999877929688,74993500,-0.005144811260380244,0.2084599538989369,10903055078.211466
2021-07-22,143.66123962402344,146.8000030517578,148.1999969482422,145.80999755859375,145.94000244140625,77338200,0.009582372402427097,0.20801020157715377,11363817251.062012
2021-07-23,145.38365173339844,148.55999755859375,148.72000122070312,146.9199981689453,147.5500030517578,71447400,0.011918096798070543,0.20787995311841476,10578978287.319946
2021-07-26,145.80442810058594,148.99000549316406,149.8300018310547,147.6999969482422,148.27000427246094,72434100,0.0028900678922356704,0.2062572347677533,10781091547.157288
2021-07-27,143.63194274902344,146.77000427246094,149.2100067138672,145.5500030517578,149.1199951171875,104818600,-0.01501211575423067,0.21644761978866375,15426852643.150839
2021-07-28,141.8801727294922,144.97999572753906,146.97000122070312,142.5399932861328,144.80999755859375,118931200,-0.012271227081023461,0.22201568530172452,17224805308.854164
2021-07-29,142.52609252929688,145.63999938964844,146.5500030517578,144.5800018310547,144.69000244140625,56699500,0.004542241077323261,0.22200986534716113,8254880285.7488
2021-07-30,142.74136352539062,145.86000061035156,146.3300018310547,144.11000061035156,144.3800048828125,70440600,0.0015092575923940643,0.22205970524242777,10244411331.655884
2021-08-02,142.40863037109375,145.52000427246094,146.9499969482422,145.25,146.36000061035156,62880000,-0.0023337423281359904,0.21447258794462498,9174611225.585938
2021-08-03,144.2093048095703,147.36000061035156,148.0399932861328,145.17999267578125,145.80999755859375,64786600,0.012565146201248822,0.21306263434257935,9514559786.020914
2021-08-04,143.8080596923828,146.9499969482422,147.7899932861328,146.27999877929688,147.27000427246094,56368300,-0.0027862582345434816,0.20541049737193862,8286515682.239786
2021-08-05,143.91571044921875,147.05999755859375,147.83999633789062,146.1699981689453,146.97999572753906,46397700,0.0007482924459543128,0.2021281590384306,6821544390.284729
2021-08-06,143.22967529296875,146.13999938964844,147.11000061035156,145.6300048828125,146.35000610351562,54126800,-0.004778321335673574,0.19852913232304373,7918390082.763672
2021-08-09,143.18064880371094,146.08999633789062,146.6999969482422,145.52000427246094,146.1999969482422,48908700,-0.0003423514141207562,0.197839441864524,7145724059.197998
2021-08-10,142.70040893554688,145.60000610351562,147.7100067138672,145.3000030517578,146.44000244140625,69023100,-0.0033597211630347346,0.19647160965221352,10091407662.112427
2021-08-11,142.95523071289062,145.86000061035156,146.72000122070312,145.52999877929688,146.0500030517578,48493500,0.0017841191250456134,0.1767020325586527,7081829104.866028
2021-08-12,145.9248809814453,148.88999938964844,149.0500030517578,145.83999633789062,146.19000244140625,72282600,0.020560466170132408,0.19119628536169453,10692524046.588135
2021-08-13,146.13072204589844,149.10000610351562,149.44000244140625,148.27000427246094,148.97000122070312,59375000,0.0014096021196161601,0.18388143625583875,8843114837.0107
2021-08-16,148.1104736328125,151.1199951171875,151.19000244140625,146.47000122070312,148.5399932861328,103296000,0.013456861184119262,0.15700672992508038,15452392917.968748
2021-08-17,147.19898986816406,150.19000244140625,151.67999267578125,149.08999633789062,150.22999572753906,92229700,-0.006173094816135816,0.13651877195904477,13863968241.301474
2021-08-18,143.44528198242188,146.36000061035156,150.72000122070312,146.14999389648438,149.8000030517578,86326000,-0.025831691707141502,0.16489908869413397,12754090870.391846
2021-08-19,143.7785186767578,146.6999969482422,148.0,144.5,145.02999877929688,86960300,0.0023203985400250815,0.16168885582127532,12730987831.53941
2021-08-20,145.2388458251953,148.19000244140625,148.5,146.77999877929688,147.44000244140625,60549600,0.01010554904598937,0.16012526884641762,8950643728.637695
2021-08-23,146.72857666015625,149.7100067138672,150.19000244140625,147.88999938964844,148.30999755859375,60131800,0.010204862929857228,0.16377573157138908,8975473078.607178
2021-08-24,146.64031982421875,149.6199951171875,150.86000061035156,149.14999389648438,149.4499969482422,48606400,-0.0006016782259994358,0.15408413928360987,7284965042.553711
2021-08-25,145.4054412841797,148.36000061035156,150.32000732421875,147.8000030517578,149.80999755859375,58991300,-0.008456797283782791,0.15045565171208836,8779478757.365925
2021-08-26,144.6017608642578,147.5399932861328,149.1199951171875,147.50999450683594,148.35000610351562,48597200,-0.005542500126496819,0.15169639301921112,7195139164.493815
2021-08-27,145.64065551757812,148.60000610351562,148.75,146.8300018310547,147.47999572753906,55802400,0.007158837106735483,0.1533160185047391,8262103491.589356
2021-08-30,150.07061767578125,153.1199951171875,153.49000549316406,148.61000061035156,149.0,90956700,0.029963643575459997,0.1824123189196963,13801769695.010376
2021-08-31,148.80630493164062,151.8300018310547,152.8000030517578,151.2899932861328,152.66000366210938,86453100,-0.00846047446345466,0.18247373024860783,13138565731.233215
2021-09-01,149.47280883789062,152.50999450683594,154.97999572753906,152.33999633789062,152.8300018310547,80313700,0.004469002251684451,0.18201776846629417,12310215864.189657
2021-09-02,150.59007263183594,153.64999389648438,154.72000122070312,152.39999389648438,153.8699951171875,71115500,0.0074468988083067345,0.18294207930327458,10922629384.56726
2021-09-03,151.22718811035156,154.3000030517578,154.6300048828125,153.08999633789062,153.75999450683594,57808700,0.004221868711463905,0.18121692848071452,8902925273.661804
2021-09-07,153.5695343017578,156.69000244140625,157.25999450683594,154.38999938964844,154.97000122070312,82278300,0.015370193525916065,0.18596647884253786,12844739573.562622
2021-09-08,152.02101135253906,155.11000061035156,157.0399932861328,153.97999572753906,156.97999572753906,74420200,-0.01013471277559752,0.19053743659570033,11563162351.272583
2021-09-09,151.001708984375,154.07000732421875,156.11000061035156,153.9499969482422,155.49000549316406,57305700,-0.0067275893473306425,0.19356553498771223,8865764940.270996
2021-09-10,146.0032958984375,148.97000122070312,155.47999572753906,148.6999969482422,155.0,140893200,-0.033661958427831706,0.21978975690656616,21281917573.35205
2021-09-13,146.57176208496094,149.5500030517578,151.4199981689453,148.75,150.6300048828125,102404300,0.0038859560059041343,0.22015274232219298,15351087307.00175
2021-09-14,145.1702117919922,148.1199951171875,151.07000732421875,146.91000366210938,150.35000610351562,109296300,-0.009608223710030117,0.21702801744395875,16252360032.363894
2021-09-15,146.06210327148438,149.02999877929688,149.44000244140625,146.3699951171875,148.55999755859375,83281300,0.00612496774328708,0.21750661939242097,12348951062.338257
2021-09-16,145.82687377929688,148.7899932861328,148.97000122070312,147.22000122070312,148.44000244140625,68034100,-0.0016117740758003762,0.1969802846899861,10091271175.775656
2021-09-17,143.15121459960938,146.05999755859375,148.82000732421875,145.75999450683594,148.82000732421875,129868800,-0.018518605752178452,0.20787783789270525,19075129317.578125
2021-09-20,140.09336853027344,142.94000244140625,144.83999633789062,141.27000427246094,143.8000030517578,123478900,-0.02159239791989176,0.21677947402363243,17659540807.2759
2021-09-21,140.5736083984375,143.42999267578125,144.60000610351562,142.77999877929688,143.92999267578125,75834000,0.0034221363845077235,0.21328735240515395,10890015118.286133
2021-09-22,142.94546508789062,145.85000610351562,146.42999267578125,143.6999969482422,144.4499969482422,76404300,0.01673193972462972,0.2230718379081784,11103582129.188538
2021-09-23,143.90591430664062,146.8300018310547,147.0800018310547,145.63999938964844,146.64999389648438,64838200,0.0066965186635830065,0.22308639432601843,9499877002.623495
2021-09-24,143.99412536621094,146.9199981689453,147.47000122070312,145.55999755859375,145.66000366210938,53477900,0.000612789511462708,0.22235497669708792,7842533980.599467
2021-09-27,142.47496032714844,145.3699951171875,145.9600067138672,143.82000732421875,145.47000122070312,74150700,-0.010606235409642117,0.2234285472938673,10755559261.289978
2021-09-28,139.08389282226562,141.91000366210938,144.75,141.69000244140625,143.25,108972300,-0.024088970711904523,0.20635388136944016,15559428456.70471
2021-09-29,139.98556518554688,142.8300018310547,144.4499969482422,142.02999877929688,142.47000122070312,74602000,0.0064620149217198275,0.20855549645545762,10675794812.62207
2021-09-30,138.68206787109375,141.5,144.3800048828125,141.27999877929688,143.66000366210938,89056700,-0.009355279672191408,0.20775401886322412,12680486766.045124
2021-10-01,139.8091583251953,142.64999389648438,142.9199981689453,139.11000061035156,141.89999389648438,94639600,0.008094306044720945,0.20820510635866832,13397181544.94629
2021-10-04,136.3690948486328,139.13999938964844,142.2100067138672,138.27000427246094,141.75999450683594,98322000,-0.024913195467771487,0.21836544738133742,13752626220.062256
2021-10-05,138.29981994628906,141.11000061035156,142.24000549316406,139.36000061035156,139.49000549316406,80861100,0.01405879438229185,0.21685300828927134,11393598707.963562
2021-10-06,139.17208862304688,142.0,142.14999389648438,138.3699951171875,139.47000122070312,83221100,0.006287278266417395,0.2196047824027335,11720859419.23523
2021-10-07,140.43637084960938,143.2899932861328,144.22000122070312,142.72000122070312,143.05999755859375,61732700,0.009043294649544897,0.22424208804185994,8853086419.083149
2021-10-08,140.0541534423828,142.89999389648438,144.17999267578125,142.55999755859375,144.02999877929688,58773200,-0.0027253515588041566,0.19576829753610914,8417105571.773274
2021-10-11,139.96597290039062,142.80999755859375,144.80999755859375,141.80999755859375,142.27000427246094,64452200,-0.0006298157640216573,0.1946545917835906,9225902591.312664
2021-10-12,138.69183349609375,141.50999450683594,143.25,141.0399932861328,143.22999572753906,73035900,-0.009144895672276832,0.19444206720998006,10366228442.816162
2021-10-13,138.10379028320312,140.91000366210938,141.39999389648438,139.1999969482422,141.24000549316406,78762700,-0.004248940713351246,0.19208844594261962,11066421748.114523
2021-10-14,140.89703369140625,143.75999450683594,143.8800048828125,141.50999450683594,142.11000061035156,69907100,0.020023860131946236,0.20772505293249477,10000210512.77364
2021-10-15,141.95553588867188,144.83999633789062,144.89999389648438,143.50999450683594,143.77000427246094,67940300,0.007484514919513963,0.2005873618787037,9811711312.7711
2021-10-18,143.63153076171875,146.5500030517578,146.83999633789062,143.16000366210938,143.4499969482422,85589200,0.011737325038922997,0.18907406380443414,12454655173.732504
2021-10-19,145.79750061035156,148.75999450683594,149.1699981689453,146.5500030517578,147.00999450683594,76378900,0.014967470776487524,0.19487777914450277,11316297715.22471
2021-10-20,146.28749084472656,149.25999450683594,149.75,148.1199951171875,148.6999969482422,58418800,0.0033551240793290305,0.18733385412518672,8706932479.282633
2021-10-21,146.5031280517578,149.47999572753906,149.63999938964844,147.8699951171875,148.80999755859375,61421000,0.0014729792015355514,0.18625574009588214,9151524063.395184
2021-10-22,145.7288360595703,148.69000244140625,150.17999267578125,148.63999938964844,149.69000244140625,58883400,-0.005299172569735333,0.18748737428055126,8783636670.181274
2021-10-25,145.6798553466797,148.63999938964844,149.3699951171875,147.6199951171875,148.67999267578125,50720600,-0.00033616508221090413,0.18306864056837857,7534206817.241414
2021-10-26,146.3463592529297,149.32000732421875,150.83999633789062,149.00999450683594,149.3300018310547,60893400,0.004564693374941697,0.15857104137717687,9117162788.833618
2021-10-27,145.8856964111328,148.85000610351562,149.72999572753906,148.49000549316406,149.36000061035156,56094900,-0.0031527220538425382,0.1590668000983245,8359449117.95044
2021-10-28,149.53158569335938,152.57000732421875,153.1699981689453,149.72000122070312,149.82000732421875,100077900,0.024684232268613826,0.17139475418697195,15193827001.96991
2021-10-29,146.81674194335938,149.8000030517578,149.94000244140625,146.41000366210938,147.22000122070312,124953200,-0.01832249044270995,0.18667657805852025,18582623774.660236
2021-11-01,145.99351501464844,148.9600067138672,149.6999969482422,147.8000030517578,148.99000549316406,74588300,-0.005622952599408926,0.16125437109628946,11100230972.925312
2021-11-02,147.03237915039062,150.02000427246094,151.57000732421875,148.64999389648438,148.66000366210938,69122000,0.0070906258389049626,0.15720766149758314,10373829886.566162
2021-11-03,148.47308349609375,151.49000549316406,151.97000122070312,149.82000732421875,150.38999938964844,54511500,0.009750857042496008,0.15855410208639953,8236324495.079041
2021-11-04,147.9536590576172,150.9600067138672,152.42999267578125,150.63999938964844,151.5800018310547,60394600,-0.0035045756373710546,0.1587051663367595,9140320054.758707
2021-11-05,148.48365783691406,151.27999877929688,152.1999969482422,150.05999755859375,151.88999938964844,65463900,0.0035757936927511835,0.15753043297669025,9896832255.49469
2021-11-08,147.65919494628906,150.44000244140625,151.57000732421875,150.16000366210938,151.41000366210938,55020900,-0.005568022411720719,0.1598429542796962,8292933697.268676
2021-11-09,148.0223846435547,150.80999755859375,151.42999267578125,150.05999755859375,150.1999969482422,56787900,0.0024566283799236643,0.15396467266774252,8561722158.929443
2021-11-10,145.185791015625,147.9199981689453,150.1300048828125,147.85000610351562,150.02000427246094,65187100,-0.019349270335761837,0.17114366356951827,9688976162.268576
2021-11-11,145.13670349121094,147.8699951171875,149.42999267578125,147.67999267578125,148.9600067138672,41000000,-0.0003381586050723584,0.15893831362734656,6081393066.40625
2021-11-12,147.21754455566406,149.99000549316406,150.39999389648438,147.47999572753906,148.42999267578125,63804000,0.01423530677178153,0.16379251838810452,9525299056.152344
2021-11-15,147.2273406982422,150.0,151.8800048828125,149.42999267578125,150.3699951171875,59222800,6.653973678805158e-05,0.15981748989717753,8909280574.47103
2021-11-16,148.20883178710938,151.0,151.49000549316406,149.33999633789062,149.94000244140625,59256200,0.006644377304870552,0.1532672288378705,8924576318.167114
2021-11-17,150.65283203125,153.49000549316406,155.0,150.99000549316406,151.0,88807000,0.016355759355168864,0.16230976235362862,13601680445.220947
2021-11-18,154.95184326171875,157.8699951171875,158.6699981689453,153.0500030517578,153.7100067138672,137827700,0.028136315864749406,0.18669813004048022,21574169712.753296
2021-11-19,157.5823211669922,160.5500030517578,161.02000427246094,156.52999877929688,157.64999389648438,117305600,0.016833615783849787,0.19026468761350313,18694602691.992188
2021-11-22,158.04364013671875,161.02000427246094,165.6999969482422,161.0,161.67999267578125,117467900,0.0029232024914733756,0.1896814421486013,19097148110.464478
2021-11-23,158.42645263671875,161.41000366210938,161.8000030517578,159.05999755859375,161.1199951171875,96041900,0.002419266119948915,0.18975658554939792,15439375841.111755
2021-11-24,158.94664001464844,161.94000244140625,162.13999938964844,159.63999938964844,160.75,69463600,0.003278084095942546,0.18801328784259516,11200310892.26481
2021-11-26,153.91143798828125,156.80999755859375,160.4499969482422,156.36000061035156,159.57000732421875,76959800,-0.03219118950799604,0.2117440276543523,12149900033.406574
2021-11-29,157.278076171875,160.24000549316406,161.19000244140625,158.7899932861328,159.3699951171875,88748200,0.021638065461837108,0.2098697775118854,14206220237.445068
2021-11-30,162.2445068359375,165.3000030517578,165.52000427246094,159.9199981689453,159.99000549316406,174048100,0.031089074381590365,0.22757907943008315,28470788516.69159
2021-12-01,161.72433471679688,164.77000427246094,170.3000030517578,164.52999877929688,167.47999572753906,152052500,-0.003211250586039327,0.2293290141869271,25321809976.01827
2021-12-02,160.73300170898438,163.75999450683594,164.1999969482422,157.8000030517578,158.74000549316406,136739200,-0.006148634371101913,0.23155750033399136,22140811013.623047
2021-12-03,158.8485107421875,161.83999633789062,164.9600067138672,159.72000122070312,164.02000427246094,118023100,-0.011793628455297522,0.23664745666248468,19140199705.41636
2021-12-06,162.26414489746094,165.32000732421875,167.8800048828125,164.27999877929688,164.2899932861328,107497000,0.021274546003973605,0.24446250988564205,17825869580.332436
2021-12-07,168.0158233642578,171.17999267578125,171.5800018310547,168.33999633789062,169.0800018310547,120405400,0.03483263023033967,0.26289329852465343,20513066279.218544
2021-12-08,171.84376525878906,175.0800018310547,175.9600067138672,170.6999969482422,172.1300048828125,116998900,0.022527560842656058,0.26816279734168463,20347668909.56472
2021-12-09,171.33335876464844,174.55999755859375,176.75,173.9199981689453,174.91000366210938,108923700,-0.0029745972837931234,0.2530962626734418,19069998161.875916
2021-12-10,176.13296508789062,179.4499969482422,179.6300048828125,174.69000244140625,175.2100067138672,115402700,0.02762806803925688,0.2595111649306686,20532833224.01784
2021-12-13,172.49156188964844,175.74000549316406,182.1300048828125,175.52999877929688,181.1199951171875,153237000,-0.02089087456489036,0.2794303395061352,27245539067.642212
2021-12-14,171.1076202392578,174.3300018310547,177.74000549316406,172.2100067138672,175.25,139380400,-0.008055602029005904,0.28368781093760437,24358119356.21134
2021-12-15,175.9857635498047,179.3000030517578,179.5,172.30999755859375,175.11000061035156,131063300,0.028110386180697056,0.29244327177471147,23203009780.99823
2021-12-16,169.07589721679688,172.25999450683594,181.13999938964844,170.75,179.27999877929688,150185800,-0.040055392777858856,0.33551952543733493,26239962051.112877
2021-12-17,167.9765625,171.13999938964844,173.47000122070312,169.69000244140625,169.92999267578125,195432700,-0.006523249324631664,0.32774411112201896,33503679402.137756
2021-12-20,166.61224365234375,169.75,170.5800018310547,167.4600067138672,168.27999877929688,107499100,-0.00815524239943688,0.3268509881539949,18195656302.523804
2021-12-21,169.79241943359375,172.99000549316406,173.1999969482422,169.1199951171875,171.55999755859375,91185900,0.018907410448140816,0.33157967862859195,15663001968.792725
2021-12-22,172.3933868408203,175.63999938964844,175.86000061035156,172.14999389648438,173.0399932861328,92135300,0.01520236931074237,0.33395428363020746,16082216427.550251
2021-12-23,173.02157592773438,176.27999877929688,176.85000610351562,175.27000427246094,175.85000610351562,68356600,0.003637304964769328,0.3339437699972735,12039876021.941122
2021-12-27,176.99668884277344,180.3300018310547,180.4199981689453,177.07000732421875,177.08999633789062,74919600,0.022714722229246753,0.31175849357281915,13431086606.90918
2021-12-28,175.97592163085938,179.2899932861328,181.3300018310547,178.52999877929688,180.16000366210938,79144300,-0.005783848532487923,0.3099523343918551,14223549620.647177
2021-12-29,176.0642547607422,179.3800048828125,180.6300048828125,178.13999938964844,179.3300018310547,62348900,0.000501835515718696,0.2960323966370115,11184353701.94041
2021-12-30,174.90609741210938,178.1999969482422,180.57000732421875,178.08999633789062,179.47000122070312,59773000,-0.006599768586012189,0.29731438193571597,10696577605.49418
2021-12-31,174.28775024414062,177.57000732421875,179.22999572753906,177.25999450683594,178.08999633789062,64062300,-0.0035415733606596334,0.29633740068937586,11404370593.865967
