Price,Adj Close,Close,High,Low,Open,Volume,log_ret,sigma20,TurnUSD
Ticker,GOOG,GOOG,GOOG,GOOG,GOOG,GOOG,,,
Date,,,,,,,,,
2005-02-01,4.757052898406982,4.779584884643555,4.898140907287598,4.74795389175415,4.841352939605713,756384528,-0.019199714879142515,0.42243637861301925,3637120306.2078323
2005-02-02,5.105589866638184,5.129772186279297,5.399759769439697,5.072486877441406,5.368627071380615,1316889593,0.0707076542780154,0.4687606145626984,6848712077.059645
2005-02-03,5.227056980133057,5.251814842224121,5.3143310546875,5.126036167144775,5.130519866943359,521471303,0.02351240900179441,0.47306880375433763,2727674209.285573
2005-02-04,5.065927505493164,5.089921951293945,5.1743550300598145,5.046085834503174,5.142475128173828,594993855,-0.03131115931946615,0.47771540374021954,3036523931.085124
2005-02-07,4.859432697296143,4.882449150085449,5.140730857849121,4.869497776031494,5.112338066101074,520359150,-0.041615539320212,0.49432410357480133,2583180384.296155
2005-02-08,4.924132823944092,4.947455883026123,4.9818267822265625,4.845088958740234,4.905612945556641,460921194,0.013226480616624015,0.49592650184453874,2269940336.5101786
2005-02-09,4.749120712280273,4.771615028381348,5.02117919921875,4.718812942504883,5.000257968902588,689434520,-0.036188695057428166,0.5116798848998948,3334934307.9166284
2005-02-10,4.659879207611084,4.68195104598999,4.78730583190918,4.613955974578857,4.781328201293945,762154073,-0.018969961018737713,0.5141483071772086,3577859345.4806924
2005-02-11,4.645501613616943,4.667504787445068,4.790046215057373,4.634378910064697,4.649074077606201,526606480,-0.0030901702383834273,0.5141254994525286,2473633869.2212296
2005-02-14,4.784073829650879,4.806733131408691,4.8089752197265625,4.508102893829346,4.554180145263672,1548269624,0.029393092698867918,0.5182209729479145,7289155975.229437
2005-02-15,4.839601039886475,4.862524032592773,4.977344036102295,4.8089752197265625,4.821926116943359,1035177611,0.01153983840691808,0.5148437027630781,5054718199.740562
2005-02-16,4.918430805206299,4.941727161407471,4.964641094207764,4.839361190795898,4.8493242263793945,663770685,0.01615725004465185,0.505846808430913,3262594311.822996
2005-02-17,4.905789375305176,4.929025173187256,4.975101947784424,4.901876926422119,4.927280902862549,418137429,-0.002573524747184752,0.501958161072534,2063648155.380279
2005-02-18,4.907028675079346,4.930270195007324,4.952436923980713,4.898140907287598,4.944218158721924,340708289,0.00025258794658089556,0.48955690929035733,1678652480.3337994
2005-02-22,4.74391508102417,4.766384124755859,4.953930854797363,4.741975784301758,4.894155979156494,541369609,-0.03380583955434835,0.4820985371051091,2609814898.6908274
2005-02-23,4.8078718185424805,4.830644130706787,4.843843936920166,4.698886871337891,4.814454078674316,625776806,0.013391775595402056,0.47586959686370456,2998174886.9152884
2005-02-24,4.682437896728516,4.704616069793701,4.7285261154174805,4.538737773895264,4.567131042480469,1036442333,-0.026435644437396544,0.4304028593708753,4827015953.73741
2005-02-25,4.607573986053467,4.629397869110107,4.730269908905029,4.620430946350098,4.711091995239258,400435325,-0.0161174242267228,0.433540698364074,1866041792.0744262
2005-02-28,4.660127639770508,4.682199954986572,4.7290239334106445,4.628900051116943,4.632636070251465,313908211,0.011341370094653858,0.4333258877087457,1469103396.0237207
2005-03-01,4.612284183502197,4.634130001068115,4.726036071777344,4.533009052276611,4.714579105377197,373844027,-0.010319619483769138,0.4221320519194479,1731293512.197288
2005-03-02,4.590469837188721,4.612212181091309,4.674230098724365,4.5917887687683105,4.63139009475708,292512314,-0.004740838910151091,0.4178696531443744,1353184492.7493157
2005-03-03,4.635833740234375,4.6577911376953125,4.67622184753418,4.5905442237854,4.635873794555664,305484756,0.009833682194992921,0.32828376469812925,1417913320.4679852
2005-03-04,4.6083173751831055,4.630145072937012,4.663768768310547,4.60947322845459,4.6500701904296875,271979640,-0.005953266227655796,0.3116418412516716,1260479403.3327484
2005-03-07,4.680454254150391,4.702622890472412,4.722300052642822,4.658289909362793,4.6769700050354,347995502,0.015532372227358149,0.30636768349503823,1633631575.4569812
2005-03-08,4.590965270996094,4.612709999084473,4.7285261154174805,4.606982231140137,4.709846019744873,323050350,-0.019304867417166083,0.28044028851429714,1501992272.8120327
2005-03-09,4.495527267456055,4.516819953918457,4.5990118980407715,4.487181186676025,4.588053226470947,456119263,-0.0210073387302685,0.28073700623682224,2068198760.5872343
2005-03-10,4.461565971374512,4.4826979637146,4.5130839347839355,4.418438911437988,4.508351802825928,440063306,-0.007583142860866143,0.256521604262538,1967702119.0115547
2005-03-11,4.407525062561035,4.428400993347168,4.506856918334961,4.412211894989014,4.494154930114746,322335682,-0.012186497445920264,0.2522800094530387,1434121927.7025836
2005-03-14,4.337867736816406,4.358414173126221,4.443345069885254,4.298140048980713,4.4416022300720215,447535208,-0.01593039911617522,0.25635491961631257,1954222051.4735923
2005-03-15,4.427604675292969,4.448575973510742,4.483195781707764,4.338985919952393,4.366135120391846,418446584,0.02047580997020315,0.24350514343235796,1851034405.422348
2005-03-16,4.352989673614502,4.373607158660889,4.448575973510742,4.358911991119385,4.401003837585449,285317446,-0.016995842150061558,0.24074744676107918,1253598798.686816
2005-03-17,4.444460868835449,4.465511798858643,4.474228858947754,4.3785881996154785,4.41171407699585,331662510,0.020795681937210153,0.24642401433689798,1472396792.6193237
2005-03-18,4.463052749633789,4.48419189453125,4.49315881729126,4.441103935241699,4.453557014465332,284663002,0.004174432640354109,0.24838233213363964,1273245860.6780493
2005-03-21,4.4838762283325195,4.5051140785217285,4.537242889404297,4.414702892303467,4.4650139808654785,300470030,0.004654896970876621,0.24995685712823185,1347814393.3049836
2005-03-22,4.427357196807861,4.44832706451416,4.531515121459961,4.429646968841553,4.5125861167907715,226112360,-0.012685065400811935,0.22852802660777705,1010683746.3965925
2005-03-23,4.436776638031006,4.457790851593018,4.48917293548584,4.4326348304748535,4.4326348304748535,194526410,0.0021252938965472534,0.22127350757127182,867561762.1045622
2005-03-24,4.443469524383545,4.4645161628723145,4.504615783691406,4.463271141052246,4.500630855560303,148763520,0.0015073653359152228,0.20620718911399788,666083855.1242065
2005-03-28,4.4972615242004395,4.5185627937316895,4.602747917175293,4.506856918334961,4.525039196014404,350830087,0.012033165655032096,0.20598909521402184,1593723745.0058448
2005-03-29,4.451402187347412,4.4724860191345215,4.564889907836914,4.435125827789307,4.509347915649414,259890496,-0.010249516531348979,0.20293237106434345,1167125054.4685466
2005-03-30,4.473216533660889,4.494403839111328,4.51931095123291,4.473233222961426,4.499135971069336,250378977,0.004888587499183972,0.20217124220797614,1125616082.1412182
2005-03-31,4.474703311920166,4.4958977699279785,4.517816066741943,4.4244160652160645,4.4321370124816895,271758815,0.0003323181920755758,0.20191804293496438,1217310085.9842005
2005-04-01,4.463052749633789,4.48419189453125,4.556670188903809,4.482946872711182,4.527031898498535,248206866,-0.0026070456174698275,0.19783884244618105,1118900745.79593
2005-04-04,4.593196868896484,4.614952087402344,4.61569881439209,4.47921085357666,4.4819512367248535,324266893,0.028743262338064346,0.22361922323847355,1481884758.2912369
2005-04-05,4.674505233764648,4.696646213531494,4.738738059997559,4.671739101409912,4.675724029541016,350777892,0.017547057552921075,0.2255018075524637,1649488999.881672
2005-04-06,4.690617561340332,4.71283483505249,4.723545074462891,4.671988010406494,4.7133331298828125,210891521,0.0034409251914033767,0.2145111046813909,991778389.8199768
2005-04-07,4.803160667419434,4.825911045074463,4.8473310470581055,4.698389053344727,4.701876163482666,389141150,0.023709923613470574,0.21229239207985828,1864197690.442284
2005-04-08,4.760771751403809,4.783320903778076,4.859285831451416,4.76837682723999,4.8241682052612305,205431131,-0.008864385845967826,0.21316520759125226,986821550.6868383
2005-04-11,4.790023326873779,4.812710762023926,4.851813793182373,4.790046215057373,4.8092241287231445,217231195,0.006125493572874285,0.20574744633856604,1046661227.2121494
2005-04-12,4.808119297027588,4.830893039703369,4.842350006103516,4.717566967010498,4.806982040405273,293881426,0.003770727796862383,0.19236212485563883,1409730589.2872837
2005-04-13,4.782586574554443,4.805239200592041,4.8398590087890625,4.7255377769470215,4.818687915802002,263214910,-0.005324484586711753,0.18709419315873638,1260855219.2613728
2005-04-14,4.7458977699279785,4.76837682723999,4.840855121612549,4.734753131866455,4.813706874847412,247030473,-0.0077009070101496935,0.17650548449914533,1181133806.3983188
2005-04-15,4.586008071899414,4.607728958129883,4.7407307624816895,4.5992608070373535,4.734753131866455,464831797,-0.03427067297020003,0.21116165223208766,2161114665.64028
2005-04-18,4.634842395782471,4.656795024871826,4.679460048675537,4.570119857788086,4.597268104553223,262994085,0.010592250820487426,0.2133163705937707,1219098116.911168
2005-04-19,4.744658946990967,4.767131805419922,4.782075881958008,4.683196067810059,4.715575218200684,338463908,0.023417357813657613,0.2258886511082603,1605718331.7382674
2005-04-20,4.9107465744018555,4.934006214141846,4.993782043457031,4.87946081161499,4.945960998535156,620376641,0.0344064288747985,0.24323383822966388,3062023813.3364253
2005-04-21,5.062457084655762,5.086434841156006,5.105862140655518,4.964392185211182,4.991789817810059,712737539,0.030425973230962855,0.2580124837515149,3600913778.7639074
2005-04-22,5.349764347076416,5.375102996826172,5.57908821105957,5.336496829986572,5.551691055297852,1333182435,0.055200557370677306,0.30691029589080115,7239486382.051995
2005-04-25,5.541136264801025,5.567381858825684,5.5975189208984375,5.417693138122559,5.425165176391602,796574608,0.03514706901593745,0.3196749510052951,4403091083.243968
2005-04-26,5.422643661499023,5.448328018188477,5.529274940490723,5.43687105178833,5.484941005706787,693469588,-0.02161612471902652,0.3311553728368861,3794312843.091875
2005-04-27,5.448176383972168,5.473981857299805,5.500631809234619,5.398265838623047,5.429399013519287,412131000,0.004697487276501766,0.3311922381598232,2249257067.780018
2005-04-28,5.43999719619751,5.465763092041016,5.531267166137695,5.422424793243408,5.467008113861084,348613811,-0.0015023987729330113,0.33191722017211045,1908016266.6731553
2005-04-29,5.4536309242248535,5.479462146759033,5.535501956939697,5.425165176391602,5.527032852172852,368182886,0.002503066011609434,0.3299820613600838,2017658081.5189204
2005-05-02,5.5103983879089355,5.536498069763184,5.571616172790527,5.484692096710205,5.530519962310791,392160425,0.010355311782445975,0.32289414232061375,2169013995.316144
2005-05-03,5.607076644897461,5.633634090423584,5.682450771331787,5.512338161468506,5.525538921356201,713873782,0.017392563293159302,0.3228436744093321,4004456662.8949013
2005-05-04,5.6643385887146,5.691167831420898,5.725539207458496,5.653808116912842,5.659536838531494,485151677,0.010160647135624368,0.32219721169708015,2760596351.6955066
2005-05-05,5.626658916473389,5.6533098220825195,5.694157123565674,5.625913143157959,5.694157123565674,301509913,-0.0066743105909539135,0.32238000538525946,1705880784.630625
2005-05-06,5.652440547943115,5.679213047027588,5.709847927093506,5.640607833862305,5.688676834106445,271570110,0.004571584185905753,0.31687453485047273,1541583010.4825401
2005-05-09,5.6028618812561035,5.62939977645874,5.691167831420898,5.6147050857543945,5.678715229034424,222302131,-0.008809889856924213,0.32249780519986393,1254915736.2869852
2005-05-10,5.646986484527588,5.673733234405518,5.673733234405518,5.597021102905273,5.615701198577881,254783425,0.007844519874282474,0.32215839686938275,1439058192.7972715
2005-05-11,5.733501434326172,5.760657787322998,5.777842998504639,5.676970958709717,5.702874183654785,460873014,0.015204377364089972,0.3192434370876278,2644715450.112256
2005-05-12,5.669793128967285,5.696648120880127,5.784070014953613,5.6836957931518555,5.748702049255371,359269602,-0.011173782778983066,0.3217580303729548,2055550720.276637
2005-05-13,5.682682514190674,5.709599018096924,5.755675792694092,5.661777973175049,5.708105087280273,297731805,0.0022707629889850978,0.2824250694265486,1699756113.2334971
2005-05-16,5.727551460266113,5.754680156707764,5.768877029418945,5.6929121017456055,5.720558166503906,228107811,0.007864725202351597,0.28259829493821564,1309070374.1350942
2005-05-17,5.77911376953125,5.806486129760742,5.814455986022949,5.733509063720703,5.742475986480713,313526787,0.00896222378332956,0.27872611506557227,1813695106.152791
2005-05-18,5.928592681884766,5.9566731452941895,5.976847171783447,5.816198825836182,5.818440914154053,494325936,0.02553651921336786,0.2704508727321263,2924715509.685997
2005-05-19,5.929088115692139,5.9571709632873535,6.006734848022461,5.934505939483643,5.986063003540039,390116793,8.356335713854968e-05,0.2609611667767524,2327490330.6710196
2005-05-20,5.989326000213623,6.017693996429443,6.01918888092041,5.968876838684082,6.007731914520264,327763952,0.010108458535686315,0.19670215593611906,1967212987.763227
2005-05-23,6.332408905029297,6.362401962280273,6.428404808044434,6.0450921058654785,6.056300163269043,858738744,0.05570183251702909,0.24296057851274439,5391705381.016857
2005-05-24,6.346043109893799,6.376101016998291,6.611219882965088,6.313834190368652,6.40001106262207,1166078427,0.002150768895795796,0.22101484618867448,7502220189.005806
2005-05-25,6.4652791023254395,6.495902061462402,6.500135898590088,6.24235200881958,6.294655799865723,725023418,0.01861469619521605,0.2237320660253987,4649427750.682848
2005-05-26,6.425368785858154,6.455801963806152,6.569375991821289,6.433385848999023,6.499638080596924,543895039,-0.006192154860812149,0.22695438049635208,3527805439.800433
2005-05-27,6.593935012817383,6.625166893005371,6.626412868499756,6.457046985626221,6.487184047698975,489190760,0.0258962613874123,0.23372508555868293,3213759365.661837
2005-05-31,6.87330961227417,6.90586519241333,6.934010028839111,6.709103107452393,6.710597038269043,892805959,0.04149544964361751,0.2586719260413101,6115416767.743179
2005-06-01,7.1392974853515625,7.173112869262695,7.294907093048096,7.024171829223633,7.053562164306641,1412944285,0.03796864136117417,0.2743491631834303,10122423187.990826
2005-06-02,7.136819362640381,7.170622825622559,7.217446804046631,7.088430881500244,7.191295146942139,721658854,-0.00034717041930343306,0.27766375447235037,5166235582.273649
2005-06-03,6.947429656982422,6.9803361892700195,7.20549201965332,6.909351825714111,7.142975807189941,754108027,-0.026895452040387013,0.30212614016324185,5302681531.71008
2005-06-06,7.2121782302856445,7.246338844299316,7.316327095031738,7.019439220428467,7.033387184143066,904413304,0.037399260409979096,0.3150238416208424,6506381011.604519
2005-06-07,7.266218662261963,7.300634860992432,7.461781024932861,7.230399131774902,7.399764060974121,976566743,0.007465009190388061,0.3062683431324982,7159150577.078989
2005-06-08,6.93007755279541,6.9629011154174805,7.302379131317139,6.924046993255615,7.293910980224609,1031889331,-0.04736502322531044,0.3707503360192809,7288346903.337867
2005-06-09,7.0974040031433105,7.131021022796631,7.1855669021606445,6.9878082275390625,7.0914201736450195,660109011,0.023858079808234622,0.37341044236236093,4687741291.392188
2005-06-10,7.002957820892334,7.036127090454102,7.155180931091309,6.974358081817627,7.147957801818848,509767599,-0.013396478177276627,0.37512399887098985,3596523596.915687
2005-06-13,7.009155750274658,7.042354106903076,7.078218936920166,6.887185096740723,6.969377040863037,514047581,0.0008846530903505734,0.3755403045180264,3599662418.129988
2005-06-14,6.900081634521484,6.932764053344727,7.004744052886963,6.917819976806641,6.938742160797119,405189077,-0.01568401611677439,0.3862979845621568,2816783712.16616
2005-06-15,6.8120808601379395,6.844346046447754,6.906611919403076,6.660783767700195,6.849327087402344,838454999,-0.012835609644049173,0.39383486345634655,5704775631.597594
2005-06-16,6.877523422241211,6.910099029541016,6.931519031524658,6.801257133483887,6.830895900726318,500364485,0.009560986464582255,0.3888321786783282,3442987205.213355
2005-06-17,6.948421001434326,6.981331825256348,6.981331825256348,6.871743202209473,6.948954105377197,418940428,0.01025582028216876,0.3880045210734051,2909458441.335186
2005-06-20,7.107072353363037,7.140735149383545,7.164894104003906,6.767881870269775,6.876474857330322,844140229,0.022575954644260765,0.39126953036356826,5929666168.5860195
2005-06-21,7.135332107543945,7.169127941131592,7.230399131774902,7.097646236419678,7.174857139587402,607560783,0.0039684017323315945,0.3516588988166447,4353613149.36697
2005-06-22,7.1715240478515625,7.20549201965332,7.280710220336914,7.189801216125488,7.214707851409912,420530365,0.005059394896592684,0.351404879448204,3038472548.380535
2005-06-23,7.18168830871582,7.215703964233398,7.342728137969971,7.135753154754639,7.173112869262695,564363474,0.0014163049094253477,0.34872379043776686,4081135252.405468
2005-06-24,7.3685994148254395,7.403500080108643,7.42218017578125,7.212465763092041,7.245343208312988,713512433,0.025693153539025015,0.35295952354402566,5241497061.604354
2005-06-27,7.538404941558838,7.57411003112793,7.5833258628845215,7.319066047668457,7.444595813751221,714785186,0.022782963980818582,0.3510015188221314,5355290207.004582
2005-06-28,7.48634672164917,7.521805763244629,7.702380180358887,7.521805763244629,7.628407001495361,764314139,-0.0069296890089947105,0.32985112687299034,5795027689.040259
2005-06-29,7.256303310394287,7.290672779083252,7.58108377456665,7.27647590637207,7.534259796142578,734691521,-0.031210411158018037,0.327632272983933,5424039531.171704
2005-06-30,7.291752338409424,7.326289176940918,7.445343017578125,7.2488298416137695,7.331021785736084,606039101,0.004873379512684295,0.32789713977944523,4448420338.660852
2005-07-01,7.219863414764404,7.254059791564941,7.3783440589904785,7.203499794006348,7.348455905914307,370487492,-0.009907857670988784,0.3146387116669408,2696643058.9424496
2005-07-05,7.330423355102539,7.365143775939941,7.371868133544922,7.228654861450195,7.275230884552002,300883574,0.01519723562178954,0.2916322345192237,2203036107.7773266
2005-07-06,7.22655725479126,7.260785102844238,7.412217140197754,7.257297992706299,7.404745101928711,321211484,-0.014270522955860399,0.29506085510232133,2348088094.430086
2005-07-07,7.326209545135498,7.360909938812256,7.367384910583496,7.185815811157227,7.207734107971191,428484066,0.013695519118099853,0.24337019397863485,3129949079.5358953
2005-07-08,7.343313694000244,7.3780951499938965,7.409727096557617,7.323799133300781,7.3785929679870605,299422117,0.0023319308114941872,0.23095738252597317,2206902827.9526114
2005-07-11,7.271920680999756,7.306364059448242,7.387310981750488,7.248331069946289,7.382328987121582,336869956,-0.009769748336246886,0.22829532483683082,2463867544.4043846
2005-07-12,7.233002185821533,7.267261028289795,7.332516193389893,7.246089935302734,7.3073601722717285,235475323,-0.005366259294079079,0.22966051442604335,1714720875.0018425
2005-07-13,7.408509731292725,7.443600177764893,7.45306396484375,7.275230884552002,7.285441875457764,459230882,0.02397511312822842,0.23307775992741486,3394006302.9781322
2005-07-14,7.458831787109375,7.494160175323486,7.64011287689209,7.473736763000488,7.604994773864746,428307406,0.006769501854304583,0.22545148535954676,3227726012.925911
2005-07-15,7.466268062591553,7.501632213592529,7.556675910949707,7.4665141105651855,7.502877235412598,338801168,0.0009964792426711,0.22499257171983722,2543812027.4155884
2005-07-18,7.425366401672363,7.460536003112793,7.51931619644165,7.415953159332275,7.4719929695129395,249242734,-0.005493253795717301,0.22616415909805185,1860663919.260259
2005-07-19,7.682182788848877,7.718568801879883,7.729776859283447,7.516825199127197,7.52429723739624,506748324,0.03400169357770677,0.2413656969725621,3879187281.2752876
2005-07-20,7.734240531921387,7.770873069763184,7.786066055297852,7.516825199127197,7.61072301864624,574561556,0.006753569210577126,0.24156926294146852,4419099310.96096
2005-07-21,7.782331466674805,7.819191932678223,7.91533088684082,7.75119686126709,7.821930885314941,794543021,0.006198674390593073,0.2416625773179215,6220138221.843657
2005-07-22,7.496262550354004,7.531768798828125,7.702380180358887,7.38058614730835,7.630648136138916,938978379,-0.037451397959872956,0.2812465229940667,7078249110.196991
2005-07-25,7.3338942527771,7.368630886077881,7.553936004638672,7.346464157104492,7.531519889831543,387800142,-0.021897918936694127,0.2792267960044582,2878644467.5158033
2005-07-26,7.339843273162842,7.374608039855957,7.42218017578125,7.27498197555542,7.3477091789245605,394147846,0.0008108391881975763,0.2664598283162015,2899846892.7551937
2005-07-27,7.3606672286987305,7.3955302238464355,7.427907943725586,7.282702922821045,7.415703773498535,289798178,0.002833094736641284,0.2660173342014795,2135439803.5356145
2005-07-28,7.275639533996582,7.310100078582764,7.407485008239746,7.304619789123535,7.407485008239746,237912424,-0.01161886705799553,0.24570060242674385,1746452047.9536476
2005-07-29,7.133349418640137,7.167136192321777,7.293662071228027,7.147957801818848,7.276226997375488,335785908,-0.019750829340267506,0.2543330587878727,2418638592.05344
2005-08-01,7.228787422180176,7.263026237487793,7.285192966461182,7.175603866577148,7.176102161407471,227344963,0.01329041902374617,0.2568597977690974,1646267250.7291026
2005-08-02,7.416690349578857,7.451818943023682,7.460038185119629,7.250822067260742,7.262776851654053,292701018,0.025661605810233468,0.2669812040738717,2162346254.0340624
2005-08-03,7.369838237762451,7.404745101928711,7.465019226074219,7.362403869628906,7.42218017578125,238113174,-0.00633715592353945,0.2627972787883481,1764590711.479992
2005-08-04,7.380497455596924,7.415454864501953,7.447085857391357,7.353686809539795,7.361158847808838,210245108,0.0014452850310016085,0.2587158291713077,1556951052.2329087
2005-08-05,7.24713134765625,7.28145694732666,7.434882164001465,7.25555419921875,7.409727096557617,238478538,-0.018235327867385687,0.2664207768025614,1746608331.263733
2005-08-08,7.219863414764404,7.254059791564941,7.363648891448975,7.235130786895752,7.312591075897217,179943955,-0.003769679277625837,0.2646383062262953,1310762120.731883
2005-08-09,7.2277960777282715,7.262030124664307,7.289677143096924,7.185815811157227,7.2717437744140625,232038489,0.0010981244076440078,0.264041624759581,1681314003.2782888
2005-08-10,7.081787586212158,7.115330219268799,7.280959129333496,7.095405101776123,7.25530481338501,276191367,-0.020407799745583377,0.257763036319045,1978606823.1321096
2005-08-11,7.041380405426025,7.074731826782227,7.1377458572387695,6.989302158355713,7.120560169219971,301722708,-0.005722128500281309,0.2558685807320118,2132352809.487238
2005-08-12,7.181935787200928,7.2159528732299805,7.227908134460449,7.014707088470459,7.057547092437744,264423423,0.01976472370270055,0.26742927583173115,1891382676.2218184
2005-08-15,7.0401411056518555,7.073486804962158,7.29191780090332,7.067758083343506,7.217945098876953,328213631,-0.019940741582074484,0.2744268429084193,2344885383.346335
2005-08-16,7.081043720245361,7.1145830154418945,7.167882919311523,7.0570478439331055,7.095405101776123,285433881,0.005793101568856596,0.24242749182797851,2030340078.8344898
2005-08-17,7.067409515380859,7.100883960723877,7.1374969482421875,7.073486804962158,7.111095905303955,155914222,-0.0019273073682062325,0.23938353071026192,1107607757.9946792
2005-08-18,6.940736293792725,6.973610877990723,6.986313819885254,6.849327087402344,6.871992111206055,476692087,-0.01808614448862622,0.2404401540106923,3306535220.810933
2005-08-19,6.940984725952148,6.973859786987305,7.009974956512451,6.964395999908447,6.998517990112305,222547046,3.5792703094505995e-05,0.21132706021990566,1553988956.957293
2005-08-22,6.792496681213379,6.824668884277344,7.010472774505615,6.808230876922607,7.004744052886963,273541472,-0.021625082078161828,0.2110353423610947,1882272836.8204246
2005-08-23,6.930572509765625,6.9633989334106445,6.9673848152160645,6.827408790588379,6.878219127655029,233740846,0.02012384930882094,0.22640984440942366,1617345828.5156744
2005-08-24,7.004693031311035,7.037869930267334,7.092166900634766,6.885441780090332,6.913337230682373,345012362,0.010637934428592732,0.23046046756279348,2416866638.046326
2005-08-25,7.00518798828125,7.038368225097656,7.073486804962158,6.973113059997559,7.03737211227417,175720183,7.065826893604132e-05,0.22815595109195336,1235018150.4446807
2005-08-26,7.029729843139648,7.063025951385498,7.0988922119140625,7.040112018585205,7.060534954071045,150775031,0.0034972602144325293,0.21923314475641253,1065578919.3122038
2005-08-29,7.150453090667725,7.18432092666626,7.2010087966918945,7.029651165008545,7.029651165008545,237005036,0.017027448079042662,0.22260017467799662,1691819438.7955537
2005-08-30,7.1212029457092285,7.154932022094727,7.210721969604492,7.1203107833862305,7.157919883728027,192398464,-0.004099059820348527,0.20124279631114145,1377955540.0948486
2005-08-31,7.089719772338867,7.123300075531006,7.1855669021606445,7.082452774047852,7.178842067718506,202114747,-0.004430848791815212,0.20083671485234544,1441167059.8729775
2005-09-01,7.095917701721191,7.1295270919799805,7.1606597900390625,7.098392963409424,7.121058940887451,110095123,0.0008738316889944642,0.20072513736160907,784926109.6259227
2005-09-02,7.150453090667725,7.18432092666626,7.222678184509277,7.134259223937988,7.136003017425537,137894934,0.007656076923169275,0.1941642409257788,990143465.4658098
2005-09-06,7.1172356605529785,7.150946140289307,7.207734107971191,7.143225193023682,7.198019981384277,169123549,-0.0046563239092878295,0.19436662919015715,1212159519.497464
2005-09-07,7.309600353240967,7.344222068786621,7.359912872314453,7.105367183685303,7.120560169219971,301104399,0.026669200914859692,0.21627350009467483,2188979009.9243417
2005-09-08,7.32249116897583,7.357173919677734,7.454060077667236,7.306612968444824,7.343225955963135,265523531,0.0017619926789520513,0.20234053693595425,1957602941.4913807
2005-09-09,7.414210796356201,7.4493279457092285,7.4495768547058105,7.3863139152526855,7.404246807098389,176278267,0.012447942820932534,0.20373586030360888,1309466578.304624
2005-09-12,7.678215980529785,7.714583873748779,7.756426811218262,7.4969000816345215,7.515580177307129,417017246,0.0349886894454734,0.22555598326178508,3192671631.4206443
2005-09-13,7.726307392120361,7.762903213500977,7.858792781829834,7.625667095184326,7.696153163909912,413540262,0.006243824189224423,0.2090934855471753,3204573541.08692
2005-09-14,7.511136531829834,7.546712875366211,7.80275297164917,7.479465007781982,7.689427852630615,452722579,-0.02824426004029057,0.2379232423594775,3445057484.1321793
2005-09-15,7.5017170906066895,7.5372490882873535,7.64011287689209,7.419938087463379,7.460038185119629,620966845,-0.0012548503696985236,0.2377609321984648,4677391373.069316
2005-09-16,7.4417266845703125,7.476974010467529,7.584073066711426,7.468754768371582,7.572117805480957,304328438,-0.008029036574726423,0.2289137518120472,2285486468.035304
2005-09-19,7.530719757080078,7.566389083862305,7.621432781219482,7.4896769523620605,7.4969000816345215,231339881,0.011887719335658353,0.23033196483601068,1748736625.9350333
2005-09-20,7.632852554321289,7.669004917144775,7.7534379959106445,7.602254867553711,7.625168800354004,375441994,0.013471013245029972,0.21228496919387707,2881479481.999756
2005-09-21,7.731760501861572,7.7683820724487305,7.814709186553955,7.620437145233154,7.681457996368408,406305245,0.012874950180531197,0.2075649146534558,3142571764.3825006
2005-09-22,7.718623161315918,7.755181789398193,7.9506988525390625,7.72529411315918,7.758419990539551,522206047,-0.0017005847878133196,0.20808300066615557,4078633715.141701
2005-09-23,7.817532062530518,7.854558944702148,7.900636196136475,7.7855682373046875,7.795780181884766,340623975,0.01273291056930459,0.2090258233002742,2672849465.4658675
2005-09-26,7.790760040283203,7.827660083770752,7.993786811828613,7.784821033477783,7.957673072814941,397259466,-0.0034304904503299483,0.21121897218976649,3125937797.2527046
2005-09-27,7.782331466674805,7.819191932678223,7.930523872375488,7.805243968963623,7.84434700012207,275954483,-0.0010824535934457202,0.20763897454907176,2166698915.50825
2005-09-28,7.585504531860352,7.621432781219482,7.848083019256592,7.6114702224731445,7.826166152954102,321095049,-0.025616840033602983,0.2305966691616669,2470396779.3357315
2005-09-29,7.675240993499756,7.711595058441162,7.738992214202881,7.6234259605407715,7.638370037078857,225393676,0.011760565141731849,0.23068684768903128,1733578887.5667236
2005-09-30,7.844799995422363,7.881956100463867,7.907858848571777,7.7780961990356445,7.826166152954102,367424053,0.02185119854648132,0.2384288404895994,2886472478.2560787
2005-10-03,7.899831771850586,7.937249183654785,7.972866058349609,7.790548801422119,7.811470985412598,367785402,0.006990573212476203,0.23834711439492023,2905586084.2928553
2005-10-04,7.709450721740723,7.745965957641602,8.002006530761719,7.739490032196045,7.968881130218506,367143003,-0.024394521822777904,0.2574249093427332,2874419174.2209334
2005-10-05,7.702261447906494,7.738742828369141,7.843101978302002,7.67124605178833,7.788057804107666,334384676,-0.0009329624478531251,0.24416519446483764,2591825750.9015107
2005-10-06,7.752832412719727,7.789553165435791,7.832641124725342,7.723300933837891,7.8241729736328125,320950509,0.006544268932254127,0.244514716061016,2497582858.333185
2005-10-07,7.758780479431152,7.795529842376709,7.8871870040893555,7.734508991241455,7.840362071990967,271827070,0.0007669179271450055,0.24206822506702902,2121811962.330777
2005-10-10,7.700774192810059,7.73724889755249,7.8411102294921875,7.699889183044434,7.803501129150391,223723439,-0.007504298806387588,0.2125469248736695,1735963255.2763581
2005-10-11,7.587984085083008,7.6239237785339355,7.787062168121338,7.593039035797119,7.736252784729004,342984790,-0.014754913635272704,0.217319849743753,2630010225.920396
2005-10-12,7.460814952850342,7.496152877807617,7.651072025299072,7.447085857391357,7.601508140563965,373643277,-0.016901303432375503,0.20236795129619498,2814070771.3696175
2005-10-13,7.373309135437012,7.40823221206665,7.521805763244629,7.23986291885376,7.521805763244629,424292413,-0.011798045090216425,0.20622187073978393,3135506915.4520473
2005-10-14,7.341082572937012,7.375853061676025,7.47772216796875,7.286190032958984,7.469501972198486,342041267,-0.004380284916426724,0.20500716851133322,2524237787.167859
2005-10-17,7.560715198516846,7.596526145935059,7.601508140563965,7.336501121520996,7.409727096557617,303802474,0.029479467443408458,0.2265040380894372,2282015869.1323605
2005-10-18,7.518077850341797,7.55368709564209,7.670249938964844,7.540236949920654,7.595530033111572,284173173,-0.005655288413799919,0.2220042593506743,2156322517.302419
2005-10-19,7.652435779571533,7.688681125640869,7.717822074890137,7.57062292098999,7.571619987487793,281479113,0.01771349943599665,0.22633682588230358,2155860359.99162
2005-10-20,7.516094207763672,7.551693916320801,7.749204158782959,7.502130031585693,7.720810890197754,558553779,-0.017977383949486114,0.2342768885962991,4245572507.2115364
2005-10-21,8.425859451293945,8.465767860412598,8.628409385681152,8.293911933898926,8.612716674804688,919128253,0.11425886729058155,0.46286566850122973,7778303351.671624
2005-10-24,8.642765045166016,8.683700561523438,8.699891090393066,8.522804260253906,8.552193641662598,378682093,0.025417076934930005,0.4679617856755564,3270096075.3691115
2005-10-25,8.599632263183594,8.640363693237305,8.652567863464355,8.539491653442383,8.612218856811523,276163262,-0.0050031177432106055,0.46881966220798116,2377988753.025964
2005-10-26,8.81108283996582,8.852816581726074,8.866765022277832,8.622430801391602,8.624672889709473,357635500,0.0242909004702323,0.4594660945335502,3140279592.536608
2005-10-27,8.752086639404297,8.793540000915527,8.893913269042969,8.759167671203613,8.881709098815918,206145800,-0.006718197706408802,0.4617435457393684,1817286610.4042053
2005-10-28,8.878759384155273,8.920812606811523,8.940239906311035,8.84235668182373,8.848583221435547,237025111,0.014369693238229342,0.4593419854635232,2109792842.836855
2005-10-31,9.225062370300293,9.268757820129395,9.333765029907227,8.954188346862793,8.972369194030762,575866428,0.03826211265955193,0.4725791860693532,5289661614.795357
2005-11-01,9.40453815460205,9.44908332824707,9.561660766601562,9.190800666809082,9.261784553527832,656696267,0.01926840426660492,0.4591056165505948,6173283056.204676
2005-11-02,9.411975860595703,9.456555366516113,9.589057922363281,9.394039154052734,9.506866455078125,424200069,0.0007905509357373219,0.4586299185738012,4021367509.542609
2005-11-03,9.567403793334961,9.61271858215332,9.628410339355469,9.498895645141602,9.524550437927246,299052737,0.01637897658302112,0.45895195567540303,2864927669.3680124
2005-11-04,9.678459167480469,9.7243013381958,9.758173942565918,9.600266456604004,9.713092803955078,354319116,0.011540829008060971,0.4575802253896708,3434857114.4132423
2005-11-07,9.792488098144531,9.838871002197266,9.899643898010254,9.76714038848877,9.840615272521973,385098052,0.01171285944658429,0.4525626603282898,3787523458.220146
2005-11-08,9.66532039642334,9.711099624633789,9.852819442749023,9.678223609924316,9.819443702697754,317084071,-0.013071308867932174,0.4513437040423337,3090739214.9611278
2005-11-09,9.398836135864258,9.443353652954102,9.671001434326172,9.415458679199219,9.63065242767334,420245300,-0.027958396007356168,0.46179559025353445,3996506715.0794344
2005-11-10,9.695067405700684,9.740987777709961,9.747215270996094,9.400514602661133,9.423678398132324,366516664,0.03103137501896347,0.45827625000285,3529398806.9390054
2005-11-11,9.677715301513672,9.723553657531738,9.885446548461914,9.684947967529297,9.841113090515137,283615089,-0.0017913904357071964,0.4570761444609418,2769401906.1316996
2005-11-14,9.840580940246582,9.887189865112305,9.91832447052002,9.751697540283203,9.766392707824707,313486637,0.016688897104521594,0.4536832671618358,3088596983.3590736
2005-11-15,9.737210273742676,9.783329963684082,9.887937545776367,9.737252235412598,9.82268238067627,346289130,-0.010560090869466077,0.45655691397311143,3394616905.67997
2005-11-16,9.869832038879395,9.916580200195312,9.934015274047852,9.815957069396973,9.868012428283691,349111670,0.013528178868217111,0.4562341612478092,3452313233.8843184
2005-11-17,10.001214981079102,10.048584938049316,10.057552337646484,9.950950622558594,10.007489204406738,369869183,0.013223747758512427,0.4423390468163697,3705730181.4288464
2005-11-18,9.9208984375,9.967887878417969,10.074736595153809,9.958922386169434,10.049581527709961,282077347,-0.008063098229566634,0.2580502718054944,2820918914.697327
2005-11-21,10.147719383239746,10.195783615112305,10.211226463317871,9.800515174865723,9.941985130310059,414953540,0.022605503442401975,0.25585613428616083,4178239846.1648436
2005-11-22,10.323970794677734,10.372870445251465,10.393792152404785,10.117826461791992,10.178099632263184,385278727,0.017219464041247967,0.2531344698885248,3966378876.289882
2005-11-23,10.482373237609863,10.532023429870605,10.578350067138672,10.355684280395508,10.387066841125488,404912042,0.015226654250730665,0.24819183264388214,4246995236.1129847
2005-11-25,10.625161170959473,10.675485610961914,10.67872428894043,10.592796325683594,10.604750633239746,194329675,0.013529776500439183,0.24217261432566975,2069417112.3470306
2005-11-28,10.4977445602417,10.547466278076172,10.740740776062012,10.521562576293945,10.705373764038086,441986487,-0.012064453423576538,0.25278225705183754,4686496110.411328
2005-11-29,10.003446578979492,10.050827026367188,10.620192527770996,10.015957832336426,10.571873664855957,863054861,-0.04823073879223028,0.2971597241524222,8828181667.597996
2005-11-30,10.037407875061035,10.084948539733887,10.173118591308594,9.852071762084961,10.06875991821289,626202395,0.0033892096435450547,0.2919460680197655,6285013696.219685
2005-12-01,10.264972686767578,10.313591957092285,10.34721565246582,10.169134140014648,10.19179916381836,391257051,0.02241848850097572,0.29914507924986483,4020810697.1465387
2005-12-02,10.354461669921875,10.403505325317383,10.449084281921387,10.30786418914795,10.384575843811035,302870996,0.00868011638730426,0.2964137832331297,3145865892.374542
2005-12-05,10.060708999633789,10.10836124420166,10.398524284362793,10.069257736206055,10.386070251464844,413118688,-0.028779866753956718,0.31561271351467984,4210525396.547343
2005-12-06,10.028236389160156,10.07573413848877,10.371376037597656,10.004999160766602,10.17934513092041,607279734,-0.003232886358900622,0.3140114372165513,6164316285.941008
2005-12-07,10.020302772521973,10.067764282226562,10.129531860351562,9.937999725341797,10.116082191467285,468385066,-0.0007914409113127796,0.30983086995364656,4704974181.341734
2005-12-08,10.179697036743164,10.227912902832031,10.227912902832031,10.028410911560059,10.0946626663208,357735875,0.015781938026493414,0.2934129936190135,3635101698.5810995
2005-12-09,10.143754005432129,10.19179916381836,10.355684280395508,10.175857543945312,10.336256980895996,306881974,-0.003537102897567479,0.27719860195849333,3142813176.7738
2005-12-12,10.228283882141113,10.276729583740234,10.341487884521484,10.210478782653809,10.327041625976562,279046027,0.008298665287272744,0.27753748694049263,2867541735.469258
2005-12-13,10.34925651550293,10.398275375366211,10.410977363586426,10.252571105957031,10.273990631103516,327775997,0.011757870445291196,0.274932883343417,3393773426.4678802
2005-12-14,10.385695457458496,10.434886932373047,10.454066276550293,10.348461151123047,10.387066841125488,266210095,0.0035147397028101324,0.2707767293467474,2771905014.780771
2005-12-15,10.474688529968262,10.524301528930664,10.538996696472168,10.373617172241211,10.438623428344727,242738446,0.008532308173824,0.2689265807460611,2543649330.219196
2005-12-16,10.663086891174316,10.713592529296875,10.772123336791992,10.52928352355957,10.593791961669922,655668429,0.01782622309471593,0.27159502983676204,6997074784.748917
2005-12-19,10.525507926940918,10.575361251831055,11.113594055175781,10.463529586791992,10.76465129852295,880760980,-0.01298631635581371,0.27468500530956474,9439551368.165817
2005-12-20,10.652923583984375,10.703380584716797,10.76465129852295,10.577103614807129,10.656557083129883,404899997,0.01203273191542964,0.267497880654018,4325025089.007924
2005-12-21,10.568392753601074,10.618449211120605,10.880716323852539,10.478473663330078,10.798274993896484,450558497,-0.007966638460776831,0.26412303459872727,4802599018.265262
2005-12-22,10.709939002990723,10.760665893554688,10.781089782714844,10.608487129211426,10.753941535949707,302995460,0.013304458160667831,0.26291502009264806,3247125869.3194647
2005-12-23,10.682421684265137,10.733019828796387,10.772123336791992,10.679471015930176,10.763405799865723,184492943,-0.002572631819804272,0.25917871637883344,1979278063.2226315
2005-12-27,10.526498794555664,10.576356887817383,10.756182670593262,10.529533386230469,10.756182670593262,269116950,-0.014703784578044221,0.2609162418589697,2858207963.846445
2005-12-28,10.577317237854004,10.627415657043457,10.654563903808594,10.492173194885254,10.56888484954834,285783185,0.004816052361844569,0.19262330650346624,3026839525.0703783
2005-12-29,10.41519546508789,10.464526176452637,10.678224563598633,10.440117835998535,10.659544944763184,278873383,-0.01544598288701593,0.20264607576441987,2935873801.549134
2005-12-30,10.28406047821045,10.332770347595215,10.416207313537598,10.304875373840332,10.392794609069824,304621533,-0.012670671995585359,0.19394204764528233,3153224105.690074
2006-01-03,10.789017677307129,10.840119361877441,10.85107707977295,10.416457176208496,10.523554801940918,526815259,0.047933564831854625,0.25407019550716836,5638267285.524873
2006-01-04,11.03715705871582,11.089433670043945,11.182086944580078,10.952696800231934,11.056058883666992,613747887,0.02273875986499929,0.2372538161014472,6797097745.198815
2006-01-05,11.185893058776855,11.238874435424805,11.24659538269043,10.996282577514648,11.108363151550293,433952486,0.013385941190503736,0.2372799074337487,4843163229.240014
2006-01-06,11.543354034423828,11.598028182983398,11.718576431274414,11.288686752319336,11.379097938537598,712938289,0.03145642700207629,0.2523241333783987,8223812405.744661
2006-01-09,11.574091911315918,11.628911972045898,11.790804862976074,11.480467796325684,11.616707801818848,513593887,0.0026592812266992283,0.2506978040856343,5974840493.943834
2006-01-10,11.644989013671875,11.70014476776123,11.712348937988281,11.507865905761719,11.567144393920898,365247927,0.006106815589858705,0.248078890048997,4251529652.7330008
2006-01-11,11.69134521484375,11.746720314025879,11.833395957946777,11.685699462890625,11.737753868103027,361646478,0.003972882946482237,0.24822318992046374,4251252684.770096
2006-01-12,11.49303150177002,11.547467231750488,11.83040714263916,11.494416236877441,11.798774719238281,406530084,-0.01710794750935518,0.2605728114429855,4725545077.15694
2006-01-13,11.557979583740234,11.612723350524902,11.628663063049316,11.497156143188477,11.564403533935547,307411953,0.005635176140360354,0.2604990419751364,3559681070.582678
2006-01-17,11.57929801940918,11.63414192199707,11.703632354736328,11.52007007598877,11.533269882202148,332051965,0.0018427787458334954,0.26049663165575176,3858205237.6618495
2006-01-18,11.028977394104004,11.081214904785156,11.391303062438965,11.039870262145996,11.140742301940918,822499417,-0.04869273257766338,0.3151892259832506,9187973260.311527
2006-01-19,10.819260597229004,10.870505332946777,11.294914245605469,10.784577369689941,11.237130165100098,583671575,-0.019198183231019517,0.31953571099218325,6410658871.675237
2006-01-20,9.90230655670166,9.94920825958252,10.959670066833496,9.831648826599121,10.926545143127441,1650832619,-0.0885602188840795,0.4429598179478125,16915821649.817532
2006-01-23,10.597395896911621,10.647589683532715,10.669756889343262,10.10537338256836,10.146469116210938,913065614,0.06784058530444925,0.5067168154190026,9563668363.22261
2006-01-24,10.98237133026123,11.034390449523926,11.082210540771484,10.821438789367676,10.8600435256958,620902605,0.03568308007777299,0.5197905314767803,6817104900.928812
2006-01-25,10.733736991882324,10.784577369689941,11.313344955444336,10.6904296875,11.239372253417969,752401655,-0.02289960979683503,0.5263926201101794,8223336773.009537
2006-01-26,10.765219688415527,10.816207885742188,10.958674430847168,10.549457550048828,10.947465896606445,518982008,0.002928767149531719,0.5236132094164504,5591916937.087445
2006-01-27,10.74588394165039,10.796780586242676,10.914588928222656,10.684452056884766,10.834389686584473,339355237,-0.001797746159866609,0.5235251498511725,3664563902.385075
2006-01-30,10.58053970336914,10.630654335021973,10.791550636291504,10.58532428741455,10.690678596496582,344843732,-0.015506355314402143,0.5235487829927103,3679198613.892989
2006-01-31,10.72530746459961,10.776107788085938,10.94896125793457,10.559670448303223,10.724054336547852,885948351,0.013589695641393895,0.522926195820999,9534203905.820229
2006-02-01,9.959816932678223,10.006991386413574,10.012471199035645,9.651823043823242,9.689432144165039,1088966472,-0.07404744125669849,0.5573784411594838,10770345077.13771
2006-02-02,9.817526817321777,9.86402702331543,10.124550819396973,9.862532615661621,10.057801246643066,474078326,-0.014389452124522695,0.5496864664179796,4717254825.115684
2006-02-03,9.458331108093262,9.503129959106445,9.8107271194458,9.279467582702637,9.803752899169922,734012987,-0.03727328718411815,0.555257952586825,6995957214.289487
2006-02-06,9.546333312988281,9.591548919677734,9.711099624633789,9.45356559753418,9.596778869628906,358956433,0.009261182616686181,0.5402984736740547,3440742684.9803634
2006-02-07,9.120452880859375,9.163652420043945,9.556678771972656,9.04982852935791,9.538995742797852,667701363,-0.045637673640153587,0.5523111731322057,6180724498.896487
2006-02-08,9.149209022521973,9.192543983459473,9.232644081115723,8.833639144897461,9.177599906921387,835283155,0.0031479690824882667,0.55118858367411,7589613064.376055
2006-02-09,8.893631935119629,8.93575668334961,9.32504653930664,8.869504928588867,9.245346069335938,478282024,-0.028331922196120907,0.5506798870126977,4325312898.107071
2006-02-10,8.988821983337402,9.031397819519043,9.078472137451172,8.7955322265625,9.014960289001465,611222457,0.010646295832643649,0.5568377181451616,5481728676.397344
2006-02-13,8.569636344909668,8.61022663116455,8.732269287109375,8.515332221984863,8.633639335632324,791668286,-0.04775650535139375,0.5657523686488158,6823607494.493748
2006-02-14,8.510639190673828,8.550949096679688,8.759417533874512,8.528035163879395,8.601011276245117,588357072,-0.006908247907813969,0.5632827941510553,5067402141.644165
2006-02-15,8.487337112426758,8.52753734588623,8.617698669433594,8.41421127319336,8.499890327453613,519821141,-0.002741749068092769,0.5513661020696918,4428780350.948093
2006-02-16,9.084260940551758,9.127288818359375,9.140737533569336,8.580089569091797,8.609479904174805,855815829,0.06796804788866417,0.6176985170516612,7659014194.678754
2006-02-17,9.141030311584473,9.184325218200684,9.268757820129395,9.056553840637207,9.211971282958984,574955025,0.006229755546634408,0.5462916709792806,5272267986.495852
2006-02-21,9.087485313415527,9.130526542663574,9.303627967834473,9.09366512298584,9.126791000366211,348742290,-0.005874877941307588,0.4796107822612636,3200038285.896044
2006-02-22,9.060215950012207,9.103129386901855,9.189306259155273,9.062531471252441,9.144474029541016,260018976,-0.0030052714149788606,0.4534986374495305,2370936846.1188354
2006-02-23,9.372064590454102,9.416455268859863,9.49540901184082,9.100639343261719,9.106118202209473,503945859,0.03384045716261941,0.47456263550872074,4705595067.172782
2006-02-24,9.35545539855957,9.39976692199707,9.466267585754395,9.302382469177246,9.397276878356934,260344190,-0.0017737742380234955,0.47362804435967165,2444494567.1469183
2006-02-27,9.677220344543457,9.723055839538574,9.755931854248047,9.471497535705566,9.496155738830566,410019113,0.033815067324820536,0.49415550808540837,3956750758.2386627
2006-02-28,8.989069938659668,9.031646728515625,9.901387214660645,8.431147575378418,9.793292045593262,1583416872,-0.07376531752978321,0.547625086611553,14442968901.650024
2006-03-01,9.043111801147461,9.085944175720215,9.201760292053223,8.998769760131836,9.179593086242676,484256334,0.00599395292998306,0.5444469915971674,4404549325.796963
2006-03-02,9.33190631866455,9.376106262207031,9.491922378540039,9.021185874938965,9.072992324829102,735960259,0.031435974426123,0.5054234056596939,6841784512.756951
2006-03-03,9.374792098999023,9.419195175170898,9.644848823547363,9.358920097351074,9.571622848510742,480273461,0.0045850801150590925,0.5044193156464001,4550265112.7659855
2006-03-06,9.124916076660156,9.168135643005371,9.549206733703613,9.144225120544434,9.487190246582031,358928328,-0.02701569315588781,0.4966486559056532,3333435279.0827713
2006-03-07,9.03443431854248,9.077225685119629,9.17685317993164,8.920313835144043,9.091423034667969,416708092,-0.009965390275719521,0.49570980694713873,3774596444.452372
2006-03-08,8.772412300109863,8.813962936401367,8.96713924407959,8.730774879455566,8.815208435058594,471585016,-0.029431480784603448,0.4809981174818977,4167534655.8333993
2006-03-09,8.502706527709961,8.54297924041748,8.929779052734375,8.505619049072266,8.851572036743164,558501584,-0.031227303449933075,0.49101069405607184,4836321631.793961
2006-03-10,8.366364479064941,8.405991554260254,8.580339431762695,8.257798194885254,8.555432319641113,775921484,-0.016165089060356852,0.4850775182659227,6529154058.779332
2006-03-13,8.35545825958252,8.39503288269043,8.62018871307373,8.354933738708496,8.491421699523926,547741403,-0.0013044296903901298,0.4825797877273115,4632094825.743996
2006-03-14,8.704985618591309,8.746216773986816,8.77635383605957,8.28444766998291,8.397026062011719,740794310,0.04098091204586085,0.47803370903850784,6372564099.970563
2006-03-15,8.53989028930664,8.580339431762695,8.774611473083496,8.48145866394043,8.736502647399902,512666424,-0.019147760100226563,0.4823710397861371,4415153234.20974
2006-03-16,8.397847175598145,8.437623977661133,8.68619155883789,8.41595458984375,8.68270492553711,402169802,-0.01677277665009491,0.4858687502972357,3423774764.9455957
2006-03-17,8.423131942749023,8.463027954101562,8.512593269348145,8.341981887817383,8.438370704650879,343350155,0.0030063394070922733,0.41767023587288604,2897600984.160679
2006-03-20,8.631361961364746,8.67224407196045,8.71956729888916,8.506614685058594,8.52653980255127,417864410,0.024420585929849192,0.4277815519478522,3607343507.926903
2006-03-21,8.426353454589844,8.466265678405762,8.75866985321045,8.445344924926758,8.717574119567871,394717975,-0.024038198954329904,0.4339609221139702,3377507039.829572
2006-03-22,8.433791160583496,8.473737716674805,8.5703763961792,8.405991554260254,8.462032318115234,304978867,0.0008822826429888408,0.43425632991194957,2587248130.4622617
2006-03-23,8.475190162658691,8.515332221984863,8.611472129821777,8.47323989868164,8.526788711547852,298502683,0.004896697678546946,0.4138970751004715,2547227297.896492
2006-03-24,9.067900657653809,9.11085033416748,9.217700004577637,9.02890682220459,9.181086540222168,609500025,0.06759768623331741,0.4843622315821669,5558123607.845092
2006-03-27,9.164331436157227,9.20773696899414,9.258049011230469,9.090925216674805,9.142979621887207,282001062,0.01057815381037086,0.46941973154038796,2590340607.5843086
2006-03-28,9.35049819946289,9.39478588104248,9.411224365234375,9.244599342346191,9.258049011230469,359173242,0.020110694115808236,0.3972145522847975,3358342795.3406754
2006-03-29,9.791250228881836,9.837626457214355,9.937750816345215,9.452320098876953,9.463029861450195,763952790,0.04605952782936917,0.4255067790292226,7442860317.649517
2006-03-30,9.629128456115723,9.674736976623535,9.800764083862305,9.554437637329102,9.693416595458984,590673723,-0.016696434360487178,0.4189009169899824,5715740656.366708
2006-03-31,9.667799949645996,9.713590621948242,9.76016616821289,9.564897537231445,9.682209014892578,1466331647,0.004008051902032239,0.41885330046688585,14193432608.849747
2006-04-03,9.66036319732666,9.7061185836792,9.775110244750977,9.662034034729004,9.701885223388672,326125835,-0.0007695250324379899,0.405952836243128,3168123645.290759
2006-04-04,10.023276329040527,10.070752143859863,10.084699630737305,9.667264938354492,9.711099624633789,630984252,0.03687877557233454,0.4194458629441378,6272554865.909901
2006-04-05,10.113758087158203,10.161662101745605,10.325547218322754,10.032894134521484,10.166892051696777,538430634,0.008986662602820328,0.40010051876756414,5477652884.2668
2006-04-06,10.19283676147461,10.241113662719727,10.308610916137695,10.097901344299316,10.12430191040039,345229172,0.007788511530778308,0.37497228151064416,3526818173.739045
2006-04-07,10.068394660949707,10.116082191467285,10.282708168029785,10.062782287597656,10.271748542785645,282089392,-0.012283919247613184,0.3719097706829268,2864295502.4609275
2006-04-10,10.32174015045166,10.370628356933594,10.390304565429688,10.093417167663574,10.138997077941895,374201361,0.02485108902570543,0.3735546406974235,3848579932.1528406
2006-04-11,10.155157089233398,10.203255653381348,10.438373565673828,10.117576599121094,10.371624946594238,445953300,-0.01627070100441097,0.367284801757046,4572389779.998302
2006-04-12,10.137556076049805,10.185571670532227,10.244850158691406,10.091922760009766,10.186817169189453,241582128,-0.0017347130917411135,0.35601219843174664,2457884319.1387634
2006-04-13,9.969236373901367,10.01645565032959,10.205745697021484,9.97511100769043,10.17760181427002,263098475,-0.016742962319076238,0.35598546571066086,2648288943.2366924
2006-04-17,10.084754943847656,10.13252067565918,10.273990631103516,9.9835786819458,10.048584938049316,331618345,0.011520883384458891,0.3555253738459594,3359303782.1521935
2006-04-18,10.020798683166504,10.068262100219727,10.207489967346191,10.000017166137695,10.16016674041748,326724069,-0.006362070658849195,0.3546551830398429,3297274172.0468855
2006-04-19,10.175979614257812,10.224177360534668,10.302384376525879,10.130278587341309,10.275733947753906,272284779,0.015367201900914118,0.3362825010257531,2782463664.189349
2006-04-20,10.287530899047852,10.336256980895996,10.361164093017578,10.166892051696777,10.2368803024292,492699864,0.010902566271424163,0.3348560220065312,5068947626.480545
2006-04-21,10.835372924804688,10.886693954467773,11.225921630859375,10.863531112670898,11.180591583251953,905433112,0.051883483377660244,0.36412985321563524,9952565042.178965
2006-04-24,10.919655799865723,10.9713773727417,11.075984001159668,10.872247695922852,10.943979263305664,354780840,0.0077483967321874125,0.30338357419863876,3893082186.0879517
2006-04-25,10.588968276977539,10.639122009277344,10.98482608795166,10.610230445861816,10.949707984924316,384194678,-0.030751719064207705,0.3333884417894015,4128066615.3190956
2006-04-26,10.559467315673828,10.609482765197754,10.71085262298584,10.548710823059082,10.653568267822266,292203159,-0.0027898971826627594,0.331645771429168,3104078659.080697
2006-04-27,10.41222095489502,10.461538314819336,10.632895469665527,10.445596694946289,10.533268928527832,334766100,-0.014042625330139114,0.30442617712104536,3519510999.160099
2006-04-28,10.360411643981934,10.409482955932617,10.60350513458252,10.368636131286621,10.426668167114258,297964674,-0.004988238067108686,0.29746059523277574,3116871810.279888
2006-05-01,9.888423919677734,9.935259819030762,10.446843147277832,9.926543235778809,10.422682762145996,416001453,-0.04662719808500926,0.34457055224155914,4202813619.51043
2006-05-02,9.786787986755371,9.83314323425293,10.024675369262695,9.67374038696289,9.989557266235352,526136725,-0.010331460463845143,0.34681488891117007,5179212577.131557
2006-05-03,9.771171569824219,9.817452430725098,10.000017166137695,9.735508918762207,9.871747970581055,324098263,-0.0015969375746727188,0.32073951568869413,3192689667.7967935
2006-05-04,9.78554916381836,9.831897735595703,9.934513092041016,9.768634796142578,9.838871002197266,186777474,0.001470348406589661,0.3187579934927831,1838827072.0280838
2006-05-05,9.774394989013672,9.820690155029297,9.979594230651855,9.757925033569336,9.902881622314453,243509324,-0.001140512051222231,0.31691850125414694,2399233198.1107063
2006-05-08,9.786293029785156,9.832645416259766,9.890926361083984,9.714836120605469,9.840864181518555,205511431,0.001216525945039404,0.3148856159489091,2016643111.1564155
2006-05-09,10.13383674621582,10.181836128234863,10.186817169189453,9.806990623474121,9.855559349060059,366994449,0.03489726121905434,0.3271271111236265,3691431271.3234406
2006-05-10,9.989563941955566,10.03687858581543,10.254314422607422,10.008983612060547,10.169631958007812,248415646,-0.014339055159087621,0.3260513906423794,2509012649.6971602
2006-05-11,9.593433380126953,9.638871192932129,10.079968452453613,9.588560104370117,10.04783821105957,357045296,-0.04046210073395473,0.3537696294002279,3488023072.8806353
2006-05-12,9.274395942687988,9.318323135375977,9.585820198059082,9.303876876831055,9.552694320678711,405016432,-0.033821362620325424,0.36696440547268205,3808237233.11529
2006-05-15,9.32570743560791,9.369878768920898,9.468260765075684,9.17187213897705,9.363155364990234,344891912,0.005517348161055757,0.36442394744285084,3220142160.3447313
2006-05-16,9.204240798950195,9.24783706665039,9.38631820678711,9.21271800994873,9.364648818969727,260617209,-0.013110492805818996,0.36574105025075365,2419124798.164262
2006-05-17,9.283567428588867,9.327537536621094,9.460539817810059,9.220937728881836,9.230650901794434,427347823,0.00858155985650555,0.3618883543849928,3989863873.409323
2006-05-18,9.196556091308594,9.240116119384766,9.50960636138916,9.233141899108887,9.434139251708984,234274840,-0.009416818039529318,0.35773284029402724,2185227025.112915
2006-05-19,9.172510147094727,9.21595573425293,9.327537536621094,8.980588912963867,9.297151565551758,457636930,-0.002618092573334785,0.2908118423902806,4198678823.8930893
2006-05-22,9.195565223693848,9.239119529724121,9.290925025939941,9.097151756286621,9.161909103393555,345466056,0.0025103434345883358,0.2877109420115689,3181419516.075783
2006-05-23,9.31033992767334,9.354436874389648,9.561161994934082,9.304125785827637,9.32031536102295,360666820,0.012404275791738417,0.284555404922661,3392639450.8830132
2006-05-24,9.450894355773926,9.495657920837402,9.550203323364258,9.255558013916016,9.39852237701416,383584400,0.014983775125304355,0.29391407447456497,3618660975.0911713
2006-05-25,9.494026184082031,9.538995742797852,9.539244651794434,9.272993087768555,9.441611289978027,329012615,0.004553400236225524,0.29418194069306375,3109304488.835699
2006-05-26,9.453373908996582,9.498148918151855,9.610976219177246,9.465271949768066,9.577850341796875,147229793,-0.004291072892776526,0.2941807100658593,1402334189.4110396
2006-05-30,9.220105171203613,9.263776779174805,9.489431381225586,9.251572608947754,9.421685218811035,173287097,-0.024985260835077572,0.2630925803173557,1617622387.2139223
2006-05-31,9.217131614685059,9.260787963867188,9.420937538146973,9.135258674621582,9.310103416442871,320448635,-0.00032255989103679994,0.26209445616488036,2971304869.7398405
2006-06-01,9.484854698181152,9.529780387878418,9.538995742797852,9.255309104919434,9.303627967834473,252061259,0.028632399685796894,0.28407657939151854,2379801528.1691885
2006-06-02,9.406024932861328,9.450576782226562,9.640864372253418,9.401013374328613,9.634885787963867,256413512,-0.008345849893823143,0.284818100129719,2435283443.7440386
2006-06-05,9.282079696655273,9.326044082641602,9.500638961791992,9.31882095336914,9.369380950927734,223173385,-0.013264807326132111,0.28744582058677787,2093775799.9068894
2006-06-06,9.667551040649414,9.71334171295166,9.713590621948242,9.372369766235352,9.37934398651123,411930250,0.04068939716411446,0.3241236208902689,3954434571.4487233
2006-06-07,9.58128547668457,9.626667022705078,9.834636688232422,9.626418113708496,9.794288635253906,357788070,-0.008963257746436692,0.2980558312892252,3469079950.77899
2006-06-08,9.749604225158691,9.795783042907715,9.819942474365234,9.42940616607666,9.657550811767578,415933198,0.01741492554346724,0.30278042697638663,4026944835.7955756
2006-06-09,9.582773208618164,9.628161430358887,9.848834037780762,9.59777545928955,9.768136978149414,247223193,-0.017259662823704947,0.27417631980948465,2395985901.474206
2006-06-12,9.45808219909668,9.502881050109863,9.725794792175293,9.489431381225586,9.672245979309082,201516513,-0.013097393927144818,0.2503589267305925,1929057609.2139988
2006-06-13,9.581533432006836,9.62691593170166,9.638871192932129,9.417699813842773,9.48694133758545,307512327,0.01296801000146397,0.2533690558527735,2940175271.641678
2006-06-14,9.528732299804688,9.573864936828613,9.740987777709961,9.42766284942627,9.709357261657715,312045255,-0.0055259583833433545,0.24923887433238837,2989655199.499626
2006-06-15,9.692588806152344,9.738497734069824,9.769631385803223,9.539244651794434,9.629406929016113,272445379,0.017049866116986667,0.25385042503599226,2637940918.7255354
2006-06-16,9.685152053833008,9.731025695800781,9.736754417419434,9.663778305053711,9.69117546081543,212979318,-0.0007675562118598656,0.2506254784987167,2068139814.733713
2006-06-19,9.621692657470703,9.667264938354492,9.83314323425293,9.638373374938965,9.734762191772461,306468429,-0.006573795546925165,0.2520305918940712,2976705534.61691
2006-06-20,9.597646713256836,9.643104553222656,9.76016616821289,9.626667022705078,9.664525032043457,162201701,-0.0025022667321374925,0.25259659002704776,1569568427.3412373
2006-06-21,9.968493461608887,10.015708923339844,10.062284469604492,9.707364082336426,9.739992141723633,351087046,0.037911531007531085,0.27962612325125086,3485751056.683447
2006-06-22,9.914453506469727,9.96141242980957,10.112096786499023,9.663778305053711,10.002010345458984,237362370,-0.0054358227973949624,0.2779008632197475,2352837681.1473274
2006-06-23,10.036168098449707,10.083703994750977,10.205496788024902,9.981087684631348,10.031399726867676,213388847,0.012201735312585171,0.27990222703526896,2153113984.805808
2006-06-26,10.020302772521973,10.067764282226562,10.16938304901123,10.043603897094727,10.130777359008789,142580431,-0.0015820658917466979,0.27919636541106374,1439147520.3798099
2006-06-27,9.9732027053833,10.020441055297852,10.161911010742188,9.987812995910645,10.104873657226562,164899777,-0.0047115453886314995,0.26195014170499814,1658351163.5896196
2006-06-28,10.067153930664062,10.114836692810059,10.124053001403809,9.990801811218262,10.062533378601074,148976315,0.009376271619514487,0.26211739163719755,1501169348.022027
2006-06-29,10.35718822479248,10.406245231628418,10.415958404541016,10.107613563537598,10.161662101745605,267326263,0.028402754870870517,0.26185107624542675,2756117482.4236016
2006-06-30,10.394868850708008,10.444103240966797,10.444103240966797,10.269756317138672,10.351201057434082,251258261,0.0036315115353668936,0.25775245650972173,2609565183.0658636
2006-07-03,10.490801811218262,10.540492057800293,10.554688453674316,10.447092056274414,10.461787223815918,86591354,0.00918655060039919,0.24927352472553252,910429363.292815
2006-07-05,10.447669982910156,10.497154235839844,10.530529022216797,10.35219669342041,10.498647689819336,200171490,-0.00411986984912005,0.2171098943780344,2093785775.302763
2006-07-06,10.490555763244629,10.540243148803711,10.59478759765625,10.510106086730957,10.544975280761719,148036806,0.004096415887881566,0.21201750090626062,1561548327.4061794
2006-07-07,10.422632217407227,10.47199821472168,10.657303810119629,10.358175277709961,10.611475944519043,242581861,-0.006495784835625518,0.20984051187064345,2546096947.416049
2006-07-10,10.366856575012207,10.415958404541016,10.591052055358887,10.370628356933594,10.546468734741211,178121149,-0.005365766977119879,0.1988789101840142,1863007026.3204608
2006-07-11,10.524516105651855,10.57436466217041,10.586568832397461,10.287191390991211,10.42367935180664,239747276,0.015093553319196484,0.19226962123634436,2513200758.873534
2006-07-12,10.343305587768555,10.39229679107666,10.529034614562988,10.379345893859863,10.512845039367676,197003661,-0.017367895471639194,0.2053126968587806,2055449339.926999
2006-07-13,10.134580612182617,10.18258285522461,10.419445037841797,10.132769584655762,10.31135082244873,278018189,-0.020386108431788674,0.21976876437772147,2848277578.0126953
2006-07-14,10.00245475769043,10.04983139038086,10.248834609985352,9.9280366897583,10.219943046569824,303216285,-0.013122860259222602,0.22039800205082122,3055076165.83302
2006-07-17,10.111278533935547,10.159171104431152,10.236631393432617,10.055310249328613,10.077975273132324,233347377,0.010820948706019795,0.22248399327802937,2368562428.762869
2006-07-18,9.991299629211426,10.038622856140137,10.225920677185059,9.906368255615234,10.205496788024902,342751921,-0.011936810131604858,0.22588226853200266,3447045991.3269596
2006-07-19,9.890902519226074,9.937750816345215,9.991050720214844,9.829655647277832,9.838373184204102,342017177,-0.010099280006487188,0.2292455220189982,3392634505.963868
2006-07-20,9.596406936645508,9.641860008239746,10.073243141174316,9.605496406555176,10.069257736206055,503427925,-0.03022664622501825,0.21357607561142528,4920269531.405839
2006-07-21,9.670526504516602,9.716330528259277,9.75717830657959,9.406990051269531,9.617450714111328,471946365,0.007694004210832439,0.21565956195453234,4543348822.895136
2006-07-24,9.690109252929688,9.736006736755371,9.810478210449219,9.494662284851074,9.783827781677246,324656348,0.0020229454586764284,0.2104754862862956,3142797600.6965
2006-07-25,9.651935577392578,9.697650909423828,9.74621868133545,9.55916976928711,9.589555740356445,231307761,-0.003947227445293855,0.2106100992585163,2236209365.522401
2006-07-26,9.55624771118164,9.601511001586914,9.761162757873535,9.539244651794434,9.6687593460083,222105397,-0.009963322020856147,0.21227920567285669,2139757354.2644582
2006-07-27,9.479402542114258,9.524300575256348,9.65107536315918,9.413466453552246,9.648086547851562,226489769,-0.008073859887939516,0.20891448211857924,2158360103.111396
2006-07-28,9.621195793151855,9.666767120361328,9.702631950378418,9.507613182067871,9.514337539672852,163956253,0.014847268477927056,0.18738985907017555,1578188908.935142
2006-07-31,9.583516120910645,9.628908157348633,9.69291877746582,9.546965599060059,9.663778305053711,184500973,-0.003924007895416359,0.1854861277720531,1775440103.9449944
2006-08-01,9.30860424041748,9.352693557739258,9.608236312866211,9.352693557739258,9.591797828674316,219347097,-0.029105392300635025,0.19791606797988592,2070170368.1862009
2006-08-02,9.103350639343262,9.146467208862305,9.394039154052734,9.095906257629395,9.354934692382812,284976172,-0.022296611700376445,0.20560755991851756,2625239692.138414
2006-08-03,9.305628776550293,9.34970474243164,9.412469863891602,9.050078392028809,9.09042739868164,254028606,0.021976913984137703,0.22594323418968862,2355035952.963564
2006-08-04,9.267454147338867,9.311348915100098,9.481460571289062,9.259044647216797,9.45356559753418,204571922,-0.004110753516260779,0.22602699826350772,1912873905.2584717
2006-08-07,9.36909008026123,9.413466453552246,9.457799911499023,9.244100570678711,9.25281810760498,158467758,0.0109072732908988,0.23338001575483552,1485126387.8841534
2006-08-08,9.444696426391602,9.489431381225586,9.576604843139648,9.44186019897461,9.534761428833008,230589077,0.008037377602198692,0.2268889941568523,2191203174.4898453
2006-08-09,9.3440523147583,9.388310432434082,9.581088066101074,9.37386417388916,9.534262657165527,173086347,-0.010713334415346942,0.22361542872241902,1635277266.0104609
2006-08-10,9.276129722595215,9.320066452026367,9.406492233276367,9.276728630065918,9.312095642089844,171114986,-0.007295620772953093,0.21680834286047457,1597260705.641095
2006-08-11,9.134830474853516,9.17809772491455,9.346964836120605,9.165644645690918,9.32504653930664,151224711,-0.015349772154543917,0.21806719433636296,1395839731.574256
2006-08-14,9.15788459777832,9.201260566711426,9.343229293823242,9.182332038879395,9.25281810760498,199476896,0.0025205810115265237,0.21252204488378101,1843620122.8133137
2006-08-15,9.443952560424805,9.488683700561523,9.506118774414062,9.2802152633667,9.317825317382812,268932260,0.030759383052090694,0.24386685734035968,2534688140.637493
2006-08-16,9.61128044128418,9.656804084777832,9.674985885620117,9.517327308654785,9.551199913024902,235005569,0.017562858654295077,0.2520992729790424,2259901073.770507
2006-08-17,9.563684463500977,9.608983039855957,9.713590621948242,9.562158584594727,9.623678207397461,203969673,-0.004964397668596909,0.2299203316420368,1963869796.9968479
2006-08-18,9.503198623657227,9.548211097717285,9.64111328125,9.48320484161377,9.621685981750488,198830482,-0.0063446177823354155,0.2289980113014927,1900324268.3624053
2006-08-21,9.352977752685547,9.397276878356934,9.439618110656738,9.345471382141113,9.41720199584961,161535213,-0.015933670342918926,0.23449816719374506,1517481518.2028418
2006-08-22,9.377517700195312,9.421934127807617,9.446093559265137,9.336006164550781,9.407986640930176,167188323,0.002620321668758141,0.2348306694206881,1571795040.4960566
2006-08-23,9.257041931152344,9.300888061523438,9.421436309814453,9.281709671020508,9.405744552612305,146238089,-0.01293053874511152,0.23640641102899668,1365085474.2151458
2006-08-24,9.26447868347168,9.30836009979248,9.374860763549805,9.271746635437012,9.326044082641602,139822131,0.0008030391104183465,0.23533149434697295,1302907709.2383537
2006-08-25,9.252827644348145,9.296653747558594,9.347962379455566,9.277725219726562,9.292170524597168,99037832,-0.001258394763771875,0.2280230026800262,921789383.7817204
2006-08-28,9.44345760345459,9.48818588256836,9.48818588256836,9.339990615844727,9.355183601379395,167184308,0.020392988557597302,0.2405495856919428,1578017149.9138718
2006-08-29,9.393878936767578,9.438372611999512,9.522308349609375,9.39478588104248,9.483951568603516,179068687,-0.0052638844202008706,0.21822839107141404,1692525405.5952053
2006-08-30,9.43850040435791,9.48320484161377,9.580341339111328,9.427413940429688,9.44484806060791,162382376,0.004738811839431367,0.2021670457401927,1542143266.331454
2006-08-31,9.383466720581055,9.427911758422852,9.518074035644531,9.419692993164062,9.501635551452637,118839777,-0.005847830914194496,0.18972765565373995,1123656980.5094051
2006-09-01,9.385202407836914,9.429655075073242,9.496404647827148,9.394536972045898,9.489182472229004,107316747,0.00018495581641220227,0.18901688931387214,1013091436.8001957
2006-09-05,9.527989387512207,9.573118209838867,9.599020957946777,9.400764465332031,9.461286544799805,163582859,0.01509948126104188,0.19241451665932274,1558012422.0789587
2006-09-06,9.423378944396973,9.468011856079102,9.543976783752441,9.456055641174316,9.516828536987305,149522354,-0.011039994979499035,0.194730763238647,1418869664.8907444
2006-09-07,9.382476806640625,9.426916122436523,9.508111000061035,9.39976692199707,9.449332237243652,154256030,-0.0043499432085081224,0.191585288415168,1456937613.3904617
2006-09-08,9.366610527038574,9.410975456237793,9.484201431274414,9.382830619812012,9.382830619812012,123798294,-0.0016924859442064566,0.1897936133689061,1166923029.041977
2006-09-11,9.521296501159668,9.56639289855957,9.581336975097656,9.40898323059082,9.421187400817871,181847062,0.016379732528228885,0.18817824570335592,1730984792.7948022
2006-09-12,9.714900016784668,9.760913848876953,9.781585693359375,9.586069107055664,9.589057922363281,218503948,0.020129764516111148,0.19829747410146153,2121569083.153109
2006-09-13,10.078557014465332,10.126294136047363,10.131026268005371,9.840615272521973,9.841859817504883,392192544,0.03674930792558673,0.20963953913945804,3934728654.048065
2006-09-14,10.01435375213623,10.061785697937012,10.119071006774902,10.010726928710938,10.069755554199219,215448538,-0.006390660027579376,0.20537330794412467,2168244184.5752273
2006-09-15,10.160609245300293,10.208735466003418,10.212968826293945,10.130528450012207,10.148959159851074,314703180,0.01449896639973769,0.20801512376122852,3204961600.034981
2006-09-18,10.27984619140625,10.328536033630371,10.428162574768066,10.198522567749023,10.211724281311035,285333506,0.011666892548513275,0.20712249464731608,2944187262.398533
2006-09-19,10.010139465332031,10.057552337646484,10.348461151123047,9.781834602355957,10.3477144241333,573858932,-0.026586772158952332,0.222688507778891,5774522088.31717
2006-09-20,9.841324806213379,9.887937545776367,10.14671802520752,9.828660011291504,10.139494895935059,367283528,-0.017008189051177958,0.2336348282330477,3656101301.611827
2006-09-21,10.085498809814453,10.133268356323242,10.173118591308594,9.959171295166016,9.97012996673584,429287065,0.0245082939701744,0.23850883581524127,4330870889.54575
2006-09-22,10.009394645690918,10.056804656982422,10.148212432861328,9.996530532836914,10.086692810058594,186681114,-0.007574514207177696,0.2417887519234042,1879352851.5753593
2006-09-25,10.01435375213623,10.061785697937012,10.19802474975586,10.024924278259277,10.10163688659668,230352192,0.0004953224988826221,0.24139617277081346,2325385009.420532
2006-09-26,10.085993766784668,10.133766174316406,10.15394115447998,10.006741523742676,10.09964370727539,212369039,0.007128266606291067,0.23427198293530438,2144534329.949458
2006-09-27,9.988077163696289,10.035385131835938,10.242110252380371,10.021685600280762,10.119568824768066,235949093,-0.00975560761958505,0.2368401031291494,2383021423.9783106
2006-09-28,10.004436492919922,10.051822662353516,10.136506080627441,9.976106643676758,10.064276695251465,205061752,0.0016365458747067407,0.23680733250740826,2061857322.8262763
2006-09-29,9.96279239654541,10.009980201721191,10.102633476257324,9.99777603149414,10.090429306030273,132932403,-0.004171250501173507,0.23609590427965893,1334215486.4488907
2006-10-02,9.951388359069824,9.998522758483887,10.112096786499023,9.982583045959473,10.009980201721191,146623529,-0.0011453183901606323,0.23634016361572566,1470790520.9319718
2006-10-03,10.015839576721191,10.06328010559082,10.123554229736328,9.91757583618164,9.994787216186523,219407321,0.0064557225168608845,0.23259401411301603,2201709328.6719646
2006-10-04,10.30488395690918,10.353692054748535,10.355435371398926,10.038622856140137,10.086443901062012,267470802,0.028450155897639995,0.24350725879796026,2741375142.5663967
2006-10-05,10.208453178405762,10.256805419921875,10.41695499420166,10.23314380645752,10.328784942626953,232460064,-0.009401833372623791,0.24642296745633357,2394873644.3860474
2006-10-06,10.423871040344238,10.473243713378906,10.50836181640625,10.205496788024902,10.217203140258789,294559960,0.020882348275210738,0.25191610749735505,3062157203.750013
2006-10-09,10.634578704833984,10.68494987487793,10.758424758911133,10.545970916748047,10.580342292785645,304468963,0.020012365513048636,0.254223545415194,3246587622.273566
2006-10-10,10.576325416564941,10.626420021057129,10.905373573303223,10.520317077636719,10.748710632324219,393011603,-0.005492781863253082,0.25111859163681943,4198950464.9116583
2006-10-11,10.572606086730957,10.62268352508545,10.70761489868164,10.554438591003418,10.585822105407715,226260915,-0.000351727449847683,0.2216979826499435,2404756590.498781
2006-10-12,10.59591007232666,10.646096229553223,10.701887130737305,10.560417175292969,10.673991203308105,194486260,0.0022017598999304333,0.21938974607423886,2068581827.5825438
2006-10-13,10.592438697814941,10.642608642578125,10.697403907775879,10.599270820617676,10.65406608581543,145443121,-0.00032766824639685055,0.21540774723910253,1548449685.3258405
2006-10-16,10.45485782623291,10.504377365112305,10.689931869506836,10.494165420532227,10.652571678161621,173423607,-0.013073682032539224,0.21851980551433892,1831843191.6748104
2006-10-17,10.427342414855957,10.476731300354004,10.554189682006836,10.3785982131958,10.46826171875,209221284,-0.0026352996315881505,0.19509265025272918,2190513311.972336
2006-10-18,10.394372940063477,10.443605422973633,10.579096794128418,10.398524284362793,10.535261154174805,241594173,-0.0031668382536556017,0.1836022044083367,2530395077.0890274
2006-10-19,10.561699867248535,10.611724853515625,10.697403907775879,10.450080871582031,10.466519355773926,461864718,0.015969641336551543,0.1729079540410463,4889486133.66334
2006-10-20,11.394865989685059,11.448837280273438,11.45954704284668,11.297405242919922,11.431900024414062,467662368,0.07592866457882508,0.304250449492472,5332253515.921326
2006-10-23,11.918166160583496,11.974616050720215,12.070755958557129,11.466272354125977,11.513842582702637,606444615,0.04490090203350716,0.3308659830614145,7178615164.660349
2006-10-24,11.732991218566895,11.78856372833252,11.901888847351074,11.741241455078125,11.862536430358887,347706422,-0.015659168210774066,0.3414553532152017,4106609185.611638
2006-10-25,12.062439918518066,12.119572639465332,12.166894912719727,11.833395957946777,11.892672538757324,368877480,0.027691849802106372,0.34210294565055643,4441268076.520462
2006-10-26,12.025256156921387,12.082213401794434,12.253071784973145,12.059797286987305,12.146471977233887,282322262,-0.0030873680086322963,0.3438457719893953,3425047336.5556784
2006-10-27,11.779842376708984,11.835637092590332,12.085700035095215,11.768139839172363,12.052325248718262,265150137,-0.02061932024688007,0.3563848058323338,3154356569.073573
2006-10-30,11.813802719116211,11.869758605957031,11.966646194458008,11.706372261047363,11.826172828674316,263508004,0.0028787722899679125,0.3553003963698168,3121935413.360981
2006-10-31,11.809341430664062,11.865276336669922,12.008987426757812,11.801763534545898,11.906869888305664,252358369,-0.0003777048877910971,0.3565988650900231,3001048020.438701
2006-11-01,11.58896541595459,11.643856048583984,11.933520317077637,11.588065147399902,11.924304962158203,217865564,-0.01883747681640191,0.3603347427398065,2553779582.8507204
2006-11-02,11.648707389831543,11.70388126373291,11.799023628234863,11.615961074829102,11.643856048583984,210253137,0.005141832058649154,0.3560550769520198,2461283912.4671936
2006-11-03,11.695558547973633,11.750954627990723,11.799522399902344,11.583084106445312,11.761664390563965,197043811,0.004013938255433835,0.3522918671001128,2307616926.637172
2006-11-06,11.823224067687988,11.879223823547363,11.946721076965332,11.764155387878418,11.800021171569824,200408375,0.010856580099666946,0.34903232947631296,2377518054.9611645
2006-11-07,11.71464729309082,11.770133018493652,11.930781364440918,11.75020694732666,11.879223823547363,196618221,-0.00922577433252636,0.35072133077021356,2323445469.470372
2006-11-08,11.774885177612305,11.830656051635742,11.998526573181152,11.671253204345703,11.714839935302734,319794191,0.005128924268488877,0.3501578465762242,3784277718.7114887
2006-11-09,11.716134071350098,11.771627426147461,11.942486763000488,11.752449035644531,11.868016242980957,195899538,-0.005002016143817567,0.3518658645282362,2315961116.7282124
2006-11-10,11.738941192626953,11.794541358947754,11.823681831359863,11.713345527648926,11.800270080566406,112287309,0.0019447499705980142,0.3515179676315648,1322428924.6959734
2006-11-13,11.924363136291504,11.980842590332031,11.984330177307129,11.809235572814941,11.828165054321289,174326980,0.015672007275335798,0.3467896722578989,2078814855.7593918
2006-11-14,12.129371643066406,12.186820983886719,12.203009605407715,11.967641830444336,11.972623825073242,290019003,0.01704629013699588,0.3468880632365573,3514785967.5908785
2006-11-15,12.194565773010254,12.252325057983398,12.449585914611816,12.252325057983398,12.289685249328613,336083018,0.005360504341167971,0.3448139645977123,4139897057.6804
2006-11-16,12.292980194091797,12.351204872131348,12.395538330078125,12.26801586151123,12.328788757324219,204467533,0.008037959465838629,0.34358990480292534,2522772156.7827873
2006-11-17,12.364620208740234,12.423185348510742,12.444853782653809,12.278974533081055,12.285202026367188,221266263,0.005810801948083366,0.2369637237246298,2739793631.6991873
2006-11-20,12.2719087600708,12.330034255981445,12.413471221923828,12.270257949829102,12.413471221923828,205748315,-0.007526375686553788,0.18742085095340982,2538506485.688324
2006-11-21,12.633831977844238,12.693671226501465,12.702387809753418,12.34946060180664,12.367144584655762,338363534,0.029065483391010005,0.19943166207860696,4257235805.8002996
2006-11-22,12.59317684173584,12.652824401855469,12.777108192443848,12.597282409667969,12.726548194885254,180702789,-0.003223146397991705,0.18033605644893003,2290541269.7065115
2006-11-24,12.518560409545898,12.577855110168457,12.640122413635254,12.552947998046875,12.565402030944824,69567783,-0.005942770987334978,0.1816473519908828,875879850.1377544
2006-11-27,12.016580581665039,12.073495864868164,12.497655868530273,12.073495864868164,12.487443923950195,294086191,-0.04092496456098793,0.22251017582062702,3592228277.5705075
2006-11-28,12.134328842163086,12.191802024841309,12.200769424438477,11.881216049194336,11.983333587646484,313073093,0.009751118803127401,0.2245047203898881,3785448948.990675
2006-11-29,12.014101028442383,12.071004867553711,12.32231330871582,12.011228561401367,12.309860229492188,253558852,-0.009957484421188934,0.2278490546983752,3076898359.461393
2006-11-30,12.018067359924316,12.074990272521973,12.214218139648438,11.993794441223145,12.059548377990723,223936234,0.0003300851969618712,0.2163303642187557,2708359672.4000688
2006-12-01,11.918662071228027,11.975113868713379,12.164155960083008,11.917828559875488,12.104130744934082,226100315,-0.00830571782475742,0.21871677552685695,2717507101.221568
2006-12-04,12.019058227539062,12.0759859085083,12.14024543762207,11.939000129699707,12.029909133911133,196730641,0.008388162592265491,0.21995965114268964,2370947287.914476
2006-12-05,12.072355270385742,12.129535675048828,12.1903076171875,12.076983451843262,12.139497756958008,164735162,0.004424574739071208,0.21757497950370847,1998612383.3239613
2006-12-06,12.114744186401367,12.172125816345215,12.264031410217285,12.067767143249512,12.128539085388184,178679233,0.0035050882797480476,0.21444025877764283,2174164402.6293397
2006-12-07,11.964274406433105,12.020942687988281,12.2490873336792,12.015462875366211,12.209983825683594,187271318,-0.012498162086536535,0.21948002350281054,2265077359.702379
2006-12-08,12.000714302062988,12.057555198669434,12.16938591003418,11.955188751220703,12.003507614135742,159591956,0.0030410966728968702,0.21856416431466325,1924792292.1971092
2006-12-11,11.99625301361084,12.053071975708008,12.176857948303223,12.049834251403809,12.077730178833008,131025281,-0.0003718210259537891,0.2186116469751777,1584522098.5658295
2006-12-12,11.94295597076416,11.999523162841797,12.113595008850098,11.962162971496582,12.051079750061035,167866857,-0.0044527060973202914,0.21269889005673406,2018614686.9661388
2006-12-13,11.87379264831543,11.930032730102539,12.09217643737793,11.880967140197754,12.072001457214355,187182988,-0.00580797303411007,0.204255711233217,2240154606.6540055
2006-12-14,11.951384544372559,12.007990837097168,12.048588752746582,11.886944770812988,11.961416244506836,190668002,0.006513460088891421,0.20475104796220012,2284426658.2282495
2006-12-15,11.906266212463379,11.962660789489746,12.057555198669434,11.951204299926758,12.020942687988281,208410256,-0.0037822991171090337,0.20224031863641123,2498937636.974528
2006-12-18,11.472455978393555,11.526795387268066,12.023432731628418,11.47498893737793,12.017704963684082,321865927,-0.037115803864822716,0.2344003425090398,3757807985.3979917
2006-12-19,11.616975784301758,11.67199993133545,11.688937187194824,11.419695854187012,11.499896049499512,264467588,0.01251842788591162,0.24050502114808564,3066116703.8026037
2006-12-20,11.474934577941895,11.529285430908203,11.74348258972168,11.51508903503418,11.706123352050781,175366863,-0.01230240336217392,0.2125283531462727,2033545787.4480743
2006-12-21,11.308847427368164,11.362410545349121,11.58781623840332,11.266270637512207,11.561165809631348,279174507,-0.014579677121062229,0.21507616974611646,3184124599.61611
2006-12-22,11.293477058410645,11.346968650817871,11.42318344116211,11.275984764099121,11.394789695739746,160129965,-0.0013600699641775904,0.21550864693084046,1817268901.0497189
2006-12-26,11.341817855834961,11.395537376403809,11.443856239318848,11.322311401367188,11.370381355285645,83282999,0.004271282623087291,0.17363362636078084,948363081.5921962
2006-12-27,11.602103233337402,11.657055854797363,11.658302307128906,11.434639930725098,11.457056045532227,169894428,0.02268980469628179,0.1904575488559951,1967943682.9840317
2006-12-28,11.466506004333496,11.520816802978516,11.670755386352539,11.51309585571289,11.634390830993652,125115211,-0.011756130532706965,0.19147450491157764,1447360621.7135434
2006-12-29,11.414944648742676,11.469011306762695,11.568388938903809,11.453569412231445,11.509360313415527,102751700,-0.004506833386291653,0.19135826435212544,1181335255.6658108
2007-01-03,11.59119701385498,11.646098136901855,11.872000694274902,11.484703063964844,11.60649585723877,309415434,0.01532250092580334,0.19972014251266493,3610135713.2004204
2007-01-04,11.979644775390625,12.036384582519531,12.053569793701172,11.665026664733887,11.6812162399292,316686586,0.032963008875181554,0.23059578637987757,3774374292.7848783
2007-01-05,12.077064514160156,12.134267807006836,12.141988754272461,11.90811538696289,12.0174560546875,275914333,0.008099218403981645,0.2318641322864384,3327928950.3743844
2007-01-08,11.987576484680176,12.044355392456055,12.201018333435059,12.009984016418457,12.146720886230469,190888826,-0.0074373386230051075,0.23287996115394727,2306914225.2131615
2007-01-09,12.035171508789062,12.09217643737793,12.160669326782227,11.985076904296875,12.090929985046387,216062832,0.003962501408880215,0.22915257831603275,2609889399.1812744
2007-01-10,12.133337020874023,12.19080638885498,12.29267406463623,12.005998611450195,12.06552505493164,239634856,0.008123467925079009,0.230590005873155,2914717020.414083
2007-01-11,12.387675285339355,12.446348190307617,12.496909141540527,12.358179092407227,12.383583068847656,289408724,0.020745259842023245,0.2408718504344343,3598453706.303623
2007-01-12,12.518560409545898,12.577855110168457,12.577855110168457,12.453322410583496,12.502885818481445,179618741,0.010510326063012165,0.2416917971391238,2251762363.797947
2007-01-16,12.500714302062988,12.559922218322754,12.777108192443848,12.535513877868652,12.641366958618164,303890804,-0.0014265889571341006,0.24029895502826829,3836372644.466325
2007-01-17,12.327189445495605,12.385576248168945,12.646846771240234,12.313346862792969,12.537755012512207,268968395,-0.013978440051899632,0.24644464878771052,3348277261.75175
2007-01-18,12.092930793762207,12.150208473205566,12.36565113067627,12.14024543762207,12.316832542419434,238169384,-0.019186296836481542,0.25621156840952863,2910120652.5247602
2007-01-19,12.140525817871094,12.198028564453125,12.223184585571289,12.12306022644043,12.15394401550293,199878396,0.003928047580594285,0.2159061034359431,2434803581.8244324
2007-01-22,11.91965389251709,11.97611141204834,12.270257949829102,11.917828559875488,12.266522407531738,216982266,-0.018360472179847598,0.2246995483948466,2615663204.378147
2007-01-23,11.87528133392334,11.931528091430664,12.073495864868164,11.88769245147705,11.974864959716797,187319498,-0.003729584435168576,0.22007729804002585,2241135206.4536467
2007-01-24,12.371561050415039,12.430158615112305,12.441864967346191,12.037132263183594,12.066023826599121,243280470,0.04094133400102429,0.25006916905766885,2993092260.4770184
2007-01-25,12.099376678466797,12.156683921813965,12.565402030944824,12.096160888671875,12.478228569030762,255694828,-0.022246437819353204,0.26615011986804044,3138078431.1270523
2007-01-26,12.291491508483887,12.349710464477539,12.401018142700195,12.13028335571289,12.227418899536133,220684089,0.015753338633599512,0.26954155778721334,2713017508.80954
2007-01-29,12.207952499389648,12.265774726867676,12.422188758850098,12.21670913696289,12.403509140014648,191744020,-0.006819692139779843,0.26304571530385223,2358750095.1522446
2007-01-30,12.253811836242676,12.31185245513916,12.403509140014648,12.234642028808594,12.303881645202637,167846782,0.0037494752995050895,0.25784269678410304,2067313067.723476
2007-01-31,12.431798934936523,12.490681648254395,12.577855110168457,12.341490745544434,12.365900039672852,490074058,0.014420561414465904,0.2589164627691414,6111227996.25362
2007-02-01,11.942211151123047,11.99877643585205,12.603011131286621,11.993295669555664,12.602762222290039,628695706,-0.04017834095184325,0.29739969954906736,7669057230.54077
2007-02-02,11.936015129089355,11.992548942565918,12.07972240447998,11.900643348693848,12.020195007324219,252402534,-0.0005189683773028086,0.27442968236197635,3026551608.1901836
2007-02-05,11.580537796020508,11.635388374328613,11.905376434326172,11.611227989196777,11.892922401428223,289356529,-0.030234398113707872,0.29137780894069537,3390486207.8064423
2007-02-06,11.687625885009766,11.7429838180542,11.788314819335938,11.63787841796875,11.65880012512207,213673912,0.009204752602292032,0.2932191673336336,2504911881.079725
2007-02-07,11.6511869430542,11.706372261047363,11.81446647644043,11.675736427307129,11.801265716552734,165409681,-0.003122607120824572,0.29265108569074266,1940618090.1004167
2007-02-08,11.676470756530762,11.731776237487793,11.799522399902344,11.585325241088867,11.657554626464844,163679219,0.0021677121383416598,0.2908723220494292,1915953856.7820647
2007-02-09,11.449898719787598,11.504130363464355,11.772871971130371,11.494416236877441,11.74721908569336,195072449,-0.01959488595651271,0.2846856509988604,2260981925.313719
2007-02-12,11.36065673828125,11.41446590423584,11.516583442687988,11.33302116394043,11.473993301391602,231042771,-0.00782466143732341,0.2799911858902863,2638821932.1898212
2007-02-13,11.380735397338867,11.434639930725098,11.526296615600586,11.388812065124512,11.435885429382324,163113105,0.0017658254301418097,0.28070035958904727,1867631383.99436
2007-02-14,11.550046920776367,11.604752540588379,11.684453964233398,11.437628746032715,11.457056045532227,228806420,0.014767450843882646,0.28628240007465366,2648574283.892606
2007-02-15,11.439486503601074,11.493668556213379,11.609733581542969,11.47498893737793,11.60649585723877,162302076,-0.009618400469045607,0.2814469867965809,1870714885.4113884
2007-02-16,11.64945125579834,11.704627990722656,11.709858894348145,11.508363723754883,11.526795387268066,248006116,0.0181879775003857,0.2899242874222499,2887026846.381031
2007-02-20,11.702996253967285,11.758426666259766,11.774616241455078,11.574365615844727,11.668014526367188,163313855,0.00458582270514496,0.28449181965184095,1911175408.3474572
2007-02-21,11.796202659606934,11.852075576782227,11.922311782836914,11.649833679199219,11.70213794708252,226469694,0.007932772071346239,0.28589701339286294,2674170832.949852
2007-02-22,11.795954704284668,11.851825714111328,12.060792922973633,11.815463066101074,11.922560691833496,230617182,-2.1020148217143486e-05,0.24334163111205637,2746503173.551508
2007-02-23,11.66630744934082,11.721565246582031,11.879223823547363,11.651328086853027,11.849335670471191,155886118,-0.01105166873326624,0.23475816516828815,1831771898.2943954
2007-02-26,11.525257110595703,11.579846382141113,11.836881637573242,11.550456047058105,11.77660846710205,159391206,-0.012164084711510537,0.22820101686388472,1857820546.2756157
2007-02-27,11.124663352966309,11.17735481262207,11.452075004577637,11.137503623962402,11.332523345947266,373908266,-0.035376330392343114,0.2538280227773641,4208578510.374112
2007-02-28,11.141519546508789,11.194291114807129,11.299397468566895,11.034639358520508,11.21820068359375,322496281,0.001514062543962691,0.2530129132994852,3604253689.8031235
2007-03-01,11.111276626586914,11.163905143737793,11.268263816833496,10.95892333984375,11.025424003601074,348710170,-0.0027181247971439504,0.24341004137232758,3881271157.5211396
2007-03-02,10.874539375305176,10.926046371459961,11.175610542297363,10.926046371459961,11.086195945739746,264331078,-0.02153628514982664,0.21718911118315806,2910082804.415209
2007-03-05,10.930811882019043,10.982584953308105,11.09591007232666,10.88420295715332,10.884700775146484,255156819,0.005161359794024545,0.2194387328552931,2803552387.6486416
2007-03-06,11.342312812805176,11.396035194396973,11.432148933410645,11.142733573913574,11.144975662231445,302477526,0.036954649672821915,0.24175676203857346,3425146380.788744
2007-03-07,11.294964790344238,11.34846305847168,11.535263061523438,11.314839363098145,11.524054527282715,262343656,-0.004183196613722906,0.23903076298270928,2990592232.930031
2007-03-08,11.2721586227417,11.325549125671387,11.594042778015137,11.310107231140137,11.437628746032715,215316044,-0.002021185859538921,0.2389790412329763,2456734468.3403664
2007-03-09,11.228529930114746,11.281712532043457,11.417205810546875,11.210479736328125,11.407242774963379,199854306,-0.0038779921957918795,0.2386761549106267,2258979739.979994
2007-03-12,11.272902488708496,11.326295852661133,11.338749885559082,11.235635757446289,11.272000312805176,139135567,0.003943981457332324,0.23051146888137122,1572263513.861989
2007-03-13,10.98237133026123,11.034390449523926,11.256059646606445,11.029409408569336,11.210728645324707,256048147,-0.02611045512776844,0.24573283460008433,2843829428.159566
2007-03-14,11.105574607849121,11.15817642211914,11.174614906311035,10.934017181396484,11.039372444152832,321877972,0.01115581826164691,0.2495166448053407,3569284286.0184493
2007-03-15,11.060707092285156,11.1130952835083,11.203507423400879,11.057055473327637,11.154688835144043,158359353,-0.004048272727641411,0.2427220396582799,1761676972.2218199
2007-03-16,10.928332328796387,10.980093955993652,11.125798225402832,10.956184387207031,11.099645614624023,227212468,-0.012040213318226911,0.24380135797553082,2504038671.452459
2007-03-19,11.08648681640625,11.138998031616211,11.17063045501709,10.974614143371582,11.039870262145996,208687290,0.014368249625733132,0.24008960487937467,2315332798.0527306
2007-03-20,11.038148880004883,11.09043025970459,11.148214340209961,11.04858684539795,11.103133201599121,137372985,-0.004369609875280123,0.2387659579969808,1524255448.6761475
2007-03-21,11.317523956298828,11.37112808227539,11.371625900268555,11.0886869430542,11.090928077697754,232801338,0.02499496419652525,0.25526865949183175,2625334904.649069
2007-03-22,11.45361614227295,11.507865905761719,11.511103630065918,11.271003723144531,11.347716331481934,228079706,0.011953183351335994,0.2598019009142533,2606949006.5514116
2007-03-23,11.448410034179688,11.50263500213623,11.541489601135254,11.384328842163086,11.493170738220215,165068406,-0.00045464171098430484,0.2574551768034714,1894349977.0943642
2007-03-26,11.526991844177246,11.581588745117188,11.581588745117188,11.347965240478516,11.470754623413086,189118214,0.006840543363446638,0.2554062228741016,2175561892.1105013
2007-03-27,11.492782592773438,11.547218322753906,11.587318420410156,11.465523719787598,11.545475006103516,150208917,-0.002972164360735441,0.22114988655889653,1732412536.7581625
2007-03-28,11.449651718139648,11.503881454467773,11.592548370361328,11.46079158782959,11.503631591796875,184352418,-0.003759925809196041,0.22193540659400865,2123569108.9283352
2007-03-29,11.425851821899414,11.47996997833252,11.60649585723877,11.332523345947266,11.570381164550781,160137995,-0.002080820191432853,0.22179861726062083,1837262639.1516907
2007-03-30,11.357434272766113,11.41122817993164,11.541739463806152,11.360916137695312,11.509360313415527,135714793,-0.006005960203416816,0.2076218847514489,1552300544.8077502
2007-04-02,11.366605758666992,11.420442581176758,11.420442581176758,11.260791778564453,11.401265144348145,138457033,0.0008072056189116772,0.2073784492387292,1573872336.5213394
2007-04-03,11.7153902053833,11.770879745483398,11.811976432800293,11.556682586669922,11.557928085327148,261046814,0.03022364245775444,0.19393659020816645,3057688213.340212
2007-04-04,11.676223754882812,11.731527328491211,11.780842781066895,11.695661544799805,11.75942325592041,151718555,-0.0033487631224384806,0.19364334796433666,1780570562.3311472
2007-04-05,11.688371658325195,11.743732452392578,11.758176803588867,11.69665813446045,11.738500595092773,109039179,0.0010398557580111323,0.19319925959836934,1279340963.4099855
2007-04-09,11.606566429138184,11.661540031433105,11.780842781066895,11.596283912658691,11.780344009399414,122943100,-0.007023462793559698,0.19466761633807547,1435920769.0192857
2007-04-10,11.564175605773926,11.618948936462402,11.725798606872559,11.58557415008545,11.633644104003906,119618686,-0.003658999836551491,0.19531763594012255,1392773060.841415
2007-04-11,11.515341758728027,11.569883346557617,11.691179275512695,11.522062301635742,11.607990264892578,153051532,-0.0042317973250001195,0.16964577729067915,1774536852.4401984
2007-04-12,11.586237907409668,11.64111614227295,11.656309127807617,11.512846946716309,11.556682586669922,108721995,0.006137794235354654,0.1672424193601891,1261547413.967743
2007-04-13,11.55897045135498,11.61371898651123,11.67548656463623,11.540741920471191,11.667516708374023,112211024,-0.002356208528964565,0.16655733215890267,1302768023.8855133
2007-04-16,11.75678825378418,11.812474250793457,11.880220413208008,11.66004467010498,11.667765617370605,203877329,0.01696899952181008,0.16553597799542605,2402540689.42362
2007-04-17,11.72034740447998,11.775860786437988,11.865276336669922,11.745972633361816,11.80076789855957,128885290,-0.00310437176834899,0.16229215958796653,1520292634.4081435
2007-04-18,11.799921989440918,11.855812072753906,11.95269775390625,11.694416046142578,11.737504959106445,227670177,0.006766494655409794,0.16067604759250834,2694319139.159626
2007-04-19,11.691841125488281,11.74721908569336,12.00375747680664,11.695911407470703,11.818202018737793,442034667,-0.009201661538006167,0.14543235985453143,5222917773.330769
2007-04-20,11.960308074951172,12.01695728302002,12.266522407531738,12.005499839782715,12.217206954956055,488283372,0.02270224811848509,0.15915636266785546,5906435097.170231
2007-04-23,11.87602424621582,11.93227481842041,12.07972240447998,11.911850929260254,11.957679748535156,227834792,-0.007071908451816267,0.1621469439574758,2728234157.1957016
2007-04-24,11.837601661682129,11.893670082092285,11.954690933227539,11.844353675842285,11.92056941986084,148341946,-0.003240551934693414,0.1619756970575694,1764908918.436592
2007-04-25,11.849003791809082,11.905126571655273,11.989311218261719,11.858302116394043,11.955188751220703,159266742,0.0009627492660397863,0.16122938304842038,1898074134.1505146
2007-04-26,11.928081512451172,11.984579086303711,12.066023826599121,11.883209228515625,11.907865524291992,165614446,0.006651615300145242,0.16095195445358798,1983719463.489697
2007-04-27,11.874288558959961,11.930530548095703,12.014965057373047,11.913595199584961,11.956932067871094,117466650,-0.004519973844035352,0.16195819888610688,1404082422.9718208
2007-04-30,11.685147285461426,11.740493774414062,11.988813400268555,11.740493774414062,11.9340181350708,146193924,-0.016056864729374176,0.17160539859157503,1728489794.7491226
2007-05-01,11.62614917755127,11.6812162399292,11.77610969543457,11.560916900634766,11.76066780090332,146876473,-0.005061772001589304,0.17306556542573975,1714451999.4696608
2007-05-02,11.5463285446167,11.601016998291016,11.73302173614502,11.599770545959473,11.67249870300293,122967190,-0.0068892890606937485,0.1386651485922049,1431904121.0687194
2007-05-03,11.73100757598877,11.78657054901123,11.807493209838867,11.588811874389648,11.611974716186523,144306878,0.01586804482276527,0.14959494965894435,1692376980.5650337
2007-05-04,11.678703308105469,11.734018325805664,11.82667064666748,11.603507041931152,11.709111213684082,158592223,-0.00446860323720788,0.15043270671466108,1858922671.9773726
2007-05-07,11.583263397216797,11.638127326965332,11.776358604431152,11.618202209472656,11.75942325592041,121256803,-0.008205707421339525,0.1511778555874622,1415983921.4859352
2007-05-08,11.571860313415527,11.626669883728027,11.660543441772461,11.574865341186523,11.609733581542969,116639561,-0.0009849297171204974,0.15066698851729016,1355432517.0766127
2007-05-09,11.632346153259277,11.687442779541016,11.749211311340332,11.553693771362305,11.61023235321045,156179212,0.005213363096619794,0.15084179726060845,1821588318.910366
2007-05-10,11.439486503601074,11.493668556213379,11.69342041015625,11.482460975646973,11.63239860534668,148004686,-0.016718580158229912,0.16050680305087942,1710418617.6431618
2007-05-11,11.570124626159668,11.624926567077637,11.631402969360352,11.481963157653809,11.50263500213623,118205408,0.011355213743947878,0.16558658118460903,1368751353.7095134
2007-05-14,11.447171211242676,11.50139045715332,11.644104957580566,11.457056045532227,11.593544960021973,155488633,-0.010683668949059033,0.15741925563008616,1793434474.9563107
2007-05-15,11.35346794128418,11.407242774963379,11.520318984985352,11.392547607421875,11.50587272644043,165377561,-0.008219400944786237,0.1591293359196035,1891925326.8096678
2007-05-16,11.715638160705566,11.77112865447998,11.784329414367676,11.432647705078125,11.506869316101074,263150670,0.031401301542454796,0.19435588643327698,3069047825.4798126
2007-05-17,11.674735069274902,11.730032920837402,11.836134910583496,11.726297378540039,11.767393112182617,187122763,-0.0034974331296471206,0.19207422372519675,2201341201.0564218
2007-05-18,11.658870697021484,11.714093208312988,11.773370742797852,11.699895858764648,11.756683349609375,148390126,-0.0013597876690623067,0.17324178585932828,1740485585.2649198
2007-05-21,11.665812492370605,11.721067428588867,11.935263633728027,11.624428749084473,11.694416046142578,247295463,0.0005952317120634376,0.1720366075628751,2908257277.5174313
2007-05-22,11.796202659606934,11.852075576782227,11.930530548095703,11.780842781066895,11.780842781066895,154135581,0.011115115970965483,0.17667529498742227,1827197619.8272066
2007-05-23,11.749351501464844,11.805002212524414,12.040121078491211,11.799522399902344,11.975611686706543,203166675,-0.003979623469888338,0.17710117573463202,2413934715.525627
2007-05-24,11.758275032043457,11.81396770477295,11.935263633728027,11.74348258972168,11.834391593933105,167569747,0.0007592030607184164,0.17529984555731232,1982501697.7652154
2007-05-25,11.986088752746582,12.04286003112793,12.078476905822754,11.88719367980957,11.94771671295166,214741900,0.019189455946519107,0.18758083514570278,2577513426.950423
2007-05-29,12.075082778930664,12.132274627685547,12.2490873336792,12.054816246032715,12.07972240447998,209502334,0.007397348203511012,0.17889655386553957,2544488125.496568
2007-05-30,12.359911918640137,12.418453216552734,12.424429893493652,12.029909133911133,12.067269325256348,290918361,0.0233142707674161,0.19196101000285215,3575657428.3685446
2007-05-31,12.342804908752441,12.401267051696777,12.672001838684082,12.380096435546875,12.467269897460938,358310019,-0.0013850308645757536,0.1892924538649859,4473305347.182369
2007-06-01,12.404533386230469,12.463285446166992,12.578352928161621,12.401764869689941,12.478228569030762,192679513,0.004988706644964758,0.18388156646506013,2404858900.706705
2007-06-04,12.56987476348877,12.629411697387695,12.71509075164795,12.39329719543457,12.401267051696777,285104652,0.013241057964211045,0.18527445057513864,3586407411.627468
2007-06-05,12.86164379119873,12.922562599182129,12.92654800415039,12.617955207824707,12.696162223815918,419450332,0.022946473237470233,0.1913499955024427,5378341175.185249
2007-06-06,12.84701919555664,12.907868385314941,12.970882415771484,12.833396911621094,12.870508193969727,316650452,-0.0011377174477829044,0.1914132864826693,4086073023.7065344
2007-06-07,12.76794147491455,12.828415870666504,13.113348007202148,12.764904022216797,12.94522762298584,426813829,-0.006174358249508405,0.19543583861889943,5506847044.75562
2007-06-08,12.778599739074707,12.839125633239746,12.942487716674805,12.688939094543457,12.856809616088867,255281284,0.0008344193986404846,0.1800773873807952,3273604008.070193
2007-06-11,12.675724983215332,12.735762596130371,12.907868385314941,12.702387809753418,12.802513122558594,186604829,-0.008083130635637037,0.1846611213975427,2385184093.1208086
2007-06-12,12.512860298156738,12.572127342224121,12.743982315063477,12.532276153564453,12.670259475708008,257742474,-0.012931806444070215,0.18714701444499446,3251712198.598501
2007-06-13,12.524510383605957,12.583832740783691,12.666025161743164,12.420694351196289,12.629910469055176,282414606,0.0009306157933344217,0.18194693286550806,3546238057.5125446
2007-06-14,12.46501636505127,12.524057388305664,12.599773406982422,12.495662689208984,12.587320327758789,185540856,-0.004761525222760188,0.15689238177207143,2326651007.800003
2007-06-15,12.540624618530273,12.600022315979004,12.677481651306152,12.483957290649414,12.657306671142578,247889682,0.006047314199601583,0.1553023823786066,3120225541.02824
2007-06-18,12.771411895751953,12.831903457641602,12.851827621459961,12.55892562866211,12.607245445251465,194161046,0.018235883367127226,0.16210243871570246,2475078076.066104
2007-06-19,12.749349594116211,12.809736251831055,12.88296127319336,12.740744590759277,12.802264213562012,174864989,-0.0017289693444664245,0.16301505244225323,2240221144.2695503
2007-06-20,12.641763687133789,12.701641082763672,12.920321464538574,12.678976058959961,12.875739097595215,174178426,-0.008474346882138217,0.16695087819074048,2223732400.253795
2007-06-21,12.744392395019531,12.804755210876465,12.83414363861084,12.609736442565918,12.726797103881836,177049146,0.008085451508421215,0.165386364481449,2257296071.3744946
2007-06-22,13.013850212097168,13.07548999786377,13.075738906860352,12.854318618774414,12.862289428710938,289228049,0.02092282855192895,0.1747562047598882,3760499470.1327543
2007-06-25,13.074336051940918,13.136261940002441,13.32480525970459,13.035638809204102,13.175115585327148,318188194,0.004637037440063274,0.16702633428570027,4189128517.974794
2007-06-26,13.144737243652344,13.20699691772461,13.280221939086914,13.106871604919434,13.268515586853027,228433026,0.0053702402149853334,0.1667065420065294,3014865965.29698
2007-06-27,13.046324729919434,13.108118057250977,13.150459289550781,12.940496444702148,13.075987815856934,245842035,-0.007515004698022132,0.1560517150925832,3212260023.6728287
2007-06-28,13.014594078063965,13.076236724853516,13.188068389892578,13.046099662780762,13.072999000549316,167360967,-0.0024351150294372736,0.15644008149223623,2193009118.909438
2007-06-29,12.957331657409668,13.01870346069336,13.135764122009277,12.938005447387695,13.10139274597168,155805818,-0.004409570089116244,0.15804071066481926,2030278246.0320542
2007-07-02,13.147712707519531,13.209985733032227,13.246598243713379,13.056062698364258,13.088191986083984,140026895,0.014586025809259162,0.1592903453884883,1844277742.3825693
2007-07-03,13.245877265930176,13.308615684509277,13.310110092163086,13.13825511932373,13.226922035217285,75152639,0.007438549370956338,0.14199610161607418,995947344.3355637
2007-07-05,13.426589965820312,13.490184783935547,13.55917739868164,13.254070281982422,13.339001655578613,198457088,0.013550712316498625,0.14757877899602703,2666167281.1097
2007-07-06,13.371310234069824,13.434643745422363,13.545975685119629,13.417956352233887,13.480721473693848,110291857,-0.004125682217560822,0.14627737938272503,1485211314.4125266
2007-07-09,13.449645042419434,13.513348579406738,13.667271614074707,13.456063270568848,13.524308204650879,149751208,0.005841330428492775,0.1466667443068414,2028464145.9517188
2007-07-10,13.46898078918457,13.53277587890625,13.623933792114258,13.490683555603027,13.543984413146973,154818129,0.001436607515672872,0.1415729160356347,2097651122.691043
2007-07-11,13.496991157531738,13.560919761657715,13.611480712890625,13.449836730957031,13.539501190185547,132868163,0.0020774610666025595,0.1292295511778272,1799134011.4819174
2007-07-12,13.518312454223633,13.582340240478516,13.631903648376465,13.455066680908203,13.595541000366211,138179998,0.0015784609660665083,0.1290685588972177,1873228417.7304187
2007-07-13,13.6876220703125,13.75245189666748,13.765154838562012,13.63016128540039,13.646598815917969,210269197,0.012446681566185891,0.1283855293388482,2884036046.680042
2007-07-16,13.708195686340332,13.773124694824219,13.912352561950684,13.68146800994873,13.70612621307373,264969462,0.0015019533330371537,0.12873747038891906,3653659077.3024025
2007-07-17,13.75802230834961,13.823186874389648,13.891181945800781,13.75793170928955,13.82418441772461,173792986,0.003628215335542695,0.1185460003357178,2402531648.435902
2007-07-18,13.621682167053223,13.686201095581055,13.810733795166016,13.544482231140137,13.795540809631348,244111573,-0.009959294363750093,0.1264683895612761,3339561630.5910063
2007-07-19,13.59912395477295,13.663536071777344,13.786325454711914,13.505378723144531,13.784831047058105,446756299,-0.0016574246437350837,0.12052494985997142,6099003852.860743
2007-07-20,12.893375396728516,12.95444393157959,13.030657768249512,12.689934730529785,12.749711036682129,713556598,-0.0532917312510679,0.22969278410890157,9198942474.25765
2007-07-23,12.704729080200195,12.764904022216797,12.951455116271973,12.755937576293945,12.926796913146973,255221059,-0.014739351653678678,0.22293784189062413,3272980103.2363553
2007-07-24,12.741663932800293,12.80201530456543,12.918827056884766,12.63040828704834,12.684953689575195,223719424,0.002902955913570704,0.2224457609729595,2859973234.9205728
2007-07-25,12.636558532714844,12.6964111328125,12.877232551574707,12.591802597045898,12.876236915588379,222631361,-0.008283164920230401,0.22231148521711358,2832275082.9359474
2007-07-26,12.592928886413574,12.65257453918457,12.766897201538086,12.42542552947998,12.671006202697754,276368027,-0.00345862673056363,0.2214783935913143,3486373196.8611965
2007-07-27,12.689359664916992,12.749462127685547,12.867270469665527,12.59030818939209,12.665776252746582,221189978,0.007628363700669549,0.22382109662464178,2817004837.0216074
2007-07-30,12.793970108032227,12.854567527770996,12.935015678405762,12.714841842651367,12.775115966796875,159126217,0.008210153984303581,0.22583686062520622,2042354498.5933533
2007-07-31,12.642507553100586,12.702387809753418,12.962413787841797,12.702387809753418,12.957182884216309,171460275,-0.011909223210959663,0.2219072661066959,2192816282.2536945
2007-08-01,12.715388298034668,12.775613784790039,12.864530563354492,12.656062126159668,12.714841842651367,177791919,0.005748185577916232,0.2210808030995461,2269585346.4955893
2007-08-02,12.6675443649292,12.727543830871582,12.826671600341797,12.677481651306152,12.79504108428955,126669014,-0.0037697763612078994,0.2136846614880386,1614257124.3298085
2007-08-03,12.46898365020752,12.52804183959961,12.782090187072754,12.52804183959961,12.703634262084961,127524207,-0.015798907847465404,0.2182886119988432,1608427705.5414858
2007-08-06,12.642507553100586,12.702387809753418,12.706124305725098,12.515588760375977,12.52804183959961,146607469,0.013820498630757072,0.22425205945192375,1853318814.5032368
2007-08-07,12.79173755645752,12.852326393127441,12.948466300964355,12.678478240966797,12.696162223815918,171211346,0.011734707687711232,0.2296394259682333,2196029256.63002
2007-08-08,13.03368091583252,13.095415115356445,13.095415115356445,12.878975868225098,12.935015678405762,163362034,0.018737387604763178,0.24085619563899882,2127507664.102705
2007-08-09,12.759760856628418,12.820197105407715,13.121317863464355,12.817706108093262,12.971380233764648,194586635,-0.021240310604083046,0.2496647382304768,2514008801.529253
2007-08-10,12.78504467010498,12.845602035522461,12.919573783874512,12.593545913696289,12.70687198638916,235888868,0.001979566585990078,0.24412951628466953,3016131815.848789
2007-08-13,12.778848648071289,12.839374542236328,12.94522762298584,12.777854919433594,12.939997673034668,127648672,-0.00048474792770436537,0.24372219876645534,1640815478.6377664
2007-08-14,12.607802391052246,12.667518615722656,12.886696815490723,12.65257453918457,12.844854354858398,145892800,-0.013475495061586962,0.2445924270742481,1858031855.9310913
2007-08-15,12.333882331848145,12.392300605773926,12.744481086730957,12.371378898620605,12.677481651306152,217191045,-0.021965723315659158,0.25148262247914643,2715478864.938121
2007-08-16,12.184402465820312,12.242114067077637,12.364404678344727,11.966646194458008,12.25456714630127,347120233,-0.012193489008466063,0.2523765528380398,4231761845.1595683
2007-08-17,12.39560604095459,12.454318046569824,12.478228569030762,12.24535083770752,12.38956069946289,219997525,0.017185410907680776,0.19559281791219468,2726348474.8105288
2007-08-20,12.343053817749023,12.40151596069336,12.517083168029785,12.353694915771484,12.514592170715332,108296406,-0.004248597341613536,0.19025706023338906,1345485162.7979908
2007-08-21,12.558472633361816,12.617955207824707,12.656559944152832,12.397780418395996,12.426920890808105,144965337,0.01730208708531311,0.20064120199757382,1820392340.974269
2007-08-22,12.710677146911621,12.770881652832031,12.858055114746094,12.683708190917969,12.70139217376709,130595677,0.012046812465077217,0.20330163599773038,1667821935.338478
2007-08-23,12.696796417236328,12.75693416595459,12.855066299438477,12.627668380737305,12.851827621459961,123529289,-0.0010926494538110454,0.2029160283253209,1574573034.7193117
2007-08-24,12.766454696655273,12.826922416687012,12.840620040893555,12.665027618408203,12.76739501953125,99278731,0.005471292952808238,0.20208481392891206,1268536304.370913
2007-08-27,12.723320007324219,12.783583641052246,12.887943267822266,12.737257957458496,12.812725067138672,93352602,-0.003384473264782528,0.200342391185352,1195186668.9768028
2007-08-28,12.553266525268555,12.612724304199219,12.826422691345215,12.59753131866455,12.740494728088379,131446855,-0.013455618112232504,0.20154156112628724,1666600579.6831574
2007-08-29,12.713900566101074,12.77411937713623,12.78458023071289,12.633397102355957,12.648590087890625,102354216,0.012715015055660306,0.20559996048058807,1303040705.38974
2007-08-30,12.677212715148926,12.737257957458496,12.836883544921875,12.71683406829834,12.761167526245117,106465569,-0.0028898202357363623,0.20541944341814367,1358890167.2324696
2007-08-31,12.772650718688965,12.833148002624512,12.86428165435791,12.739001274108887,12.7795991897583,119550431,0.007500114974454686,0.19848551744527226,1531697294.6378992
2007-09-04,13.018064498901367,13.079724311828613,13.150708198547363,12.81745719909668,12.827420234680176,148301796,0.01903174732879842,0.20341713795206579,1930290724.641571
2007-09-05,13.083756446838379,13.145727157592773,13.187569618225098,13.007494926452637,13.036136627197266,133012703,0.005033525191454391,0.20045344945027552,1744275014.1596572
2007-09-06,12.97765827178955,13.0391263961792,13.196287155151367,12.90761947631836,13.18458080291748,145579631,-0.008142210416978823,0.19210016388793538,1899476101.461981
2007-09-07,12.874286651611328,12.935264587402344,12.982338905334473,12.871753692626953,12.898155212402344,147093283,-0.00799724519138545,0.17884408338373567,1901884631.2849321
2007-09-10,12.753562927246094,12.813969612121582,13.003011703491211,12.724306106567383,12.9833345413208,129515644,-0.009421361473676004,0.18193599007851105,1663899887.0242553
2007-09-11,12.923369407653809,12.984580993652344,12.99255084991455,12.84510326385498,12.876485824584961,108549350,0.013226576579641325,0.187686361097256,1404709462.1526082
2007-09-12,12.956090927124023,13.017457008361816,13.1502103805542,12.92654800415039,12.964654922485352,119887690,0.002528765011621026,0.1806393594452592,1562305058.612391
2007-09-13,13.008893013000488,13.07050895690918,13.13103199005127,13.031654357910156,13.052576065063477,75927532,0.004067182077658771,0.15949542778549547,992959897.3242708
2007-09-14,13.107305526733398,13.169387817382812,13.207245826721191,13.00674819946289,13.031155586242676,111010541,0.007536547051303355,0.1507024595850636,1457323508.2879794
2007-09-17,13.021782875061035,13.083459854125977,13.182587623596191,13.052824974060059,13.114094734191895,88229471,-0.0065461875869914365,0.14614487949034094,1156361105.579073
2007-09-18,13.26893138885498,13.331778526306152,13.381093978881836,13.057806015014648,13.113845825195312,169260059,0.018801755781703733,0.15433414696175438,2243862464.26651
2007-09-19,13.555991172790527,13.620198249816895,13.684954643249512,13.421194076538086,13.431406021118164,221904647,0.02140328582234119,0.15948279211475086,3012455215.9632015
2007-09-20,13.704231262207031,13.769140243530273,13.868019104003906,13.599775314331055,13.623933792114258,221828362,0.010876033826977327,0.15877183796040667,3049173889.980863
2007-09-21,13.884448051452637,13.950210571289062,13.96739673614502,13.769140243530273,13.856561660766602,321669193,0.013064732137508805,0.16085797996444495,4469780814.5044775
2007-09-24,14.080779075622559,14.147472381591797,14.23315143585205,13.947720527648926,13.972626686096191,212674178,0.014041312731754907,0.16422685740562679,3000715279.897851
2007-09-25,14.105071067810059,14.171879768371582,14.18582820892334,14.018954277038574,14.047347068786621,109633398,0.0017237016501874258,0.16191491151476783,1548632492.9469738
2007-09-26,14.084249496459961,14.150959014892578,14.24137020111084,14.042614936828613,14.20674991607666,134345680,-0.0014772669024942786,0.14938620896514,1900317142.658081
2007-09-27,14.067888259887695,14.134519577026367,14.240124702453613,14.091680526733398,14.239874839782715,82560301,-0.001162344299103335,0.14895313375761432,1168677519.4549146
2007-09-28,14.062187194824219,14.128791809082031,14.185579299926758,14.050335884094238,14.12206745147705,105975740,-0.00040533592956126796,0.1475235442603498,1496543724.4924228
2007-10-01,14.440966606140137,14.50936508178711,14.554197311401367,14.18707275390625,14.196040153503418,189158364,0.026579634914093653,0.16502766236599542,2727073128.7951126
2007-10-02,14.486578941345215,14.555193901062012,14.864534378051758,14.446102142333984,14.530037879943848,283759629,0.0031535598435890044,0.15840721440312983,4149117255.388976
2007-10-03,14.477405548095703,14.545977592468262,14.669763565063477,14.454819679260254,14.601519584655762,155761653,-0.0006334345027414479,0.1597548957101852,2267399581.1252613
2007-10-04,14.353707313537598,14.421693801879883,14.572628021240234,14.372628211975098,14.572628021240234,119915795,-0.008580937833949864,0.16021829864655357,1733460763.3945735
2007-10-05,14.726041793823242,14.795791625976562,14.8443603515625,14.62044906616211,14.622940063476562,203507949,0.025609218825341618,0.1677755193286162,3002461379.970295
2007-10-08,15.112010955810547,15.183588027954102,15.199527740478516,14.79330062866211,14.819453239440918,201873847,0.025872378133213303,0.16942112228118109,3039978990.5851307
2007-10-09,15.249838829040527,15.32206916809082,15.536266326904297,15.152953147888184,15.32032585144043,352026555,0.009079079236891996,0.16856374929251877,5399065144.021611
2007-10-10,15.502936363220215,15.576366424560547,15.583588600158691,15.362418174743652,15.475992202758789,216231462,0.01646051436151641,0.1694670872909011,3353200257.5431595
2007-10-11,15.418901443481445,15.491931915283203,15.975370407104492,15.168146133422852,15.781846046447754,473729022,-0.005435325490632081,0.1759964784283765,7364188462.500847
2007-10-12,15.800407409667969,15.875246047973633,15.90040111541748,15.398283004760742,15.541248321533203,273971076,0.024441601841555638,0.18435279177703712,4308097469.105808
2007-10-15,15.372050285339355,15.44485855102539,15.93676471710205,15.33128547668457,15.902145385742188,278793083,-0.027484781195792785,0.2182155441068885,4341078614.9546
2007-10-16,15.27016544342041,15.342493057250977,15.589566230773926,15.242616653442383,15.404509544372559,241915372,-0.006649990215218615,0.22053140263564008,3723454635.786503
2007-10-17,15.703481674194336,15.777860641479492,15.790811538696289,15.481720924377441,15.702393531799316,242124152,0.027981496744594825,0.22701493167741013,3797345510.568866
2007-10-18,15.85568618774414,15.930787086486816,15.974373817443848,15.653825759887695,15.82593059539795,493410518,0.009645735547202605,0.22681415614327174,7822034748.449903
2007-10-19,15.981864929199219,16.05756187438965,16.400775909423828,16.020700454711914,16.302892684936523,633927242,0.007926451480354313,0.22586081039465802,10244061001.78698
2007-10-22,16.131591796875,16.207998275756836,16.313852310180664,15.847599029541016,15.907126426696777,267575192,0.009324935269499512,0.22460312137432573,4314154922.598663
2007-10-23,16.751819610595703,16.83116340637207,16.876741409301758,16.438385009765625,16.469518661499023,272766578,0.037727313086141745,0.2477065322990218,4559410625.027113
2007-10-24,16.7530574798584,16.832408905029297,16.873504638671875,16.427425384521484,16.754947662353516,297278110,7.389188504802746e-05,0.2469685577351643,4967848081.523819
2007-10-25,16.571847915649414,16.650339126586914,16.910863876342773,16.52680206298828,16.903640747070312,232688918,-0.010875430738751302,0.2540294095827797,3884974567.855657
2007-10-26,16.722814559936523,16.80202293395996,16.850341796875,16.639131546020508,16.787824630737305,134658850,0.009068581428670619,0.252097420664374,2257398351.140213
2007-10-29,16.837587356567383,16.917339324951172,16.9365177154541,16.739505767822266,16.8809757232666,123111730,0.006839801523609079,0.24352708709053977,2076212140.6128502
2007-10-30,17.222814559936523,17.30438995361328,17.432409286499023,16.874500274658203,16.874500274658203,277058606,0.02262120285647562,0.24823919429041916,4766451565.803598
2007-10-31,17.52598762512207,17.608997344970703,17.608997344970703,17.33601951599121,17.45183563232422,276103037,0.01744985375223118,0.2476009295798805,4836774309.599712
2007-11-01,17.432035446166992,17.51460075378418,17.776369094848633,17.478984832763672,17.504140853881836,262066622,-0.005375155509865337,0.24487574321542352,4609747922.148888
2007-11-02,17.63134002685547,17.7148494720459,17.77288246154785,17.368398666381836,17.69641876220703,234535815,0.011368370814448525,0.23809187916908936,4132218556.003905
2007-11-05,17.988304138183594,18.073505401611328,18.187578201293945,17.585834503173828,17.608747482299805,356679932,0.020043774752017907,0.23370197082385066,6402038362.828621
2007-11-06,18.38840103149414,18.47549819946289,18.47549819946289,18.05731773376465,18.37014389038086,338716853,0.021998310516416986,0.2381892565444954,6210747683.953442
2007-11-07,18.169017791748047,18.255075454711914,18.61124038696289,18.010990142822266,18.459060668945312,332180444,-0.012002262763260774,0.24766245858481883,6076389289.151365
2007-11-08,17.199758529663086,17.281225204467773,18.30364227294922,16.866281509399414,18.29642105102539,662963671,-0.05482247960854458,0.327371366812067,11591068760.15591
2007-11-09,16.459306716918945,16.537263870239258,16.983341217041016,16.468521118164062,16.831411361694336,457231416,-0.044004269649634775,0.3612728811239109,7618866319.83934
2007-11-12,15.66852855682373,15.742741584777832,16.685707092285156,15.596789360046387,16.382095336914062,410625377,-0.049236925065016646,0.3903426876448217,6573460491.500925
2007-11-13,16.37452507019043,16.452083587646484,16.461299896240234,15.742741584777832,16.06453514099121,339082217,0.04407262772042886,0.4164644747008726,5499475586.304017
2007-11-14,15.906753540039062,15.982094764709473,16.824188232421875,15.847350120544434,16.76914405822754,325001637,-0.02898300776266982,0.42086689373806757,5270836803.080681
2007-11-15,15.608538627624512,15.68246841430664,16.127052307128906,15.541746139526367,15.90463638305664,279752666,-0.018925657550989516,0.4247569099019617,4415547714.277183
2007-11-16,15.707201957702637,15.781597137451172,15.827922821044922,15.34299087524414,15.789318084716797,363067785,0.006301218153487387,0.4243739436861612,5682314702.864857
2007-11-19,15.5143404006958,15.587822914123535,15.859804153442383,15.404759407043457,15.680974006652832,221924722,-0.01235454724835261,0.42444220288103507,3465900947.8047485
2007-11-20,16.076805114746094,16.1529541015625,16.415969848632812,15.762667655944824,15.852581024169922,395099399,0.03561277377102812,0.42200758826593104,6365260932.099805
2007-11-21,16.373783111572266,16.451335906982422,16.686704635620117,15.992057800292969,16.034149169921875,281591533,0.018303907846730194,0.4278400580606736,4611539902.938902
2007-11-23,16.774871826171875,16.854326248168945,16.893678665161133,16.640378952026367,16.687450408935547,109958613,0.024200577101042953,0.434940471185857,1846878933.7153914
2007-11-26,16.509628295898438,16.587825775146484,17.270267486572266,16.562917709350586,16.941499710083008,272622038,-0.015938298261775508,0.43740996156981216,4581959589.651094
2007-11-27,16.697280883789062,16.7763671875,16.84760093688965,16.19579315185547,16.807003021240234,357515050,0.011302141033818991,0.43864234558125026,5937104814.554946
2007-11-28,17.160593032836914,17.241872787475586,17.292682647705078,16.740751266479492,16.989070892333984,317846919,0.027369767649915833,0.4420792050518233,5432566085.300911
2007-11-29,17.278095245361328,17.35993194580078,17.504140853881836,17.130041122436523,17.20426368713379,249250764,0.006823875958060999,0.4382516253913869,4319857539.530411
2007-11-30,17.178936004638672,17.260303497314453,17.71011734008789,16.989070892333984,17.7086238861084,317003771,-0.005755546015250523,0.4383045937774325,5490451605.856577
2007-12-03,16.894601821899414,16.974624633789062,17.310117721557617,16.96491050720215,17.210739135742188,173652461,-0.016689830347157653,0.439293966902277,2966542781.6590996
2007-12-04,16.95979881286621,17.040128707885742,17.235397338867188,16.86478614807129,16.894426345825195,169906473,0.0038516157630210657,0.4325135891558317,2896356691.0471573
2007-12-05,17.31552505493164,17.397539138793945,17.408000946044922,17.12331771850586,17.253578186035156,169015145,0.020757733253979893,0.43163256723804555,2925587810.4388967
2007-12-06,17.730745315551758,17.814725875854492,17.847105026245117,17.360179901123047,17.37985610961914,197096005,0.023696655078290885,0.4398500738609538,3483475502.127342
2007-12-07,17.72107696533203,17.805011749267578,17.882970809936523,17.696170806884766,17.808000564575195,154661545,-0.000545436022036494,0.3942288745287068,2752158546.0387516
2007-12-10,17.809078216552734,17.893430709838867,18.052335739135742,17.783344268798828,17.832908630371094,154826159,0.004953619297216605,0.3577363408280138,2772890612.9728646
2007-12-11,17.33262825012207,17.414724349975586,17.957441329956055,17.404264450073242,17.931289672851562,246484434,-0.0271175882435446,0.32278492156696775,4336189503.044933
2007-12-12,17.336347579956055,17.418460845947266,17.79131317138672,17.148223876953125,17.783344268798828,247287433,0.00021456242990769425,0.28996989437477994,4315824965.432555
2007-12-13,17.204965591430664,17.286455154418945,17.37537384033203,16.966655731201172,17.342744827270508,202387766,-0.007607274307687373,0.26907683384106923,3482991228.5501924
2007-12-14,17.10357666015625,17.184587478637695,17.42717933654785,17.117340087890625,17.123567581176758,147490767,-0.005910436280536224,0.25872016159243677,2543188551.1198997
2007-12-17,16.589696884155273,16.66827392578125,17.32057762145996,16.52979278564453,17.135770797729492,220262515,-0.03050577001189625,0.28556958404537836,3709121218.3839703
2007-12-18,16.691829681396484,16.770889282226562,16.85457420349121,16.251585006713867,16.79106330871582,287742502,0.006137526032354845,0.2803789415644887,4783915575.195869
2007-12-19,16.79148292541504,16.871013641357422,16.92406463623047,16.66254425048828,16.792308807373047,177506855,0.005952430061303637,0.2554570231951204,2985524628.57865
2007-12-20,17.09688377380371,17.1778621673584,17.210491180419922,16.951711654663086,17.081724166870117,177551020,0.018024422319817823,0.2552364143379536,3038493636.016591
2007-12-21,17.270410537719727,17.352209091186523,17.41621971130371,17.266281127929688,17.38184928894043,216086922,0.010098452151080295,0.2443229914855617,3748006768.675758
2007-12-24,17.370555877685547,17.452831268310547,17.452831268310547,17.261798858642578,17.30986785888672,65380146,0.005781918307809608,0.23626304628507228,1136905414.1572342
2007-12-26,17.621177673339844,17.704639434814453,17.763916015625,17.39006805419922,17.409494400024414,101579322,0.014324873670449545,0.2379010470314814,1789781045.8181534
2007-12-27,17.370805740356445,17.453081130981445,17.83315658569336,17.453081130981445,17.610740661621094,118141168,-0.014310489509365087,0.2268753555417516,2076894909.3955078
2007-12-28,17.415176391601562,17.497663497924805,17.632658004760742,17.348474502563477,17.55743980407715,102892225,0.0025510664117667226,0.22587994887199342,1799886695.433728
2007-12-31,17.141258239746094,17.22244644165039,17.496667861938477,17.200029373168945,17.39903450012207,95404263,-0.015853712454650726,0.23196454974990877,1651102546.024063
2008-01-02,16.985332489013672,17.06578254699707,17.3691463470459,16.879980087280273,17.25706672668457,172921733,-0.009138143158050838,0.22657217951917502,2957820996.5958934
2008-01-03,16.988801956176758,17.06926918029785,17.107128143310547,16.849842071533203,17.067527770996094,130587647,0.00020424168160904088,0.2261963557987374,2221132179.2900815
2008-01-04,16.286523818969727,16.363664627075195,16.96042823791504,16.313852310180664,16.928796768188477,215195594,-0.042216412266167236,0.2565713530335508,3560622365.6367784
2008-01-07,16.09440803527832,16.170637130737305,16.49517250061035,15.874249458312988,16.287450790405273,257096061,-0.011866121629045434,0.23871674471508633,4159819330.886332
2008-01-08,15.65886116027832,15.73302936553955,16.437389373779297,15.716092109680176,16.2640380859375,214364490,-0.027434919581873718,0.2504585914320814,3421722492.008381
2008-01-09,16.192323684692383,16.269020080566406,16.272506713867188,15.504634857177734,15.692181587219238,270598482,0.03350031823841926,0.2837208662245837,4333739469.617546
2008-01-10,16.031938552856445,16.107873916625977,16.3686466217041,15.942992210388184,16.065034866333008,254317685,-0.009954391199424428,0.27267752544990176,4104646130.3606715
2008-01-11,15.821725845336914,15.8966646194458,16.176118850708008,15.693924903869629,16.00749969482422,199826201,-0.013198843099263335,0.27407250944039546,3181679956.218663
2008-01-14,16.20769500732422,16.284461975097656,16.373628616333008,16.071012496948242,16.21771240234375,178566813,0.024102080898511957,0.29107595534341635,2900466879.613426
2008-01-15,15.806852340698242,15.881720542907715,16.16565704345703,15.825182914733887,16.087200164794922,223562839,-0.025042591448658502,0.3008601956752169,3567508511.941624
2008-01-16,15.268926620483398,15.341246604919434,15.940003395080566,14.992055892944336,15.665532112121582,423983259,-0.0346237150590083,0.3057391019199661,6539702345.731482
2008-01-17,14.893121719360352,14.963663101196289,15.5850830078125,14.894421577453613,15.461048126220703,329903943,-0.02492034661123199,0.31140395990264386,4997293400.724711
2008-01-18,14.879734992980957,14.950213432312012,15.192804336547852,14.905381202697754,15.152206420898438,342864341,-0.0008992571596904142,0.3090667496298682,5148496542.162726
2008-01-22,14.485587120056152,14.554197311401367,14.881719589233398,13.977607727050781,13.99828052520752,381484558,-0.02684605626597003,0.3039862113882489,5520529751.271578
2008-01-23,13.59986686706543,13.66428279876709,14.146973609924316,12.92654800415039,13.96540355682373,681171664,-0.06309415986116163,0.35017352415151753,9249812673.200663
2008-01-24,14.241165161132812,14.30861759185791,14.438132286071777,13.80176830291748,13.91783332824707,377445475,0.04607672224203441,0.4000737798098232,5353248551.771998
2008-01-25,14.040619850158691,14.107123374938965,14.819453239440918,14.101643562316895,14.74000072479248,279684411,-0.014182179254926819,0.39033432049879285,4011440805.4992514
2008-01-28,13.782318115234375,13.847596168518066,14.252577781677246,13.663784980773926,14.220946311950684,233540097,-0.01856807189075127,0.3910175290765316,3251186339.947524
2008-01-29,13.646967887878418,13.7116060256958,13.980846405029297,13.466275215148926,13.959426879882812,252262009,-0.009869110404408854,0.3877130493911797,3460927774.610674
2008-01-30,13.591192245483398,13.655566215515137,13.958430290222168,13.537010192871094,13.67848014831543,318774383,-0.0040954102684951366,0.3884470706440477,4372628923.392587
2008-01-31,13.988561630249023,14.054819107055664,14.271507263183594,13.307371139526367,13.42492961883545,597081651,0.028818015325309254,0.41290903886264363,8286238948.788483
2008-02-01,12.788763999938965,12.849337577819824,13.36664867401123,12.702387809753418,13.167394638061523,706658840,-0.08967299633869752,0.4947139486180948,9167337689.68179
2008-02-04,12.281330108642578,12.339499473571777,12.771629333496094,12.267766952514648,12.679224967956543,528256642,-0.04048674102840355,0.4935144411222061,6581883318.5417
2008-02-05,12.56318187713623,12.622687339782715,12.677481651306152,12.167393684387207,12.190058708190918,449811709,0.022690231233881697,0.5097125734703298,5617782799.706836
2008-02-06,12.437005043029785,12.495911598205566,12.731529235839844,12.401764869689941,12.730781555175781,306600924,-0.010094156965714252,0.5067837010412991,3845716412.7171097
2008-02-07,12.517322540283203,12.57660961151123,12.806747436523438,12.322811126708984,12.375115394592285,318344779,0.0064371820342725705,0.4846592571453703,4001187258.1752005
2008-02-08,12.808347702026367,12.869013786315918,12.894916534423828,12.67000961303711,12.687692642211914,274179856,0.02298363438788309,0.5003019736522194,3512604038.8518624
2008-02-11,12.919154167175293,12.980345726013184,13.04385757446289,12.787071228027344,12.96440601348877,233913491,0.00861390669479567,0.5048880745868797,3026160238.373871
2008-02-12,12.84305191040039,12.90388298034668,13.21546459197998,12.777854919433594,13.035887718200684,267490877,-0.005908071530055459,0.48969509733284533,3468215602.455845
2008-02-13,13.25281810760498,13.315589904785156,13.32480525970459,12.918827056884766,13.013721466064453,265981240,0.03140725943944345,0.5087934129846968,3507336993.292249
2008-02-14,13.19406795501709,13.256561279296875,13.47549057006836,13.225427627563477,13.408492088317871,260039050,-0.004442885948009678,0.500142447880783,3463501667.8583465
2008-02-15,13.129368782043457,13.19155502319336,13.266773223876953,13.059301376342773,13.158429145812988,210389647,-0.004915718559394655,0.4960355811330398,2771366715.582207
2008-02-19,12.61647891998291,12.676236152648926,13.32654857635498,12.615215301513672,13.323559761047363,254968114,-0.03984780241865904,0.5088285193751072,3282119544.7443366
2008-02-20,12.617718696594238,12.677481651306152,12.727543830871582,12.423932075500488,12.540743827819824,267486862,9.826162346504574e-05,0.5049453957017599,3372916383.2781773
2008-02-21,12.465513229370117,12.524555206298828,12.782339096069336,12.440869331359863,12.773371696472168,227963272,-0.012136182117595595,0.46248746461645834,2868367902.87575
2008-02-22,12.587971687316895,12.647594451904297,12.677481651306152,12.392300605773926,12.504630088806152,221462998,0.009775840255513035,0.42840914649182527,2784334440.8890176
2008-02-25,12.058473587036133,12.115588188171387,12.615215301513672,12.098153114318848,12.601515769958496,336167332,-0.04297411496973558,0.4463974762502929,4126897360.637258
2008-02-26,11.506913185119629,11.56141471862793,11.618202209472656,11.129533767700195,11.486944198608398,934983461,-0.04681961376432664,0.46543152030212054,10692829487.176792
2008-02-27,11.72183609008789,11.777356147766113,11.842860221862793,11.448089599609375,11.460293769836426,406393575,0.01850543357013601,0.4750346855293086,4750511410.677528
2008-02-28,11.784552574157715,11.84036922454834,11.932523727416992,11.640369415283203,11.718576431274414,264463573,0.005336135106340567,0.4770287677895091,3121839299.0763288
2008-02-29,11.68018913269043,11.735511779785156,11.948713302612305,11.572872161865234,11.752697944641113,378429149,-0.008895399825318062,0.45871085931685357,4447437768.785525
2008-03-03,11.329174995422363,11.382834434509277,11.773868560791016,11.210728645324707,11.743732452392578,303312645,-0.03051291368561193,0.36340798490921966,3474692197.5915527
2008-03-04,11.021291732788086,11.073493957519531,11.291675567626953,10.853816986083984,11.231651306152344,546910299,-0.027552242463914745,0.35049443986083423,6055935281.7780075
2008-03-05,11.098137855529785,11.150704383850098,11.311849594116211,11.058549880981445,11.089682579040527,298578968,0.006948319495012623,0.3386212358885763,3336232198.8084793
2008-03-06,10.726301193237305,10.777105331420898,11.290182113647461,10.73924732208252,11.150455474853516,299923991,-0.0340785526480305,0.3519999448228685,3279822279.414716
2008-03-07,10.742412567138672,10.793293952941895,10.95892333984375,10.61620807647705,10.681961059570312,324082204,0.0015009168323514288,0.34996358339828787,3496676877.893389
2008-03-10,10.253320693969727,10.301885604858398,10.734763145446777,10.287440299987793,10.680715560913086,320701579,-0.04659807440530628,0.3559794461683863,3348561606.3885217
2008-03-11,10.903295516967773,10.954937934875488,10.962658882141113,10.576605796813965,10.591798782348633,354399416,0.06146346128467428,0.4317900280596512,3838642143.2424088
2008-03-12,10.911723136901855,10.96340560913086,11.155187606811523,10.910853385925293,10.959172248840332,267073318,0.000772643882369195,0.4329090598979516,2940427965.221542
2008-03-13,10.981876373291016,11.033891677856445,11.132772445678711,10.679471015930176,10.776357650756836,310222448,0.006408583152845537,0.4122766707276465,3396536150.1012526
2008-03-14,10.855700492858887,10.907116889953613,11.191551208496094,10.725298881530762,11.0331449508667,263961699,-0.011555978516880838,0.41193379262928126,2888090030.651848
2008-03-17,10.408255577087402,10.457552909851074,10.802260398864746,10.264277458190918,10.659793853759766,316710676,-0.04209103632426148,0.42626235093192094,3328005365.6907973
2008-03-18,10.886438369750977,10.93800163269043,10.97984504699707,10.59852409362793,10.684452056884766,290573072,0.04491853159183723,0.45540586108071907,3149460581.964427
2008-03-19,10.708948135375977,10.75967025756836,11.145723342895508,10.751450538635254,10.986570358276367,248086416,-0.016438162011882085,0.4555807115744936,2700573140.1132355
2008-03-20,10.747369766235352,10.798274993896484,10.851824760437012,10.398524284362793,10.643107414245605,398022314,0.003581385408521598,0.45711296932325907,4252022500.132641
2008-03-24,11.4169282913208,11.471003532409668,11.601016998291016,10.902135848999023,10.919819831848145,271554050,0.06043614007762255,0.5114877124282918,3075273253.413598
2008-03-25,11.174489974975586,11.2274169921875,11.394042015075684,11.108363151550293,11.393793106079102,234138331,-0.02146369217076538,0.49649772257970737,2632481421.7304683
2008-03-26,11.358177185058594,11.411974906921387,11.52853775024414,11.190305709838867,11.27249813079834,209811488,0.016304441721438856,0.4751678083573102,2387012596.0796404
2008-03-27,11.008399963378906,11.060542106628418,11.173369407653809,10.971128463745117,11.108363151550293,234162421,-0.03127932694286928,0.48106109942256714,2591790850.2188897
2008-03-28,10.85966682434082,10.911103248596191,11.296906471252441,10.817204475402832,11.144726753234863,175704123,-0.013602979536589288,0.48131907979729155,1934222099.0212698
2008-03-31,10.91891098022461,10.97062873840332,11.025921821594238,10.759919166564941,10.850330352783203,178522648,0.005440603381153597,0.48206940964950934,1949257238.2392578
2008-04-01,11.54459285736084,11.599272727966309,11.618948936462402,11.13003158569336,11.151700973510742,244637537,0.05572093821509405,0.512268339528428,2800957358.4540358
2008-04-02,11.544343948364258,11.599023818969727,11.84908676147461,11.46677017211914,11.703632354736328,240859429,-2.1560888549210233e-05,0.5017200166547466,2803192747.2218432
2008-04-03,11.282075881958008,11.335512161254883,11.5389986038208,11.16141414642334,11.500144958496094,272152284,-0.022980354358007826,0.5088741097780013,3087651567.572319
2008-04-04,11.677958488464355,11.733270645141602,11.901142120361328,11.362410545349121,11.382584571838379,236772166,0.03448791394995654,0.5049005159162562,2762091219.4765773
2008-04-07,11.820001602172852,11.875986099243164,12.090681076049805,11.794042587280273,11.881216049194336,238631108,0.012089972349043965,0.5055027880875345,2844539264.50309
2008-04-08,11.596651077270508,11.65157699584961,11.809235572814941,11.507118225097656,11.781839370727539,182561731,-0.01907679133047946,0.4785050304772565,2127935325.0658107
2008-04-09,11.506913185119629,11.56141471862793,11.755935668945312,11.39578628540039,11.684453964233398,242830791,-0.007768354909931663,0.4357150890684092,2809806145.4630985
2008-04-10,11.628131866455078,11.683208465576172,11.802262306213379,11.503132820129395,11.58059310913086,203656504,0.010479321771589944,0.4364692796844154,2375218895.790685
2008-04-11,11.339834213256836,11.39354419708252,11.63787841796875,11.332772254943848,11.558425903320312,167413162,-0.02510564450625674,0.44702234418683,1917672840.9233537
2008-04-14,11.196304321289062,11.249335289001465,11.39354419708252,11.211726188659668,11.386321067810059,154280120,-0.012737926015424339,0.4474792312098589,1741030875.3507106
2008-04-15,11.076820373535156,11.129284858703613,11.450081825256348,11.051575660705566,11.410481452941895,183790319,-0.010729082297210812,0.4213369135971184,2060347207.2655618
2008-04-16,11.279844284057617,11.333270072937012,11.414216995239258,10.983830451965332,11.068511962890625,306372069,0.01816277113195852,0.3973744251893519,3444777846.247244
2008-04-17,11.14375114440918,11.196533203125,11.441365242004395,11.121315002441406,11.348214149475098,536122013,-0.012138536045339876,0.3951636573927614,6033019156.93611
2008-04-18,13.371559143066406,13.434892654418945,13.641368865966797,13.070259094238281,13.33028507232666,732158060,0.18225109402900364,0.7385366304359312,9797866216.31771
2008-04-21,13.331400871276855,13.394543647766113,13.5140962600708,13.207743644714355,13.434394836425781,298703433,-0.0030077790659222003,0.7172565325114297,3994300495.5639334
2008-04-22,13.75802230834961,13.823186874389648,13.968393325805664,13.388814926147461,13.389063835144043,318730218,0.03149987429697765,0.7134716504740015,4375145438.648457
2008-04-23,13.547065734863281,13.611231803894043,13.930535316467285,13.473249435424805,13.89641284942627,197597880,-0.01545212164195453,0.7186012223063903,2701493439.862747
2008-04-24,13.461543083190918,13.525303840637207,13.810484886169434,13.450085639953613,13.73078441619873,166023975,-0.006333013157899359,0.7061400879095415,2257144328.7400484
2008-04-25,13.486828804016113,13.550708770751953,13.7733736038208,13.517582893371582,13.674245834350586,167200368,0.0018766052622134488,0.7016208962488457,2276247154.177704
2008-04-28,13.686630249023438,13.751456260681152,13.868268013000488,13.424680709838867,13.596038818359375,160945009,0.014705897060520723,0.7014559380067754,2201964043.157451
2008-04-29,13.844040870666504,13.909612655639648,14.032402992248535,13.69890308380127,13.719326972961426,174491595,0.011435415890927558,0.6825966966922522,2421996775.5859566
2008-04-30,14.236207008361816,14.303635597229004,14.566900253295898,13.909612655639648,14.002763748168945,317304895,0.027933630732553727,0.6847478413924729,4524783509.944316
2008-05-01,14.701996803283691,14.771632194519043,14.817709922790527,14.370386123657227,14.40376091003418,265101957,0.03219481278687297,0.6773452649772014,3884603328.622822
2008-05-02,14.409732818603516,14.477983474731445,15.00500774383545,14.42841911315918,14.906376838684082,281001329,-0.02007945306590475,0.6820691299654756,4113054887.159786
2008-05-05,14.747113227844238,14.816962242126465,14.919079780578613,14.623437881469727,14.915593147277832,252181709,0.023143481813120204,0.6834624222900179,3728883150.861986
2008-05-06,14.53541374206543,14.604260444641113,14.744732856750488,14.520572662353516,14.719825744628906,185866070,-0.014459351432884127,0.6810793457395016,2717954606.095689
2008-05-07,14.352964401245117,14.420947074890137,14.931283950805664,14.356937408447266,14.701644897460938,265511486,-0.012631499476878805,0.6829994376782176,3868428754.2578726
2008-05-08,14.45236873626709,14.520821571350098,14.677485466003418,14.418704986572266,14.600275039672852,205684075,0.0069018281540316195,0.6831492633464112,2990441590.801684
2008-05-09,14.209186553955078,14.276488304138184,14.57038688659668,14.229166030883789,14.420947074890137,180068420,-0.016969631658400264,0.6783133136560192,2585544894.21058
2008-05-12,14.500212669372559,14.568891525268555,14.613972663879395,14.169638633728027,14.315093994140625,195285244,0.02027462032140681,0.6731824910079895,2822034697.2586746
2008-05-13,14.452120780944824,14.520572662353516,14.643860816955566,14.409738540649414,14.601021766662598,207314163,-0.0033221455356176044,0.670384577810606,3011181000.2452383
2008-05-14,14.286032676696777,14.35369873046875,14.72455883026123,14.327547073364258,14.607498168945312,175688063,-0.011558846583441085,0.6755344762443394,2541960579.706814
2008-05-15,14.402543067932129,14.470760345458984,14.519328117370605,14.336512565612793,14.420947074890137,174359100,0.00812246887620649,0.6700980356340646,2518129053.7927628
2008-05-16,14.37948989868164,14.447596549987793,14.562416076660156,14.404009819030762,14.481470108032227,171604815,-0.0016019142363581373,0.26206704143658094,2483351763.3988476
2008-05-19,14.316275596618652,14.384084701538086,14.667023658752441,14.28445816040039,14.409738540649414,225020282,-0.004405835023270299,0.2625576400300419,3250460466.3718767
2008-05-20,14.343048095703125,14.41098403930664,14.507621765136719,14.269265174865723,14.312105178833008,133040807,0.0018683278893583122,0.24204583697352,1915249735.8997202
2008-05-21,13.633829116821289,13.698405265808105,14.480972290039062,13.646100997924805,14.408991813659668,259693761,-0.050711232302679043,0.29840757553891134,3620605277.084628
2008-05-22,13.620689392089844,13.685203552246094,13.803510665893555,13.455814361572266,13.747221946716309,203813089,-0.0009642236567253271,0.29747621910826866,2781676949.159956
2008-05-23,13.500711441040039,13.564656257629395,13.7733736038208,13.395042419433594,13.62293815612793,177924414,-0.008847532207603148,0.29919959507916144,2415802671.9986305
2008-05-27,13.904278755187988,13.970135688781738,14.01247787475586,13.545477867126465,13.573124885559082,155199554,0.029454233490645798,0.31236273853822094,2148380422.8367615
2008-05-28,14.08623218536377,14.15295124053955,14.233898162841797,13.975117683410645,14.145479202270508,162623276,0.013001262718186801,0.3130813561116362,2296347288.4860964
2008-05-29,14.452120780944824,14.520572662353516,14.592304229736328,14.276488304138184,14.316089630126953,194526410,0.02564329103567964,0.31067755290945426,2813459147.933728
2008-05-30,14.521531105041504,14.590312004089355,14.692927360534668,14.478232383728027,14.532279014587402,129491554,0.004791281206379061,0.2894761844025098,1888913660.6737347
2008-06-02,14.253807067871094,14.321319580078125,14.542739868164062,14.228418350219727,14.508119583129883,147518872,-0.018608418152320727,0.28827228309503233,2118984572.1713815
2008-06-03,14.062931060791016,14.129538536071777,14.458307266235352,13.96291446685791,14.35867977142334,172857493,-0.013481700984047773,0.2780198777593943,2451739248.457291
2008-06-04,14.184893608093262,14.252079963684082,14.396039962768555,14.06104564666748,14.080472946166992,135032244,0.008635235215380899,0.27685126453753617,1922371488.9019852
2008-06-05,14.533926010131836,14.602765083312988,14.646102905273438,14.351456642150879,14.373126029968262,157255230,0.02430807344700936,0.2869805771688757,2285459692.6270866
2008-06-06,14.05549430847168,14.12206745147705,14.463786125183105,14.12206745147705,14.439626693725586,190089843,-0.033472268047211706,0.3090065177623169,2706114001.0316668
2008-06-09,13.829168319702148,13.894668579101562,14.196786880493164,13.584083557128906,14.148468017578125,212324874,-0.01623336541130227,0.30854901627115106,2949584523.5359764
2008-06-10,13.737447738647461,13.802515029907227,13.918331146240234,13.618454933166504,13.687694549560547,146844353,-0.006654492472096596,0.29867108213026317,2023480974.9564638
2008-06-11,13.515087127685547,13.5791015625,13.881468772888184,13.560670852661133,13.854071617126465,153087667,-0.01631888899120426,0.30237307539905683,2093282036.9742594
2008-06-12,13.707205772399902,13.77212905883789,13.897907257080078,13.62094497680664,13.667770385742188,220487355,0.01411503690207283,0.3066098896104503,3034713083.52911
2008-06-13,14.167292594909668,14.234395980834961,14.338754653930664,13.981095314025879,13.984830856323242,248303226,0.03301430610701539,0.3283573038075427,3522118849.6941204
2008-06-16,14.1995210647583,14.266775131225586,14.423437118530273,14.109614372253418,14.109614372253418,142243171,0.0022722667481880343,0.3285151110641672,2029327685.6549392
2008-06-17,14.116475105285645,14.183337211608887,14.397784233093262,14.156437873840332,14.354944229125977,139035192,-0.005865673740121924,0.3287652701291396,1980674921.8216476
2008-06-18,13.940966606140137,14.006998062133789,14.171630859375,13.926798820495605,14.060049057006836,135754943,-0.012510819066772427,0.33110404135430116,1905339981.035475
2008-06-19,13.886927604675293,13.952701568603516,14.041868209838867,13.718828201293945,13.831905364990234,228176066,-0.0038838058663177577,0.278771600663174,3172666350.169528
2008-06-20,13.545578956604004,13.609737396240234,13.872502326965332,13.561917304992676,13.872502326965332,240221045,-0.02488771971064274,0.29274596191784624,3286556764.152625
2008-06-23,13.515336036682129,13.579351425170898,13.77711009979248,13.499898910522461,13.583086967468262,145981130,-0.002235174421894026,0.29119642867616463,1988085888.0198383
2008-06-24,13.443199157714844,13.50687313079834,13.728293418884277,13.327545166015625,13.577608108520508,187604562,-0.005351704060931883,0.2711260680697895,2536583254.985279
2008-06-25,13.658866882324219,13.72356128692627,13.892926216125488,13.540994644165039,13.573373794555664,165506041,0.015915559850561145,0.27329408402255556,2270603975.904677
2008-06-26,13.109040260314941,13.171131134033203,13.57237720489502,13.157183647155762,13.551705360412598,227228528,-0.0410868107809188,0.2868428293287792,3022191835.3930864
2008-06-27,13.090448379516602,13.152450561523438,13.200521469116211,12.82916259765625,13.142738342285156,218716743,-0.0014192554804948188,0.2850041553488865,2856596289.8961315
2008-06-30,13.049545288085938,13.11135482788086,13.399773597717285,13.027668952941895,13.262041091918945,151176531,-0.003129543590153272,0.28082067962148166,1992446075.8665257
2008-07-01,13.255544662475586,13.318329811096191,13.367894172668457,12.876734733581543,12.940994262695312,199139637,0.015662640655820237,0.28699736133829823,2626184412.5394354
2008-07-02,13.064916610717773,13.126797676086426,13.459052085876465,13.102389335632324,13.362663269042969,169553154,-0.014485413687360005,0.2863782698759684,2243088705.234461
2008-07-03,13.311817169189453,13.374868392944336,13.430410385131836,13.13825511932373,13.22243881225586,96379907,0.018721633393618653,0.279973388018846,1283251360.7609167
2008-07-07,13.483112335205078,13.54697322845459,13.673747062683105,13.339998245239258,13.50687313079834,170845981,0.012785814536310447,0.2647626697533444,2309878582.804068
2008-07-08,13.74637222290039,13.811481475830078,13.827919960021973,13.44958782196045,13.598777770996094,198035514,0.019336986731407713,0.26936317167202906,2712359702.470459
2008-07-09,13.42460823059082,13.488192558288574,13.840124130249023,13.467768669128418,13.717582702636719,166782808,-0.023685493076379682,0.28063427564506266,2268028557.119741
2008-07-10,13.400314331054688,13.463784217834473,13.686201095581055,13.218454360961914,13.574121475219727,173917451,-0.001811293667090652,0.27519078862324864,2340258709.671665
2008-07-11,13.232490539550781,13.295166015625,13.4371337890625,12.937257766723633,13.362414360046387,200002860,-0.01260295441381487,0.272917750524603,2644674989.7389603
2008-07-14,12.930558204650879,12.991804122924805,13.451082229614258,12.838129997253418,13.424680709838867,177655409,-0.02308184667737123,0.2509780696217036,2326161675.1860237
2008-07-15,12.793473243713379,12.854069709777832,13.13825511932373,12.480718612670898,12.85880184173584,243750224,-0.010658225085930173,0.25052492965863254,3125937652.297923
2008-07-16,13.277112007141113,13.339998245239258,13.362414360046387,12.717331886291504,12.803010940551758,190398997,0.037106513010598086,0.29010442518952406,2501826604.3975215
2008-07-17,13.223567008972168,13.286199569702148,13.376112937927246,13.0635347366333,13.304133415222168,352813493,-0.004041033892149493,0.28810272470950454,4671938309.544249
2008-07-18,11.931551933288574,11.988065719604492,12.427916526794434,11.910107612609863,12.412225723266602,453389067,-0.10281430290255233,0.45083641161077614,5489950662.978052
2008-07-21,11.62119197845459,11.67623519897461,12.05705738067627,11.599023818969727,11.977107048034668,236944811,-0.026355988197682034,0.45157432174962514,2790603010.4211197
2008-07-22,11.827190399169922,11.883209228515625,11.961416244506836,11.596532821655273,11.624428749084473,188363396,0.01757082576205926,0.4596991066431721,2225272311.5196886
2008-07-23,12.127386093139648,12.18482780456543,12.384329795837402,11.907865524291992,11.995288848876953,196497772,0.02506505682318272,0.4726616739223485,2389217924.398337
2008-07-24,11.790253639221191,11.846097946166992,12.375364303588867,11.846097946166992,12.371129989624023,142166886,-0.028192981250922067,0.472527188143631,1709204239.5573006
2008-07-25,12.195806503295898,12.253570556640625,12.28221321105957,11.992548942565918,12.116832733154297,127817302,0.03381893601418051,0.47620640917372864,1556317644.5281873
2008-07-28,11.827437400817871,11.883458137512207,12.25631046295166,11.833893775939941,12.25631046295166,126873778,-0.030670127584372153,0.48517937531461003,1521371484.73027
2008-07-29,11.97592544555664,12.032649040222168,12.136011123657227,11.905376434326172,11.937753677368164,112532223,0.012476385948665403,0.4889566217755405,1353163843.65981
2008-07-30,11.965761184692383,12.02243709564209,12.105127334594727,11.77610969543457,12.09217643737793,140151360,-0.0008490848311475396,0.4837754630663004,1677316252.5698853
2008-07-31,11.743898391723633,11.799522399902344,11.97735595703125,11.741988182067871,11.819697380065918,115033564,-0.018715517042038332,0.4850272211239276,1361953935.740561
2008-08-01,11.597888946533203,11.65282154083252,11.786321640014648,11.519323348999023,11.768637657165527,120766974,-0.012510725721060822,0.47749117830941573,1407276072.829935
2008-08-04,11.477413177490234,11.531776428222656,11.781091690063477,11.504379272460938,11.659297943115234,99852875,-0.010442061653883172,0.47216322355311824,1158867417.1841145
2008-08-05,11.895112991333008,11.95145320892334,11.957181930541992,11.614714622497559,11.646098136901855,143917423,0.03574661024210979,0.4873270493397346,1704142984.6897874
2008-08-06,12.055994033813477,12.113097190856934,12.198527336120605,11.768637657165527,11.914590835571289,135538133,0.013434323680260096,0.4884570724522195,1630083791.529751
2008-08-07,11.877016067504883,11.933271408081055,12.054816246032715,11.865774154663086,12.00500202178955,111367875,-0.01495685683488146,0.4893646896952922,1330989466.729045
2008-08-08,12.270916938781738,12.3290376663208,12.347469329833984,11.847841262817383,11.958925247192383,150132633,0.032626876451336884,0.5064362179107006,1827832190.9094858
2008-08-11,12.415438652038574,12.4742431640625,12.674492835998535,12.248588562011719,12.265774726867676,170207597,0.01170876469179749,0.5040205527994339,2121769582.6464937
2008-08-12,12.459314346313477,12.518327713012695,12.605999946594238,12.403509140014648,12.503134727478027,110641162,0.0035277326999128,0.5033508187570019,1384041156.9521642
2008-08-13,12.39535903930664,12.454069137573242,12.54149055480957,12.30089282989502,12.493172645568848,145563571,-0.005146351928980941,0.48354225409359425,1809668271.5915728
2008-08-14,12.530708312988281,12.590059280395508,12.642861366271973,12.360918045043945,12.396037101745605,117181585,0.010860165148377288,0.48604916776753304,1468435201.376357
2008-08-15,12.646225929260254,12.706124305725098,12.718827247619629,12.59030818939209,12.627419471740723,142359606,0.009176528467799372,0.32218903947901034,1803945799.6545582
2008-08-18,12.3524751663208,12.410981178283691,12.702387809753418,12.341490745544434,12.698403358459473,133855851,-0.02350236382814197,0.31905923198254194,1671184041.241397
2008-08-19,12.159116744995117,12.21670913696289,12.410482406616211,12.120320320129395,12.214964866638184,122316761,-0.015777223520970995,0.32079395104556935,1498278875.3259656
2008-08-20,12.02277660369873,12.07972240447998,12.370881080627441,12.01919937133789,12.32181453704834,159881036,-0.011276336722712443,0.3114967534895483,1943609954.4680786
2008-08-21,12.060705184936523,12.117829322814941,12.201765060424805,11.937006950378418,12.027915954589844,141090868,0.0031497615608997442,0.2947260316697866,1705158450.9633813
2008-08-22,12.161348342895508,12.218950271606445,12.325799942016602,12.191304206848145,12.241615295410156,92232419,0.008310091217002213,0.27137001219674833,1129418387.9052336
2008-08-25,11.973445892333984,12.030158042907715,12.378602027893066,11.992548942565918,12.107369422912598,80874004,-0.015571398323600327,0.2544694812352085,981306536.9174181
2008-08-26,11.75406265258789,11.809734344482422,12.041365623474121,11.720816612243652,12.041365623474121,132823998,-0.018492417032290653,0.2587986845208363,1574934725.5682259
2008-08-27,11.615737915039062,11.670755386352539,11.826421737670898,11.577604293823242,11.799023628234863,176141757,-0.011838043079458682,0.2615309507688003,2059377875.110155
2008-08-28,11.74464225769043,11.800270080566406,11.866769790649414,11.71434211730957,11.768139839172363,121642242,0.011036263114299949,0.25705053850441656,1434623543.3808823
2008-08-29,11.484602928161621,11.5389986038208,11.731278419494629,11.51508903503418,11.699895858764648,154504960,-0.022389896069527015,0.2652520024294678,1791503863.8102212
2008-09-02,11.53318977355957,11.58781623840332,12.009486198425293,11.492424011230469,11.874740600585938,245376296,0.004221683476742122,0.26316386968512834,2870062367.8259916
2008-09-03,11.51236629486084,11.566893577575684,11.812972068786621,11.446595191955566,11.674490928649902,173230887,-0.0018071583349130727,0.22920896645609826,2011006234.0308561
2008-09-04,11.161598205566406,11.214465141296387,11.53775405883789,11.193045616149902,11.457056045532227,194666935,-0.030942632520048807,0.24342781336127095,2202673553.1831264
2008-09-05,11.012615203857422,11.064777374267578,11.26926040649414,10.960915565490723,11.095661163330078,182051827,-0.01343770268609834,0.24261014663536107,2020469028.8550067
2008-09-08,10.410237312316895,10.459545135498047,11.281214714050293,10.399768829345703,11.25830078125,362068052,-0.056251773458543486,0.26810023161567637,3879019536.3391
2008-09-09,10.37825870513916,10.427414894104004,10.769135475158691,10.336256980895996,10.53974437713623,290267933,-0.0030765700774852967,0.2589756633523573,3050987603.739257
2008-09-10,10.266707420349121,10.315336227416992,10.572372436523438,10.203754425048828,10.572122573852539,250005583,-0.010806738043716901,0.2549833882415146,2591013118.62858
2008-09-11,10.75232982635498,10.80325698852539,10.836631774902344,10.121562004089355,10.17062759399414,259826256,0.04621608830650015,0.3200940316197745,2750819612.6840973
2008-09-12,10.849254608154297,10.900642395019531,11.0084867477417,10.68494987487793,10.715086936950684,242023777,0.008973918792688274,0.3188237679791712,2629514037.228493
2008-09-15,10.75505542755127,10.80599594116211,11.007988929748535,10.553194046020508,10.560417175292969,263680649,-0.008720461556608328,0.3132008831713238,2844866247.7051744
2008-09-16,10.979893684387207,11.031900405883789,11.190056800842285,10.597528457641602,10.609233856201172,280676114,0.020689837013315948,0.3229828457412848,3070548566.5844755
2008-09-17,10.27488899230957,10.323554992675781,10.937503814697266,10.297403335571289,10.921065330505371,366444394,-0.06636279671819167,0.38412543313689307,3854807178.514393
2008-09-18,10.884455680847168,10.936009407043457,10.93850040435791,10.224177360534668,10.526543617248535,344863807,0.057632730427342516,0.44657507392035617,3689891819.271975
2008-09-19,11.134081840515137,11.186819076538086,11.508612632751465,11.040616989135742,11.481963157653809,401740198,0.022675153155512273,0.4560588234305227,4517708961.281006
2008-09-22,10.662839889526367,10.713343620300293,11.310853958129883,10.68494987487793,11.310853958129883,176952786,-0.04324605083380373,0.4730926606543673,1929324923.182558
2008-09-23,10.64127254486084,10.691675186157227,10.978599548339844,10.603256225585938,10.790802955627441,208948265,-0.0020247125619361483,0.4721674692077666,2247832766.5110426
2008-09-24,10.786042213439941,10.837129592895508,11.083456039428711,10.712596893310547,10.718324661254883,170316002,0.013512833789685708,0.4743893609258438,1852651060.100792
2008-09-25,10.897346496582031,10.94896125793457,11.207989692687988,10.85879898071289,10.930031776428223,201564693,0.01026640828548775,0.47612335907852305,2218269833.0248003
2008-09-26,10.685150146484375,10.735759735107422,10.888188362121582,10.486444473266602,10.660043716430664,212493504,-0.01966437816478095,0.47641125646558546,2274416610.706726
2008-09-29,9.444696426391602,9.489431381225586,10.548213005065918,9.482208251953125,10.448586463928223,432129680,-0.12340158151363312,0.6277439236525867,4252134824.7372694
2008-09-30,9.928582191467285,9.975608825683594,10.587315559387207,9.771373748779297,9.862532615661621,123914728,0.04996432830787745,0.6597314798560239,1252955434.1089807
2008-10-01,10.206222534179688,10.254563331604004,10.38557243347168,10.039868354797363,10.24036693572998,250326782,0.02757989910695935,0.6706651731020735,2560008901.0248537
2008-10-02,9.679945945739746,9.725794792175293,10.211226463317871,9.613965034484863,10.206494331359863,240293315,-0.052941269499381605,0.6851278108304415,2366968152.3794575
2008-10-03,9.591200828552246,9.636630058288574,10.273990631103516,9.540987968444824,9.896655082702637,320914374,-0.00921021935708266,0.6847927576219376,3150481518.574238
2008-10-06,9.202010154724121,9.24559497833252,9.364648818969727,8.89565658569336,9.314586639404297,450506303,-0.041424142530886776,0.6731536804735185,4130527164.076545
2008-10-07,8.577322006225586,8.617947578430176,9.339492797851562,8.602007865905762,9.298397064208984,443833384,-0.07030021097352446,0.7085131436494528,3929323263.5009766
2008-10-08,8.381486892700195,8.421184539794922,8.941235542297363,8.122305870056152,8.223177909851074,474829130,-0.023096412042631354,0.7100664165430826,4033630084.0490217
2008-10-09,8.15516185760498,8.193787574768066,8.681709289550781,8.011719703674316,8.58083724975586,324210683,-0.027374248722600747,0.681542182850523,2689567160.4926596
2008-10-10,8.230024337768555,8.26900577545166,8.515332221984863,7.728531837463379,7.799765110015869,425500926,0.009137888357757973,0.6816115233783591,3476749604.555792
2008-10-13,9.44519329071045,9.48992919921875,9.513092994689941,8.611472129821777,8.86153507232666,357555200,0.13771699372934698,0.8602787016791567,3291235346.9401045
2008-10-14,8.991301536560059,9.033888816833496,9.825671195983887,8.891672134399414,9.801511764526367,312559174,-0.04924835157538654,0.8664409077603389,2891300732.4721093
2008-10-15,8.407763481140137,8.447586059570312,8.941485404968262,8.439118385314941,8.833141326904297,269863738,-0.06710211107754782,0.8670505450003808,2323363952.8850427
2008-10-16,8.751093864440918,8.792543411254883,8.879219055175781,7.707111835479736,8.287935256958008,652022815,0.04002320267245718,0.8517415313641017,5515868354.620926
2008-10-17,9.234980583190918,9.27872085571289,9.613965034484863,9.0548095703125,9.43862247467041,572104380,0.053819805489998096,0.8737458831960196,5329628187.662678
2008-10-20,9.403050422668457,9.447587966918945,9.488932609558105,8.95617961883545,9.458297729492188,271148536,0.018035638557823752,0.869505537397275,2521021607.6819663
2008-10-21,8.992293357849121,9.03488540649414,9.558671951293945,9.016204833984375,9.274985313415527,232146894,-0.044666232747688106,0.8793323114416673,2136506845.63287
2008-10-22,8.81678581237793,8.858546257019043,9.20773696899414,8.567885398864746,8.891423225402832,263383540,-0.019710533698986676,0.8763994922002359,2338333872.4590936
2008-10-23,8.733742713928223,8.77510929107666,8.91657829284668,8.418196678161621,8.808235168457031,260127380,-0.009463386595199186,0.8732809589134196,2263965261.7331314
2008-10-24,8.410737991333008,8.45057487487793,8.72903060913086,8.088184356689453,8.131272315979004,295463334,-0.037684774861214354,0.8777307278163058,2488568476.381344
2008-10-27,8.167803764343262,8.206489562988281,8.54297924041748,8.109602928161621,8.338993072509766,248957670,-0.02930916613946266,0.782407276045964,2062952192.2179606
2008-10-28,9.141030311584473,9.184325218200684,9.198272705078125,8.182082176208496,8.444598197937012,325431241,0.11257304902902643,0.865662218230534,2881658937.1813855
2008-10-29,8.874544143676758,8.91657829284668,9.240365028381348,8.77635383605957,9.110601425170898,391726805,-0.029586134719759016,0.8618610771254906,3516831481.1799507
2008-10-30,8.916438102722168,8.958670616149902,9.265271186828613,8.925793647766113,9.177102088928223,320753774,0.004709581056256962,0.8460679378510747,2902793369.642644
2008-10-31,8.908258438110352,8.950451850891113,9.264274597167969,8.823677062988281,8.870750427246094,298044974,-0.0009177901197086058,0.845924261322309,2686220090.4838734
2008-11-03,8.589221000671387,8.629902839660645,9.040863037109375,8.503874778747559,8.906118392944336,239072757,-0.036470715769227,0.8433100034172162,2085881168.3329582
2008-11-04,9.096159934997559,9.139244079589844,9.274237632751465,8.605244636535645,8.803004264831543,295097969,0.057344294180044386,0.8313563578370944,2657723756.840125
2008-11-05,8.483866691589355,8.524049758911133,9.187562942504883,8.500886917114258,9.019941329956055,278901487,-0.06968601563760757,0.8646962205249039,2436901707.198342
2008-11-06,8.210689544677734,8.249579429626465,8.578346252441406,8.11483383178711,8.467512130737305,344277618,-0.03272941533229545,0.8670749154078392,2862411277.2589436
2008-11-07,8.208706855773926,8.247586250305176,8.496902465820312,8.102877616882324,8.296900749206543,187953866,-0.0002415057003424259,0.8664827195583422,1556719520.7356873
2008-11-10,7.902310848236084,7.939740180969238,8.205245018005371,7.707859039306641,8.169379234313965,324415448,-0.03804017349215805,0.7141558263335371,2579410383.2120767
2008-11-11,7.720852851867676,7.757422924041748,7.877971172332764,7.484944820404053,7.688432216644287,407385278,-0.023230398159659327,0.7011978654638825,3139628565.688685
2008-11-12,7.21366548538208,7.247832775115967,7.783076763153076,7.167136192321777,7.523052215576172,403550960,-0.06794761976794961,0.7021071498619083,2986014221.567942
2008-11-13,7.736222267150879,7.772864818572998,7.795780181884766,6.973859786987305,7.2670111656188965,531372276,0.06993627806585634,0.7345803863740763,3992820691.8818607
2008-11-14,7.6851582527160645,7.721558094024658,8.094409942626953,7.535754203796387,7.5529398918151855,382110897,-0.006622520078327199,0.7014093232066174,2974315843.9308114
2008-11-17,7.439743995666504,7.474981784820557,7.725045204162598,7.420935153961182,7.546712875366211,302883041,-0.032454530126040826,0.6984661237555249,2283835268.066952
2008-11-18,7.3728132247924805,7.407733917236328,7.564895153045654,7.107110977172852,7.511096954345703,335095329,-0.009037092703385374,0.6880843490360761,2466272585.145451
2008-11-19,6.945446491241455,6.9783430099487305,7.476725101470947,6.938492774963379,7.357173919677734,314558640,-0.0597130826295742,0.708855064641851,2243176472.3926163
2008-11-20,6.434292316436768,6.464767932891846,7.047085762023926,6.451817035675049,6.846587181091309,392642224,-0.07644440287063059,0.7429787175947604,2612860024.954295
2008-11-21,6.505438327789307,6.536251068115234,6.709103107452393,6.159412860870361,6.538242816925049,411315956,0.01099663204080037,0.7435700080007752,2660496768.1832595
2008-11-24,6.381738662719727,6.411965847015381,6.72354793548584,6.202003002166748,6.706363201141357,403695499,-0.01919791500741863,0.7415690378675788,2602156162.6024704
2008-11-25,6.991802215576172,7.024919033050537,7.139739036560059,6.65804386138916,6.6919169425964355,432462924,0.0912977728089992,0.6988370991522962,3001682187.5535336
2008-11-26,7.240686893463135,7.27498197555542,7.358917236328125,6.879214763641357,6.980834007263184,255217044,0.03497772597785098,0.715498411868286,1830171118.689518
2008-11-28,7.2622528076171875,7.296649932861328,7.383574962615967,7.180087089538574,7.237372875213623,103004645,0.0029740080968307936,0.7150685971763355,750571225.2019349
2008-12-01,6.593687057495117,6.624917984008789,7.157670974731445,6.624669075012207,7.140236854553223,229304279,-0.09657739993380599,0.7735220679634047,1559823863.2655206
2008-12-02,6.819765567779541,6.852066993713379,6.918568134307861,6.539987087249756,6.718069076538086,234463545,0.03371241219064203,0.7870195921498213,1587366828.5827303
2008-12-03,6.926853656768799,6.959662914276123,7.00773286819458,6.608728885650635,6.721057891845703,237077306,0.01558059528356237,0.7535165590146412,1626044068.0794501
2008-12-04,6.80067777633667,6.832889080047607,7.060783863067627,6.694159030914307,6.887434005737305,196196647,-0.01838341211652672,0.7258175845598284,1346421200.7679956
2008-12-05,7.039893627166748,7.073237895965576,7.079463958740234,6.575851917266846,6.750198841094971,261825722,0.03457078007262138,0.7377477677615276,1809089519.1208549
2008-12-08,7.48907470703125,7.524546146392822,7.707111835479736,7.023674011230469,7.222678184509277,326993073,0.0618521925074611,0.7759395425728612,2425779799.686658
2008-12-09,7.584761142730713,7.620686054229736,7.920312881469727,7.39752197265625,7.414459228515625,276629001,0.012695868778001884,0.768195192051126,2115153374.4320178
2008-12-10,7.6554107666015625,7.691669940948486,7.843101978302002,7.584321975708008,7.7021307945251465,210265182,0.009271566014956711,0.7651284056545468,1620380161.8328457
2008-12-11,7.442223072052002,7.47747278213501,7.79279088973999,7.41719913482666,7.5758538246154785,248094446,-0.028243083358607812,0.7326200549660705,1876211172.0580845
2008-12-12,7.827447414398193,7.8645219802856445,7.882205963134766,7.3225531578063965,7.365143775939941,229741913,0.050466851917339905,0.7125460458411087,1766660257.2435312
2008-12-15,7.70127010345459,7.7377471923828125,7.932517051696777,7.599266052246094,7.820934772491455,270526212,-0.016251192379772128,0.7145493346841572,2098339295.3614082
2008-12-16,8.063440322875977,8.101633071899414,8.20673942565918,7.75269079208374,7.8336381912231445,283442445,0.04595504075742829,0.7209982925297264,2273308869.371989
2008-12-17,7.814557075500488,7.851570129394531,8.023177146911621,7.781333923339844,7.936253070831299,232456049,-0.03135201844742497,0.730167422864926,1832999723.4976296
2008-12-18,7.691601753234863,7.728033065795898,7.9788432121276855,7.698893070220947,7.88793420791626,191254191,-0.015859233831957642,0.6978248131506523,1492150493.8039932
2008-12-19,7.688876152038574,7.72529411315918,7.915081977844238,7.696153163909912,7.7457170486450195,225345496,-0.00035442347651448713,0.6323758027092445,1752927253.288985
2008-12-22,7.365128040313721,7.400012969970703,7.708605766296387,7.238617897033691,7.68519401550293,157291365,-0.043018194024467826,0.6572503334476419,1171675784.676628
2008-12-23,7.387686729431152,7.422677993774414,7.554433822631836,7.389053821563721,7.48270320892334,151674390,0.003058224081524008,0.6508911751816396,1130791509.9260187
2008-12-24,7.509897708892822,7.545467853546143,7.629900932312012,7.431643962860107,7.508854866027832,77148090,0.01640718621354864,0.5764593412187652,581362618.0564213
2008-12-26,7.445693016052246,7.480959892272949,7.603002071380615,7.429901123046875,7.573362827301025,78657728,-0.008586098464121061,0.5661687362131566,590296439.6343079
2008-12-29,7.3728132247924805,7.407733917236328,7.506363868713379,7.262279033660889,7.47747278213501,148631025,-0.00983640020074561,0.5674521758552513,1098699205.828321
2008-12-30,7.513863563537598,7.549452781677246,7.64160680770874,7.439864158630371,7.491918087005615,154316255,0.01895044298785975,0.4454171498898041,1164106466.6614828
2008-12-31,7.626406669616699,7.662528991699219,7.745965957641602,7.536999225616455,7.576601028442383,115904817,0.014866997387251057,0.43559087604815655,886497767.7743297
2009-01-02,7.96527624130249,8.003003120422363,8.015456199645996,7.608980178833008,7.686190128326416,144961322,0.04347483791660922,0.4539561258734473,1141688288.41192
2009-01-05,8.13210678100586,8.170623779296875,8.250077247619629,7.845592975616455,7.995032787322998,196293007,0.020728401987986977,0.44652459853971177,1587767939.5010867
2009-01-06,8.281089782714844,8.320313453674316,8.488183975219727,8.129279136657715,8.293414115905762,257971329,0.018154549361713013,0.43818583402865663,2144410454.306814
2009-01-07,7.982380390167236,8.020188331604004,8.241856575012207,7.938992977142334,8.177349090576172,180453860,-0.036737914518486736,0.4181590383491645,1455723567.3768203
2009-01-08,8.061209678649902,8.099390983581543,8.099390983581543,7.903873920440674,7.9272871017456055,144567852,0.009826967968840972,0.4174544661840055,1161489729.7220097
2009-01-09,7.810342311859131,7.8473358154296875,8.156926155090332,7.805741786956787,8.156926155090332,174270770,-0.03161483662212872,0.43343298383641504,1383129229.5061255
2009-01-12,7.751344203948975,7.788057804107666,7.943974018096924,7.72678804397583,7.878220081329346,132667413,-0.007582518838511465,0.42160101036078124,1037406981.2263875
2009-01-13,7.791750907897949,7.828656196594238,7.98507022857666,7.730772972106934,7.765143871307373,177964564,0.005199324160892971,0.38344139485031203,1396695523.2782707
2009-01-14,7.460814952850342,7.496152877807617,7.815704822540283,7.415953159332275,7.721059799194336,219535801,-0.043400946898507264,0.40842719945952527,1663189387.3521287
2009-01-15,7.411731719970703,7.446836948394775,7.561159133911133,7.142975807189941,7.41146993637085,238269759,-0.006600538853300364,0.37001561887407514,1759302244.575317
2009-01-16,7.4285888671875,7.46377420425415,7.677473068237305,7.364894866943359,7.597023963928223,209759293,0.0022718046241529954,0.35700087215689347,1573624154.4417846
2009-01-20,7.009155750274658,7.042354106903076,7.459539890289307,7.042354106903076,7.450572967529297,202684876,-0.05811865828929652,0.4037553304106458,1455564418.4972744
2009-01-21,7.513120651245117,7.5487060546875,7.559165954589844,7.181830883026123,7.181830883026123,197718329,0.06943365351509523,0.47839676443269297,1469027603.2575693
2009-01-22,7.597898483276367,7.633885860443115,7.704870223999023,7.351195812225342,7.423175811767578,331919470,0.011220781441325212,0.4548182981828881,2510412269.2891216
2009-01-23,8.049062728881836,8.087186813354492,8.268009185791016,7.577098846435547,7.702877998352051,430921167,0.057683959760539416,0.49461708213651245,3437644141.2819576
2009-01-26,8.028488159179688,8.06651496887207,8.169379234313965,7.984074115753174,8.090923309326172,185119281,-0.0025594172989085173,0.49311168047581605,1494527707.014935
2009-01-27,8.217134475708008,8.256053924560547,8.315581321716309,8.07647705078125,8.130773544311523,197830749,0.023225308205025108,0.49569431875937625,1625384839.0543718
2009-01-28,8.643260955810547,8.684199333190918,8.775358200073242,8.37635326385498,8.417946815490723,308809170,0.0505583926867863,0.5166247959444458,2659455389.8174667
2009-01-29,8.510639190673828,8.550949096679688,8.594037055969238,8.470998764038086,8.581335067749023,292444059,-0.015462886747841686,0.5210915254122983,2497080868.106242
2009-01-30,8.391899108886719,8.431646347045898,8.687437057495117,8.368632316589355,8.585070610046387,187580472,-0.014050201576990329,0.5246433605361991,1593665915.0571518
2009-02-02,8.442468643188477,8.48245620727539,8.592791557312012,8.26900577545166,8.326042175292969,209056670,0.006007910383723392,0.5054916234143427,1766128416.2387593
2009-02-03,8.439494132995605,8.479467391967773,8.54297924041748,8.314584732055664,8.532268524169922,263243015,-0.00035238914610635774,0.5013731374533393,2223265509.1749973
2009-02-04,8.502706527709961,8.54297924041748,8.827911376953125,8.447586059570312,8.470002174377441,273718132,0.007462157874947195,0.49834894023962634,2355661735.6992784
2009-02-05,8.76844596862793,8.809977531433105,8.851323127746582,8.393539428710938,8.490923881530762,291665150,0.030775064284806142,0.4880175685829817,2533096280.8202105
2009-02-06,9.203746795654297,9.247339248657227,9.31035327911377,8.852816581726074,8.878222465515137,282579221,0.048451069421721726,0.5108935466732774,2581880103.7916956
2009-02-09,9.389416694641113,9.433889389038086,9.489431381225586,9.148209571838379,9.247339248657227,199838246,0.0199725098999326,0.4931050012510443,1869921795.3671513
2009-02-10,8.887187957763672,8.929281234741211,9.402257919311523,8.913839340209961,9.364399909973145,285213056,-0.054972487168708284,0.538595434077498,2590245887.4084473
2009-02-11,8.87553596496582,8.917574882507324,9.090925216674805,8.792044639587402,8.940239906311035,210048373,-0.0013119603186830808,0.5393155707010898,1876470272.6307502
2009-02-12,8.999730110168457,9.042357444763184,9.056553840637207,8.754186630249023,8.796030044555664,222844155,0.013895865170781452,0.5080256887320034,1994685304.7150517
2009-02-13,8.86661148071289,8.908608436584473,9.040863037109375,8.847586631774902,9.020936965942383,166489714,-0.014901886007091747,0.5121106136423113,1487144846.6736245
2009-02-17,8.494277954101562,8.534510612487793,8.64484691619873,8.460537910461426,8.630400657653809,228067661,-0.0428999481832153,0.5424913837992623,1949210327.0303469
2009-02-18,8.753324508666992,8.794784545898438,8.801509857177734,8.481209754943848,8.64858341217041,241883252,0.03004081711958273,0.4932749677187819,2102570503.2618015
2009-02-19,8.493781089782715,8.534011840820312,8.961409568786621,8.503376960754395,8.903377532958984,200295955,-0.030099312833272496,0.46434641237048113,1735818049.4813218
2009-02-20,8.58823013305664,8.628907203674316,8.690425872802734,8.34372615814209,8.41969108581543,249616129,0.011058417482959992,0.4643243413699148,2135304501.481111
2009-02-23,8.181934356689453,8.220686912536621,8.7123441696167,8.20798397064209,8.64260482788086,209626799,-0.048464080124459574,0.4610359153348929,1756743503.0427725
2009-02-24,8.56343936920166,8.604000091552734,8.707860946655273,8.241358757019043,8.244597434997559,244749957,0.04557330834093021,0.48599209710686525,2084716482.031123
2009-02-25,8.468992233276367,8.509105682373047,8.774611473083496,8.441360473632812,8.521807670593262,258529413,-0.011090384060734593,0.4826889909219437,2216896406.2759676
2009-02-26,8.358431816101074,8.398021697998047,8.779342651367188,8.397523880004883,8.61670207977295,225064447,-0.013140693167365214,0.45035952387598815,1918666025.476665
2009-02-27,8.378512382507324,8.418196678161621,8.56340217590332,8.246838569641113,8.292667388916016,217612620,0.002399551053410054,0.4477016251779726,1830008788.759575
2009-03-02,8.110045433044434,8.148457527160645,8.48569393157959,8.119565963745117,8.302131652832031,232407869,-0.0325669085349749,0.45905549382396166,1917652905.3293312
2009-03-03,8.068398475646973,8.106614112854004,8.311098098754883,8.028656959533691,8.220935821533203,261970262,-0.005148461697050966,0.4583148319027376,2134740578.9043148
2009-03-04,7.905781269073486,7.9432268142700195,8.194286346435547,7.8550567626953125,8.04883098602295,313908211,-0.020360710471026167,0.46247120489754157,2510488233.9823923
2009-03-05,7.57658052444458,7.612466812133789,7.947212219238281,7.537746906280518,7.882454872131348,262175027,-0.04253231832248572,0.47987655672431395,2018522756.2781892
2009-03-06,7.649212837219238,7.685442924499512,7.725791931152344,7.328780174255371,7.651819229125977,290452622,0.009540765725927436,0.4648928676456595,2201632329.918654
2009-03-09,7.210939407348633,7.245093822479248,7.635630130767822,7.209228038787842,7.471495151519775,259822241,-0.059003510357731326,0.4523820554498497,1913153610.0509748
2009-03-10,7.639296531677246,7.675479888916016,7.733512878417969,7.328780174255371,7.428407192230225,270217058,0.057706286842565735,0.5022807612859423,2048044703.2494273
2009-03-11,7.880744457244873,7.9180707931518555,7.970126152038574,7.61421012878418,7.723549842834473,237832124,0.031116851743543616,0.49408040175815937,1863209131.1720023
2009-03-12,8.020059585571289,8.058046340942383,8.094658851623535,7.811968803405762,7.90885591506958,201717262,0.017523477796149933,0.500591396586042,1611362807.7300022
2009-03-13,8.042121887207031,8.080212593078613,8.155929565429688,7.945967197418213,8.12205696105957,156841686,0.002747113217193231,0.4967411632360155,1264254267.4732962
2009-03-16,7.924869537353516,7.962405204772949,8.212468147277832,7.9350080490112305,8.119317054748535,198613673,-0.014687107226124763,0.4966911771065886,1596184033.5531042
2009-03-17,8.312821388244629,8.352193832397461,8.352193832397461,7.947461128234863,7.974608898162842,189206544,0.04779321101779521,0.5098463619345657,1554763704.446579
2009-03-18,8.257292747497559,8.296402931213379,8.46825885772705,8.170623779296875,8.338993072509766,201239478,-0.006702289212661139,0.49728079727493585,1672654617.1776695
2009-03-19,8.178958892822266,8.217698097229004,8.368632316589355,8.153937339782715,8.261035919189453,165064391,-0.00953191147094401,0.4881219942921937,1361245743.3083665
2009-03-20,8.184412956237793,8.223177909851074,8.293663024902344,8.128033638000488,8.226663589477539,190226352,0.0006666185512140821,0.48596838475542214,1562701528.4908447
2009-03-23,8.641526222229004,8.682456016540527,8.70362663269043,8.294659614562988,8.307860374450684,171500425,0.05434772695754919,0.49332219378081665,1468086070.8520412
2009-03-24,8.606077194213867,8.64684009552002,8.812967300415039,8.567885398864746,8.630151748657227,153372732,-0.004110609117650821,0.46826967776026357,1330646117.1983871
2009-03-25,8.529230117797852,8.569628715515137,8.750699996948242,8.374858856201172,8.727288246154785,174102141,-0.008969502586011036,0.46767972185070866,1491195723.0336943
2009-03-26,8.757786750793457,8.799267768859863,8.945469856262207,8.679965019226074,8.795283317565918,241032074,0.026444117403345846,0.4733064159209289,2123066961.0668392
2009-03-27,8.619215965270996,8.660039901733398,8.767139434814453,8.604497909545898,8.717325210571289,133410187,-0.015949093772956502,0.47751277531126746,1157630309.775004
2009-03-30,8.495020866394043,8.535258293151855,8.563153266906738,8.369877815246582,8.531770706176758,124227898,-0.014513913798270828,0.46525206619339415,1054624018.2499651
2009-03-31,8.62813949584961,8.66900634765625,8.804747581481934,8.62218189239502,8.690674781799316,146760038,0.015548684768808219,0.46657517255555264,1276613510.9379246
2009-04-01,8.777618408203125,8.819192886352539,8.847835540771484,8.483451843261719,8.562405586242676,132542948,0.017176222734021973,0.4605715940820509,1155353915.5509212
2009-04-02,8.986096382141113,9.028657913208008,9.209481239318848,8.97436237335205,9.048832893371582,180192885,0.023473417463345303,0.4299191610185338,1634499719.3383408
2009-04-03,9.166561126708984,9.209979057312012,9.25829792022705,8.91657829284668,9.078472137451172,152160204,0.019883666086373708,0.43171079915807925,1388961721.4841232
2009-04-06,9.128387451171875,9.171623229980469,9.21097469329834,9.001260757446289,9.140737533569336,131703815,-0.004173144381856009,0.358234560936884,1202186219.2241209
2009-04-07,8.890657424926758,8.932767868041992,9.059791564941406,8.849579811096191,9.031148910522461,147755757,-0.026388060254404433,0.3401122064615779,1322026867.8361292
2009-04-08,8.973700523376465,9.016204833984375,9.090925216674805,8.87199592590332,9.05356502532959,111022586,0.009297137557801705,0.3292961525644863,998430777.979248
2009-04-09,9.233988761901855,9.277725219726562,9.32380199432373,9.122057914733887,9.203004837036133,135811153,0.028592971639638698,0.3361241289839377,1255057353.8779445
2009-04-13,9.373056411743164,9.417450904846191,9.442109107971191,9.222929954528809,9.248583793640137,122461301,0.014948127233409547,0.33680735323826344,1146339418.9068873
2009-04-14,9.144994735717773,9.188309669494629,9.389555931091309,9.10586929321289,9.388310432434082,137658049,-0.024632528086084182,0.34673220824547946,1270296311.5045228
2009-04-15,9.407513618469238,9.452071189880371,9.490925788879395,9.070002555847168,9.143228530883789,197967259,0.02830198490600422,0.32374768999233555,1848552244.7448034
2009-04-16,9.636565208435059,9.682209014892578,9.785820007324219,9.48992919921875,9.501885414123535,408931050,0.024056047848673767,0.32580308043341644,3947269420.449257
2009-04-17,9.723328590393066,9.76938247680664,9.958173751831055,9.584325790405273,9.614462852478027,430840867,0.00896326847047435,0.319687215726084,4209585554.162061
2009-04-20,9.402555465698242,9.447090148925781,9.729780197143555,9.362157821655273,9.61769962310791,177820024,-0.03354649703960577,0.3508456843162094,1691603557.9071555
2009-04-21,9.456347465515137,9.501136779785156,9.571622848510742,9.367388725280762,9.369132041931152,148370051,0.005704695113484259,0.30545012846121006,1406555420.5559118
2009-04-22,9.515595436096191,9.560664176940918,9.713590621948242,9.43986701965332,9.508111000061035,140597024,0.006245871969781547,0.3038667835404653,1345706691.486847
2009-04-23,9.536169052124023,9.581336975097656,9.707364082336426,9.492171287536621,9.65157413482666,104751167,0.0021597604817968907,0.2998220843622987,1004943321.8045692
2009-04-24,9.655157089233398,9.700888633728027,9.792794227600098,9.476978302001953,9.615209579467773,135923572,0.01240034804765422,0.2913247207544174,1312598582.8404999
2009-04-27,9.567403793334961,9.61271858215332,9.700888633728027,9.533018112182617,9.572619438171387,91967429,-0.009130303297714804,0.28609080874131604,884316655.5827749
2009-04-28,9.51187515258789,9.556927680969238,9.689929962158203,9.502881050109863,9.5579252243042,118185333,-0.005820848648502519,0.2800533072626934,1132599147.0410786
2009-04-29,9.704240798950195,9.750204086303711,9.837376594543457,9.609729766845703,9.6132173538208,144941247,0.020021951686417072,0.2824621666032411,1410631528.444911
2009-04-30,9.815791130065918,9.862283706665039,10.05605697631836,9.83314323425293,9.85705280303955,174881049,0.011429442928902578,0.2802566810684219,1734323572.2509727
2009-05-01,9.759272575378418,9.805497169494629,9.902632713317871,9.752196311950684,9.838871002197266,97471985,-0.005774562227892854,0.274958272366689,957185490.9836881
2009-05-04,9.964775085449219,10.01197338104248,10.022433280944824,9.832894325256348,9.917078018188477,128600225,0.020838516522197814,0.2756666581360236,1280313875.700752
2009-05-05,9.989810943603516,10.037128448486328,10.087190628051758,9.894164085388184,9.962159156799316,96391952,0.0025092849587950994,0.27408186697307785,964513396.0190685
2009-05-06,10.001710891723633,10.049083709716797,10.168885231018066,9.987564086914062,10.131773948669434,105710750,0.0011904996151481662,0.25050401980448184,1064349850.1675129
2009-05-07,9.831657409667969,9.87822437286377,10.086941719055176,9.775857925415039,10.064775466918945,120441759,-0.017148640295122863,0.2623960894941265,1194020415.7029839
2009-05-08,10.097396850585938,10.145222663879395,10.214962005615234,9.83812427520752,10.03364086151123,155183494,0.026670125824227675,0.26025313660650856,1562093031.643444
2009-05-11,10.113511085510254,10.161413192749023,10.261536598205566,9.992545127868652,10.03239631652832,102755715,0.001594608059156677,0.25756540168378367,1041788642.4875164
2009-05-12,9.89115047454834,9.937999725341797,10.236381530761719,9.840864181518555,10.211973190307617,152200354,-0.02223179519902274,0.2543397356766138,1522776993.6676545
2009-05-13,9.656396865844727,9.702134132385254,9.8727445602417,9.672494888305664,9.815459251403809,114138220,-0.024019882531339576,0.2555617663786635,1112747720.0675583
2009-05-14,9.605827331542969,9.651324272155762,9.768634796142578,9.581336975097656,9.683703422546387,117920344,-0.005250655372338819,0.24246809379780732,1139947601.9610314
2009-05-15,9.667799949645996,9.713590621948242,9.815957069396973,9.690925598144531,9.740987777709961,120799094,0.006430842599130848,0.241423565572511,1176602233.207187
2009-05-18,9.837358474731445,9.883953094482422,9.895659446716309,9.599020957946777,9.831399917602539,134570520,0.0173864567187203,0.21598095238867535,1317832662.2898102
2009-05-19,9.887927055358887,9.934762001037598,10.003503799438477,9.788311004638672,9.865522384643555,113925426,0.005127296264895609,0.21587414101278563,1128870975.3481388
2009-05-20,9.845787048339844,9.892420768737793,10.103878021240234,9.83812427520752,10.0147123336792,91702440,-0.004270870739443655,0.2164754729506808,911963130.3565979
2009-05-21,9.828929901123047,9.875484466552734,10.033391952514648,9.809232711791992,9.870503425598145,109199779,-0.0017135851443255135,0.21678764280249394,1081736983.129242
2009-05-22,9.754562377929688,9.800764083862305,9.929034233093262,9.76340389251709,9.87946891784668,69001669,-0.007594955957192173,0.21516540241187856,678360058.869367
2009-05-26,10.023773193359375,10.071249961853027,10.087190628051758,9.713590621948242,9.76215934753418,124645457,0.027224479217319075,0.2308304660514787,1241137660.6398947
2009-05-27,10.053519248962402,10.1011381149292,10.258049964904785,10.082457542419434,10.103131294250488,121826932,0.002963156257588917,0.22891499030018245,1236204097.063455
2009-05-28,10.173501014709473,10.221687316894531,10.252073287963867,10.07747745513916,10.178847312927246,107152133,0.011863652819686266,0.22282676767460424,1091210107.9731734
2009-05-29,10.34281063079834,10.391798973083496,10.391798973083496,10.229159355163574,10.264277458190918,106325044,0.016505253249719853,0.2260975192034497,1099144261.5417647
2009-06-01,10.574094772338867,10.624177932739258,10.699893951416016,10.424178123474121,10.429159164428711,133394127,0.02211546723994795,0.2335264423529122,1411676697.8484888
2009-06-02,10.619705200195312,10.670005798339844,10.708861351013184,10.545473098754883,10.616456985473633,105337356,0.004304135957577948,0.22537729585929078,1120941864.593357
2009-06-03,10.700271606445312,10.75095272064209,10.771126747131348,10.560417175292969,10.610230445861816,141841672,0.007557868424121761,0.2258635403663239,1516878321.9289756
2009-06-04,10.914202690124512,10.965896606445312,10.989808082580566,10.82193660736084,10.841861724853516,146069460,0.019795815236830716,0.23260572530630025,1595937454.745636
2009-06-05,11.014349937438965,11.066519737243652,11.141737937927246,10.945473670959473,11.085200309753418,147783862,0.00913402223039217,0.21937358303441107,1633195486.0138683
2009-06-08,10.87677001953125,10.928288459777832,10.981837272644043,10.812472343444824,10.946470260620117,124412588,-0.012569638245481407,0.21400780958282595,1357034370.9007988
2009-06-09,10.798684120178223,10.849831581115723,10.9713773727417,10.753692626953125,10.923556327819824,130684007,-0.0072050381646233674,0.2172486983904115,1419006222.070319
2009-06-10,10.723821640014648,10.774614334106445,10.906370162963867,10.626917839050293,10.86502456665039,134859599,-0.006956697599769246,0.20042591065345894,1452343584.526796
2009-06-11,10.634578704833984,10.68494987487793,10.802759170532227,10.669259071350098,10.753941535949707,115037579,-0.00835675454139162,0.1789723831364397,1233086586.710763
2009-06-12,10.531457901000977,10.581338882446289,10.652571678161621,10.490926742553711,10.6316499710083,117173555,-0.009744065142474057,0.1827940037251852,1239103989.53602
2009-06-15,10.33140754699707,10.380341529846191,10.498149871826172,10.31135082244873,10.498149871826172,150036273,-0.019178236670097437,0.2002054902564357,1559869227.5883865
2009-06-16,10.3123197555542,10.361164093017578,10.48793888092041,10.346717834472656,10.443605422973633,122445241,-0.0018492587702558794,0.19414535705946814,1273259932.359552
2009-06-17,10.291497230529785,10.340242385864258,10.453817367553711,10.250577926635742,10.365896224975586,140127270,-0.0020212305445594936,0.19443549885545905,1450066775.41502
2009-06-18,10.264228820800781,10.312845230102539,10.428162574768066,10.286443710327148,10.353194236755371,123870563,-0.0026531221185019938,0.1938577741671944,1281129295.8809164
2009-06-19,10.413707733154297,10.463031768798828,10.472247123718262,10.325796127319336,10.416207313537598,171002566,0.014458068949404712,0.1979010938618733,1781908014.7701764
2009-06-22,10.097892761230469,10.145721435546875,10.398275375366211,10.00973129272461,10.384824752807617,165594371,-0.03079622496765788,0.22746061993017655,1686508462.3423023
2009-06-23,10.05649471282959,10.104126930236816,10.186568260192871,10.026168823242188,10.128287315368652,116418737,-0.004108098713020869,0.20822910932677494,1176483672.7574768
2009-06-24,10.145983695983887,10.194040298461914,10.267266273498535,10.126045227050781,10.180341720581055,98680498,0.008859266338496319,0.210217858503401,1006125036.0092081
2009-06-25,10.306618690490723,10.355435371398926,10.358673095703125,10.124799728393555,10.137003898620605,122236461,0.015708347969053627,0.213245304243165,1256546332.9737597
2009-06-26,10.543355941772461,10.593294143676758,10.665772438049316,10.289183616638184,10.303380012512207,130756276,0.02270961281021311,0.2200302285318956,1375043903.4181237
2009-06-29,10.514102935791016,10.56390380859375,10.655061721801758,10.516580581665039,10.610230445861816,87097243,-0.0027784002779980277,0.20630059559530353,921359523.8199476
2009-06-30,10.450892448425293,10.500391960144043,10.640366554260254,10.416457176208496,10.560417175292969,104144903,-0.006030116176709566,0.2065025686144851,1095507722.3496492
2009-07-01,10.38644027709961,10.43563461303711,10.620192527770996,10.414712905883789,10.565398216247559,92778458,-0.006186240601996573,0.20496164523639546,973262725.9864407
2009-07-02,10.126152992248535,10.174115180969238,10.346468925476074,10.132271766662598,10.346468925476074,101081463,-0.025379653638604616,0.20544467103588648,1032811838.9272965
2009-07-06,10.153915405273438,10.202010154724121,10.22766399383545,10.004002571105957,10.124550819396973,90843231,0.002737903031018174,0.20154649641848568,921564508.1412992
2009-07-07,9.8321533203125,9.878722190856934,10.191550254821777,9.862532615661621,10.167887687683105,130860666,-0.0322014191651232,0.2223527670356946,1305675601.858389
2009-07-08,9.977417945861816,10.024675369262695,10.112096786499023,9.914339065551758,9.962657928466797,138163938,0.014666367836525307,0.23233196968424302,1383993289.2042198
2009-07-09,10.173253059387207,10.22143840789795,10.322559356689453,10.107115745544434,10.11508560180664,131515110,0.0194376931039133,0.24560265445634882,1343694854.9691582
2009-07-10,10.272656440734863,10.32131290435791,10.395285606384277,10.17934513092041,10.201263427734375,117502785,0.0097236236472793,0.24824747133633776,1210119807.6994658
2009-07-13,10.518072128295898,10.567889213562012,10.573368072509766,10.340740203857422,10.365398406982422,162434571,0.023609282008763,0.26116658395053705,1704588252.1665754
2009-07-14,10.527738571166992,10.577603340148926,10.628412246704102,10.48245906829834,10.553194046020508,116266167,0.0009186097593367748,0.25171816786187806,1228099162.077032
2009-07-15,10.861897468566895,10.913344383239746,10.926046371459961,10.672247886657715,10.70138931274414,151646285,0.031247477597796003,0.27229857069107843,1643423073.0747669
2009-07-16,10.971713066101074,11.023680686950684,11.10213565826416,10.811973571777344,10.876233100891113,263162715,0.010059401159737025,0.27292448471017705,2889332740.2184296
2009-07-17,10.665566444396973,10.716082572937012,10.846344947814941,10.627664566040039,10.784577369689941,275191634,-0.02829995829219234,0.2935031776565362,2952814679.9915857
2009-07-20,10.663583755493164,10.714091300964355,10.780840873718262,10.616456985473633,10.706868171691895,126612804,-0.00018591354000863092,0.28997122835438394,1355237673.9675293
2009-07-21,10.607311248779297,10.657552719116211,10.757179260253906,10.603256225585938,10.733268737792969,119173022,-0.00529104562665017,0.267047349917183,1271893470.9149895
2009-07-22,10.602104187011719,10.652321815490723,10.714838027954102,10.547964096069336,10.660043716430664,103855823,-0.0004910141807497048,0.2662182041770804,1104857154.2950819
2009-07-23,10.84132194519043,10.892671585083008,10.989060401916504,10.597777366638184,10.676980018615723,139649486,0.02231244961291967,0.27412851723191434,1511915595.5892322
2009-07-24,11.073844909667969,11.126296043395996,11.220193862915039,10.834389686584473,10.85456371307373,145619780,0.021221074156989594,0.27790645346867227,1610597462.1746445
2009-07-27,11.026249885559082,11.078474998474121,11.127042770385742,10.899395942687988,11.109358787536621,100551484,-0.00430723018454815,0.27009610959437014,1109582733.7960281
2009-07-28,10.903542518615723,10.95518684387207,11.028910636901855,10.861786842346191,10.983830451965332,101679697,-0.011191045070540362,0.2736106157747382,1113253188.557301
2009-07-29,10.814053535461426,10.865274429321289,10.904129028320312,10.756930351257324,10.889931678771973,79777911,-0.00824119662402456,0.2745152244076181,864960987.9208765
2009-07-30,11.047072410583496,11.099396705627441,11.24460220336914,11.023929595947266,11.023929595947266,128423566,0.021318911124890594,0.28096727252814263,1428409456.212646
2009-07-31,10.982870101928711,11.034889221191406,11.275238037109375,11.01944637298584,11.207491874694824,114844859,-0.005828657099908874,0.26361867634689357,1275910061.4050767
2009-08-03,11.209938049316406,11.263032913208008,11.305126190185547,11.149209976196289,11.176607131958008,104000363,0.02046391514972301,0.26956446622181984,1168872874.5607731
2009-08-04,11.2476167678833,11.300890922546387,11.307616233825684,11.168886184692383,11.192298889160156,95950302,0.003355552661716832,0.23347865570222626,1080317030.6159744
2009-08-05,11.1834135055542,11.236383438110352,11.380094528198242,11.155187606811523,11.357430458068848,94031136,-0.0057245197278450455,0.23539020804639949,1058529359.4841919
2009-08-06,11.164077758789062,11.21695613861084,11.329533576965332,11.171377182006836,11.315088272094727,84752487,-0.0017304628391165977,0.2311857715652852,952557691.9683781
2009-08-07,11.331156730651855,11.38482666015625,11.442609786987305,11.332274436950684,11.349209785461426,102105287,0.014854883538918173,0.2332776899302154,1162629027.885822
2009-08-10,11.319011688232422,11.372623443603516,11.417454719543457,11.302386283874512,11.336009979248047,69941178,-0.0010724020553642966,0.22377634879721484,794822374.7826004
2009-08-11,11.252823829650879,11.306121826171875,11.388065338134766,11.267268180847168,11.299397468566895,68756755,-0.005864658036836001,0.22604612182880918,778359821.536727
2009-08-12,11.36784553527832,11.4216890335083,11.500642776489258,11.330530166625977,11.342735290527344,94007046,0.01016969879114571,0.20392717746231423,1073336790.4893665
2009-08-13,11.459565162658691,11.513842582702637,11.574614524841309,11.42990779876709,11.510604858398438,80107140,0.008035963620478093,0.20307250384480413,921722496.7069817
2009-08-14,11.403045654296875,11.457056045532227,11.536258697509766,11.379595756530762,11.526296615600586,67255147,-0.0049442842686420185,0.17271759317742177,770585049.4888697
2009-08-17,11.028480529785156,11.080717086791992,11.257554054260254,11.03663158416748,11.245349884033203,105200846,-0.03339941655295808,0.21445173377391497,1170356000.6202736
2009-08-18,11.038148880004883,11.09043025970459,11.150704383850098,11.016707420349121,11.085947036743164,94396500,0.0008762870539813505,0.21298135596084233,1046474629.4617653
2009-08-19,11.00567626953125,11.0578031539917,11.083456039428711,10.923057556152344,10.958674430847168,90538092,-0.0029461886711534824,0.21351055221439863,997860050.596653
2009-08-20,11.413208961486816,11.467267990112305,11.5113525390625,11.238624572753906,11.257802963256836,160555554,0.03636020127371431,0.23491771877241086,1831256247.8979836
2009-08-21,11.532942771911621,11.587567329406738,11.60873794555664,11.523058891296387,11.595039367675781,142953825,0.010436163635028972,0.22695752873359992,1654421969.7115898
2009-08-24,11.619455337524414,11.674490928649902,11.70836353302002,11.567144393920898,11.640119552612305,98503838,0.007473348363667309,0.2264713761011235,1147569675.1237679
2009-08-25,11.68489933013916,11.74024486541748,11.81446647644043,11.67424201965332,11.684453964233398,93990986,0.005616475168070956,0.2209547838952916,1103734687.3988183
2009-08-26,11.601359367370605,11.656309127807617,11.780842781066895,11.623930931091309,11.77486515045166,79810030,-0.007175074558062988,0.22027310623129678,932742024.4300524
2009-08-27,11.553269386291504,11.607990264892578,11.670755386352539,11.475237846374512,11.670755386352539,80255695,-0.004153817427770434,0.2117965010570887,929735033.2066647
2009-08-28,11.520794868469238,11.575363159179688,11.765151023864746,11.541240692138672,11.687691688537598,71129616,-0.002814808774510791,0.21060310315985595,827041943.2259674
2009-08-31,11.444443702697754,11.498649597167969,11.503381729125977,11.407242774963379,11.451826095581055,78609548,-0.006649305805892958,0.20200160973849535,901632494.7026482
2009-09-01,11.297940254211426,11.351451873779297,11.62691879272461,11.318077087402344,11.44908618927002,104185053,-0.012883915365395904,0.20739287969513415,1191059075.6508179
2009-09-02,11.229769706726074,11.282958984375,11.415461540222168,11.27249813079834,11.352946281433105,72462593,-0.0060521691451933535,0.2075143382331997,820540284.1206772
2009-09-03,11.341569900512695,11.395288467407227,11.413470268249512,11.332523345947266,11.352946281433105,66094814,0.009906466346427223,0.21003581686200212,752187229.6350498
2009-09-04,11.435273170471191,11.489435195922852,11.52181339263916,11.351949691772461,11.396533012390137,60192775,0.008227988251651386,0.20564943474235803,689472087.4561867
2009-09-08,11.368836402893066,11.422684669494629,11.63115406036377,11.353445053100586,11.563905715942383,106666319,-0.0058267528780966416,0.2067499322242447,1223366102.6388767
2009-09-09,11.501460075378418,11.555935859680176,11.613221168518066,11.427167892456055,11.43364429473877,88145156,0.011598027096469732,0.2090891905375928,1016499485.7192535
2009-09-10,11.674240112304688,11.729535102844238,11.729535102844238,11.506869316101074,11.622685432434082,101764012,0.014910724309770362,0.2123012053453883,1186091429.6955552
2009-09-11,11.703987121582031,11.75942325592041,11.788314819335938,11.647093772888184,11.716085433959961,76401301,0.0025448486776893375,0.2109614940807311,896310313.8914922
2009-09-14,11.777859687805176,11.83364486694336,11.87548828125,11.707367897033691,11.718825340270996,79324216,0.006291908002713509,0.2105165340408408,936462059.6252722
2009-09-15,11.837849617004395,11.893918991088867,11.928041458129883,11.773619651794434,11.832648277282715,96283547,0.0050805213988445175,0.16758873819014536,1142422903.2160559
2009-09-16,12.104333877563477,12.161664962768555,12.18856430053711,11.917330741882324,11.950207710266113,103799614,0.022261567398508486,0.17923215366709527,1254852909.7534504
2009-09-17,12.189360618591309,12.247095108032227,12.3878173828125,12.133272171020508,12.218452453613281,179996150,0.006999930638516005,0.1772408616226965,2206043893.8749313
2009-09-18,12.182914733886719,12.240618705749512,12.378104209899902,12.234890937805176,12.372873306274414,131832295,-0.0005289522427971427,0.1365672110370425,1619498831.114904
2009-09-21,12.320246696472168,12.378602027893066,12.425925254821777,12.110108375549316,12.147966384887695,84973311,0.011209443399490038,0.13710411579775436,1045586272.0804567
2009-09-22,12.371313095092773,12.429909706115723,12.502885818481445,12.398776054382324,12.476236343383789,122103967,0.00413635038541571,0.13630861224110083,1519444328.04595
2009-09-23,12.356439590454102,12.414965629577637,12.627668380737305,12.396286010742188,12.472748756408691,108573440,-0.001202980846784385,0.13678543588625375,1354957445.5236816
2009-09-24,12.314545631408691,12.372873306274414,12.488439559936523,12.278974533081055,12.465027809143066,101482963,-0.0033962161572977934,0.13390988372737686,1256368803.9839053
2009-09-25,12.208199501037598,12.266023635864258,12.451578140258789,12.254069328308105,12.311104774475098,82291296,-0.008673319113840172,0.13780120047780164,1014148910.1564636
2009-09-28,12.358175277709961,12.416708946228027,12.490681648254395,12.286446571350098,12.324804306030273,73847766,0.012209993641051575,0.13993470173701839,915560594.5548344
2009-09-29,12.358175277709961,12.416708946228027,12.447094917297363,12.279224395751953,12.44161605834961,84282733,0.0,0.13567953091845356,1043505311.1960424
2009-09-30,12.291739463806152,12.349959373474121,12.456809043884277,12.135513305664062,12.453322410583496,126139035,-0.005390361424258305,0.12618581629647188,1553287922.4133968
2009-10-01,12.077313423156738,12.134516716003418,12.365401268005371,12.129535675048828,12.278974533081055,112949783,-0.0175986794263836,0.1432001564906592,1379096280.733038
2009-10-02,12.012364387512207,12.069260597229004,12.24759292602539,12.019946098327637,12.04833984375,104421937,-0.005392284075392606,0.14453795946785783,1264786333.6221542
2009-10-05,12.110034942626953,12.167393684387207,12.264779090881348,12.038376808166504,12.14572525024414,86105539,0.008097958044885,0.14447794774371633,1046772109.8359671
2009-10-06,12.363382339477539,12.421939849853516,12.437630653381348,12.246597290039062,12.246597290039062,109701653,0.020704623658348797,0.153256130712573,1356869314.472504
2009-10-07,12.829418182373047,12.89018440246582,12.926299095153809,12.398776054382324,12.428415298461914,195698788,0.0370017627271233,0.1896119353264161,2492893325.810735
2009-10-08,12.746126174926758,12.806497573852539,13.032401084899902,12.785576820373535,12.94074535369873,172797268,-0.006513433360644694,0.19064709515682424,2224734613.57532
2009-10-09,12.797440528869629,12.858055114746094,12.98906421661377,12.814468383789062,12.86801815032959,109934523,0.004017796227691495,0.1905353422471607,1416747734.6291857
2009-10-12,12.990549087524414,13.052078247070312,13.094917297363281,12.934517860412598,13.036635398864746,133386097,0.014976907557323393,0.19392337163513146,1737643512.6418715
2009-10-13,13.041861534118652,13.103633880615234,13.13725757598877,12.985825538635254,13.060794830322266,121951397,0.003942202187397825,0.1939500115222609,1594584312.4310234
2009-10-14,13.270171165466309,13.333024978637695,13.339500427246094,13.200521469116211,13.261792182922363,130824531,0.017354444945795855,0.18907904689037613,1738790885.6542969
2009-10-15,13.136062622070312,13.198280334472656,13.372377395629883,13.132526397705078,13.29392147064209,244930632,-0.010157427030935029,0.19554011865779714,3241508660.278763
2009-10-16,13.630358695983887,13.694917678833008,13.816961288452148,13.56241512298584,13.632152557373047,355001664,0.03693824210672991,0.2258512428198984,4860480916.55719
2009-10-19,13.68588638305664,13.75070858001709,13.788317680358887,13.667022705078125,13.765652656555176,129198459,0.004065548789401685,0.2249715863838497,1774586009.271738
2009-10-20,13.676715850830078,13.741494178771973,13.77212905883789,13.467021942138672,13.739500999450684,162354271,-0.0006702968154512767,0.2258858009217195,2217794257.7559123
2009-10-21,13.661344528198242,13.726051330566406,13.931530952453613,13.673747062683105,13.696412086486816,147374332,-0.0011245365646708194,0.22585875144665676,2030392350.9983315
2009-10-22,13.735465049743652,13.800521850585938,13.823186874389648,13.64884090423584,13.698654174804688,93810311,0.005410900285684583,0.22376957196094016,1290596905.493086
2009-10-23,13.72554874420166,13.790559768676758,13.89516830444336,13.72854232788086,13.829414367675781,96066737,-0.0007222097514256731,0.21908377787214606,1326177940.886615
2009-10-26,13.738438606262207,13.803510665893555,13.988567352294922,13.720821380615234,13.841867446899414,119261352,0.0009386738234700154,0.21843551388179455,1650294835.9137726
2009-10-27,13.591687202453613,13.6560640335083,13.812228202819824,13.55319881439209,13.722813606262207,129142249,-0.010739271034465592,0.22478280197060868,1765869203.8744607
2009-10-28,13.393621444702148,13.457059860229492,13.698654174804688,13.406001091003418,13.64560317993164,103096990,-0.014679788709971664,0.23224056357982395,1393930246.2439823
2009-10-29,13.660104751586914,13.72480583190918,13.744233131408691,13.474493980407715,13.524557113647461,101282213,0.019700940566238945,0.22363453375132702,1382283874.859644
2009-10-30,13.290002822875977,13.352950096130371,13.702887535095215,13.306124687194824,13.698654174804688,139260032,-0.027467437473081446,0.249540836488818,1873602721.3486736
2009-11-02,13.237201690673828,13.299899101257324,13.436138153076172,13.156685829162598,13.376859664916992,128564090,-0.003980909628549689,0.2511780862236807,1709590546.9505565
2009-11-03,13.319005966186523,13.38209056854248,13.387321472167969,13.158180236816406,13.200770378112793,95564863,0.006160859661724416,0.2442640219173574,1271891628.6405706
2009-11-04,13.394364356994629,13.457806587219238,13.586573600769043,13.360422134399414,13.469512939453125,93657741,0.0056420129544823006,0.21245534563148874,1261407503.688795
2009-11-05,13.600610733032227,13.665029525756836,13.692926406860352,13.515838623046875,13.53651237487793,74185025,0.01528065045552296,0.21462105563405037,1010741156.9856007
2009-11-06,13.661344528198242,13.726051330566406,13.742987632751465,13.586573600769043,13.641866683959961,73341877,0.004455578850370845,0.2146462769341391,1003698562.2783056
2009-11-09,13.944189071655273,14.010235786437988,14.011980056762695,13.804009437561035,13.834395408630371,106393299,0.02049259005674875,0.2192371071369517,1483343364.1124802
2009-11-10,14.049544334411621,14.1160888671875,14.166400909423828,13.997533798217773,14.015715599060059,89566463,0.00752709605791102,0.21966996084748872,1262290722.3846862
2009-11-11,14.143744468688965,14.210735321044922,14.283960342407227,14.093672752380371,14.208742141723633,93135792,0.006682475782163078,0.21436359408190708,1322167140.7987823
2009-11-12,14.07656478881836,14.143238067626953,14.26901626586914,14.084707260131836,14.18582820892334,75734813,-0.004761096425994982,0.2109159848771468,1072833146.4538643
2009-11-13,14.180679321289062,14.247845649719238,14.259303092956543,14.112353324890137,14.179102897644043,66921903,0.007369084062998965,0.17321492842287697,950726061.0913153
2009-11-16,14.285538673400879,14.353200912475586,14.37088394165039,14.266027450561523,14.321319580078125,88297726,0.007367317036754528,0.17409052598082037,1265309718.9961753
2009-11-17,14.315532684326172,14.38333797454834,14.383586883544922,14.289440155029297,14.318081855773926,76955370,0.0020974054814746346,0.17378983899858044,1104472833.479967
2009-11-18,14.294710159301758,14.36241626739502,14.415467262268066,14.248344421386719,14.36241626739502,62216331,-0.001455599577727007,0.173875370329339,892311346.6279888
2009-11-19,14.203980445861816,14.271258354187012,14.296414375305176,14.196786880493164,14.290684700012207,87045048,-0.006367311483327143,0.17595381863596496,1240811479.8150787
2009-11-20,14.128870010375977,14.195791244506836,14.236638069152832,14.181842803955078,14.184333801269531,80548789,-0.005302015874227628,0.17744777861393896,1144176004.3967776
2009-11-23,14.43600845336914,14.50438404083252,14.610237121582031,14.342740058898926,14.358430862426758,102281946,0.021505449814481103,0.19049127060676177,1481634491.2469597
2009-11-24,14.454352378845215,14.522814750671387,14.552702903747559,14.359676361083984,14.508618354797363,64448667,0.001269899538312913,0.18442821422403965,933113451.7285137
2009-11-25,14.52004337310791,14.588817596435547,14.62169361114502,14.51285171508789,14.605504989624023,58667077,0.004534424626564171,0.17272864732093796,855040633.0943785
2009-11-27,14.371804237365723,14.439875602722168,14.507123947143555,14.220946311950684,14.246600151062012,55591593,-0.010261748475206112,0.1695718880134136,799924958.9987106
2009-11-30,14.452120780944824,14.520572662353516,14.537261009216309,14.373872756958008,14.46154499053955,69262644,0.005572922591007501,0.1297598726671333,1002731606.8905449
2009-12-01,14.62242317199707,14.691681861877441,14.725305557250977,14.520572662353516,14.648344039916992,93159882,0.011715013589689516,0.12866275022156706,1364405970.8529224
2009-12-02,14.563920021057129,14.632902145385742,14.769888877868652,14.600772857666016,14.719825744628906,66777363,-0.004008945478810588,0.13224412732463212,979480652.856637
2009-12-03,14.52004337310791,14.588817596435547,14.731034278869629,14.57038688659668,14.671009063720703,57362205,-0.0030172422266803167,0.13464700012533204,839213624.4530535
2009-12-04,14.501947402954102,14.570635795593262,14.815218925476074,14.425430297851562,14.770137786865234,100920864,-0.001247052460224829,0.12928929841330516,1473824245.6865845
2009-12-07,14.532686233520508,14.601519584655762,14.662291526794434,14.470760345458984,14.55070972442627,65693315,0.002117391418515524,0.12925818412776285,957689659.7029145
2009-12-08,14.55251693725586,14.621444702148438,14.711358070373535,14.495667457580566,14.533026695251465,61188493,0.0013636285565423734,0.11269212734195949,893932681.2917792
2009-12-09,14.60135269165039,14.670511245727539,14.678232192993164,14.535018920898438,14.63265323638916,71507025,0.003350210499908801,0.1110891344049918,1045999097.381115
2009-12-10,14.662830352783203,14.732279777526855,14.812230110168457,14.705131530761719,14.705879211425781,66982128,0.004201569644310066,0.11007776214769173,987978381.8150635
2009-12-11,14.638288497924805,14.707621574401855,14.813225746154785,14.638381958007812,14.811483383178711,69057879,-0.0016751483601971096,0.10826221427402212,1016514237.4174538
2009-12-14,14.767687797546387,14.837635040283203,14.87698745727539,14.759925842285156,14.828169822692871,76822876,0.008800941247843586,0.10927282669915078,1138887570.755941
2009-12-15,14.703483581542969,14.773126602172852,14.8538236618042,14.719576835632324,14.777112007141113,91557900,-0.0043570930215146575,0.10958310119404999,1353424964.5111084
2009-12-16,14.818010330200195,14.888195037841797,14.953202247619629,14.860300064086914,14.909116744995117,112797213,0.0077589110868343525,0.11173923410461822,1680742292.4661798
2009-12-17,14.723315238952637,14.793051719665527,14.885207176208496,14.788569450378418,14.855319023132324,105947635,-0.006411047152802496,0.11479011581739308,1570385099.745469
2009-12-18,14.78479290008545,14.854820251464844,14.917336463928223,14.819453239440918,14.845107078552246,141789477,0.004166837792094036,0.11145702898832757,2107540351.3613014
2009-12-21,14.840816497802734,14.911109924316406,14.940000534057617,14.836140632629395,14.884458541870117,103233500,0.0037821105211133244,0.10834201517233423,1537740445.1677005
2009-12-22,14.9013032913208,14.971881866455078,14.981346130371094,14.91534423828125,14.977360725402832,75513988,0.00406742204911037,0.08371219271427965,1129401608.4463449
2009-12-23,15.16307544708252,15.234895706176758,15.264534950256348,15.014969825744629,15.031160354614258,83218760,0.017414547199896102,0.09999521197456378,1262550656.7567444
2009-12-24,15.331643104553223,15.404260635375977,15.430164337158203,15.249590873718262,15.266029357910156,34476745,0.011055643890949263,0.10421098683557961,529608954.30240154
2009-12-28,15.440468788146973,15.513601303100586,15.591309547424316,15.404260635375977,15.483464241027832,68170566,0.007073036629122065,0.09373469261106479,1056852181.4616413
2009-12-29,15.354450225830078,15.42717456817627,15.562666893005371,15.399529457092285,15.560176849365234,57205620,-0.005586557054749974,0.09858070646078083,884577574.9299431
2009-12-30,15.436997413635254,15.510113716125488,15.510113716125488,15.392555236816406,15.404759407043457,58843737,0.005361708648882857,0.09386443733446082,910367192.272253
2009-12-31,15.368825912475586,15.441620826721191,15.576615333557129,15.441620826721191,15.560425758361816,48974884,-0.004425891281625294,0.09425081118455912,758455368.8649635
2010-01-04,15.536650657653809,15.610239028930664,15.678980827331543,15.547722816467285,15.615220069885254,78541293,0.010860624939139196,0.09587875933994276,1226211345.89435
2010-01-05,15.468232154846191,15.541497230529785,15.6373872756958,15.480475425720215,15.620948791503906,120638494,-0.00441340896380682,0.0983983461964568,1876304971.0646281
2010-01-06,15.07829761505127,15.149715423583984,15.588071823120117,15.10239315032959,15.588071823120117,159744526,-0.025531916391536402,0.14001799999656148,2440905963.09288
2010-01-07,14.72728157043457,14.797037124633789,15.193053245544434,14.7609224319458,15.178109169006348,257533695,-0.023554803063197127,0.16534342577411235,3841631227.307768
2010-01-08,14.923613548278809,14.994297981262207,15.024932861328125,14.67275333404541,14.744732856750488,189680313,0.013243097480572175,0.17086939180462327,2825729849.0717716
2010-01-11,14.901055335998535,14.971632957458496,15.055069923400879,14.79554271697998,15.055069923400879,289597429,-0.0015127220134125707,0.17070255046444682,4326802362.380282
2010-01-12,14.637545585632324,14.70687484741211,14.898158073425293,14.64510726928711,14.885456085205078,194859654,-0.017842195139099015,0.1824246926016334,2874189002.299719
2010-01-13,14.553508758544922,14.622441291809082,14.654570579528809,14.293923377990723,14.358430862426758,260838034,-0.0057577268883890476,0.18051609642906638,3788319029.9920583
2010-01-14,14.621928215026855,14.691184043884277,14.799528121948242,14.515840530395508,14.542988777160645,170239717,0.004690218142677338,0.18093924353663365,2497221025.717149
2010-01-15,14.377754211425781,14.445853233337402,14.783587455749512,14.397035598754883,14.778107643127441,218194794,-0.016840168830220215,0.18708316931428648,3173023335.523842
2010-01-19,14.566648483276367,14.635642051696777,14.705381393432617,14.353449821472168,14.475741386413574,173315202,0.01305239949742365,0.1926910603753244,2524305486.8282166
2010-01-20,14.387917518615723,14.45606517791748,14.594795227050781,14.328542709350586,14.594795227050781,130515377,-0.012345771979163533,0.1960540457646568,1887226383.833433
2010-01-21,14.45162582397461,14.520074844360352,14.615716934204102,14.252826690673828,14.531532287597656,253253712,0.00441812883328252,0.1962764765826317,3662776228.628784
2010-01-22,13.634324073791504,13.69890308380127,14.21173095703125,13.321566581726074,14.059800148010254,273035583,-0.05821647980957945,0.2765681777622137,3752619311.784416
2010-01-25,13.386185646057129,13.44958782196045,13.69566535949707,13.337757110595703,13.61372184753418,177458675,-0.018367188934224288,0.26852685773557977,2394687122.1463757
2010-01-26,13.446175575256348,13.509861946105957,13.688691139221191,13.357184410095215,13.399026870727539,174873019,0.004471468512052379,0.2641158882798048,2364034751.198669
2010-01-27,13.438241958618164,13.50189208984375,13.64012336730957,13.332775115966797,13.481219291687012,159170382,-0.0005902018787264929,0.2604365283364717,2147462625.631176
2010-01-28,13.24463939666748,13.307371139526367,13.623933792114258,13.21546459197998,13.561417579650879,129648138,-0.014511623154893183,0.26167783519193544,1734984638.4841862
2010-01-29,13.136805534362793,13.199027061462402,13.474245071411133,13.091180801391602,13.411978721618652,166240784,-0.00817502325135866,0.25752390617357285,2203491277.041112
2010-02-01,13.213154792785645,13.275738716125488,13.345229148864746,13.207992553710938,13.315092086791992,90369462,0.0057950350695756825,0.26173839083273076,1199773908.3524399
2010-02-02,13.166056632995605,13.22841739654541,13.324057579040527,13.14099407196045,13.324057579040527,164462143,-0.003570858057555526,0.2535787123979053,2176024327.554549
2010-02-03,13.406511306762695,13.470010757446289,13.50189208984375,13.1564359664917,13.167394638061523,120413655,0.018098456857468026,0.269371008911895,1610666648.5486078
2010-02-04,13.058470726013184,13.120322227478027,13.399773597717285,13.089936256408691,13.374868392944336,135614418,-0.02630348637722557,0.27004671789092766,1790563815.9026852
2010-02-05,13.170269966125488,13.232650756835938,13.287693977355957,13.012724876403809,13.16067123413086,126713179,0.008524993137308368,0.2683561397179066,1669786975.328958
2010-02-08,13.224310874938965,13.286947250366211,13.499401092529297,13.238628387451172,13.262787818908691,108175956,0.004094854519666846,0.2620606516131066,1443246707.2276688
2010-02-09,13.297934532165527,13.360919952392578,13.48769474029541,13.326798439025879,13.438131332397461,113206742,0.005551856202635097,0.26472617704927043,1516042543.0484478
2010-02-10,13.248603820800781,13.311355590820312,13.394543647766113,13.142987251281738,13.301891326904297,107380987,-0.0037165499690794412,0.2610421661821586,1426337587.3776698
2010-02-11,13.296943664550781,13.35992431640625,13.4617919921875,13.188068389892578,13.283210754394531,96761331,0.0036420342967100616,0.26271193629829137,1290466673.4829903
2010-02-12,13.215635299682617,13.278229713439941,13.3786039352417,13.212974548339844,13.274494171142578,91529795,-0.006133588127019696,0.2605937800722178,1216425123.654232
2010-02-16,13.418410301208496,13.481966018676758,13.552452087402344,13.30762004852295,13.37162971496582,146723904,0.015227046056005555,0.2658858769357107,1973047111.1200562
2010-02-17,13.341813087463379,13.40500545501709,13.534270286560059,13.390061378479004,13.499401092529297,81492313,-0.005724722235858071,0.25904774413586357,1095510321.2233782
2010-02-18,13.466005325317383,13.529787063598633,13.574370384216309,13.353447914123535,13.388317108154297,93826371,0.009265440731935914,0.2614658368122668,1265330096.8202763
2010-02-19,13.405025482177734,13.468517303466797,13.54996109008789,13.442115783691406,13.462787628173828,102506786,-0.004538712955086233,0.25996175166303026,1382495156.2532704
2010-02-22,13.455595016479492,13.519326210021973,13.63638687133789,13.474493980407715,13.632651329040527,86105539,0.0037653332730016587,0.1688377296791951,1166161959.5783677
2010-02-23,13.2639741897583,13.326798439025879,13.539999008178711,13.257556915283203,13.524308204650879,115334688,-0.014343353400556591,0.16402574356548796,1542576630.5329895
2010-02-24,13.174731254577637,13.237133979797363,13.410733222961426,13.213224411010742,13.299650192260742,93412827,-0.006750956419451004,0.16437073100106314,1241179084.9827347
2010-02-25,13.04979419708252,13.111603736877441,13.162912368774414,12.951455116271973,13.128789901733398,132864148,-0.00952833277901144,0.16696491212267947,1737241748.624476
2010-02-26,13.058966636657715,13.120820045471191,13.244108200073242,13.038129806518555,13.136261940002441,82279251,0.0007026331131507746,0.16014547012605504,1080684701.2110872
2010-03-01,13.204974174499512,13.2675199508667,13.282464027404785,13.144231796264648,13.180596351623535,89851528,0.011118593591686654,0.16269863043399074,1188861980.0345917
2010-03-02,13.412461280822754,13.47598934173584,13.590559005737305,13.325303077697754,13.337010383605957,174925214,0.015590631144037026,0.17025283512934525,2355184418.134742
2010-03-03,13.51806354522705,13.582091331481934,13.651829719543457,13.430908203125,13.508366584777832,124039193,0.007842610298534947,0.17118112311307024,1681344201.389202
2010-03-04,13.747859954833984,13.812975883483887,13.85133171081543,13.604008674621582,13.611480712890625,127829347,0.01685634089778132,0.1696945289239605,1758433973.4818783
2010-03-05,13.98633098602295,14.052577018737793,14.138753890991211,13.945229530334473,13.981344223022461,157074555,0.01719732217492176,0.14572163489186468,2206193826.784525
2010-03-08,13.943446159362793,14.009489059448242,14.076737403869629,13.972875595092773,14.066774368286133,95813793,-0.003070906018254327,0.1461373763619758,1343280699.4634771
2010-03-09,13.886678695678711,13.952452659606934,14.0637845993042,13.860547065734863,13.943984985351562,127540267,-0.004079575115898404,0.14798661813882796,1780325417.9555883
2010-03-10,14.289752960205078,14.35743522644043,14.408493041992188,14.002763748168945,14.041369438171387,227043838,0.028612690801174345,0.173412765625773,3236789327.2297263
2010-03-11,14.406013488769531,14.474246978759766,14.600523948669434,14.301395416259766,14.302888870239258,169966698,0.008103018603722756,0.17194751687338206,2457501255.111849
2010-03-12,14.366350173950195,14.434395790100098,14.652079582214355,14.424931526184082,14.648592948913574,110548817,-0.0027570442532045547,0.17362052654339846,1603378186.2115507
2010-03-15,13.960800170898438,14.026924133300781,14.183088302612305,13.84809398651123,14.114096641540527,186853758,-0.028635264019666096,0.2046361858169952,2619571746.4646397
2010-03-16,14.010873794555664,14.077235221862793,14.157434463500977,13.966650009155273,13.993300437927246,137774484,0.0035803132274967453,0.19958835544881243,1938088348.3437996
2010-03-17,14.019796371459961,14.086200714111328,14.232901573181152,14.053573608398438,14.15444564819336,133362007,0.000636629602703831,0.19762561020685537,1883635033.136621
2010-03-18,14.040619850158691,14.107123374938965,14.157933235168457,14.021444320678711,14.065279960632324,71354455,0.0014841891408021723,0.1960861545532851,1005776742.5910791
2010-03-19,13.881970405578613,13.947720527648926,14.146973609924316,13.879974365234375,13.947720527648926,192486794,-0.011363641435454763,0.20036786116890884,2693189789.7727394
2010-03-22,13.819997787475586,13.885454177856445,14.118330955505371,13.805254936218262,13.850833892822266,160792439,-0.004474246815701299,0.20134813173167737,2240859175.01217
2010-03-23,13.60928726196289,13.673747062683105,13.905628204345703,13.499401092529297,13.87399673461914,220876809,-0.01536421165380375,0.20237813133863894,3024449679.9746103
2010-03-24,13.81578254699707,13.881219863891602,13.943984985351562,13.442115783691406,13.586823463439941,263592319,0.015059154915026074,0.2055093833500473,3625916248.1839237
2010-03-25,13.953361511230469,14.019452095031738,14.246600151062012,13.914345741271973,13.923312187194824,157825359,0.009908846281204475,0.20230101060990238,2219045485.039624
2010-03-26,13.948652267456055,14.014719009399414,14.131780624389648,13.948219299316406,14.078978538513184,108252241,-0.0003375558378322374,0.20250426441229238,1518949219.5912652
2010-03-29,13.942703247070312,14.008742332458496,14.065279960632324,13.96191692352295,14.022439956665039,124645457,-0.00042658525311578543,0.2008168380460953,1746529618.0263484
2010-03-30,14.04830551147461,14.11484432220459,14.137758255004883,13.954693794250488,14.018205642700195,79412546,0.007545477645822807,0.19619483272695679,1117262954.8780658
2010-03-31,14.058469772338867,14.125056266784668,14.190311431884766,14.017707824707031,14.073498725891113,121686407,0.0007232605807461212,0.19521161773630644,1717119952.5664423
2010-04-01,14.100113868713379,14.166898727416992,14.28271484375,14.085951805114746,14.2304105758667,84423257,0.002957828225063075,0.1876231362135735,1196996989.134045
2010-04-05,14.154898643493652,14.221942901611328,14.318330764770508,14.171879768371582,14.219202995300293,76345092,0.003877884917658392,0.17882483567100657,1086954427.8314552
2010-04-06,14.085736274719238,14.152453422546387,14.218954086303711,14.082216262817383,14.183337211608887,82712870,-0.0048980844268449175,0.17940809823936807,1170487021.351614
2010-04-07,13.969722747802734,14.035889625549316,14.165654182434082,13.994047164916992,14.129538536071777,103626969,-0.008270346821738883,0.1813337674827575,1457533732.5618095
2010-04-08,14.06764030456543,14.134270668029785,14.1930513381958,13.948966026306152,14.030410766601562,78191988,0.006984819127045849,0.15181898282949016,1101889002.174755
2010-04-09,14.03615951538086,14.102640151977539,14.166152000427246,14.047347068786621,14.134270668029785,82572346,-0.002240323554339785,0.14836905942225911,1164714296.3854623
2010-04-12,14.197535514831543,14.264781951904297,14.296414375305176,14.102640151977539,14.130784034729004,94448695,0.011431571862629664,0.15460377940796932,1343181226.3842025
2010-04-13,14.545577049255371,14.614471435546875,14.667023658752441,14.224930763244629,14.259800910949707,157078570,0.024218570285098107,0.14137982121000484,2277975719.838009
2010-04-14,14.60085678100586,14.670013427734375,14.75320053100586,14.54572868347168,14.69641399383545,136618166,0.003793246086714941,0.14141074601580725,2002318768.246062
2010-04-15,14.757028579711914,14.826925277709961,14.890188217163086,14.652329444885254,14.748967170715332,271485795,0.010639272544906042,0.14434424794257744,4015224496.7358065
2010-04-16,13.637795448303223,13.70238971710205,14.167147636413574,13.689438819885254,14.022439956665039,491254466,-0.07887446783986274,0.31672580198523304,6805344215.856924
2010-04-19,13.636555671691895,13.70114517211914,13.7980318069458,13.574121475219727,13.667521476745605,156343827,-9.091153859008827e-05,0.31467709577886566,2140518889.2853498
2010-04-20,13.759015083312988,13.82418441772461,13.939251899719238,13.725054740905762,13.802515029907227,119542401,0.008940147906284945,0.3161718226502324,1653211278.3273811
2010-04-21,13.740670204162598,13.805752754211426,13.953947067260742,13.75245189666748,13.859551429748535,96018557,-0.0013341884956039607,0.31139504677339674,1328645635.3136132
2010-04-22,13.561197280883789,13.625429153442383,13.760920524597168,13.533024787902832,13.748467445373535,131719875,-0.013147489535248358,0.31004464697444695,1796631629.9107075
2010-04-23,13.509883880615234,13.573871612548828,13.681717872619629,13.506126403808594,13.63016128540039,83889263,-0.0037910167989188004,0.30762369609688683,1139823434.847225
2010-04-26,13.178945541381836,13.241368293762207,13.573871612548828,13.180845260620117,13.573373794555664,175407013,-0.024801035439653063,0.31781825367079825,2338531276.9416666
2010-04-27,13.114990234375,13.177108764648438,13.407994270324707,13.131529808044434,13.174368858337402,154364435,-0.0048646527227109715,0.31776485739254623,2043611862.9716175
2010-04-28,13.118212699890137,13.180347442626953,13.320819854736328,12.9771089553833,13.252824783325195,136754676,0.0002456783900477433,0.31569196500065033,1799612959.3276176
2010-04-29,13.187870025634766,13.250333786010742,13.362414360046387,13.117582321166992,13.284457206726074,122814620,0.005295922564887423,0.3168433528770168,1626488479.6021843
2010-04-30,13.031698226928711,13.093422889709473,13.391803741455078,13.086947441101074,13.228666305541992,97781139,-0.011912754939938708,0.3173806352927905,1289804084.497467
2010-05-03,13.153164863586426,13.21546459197998,13.273248672485352,13.077980995178223,13.113348007202148,74590540,0.009277688984802523,0.3195986454586827,983767030.280571
2010-05-04,12.552522659301758,12.611976623535156,13.119325637817383,12.558178901672363,13.113845825195312,243963019,-0.04674074961586161,0.3526974562497577,3113739140.1583953
2010-05-05,12.636558532714844,12.6964111328125,12.844854354858398,12.465027809143066,12.477729797363281,183975008,0.0066724295780824505,0.355139010905673,2330736037.777232
2010-05-06,12.361645698547363,12.420195579528809,12.88968563079834,11.457056045532227,12.671255111694336,200753664,-0.02199549336771911,0.3569500990400952,2460365789.390625
2010-05-07,12.224560737609863,12.282462120056152,12.585824966430664,11.988314628601074,12.452574729919434,204322993,-0.011151487066387133,0.35695299244947787,2510217058.0785637
2010-05-10,12.931303024291992,12.99255084991455,13.021692276000977,12.767146110534668,12.801267623901367,165738910,0.05620385974868647,0.41485359764909113,2142528393.4449959
2010-05-11,12.618958473205566,12.678727149963379,12.948466300964355,12.658055305480957,12.843608856201172,133402157,-0.024450639129852014,0.40623255337994935,1702444921.7954957
2010-05-12,12.528230667114258,12.587569236755371,12.75319766998291,12.503134727478027,12.75319766998291,154649500,-0.007215772645438268,0.40429240411125955,1950846821.9269118
2010-05-13,12.664321899414062,12.724306106567383,13.00126838684082,12.711604118347168,12.86428165435791,133530637,0.010804189513634377,0.4043868222160365,1710846981.50349
2010-05-14,12.581277847290039,12.640869140625,12.727046012878418,12.359922409057617,12.696660041809082,165257111,-0.0065789169189161,0.31036302610699656,2078264479.9553728
2010-05-17,12.592185020446777,12.651827812194824,12.661540985107422,12.412225723266602,12.622188568115234,112170874,0.0008665612590998961,0.3105338428294537,1410570969.8472729
2010-05-18,12.354208946228027,12.412723541259766,12.726548194885254,12.380345344543457,12.702387809753418,113443627,-0.019079574683119827,0.310971624108622,1418787148.4281507
2010-05-19,12.256540298461914,12.314592361450195,12.439373970031738,12.147966384887695,12.3601713180542,138344613,-0.00793711394454677,0.3107269190506175,1701727866.866065
2010-05-20,11.77513313293457,11.830904960632324,12.094167709350586,11.80076789855957,12.081465721130371,197268650,-0.040069750186178865,0.332068764502469,2349196113.0238695
2010-05-21,11.701756477355957,11.757181167602539,12.07972240447998,11.566644668579102,11.682709693908691,389084940,-0.00625098943926794,0.33187253835019387,4591662481.001644
2010-05-24,11.828429222106934,11.884453773498535,12.19902515411377,11.87548828125,11.973370552062988,174475535,0.010766933172356996,0.33089595947259204,2091320013.9379025
2010-05-25,11.82619857788086,11.88221263885498,11.891676902770996,11.55693244934082,11.66004467010498,121148398,-0.00018860108487395166,0.33138742338404864,1426757494.7429328
2010-05-26,11.78653621673584,11.842362403869629,12.198278427124023,11.830656051635742,12.006746292114258,139545096,-0.0033594074376548377,0.3308791539612213,1668554522.3770065
2010-05-27,12.158126831054688,12.215712547302246,12.26179027557373,11.981341361999512,12.078476905822754,112785168,0.031039939717852683,0.3525934421067152,1370672288.8256683
2010-05-28,12.038393020629883,12.095413208007812,12.290183067321777,12.029909133911133,12.272500038146973,116226017,-0.009896860247907036,0.3520967315214304,1410809716.9193347
2010-06-01,11.957581520080566,12.0142183303833,12.230655670166016,11.95817756652832,11.965899467468262,107071833,-0.006735446891019681,0.34885233828128953,1292109030.4935083
2010-06-02,12.230262756347656,12.288190841674805,12.300643920898438,11.99155330657959,12.121564865112305,102012942,0.022547920008531452,0.32537963472657844,1243891002.1453266
2010-06-03,12.533434867858887,12.592799186706543,12.65257453918457,12.321316719055176,12.331527709960938,146575349,0.024486428810963634,0.33652571877422244,1835450254.2476559
2010-06-04,12.362883567810059,12.421441078186035,12.683708190917969,12.371129989624023,12.446348190307617,157399770,-0.013701139667656737,0.3310003629703169,1966252578.5931873
2010-06-07,12.03566837310791,12.092674255371094,12.475987434387207,12.033644676208496,12.429909706115723,145852650,-0.026824117713605933,0.34191769187192445,1779514459.862709
2010-06-08,12.017324447631836,12.07424259185791,12.175363540649414,11.893918991088867,12.15070629119873,107806577,-0.0015252928539282173,0.27185090618563246,1298836574.7628024
2010-06-09,11.750591278076172,11.806246757507324,12.176360130310059,11.755935668945312,12.135014533996582,109569158,-0.022445751756208665,0.27000162489731716,1305280672.030552
2010-06-10,12.072604179382324,12.12978458404541,12.166894912719727,11.851576805114746,11.964404106140137,103502504,0.027035207344606516,0.289468525742483,1247145014.1594493
2010-06-11,12.109539031982422,12.166894912719727,12.172125816345215,11.995537757873535,12.0174560546875,71535130,0.0030547235617803814,0.2864249229508301,866399121.6185824
2010-06-14,11.977909088134766,12.03464126586914,12.31633472442627,12.03464126586914,12.315836906433105,81921917,-0.010929447858991637,0.2876482405248316,993593172.2844267
2010-06-15,12.344789505004883,12.403260231018066,12.463285446166992,12.009486198425293,12.031901359558105,171022641,0.03017002770948629,0.3089895720917455,2102212120.3223553
2010-06-16,12.426097869873047,12.484952926635742,12.552947998046875,12.35643482208252,12.357929229736328,91915234,0.00656485620817282,0.3027501201509944,1145703040.1461606
2010-06-17,12.396597862243652,12.455313682556152,12.599523544311523,12.370881080627441,12.539250373840332,79388456,-0.002376858809857829,0.30145467301938145,990389997.0409901
2010-06-18,12.39535903930664,12.454069137573242,12.539748191833496,12.406745910644531,12.515837669372559,115346733,-9.993748722303408e-05,0.2628040443118371,1438010927.366603
2010-06-21,12.111027717590332,12.168390274047852,12.4774808883667,12.076983451843262,12.450831413269043,119787316,-0.023205712364785747,0.27617800770933865,1466310730.0333862
2010-06-22,12.053763389587402,12.110856056213379,12.36863899230957,12.097904205322266,12.201765060424805,89120799,-0.004739493500439895,0.27498514882100433,1086602348.9482298
2010-06-23,11.949649810791016,12.006248474121094,12.126795768737793,11.909360885620117,12.126795768737793,81468223,-0.008674952253410417,0.2769855720814333,978770232.8210903
2010-06-24,11.777362823486328,11.833146095275879,12.023681640625,11.787318229675293,11.946721076965332,76027907,-0.014522689224771401,0.2816093283586145,903316604.8550835
2010-06-25,11.717371940612793,11.772871971130371,11.896657943725586,11.720069885253906,11.881962776184082,90144622,-0.005106762332166337,0.2581355834202796,1063394032.237393
2010-06-28,11.702499389648438,11.757927894592285,11.89416790008545,11.681465148925781,11.770630836486816,70756221,-0.0012700798184477335,0.2564656795465622,833356415.614193
2010-06-29,11.260754585266113,11.314091682434082,11.570381164550781,11.235884666442871,11.54273509979248,140609069,-0.03847880689299554,0.2865173030485619,1599210567.9700763
2010-06-30,11.02996826171875,11.082210540771484,11.403009414672852,11.076482772827148,11.331526756286621,144668227,-0.0207076793328671,0.2768357466643547,1618437342.9333663
2010-07-01,10.89461898803711,10.946221351623535,11.168139457702637,10.800268173217773,11.090679168701172,141070793,-0.012346959293313642,0.25564688794324436,1547764270.6227524
2010-07-02,10.821739196777344,10.872995376586914,11.01570987701416,10.859296798706055,10.999272346496582,77730264,-0.006711996942368792,0.2544817245530971,848503614.9994583
2010-07-06,10.809839248657227,10.861040115356445,11.149956703186035,10.800268173217773,11.058549880981445,102787835,-0.00110023864884079,0.24414872553471967,1124199630.7047765
2010-07-07,11.160110473632812,11.212970733642578,11.240118980407715,10.843854904174805,10.916831016540527,125657235,0.031889095049164595,0.27606433809408226,1394667331.5580988
2010-07-08,11.317770004272461,11.371376991271973,11.390555381774902,11.1995210647583,11.296407699584961,107156148,0.014028201304543408,0.2736894592322688,1213059510.2921867
2010-07-09,11.588716506958008,11.643607139587402,11.787318229675293,11.526296615600586,11.754940032958984,173909421,0.023657852520987177,0.2694100999285107,2026463411.7186813
2010-07-12,11.795458793640137,11.851327896118164,11.941241264343262,11.73302173614502,11.765151023864746,133875926,0.017682699601284657,0.2775304069767988,1585340459.326786
2010-07-13,12.12689208984375,12.184329986572266,12.278725624084473,11.962162971496582,12.011228561401367,159648166,0.027710863894105486,0.29245898537567633,1938406447.5966325
2010-07-14,12.179941177368164,12.237629890441895,12.29964828491211,12.11608600616455,12.20126724243164,125187481,0.0043649595296368915,0.27255426141612976,1529514110.686645
2010-07-15,12.246376037597656,12.304380416870117,12.321316719055176,12.021939277648926,12.247344017028809,195056389,0.005439626732059999,0.2722053806347628,2382785208.0722327
2010-07-16,11.393379211425781,11.447342872619629,11.720069885253906,11.445100784301758,11.684205055236816,314165171,-0.07219764379770144,0.36789833560001645,3624682078.572439
2010-07-19,11.556242942810059,11.610979080200195,11.697404861450195,11.395288467407227,11.48221206665039,182694226,0.014193389711324667,0.37320031265941994,2113386856.710112
2010-07-20,11.93824577331543,11.994791030883789,12.02966022491455,11.472000122070312,11.482709884643555,162787890,0.03252137154134482,0.3857265751885262,1926130807.4302769
2010-07-21,11.836856842041016,11.892922401428223,12.097156524658203,11.841365814208984,12.054816246032715,131675710,-0.008529052222391975,0.38644648400426496,1572710308.834721
2010-07-22,12.018067359924316,12.074990272521973,12.178851127624512,12.01695728302002,12.035636901855469,86230004,0.015193006025271849,0.38921498323685805,1042543705.1775475
2010-07-23,12.148210525512695,12.205750465393066,12.218950271606445,11.955437660217285,11.974367141723633,90915501,0.010770746273037979,0.38692062800228144,1102506169.6107674
2010-07-26,12.121191024780273,12.17860221862793,12.22293472290039,12.076732635498047,12.18159008026123,80107140,-0.002226631904354015,0.38642426536467633,974056615.9881973
2010-07-27,12.211917877197266,12.269760131835938,12.3910551071167,12.208490371704102,12.218701362609863,98415508,0.007457104902908185,0.3867602456619759,1209503813.7600112
2010-07-28,12.00666332244873,12.063532829284668,12.335015296936035,12.021690368652344,12.32729434967041,100214225,-0.016950577537695022,0.3648289338520834,1216608658.359623
2010-07-29,12.022527694702148,12.079472541809082,12.176360130310059,11.938502311706543,12.103384017944336,107421137,0.0013204251901015596,0.35444782240394945,1296012205.6404772
2010-07-30,12.019058227539062,12.0759859085083,12.13850212097168,11.933769226074219,11.94647216796875,86085465,-0.0002886221564906144,0.34973232581868585,1037279844.9280024
2010-08-02,12.156886100769043,12.21446704864502,12.285948753356934,12.12804126739502,12.179100036621094,74626675,0.011402190922074507,0.3477565242180675,911153320.4897801
2010-08-03,12.142507553100586,12.200020790100098,12.265525817871094,12.123558044433594,12.21670913696289,72362219,-0.0011834492293454346,0.34777749738994534,882556267.957078
2010-08-04,12.55128288269043,12.610732078552246,12.627668380737305,12.230406761169434,12.258551597595215,153071607,0.033110564805916454,0.3489551588668441,1911803511.2029533
2010-08-05,12.59540843963623,12.655065536499023,12.667518615722656,12.541990280151367,12.600022315979004,97178890,0.003509455909627146,0.3477536752386255,1226545771.220131
2010-08-06,12.400069236755371,12.45880126953125,12.596285820007324,12.354941368103027,12.587818145751953,133277692,-0.0156302817867493,0.3482542837663953,1661974083.496264
2010-08-09,12.527236938476562,12.58657169342041,12.59030818939209,12.487195014953613,12.50936222076416,75168699,0.01020317270187876,0.34533392196874857,943719836.3678789
2010-08-10,12.486583709716797,12.54572582244873,12.602762222290039,12.417704582214355,12.511853218078613,83270954,-0.003250464223363725,0.33385235743069364,1042724232.7313843
2010-08-11,12.18985652923584,12.24759292602539,12.403509140014648,12.241615295410156,12.396783828735352,89253294,-0.02405059080517402,0.3450266427477178,1097598849.7068062
2010-08-12,12.196550369262695,12.254318237304688,12.322562217712402,12.017704963684082,12.05332088470459,88514535,0.0005489812601613409,0.3444768486466998,1079717570.6180382
2010-08-13,12.056241989135742,12.113346099853516,12.233894348144531,12.104878425598145,12.179348945617676,77678069,-0.011570621923905566,0.22949829107886943,943843401.6864691
2010-08-16,12.037403106689453,12.094416618347168,12.201018333435059,11.967641830444336,12.046845436096191,52395658,-0.0015638054109743393,0.22611569424789252,633342589.7030945
2010-08-17,12.159613609313965,12.217206954956055,12.321316719055176,12.105376243591309,12.167642593383789,75911472,0.010101372679999443,0.19980845177148782,927230794.1886292
2010-08-18,11.952127456665039,12.008737564086914,12.225923538208008,11.993794441223145,12.215213775634766,107858771,-0.017210808104795028,0.2071052887675875,1302518896.717332
2010-08-19,11.600616455078125,11.655562400817871,12.017704963684082,11.637628555297852,11.980344772338867,157588475,-0.029851052999088523,0.22468562131092096,1854863412.9616578
2010-08-20,11.453120231628418,11.507368087768555,11.745723724365234,11.482460975646973,11.655562400817871,157291365,-0.012796037190589526,0.22290210757251938,1821200837.3398638
2010-08-23,11.503938674926758,11.558425903320312,11.662535667419434,11.400518417358398,11.494416236877441,119895720,0.004427268014739472,0.22435671065567275,1383655756.8795395
2010-08-24,11.189611434936523,11.242609977722168,11.416458129882812,11.230903625488281,11.399770736694336,110922211,-0.027703672795754475,0.23708926648041176,1253050198.4540687
2010-08-25,11.26968002319336,11.323058128356934,11.402510643005371,11.207989692687988,11.207989692687988,104072633,0.007130138332477554,0.23562465350088038,1177184925.47105
2010-08-26,11.179447174072266,11.23239803314209,11.388812065124512,11.218949317932129,11.35892391204834,71346425,-0.008038916993346135,0.2356036172333913,804791465.2586222
2010-08-27,11.374041557312012,11.4279146194458,11.456807136535645,11.149458885192871,11.271751403808594,92842698,0.017256683842233222,0.24632005641040505,1053275051.6486645
2010-08-30,11.221837043762207,11.274989128112793,11.451079368591309,11.268263816833496,11.435885429382324,49440624,-0.013472086506277847,0.24331812627077365,560233667.3482208
2010-08-31,11.155651092529297,11.208488464355469,11.32928466796875,11.15817642211914,11.210728645324707,78163883,-0.005915422126838266,0.24317827288675586,877935419.5158043
2010-09-01,11.411226272583008,11.465274810791016,11.580095291137695,11.270256042480469,11.332024574279785,129616018,0.02265143763847588,0.22494681283052173,1482618272.0050035
2010-09-02,11.481874465942383,11.536258697509766,11.56739330291748,11.464776992797852,11.527791023254395,67620512,0.006172026973396694,0.22636445393368226,779178289.1858418
2010-09-03,11.65837574005127,11.713595390319824,11.752946853637695,11.642361640930176,11.719074249267578,101996882,0.015255210768580607,0.23258564484432906,1193666242.2320774
2010-09-07,11.512117385864258,11.566644668579102,11.646098136901855,11.53227424621582,11.569135665893555,68652365,-0.012624702977172664,0.22954359257374465,795109197.5214369
2010-09-08,11.665316581726074,11.72056770324707,11.768388748168945,11.569384574890137,11.586321830749512,96432101,0.013219878199340673,0.23736465107067675,1126916494.2470663
2010-09-09,11.804136276245117,11.86004638671875,11.9651517868042,11.72056770324707,11.901142120361328,97588419,0.011829957376139788,0.2303949561856841,1156285031.3527117
2010-09-10,11.803143501281738,11.859048843383789,11.949958801269531,11.832648277282715,11.930781364440918,79268006,-8.410752728149617e-05,0.2303306882491225,941747665.1566536
2010-09-13,11.955102920532227,12.011727333068848,12.063532829284668,11.943483352661133,11.977604866027832,89996068,0.012792315460411263,0.23250762373626221,1080515096.8839393
2010-09-14,11.909491539001465,11.965899467468262,12.073495864868164,11.957181930541992,12.005250930786133,88992319,-0.0038225193515217804,0.2327786485453098,1067806295.5620743
2010-09-15,11.914694786071777,11.971129417419434,12.002263069152832,11.917828559875488,11.953944206237793,96472251,0.00043680376589128045,0.22959462593877702,1154168961.8297968
2010-09-16,11.925107955932617,11.981590270996094,12.016209602355957,11.9404935836792,11.953944206237793,79075287,0.0008735953594736223,0.2219203616960923,947276956.4683228
2010-09-17,12.150440216064453,12.207990646362305,12.234143257141113,11.984579086303711,12.048588752746582,226509844,0.018719311263231564,0.20270287286099606,2750336358.9179955
2010-09-20,12.599869728088379,12.65954875946045,12.712599754333496,12.255562782287598,12.266522407531738,176800216,0.0363210739583244,0.22641073207693058,2217529161.577619
2010-09-21,12.728277206420898,12.788564682006836,12.950957298278809,12.675239562988281,12.694417953491211,179321632,0.010139595194912143,0.227162711876839,2296199244.2769065
2010-09-22,12.791242599487305,12.851827621459961,12.896162033081055,12.744231224060059,12.77362060546875,101864387,0.004934694799814565,0.19341409738051119,1306995494.6891
2010-09-23,12.728774070739746,12.789063453674316,12.943734169006348,12.734766960144043,12.817208290100098,93043447,-0.004895659303244315,0.19750025039190952,1193051602.160376
2010-09-24,13.071113586425781,13.133024215698242,13.14647388458252,12.908117294311523,12.994791984558105,134779299,0.02653962016763023,0.20250716669699353,1760559777.4549189
2010-09-27,13.148456573486328,13.210733413696289,13.371131896972656,13.171878814697266,13.171878814697266,124761892,0.0058996551752446,0.19962785887458728,1653250777.0548577
2010-09-28,13.06813907623291,13.130035400390625,13.289936065673828,12.912849426269531,13.287196159362793,146735949,-0.006127244712260005,0.19147282873038532,1923846266.8278847
2010-09-29,13.081028938293457,13.142987251281738,13.273747444152832,13.068764686584473,13.146971702575684,87213678,0.0009858717567916564,0.18675840989330816,1147891876.257536
2010-09-30,13.033929824829102,13.095664024353027,13.24709701538086,12.924555778503418,13.17959976196289,130250387,-0.003607064055388687,0.1827871661381724,1704861070.6756725
2010-10-01,13.029715538024902,13.091429710388184,13.215963363647461,13.026174545288086,13.200521469116211,89333594,-0.00032338429887701636,0.18437478768679208,1171269653.4254043
2010-10-04,12.948654174804688,13.009984970092773,13.15693473815918,12.922812461853027,13.074743270874023,77910939,-0.006240701568510865,0.18624343733913018,1015172579.5437956
2010-10-05,13.342308044433594,13.405503273010254,13.44958782196045,13.114592552185059,13.160172462463379,140809819,0.029948184326409333,0.19289060523801116,1876041306.614421
2010-10-06,13.246125221252441,13.30886459350586,13.448342323303223,13.199027061462402,13.431157112121582,110906151,-0.007234968813344622,0.197998123823598,1477130706.3285027
2010-10-07,13.138540267944336,13.200770378112793,13.379849433898926,13.17910099029541,13.355191230773926,96191202,-0.008155157366732002,0.20304292852755815,1274845111.7194424
2010-10-08,13.295703887939453,13.358677864074707,13.389812469482422,13.141242980957031,13.269513130187988,114796679,0.011891050936594372,0.2032279553382426,1526402970.2339628
2010-10-11,13.357429504394531,13.420696258544922,13.56415843963623,13.379101753234863,13.41172981262207,105445761,0.004631780128692586,0.20172361449187437,1418736034.996807
2010-10-12,13.42064094543457,13.484208106994629,13.598777770996094,13.394543647766113,13.45257568359375,150706777,0.004721143636503111,0.19886973287919385,2033412671.9163837
2010-10-13,13.46799087524414,13.531780242919922,13.636137962341309,13.507619857788086,13.623933792114258,122682126,0.0035219329171840563,0.1980724498441146,1663387161.9229374
2010-10-14,13.409238815307617,13.472750663757324,13.580348014831543,13.377607345581055,13.553696632385254,266358649,-0.004371890570000314,0.20064022838415252,3589689411.571354
2010-10-15,14.909482955932617,14.980100631713867,14.984832763671875,14.734769821166992,14.925804138183594,595214680,0.10605351729004964,0.3998063707120353,8868639848.711802
2010-10-18,15.312557220458984,15.385083198547363,15.43439769744873,14.957685470581055,14.957685470581055,284992232,0.02667577463941706,0.3932141623925372,4348712272.482051
2010-10-19,15.067638397216797,15.139004707336426,15.313102722167969,15.015218734741211,15.164409637451172,184203863,-0.01612393366343179,0.4032563343450098,2791752373.2450047
2010-10-20,15.071355819702148,15.142741203308105,15.376864433288574,15.130785942077637,15.14672565460205,141532518,0.00024668523955684307,0.4040945393535426,2153671622.605257
2010-10-21,15.170761108398438,15.242616653442383,15.342493057250977,15.093425750732422,15.23066234588623,117257870,0.006573987326005781,0.4013495604487308,1785389257.6420848
2010-10-22,15.184147834777832,15.256067276000977,15.313102722167969,15.194297790527344,15.240873336791992,90582257,0.0008820139946590366,0.39683186639278356,1381786066.8156364
2010-10-25,15.282560348510742,15.35494613647461,15.560176849365234,15.316839218139648,15.332281112670898,126809538,0.006460353735673774,0.39680825221108823,1954217922.6400337
2010-10-26,15.334617614746094,15.40725040435791,15.472753524780273,15.218707084655762,15.270262718200684,100892759,0.0034005300202357702,0.39403884288980373,1550342046.8417861
2010-10-27,15.281816482543945,15.354199409484863,15.442118644714355,15.25108528137207,15.336764335632324,90012128,-0.0034492053765866615,0.3953297686430386,1381608254.36969
2010-10-28,15.334122657775879,15.40675163269043,15.467025756835938,15.27524471282959,15.443364143371582,87699492,0.003416927756712873,0.39352445927905666,1349081931.5577965
2010-10-29,15.213150024414062,15.28520679473877,15.417213439941406,15.267523765563965,15.369142532348633,91473585,-0.007920397151739866,0.39644669039644553,1401678526.6505241
2010-11-01,15.245377540588379,15.317585945129395,15.458558082580566,15.223190307617188,15.33576774597168,123946848,0.002116157987749556,0.39377702906854917,1900490833.6539917
2010-11-02,15.260250091552734,15.33253002166748,15.442118644714355,15.307125091552734,15.408992767333984,80203500,0.0009750694083106026,0.3862686925024061,1231973180.5315018
2010-11-03,15.373785018920898,15.446601867675781,15.48769760131836,15.28022575378418,15.379853248596191,135726838,0.0074123729890600565,0.38291288438300125,2090850459.3863158
2010-11-04,15.475174903869629,15.548471450805664,15.689192771911621,15.494422912597656,15.557685852050781,143367369,0.0065733334465365445,0.37871849459762047,2233285460.1562834
2010-11-05,15.49525260925293,15.568644523620605,15.578857421875,15.469765663146973,15.521322250366211,70892731,0.001296572879887492,0.3791854836640686,1101608470.8448372
2010-11-08,15.53714656829834,15.610736846923828,15.678483009338379,15.520076751708984,15.542243957519531,84367048,0.002700015829043334,0.37943833973572844,1316387391.256981
2010-11-09,15.48880672454834,15.562169075012207,15.712355613708496,15.454821586608887,15.69118595123291,89823423,-0.003116093317673041,0.38114165661083277,1399129945.667468
2010-11-10,15.440715789794922,15.513850212097168,15.516839027404785,15.380102157592773,15.493925094604492,100254375,-0.0031097132835244956,0.3826282873367385,1550961628.2570362
2010-11-11,15.299665451049805,15.37213134765625,15.438383102416992,15.2979097366333,15.434646606445312,90803081,-0.009176940749870965,0.38475672764659896,1395595658.7359579
2010-11-12,14.955094337463379,15.02592945098877,15.364909172058105,14.974123001098633,15.29242992401123,136228712,-0.022778962064363473,0.15430978792083538,2060003430.662257
2010-11-15,14.761241912841797,14.831158638000488,15.04361343383789,14.795791625976562,15.020698547363281,139677591,-0.01304704408135171,0.12707884407475586,2079825575.3076143
2010-11-16,14.469968795776367,14.538505554199219,14.891432762145996,14.531781196594238,14.763662338256836,132791878,-0.019929571905186627,0.13301459836868412,1945919764.7441583
2010-11-17,14.465755462646484,14.534272193908691,14.682467460632324,14.479974746704102,14.57038688659668,98066204,-0.00029122016245608506,0.13291189301852813,1428390302.8674138
2010-11-18,14.788263320922852,14.858306884765625,14.943488121032715,14.659053802490234,14.670013427734375,103988318,0.022049683306203605,0.1545827620252665,1541136294.8087444
2010-11-19,14.646222114562988,14.715592384338379,14.891432762145996,14.703388214111328,14.86926555633545,92244464,-0.00965142123945295,0.15700604488958164,1362463443.3555298
2010-11-22,14.655888557434082,14.725305557250977,14.780598640441895,14.514347076416016,14.631905555725098,87791837,0.0006597779477357513,0.1544204888941824,1288206241.5185366
2010-11-23,14.45236873626709,14.520821571350098,14.670262336730957,14.401021003723145,14.62044906616211,86828238,-0.013983876506753035,0.15829202688003774,1261675220.0677013
2010-11-24,14.748848915100098,14.818705558776855,14.859304428100586,14.621444702148438,14.627921104431152,96215292,0.020306712577101038,0.17753965497727667,1420761656.1151314
2010-11-26,14.625645637512207,14.69491958618164,14.769142150878906,14.620200157165527,14.706377029418945,52640573,-0.008388501788157754,0.1778876179117356,773540268.798042
2010-11-29,14.430059432983398,14.498406410217285,14.68993854522705,14.444607734680176,14.674246788024902,114816754,-0.013463046811022394,0.18107361799064786,1669931331.7718883
2010-11-30,13.775623321533203,13.84087085723877,14.304384231567383,13.781094551086426,14.304384231567383,285763111,-0.046412887269899894,0.23485848738791068,3993668035.3231444
2010-12-01,13.989802360534668,14.056063652038574,14.23589038848877,14.007495880126953,14.022439956665039,150726852,0.015428057164813325,0.24466338841635357,2125220975.9572906
2010-12-02,14.17497730255127,14.242116928100586,14.279726028442383,14.080970764160156,14.163412094116211,102298006,0.013149586999503526,0.24890599264791213,1452727631.20579
2010-12-03,14.204229354858398,14.271507263183594,14.358181953430176,14.146973609924316,14.183088302612305,105642495,0.00206151377097763,0.24695942111588448,1506344462.9230785
2010-12-06,14.337099075317383,14.405006408691406,14.495667457580566,14.361419677734375,14.460049629211426,84065923,0.009310756551345722,0.2507687539889966,1212289274.8964114
2010-12-07,14.55474853515625,14.623686790466309,14.76963996887207,14.595293045043945,14.726551055908203,122144116,0.01506678147437146,0.2583941391938313,1790983693.3554573
2010-12-08,14.639031410217285,14.708369255065918,14.757684707641602,14.537758827209473,14.743986129760742,70539412,0.005774045661901539,0.2602827665909387,1034667693.3196081
2010-12-09,14.662830352783203,14.732279777526855,14.833898544311523,14.670013427734375,14.791558265686035,75036204,0.0016243983397052908,0.2607316283155524,1106438636.1013527
2010-12-10,14.68043041229248,14.749963760375977,14.794297218322754,14.702142715454102,14.773126602172852,68443585,0.0011995982151251638,0.25989613594916916,1009460830.7283545
2010-12-13,14.74017333984375,14.809988975524902,15.018706321716309,14.796788215637207,14.872255325317383,96299607,0.004061304123612164,0.24931770164628828,1432472174.825057
2010-12-14,14.747361183166504,14.817211151123047,14.901395797729492,14.756688117980957,14.87150764465332,65978380,0.0004875174260163817,0.2452527706210291,978135972.8438886
2010-12-15,14.633082389831543,14.702391624450684,14.855567932128906,14.673748970031738,14.799528121948242,87033003,-0.0077792814373283115,0.23628006271524468,1283206140.2972298
2010-12-16,14.668034553527832,14.737509727478027,14.788818359375,14.646849632263184,14.765904426574707,64115423,0.0023857234071917865,0.23633999005418843,944060658.2384369
2010-12-17,14.645477294921875,14.714844703674316,14.758681297302246,14.636886596679688,14.719825744628906,123946848,-0.0015390351845292471,0.22320985760639844,1822448868.4863281
2010-12-20,14.751078605651855,14.82094669342041,14.891183853149414,14.661544799804688,14.810735702514648,79227857,0.007184635189200428,0.2220959114609815,1171877068.3023283
2010-12-21,14.949642181396484,15.0204496383667,15.061546325683594,14.884458541870117,14.908370018005371,75461793,0.013371159276341249,0.22662255980507617,1131083093.956561
2010-12-22,15.009631156921387,15.080723762512207,15.118332862854004,15.025679588317871,15.04361343383789,48481040,0.004004706991461493,0.2200960710836475,730847415.1216888
2010-12-23,14.97839641571045,15.049341201782227,15.093425750732422,14.994546890258789,15.076988220214844,44598542,-0.0020831481784231443,0.20988735884895557,671019462.3947041
2010-12-27,14.932536125183105,15.003264427185059,15.038132667541504,14.931532859802246,15.012229919433594,48505130,-0.0030664591550699782,0.20775743608009864,727139271.3084381
2010-12-28,14.846765518188477,14.917086601257324,15.040374755859375,14.894421577453613,14.995044708251953,42751645,-0.005760433551863731,0.20262906937379346,639163925.6001028
2010-12-29,14.898327827453613,14.968893051147461,15.004011154174805,14.917086601257324,14.993800163269043,40920808,0.003466949006551978,0.1034938405291437,612311564.9726028
2010-12-30,14.845279693603516,14.915593147277832,14.97711181640625,14.878979682922363,14.894172668457031,39728356,-0.003567031340093063,0.09757070407992063,592901808.786705
2010-12-31,14.724059104919434,14.79379940032959,14.904634475708008,14.745479583740234,14.862791061401367,61802787,-0.008199119270319244,0.09745681265327573,915585905.6670275
2011-01-03,14.981371879577637,15.052330017089844,15.083213806152344,14.856314659118652,14.856314659118652,94962614,0.01732472494422499,0.11112364354744138,1424181496.7343528
2011-01-04,14.926091194152832,14.996788024902344,15.097908973693848,14.946974754333496,15.083962440490723,73253547,-0.003696786199821833,0.11043007458247169,1099820739.5706024
2011-01-05,15.098377227783203,15.169890403747559,15.201272010803223,14.945232391357422,14.945730209350586,101671667,0.011476501244851,0.1056790209019321,1535797800.7822762
2011-01-06,15.208191871643066,15.28022575378418,15.403016090393066,15.194297790527344,15.209988594055176,82620526,0.0072469519136801885,0.10649077910833944,1263475485.4017138
2011-01-07,15.281071662902832,15.353450775146484,15.39853286743164,15.196290969848633,15.340250968933105,84363033,0.004780694685067033,0.10694411836105998,1292111935.8070736
2011-01-10,15.22579288482666,15.2979097366333,15.327300071716309,15.157187461853027,15.312604904174805,63404769,-0.0036240262246747257,0.10872324423582976,967607441.0611429
2011-01-11,15.270414352416992,15.342741966247559,15.4122314453125,15.305132865905762,15.385083198547363,57787794,0.0029263638646330747,0.10849962163939089,887237311.0601006
2011-01-12,15.291732788085938,15.364160537719727,15.42593002319336,15.311857223510742,15.42593002319336,65552790,0.001395087788076843,0.10841016531053772,1007370433.9011002
2011-01-13,15.287271499633789,15.359678268432617,15.433899879455566,15.296664237976074,15.36665153503418,53560006,-0.00029178768816828793,0.10302439633056158,822864552.909448
2011-01-14,15.472942352294922,15.546229362487793,15.548471450805664,15.369392395019531,15.377362251281738,94978674,0.012072289778266132,0.10856209133363755,1471032653.8459911
2011-01-18,15.855936050415039,15.931036949157715,15.989815711975098,15.573376655578613,15.593052864074707,145222296,0.024451100628219535,0.13081997995903383,2299073676.041115
2011-01-19,15.660594940185547,15.734771728515625,16.013975143432617,15.682717323303223,15.993054389953613,136754676,-0.012396263519223627,0.14183576411730817,2162158172.742405
2011-01-20,15.53714656829834,15.610736846923828,15.792804718017578,15.524062156677246,15.74622917175293,220254485,-0.00791397134695071,0.14132592365332686,3445338396.663067
2011-01-21,15.16679573059082,15.238632202148438,15.983341217041016,15.22692584991455,15.929791450500488,357511035,-0.024125162604065498,0.16724876036945294,5535331350.769372
2011-01-24,15.148202896118164,15.219951629638672,15.255069732666016,14.974620819091797,15.132530212402344,184657557,-0.0012266427607610098,0.16710692711813394,2797539963.9136086
2011-01-25,15.367093086242676,15.439878463745117,15.459304809570312,15.106377601623535,15.148221015930176,146418764,0.01434650639539603,0.17309318091951528,2245359120.1451073
2011-01-26,15.282560348510742,15.35494613647461,15.50413703918457,15.324560165405273,15.450338363647461,81829572,-0.005516078819779224,0.17296722442101595,1259729255.9999847
2011-01-27,15.289750099182129,15.36216926574707,15.434646606445312,15.273999214172363,15.389566421508789,81070738,0.0004703439614899274,0.17283684526461515,1244998326.437708
2011-01-28,14.898079872131348,14.968644142150879,15.451086044311523,14.938009262084961,15.41895580291748,169878368,-0.025950338733144118,0.19650221025797598,2568432917.8961487
2011-01-31,14.882463455200195,14.952953338623047,15.055318832397461,14.833151817321777,15.033650398254395,112616538,-0.0010487665178500194,0.19420540189403948,1683295309.5190868
2011-02-01,15.147211074829102,15.218955993652344,15.276490211486816,15.021446228027344,15.055816650390625,110223602,0.017632857051949724,0.19454368495957652,1672345278.610052
2011-02-02,15.171009063720703,15.242865562438965,15.301148414611816,15.131532669067383,15.2179594039917,70691981,0.0015698806638653195,0.19394734908324696,1076298291.8906662
2011-02-03,15.12514877319336,15.196788787841797,15.229166984558105,15.096664428710938,15.18010139465332,60028160,-0.0030274680903206175,0.1903586582584273,910879709.6838379
2011-02-04,15.145724296569824,15.217460632324219,15.228918075561523,15.10861873626709,15.196788787841797,62264511,0.0013594273609323082,0.18865120654912546,945486546.4888086
2011-02-07,15.227776527404785,15.299901962280273,15.402018547058105,15.173376083374023,15.197037696838379,72253814,0.005402895827597121,0.18887058341993263,1104888382.4015586
2011-02-08,15.329164505004883,15.401769638061523,15.432904243469238,15.305381774902344,15.315841674804688,68050116,0.0066360274452632595,0.18984289711110383,1046612046.5555763
2011-02-09,15.282560348510742,15.35494613647461,15.428420066833496,15.251334190368652,15.364160537719727,73976246,-0.0030448589697829043,0.18994126927570673,1135158106.9529762
2011-02-10,15.281071662902832,15.353450775146484,15.379853248596191,15.23190689086914,15.290188789367676,93725996,-9.741549096853319e-05,0.18987726078812708,1436045058.1073544
2011-02-11,15.480875015258789,15.55419921875,15.566652297973633,15.267772674560547,15.28744888305664,103984303,0.012990475811827107,0.19513869584979412,1607896251.2198749
2011-02-14,15.571355819702148,15.645108222961426,15.682218551635742,15.443115234375,15.525306701660156,85439051,0.005827668936109198,0.1916902588875402,1332007393.3657053
2011-02-15,15.472198486328125,15.54548168182373,15.693427085876465,15.519330024719238,15.624436378479004,83993653,-0.0063882936609833685,0.17138718823605936,1309131761.340539
2011-02-16,15.473933219909668,15.547224998474121,15.604011535644531,15.494422912597656,15.582344055175781,67612482,0.00011211311318826134,0.16650846586690754,1051276269.9064121
2011-02-17,15.499713897705078,15.573127746582031,15.622692108154297,15.449092864990234,15.473252296447754,59373716,0.0016646850563692972,0.1644924055732652,923160600.2219441
2011-02-18,15.6191987991333,15.693178176879883,15.720575332641602,15.546229362487793,15.591559410095215,129198459,0.007679284284409782,0.1411619615984282,2022385807.243331
2011-02-22,15.126636505126953,15.198283195495605,15.564908981323242,15.137511253356934,15.442866325378418,146141730,-0.032043653076751166,0.18272479188370885,2236002735.8342743
2011-02-23,15.154152870178223,15.225929260253906,15.310113906860352,15.04361343383789,15.201272010803223,116017237,0.0018174144857385777,0.1752575802004909,1762675274.0837598
2011-02-24,15.092180252075195,15.163662910461426,15.270013809204102,14.977609634399414,15.227672576904297,108874565,-0.004097865653695187,0.17483446673257677,1648044682.6297522
2011-02-25,15.122422218322754,15.194048881530762,15.310611724853516,15.180599212646484,15.239378929138184,77585724,0.002001811963345812,0.17503572891887528,1181507986.3958702
2011-02-28,15.205713272094727,15.277734756469727,15.354697227478027,15.143487930297852,15.193053245544434,91602065,0.005492672848417701,0.14948462843714214,1397722930.4731734
2011-03-01,14.892377853393555,14.962915420532227,15.42269229888916,14.926551818847656,15.386825561523438,133426247,-0.020821701793954706,0.16750326106616983,2015277130.2188303
2011-03-02,14.893121719360352,14.963663101196289,15.093425750732422,14.824185371398926,14.939004898071289,81371863,4.994819476733525e-05,0.15478952004272237,1217357632.4553494
2011-03-03,15.110523223876953,15.182093620300293,15.23016357421875,15.06851863861084,15.102890968322754,78103658,0.01449192654623177,0.16353954986752525,1184071653.7484806
2011-03-04,14.888906478881836,14.959427833557129,15.167648315429688,14.948967933654785,15.151458740234375,120891439,-0.014774999309349557,0.1709801477547286,1816435944.5259929
2011-03-07,14.666796684265137,14.736265182495117,15.03589153289795,14.620200157165527,14.957685470581055,139027162,-0.01503019398431249,0.17765985523957242,2057247796.8276725
2011-03-08,14.68290901184082,14.752453804016113,14.893674850463867,14.69990062713623,14.767895698547363,91738575,0.001097955077379087,0.17613754953628472,1356080511.067915
2011-03-09,14.669523239135742,14.739005088806152,14.807249069213867,14.589067459106445,14.719825744628906,86362499,-0.0009120725341302816,0.17348666266893184,1270545556.3412542
2011-03-10,14.385190963745117,14.453325271606445,14.610734939575195,14.432154655456543,14.581345558166504,125592995,-0.01957282047544906,0.18362926527098683,1820939965.4215384
2011-03-11,14.296196937561035,14.363910675048828,14.445853233337402,14.279726028442383,14.401519775390625,121734587,-0.006205718641914437,0.18361803495732945,1748493753.8334959
2011-03-14,14.129612922668457,14.196537971496582,14.403263092041016,14.147472381591797,14.266526222229004,113066217,-0.011720751159684184,0.1756735631132074,1611090831.8351126
2011-03-15,14.1189546585083,14.18582820892334,14.221693992614746,13.835640907287598,13.885454177856445,160824559,-0.0007546056723257699,0.17220824679646646,2264579359.2473197
2011-03-16,13.810079574584961,13.87549114227295,14.191556930541992,13.730534553527832,14.147223472595215,152509508,-0.02211946713755486,0.1822349559206786,2124842920.6442947
2011-03-17,13.915681838989258,13.98159408569336,14.171879768371582,13.961170196533203,14.05930233001709,116406692,0.007617664560628068,0.18702899199105977,1634142132.8958702
2011-03-18,13.908246040344238,13.974122047424316,14.146724700927734,13.941245079040527,14.063286781311035,132438559,-0.000534489512356906,0.18614878089650205,1856880943.3818498
2011-03-21,14.290990829467773,14.35867977142334,14.440872192382812,14.172377586364746,14.202265739440918,121288923,0.02714742224791511,0.2135722116662838,1737339684.790701
2011-03-22,14.311318397521973,14.379103660583496,14.426674842834473,14.259303092956543,14.37785816192627,75758903,0.0014213937284082157,0.18905747903949097,1087521113.1156073
2011-03-23,14.431299209594727,14.499651908874512,14.506875038146973,14.246600151062012,14.326051712036133,72920303,0.008348683519760591,0.1923757441475445,1051343711.2299197
2011-03-24,14.548551559448242,14.617460250854492,14.654820442199707,14.41596508026123,14.581095695495605,84262658,0.008092035435544265,0.19565013727121694,1227095904.0722744
2011-03-25,14.371308326721191,14.439377784729004,14.617958068847656,14.426923751831055,14.61721134185791,114764559,-0.012257697835964532,0.19832908256487902,1663483959.0187101
2011-03-28,14.262731552124023,14.330286979675293,14.570137977600098,14.31409740447998,14.49740982055664,89068604,-0.0075837915603598205,0.19680410154900044,1283019059.762778
2011-03-29,14.420639991760254,14.48894214630127,14.492926597595215,14.271756172180176,14.346226692199707,64432607,0.011010563015180885,0.19164073530991263,928981271.8476584
2011-03-30,14.42336654663086,14.491682052612305,14.582839965820312,14.460298538208008,14.554944038391113,57105245,0.00018905521152845495,0.1916565158729586,828688864.639333
2011-03-31,14.545328140258789,14.614221572875977,14.649091720581055,14.489191055297852,14.520572662353516,81480268,0.008420283726763955,0.18630877283005745,1188321926.6692376
2011-04-01,14.670266151428223,14.739751815795898,14.824185371398926,14.66403579711914,14.66403579711914,104919797,0.008552882514806903,0.18346595296571064,1546796649.0785685
2011-04-04,14.568135261535645,14.637136459350586,14.812976837158203,14.523063659667969,14.76963996887207,82488031,-0.006986107334015834,0.17758789146958534,1209086927.9765315
2011-04-05,14.107303619384766,14.174121856689453,14.482963562011719,14.089189529418945,14.472752571105957,242806701,-0.03214397675580205,0.2087155056941958,3459694000.0639973
2011-04-06,14.233480453491211,14.300896644592285,14.325304985046387,14.146973609924316,14.251083374023438,107132058,0.00890431735843178,0.2120958004168149,1527459430.2030087
2011-04-07,14.377754211425781,14.445853233337402,14.461793899536133,14.301145553588867,14.339502334594727,101639547,0.010085197823660685,0.2049698993610177,1463907371.6896505
2011-04-08,14.332140922546387,14.400025367736816,14.567646980285645,14.39753532409668,14.567646980285645,76357137,-0.0031775335329684573,0.20408536547639486,1103747701.084484
2011-04-11,14.312559127807617,14.380349159240723,14.398530960083008,14.271507263183594,14.351207733154297,74606600,-0.0013672196081429,0.19960751579814,1070614343.7639236
2011-04-12,14.144983291625977,14.211979866027832,14.368891716003418,14.148219108581543,14.321319580078125,83736694,-0.011777388974834935,0.20417105346641798,1192664264.0193639
2011-04-13,14.285538673400879,14.353200912475586,14.386076927185059,14.240373611450195,14.334023475646973,83086265,0.009887720463659377,0.18982408194003567,1190339570.0248766
2011-04-14,14.34081745147705,14.40874195098877,14.432154655456543,14.249091148376465,14.326051712036133,219070062,0.0038620945359228998,0.18878889329567958,3146575429.676016
2011-04-15,13.155644416809082,13.217955589294434,13.592801094055176,13.20201587677002,13.581343650817871,563853569,-0.08625893878423518,0.357784951966867,7520448204.53624
2011-04-18,13.059957504272461,13.12181568145752,13.142239570617676,12.92654800415039,13.11135482788086,202347616,-0.007300029788169571,0.34093016878972776,2643375046.1663613
2011-04-19,12.928327560424805,12.989562034606934,13.22243881225586,12.973871231079102,13.199275970458984,107766427,-0.010130031215709323,0.3407429625635007,1407640474.2396212
2011-04-20,13.032442092895508,13.094169616699219,13.121317863464355,12.986075401306152,13.098403930664062,122858785,0.008020955622720205,0.34058205442431644,1605418795.23949
2011-04-21,13.016824722290039,13.078478813171387,13.157682418823242,13.010981559753418,13.138006210327148,99174342,-0.0011990642644521543,0.3375517887711959,1297436520.5838852
2011-04-25,13.015584945678711,13.07723331451416,13.125801086425781,13.001517295837402,13.082215309143066,65476506,-9.524870175869893e-05,0.3371347186479716,855659021.4671173
2011-04-26,13.208197593688965,13.270757675170898,13.38582706451416,13.081217765808105,13.113845825195312,140524754,0.014690185258427135,0.3436896241407555,1861381640.5283368
2011-04-27,13.330657005310059,13.393796920776367,13.402514457702637,13.30886459350586,13.399773597717285,92280599,0.009228754038175246,0.3427735684129704,1233643220.5650568
2011-04-28,13.335862159729004,13.399026870727539,13.430908203125,13.302140235900879,13.40126895904541,80299860,0.00039038874574037763,0.3428047569237364,1074200009.627552
2011-04-29,13.487820625305176,13.551705360412598,13.551705360412598,13.412476539611816,13.44958782196045,169773978,0.011330292893508176,0.3442693409986202,2292847784.134638
2011-05-02,13.35048770904541,13.413722038269043,13.592303276062012,13.377857208251953,13.59155559539795,85667905,-0.010234185643723137,0.34192134454774875,1153200870.4919338
2011-05-03,13.234722137451172,13.297408103942871,13.499650001525879,13.191306114196777,13.378106117248535,83572079,-0.008709075758841056,0.3421175449016847,1113970244.548887
2011-05-04,13.281822204589844,13.344731330871582,13.424680709838867,13.275738716125488,13.329289436340332,84997401,0.0035525079034361973,0.32817589516772855,1134577912.3280792
2011-05-05,13.244142532348633,13.306873321533203,13.435141563415527,13.23788070678711,13.296661376953125,80211530,-0.0028409671774727308,0.3253042596635511,1068949531.5511291
2011-05-06,13.269675254821777,13.332526206970215,13.48595142364502,13.329538345336914,13.403510093688965,82552271,0.0019259942548299769,0.3221885596123094,1104769964.986377
2011-05-09,13.328672409057617,13.391803741455078,13.411978721618652,13.22791862487793,13.325054168701172,78240168,0.00443615909787054,0.3235105523492663,1044029006.1490402
2011-05-10,13.45212459564209,13.515838623046875,13.559924125671387,13.388317108154297,13.44958782196045,82022292,0.009219521062806102,0.3265029398853945,1106318857.8439064
2011-05-11,13.273392677307129,13.336261749267578,13.538005828857422,13.292427062988281,13.453075408935547,93902656,-0.01337557519924859,0.3270844210679605,1257253103.1805015
2011-05-12,13.26347827911377,13.326299667358398,13.373373031616211,13.223185539245605,13.331031799316406,58149143,-0.0007472168569484516,0.32378374434154966,773826664.2209985
2011-05-13,13.12713623046875,13.189312934875488,13.347969055175781,13.176859855651855,13.315340995788574,84664157,-0.010332708367844834,0.3233242521998695,1120788113.448293
2011-05-16,12.851232528686523,12.912101745605469,13.132526397705078,12.861790657043457,13.10861587524414,118771522,-0.021241832279490058,0.14509755612665245,1540324858.829153
2011-05-17,13.149694442749023,13.2119779586792,13.230907440185547,12.827669143676758,12.837631225585938,132639308,0.022958798690132287,0.16534549861786565,1736273059.7663205
2011-05-18,13.133583068847656,13.195789337158203,13.208740234375,13.093422889709473,13.189064025878906,78420843,-0.0012259792114770462,0.16105377623279332,1032487576.2615252
2011-05-19,13.169279098510742,13.23165512084961,13.363410949707031,13.193547248840332,13.268515586853027,99118132,0.0027142332534406677,0.15908518257438803,1314591009.0296493
2011-05-20,12.990301132202148,13.05182933807373,13.25008487701416,13.029413223266602,13.245352745056152,93047462,-0.013683763841366936,0.16647937404695018,1219893398.409949
2011-05-23,12.850488662719727,12.911355018615723,12.951455116271973,12.787071228027344,12.866771697998047,92344839,-0.010821173416163177,0.17055982860446522,1189705690.6091633
2011-05-24,12.84726619720459,12.908117294311523,13.050085067749023,12.905377388000488,12.960670471191406,76284867,-0.00025079743733202875,0.16121845455540526,988234337.4590998
2011-05-25,12.882220268249512,12.943236351013184,13.020445823669434,12.88296127319336,12.884954452514648,52259149,0.0027170454875116157,0.1573442953574184,676697509.3641415
2011-05-26,12.844043731689453,12.904878616333008,13.004257202148438,12.826922416687012,12.894168853759766,85057626,-0.002967905839977636,0.15720812708097961,1098265718.0270596
2011-05-27,12.912711143493652,12.973871231079102,12.996038436889648,12.859299659729004,12.913597106933594,70093747,0.005332005124327299,0.15214604715412652,907228258.2752289
2011-05-31,13.113998413085938,13.17611312866211,13.176859855651855,13.038627624511719,13.075987815856934,107894906,0.015468054652345575,0.16074322242589112,1416717681.6262634
2011-06-01,13.029219627380371,13.09093189239502,13.280221939086914,13.083708763122559,13.151703834533691,118679178,-0.006485741943324186,0.1595608665716479,1560823553.6102028
2011-06-02,13.090200424194336,13.152201652526855,13.207992553710938,13.013222694396973,13.139998435974121,88510520,0.0046693921604443744,0.1599894116809925,1161653868.0173237
2011-06-03,12.966750144958496,13.028166770935059,13.140745162963867,12.988815307617188,13.00126838684082,70202152,-0.009475491199280928,0.16271752051808747,916318906.5944849
2011-06-06,12.916675567626953,12.977855682373047,13.121317863464355,12.932774543762207,13.039624214172363,77975179,-0.0038692436124927454,0.1626135536736096,1014507713.0017458
2011-06-07,12.866353034973145,12.927294731140137,13.066773414611816,12.926299095153809,13.02343463897705,76590006,-0.0039035442522461494,0.16143129779769386,993637053.5010586
2011-06-08,12.869824409484863,12.930782318115234,12.982338905334473,12.846348762512207,12.865029335021973,66383894,0.00026976613292806206,0.15665706366733934,857668182.3480923
2011-06-09,12.809338569641113,12.870010375976562,12.951455116271973,12.842862129211426,12.951455116271973,67817246,-0.004710897450524332,0.15166629546669327,874036072.5763817
2011-06-10,12.630359649658203,12.690183639526367,12.869013786315918,12.684704780578613,12.804006576538086,97961814,-0.014071068886712279,0.15742010574057622,1248814011.5265312
2011-06-13,12.511866569519043,12.57112979888916,12.707369804382324,12.507369041442871,12.702387809753418,97455925,-0.009425892235808586,0.15687796893591857,1227485593.566378
2011-06-14,12.602102279663086,12.66179084777832,12.804006576538086,12.627419471740723,12.65631103515625,94011061,0.007186128086980936,0.14417484490301438,1193727912.4338193
2011-06-15,12.467742919921875,12.526796340942383,12.66129207611084,12.468515396118164,12.578601837158203,83242849,-0.010718905131096967,0.11852127753787652,1044880995.0242167
2011-06-16,12.403785705566406,12.462536811828613,12.616958618164062,12.370383262634277,12.523309707641602,110693357,-0.005143017648347126,0.11869766004842178,1381817597.2432163
2011-06-17,12.023272514343262,12.080220222473145,12.61994743347168,12.07474136352539,12.607245445251465,210602442,-0.03115757703160993,0.15187349731616417,2581628547.942751
2011-06-20,12.012364387512207,12.069260597229004,12.110357284545898,11.93601131439209,12.07972240447998,121598077,-0.0009076628694706379,0.14859141165314926,1463863686.6329875
2011-06-21,12.221090316772461,12.278974533081055,12.302388191223145,12.072997093200684,12.134267807006836,111030616,0.01722668876999034,0.1631364134643727,1356585383.2077384
2011-06-22,12.072604179382324,12.12978458404541,12.262785911560059,12.122811317443848,12.24036979675293,96644896,-0.012224405514609238,0.16627577681507827,1176341759.2408142
2011-06-23,11.90428352355957,11.960667610168457,12.026421546936035,11.799023628234863,12.00823974609375,192787918,-0.014040472896657885,0.16896285339502948,2299710059.0662518
2011-06-24,11.771909713745117,11.827667236328125,11.973869323730469,11.781340599060059,11.972126007080078,152794573,-0.01118213454514061,0.17074346790642012,1812290173.8796625
2011-06-27,11.968239784240723,12.024928092956543,12.16440486907959,11.795785903930664,11.80574893951416,138304463,0.01654029571404836,0.18274041884846606,1658967513.5829022
2011-06-28,12.237203598022461,12.295165061950684,12.358925819396973,12.055314064025879,12.055314064025879,109011074,0.022224330289069005,0.19292647506992458,1333910552.9986935
2011-06-29,12.33437728881836,12.392799377441406,12.459548950195312,12.263532638549805,12.367144584655762,94071286,0.00790947866484748,0.19647760664192432,1163846217.8373628
2011-06-30,12.552770614624023,12.612225532531738,12.6194486618042,12.490681648254395,12.502885818481445,97500090,0.01755114188478979,0.20735248183906635,1225977696.554861
2011-07-01,12.915932655334473,12.9771089553833,12.98084545135498,12.612225532531738,12.621192932128906,146013250,0.028520231514724603,0.23067326321907347,1877252442.0058727
2011-07-05,13.19877815246582,13.261293411254883,13.335017204284668,13.083459854125977,13.083459854125977,154545110,0.021662622268093124,0.24217752507567833,2044104830.6697369
2011-07-06,13.271162033081055,13.334020614624023,13.412476539611816,13.276236534118652,13.287693977355957,108228151,0.005469151840492348,0.24191807318662598,1443862155.0186725
2011-07-07,13.549792289733887,13.613970756530762,13.715591430664062,13.346972465515137,13.474493980407715,158010049,0.020777805095934188,0.25079401537522855,2142433744.5416331
2011-07-08,13.1876220703125,13.25008487701416,13.391057014465332,13.132526397705078,13.273996353149414,191523195,-0.02709255032725455,0.27019038856326894,2539193342.538271
2011-07-11,13.070865631103516,13.13277530670166,13.34946346282959,13.088440895080566,13.155191421508789,113997696,-0.008892911884211596,0.2670164493642233,1503655436.9732666
2011-07-12,13.237696647644043,13.300396919250488,13.435141563415527,13.100894927978516,13.154692649841309,114073981,0.012682810337468542,0.26634961991446215,1514766849.3312097
2011-07-13,13.343050956726074,13.40625,13.549214363098145,13.361915588378906,13.374868392944336,112026334,0.007927155575393474,0.26651497890917814,1505536090.8163571
2011-07-14,13.112014770507812,13.17411994934082,13.499401092529297,13.119075775146484,13.427669525146484,266976958,-0.017466753810004843,0.27181561323935016,3541235483.042525
2011-07-15,14.814539909362793,14.884708404541016,14.950213432312012,14.649091720581055,14.881719589233398,551342851,0.12208015688479712,0.4930128795269121,8175314286.226119
2011-07-18,14.748106002807617,14.81795883178711,14.995044708251953,14.744732856750488,14.756937026977539,179401931,-0.004494456861791729,0.47399315744288695,2664581316.8576756
2011-07-19,14.936750411987305,15.007497787475586,15.060548782348633,14.832653999328613,14.847846984863281,119144917,0.012709978856626059,0.4723058691956734,1783230080.8511891
2011-07-20,14.758268356323242,14.828169822692871,15.014472007751465,14.828169822692871,14.998283386230469,89446014,-0.012021154550816426,0.4781686178694592,1331875348.1726246
2011-07-21,15.046814918518066,15.118083953857422,15.144734382629395,14.794795036315918,14.795293807983398,139300182,0.019362843218842407,0.4725990512628039,2092177914.4390182
2011-07-22,15.325445175170898,15.39803409576416,15.429665565490723,15.050337791442871,15.078232765197754,141656982,0.018348194874820756,0.4641761741785314,2166314775.2107105
2011-07-25,15.344037055969238,15.41671371459961,15.576864242553711,15.267772674560547,15.276739120483398,125733520,0.001212402800647272,0.458105462983419,1938867484.9598694
2011-07-26,15.431791305541992,15.504883766174316,15.628918647766113,15.372879028320312,15.393550872802734,94067271,0.005702818872753035,0.458658975000051,1458252202.1799374
2011-07-27,15.052515983581543,15.123811721801758,15.465780258178711,15.06229305267334,15.371882438659668,157965884,-0.024884599813045583,0.47501159801899734,2403813458.483176
2011-07-28,15.144732475280762,15.21646499633789,15.341994285583496,15.018706321716309,15.073251724243164,124802042,0.006107627884588851,0.4751692781011462,1896041111.9687157
2011-07-29,14.965010643005371,15.03589153289795,15.316590309143066,15.03589153289795,15.049341201782227,166116320,-0.011937927598547393,0.4803947476734971,2513249851.943614
2011-08-01,15.041360855102539,15.112604141235352,15.330039024353027,14.923563003540039,15.22343921661377,159238637,0.00508894431799467,0.4750790276487364,2408017612.077667
2011-08-02,14.685140609741211,14.754695892333984,15.184833526611328,14.734023094177246,15.093425750732422,128503865,-0.023967657151817257,0.4842234906100652,1913574720.4055707
2011-08-03,14.902542114257812,14.973127365112305,15.018706321716309,14.53626537322998,14.801271438598633,153601587,0.014695670430319385,0.48530653412213415,2279862227.239403
2011-08-04,14.316275596618652,14.384084701538086,14.91534423828125,14.382840156555176,14.807000160217285,197320845,-0.04013476642427749,0.5068921061867784,2873140749.871335
2011-08-05,14.353955268859863,14.421942710876465,14.69491958618164,13.997533798217773,14.509116172790527,238052949,0.0026284890492815904,0.4951373965881018,3421169711.6115026
2011-08-08,13.535415649414062,13.599526405334473,14.171879768371582,13.557931900024414,14.021942138671875,300987964,-0.058715900895339956,0.53977781173804,4146544440.0932717
2011-08-09,14.214393615722656,14.281719207763672,14.311607360839844,13.474742889404297,13.972626686096191,259758001,0.048945454312574466,0.5631114212678205,3642505876.1137543
2011-08-10,13.609536170959473,13.673996925354004,14.050335884094238,13.642115592956543,13.982091903686523,215589063,-0.04348435007132201,0.5857252467808778,2972717950.2374315
2011-08-11,13.934771537780762,14.000772476196289,14.15942668914795,13.659052848815918,13.79379653930664,193948251,0.02361652988566254,0.5866604667697422,2703590262.09153
2011-08-12,13.975425720214844,14.041619300842285,14.209239959716797,13.957682609558105,14.184333801269531,126644924,0.002913215611509923,0.39583321962385926,1781832525.7639363
2011-08-15,13.81330394744873,13.878728866577148,14.072005271911621,13.600273132324219,13.78408432006836,286867234,-0.011668299637793034,0.39697030051070625,3973207508.5640035
2011-08-16,13.361394882202148,13.424680709838867,13.75942611694336,13.207992553710938,13.759177207946777,278616423,-0.033262611915452656,0.40542080901436217,3751300748.951174
2011-08-17,13.216379165649414,13.278977394104004,13.54149341583252,13.219698905944824,13.450334548950195,163775579,-0.0109126637470367,0.4052167458544809,2185867326.1589108
2011-08-18,12.515586853027344,12.57486629486084,13.073247909545898,12.46552562713623,13.037880897521973,252571164,-0.054482090505690195,0.42798900398223044,3208802125.509857
2011-08-19,12.169529914855957,12.22716999053955,12.823683738708496,12.225674629211426,12.436883926391602,217211120,-0.028039536055263437,0.42037799879074017,2698958824.817581
2011-08-22,12.349250793457031,12.407743453979492,12.627668380737305,12.317083358764648,12.552947998046875,196971541,0.014660117035513398,0.4280188702633639,2452459512.818378
2011-08-23,12.8611478805542,12.922064781188965,12.986573219299316,12.429909706115723,12.540494918823242,174523715,0.04061557785279968,0.4608246703034075,2230328591.1537533
2011-08-24,12.971956253051758,13.033397674560547,13.200521469116211,12.882463455200195,12.93476676940918,144318923,0.008578841436645668,0.4609358012849824,1881744736.108621
2011-08-25,12.891390800476074,12.9524507522583,13.381592750549316,12.909112930297852,13.209985733032227,132213719,-0.006230107263326623,0.45833663568857025,1729494552.439883
2011-08-26,13.060453414916992,13.122314453125,13.211729049682617,12.780594825744629,12.95120620727539,144391193,0.013029132317480485,0.4637788058863971,1882603097.3410616
2011-08-29,13.363378524780273,13.426673889160156,13.43588924407959,13.289189338684082,13.314096450805664,93782206,0.022929178650157755,0.47354863720693885,1255173307.194323
2011-08-30,13.403536796569824,13.467021942138672,13.524059295654297,13.220696449279785,13.40450668334961,120008140,0.003000592443172856,0.4697710760946811,1608580215.439701
2011-08-31,13.409982681274414,13.473498344421387,13.606498718261719,13.349961280822754,13.567645072937012,108135806,0.00048079364099029576,0.46497718411889083,1457308710.6738102
2011-09-01,13.200264930725098,13.262787818908691,13.5449800491333,13.230907440185547,13.468268394470215,96982155,-0.015762505913942793,0.44933822078094104,1294345671.5790653
2011-09-02,13.010380744934082,13.072003364562988,13.148715019226074,12.969636917114258,13.062787055969238,96408011,-0.0144893422443233,0.45003104148714523,1259421401.6477985
2011-09-06,12.944439888000488,13.00575065612793,13.020196914672852,12.714841842651367,12.72231388092041,109039179,-0.005081213986557032,0.4052694466443336,1408087957.1515713
2011-09-07,13.238192558288574,13.300894737243652,13.348466873168945,13.135764122009277,13.211729049682617,110645177,0.022439683796075638,0.3721143134540369,1467344092.8770244
2011-09-08,13.261246681213379,13.324057579040527,13.42717170715332,13.247843742370605,13.295166015625,95576908,0.001739971063750012,0.34270653911250204,1274329240.9787955
2011-09-09,13.010627746582031,13.07225227355957,13.316336631774902,12.981094360351562,13.235390663146973,131242091,-0.019079456086569024,0.3353562831051526,1722319851.2654479
2011-09-12,13.141266822814941,13.203510284423828,13.25008487701416,12.889187812805176,12.90064525604248,107216373,0.009990875617645223,0.3379274996117826,1406063498.0748348
2011-09-13,13.12639331817627,13.188566207885742,13.297159194946289,13.036136627197266,13.250333786010742,94520965,-0.0011324576417082177,0.33651557978632296,1245214845.8917427
2011-09-14,13.189606666564941,13.25207805633545,13.373621940612793,13.096410751342773,13.265028953552246,108179971,0.004804185287023532,0.31800390970005243,1432378929.6029701
2011-09-15,13.449645042419434,13.513348579406738,13.573622703552246,13.314096450805664,13.337508201599121,118875912,0.01952356909568964,0.32301917936172436,1600904590.8750153
2011-09-16,13.551776885986328,13.61596393585205,13.619949340820312,13.52779483795166,13.569140434265137,141901897,0.00756495942392954,0.2527225888054525,1928149170.0731473
2011-09-19,13.551528930664062,13.615715026855469,13.696163177490234,13.334519386291504,13.458305358886719,99106087,-1.8297053794746887e-05,0.2250762636851393,1342768471.951427
2011-09-20,13.550537109375,13.61471939086914,13.910859107971191,13.516087532043457,13.683710098266602,111580670,-7.319156318486009e-05,0.2231848435449921,1526485531.2140846
2011-09-21,13.366352081298828,13.429661750793457,13.823186874389648,13.421194076538086,13.641119956970215,100948969,-0.013685675305834533,0.18942005568912076,1368667558.600243
2011-09-22,12.906760215759277,12.96789264678955,13.170134544372559,12.80201530456543,13.107121467590332,176671736,-0.03498928846669003,0.22648940805001652,2293201635.877986
2011-09-23,13.02698802947998,13.088689804077148,13.11135482788086,12.814468383789062,12.865776062011719,111508400,0.009271985978414499,0.2276809824095108,1450148641.0550435
2011-09-26,13.185144424438477,13.247594833374023,13.273497581481934,12.783334732055664,13.132027626037598,105762945,0.012067565623717247,0.22703889418867343,1385650655.5317736
2011-09-27,13.369823455810547,13.433149337768555,13.625179290771484,13.351205825805664,13.404755592346191,120887424,0.013909413086866884,0.2177538124377408,1628334841.7416992
2011-09-28,13.109535217285156,13.171628952026367,13.549712181091309,13.14323616027832,13.486948013305664,90871336,-0.01966034191124022,0.2277362397347571,1207515799.2420526
2011-09-29,13.076318740844727,13.13825511932373,13.382340431213379,12.936759948730469,13.350956916809082,116699786,-0.0025369800281773713,0.22771014338150575,1534888314.2968166
2011-09-30,12.76744556427002,12.82791805267334,13.051080703735352,12.811478614807129,12.956685066223145,109352349,-0.02390424867184704,0.23584087620733657,1410298194.8245983
2011-10-03,12.28355884552002,12.341739654541016,12.752202033996582,12.328788757324219,12.698652267456055,179646846,-0.038636926913782954,0.26533636890707524,2240958497.769083
2011-10-04,12.4417142868042,12.50064468383789,12.53900146484375,11.970132827758789,12.205002784729004,166975528,0.01279319322256578,0.270617188354701,2059909128.5848136
2011-10-05,12.511123657226562,12.570383071899414,12.647594451904297,11.974367141723633,12.36241340637207,182043797,0.005563258944367266,0.25740491785777264,2256878547.415097
2011-10-06,12.759264945983887,12.81969928741455,12.832650184631348,12.518078804016113,12.640122413635254,137485405,0.019639528976504117,0.26860985290767964,1749292263.519279
2011-10-07,12.769428253173828,12.829910278320312,12.963908195495605,12.709859848022461,12.872501373291016,114664185,0.0007962262421816746,0.2613235973198262,1471664298.0919218
2011-10-10,13.316030502319336,13.379101753234863,13.386573791503906,13.031155586242676,13.08047103881836,93236167,0.041914713976538565,0.29879623670799743,1236834664.4663281
2011-10-11,13.465014457702637,13.528791427612305,13.618952751159668,13.286698341369629,13.286698341369629,114563810,0.0111261896257,0.30087220025485234,1544107930.1111412
2011-10-12,13.596893310546875,13.661293983459473,13.8289155960083,13.564905166625977,13.652078628540039,127588447,0.00974653361152722,0.30208642414497355,1746052777.2869668
2011-10-13,13.856932640075684,13.922565460205078,13.92281436920166,13.649338722229004,13.699400901794434,228356741,0.018944325430002795,0.30165781232442196,3158532899.054593
2011-10-14,14.667291641235352,14.736763000488281,14.9340238571167,14.63439655303955,14.9307861328125,342474886,0.056834297215517804,0.3572041025114952,5057804212.589859
2011-10-17,14.437495231628418,14.505878448486328,14.740498542785645,14.396039962768555,14.538505554199219,160928949,-0.015791298239562046,0.3635273139890406,2341109430.744508
2011-10-18,14.638288497924805,14.707621574401855,14.758681297302246,14.381095886230469,14.450586318969727,152601853,0.013811937814549147,0.3651387590873157,2230398099.8969045
2011-10-19,14.395106315612793,14.463288307189941,14.746228218078613,14.42642593383789,14.628667831420898,117699519,-0.01675228618971314,0.36714416963336755,1711976479.5161686
2011-10-20,14.468729972839355,14.537261009216309,14.667272567749023,14.433649063110352,14.493176460266113,135666613,0.0051014574889647335,0.33902668750887494,1973414812.0848222
2011-10-21,14.637792587280273,14.707123756408691,14.763413429260254,14.612728118896484,14.682716369628906,136148412,0.011616950488487987,0.3394337801484429,2000622188.9970932
2011-10-24,14.78479290008545,14.854820251464844,14.943239212036133,14.607747077941895,14.613225936889648,137589795,0.009992428164715239,0.3390289209433256,2036595272.9489279
2011-10-25,14.456088066101074,14.524558067321777,14.819453239440918,14.516837120056152,14.772130012512207,102000897,-0.022483500490458663,0.35112483940552797,1491281960.9055204
2011-10-26,14.534173965454102,14.60301399230957,14.699402809143066,14.268019676208496,14.683712005615234,115354763,0.005387056392117007,0.34047539855869313,1675352457.8957183
2011-10-27,14.840568542480469,14.910860061645508,15.011234283447266,14.777112007141113,14.904634475708008,151778780,0.020861846819469676,0.34342350018401363,2261463669.03677
2011-10-28,14.877008438110352,14.94747257232666,15.001272201538086,14.800772666931152,14.80749797821045,100696024,0.0024524148733373607,0.3258450467656999,1502032827.4022675
2011-10-31,14.691088676452637,14.760672569274902,14.936264991760254,14.7365140914917,14.821695327758789,102695490,-0.012575865889214999,0.28967055289768917,1521038363.2825184
2011-11-01,14.344287872314453,14.41222858428955,14.583088874816895,14.364907264709473,14.448344230651855,125472546,-0.023889292196185963,0.310583843130303,1813505930.4097767
2011-11-02,14.497237205505371,14.565902709960938,14.644109725952148,14.457809448242188,14.567895889282227,85153986,0.01060628843938316,0.31075643833332006,1239496364.4579506
2011-11-03,14.811565399169922,14.881719589233398,14.881719589233398,14.538505554199219,14.620200157165527,107192283,0.02145022776947192,0.31171910429451066,1582942199.0780983
2011-11-04,14.777852058410645,14.847846984863281,14.937511444091797,14.75544261932373,14.782093048095703,113817021,-0.002278744108169306,0.3127269756205235,1689833762.756257
2011-11-07,15.080032348632812,15.151458740234375,15.162667274475098,14.75046157836914,14.777609825134277,134799374,0.020241930330418878,0.29071924887140266,2024892732.3717213
2011-11-08,15.179437637329102,15.251334190368652,15.301895141601562,15.033650398254395,15.168146133422852,121630197,0.006570217279686208,0.29017731837452393,1848247054.0675087
2011-11-09,14.897088050842285,14.967647552490234,15.177860260009766,14.910611152648926,15.050088882446289,148996390,-0.01877596396944492,0.30206369986111803,2237733024.4059086
2011-11-10,14.75157642364502,14.821446418762207,15.092181205749512,14.733774185180664,15.091683387756348,115166059,-0.009815807768252416,0.3012022569978212,1713955103.67058
2011-11-11,15.080528259277344,15.151956558227539,15.245107650756836,14.909116744995117,14.976365089416504,159676271,0.022054439168015083,0.2411044309934204,2411440675.9942226
2011-11-14,15.19579792022705,15.267772674560547,15.39429759979248,15.137760162353516,15.14323902130127,128026081,0.00761454459320543,0.23357092000816765,1954524267.092019
2011-11-15,15.284048080444336,15.356439590454102,15.39429759979248,15.205506324768066,15.26279067993164,107441212,0.0057907383666147005,0.23032807076402476,1645864834.0734382
2011-11-16,15.157870292663574,15.22966480255127,15.399778366088867,15.208246231079102,15.244858741760254,104731092,-0.008289787050708153,0.22332807477134428,1600210421.86314
2011-11-17,14.895105361938477,14.965655326843262,15.250088691711426,14.863786697387695,15.194297790527344,140255750,-0.01748722854645468,0.23355663889947625,2107554463.4041786
2011-11-18,14.746618270874023,14.8164644241333,15.056065559387207,14.78831958770752,14.993800163269043,132000924,-0.010018873056728328,0.23368757604638962,1965091136.6757011
2011-11-21,14.401056289672852,14.469265937805176,14.657560348510742,14.248842239379883,14.639128684997559,120501984,-0.023712229387018446,0.24502095889320794,1742284704.8908997
2011-11-22,14.377754211425781,14.445853233337402,14.569639205932617,14.327298164367676,14.445853233337402,96572626,-0.0016193916936573238,0.23262845953875513,1395242368.9204726
2011-11-23,14.132588386535645,14.1995267868042,14.452079772949219,14.1995267868042,14.330038070678711,93380707,-0.01719880196674417,0.23874967017091772,1333823042.550942
2011-11-25,13.956336975097656,14.022439956665039,14.30313777923584,13.980846405029297,14.076986312866211,62730250,-0.01254969511199322,0.2271986979375434,884630854.322195
2011-11-28,14.580778121948242,14.649839401245117,14.66553020477295,14.35867977142334,14.43016242980957,113580136,0.043770425719852124,0.27893689583552717,1653501489.32017
2011-11-29,14.450386047363281,14.518830299377441,14.703886032104492,14.478979110717773,14.642118453979492,73546641,-0.008982964006606142,0.2773314459870224,1071370968.5929327
2011-11-30,14.858416557312012,14.928792953491211,14.931781768798828,14.74697494506836,14.892928123474121,136389312,0.027845345948469102,0.28085974595649743,2027997669.7122803
2011-12-01,15.214885711669922,15.286951065063477,15.342493057250977,14.919079780578613,14.943985939025879,145366836,0.023707795533812526,0.28958120069532783,2207081601.411312
2011-12-02,15.378247261047363,15.451086044311523,15.541746139526367,15.348967552185059,15.368644714355469,164040568,0.010679723598364443,0.2829833520754619,2533978383.6131516
2011-12-05,15.509382247924805,15.582841873168945,15.738508224487305,15.5018949508667,15.632406234741211,128379401,0.00849115175623183,0.283443176054948,2003713384.0685308
2011-12-06,15.462778091430664,15.536017417907715,15.656813621520996,15.448097229003906,15.516590118408203,93408812,-0.0030094246676100056,0.2763446586090108,1452224566.7105026
2011-12-07,15.453359603881836,15.5265531539917,15.583090782165527,15.394797325134277,15.483962059020996,90630437,-0.000609292656994942,0.2757197782225247,1404905944.6505601
2011-12-08,15.271406173706055,15.343737602233887,15.627674102783203,15.325057983398438,15.468022346496582,96885796,-0.011844227461999424,0.2704820818635064,1495156772.5840034
2011-12-09,15.553258895874023,15.62692642211914,15.669516563415527,15.367648124694824,15.392306327819824,111062736,0.01828798963242262,0.2734671173467197,1727547210.5517883
2011-12-12,15.502936363220215,15.576366424560547,15.596041679382324,15.449341773986816,15.488944053649902,87683432,-0.003240743193190454,0.26471030069616514,1362651678.3808186
2011-12-13,15.508886337280273,15.582344055175781,15.854573249816895,15.513102531433105,15.660301208496094,161731947,0.00038372295563071646,0.2637452980424821,2531106039.9445877
2011-12-14,15.321478843688965,15.394048690795898,15.549715995788574,15.255069732666016,15.48819637298584,156733281,-0.012157481806610804,0.2669450677049467,2413631632.3016195
2011-12-15,15.357919692993164,15.430662155151367,15.541746139526367,15.409490585327148,15.504883766174316,96705121,0.0023755919724606223,0.26525528108820273,1495122381.1335454
2011-12-16,15.517067909240723,15.59056282043457,15.674248695373535,15.478732109069824,15.549715995788574,179040582,0.01030929164007599,0.25865114614917106,2789663751.780178
2011-12-19,15.414687156677246,15.48769760131836,15.653825759887695,15.442118644714355,15.641620635986328,86061375,-0.006619807134846223,0.25691502489448437,1336350761.1790895
2011-12-20,15.626387596130371,15.700401306152344,15.737013816833496,15.641122817993164,15.641371726989746,95886062,0.013640231433483141,0.24145555828430035,1504725202.6260216
2011-12-21,15.51359748840332,15.587076187133789,15.736515998840332,15.416215896606445,15.691434860229492,100290510,-0.0072441011555395285,0.24390111539496012,1562519729.9680424
2011-12-22,15.609779357910156,15.683713912963867,15.734273910522461,15.616715431213379,15.640127182006836,73165217,0.006180703088182415,0.23164157610893407,1147101423.3869035
2011-12-23,15.695053100585938,15.769392013549805,15.807748794555664,15.705133438110352,15.740999221801758,58365953,0.005447973804178385,0.22268558095708463,919891665.4625809
2011-12-27,15.871305465698242,15.946478843688965,16.052082061767578,15.740999221801758,15.742243766784668,64496847,0.011167217554937992,0.17656182009259166,1026350368.4583597
2011-12-28,15.857671737670898,15.932780265808105,16.06478500366211,15.892929077148438,16.008745193481445,85406931,-0.0008593865966148861,0.17104674739180736,1363393382.0725164
2011-12-29,15.924602508544922,16.000028610229492,16.014972686767578,15.820699691772461,15.977362632751465,63252199,0.0042118364028356226,0.1487494766568916,1008571092.7487158
2011-12-30,16.01136016845703,16.087200164794922,16.10862159729004,15.99056339263916,15.99056339263916,71559220,0.005433239900359599,0.1296213108860481,1149393378.763879
2012-01-03,16.4950008392334,16.573129653930664,16.641374588012695,16.24834632873535,16.262544631958008,147611217,0.029758874728475604,0.15832585766333787,2433757189.6756763
2012-01-04,16.566146850585938,16.644611358642578,16.69367790222168,16.453826904296875,16.56366539001465,114989399,0.004303911155393525,0.15732397681007476,1908521837.5900211
2012-01-05,16.336349487304688,16.413726806640625,16.537263870239258,16.344486236572266,16.491436004638672,131808205,-0.013968611831444377,0.16712211426165657,2165849442.1936893
2012-01-06,16.113494873046875,16.189817428588867,16.438385009765625,16.1840877532959,16.417213439941406,108119746,-0.013735543105445114,0.17635955640677511,1759190805.7331772
2012-01-09,15.430304527282715,15.503389358520508,16.114599227905273,15.472753524780273,16.102144241333008,233776981,-0.043323709544756284,0.23242086810185714,3669577174.6024394
2012-01-10,15.447160720825195,15.520325660705566,15.785831451416016,15.365158081054688,15.684959411621094,176483032,0.001091812108377166,0.2232899184249092,2745565070.9064713
2012-01-11,15.517067909240723,15.59056282043457,15.675992965698242,15.470014572143555,15.529292106628418,96359832,0.004515359192422963,0.22363350996025308,1501176022.6598969
2012-01-12,15.608291625976562,15.682218551635742,15.763166427612305,15.604011535644531,15.721571922302246,75289148,0.005861714004237406,0.22453914916524192,1180769659.1734772
2012-01-13,15.493021011352539,15.56640338897705,15.615220069885254,15.468520164489746,15.598034858703613,92637933,-0.007412622340539965,0.2218004626767461,1440524293.1401548
2012-01-17,15.582014083862305,15.655817985534668,15.740501403808594,15.583588600158691,15.740501403808594,76658261,0.00572764056601649,0.22244906782955853,1200466016.1384087
2012-01-18,15.689352035522461,15.763664245605469,15.790811538696289,15.49492073059082,15.607250213623047,110882061,0.006864962202119962,0.220892832268304,1738978018.1258354
2012-01-19,15.854448318481445,15.92954158782959,15.964909553527832,15.727548599243164,15.964909553527832,253157352,0.010467843991482262,0.22181176199405683,4018619783.758377
2012-01-20,14.526241302490234,14.595044136047363,14.719825744628906,14.488195419311523,14.708120346069336,424637703,-0.08749335314601403,0.3747680368261993,6200144344.448607
2012-01-23,14.5145902633667,14.583337783813477,14.661544799804688,14.524558067321777,14.595293045043945,137027695,-0.0008023902292344509,0.37465235110738304,1999208521.2792
2012-01-24,14.400808334350586,14.469017028808594,14.637136459350586,14.396039962768555,14.603262901306152,122690156,-0.007870029244822607,0.3733104161328827,1779096966.9455006
2012-01-25,14.117218971252441,14.18408489227295,14.413723945617676,14.106624603271484,14.383835792541504,200255805,-0.019889083379975414,0.37549028504842324,2850603565.2762794
2012-01-26,14.08276081085205,14.149463653564453,14.308368682861328,14.06104564666748,14.246102333068848,129531704,-0.0024438441315481896,0.3708950596556671,1835847572.4393845
2012-01-27,14.37725830078125,14.445355415344238,14.453824043273926,14.180100440979004,14.216214179992676,145242371,0.02069626170455141,0.3819757031641858,2085645584.5300448
2012-01-30,14.320489883422852,14.38831901550293,14.445853233337402,14.28147029876709,14.397285461425781,93569411,-0.003956302845819604,0.380563326126145,1344768426.0220554
2012-01-31,14.38047981262207,14.448593139648438,14.545479774475098,14.325056076049805,14.520572662353516,86017210,0.00418034771621878,0.38014218544995176,1242063538.4549427
2012-02-01,14.398327827453613,14.46652603149414,14.582839965820312,14.424433708190918,14.568891525268555,93175942,0.0012403583458362455,0.3591607442748003,1350237413.293262
2012-02-02,14.504426002502441,14.573125839233398,14.605504989624023,14.497658729553223,14.56714916229248,96950036,0.007341767656049214,0.36049513923898413,1411472615.0114453
2012-02-03,14.782562255859375,14.852579116821289,14.871009826660156,14.64635181427002,14.711358070373535,127215053,0.018994415759030936,0.36997256513573884,1881508121.7014043
2012-02-06,15.098873138427734,15.170388221740723,15.213725090026855,14.794795036315918,14.8197021484375,147735682,0.02117185428125845,0.3791815531973426,2224845612.273203
2012-02-07,15.041360855102539,15.112604141235352,15.177860260009766,15.03763484954834,15.122069358825684,83997668,-0.003816317626439858,0.3500954725442905,1269151543.9797325
2012-02-08,15.117712020874023,15.189316749572754,15.226676940917969,15.062044143676758,15.1591796875,73731331,0.005063241114841244,0.35070308301478537,1117718753.593842
2012-02-09,15.157622337341309,15.229415893554688,15.305132865905762,15.168146133422852,15.243364334106445,90927546,0.0026364920772414813,0.35038561792202544,1385211297.3988705
2012-02-10,15.020042419433594,15.091184616088867,15.146476745605469,15.04361343383789,15.140251159667969,93356617,-0.009118059478984364,0.3504296931650897,1409102209.4527516
2012-02-13,15.1759672164917,15.247846603393555,15.288694381713867,15.193551063537598,15.205506324768066,72924318,0.01032760188110382,0.35229674152347257,1111611924.9082203
2012-02-14,15.115480422973633,15.187074661254883,15.242865562438965,15.062541961669922,15.231409072875977,72418428,-0.003993660166498714,0.3515505654156193,1098164681.8940163
2012-02-15,15.01136589050293,15.082467079162598,15.266029357910156,15.007746696472168,15.266029357910156,97399715,-0.006911772036948705,0.3506403929346364,1472561718.225994
2012-02-16,15.035163879394531,15.106377601623535,15.163414001464844,14.88744831085205,15.014223098754883,101615457,0.0015840760347503036,0.34793024661549826,1529557856.9045658
2012-02-17,14.98855972290039,15.059553146362305,15.134023666381836,15.003762245178223,15.067771911621094,98331193,-0.003104491271093135,0.16086629349742124,1481436089.9970007
2012-02-21,15.220586776733398,15.292678833007812,15.38931655883789,15.015716552734375,15.040374755859375,99603946,0.015361679725256039,0.1674530131072031,1517224144.2838364
2012-02-22,15.070364952087402,15.141744613647461,15.361920356750488,15.111109733581543,15.241869926452637,78974912,-0.009918675224134255,0.16917341288544716,1200807606.048869
2012-02-23,15.025001525878906,15.096165657043457,15.141744613647461,14.952704429626465,15.118332862854004,82508106,-0.003014647493813527,0.1503470962802836,1242864009.2996483
2012-02-24,15.118952751159668,15.19056224822998,15.234148979187012,15.081221580505371,15.127050399780273,77714204,0.006233523885923464,0.14929761611782372,1178819115.1483905
2012-02-27,15.104326248168945,15.175867080688477,15.251832008361816,15.070013999938965,15.108120918273926,72827958,-0.0009678965762067726,0.13618696397151359,1104501845.98032
2012-02-28,15.329411506652832,15.402018547058105,15.43639087677002,15.135269165039062,15.193053245544434,114330940,0.014792094513693232,0.14042711437353325,1752071296.1076865
2012-02-29,15.325942993164062,15.39853286743164,15.581596374511719,15.330039024353027,15.40725040435791,125946315,-0.00022629087545489313,0.14094684417516043,1944198346.7233229
2012-03-01,15.428817749023438,15.5018949508667,15.584087371826172,15.396041870117188,15.498408317565918,89843498,0.006690030230724453,0.14126081422613654,1392035882.5342274
2012-03-02,15.400309562683105,15.473252296447754,15.541746139526367,15.450089454650879,15.491931915283203,63167885,-0.0018494324654656502,0.1416540293999613,978367109.4632976
2012-03-05,15.226784706115723,15.298906326293945,15.50413703918457,15.227423667907715,15.452829360961914,63970883,-0.011331581887923825,0.13729006566624832,981536540.3427026
2012-03-06,14.996493339538574,15.067523002624512,15.163414001464844,14.790560722351074,15.144485473632812,127451937,-0.015239632394628888,0.12903509915520722,1912692363.958643
2012-03-07,15.042104721069336,15.113350868225098,15.222691535949707,15.08993911743164,15.169390678405762,50769586,0.003036853883320756,0.12888720523862968,768752758.4985365
2012-03-08,15.050533294677734,15.121820449829102,15.230413436889648,15.102143287658691,15.194048881530762,54021731,0.0005601751381445474,0.12759448434398193,818508045.4955862
2012-03-09,14.879734992980957,14.950213432312012,15.240374565124512,14.943985939025879,15.14199447631836,107224403,-0.011413205794534864,0.1327812555290457,1613175914.998847
2012-03-12,15.001201629638672,15.07225513458252,15.118332862854004,14.925555229187012,14.943985939025879,67010233,0.008130086901404265,0.13278121554435757,1007747756.5591383
2012-03-13,15.314291000366211,15.386825561523438,15.388569831848145,15.082218170166016,15.161918640136719,90168712,0.02065613821823309,0.1470108449384941,1378307316.8059716
2012-03-14,15.269919395446777,15.342244148254395,15.511360168457031,15.279230117797852,15.317585945129395,117916329,-0.00290160415957752,0.14664267502524256,1813271494.2940416
2012-03-15,15.397334098815918,15.470264434814453,15.529292106628418,15.31335163116455,15.357437133789062,97769094,0.008309543372820638,0.14639407669087282,1509323690.8470078
2012-03-16,15.494260787963867,15.567648887634277,15.589317321777344,15.443364143371582,15.464285850524902,122477361,0.006275299645687404,0.14741731401093994,1902495161.112362
2012-03-19,15.715875625610352,15.790313720703125,15.872257232666016,15.473003387451172,15.519827842712402,87237768,0.01420170418091704,0.152666758387299,1370667432.963745
2012-03-20,15.703730583190918,15.778109550476074,15.842120170593262,15.623189926147461,15.714099884033203,61850967,-0.0007730869027198217,0.1453981052239706,974017063.1890526
2012-03-21,15.864611625671387,15.939753532409668,16.124311447143555,15.753701210021973,15.806004524230957,99154267,0.01019264389882224,0.14199771985561738,1580445185.368237
2012-03-22,16.01508140563965,16.0909366607666,16.1594295501709,15.716092109680176,15.902892112731934,96769361,0.009439921344841284,0.14236551748387166,1547227840.373102
2012-03-23,15.929311752319336,16.0047607421875,16.151958465576172,15.962668418884277,16.10463523864746,77898894,-0.005369947646398643,0.1448787847597706,1249482358.6910534
2012-03-26,16.096391677856445,16.172630310058594,16.176616668701172,15.928794860839844,16.06478500366211,73040752,0.010434208995227845,0.1466896059362707,1175421493.6839397
2012-03-27,16.03912925720215,16.115097045898438,16.276491165161133,16.059804916381836,16.115346908569336,80588939,-0.0035638122298591313,0.14205609019172713,1301548788.4041314
2012-03-28,16.25578498840332,16.332780838012695,16.40326690673828,16.216218948364258,16.239879608154297,101936657,0.013417529455137078,0.14680718547052946,1663343473.0895371
2012-03-29,16.073583602905273,16.149717330932617,16.353452682495117,16.047351837158203,16.27499771118164,77260510,-0.011271690262167233,0.15400993540576155,1250346026.3141377
2012-03-30,15.895846366882324,15.971136093139648,16.276243209838867,15.96515941619873,16.2329044342041,92774443,-0.011119314136066816,0.16018071871333261,1490963808.429201
2012-04-02,16.03664779663086,16.112606048583984,16.127052307128906,15.811734199523926,15.959429740905762,91710470,0.008818750050722635,0.15479010935552662,1468938598.4650898
2012-04-03,15.9300537109375,16.00550651550293,16.138259887695312,15.906378746032715,16.074996948242188,82102591,-0.006669094760895167,0.14487305263616254,1315013804.8926477
2012-04-04,15.744881629943848,15.81945514678955,15.915345191955566,15.718583106994629,15.901646614074707,65348026,-0.011692159022029358,0.15355324177142665,1033661645.0667235
2012-04-05,15.674726486206055,15.748969078063965,15.851334571838379,15.655569076538086,15.746975898742676,93095642,-0.004465699258075606,0.15523905991544368,1466438603.2460873
2012-04-09,15.638036727905273,15.712106704711914,15.823938369750977,15.573875427246094,15.653326988220215,87635252,-0.002343438989442337,0.14836056829883795,1376163251.622411
2012-04-10,15.539377212524414,15.6129789352417,15.803264617919922,15.55544376373291,15.778857231140137,99652126,-0.00632893060914963,0.14985515927009926,1560276167.6452584
2012-04-11,15.764960289001465,15.839629173278809,15.840624809265137,15.723564147949219,15.790064811706543,88289696,0.014412506337305953,0.14124607818150328,1395089563.99351
2012-04-12,16.138038635253906,16.214473724365234,16.26752471923828,15.946727752685547,15.998783111572266,231127086,0.02338935941850062,0.1591889029596765,3731063454.8133855
2012-04-13,15.483353614807129,15.556690216064453,16.16416358947754,15.530288696289062,16.128297805786133,327595322,-0.04141364699655181,0.21906135488919043,5159751080.91841
2012-04-16,15.024009704589844,15.095170021057129,15.537013053894043,14.985330581665039,15.516839027404785,228537416,-0.030115918076692783,0.24153805012559057,3475102898.4759264
2012-04-17,15.110771179199219,15.182342529296875,15.3845853805542,15.118581771850586,15.157187461853027,121409373,0.005758244247783484,0.23631406429129237,1848883028.5469427
2012-04-18,15.058218955993652,15.129541397094727,15.26279067993164,15.0139741897583,15.144485473632812,107180238,-0.003483860488766588,0.23632815977211938,1622219570.791624
2012-04-19,14.856185913085938,14.926551818847656,15.348967552185059,14.919079780578613,15.085704803466797,132277959,-0.013507613848342093,0.2350183017620127,1992749777.8660927
2012-04-20,14.77586841583252,14.845853805541992,15.164409637451172,14.840126037597656,15.049839973449707,122794545,-0.005421000721334668,0.23046082936927545,1835794389.7806454
2012-04-23,14.814043045043945,14.884209632873535,14.905381202697754,14.69990062713623,14.767148971557617,88241516,0.0025802476929635,0.23151601984029319,1308606724.246123
2012-04-24,14.905021667480469,14.975618362426758,15.109116554260254,14.877236366271973,14.900151252746582,77453230,0.006122595547321641,0.2286791548119755,1160816634.344139
2012-04-25,15.114490509033203,15.186079025268555,15.226676940917969,15.015716552734375,15.04361343383789,73117037,0.013955739189609684,0.23683800145541958,1107198435.3398075
2012-04-26,15.257028579711914,15.329292297363281,15.392306327819824,15.18558120727539,15.215718269348145,84013728,0.00938636732485465,0.23371379419508087,1285611106.5637512
2012-04-27,15.244880676269531,15.31708812713623,15.360922813415527,15.20799732208252,15.318083763122559,65701345,-0.0007965340125251075,0.2319419547618111,1004924153.1787285
2012-04-30,14.993765830993652,15.064783096313477,15.34448528289795,14.959178924560547,15.267523765563965,96652926,-0.016609249891596622,0.2352232951441363,1461664393.3287907
2012-05-01,14.983354568481445,15.054323196411133,15.232902526855469,14.948719024658203,15.038381576538086,80392204,-0.0006946139450403344,0.23151423887518618,1212205766.102633
2012-05-02,15.053508758544922,15.124809265136719,15.145978927612305,14.959178924560547,14.97387409210205,64701612,0.004671214624827336,0.2328155568250161,975483927.7323074
2012-05-03,15.14671516418457,15.218457221984863,15.31335163116455,15.166900634765625,15.183588027954102,75000069,0.006172583475830162,0.23245117194042733,1142468788.2681942
2012-05-04,14.798426628112793,14.868518829345703,15.14050006866455,14.864534378051758,15.09143352508545,88626955,-0.023262821392858513,0.24384613991498785,1325668795.6292167
2012-05-07,15.060696601867676,15.132031440734863,15.20724868774414,14.819453239440918,14.819453239440918,80079035,0.017567610198529593,0.2539170770997074,1205422596.6417758
2012-05-08,15.190591812133789,15.262541770935059,15.364909172058105,14.961421012878418,15.081720352172852,107493407,0.00858780008342963,0.25586184929132716,1633501055.94113
2012-05-09,15.100358963012695,15.171881675720215,15.351957321166992,14.989067077636719,15.113849639892578,93501157,-0.005957760566271286,0.2499023261547913,1418503125.4667716
2012-05-10,15.212160110473633,15.284211158752441,15.347225189208984,15.19878101348877,15.266776084899902,61666277,0.007376599361720526,0.23497502523202982,942059626.2604656
2012-05-11,15.00318717956543,15.074248313903809,15.306378364562988,15.062790870666504,15.201769828796387,84290763,-0.013832458115470736,0.19387630583841012,1276820112.848012
2012-05-14,14.972695350646973,15.04361343383789,15.155693054199219,14.9584321975708,14.96341323852539,73249532,-0.0020344248016428423,0.16379934018570322,1102594408.2996914
2012-05-15,15.148946762084961,15.220699310302734,15.317585945129395,15.037385940551758,15.077237129211426,84399167,0.011702776516373525,0.16775409743389832,1282182894.8023112
2012-05-16,15.590690612792969,15.664534568786621,15.693675994873047,15.340997695922852,15.39130973815918,194128926,0.028742971651562588,0.1940137850836096,3021889048.161028
2012-05-17,15.444930076599121,15.518083572387695,15.886702537536621,15.472753524780273,15.786578178405762,134654835,-0.009393181427107322,0.1904292878822311,2104095788.2390356
2012-05-18,14.883454322814941,14.953948974609375,15.751460075378418,14.861794471740723,15.569143295288086,239835606,-0.03703065129485239,0.23257138323390505,3642879290.1196976
2012-05-21,15.223313331604004,15.295418739318848,15.334772109985352,14.943985939025879,14.95668888092041,123477094,0.022577876827770016,0.24493632709202598,1875788970.4217505
2012-05-22,14.893370628356934,14.963912010192871,15.287946701049805,14.8443603515625,15.278732299804688,122533571,-0.021911834969725597,0.256979786440995,1841933586.7879305
2012-05-23,15.108044624328613,15.17960262298584,15.183090209960938,14.872255325317383,14.985081672668457,127600492,0.014311168862636059,0.25722649974794126,1924000546.8630004
2012-05-24,14.964266777038574,15.035144805908203,15.240873336791992,14.915842056274414,15.172130584716797,75935562,-0.009562214284626336,0.2568483425151312,1143889767.3448563
2012-05-25,14.66357421875,14.733027458190918,14.987074851989746,14.652079582214355,14.968893051147461,143813034,-0.02029866995306051,0.2654035060173101,2127099367.715063
2012-05-29,14.733231544494629,14.803014755249023,14.922316551208496,14.653077125549316,14.839627265930176,104618672,0.0047391173501249995,0.2607771353108685,1547603385.2100525
2012-05-30,14.581769943237305,14.650835037231445,14.742241859436035,14.533774375915527,14.649091720581055,76553871,-0.010333477150501924,0.2628167659954371,1120923501.9191685
2012-05-31,14.39907169342041,14.467272758483887,14.69491958618164,14.420947074890137,14.663039207458496,119177037,-0.012608375727210408,0.2646150811101655,1731369806.3935146
2012-06-01,14.154154777526855,14.221195220947266,14.262789726257324,14.155691146850586,14.24137020111084,122774470,-0.0171555339255689,0.26758194945979125,1745021211.1397648
2012-06-04,14.34280014038086,14.410735130310059,14.45805835723877,14.197035789489746,14.202265739440918,97672734,0.013239879074495864,0.26318812820863696,1402119095.821867
2012-06-05,14.140026092529297,14.206998825073242,14.399277687072754,14.108866691589355,14.332528114318848,93946821,-0.01423857815235774,0.25698880098295246,1337650637.5168972
2012-06-06,14.39188289642334,14.460049629211426,14.494918823242188,14.286700248718262,14.358181953430176,84146223,0.017654854136083475,0.2640268631503261,1212874365.8069763
2012-06-07,14.333876609802246,14.401768684387207,14.642367362976074,14.377360343933105,14.635144233703613,70603652,-0.004038630585298186,0.2638119547041466,1021905406.8434486
2012-06-08,14.388908386230469,14.457060813903809,14.470760345458984,14.310858726501465,14.342491149902344,56627461,0.0038319295134443543,0.2624034408713418,816165552.9760876
2012-06-11,14.092677116394043,14.15942668914795,14.578356742858887,14.11434555053711,14.55070972442627,106842978,-0.020802349803878073,0.2671666145353953,1526149691.3783684
2012-06-12,14.008394241333008,14.07474422454834,14.204258918762207,13.912352561950684,14.191058158874512,129451404,-0.005998570425739924,0.2673137128877261,1820576744.2364922
2012-06-13,13.908987998962402,13.974868774414062,14.12206745147705,13.914843559265137,13.990559577941895,78460993,-0.007121488801152154,0.2618545047888366,1098761986.5468955
2012-06-14,13.858419418334961,13.92405891418457,14.073996543884277,13.861044883728027,13.980098724365234,94147570,-0.0036423016216500237,0.23276593848441732,1313644193.1887817
2012-06-15,13.993767738342285,14.060049057006836,14.060298919677734,13.875242233276367,13.956189155578613,120497969,0.009719120776826795,0.2384631853507457,1686794442.4188588
2012-06-18,14.150934219360352,14.217958450317383,14.301644325256348,13.929040908813477,14.012975692749023,100250360,0.011168575525026814,0.2137452825528477,1418497270.2905147
2012-06-19,14.415680885314941,14.48396110534668,14.552453994750977,14.274496078491211,14.286202430725098,83359284,0.018535919995185335,0.20814862100266782,1203455515.0782547
2012-06-20,14.316027641296387,14.383835792541504,14.445853233337402,14.284209251403809,14.441121101379395,94219840,-0.006936840775302322,0.19690050648957128,1354061532.4872842
2012-06-21,14.011119842529297,14.077484130859375,14.44186782836914,14.040621757507324,14.44186782836914,80753554,-0.0215284348867697,0.19858089244084406,1145623045.2576694
2012-06-22,14.166549682617188,14.233649253845215,14.233649253845215,14.092677116394043,14.146973609924316,89450029,0.011032240717954167,0.203726679499498,1268997017.937883
2012-06-25,13.899321556091309,13.965154647827148,14.149214744567871,13.881717681884766,14.13028621673584,63501129,-0.01904349949939821,0.20240554121889007,888932980.9330244
2012-06-26,13.9979829788208,14.064284324645996,14.112104415893555,13.934768676757812,14.016463279724121,54210435,0.007073216263226101,0.2036403368636146,760954720.6483889
2012-06-27,14.112508773803711,14.179351806640625,14.296163558959961,14.09765911102295,14.139501571655273,67945726,0.00814830488562901,0.204786352478695,964221749.312952
2012-06-28,13.988810539245605,14.055068016052246,14.102889060974121,13.878231048583984,14.094670295715332,77124000,-0.008803788329824869,0.20262943065605304,1080666324.333191
2012-06-29,14.37948989868164,14.447596549987793,14.449090957641602,14.251582145690918,14.320323944091797,101157748,0.02754511584285302,0.2174387828805153,1454927262.742208
2012-07-02,14.389405250549316,14.457559585571289,14.520572662353516,14.35867977142334,14.491183280944824,66468209,0.0006893106050021025,0.21266743684015232,960173426.2319148
2012-07-03,14.571852684020996,14.64087200164795,14.655318260192871,14.396039962768555,14.446102142333984,47758342,0.012599580273496613,0.21002311846002836,695556157.9365438
2012-07-05,14.772398948669434,14.842367172241211,14.945481300354004,14.65855598449707,14.66403579711914,94187720,0.013668734139756555,0.20658547359463914,1395435166.0037868
2012-07-06,14.525993347167969,14.594795227050781,14.782590866088867,14.516090393066406,14.755941390991211,86796118,-0.016820814522195082,0.21530082991346566,1269927788.1756554
2012-07-09,14.52673625946045,14.595541954040527,14.660051345825195,14.4769868850708,14.569141387939453,68861145,5.1142340337761993e-05,0.2149974078755918,1003825181.7796803
2012-07-10,14.419896125793457,14.488195419311523,14.75544261932373,14.414470672607422,14.699651718139648,77212330,-0.007381903180311067,0.20293674657197422,1123648098.9961147
2012-07-11,14.159360885620117,14.226426124572754,14.392304420471191,14.070758819580078,14.35369873046875,140496649,-0.018232976298497405,0.21255173596384813,1999243401.0836048
2012-07-12,14.141759872436523,14.208742141723633,14.244856834411621,13.999774932861328,14.125056266784668,92738308,-0.001243838758424154,0.2108496348850181,1312351355.0705628
2012-07-13,14.291486740112305,14.359177589416504,14.4246826171875,14.160672187805176,14.250335693359375,79336261,0.010531913833404793,0.21275581180975497,1135686210.1886005
2012-07-16,14.251824378967285,14.319328308105469,14.425679206848145,14.241121292114258,14.35544204711914,58723287,-0.002779102011461365,0.2110883795651945,841428926.3188047
2012-07-17,14.296693801879883,14.364409446716309,14.462540626525879,14.156935691833496,14.406749725341797,67455897,0.003143382754512647,0.2079791134801351,966505523.6095705
2012-07-18,14.39659309387207,14.464781761169434,14.537758827209473,14.349465370178223,14.370635032653809,62160121,0.006963280017968199,0.19900299562077645,898255311.9922107
2012-07-19,14.70150089263916,14.771134376525879,14.9061279296875,14.595293045043945,14.598779678344727,187688877,0.02095800222613109,0.2099681711183375,2769822065.2659426
2012-07-20,15.14175796508789,15.213476181030273,15.266278266906738,14.898655891418457,15.1621675491333,259517101,0.02950676509823591,0.21416721422899226,3925491166.419319
2012-07-23,15.25801944732666,15.33028793334961,15.401022911071777,14.900400161743164,14.955941200256348,143002005,0.0076488750221379576,0.2130606343711439,2175142055.1540327
2012-07-24,15.061193466186523,15.132530212402344,15.390562057495117,15.052081108093262,15.317585945129395,80677269,-0.01298376357855524,0.20581455345399838,1225626840.7792654
2012-07-25,15.071603775024414,15.142990112304688,15.277236938476562,15.07773494720459,15.151209831237793,73193322,0.000690962021795194,0.20580377951619036,1110048994.287447
2012-07-26,15.20472240447998,15.276739120483398,15.364160537719727,15.19379997253418,15.317585945129395,67660662,0.008793635428679725,0.2059917531474913,1033735373.1956139
2012-07-27,15.740169525146484,15.814723014831543,15.815718650817871,15.379853248596191,15.414472579956055,142520206,0.03460994916587712,0.2264593420765708,2233305638.433012
2012-07-30,15.674230575561523,15.7484712600708,16.005008697509766,15.678731918334961,15.84187126159668,87795852,-0.004198014045288634,0.21454356364083382,1388117151.2968407
2012-07-31,15.690837860107422,15.765157699584961,15.853078842163086,15.646851539611816,15.647848129272461,74903709,0.0010589669926548417,0.2144687421317377,1180110134.5018492
2012-08-01,15.683650016784668,15.7579345703125,15.928048133850098,15.725557327270508,15.873003959655762,74060561,-0.0004581967027932343,0.212876460320091,1170441750.867298
2012-08-02,15.586228370666504,15.660052299499512,15.891185760498047,15.527050971984863,15.579355239868164,79404516,-0.006231041906695989,0.21223947785391073,1246076251.5642242
2012-08-03,15.898077964782715,15.97337818145752,16.03290557861328,15.844112396240234,15.940252304077148,76168432,0.019810491592403334,0.20761729018911607,1214896548.6016793
2012-08-06,15.935013771057129,16.010488510131836,16.17387580871582,15.920825004577637,15.930538177490234,71563235,0.0023205928696041767,0.20715071668105164,1147520989.423925
2012-08-07,15.878494262695312,15.953701972961426,16.046354293823242,15.85233211517334,15.984834671020508,79569131,-0.003553180477016582,0.20476396725087775,1269190986.608965
2012-08-08,15.920388221740723,15.995794296264648,16.086454391479492,15.902892112731934,15.916590690612793,53086237,0.0026349343128417857,0.18713389118827112,849116852.3374809
2012-08-09,15.923362731933594,15.998783111572266,16.098907470703125,15.978110313415527,16.052581787109375,42972470,0.00018681908458884067,0.18651390602879267,688645303.9053503
2012-08-10,15.91468620300293,15.99006462097168,15.99604320526123,15.843862533569336,15.905134201049805,57599089,-0.0005450415107524087,0.1870089302301349,918320906.5405372
2012-08-13,16.361141204833984,16.438634872436523,16.442121505737305,16.10662841796875,16.125059127807617,131205956,0.027666741057998046,0.1995214399927294,2142478884.7059174
2012-08-14,16.575565338134766,16.654075622558594,16.758434295654297,16.41347885131836,16.41970443725586,147016998,0.01302055883322284,0.20010307511955958,2441755763.7593994
2012-08-15,16.547801971435547,16.62618064880371,16.793304443359375,16.540502548217773,16.694425582885742,96789436,-0.001676361762464218,0.2025554997041629,1611866342.0931447
2012-08-16,16.679927825927734,16.75893211364746,16.80301856994629,16.614723205566406,16.62543487548828,68965534,0.007952788329254279,0.19612931875080092,1153487036.369929
2012-08-17,16.78577995300293,16.865285873413086,16.868024826049805,16.729793548583984,16.790067672729492,87434502,0.006326026676549912,0.17705903337411866,1470738796.434021
2012-08-20,16.746116638183594,16.8254337310791,16.90837287902832,16.75370216369629,16.824438095092773,70587592,-0.0023657077200920362,0.17866369491818992,1187930556.8072255
2012-08-21,16.596637725830078,16.675247192382812,16.886703491210938,16.492431640625,16.764911651611328,89221174,-0.008966260684532656,0.17415035140094864,1488636918.2705486
2012-08-22,16.786771774291992,16.866281509399414,16.951461791992188,16.60525894165039,16.622196197509766,76654246,0.011391053653634575,0.17486080331810985,1288379072.6655643
2012-08-23,16.77735137939453,16.8568172454834,16.94847297668457,16.712358474731445,16.79380226135254,71635505,-0.0005613371814714441,0.1755597325465126,1206285758.6049938
2012-08-24,16.82271385192871,16.902395248413086,16.947725296020508,16.78907012939453,16.826929092407227,57277890,0.0027001435730857892,0.13833280275202395,966835331.0348511
2012-08-27,16.589448928833008,16.66802406311035,16.73726463317871,16.419456481933594,16.512855529785156,104939872,-0.013963101673544642,0.14875760033337412,1742867460.4784343
2012-08-28,16.78850746154785,16.868024826049805,16.877239227294922,16.556442260742188,16.562917709350586,82652646,0.011927686068062826,0.15184109525712655,1385856375.0580635
2012-08-29,17.055238723754883,17.13602066040039,17.160429000854492,16.840627670288086,16.871013641357422,120060335,0.01576284041093734,0.15695855839525688,2046511545.1153183
2012-08-30,16.89832305908203,16.978361129760742,17.12057876586914,16.941001892089844,17.04212188720703,65319921,-0.009243023328695532,0.15979895226823584,1111308321.8061504
2012-08-31,16.98285484313965,17.06329345703125,17.150217056274414,16.93751335144043,17.036144256591797,85402916,0.00498990676765132,0.14924968028230076,1456148864.8116355
2012-09-04,16.88245964050293,16.962421417236328,17.061050415039062,16.774625778198242,17.049842834472656,75867307,-0.0059291046474792,0.15262303199907792,1284638288.8099232
2012-09-05,16.874523162841797,16.954450607299805,17.098411560058594,16.915098190307617,16.9365177154541,68584110,-0.0004702125100219945,0.1513510974487185,1165197399.8819351
2012-09-06,17.337587356567383,17.419706344604492,17.43191146850586,17.054325103759766,17.0849609375,122196311,0.027071844876447315,0.17263990239380247,2114238247.806036
2012-09-07,17.504915237426758,17.587827682495117,17.739757537841797,17.376617431640625,17.434650421142578,129804723,0.009604887983754029,0.17291229122751162,2280418142.0586033
2012-09-10,17.371549606323242,17.453828811645508,17.753704071044922,17.394550323486328,17.677738189697266,102783820,-0.007647924281029006,0.17733470073183202,1802214350.629565
2012-09-11,17.158857345581055,17.240129470825195,17.45083999633789,17.210491180419922,17.383840560913086,75232938,-0.012319284331878233,0.16468439805107557,1301566457.0030174
2012-09-12,17.126384735107422,17.207502365112305,17.307876586914062,16.95843505859375,17.170888900756836,106088160,-0.001894262266379343,0.16057556075955923,1820254072.1896362
2012-09-13,17.502187728881836,17.585086822509766,17.658809661865234,17.199033737182617,17.26254653930664,106758663,0.021705644871457874,0.17429246297480608,1866245704.7519286
2012-09-14,17.59242057800293,17.67574691772461,17.75843620300293,17.60924530029297,17.67375373840332,105132591,0.005142274116151313,0.17351577638584487,1858864355.1416416
2012-09-17,17.59986114501953,17.68321990966797,17.755447387695312,17.55918312072754,17.63664436340332,60558139,0.0004228522143594482,0.17314719913499846,1069817064.1066506
2012-09-18,17.80560874938965,17.889944076538086,17.8994083404541,17.603517532348633,17.6284236907959,82981875,0.011622493419862323,0.17508139316232585,1476880153.3424854
2012-09-19,18.03416633605957,18.119583129882812,18.145984649658203,17.843368530273438,17.87051773071289,124396528,0.012754582559947547,0.17237777476928048,2243654603.57135
2012-09-20,18.049535751342773,18.135025024414062,18.21622085571289,17.96316909790039,18.04411506652832,116731906,0.0008518757956395007,0.1706500130560787,2113408394.55336
2012-09-21,18.195049285888672,18.281227111816406,18.304391860961914,18.184839248657227,18.236894607543945,255317419,0.00802957551957384,0.17058206920744587,4661284010.181418
2012-09-24,18.576555252075195,18.664541244506836,18.680978775024414,18.188077926635742,18.206756591796875,143086320,0.02075077551925464,0.17994897006334742,2648699388.825531
2012-09-25,18.57110023498535,18.659061431884766,19.05084228515625,18.621700286865234,18.75594711303711,243248350,-0.00029369375038790224,0.167631579522901,4567523242.267863
2012-09-26,18.67769432067871,18.766159057617188,18.95993423461914,18.45582389831543,18.676246643066406,227766537,0.005723373222675576,0.1660673140883756,4265453573.504247
2012-09-27,18.753053665161133,18.841875076293945,18.999784469604492,18.721078872680664,18.927804946899414,157833389,0.0040266064857252815,0.16168509468809864,2975829565.2416134
2012-09-28,18.703474044799805,18.792062759399414,18.9116153717041,18.70862579345703,18.783344268798828,111757330,-0.0026473168949840975,0.15600588785316832,2101496155.2524693
2012-10-01,18.883939743041992,18.9733829498291,19.05358123779297,18.834653854370117,18.90538787841797,127194978,0.009602527376058045,0.1567885601199943,2410837418.6318665
2012-10-02,18.765199661254883,18.854080200195312,19.07823944091797,18.686708450317383,19.058563232421875,112026334,-0.0063077391602535116,0.15713549393925616,2114274050.5753314
2012-10-03,18.90178871154785,18.991315841674805,19.026683807373047,18.734777450561523,18.82244873046875,88663090,0.007252485791505503,0.15583690401854386,1677292194.577535
2012-10-04,19.039369583129883,19.129547119140625,19.175376892089844,18.914104461669922,18.997543334960938,98535958,0.007252360275259662,0.1352745907885351,1879377262.1355057
2012-10-05,19.029455184936523,19.119585037231445,19.287206649780273,19.053831100463867,19.195798873901367,109846193,-0.0005208670600111986,0.1351674538056684,2103943553.537747
2012-10-08,18.786272048950195,18.87525177001953,19.01821517944336,18.783344268798828,18.953956604003906,78637653,-0.012861658684938604,0.14194728259011258,1485643804.5760574
2012-10-09,18.445419311523438,18.532785415649414,18.961925506591797,18.49393081665039,18.92082977294922,120578269,-0.018310329077573684,0.15175496697064003,2250337834.8455667
2012-10-10,18.457069396972656,18.544490814208984,18.61846351623535,18.38832664489746,18.477243423461914,81901842,0.0006313983822763269,0.15084851715722208,1516584079.11335
2012-10-11,18.628610610961914,18.71684455871582,18.89168930053711,18.687206268310547,18.752212524414062,95713418,0.009251141539122987,0.1377455787395335,1796085902.1496186
2012-10-12,18.461776733398438,18.549222946166992,18.80127716064453,18.53303337097168,18.72606086730957,96528461,-0.008996131594626533,0.14368571312271958,1798117160.6174636
2012-10-15,18.368322372436523,18.455324172973633,18.526308059692383,18.19928550720215,18.47923469543457,121216653,-0.005074901442256419,0.14588668485874132,2229615385.965048
2012-10-16,18.460538864135742,18.547977447509766,18.60501480102539,18.34274673461914,18.434154510498047,82636586,0.005007848807928372,0.14221637731297124,1528659469.0383277
2012-10-17,18.728015899658203,18.81671905517578,18.837890625,18.43739128112793,18.529298782348633,92059774,0.014385159610899034,0.14389997514699387,1721272310.5684674
2012-10-18,17.228517532348633,17.310117721557617,18.914602279663086,16.836891174316406,18.81796646118164,499561487,-0.08345457223808106,0.3286112797512042,8835845793.822378
2012-10-19,16.90104866027832,16.98110008239746,17.601524353027344,16.73726463317871,17.57362937927246,461009524,-0.019190336020080245,0.33128498612878865,7886319210.41657
2012-10-22,16.82370948791504,16.903392791748047,17.051836013793945,16.67997932434082,16.961673736572266,162832055,-0.004586500374524238,0.3191075495728407,2748344998.3805084
2012-10-23,16.865352630615234,16.945234298706055,17.119083404541016,16.73726463317871,16.73751449584961,117101285,0.0024722067811357995,0.3197594975524131,1982976857.209587
2012-10-24,16.78974723815918,16.86927032470703,17.110864639282227,16.818708419799805,17.10588264465332,100234300,-0.004492960647037858,0.317461467272632,1697262169.1279094
2012-10-25,16.801149368286133,16.880727767944336,16.986331939697266,16.774873733520508,16.9365177154541,96403996,0.0006788821803991318,0.316428108752126,1627361582.9646862
2012-10-26,16.7364501953125,16.81572151184082,17.011985778808594,16.71733856201172,16.84934425354004,78324483,-0.0038583115117294398,0.3163184866333861,1319638194.8736591
2012-10-31,16.864116668701172,16.94399070739746,16.961423873901367,16.81198501586914,16.93303108215332,61710442,0.007599103209243729,0.3151826938961309,1043264382.0772858
2012-11-01,17.04482650756836,17.125558853149414,17.20800018310547,16.90463638305664,16.92406463623047,82311371,0.010658636498502627,0.32016748174311555,1405828704.1764836
2012-11-02,17.053007125854492,17.133777618408203,17.323816299438477,17.120080947875977,17.304887771606445,93324497,0.000479832151862869,0.3178016919035257,1604486854.4243698
2012-11-05,16.930051803588867,17.01024055480957,17.107376098632812,16.825931549072266,17.04859733581543,65681270,-0.007236303186087145,0.3146167076749047,1115345648.08246
2012-11-06,16.89931297302246,16.97935676574707,17.098411560058594,16.87549591064453,17.07300567626953,63549309,-0.001817287390943001,0.3143708085167692,1079348244.5069408
2012-11-07,16.53739356994629,16.615720748901367,16.892433166503906,16.60002899169922,16.81198501586914,89626688,-0.02164887487819067,0.3182560733271879,1497010158.5539956
2012-11-08,16.169769287109375,16.246355056762695,16.72456169128418,16.219953536987305,16.692432403564453,104269368,-0.022480688212001,0.3205454995047679,1709700318.6634977
2012-11-09,16.436004638671875,16.513851165771484,16.646106719970703,16.19679069519043,16.305133819580078,125030896,0.016330927718824828,0.32947563652030676,2057039499.573578
2012-11-12,16.507150650024414,16.58533477783203,16.682470321655273,16.460054397583008,16.531784057617188,56446786,0.004319326509000021,0.32707021250539764,935659281.0897319
2012-11-13,16.337345123291016,16.414724349975586,16.627674102783203,16.39430046081543,16.513105392456055,64007018,-0.010340060680206875,0.3272559871241296,1054765225.7405752
2012-11-14,16.176212310791016,16.252830505371094,16.4926815032959,16.201772689819336,16.454822540283203,66986143,-0.009911811835357831,0.32749055176555625,1092929937.424839
2012-11-15,16.045076370239258,16.121074676513672,16.438385009765625,16.03738784790039,16.18931770324707,74233205,-0.008139752937243117,0.3248918132087703,1202499915.1195016
2012-11-16,16.043092727661133,16.119081497192383,16.264537811279297,15.840624809265137,16.08944320678711,138043489,-0.00012363700618767126,0.3166248456437724,2219014304.1333723
2012-11-19,16.564411163330078,16.642868041992188,16.660551071166992,16.327051162719727,16.33128547668457,95083064,0.03197809078547387,0.19872892168650885,1573005727.197164
2012-11-20,16.608041763305664,16.686704635620117,16.886703491210938,16.552207946777344,16.675247192382812,83861158,0.0026305335472973645,0.18899998962027184,1401197403.1320713
2012-11-21,16.506404876708984,16.58458709716797,16.682470321655273,16.448347091674805,16.662296295166016,84804682,-0.0061385416978607665,0.18945979553745387,1405366356.671384
2012-11-23,16.558462142944336,16.636890411376953,16.687450408935547,16.590314865112305,16.686704635620117,37038310,0.0031487989482275047,0.18962826120996926,616251496.9400089
2012-11-26,16.389400482177734,16.46702766418457,16.61273193359375,16.413976669311523,16.598783493041992,88514535,-0.0102624650624481,0.19203401819936883,1460305017.0313644
2012-11-27,16.626384735107422,16.705135345458984,16.81198501586914,16.388572692871094,16.44261932373047,100724129,0.01435606159244962,0.19941444836853583,1675569155.008522
2012-11-28,16.947654724121094,17.027925491333008,17.058809280395508,16.5352725982666,16.63788604736328,122136087,0.01913858448399841,0.21015126435670747,2060924632.085455
2012-11-29,17.15142250061035,17.23265838623047,17.2827205657959,16.986331939697266,17.130290985107422,111476280,0.011951654919644561,0.21249717583130764,1913739714.6149447
2012-11-30,17.312055587768555,17.394052505493164,17.41522216796875,17.078237533569336,17.218212127685547,127018318,0.009321998783252461,0.2117684306561183,2196888175.2471924
2012-12-03,17.234712600708008,17.316343307495117,17.581350326538086,17.28795051574707,17.490442276000977,88028721,-0.004477589096500978,0.21254945282337512,1531278503.0220966
2012-12-04,17.130102157592773,17.211238861083984,17.32282066345215,17.0784854888916,17.310117721557617,79966615,-0.006088248517079897,0.21205744849373706,1375760172.0863152
2012-12-05,17.05052947998047,17.131288528442383,17.297664642333984,16.994550704956055,17.239133834838867,74775229,-0.004656018192254585,0.21268953587665126,1281734759.430093
2012-12-06,17.13258171081543,17.213729858398438,17.32530975341797,17.048847198486328,17.125558853149414,58711242,0.004800756020529207,0.1971910869449298,1009596302.2627639
2012-12-07,16.961040496826172,17.04137420654297,17.35694122314453,16.99679183959961,17.310117721557617,77059760,-0.010063035281548949,0.18204969488395642,1320164877.1151733
2012-12-10,16.99103546142578,17.07151222229004,17.226680755615234,17.030914306640625,17.070764541625977,54872909,0.001766900641953395,0.17482591917726203,938859144.358708
2012-12-11,17.275117874145508,17.35694122314453,17.482471466064453,17.12879753112793,17.185583114624023,107906951,0.016581313852687796,0.18216867559853395,1869243704.6011982
2012-12-12,17.291976928710938,17.373878479003906,17.52207374572754,17.272258758544922,17.41547393798828,97403730,0.0009754395617185274,0.1764121788680383,1693792779.0660286
2012-12-13,17.419391632080078,17.50189971923828,17.844863891601562,17.423442840576172,17.83116340637207,138312493,0.007341414695955173,0.17070559894641643,2432926270.140011
2012-12-14,17.401046752929688,17.48346710205078,17.62942123413086,17.39554786682129,17.413978576660156,85523366,-0.0010536846575468495,0.16621327950999457,1496899402.4923568
2012-12-17,17.86758041381836,17.952211380004883,17.98060417175293,17.534774780273438,17.571636199951172,121871097,0.026457558039969964,0.18244008359585276,2172051295.9037476
2012-12-18,17.874771118164062,17.959434509277344,18.159433364868164,17.80949592590332,17.848100662231445,120646524,0.00040236325448717025,0.15510908118769173,2168756545.827774
2012-12-19,17.850971221923828,17.935522079467773,18.007503509521484,17.850093841552734,17.95046615600586,77031655,-0.001332366982579547,0.1560905757883785,1381257672.4491024
2012-12-20,17.906749725341797,17.99156379699707,18.048599243164062,17.857315063476562,18.013978958129883,66528434,0.0031198044608085063,0.15204013986736842,1195238271.5947685
2012-12-21,17.73991584777832,17.82394027709961,17.90339469909668,17.69666862487793,17.782596588134766,141568653,-0.009360488170614634,0.15899733222241216,2521054742.5570755
2012-12-24,17.587961196899414,17.6712646484375,17.812734603881836,17.620702743530273,17.796045303344727,33762076,-0.008602588137211153,0.15728865628696562,597641661.5804088
2012-12-26,17.572341918945312,17.65557289123535,17.755447387695312,17.49467658996582,17.63564682006836,47473277,-0.0008884609970558621,0.15284680767593692,837202267.4450518
2012-12-27,17.508384704589844,17.591312408447266,17.65482521057129,17.4000301361084,17.612483978271484,66142994,-0.00364629193137489,0.14204234016549935,1160725052.6501184
2012-12-28,17.35270881652832,17.434900283813477,17.60675621032715,17.434900283813477,17.476743698120117,56290202,-0.008931270201837815,0.1412905872744445,984638660.4318352
2012-12-31,17.535404205322266,17.61846160888672,17.697914123535156,17.335023880004883,17.434650421142578,80195470,0.010473312710769012,0.14224075092241803,1407467912.6921272
2013-01-02,17.928810119628906,18.013729095458984,18.10713005065918,17.84685516357422,17.918338775634766,102033017,0.022186988202577584,0.15907141372107703,1835496237.2039952
2013-01-03,17.93922233581543,18.02419090270996,18.22991943359375,17.950716018676758,18.055572509765625,93075567,0.0005805847584161583,0.15646448164579696,1681714982.3754501
2013-01-04,18.293710708618164,18.380355834960938,18.467529296875,18.124067306518555,18.16541290283203,110954331,0.01956781602041202,0.16508839277126755,2033125402.1871471
2013-01-07,18.213886260986328,18.30015754699707,18.41547393798828,18.19629669189453,18.317590713500977,66476239,-0.0043730391188603335,0.16722796869107695,1216779487.1457005
2013-01-08,18.17794418334961,18.264041900634766,18.338762283325195,18.043119430541992,18.319833755493164,67295297,-0.001975283402031458,0.16147298623619127,1225804553.1590743
2013-01-09,18.297426223754883,18.384092330932617,18.389820098876953,18.14698028564453,18.238388061523438,81291563,0.006551405314211944,0.16168753039992426,1488201736.731526
2013-01-10,18.380720138549805,18.467777252197266,18.555450439453125,18.269023895263672,18.501401901245117,73703226,0.004541890266736015,0.15482540388724655,1358405771.5863953
2013-01-11,18.34378433227539,18.430667877197266,18.491439819335938,18.338762283325195,18.480730056762695,51600690,-0.002011508079450497,0.15568477890345347,950499673.6536598
2013-01-14,17.928810119628906,18.013729095458984,18.48571014404297,17.991313934326172,18.3561954498291,114985384,-0.02288186575943385,0.17840662113734054,2088546726.047282
2013-01-15,17.970457077026367,18.055572509765625,18.30638313293457,17.736021041870117,17.916095733642578,157696879,0.002320213159383133,0.178193868696135,2843694027.7905016
2013-01-16,17.7290096282959,17.8129825592041,18.040878295898438,17.775123596191406,17.9925594329834,81239368,-0.013526876034901214,0.16079023056934655,1452261601.101649
2013-01-17,17.63307762145996,17.716594696044922,17.923816680908203,17.709121704101562,17.875747680664062,88791570,-0.005425711525353982,0.16169047474008183,1578996267.011261
2013-01-18,17.464262008666992,17.546979904174805,17.752708435058594,17.467775344848633,17.69268226623535,129555794,-0.00961992655066135,0.16462701469457539,2278776884.985804
2013-01-22,17.423606872558594,17.506132125854492,17.567651748657227,17.323068618774414,17.550716400146484,152264594,-0.0023306183962850113,0.16394734830018465,2659395157.2560334
2013-01-23,18.38121223449707,18.46827507019043,18.655075073242188,18.326059341430664,18.33104133605957,237249950,0.05350306522590342,0.2480323485899712,4385123209.271112
2013-01-24,18.696285247802734,18.784839630126953,18.850095748901367,18.443618774414062,18.461801528930664,135815168,0.01699578552550074,0.25033769665316474,2538772751.1822915
2013-01-25,18.682897567749023,18.771390914916992,18.891191482543945,18.686208724975586,18.699161529541016,89369729,-0.0007163174589566168,0.2503042310100365,1678625397.3632526
2013-01-28,18.61001968383789,18.698165893554688,18.819459915161133,18.627429962158203,18.723819732666016,65327951,-0.003908408462170776,0.25039439884917425,1222613817.4306417
2013-01-29,18.68314552307129,18.771638870239258,18.853084564208984,18.59380531311035,18.599035263061523,70145942,0.003921680154957308,0.2465639584123926,1314500552.2838593
2013-01-30,18.686866760253906,18.775375366210938,18.95271110534668,18.752460479736328,18.773134231567383,69579828,0.0001991563270946628,0.2455646692647025,1309968914.072319
2013-01-31,18.732975006103516,18.821701049804688,18.869770050048828,18.686208724975586,18.692684173583984,65613015,0.00246437542267941,0.235608638425094,1233036517.3372364
2013-02-01,19.226526260375977,19.31759262084961,19.342500686645508,18.88172721862793,18.88421630859375,150405652,0.026005561336368554,0.2494305018816404,2884871677.83284
2013-02-04,18.815521240234375,18.904640197753906,19.189821243286133,18.885961532592773,19.120580673217773,122075862,-0.021608774494657368,0.2565186799687338,2318644750.5436096
2013-02-05,18.982107162475586,19.07201385498047,19.20576286315918,18.915849685668945,18.95719337463379,75108474,0.008814680068767178,0.2568325836624442,1431908667.2387238
2013-02-06,19.091920852661133,19.182350158691406,19.25183868408203,18.89168930053711,18.905885696411133,83435569,0.005768446387952153,0.25669478014209834,1594339087.1039264
2013-02-07,19.185625076293945,19.27649688720703,19.39754295349121,19.066036224365234,19.170644760131836,114033831,0.004896051120472755,0.2564255015141293,2194774025.310198
2013-02-08,19.468717575073242,19.560930252075195,19.59330940246582,19.416223526000977,19.430419921875,121256803,0.014647645821103339,0.25986454676611476,2367355705.167245
2013-02-11,19.395587921142578,19.487455368041992,19.501901626586914,19.271516799926758,19.387332916259766,87037018,-0.0037633370418648227,0.26034986531023663,1690284240.3841565
2013-02-12,19.352951049804688,19.444616317749023,19.623945236206055,19.41149139404297,19.47076988220215,74638720,-0.0022006965773662124,0.2439746657372822,1454958765.8569336
2013-02-13,19.406497955322266,19.498414993286133,19.56043243408203,19.426435470581055,19.430419921875,48107646,0.002763039256671096,0.2439451336820747,937863095.2881317
2013-02-14,19.529451370239258,19.621952056884766,19.644866943359375,19.371639251708984,19.42045783996582,69672173,0.006315696714419783,0.23566113356911286,1361822935.9277854
2013-02-15,19.655132293701172,19.748228073120117,19.757444381713867,19.603271484375,19.61149024963379,109601278,0.006414836789983891,0.2327067210336739,2159471932.3225527
2013-02-19,20.00119400024414,20.09592628479004,20.09966278076172,19.807756423950195,19.825439453125,117711564,0.01745348214184439,0.22947668692267623,2354362547.60054
2013-02-20,19.644472122192383,19.737518310546875,20.148727416992188,19.7208309173584,20.05731964111328,110982436,-0.017995989982759752,0.24329880124125014,2205112856.2964754
2013-02-21,19.7205753326416,19.813982009887695,20.06105613708496,19.706634521484375,19.87550163269043,140781714,0.003866542030686926,0.1710706765609707,2796003333.750778
2013-02-22,19.824195861816406,19.918092727661133,19.95644760131836,19.770893096923828,19.906883239746094,82463941,0.005240681040958428,0.16409241765362054,1639532500.984373
2013-02-25,19.60257911682129,19.69542694091797,20.134780883789062,19.688453674316406,19.98259925842285,92501423,-0.011242059700602436,0.17093679138529175,1835186961.238327
2013-02-26,19.586711883544922,19.679485321044922,19.824443817138672,19.536771774291992,19.80078125,88430220,-0.0008097739835748463,0.16982790066227063,1740327390.2148056
2013-02-27,19.825931549072266,19.919836044311523,20.043621063232422,19.703895568847656,19.795799255371094,81347773,0.012139383831947459,0.17300967514067717,1617935420.3433487
2013-02-28,19.861129760742188,19.955202102661133,20.09941291809082,19.950969696044922,19.95271110534668,90971711,0.0017737882189816645,0.1727777168056373,1819603570.414154
2013-03-01,19.98482894897461,20.079486846923828,20.103147506713867,19.829423904418945,19.870519638061523,87342157,0.006208889916300198,0.17310396032909295,1747194204.75611
2013-03-04,20.364351272583008,20.46080780029297,20.494182586669922,20.049848556518555,20.05731964111328,111440145,0.018812452420039705,0.16265507772536553,2266129365.8544064
2013-03-05,20.78824806213379,20.88671112060547,20.925317764282227,20.645116806030273,20.645864486694336,162370331,0.020601944447315557,0.14744757586420848,3380395806.3831916
2013-03-06,20.609272003173828,20.706886291503906,21.021207809448242,20.64287567138672,20.947235107421875,115350748,-0.008646758249911901,0.15396564740748792,2398179338.908226
2013-03-07,20.63951301574707,20.737272262573242,20.8373966217041,20.66205406188965,20.773635864257812,82415761,0.00146627436310931,0.1541019449965262,1709762294.5848382
2013-03-08,20.612741470336914,20.710372924804688,20.795055389404297,20.549226760864258,20.78459358215332,116912581,-0.0012979435670645856,0.15508294909974762,2418323295.963854
2013-03-11,20.69454574584961,20.792564392089844,20.914108276367188,20.70987319946289,20.71460723876953,64027093,0.003960772443277083,0.1497971336110628,1332116662.3413582
2013-03-12,20.51581573486328,20.612987518310547,20.719587326049805,20.514854431152344,20.69019889831543,80633104,-0.008674087059515667,0.15352973258082747,1662316732.3016865
2013-03-13,20.458799362182617,20.555702209472656,20.689699172973633,20.480981826782227,20.620210647583008,65898080,-0.002783011352061049,0.15378208604594953,1355883379.6107993
2013-03-14,20.365345001220703,20.461803436279297,20.597545623779297,20.358442306518555,20.597545623779297,66295564,-0.004578394754672477,0.1558746810988446,1357242372.760521
2013-03-15,20.185871124267578,20.28148078918457,20.430919647216797,20.257570266723633,20.38608741760254,124452737,-0.008851771461983127,0.15986967917375516,2529293242.9379067
2013-03-18,20.024492263793945,20.11933708190918,20.24312400817871,19.96192741394043,20.049848556518555,73807616,-0.008026772868124699,0.16223993546081764,1484133100.713379
2013-03-19,20.111997604370117,20.207258224487305,20.404767990112305,20.085962295532227,20.20526695251465,84242583,0.004360395216862045,0.15140092026835208,1704451778.3326092
2013-03-20,20.196035385131836,20.29169273376465,20.36142921447754,20.210247039794922,20.344493865966797,58771467,0.004169784347850758,0.13637047893494195,1192343160.6630821
2013-03-21,20.110511779785156,20.205764770507812,20.34673500061035,20.170644760131836,20.206510543823242,59325536,-0.004243664600892316,0.13739348706791746,1200811032.3072915
2013-03-22,20.086959838867188,20.18210220336914,20.30489158630371,20.165414810180664,20.292438507080078,59751126,-0.0011718121894044309,0.13667667298556918,1208016569.4844437
2013-03-25,20.07035255432129,20.165414810180664,20.40427017211914,20.095178604125977,20.234405517578125,68736680,-0.0008271114027782467,0.12982897218193154,1389967105.1946006
2013-03-26,20.139266967773438,20.234655380249023,20.27400779724121,20.11933708190918,20.261554718017578,47854701,0.003427760906334676,0.12983881147962634,967111608.2138271
2013-03-27,19.89732551574707,19.991567611694336,20.09966278076172,19.95844078063965,20.091690063476562,86852328,-0.012086163289687146,0.13161050794687829,1738484579.005951
2013-03-28,19.687358856201172,19.780607223510742,20.059064865112305,19.758441925048828,20.02469253540039,91855009,-0.010608579153530862,0.13659867833381545,1824795099.7029521
2013-04-01,19.860885620117188,19.954954147338867,19.981355667114258,19.75719451904297,19.8010311126709,72562968,0.008775503429422571,0.13844873846673164,1443845948.2531128
2013-04-02,20.154634475708008,20.250097274780273,20.294681549072266,20.02494239807129,20.03839111328125,81966082,0.014682009960719888,0.13183988854558804,1654887578.797783
2013-04-03,19.985078811645508,20.079736709594727,20.278989791870117,19.942001342773438,20.260557174682617,69800653,-0.008448325046024774,0.1096474037772093,1403010059.9677048
2013-04-04,19.70917320251465,19.80252456665039,20.068527221679688,19.708627700805664,20.03116798400879,98270968,-0.013901763532696787,0.11505333720870041,1951650925.5090382
2013-04-05,19.41120719909668,19.50314712524414,19.601280212402344,19.3375186920166,19.578115463256836,137870844,-0.015233582217397679,0.12255122336780945,2685813474.704033
2013-04-08,19.20793342590332,19.298912048339844,19.415973663330078,19.13826560974121,19.39604949951172,113708616,-0.01052719698912119,0.12500703731098853,2192800589.332077
2013-04-09,19.277345657348633,19.36865234375,19.52058219909668,19.25557518005371,19.315101623535156,86615444,0.0036072133742912627,0.12474582741900009,1678746170.148178
2013-04-10,19.587955474853516,19.68073272705078,19.734779357910156,19.327556610107422,19.499910354614258,79440651,0.015984254424139976,0.14019183649279499,1555529206.291317
2013-04-11,19.59316062927246,19.685962677001953,19.753459930419922,19.528303146362305,19.74798011779785,81452163,0.00026569709937485086,0.14045988546812982,1601016269.945509
2013-04-12,19.584732055664062,19.677494049072266,19.728553771972656,19.500158309936523,19.725812911987305,65713390,-0.00043027192943823067,0.1402936738971905,1290308832.3018582
2013-04-15,19.38344383239746,19.475252151489258,19.850595474243164,19.35296058654785,19.575376510620117,98491793,-0.010330994918700487,0.14129976159365887,1926460343.9768696
2013-04-16,19.667030334472656,19.760183334350586,19.825687408447266,19.524816513061523,19.59131622314453,69941178,0.014524355644105036,0.1504794881934919,1378090366.3547974
2013-04-17,19.39906120300293,19.490943908691406,19.69717025756836,19.379859924316406,19.59530258178711,81785407,-0.013718973349413854,0.15543394805503755,1596668532.7210758
2013-04-18,18.986318588256836,19.076248168945312,19.57164192199707,18.960432052612305,19.56043243408203,133398142,-0.02150602781443789,0.16788477776847702,2561614379.2292175
2013-04-19,19.828161239624023,19.922077178955078,20.01099395751953,19.084964752197266,19.157194137573242,232998073,0.04338456655479339,0.2322757443300917,4583696211.43513
2013-04-22,19.8341121673584,19.928054809570312,20.023944854736328,19.302648544311523,19.94025993347168,115768308,0.00030008001397030526,0.23229445173231866,2286603454.7489853
2013-04-23,20.027219772338867,20.12207794189453,20.311368942260742,19.934280395507812,19.95022201538086,92035684,0.009689044810475167,0.23501729346409142,1851995023.9030838
2013-04-24,20.164798736572266,20.26030921936035,20.373634338378906,20.124568939208984,20.127307891845703,73438237,0.006846110580594367,0.23596088858980765,1487332680.1727822
2013-04-25,20.056964874267578,20.15196418762207,20.335527420043945,20.115352630615234,20.330047607421875,79986690,-0.005361978739032658,0.23272308094532307,1615806971.7352295
2013-04-26,19.86658477783203,19.960681915283203,20.118091583251953,19.840133666992188,20.114606857299805,99880980,-0.009537305233453974,0.23211331872931457,1994919722.740631
2013-04-29,20.30386734008789,20.400035858154297,20.49069595336914,20.00003433227539,20.006261825561523,92376959,0.02177221379357963,0.24212439301374983,1874967935.8480973
2013-04-30,20.44045639038086,20.53727149963379,20.61373519897461,20.365663528442383,20.398540496826172,92613843,0.006704716115677911,0.23802561172228368,1899098412.7636185
2013-05-01,20.33782958984375,20.434158325195312,20.541006088256836,20.332788467407227,20.5046443939209,58418148,-0.00503341495323717,0.23666043898492709,1193832354.9903564
2013-05-02,20.565393447875977,20.66280174255371,20.785839080810547,20.39978790283203,20.425939559936523,81034603,0.01112705498700084,0.23278032911338759,1670620956.0003707
2013-05-03,20.964746475219727,21.06404685974121,21.090946197509766,20.82195472717285,20.84586524963379,100880714,0.019232554369903898,0.23092892995074424,2117719819.3444648
2013-05-06,21.357162475585938,21.45831871032715,21.465791702270508,21.127309799194336,21.127309799194336,85973045,0.018544874577895776,0.2300269025788933,1835565210.7274342
2013-05-07,21.250072479248047,21.35072135925293,21.516101837158203,21.187334060668945,21.49468231201172,78653713,-0.0050268562115611815,0.23275247194168175,1679365767.1184146
2013-05-08,21.656614303588867,21.759191513061523,21.765417098999023,21.243125915527344,21.344993591308594,99102072,0.018950612195275607,0.23475464787067138,2139538896.809967
2013-05-09,21.60331916809082,21.705642700195312,21.909378051757812,21.62469482421875,21.689701080322266,88353936,-0.0024639502738050822,0.23563945781716678,1921395218.2250977
2013-05-10,21.82022476196289,21.923574447631836,21.93129539489746,21.722578048706055,21.801034927368164,76192522,0.00999031300922093,0.2354366514077014,1665503713.7189343
2013-05-13,21.7532958984375,21.856327056884766,21.979366302490234,21.752965927124023,21.890199661254883,58157173,-0.0030719994687595786,0.23061382822930004,1271483668.3209934
2013-05-14,21.99052619934082,22.094684600830078,22.13428497314453,21.846614837646484,21.855579376220703,63408784,0.010846451694377368,0.22920083744795886,1396590819.8767498
2013-05-15,22.704208374023438,22.81174659729004,22.823949813842773,22.267038345336914,22.30389976501465,160033605,0.03193856492166347,0.235110780635592,3622239810.812216
2013-05-16,22.406240463256836,22.512367248535156,22.91361427307129,22.466041564941406,22.889205932617188,128865215,-0.013210786059626667,0.22351903067614337,2916306717.277651
2013-05-17,22.537874221801758,22.644622802734375,22.751970291137695,22.428930282592773,22.665544509887695,112098604,0.005857680626553119,0.18336057945288634,2534382162.023692
2013-05-20,22.521759033203125,22.628433227539062,22.92905616760254,22.540512084960938,22.540512084960938,91248746,-0.0007152827540566342,0.18381959215322935,2071285746.7218337
2013-05-21,22.48308753967285,22.58957862854004,22.706390380859375,22.35645294189453,22.61573028564453,79617311,-0.0017185483783563882,0.1854415998618296,1795434639.4664655
2013-05-22,22.04804039001465,22.152467727661133,22.647859573364258,22.089204788208008,22.479740142822266,102807910,-0.01953963492281252,0.20497725173524795,2292257664.990673
2013-05-23,21.883684158325195,21.987335205078125,22.165916442871094,21.768407821655273,21.84312629699707,91345105,-0.007482383183600838,0.20638447026095377,2007206968.675089
2013-05-24,21.6489315032959,21.7514705657959,21.888456344604492,21.69393539428711,21.799789428710938,92216359,-0.010785243524729982,0.20748537031031375,2008283633.71521
2013-05-28,21.84600257873535,21.949478149414062,22.220212936401367,21.92780876159668,22.005020141601562,90638467,0.009061856428782988,0.19845975056971193,1996992019.5673892
2013-05-29,21.524738311767578,21.62668800354004,21.86778450012207,21.52656364440918,21.810997009277344,80837869,-0.014815063632157788,0.2080351513051732,1752054000.794017
2013-05-30,21.585472106933594,21.68770980834961,21.89044952392578,21.579364776611328,21.66678810119629,85145956,0.002817607928895516,0.20617782884168037,1849299893.6147358
2013-05-31,21.596872329711914,21.69916534423828,21.84312629699707,21.607011795043945,21.62195587158203,79071272,0.0005280038956616551,0.2041497701088161,1717146097.5401917
2013-06-03,21.50787925720215,21.609750747680664,21.767658233642578,21.295679092407227,21.743499755859375,99399181,-0.004129159578813546,0.1957754955647497,2142817329.0898921
2013-06-04,21.296428680419922,21.39729881286621,21.683475494384766,21.272016525268555,21.615230560302734,75024159,-0.00987995400478514,0.1887636264418524,1609338003.8375626
2013-06-05,21.31130027770996,21.412242889404297,21.655080795288086,21.34823226928711,21.482229232788086,84587872,0.0006980704326471354,0.187934424006736,1816258267.2813518
2013-06-06,21.433759689331055,21.535280227661133,21.577373504638672,21.10140609741211,21.526811599731445,103550684,0.005729773066030397,0.1764818290100722,2216469939.2611976
2013-06-07,21.807828903198242,21.911121368408203,21.9178466796875,21.552217483520508,21.679241180419922,107385002,0.01730179475501714,0.1866886542908566,2340319579.6916595
2013-06-10,22.067869186401367,22.172391891479492,22.19182014465332,21.920087814331055,21.970149993896484,93862506,0.011853638316714044,0.18799254068419205,2073870164.139988
2013-06-11,21.809814453125,21.913114547729492,22.092193603515625,21.90589141845703,22.016725540161133,70567517,-0.011762594886792765,0.19246194620195856,1550396565.3751163
2013-06-12,21.61571502685547,21.718095779418945,22.067285537719727,21.660062789916992,22.053836822509766,88522565,-0.008939475059982271,0.19074653592676163,1931132859.9735675
2013-06-13,21.740154266357422,21.84312629699707,21.909378051757812,21.556699752807617,21.643375396728516,83106340,0.005740379941177043,0.15148154224291185,1809202973.7312825
2013-06-14,21.691566467285156,21.794309616088867,22.034908294677734,21.771644592285156,21.920337677001953,90136592,-0.0022374346915663423,0.14606429860444703,1971012726.0952249
2013-06-17,21.969457626342773,22.07351303100586,22.1527156829834,21.87500762939453,21.89866828918457,86173794,0.012729656134702783,0.15229946712736306,1898731441.2666893
2013-06-18,22.3256778717041,22.431421279907227,22.440885543823242,22.125816345214844,22.133289337158203,87000883,0.016084291016102537,0.16374143085957718,1942965291.6803334
2013-06-19,22.327165603637695,22.43291664123535,22.68596649169922,22.35371208190918,22.450101852416992,117073180,6.663548470164926e-05,0.16368188826351718,2633077094.8848467
2013-06-20,21.932024002075195,22.035903930664062,22.440885543823242,22.000288009643555,22.26629066467285,135385563,-0.01785627365316156,0.16128098372650715,3000012187.2612267
2013-06-21,21.837574005126953,21.941009521484375,22.163923263549805,21.745243072509766,22.125568389892578,159889066,-0.004315787571773644,0.15986104063567222,3509574371.2661505
2013-06-24,21.561424255371094,21.663549423217773,21.826190948486328,21.500659942626953,21.715604782104492,121128323,-0.012726260414422708,0.1616262249291366,2624059400.3911977
2013-06-25,21.472431182861328,21.574134826660156,21.909875869750977,21.53204345703125,21.84960174560547,102510801,-0.004135962184399045,0.15851438083118824,2221615929.709585
2013-06-26,21.6571102142334,21.759689331054688,21.868032455444336,21.6829776763916,21.76218032836914,73530581,0.008563975136796298,0.15313109350591209,1600777892.3409119
2013-06-27,21.74188804626465,21.84486961364746,22.034658432006836,21.834409713745117,21.887958526611328,77348840,0.00390690768294899,0.15340229666253055,1694298952.507248
2013-06-28,21.82369613647461,21.927061080932617,21.963674545288086,21.77313995361328,21.790822982788086,94324230,0.003755633622352317,0.15385235058633348,2064564834.294548
2013-07-01,22.00986099243164,22.114110946655273,22.218719482421875,22.04237937927246,22.078493118286133,69250599,0.008494221664573143,0.1552361450677264,1532174345.992962
2013-07-02,21.871788024902344,21.97538185119629,22.19182014465332,21.849851608276367,22.171894073486328,75943592,-0.006292991548029647,0.1524956878493256,1671190727.9846244
2013-07-03,21.97391700744629,22.07799530029297,22.146240234375,21.8804874420166,21.915355682373047,42036977,0.004658571103884235,0.1529030121560953,926280906.4540869
2013-07-05,22.148929595947266,22.25383758544922,22.301658630371094,22.10066032409668,22.16716194152832,68331166,0.007933010664842755,0.15385240567036837,1518230965.8170178
2013-07-08,22.43648338317871,22.542753219604492,22.5721435546875,22.343252182006836,22.396303176879883,79075287,0.0128991863102903,0.14887944506058928,1778090829.7360268
2013-07-09,22.440202713012695,22.546489715576172,22.7385196685791,22.36566734313965,22.689952850341797,79472771,0.00016575777607696907,0.1439704373404711,1792128913.1811128
2013-07-10,22.45879554748535,22.565170288085938,22.693439483642578,22.425443649291992,22.501907348632812,68592140,0.0008282071429546178,0.13648261171705095,1547531356.0073724
2013-07-11,22.812042236328125,22.920089721679688,22.93428611755371,22.628183364868164,22.739765167236328,103755449,0.015606243475275061,0.1392944293465269,2368479559.6302133
2013-07-12,22.880460739135742,22.988832473754883,22.988832473754883,22.795557022094727,22.914112091064453,103113050,0.0029947387201967324,0.13886091350498633,2363805558.537642
2013-07-15,22.922353744506836,23.03092384338379,23.113365173339844,22.82345199584961,23.021211624145508,78713937,0.0018292769789551855,0.1378008212586004,1809574140.3653355
2013-07-16,22.796424865722656,22.904399871826172,23.11261749267578,22.762182235717773,23.091697692871094,79617311,-0.005508860957420314,0.13560382456173586,1825338308.30059
2013-07-17,22.77014923095703,22.87799835205078,23.084972381591797,22.821958541870117,22.93901824951172,60469809,-0.0011532856353095866,0.1255421329210967,1386470511.789587
2013-07-18,22.575054168701172,22.681982040405273,22.914112091064453,22.495431900024414,22.88895606994629,145924920,-0.008604935095392285,0.12985280365406754,3312083496.2745667
2013-07-19,22.226024627685547,22.331296920776367,22.48945426940918,21.80850601196289,22.08247947692871,295475379,-0.015581615979347596,0.1259702057714265,6562435008.097763
2013-07-22,22.575551986694336,22.682479858398438,22.73154640197754,22.341259002685547,22.46579360961914,116563276,0.015603667421645984,0.13460087605676208,2632592672.1923246
2013-07-23,22.40450668334961,22.5106258392334,22.739765167236328,22.405269622802734,22.682479858398438,82134711,-0.007605420396247453,0.12874229612797833,1852292711.0997906
2013-07-24,22.3821964263916,22.488208770751953,22.672517776489258,22.433414459228516,22.5968017578125,83451629,-0.000996289400840844,0.12733263589214455,1880280392.6151996
2013-07-25,22.005399703979492,22.109628677368164,22.337522506713867,22.069278717041016,22.263301849365234,120493954,-0.016977976112322324,0.1408755463250798,2671609214.9167147
2013-07-26,21.947147369384766,22.051097869873047,22.166664123535156,21.967660903930664,22.091943740844727,71374530,-0.0026506936494530287,0.14087886322340562,1574651150.7162666
2013-07-29,21.87079429626465,21.974384307861328,22.286962509155273,21.940013885498047,22.039888381958008,75959652,-0.0034850176660783383,0.14097823248187127,1676210773.6298294
2013-07-30,22.085220336914062,22.18982696533203,22.306638717651367,21.93951416015625,22.053836822509766,70487217,0.00975646874937075,0.14198835983683755,1560962442.6036701
2013-07-31,22.006635665893555,22.110872268676758,22.329055786132812,22.07176971435547,22.241384506225586,87265872,-0.003564592709622616,0.14073155905244927,1934733768.0088806
2013-08-01,22.414918899536133,22.521085739135742,22.52930450439453,22.291446685791016,22.291446685791016,85856610,0.018382730410519077,0.1535083908209215,1927247276.6414452
2013-08-02,22.473173141479492,22.57961654663086,22.5903263092041,22.436403274536133,22.501657485961914,68812965,0.0025955335590577278,0.15156663383460453,1550731043.3490372
2013-08-05,22.434253692626953,22.540512084960938,22.553464889526367,22.396053314208984,22.55022621154785,52584363,-0.0017333194680886344,0.14507534427703497,1182973417.1939335
2013-08-06,22.22528076171875,22.330549240112305,22.65782356262207,22.309627532958984,22.532791137695312,60469809,-0.009358559539828004,0.14863279899646717,1356499075.4604378
2013-08-07,22.078527450561523,22.183101654052734,22.37737464904785,22.14424705505371,22.292442321777344,55374783,-0.0066248863841744665,0.15003565695675028,1231253193.6776085
2013-08-08,22.12835693359375,22.233165740966797,22.312368392944336,22.049602508544922,22.30364990234375,59743096,0.0022543775626848728,0.13822569559587347,1326199880.5211232
2013-08-09,22.072580337524414,22.177125930786133,22.304397583007812,22.166912078857422,22.18086051940918,53146462,-0.0025237756988141236,0.13726918387535905,1180709516.5280979
2013-08-12,21.951114654541016,22.055082321166992,22.092193603515625,21.958942413330078,22.089702606201172,55286453,-0.005518209738222701,0.13717703976653858,1218259444.3840923
2013-08-13,21.84551239013672,21.9489803314209,22.129552841186523,21.823200225830078,22.08795928955078,57004870,-0.004822401914641006,0.13698661073943924,1252239915.0508626
2013-08-14,21.561920166015625,21.664047241210938,21.923574447631836,21.598045349121094,21.877248764038086,83600184,-0.013066714266701585,0.14202422423428118,1816511252.8455048
2013-08-15,21.31031036376953,21.411245346069336,21.542253494262695,21.36989974975586,21.530298233032227,75048249,-0.011737793342770697,0.1440572363018768,1609119477.9717216
2013-08-16,21.242141723632812,21.34275245666504,21.480485916137695,21.33353614807129,21.45159339904785,67255147,-0.0032039844995170874,0.13647479201369664,1438291100.4824123
2013-08-19,21.45879554748535,21.560436248779297,21.71859359741211,21.356201171875,21.3626766204834,72707508,0.010147584424517575,0.1285497533671692,1566488858.7759705
2013-08-20,21.453096389770508,21.55470848083496,21.721332550048828,21.507883071899414,21.627683639526367,49504863,-0.0002656213693250642,0.12740627732745516,1069039762.4368935
2013-08-21,21.55002212524414,21.6520938873291,21.840885162353516,21.581607818603516,21.684968948364258,70555472,0.004507854451224702,0.12945172503499466,1530456063.8989768
2013-08-22,21.658597946166992,21.761184692382812,21.787086486816406,21.675006866455078,21.73602867126465,34926424,0.0050256661412082515,0.11911950378892024,759338621.2308044
2013-08-23,21.571834564208984,21.674009323120117,21.868032455444336,21.662553787231445,21.863798141479492,43245489,-0.0040140009440308155,0.11948004794196848,939934873.4300251
2013-08-26,21.477140426635742,21.578866958618164,21.790822982788086,21.570398330688477,21.668779373168945,42257801,-0.0043993749130208926,0.11977444819532097,914741775.7082043
2013-08-27,21.074565887451172,21.17438316345215,21.512615203857422,21.118343353271484,21.410249710083008,69623993,-0.018922228311287537,0.12838809116827254,1480794221.7721143
2013-08-28,21.034900665283203,21.134532928466797,21.305391311645508,21.11510467529297,21.1768741607666,53395392,-0.0018839105382477683,0.12831810650355746,1131181894.1697998
2013-08-29,21.2054500579834,21.305889129638672,21.42917823791504,21.135528564453125,21.147483825683594,59361671,0.008075232168476276,0.1112468505541555,1263821767.4299092
2013-08-30,20.994001388549805,21.09343719482422,21.37089729309082,21.060062408447266,21.314109802246094,74743109,-0.010021478091870595,0.11213518629878493,1582670307.1280231
2013-09-03,21.328157424926758,21.42917823791504,21.57388687133789,21.269027709960938,21.279239654541016,82210996,0.01579139579391864,0.13033958476402982,1761290921.8906734
2013-09-04,21.607036590576172,21.70937728881836,21.755952835083008,21.299415588378906,21.428430557250977,81954037,0.0129908851736098,0.1382765553402678,1769244122.1332695
2013-09-05,21.803617477416992,21.90688705444336,21.914857864379883,21.708879470825195,21.755952835083008,51845604,0.009056865638241263,0.14143352413106713,1132491600.6594849
2013-09-06,21.804109573364258,21.907386779785156,22.011993408203125,21.761930465698242,21.978618621826172,62698130,2.256920874188495e-05,0.1410710455653301,1372698451.3117409
2013-09-09,22.014076232910156,22.118345260620117,22.160686492919922,21.978120803833008,22.0107479095459,49569103,0.009583612955370135,0.1452958337381187,1094769206.5343792
2013-09-10,22.029447555541992,22.133787155151367,22.216726303100586,22.017473220825195,22.16741180419922,51697050,0.0006980060600851878,0.14397841424577545,1143676375.249195
2013-09-11,22.21586036682129,22.32108497619629,22.340511322021484,22.069278717041016,22.13054847717285,64665477,0.008426381147946138,0.1454694604315292,1438394621.1630306
2013-09-12,22.13827133178711,22.243127822875977,22.36367416381836,22.16716194152832,22.351221084594727,43984248,-0.0034986194614017307,0.13749158368644343,979000863.1206665
2013-09-13,22.03936195373535,22.143749237060547,22.30838394165039,22.038394927978516,22.278993606567383,53214717,-0.0044778108723049215,0.13094308148281467,1179424878.792675
2013-09-16,22.006885528564453,22.111122131347656,22.341259002685547,22.039142608642578,22.321334838867188,53660381,-0.0014746514362755647,0.13026497168624523,1189320165.7675095
2013-09-17,21.965986251831055,22.070026397705078,22.126813888549805,21.942752838134766,22.102405548095703,50564822,-0.0018602054799385925,0.12711953670684434,1114778917.829062
2013-09-18,22.392606735229492,22.498668670654297,22.51485824584961,21.99431037902832,22.076004028320312,77678069,0.019235670435489904,0.1414462089825084,1735013136.3277087
2013-09-19,22.270397186279297,22.375879287719727,22.565170288085938,22.301408767700195,22.565170288085938,64155573,-0.005472531769930455,0.14354298321100656,1437992814.9854164
2013-09-20,22.387401580810547,22.493438720703125,22.518844604492188,22.306888580322266,22.375879287719727,174463490,0.005240055062661675,0.14360852201713684,3914912558.1821823
2013-09-23,21.97565460205078,22.079740524291992,22.455581665039062,22.047361373901367,22.32008934020996,71362485,-0.018563139593333666,0.15885711652949444,1583835252.3469734
2013-09-24,21.984081268310547,22.088207244873047,22.169403076171875,21.952716827392578,22.079740524291992,59694916,0.00038338111893265747,0.15769397589287845,1317473305.8194988
2013-09-25,21.7458553314209,21.848854064941406,22.080984115600586,21.808256149291992,22.080984115600586,66207234,-0.010895432834704621,0.14688486410442636,1450779131.336464
2013-09-26,21.76915740966797,21.87226676940918,21.986339569091797,21.793312072753906,21.875505447387695,50584897,0.001070990401085048,0.14636478794944296,1106998510.2285774
2013-09-27,21.725034713745117,21.82793426513672,21.856077194213867,21.70140838623047,21.788829803466797,50540732,-0.0020289012810423834,0.14500132408557828,1101542327.040998
2013-09-30,21.713134765625,21.815977096557617,21.93876838684082,21.62668800354004,21.64586639404297,69154239,-0.0005479028495187777,0.13934939623703418,1507134425.839449
2013-10-01,21.988046646118164,22.092193603515625,22.10887908935547,21.919092178344727,21.924072265625,67644602,0.01258160525985641,0.13564836790465704,1490890745.6292586
2013-10-02,22.012590408325195,22.116851806640625,22.150972366333008,21.863550186157227,21.985841751098633,60036190,0.0011156095182092152,0.1290613529051034,1323425251.995303
2013-10-03,21.71759605407715,21.82046127319336,22.26902961730957,21.721084594726562,22.11709976196289,84997401,-0.013491770919137114,0.13462857006080875,1864575958.1862736
2013-10-04,21.6248836517334,21.727310180664062,21.8558292388916,21.668779373168945,21.793312072753906,54523605,-0.004278137493674894,0.1353601957528337,1185923281.9155312
2013-10-07,21.461029052734375,21.56267738342285,21.768157958984375,21.522079467773438,21.605268478393555,51937949,-0.007605984352774708,0.1323976144904315,1122775793.9708362
2013-10-08,21.16182518005371,21.262054443359375,21.568655014038086,21.211244583129883,21.552217483520508,78039419,-0.014039828767574036,0.13927435963807352,1665932294.9824853
2013-10-09,21.216110229492188,21.316600799560547,21.485715866088867,20.995803833007812,21.32706069946289,106449509,0.0025619501566516156,0.13515482322477762,2263759534.068299
2013-10-10,21.52300262451172,21.62494468688965,21.639638900756836,21.424943923950195,21.51535415649414,90550137,0.014361443148791508,0.14678759921312654,1952548526.2134495
2013-10-11,21.615962982177734,21.71834373474121,21.755455017089844,21.551719665527344,21.569900512695312,56567236,0.004309815974941955,0.14761920785665117,1226104615.4456863
2013-10-14,21.718093872070312,21.820959091186523,21.824447631835938,21.5539608001709,21.58559226989746,49930453,0.004713663405051527,0.14889966607822877,1085144651.915511
2013-10-15,21.864347457885742,21.96790885925293,22.05807113647461,21.768407821655273,21.81224250793457,63914673,0.00671160817795835,0.1509684283366878,1401742260.8610687
2013-10-16,22.261470794677734,22.366912841796875,22.374385833740234,22.01772117614746,22.064048767089844,80604999,0.018000076820451127,0.1490086580092775,1793703576.1286716
2013-10-17,22.032421112060547,22.136775970458984,22.338769912719727,22.060562133789062,22.241384506225586,170902191,-0.010342361641050957,0.15206248669483416,3790388880.237486
2013-10-18,25.07207489013672,25.190828323364258,25.29170036315918,24.259071350097656,24.32332992553711,464390148,0.12923961715285248,0.47457876823221834,11569754234.254425
2013-10-21,24.87103843688965,24.98883628845215,25.37986946105957,24.895435333251953,25.192073822021484,145675990,-0.008050661068986997,0.46918017080697444,3654726087.9104233
2013-10-22,24.962757110595703,25.080989837646484,25.230430603027344,24.801786422729492,25.031177520751953,88675135,0.0036809870194112193,0.4688046485713117,2220224586.2984056
2013-10-23,25.567861557006836,25.688961029052734,25.77215003967285,24.922334671020508,24.931549072265625,106927293,0.023951156308883448,0.4681517604132398,2722491694.321144
2013-10-24,25.42259407043457,25.54300880432129,25.91710662841797,25.524328231811523,25.70041847229004,83997668,-0.005697845912496113,0.4700135432298338,2155504580.033213
2013-10-25,25.166027069091797,25.28522491455078,25.624452590942383,25.17414093017578,25.624452590942383,81524432,-0.010143356168173412,0.4729714506741189,2067563360.7863464
2013-10-28,25.161067962646484,25.280242919921875,25.490205764770508,25.230180740356445,25.28522491455078,46521724,-0.00019707501330001875,0.47289917428126377,1178560101.9794667
2013-10-29,25.687591552734375,25.809261322021484,25.82669448852539,25.242883682250977,25.382360458374023,64440637,0.020710178569374627,0.4748602703343323,1651373796.2455502
2013-10-30,25.543317794799805,25.664304733276367,25.840892791748047,25.554216384887695,25.838899612426758,53162522,-0.005632308353307636,0.47662334521701055,1365557595.7642694
2013-10-31,25.547285079956055,25.668289184570312,25.940767288208008,25.5036563873291,25.627193450927734,65845885,0.00015530390878115696,0.4713822630290015,1692518274.3415515
2013-11-01,25.459529876708984,25.58011817932129,25.80328369140625,25.531801223754883,25.69842529296875,51524405,-0.003440924115980959,0.4711136233963691,1321003358.2991219
2013-11-04,25.43647575378418,25.556955337524414,25.712871551513672,25.455337524414062,25.69120216369629,45722740,-0.0009059306016627744,0.4688529131629411,1169361581.311175
2013-11-05,25.322694778442383,25.44263458251953,25.69493865966797,25.340518951416016,25.413494110107422,47433127,-0.0044831767233843856,0.4642076173901627,1209198353.2456348
2013-11-06,25.353185653686523,25.473270416259766,25.57912254333496,25.289459228515625,25.544254302978516,36652871,0.001203368492608714,0.4644678332546465,932716020.0506254
2013-11-07,24.98630714416504,25.104652404785156,25.502660751342773,25.09693145751953,25.469783782958984,67435822,-0.014576428369302175,0.47093164488203654,1701725988.1367962
2013-11-08,25.186601638793945,25.305896759033203,25.367416381835938,25.118349075317383,25.124576568603516,51825529,0.007984211540105868,0.4707934858549103,1309314329.3810596
2013-11-11,25.051748275756836,25.1704044342041,25.303407669067383,25.105897903442383,25.143505096435547,44670812,-0.005368555581732437,0.4728718515834224,1125402338.9081445
2013-11-12,25.081249237060547,25.200044631958008,25.344003677368164,25.031177520751953,25.098424911499023,48906630,0.001176908071429672,0.47332251040206846,1232043202.279358
2013-11-13,25.59413719177246,25.715362548828125,25.72482681274414,25.06853675842285,25.074764251708984,63412799,0.02024278469659979,0.47405044195294566,1617210823.7311
2013-11-14,25.662553787231445,25.78410530090332,25.896682739257812,25.662559509277344,25.751476287841797,46842923,0.0026695689785545262,0.47018293833113506,1207662824.6068616
2013-11-15,25.621158599853516,25.742511749267578,25.85309600830078,25.661563873291016,25.77513885498047,51243355,-0.0016143603667257977,0.15813839380157432,1319638890.725352
2013-11-18,25.571331024169922,25.692447662353516,26.120594024658203,25.63491439819336,25.797056198120117,70651832,-0.0019466758419008912,0.1550766398792245,1823946660.6917624
2013-11-19,25.413917541503906,25.534290313720703,25.77215003967285,25.480741500854492,25.696683883666992,45433661,-0.006174883412937593,0.1569780273366134,1162907596.5037522
2013-11-20,25.34227752685547,25.462310791015625,25.737529754638672,25.413742065429688,25.652597427368164,38692487,-0.002822909090241854,0.1329175256845058,988123349.7342644
2013-11-21,25.63379669189453,25.755212783813477,25.860816955566406,25.554216384887695,25.57912254333496,43835693,0.011437614509200777,0.1375233779047659,1127603739.2792778
2013-11-22,25.57975959777832,25.700916290283203,25.80751609802246,25.634416580200195,25.739023208618164,50356042,-0.0021102660344007873,0.13246890494068206,1294869514.219246
2013-11-25,25.92780113220215,26.05060577392578,26.231428146362305,25.778873443603516,25.83217430114746,64761837,0.01351439775585117,0.1394582795458986,1685122586.2574825
2013-11-26,26.23716926574707,26.361440658569336,26.43840217590332,25.97613525390625,26.117107391357422,91794785,0.01186128385624663,0.1268951485182722,2410407990.5958176
2013-11-27,26.35367774963379,26.47850227355957,26.600296020507812,26.401042938232422,26.451602935791016,45112461,0.00443075862447273,0.12497127518103279,1195177079.2927723
2013-11-29,26.266422271728516,26.390830993652344,26.5659236907959,26.387344360351562,26.45484161376953,47890836,-0.0033164345124712113,0.1260362162278828,1266618411.6407547
2013-12-02,26.139747619628906,26.26355743408203,26.559200286865234,26.1709041595459,26.48846435546875,55133884,-0.004834350576315316,0.12679879468433558,1451742463.6181107
2013-12-03,26.10950469970703,26.233171463012695,26.48672103881836,26.127567291259766,26.175636291503906,67295297,-0.0011576404238087257,0.12685740620691352,1768687741.4905353
2013-12-04,26.231468200683594,26.355712890625,26.500171661376953,26.151975631713867,26.186098098754883,47842656,0.004660353637342851,0.12553753918282426,1259981958.6885376
2013-12-05,26.210643768310547,26.33479118347168,26.392574310302734,26.17912483215332,26.3313045501709,45517975,-0.0007941874453845088,0.1258395986866604,1197221217.9977734
2013-12-06,26.52125358581543,26.64687156677246,26.650108337402344,26.403034210205078,26.644878387451172,57366220,0.011780854682096553,0.11560672397857524,1524029514.5628738
2013-12-09,26.726261138916016,26.852848052978516,26.956710815429688,26.600793838500977,26.674766540527344,59526286,0.007700211629527498,0.11545593341745909,1595509884.19745
2013-12-10,26.88788604736328,27.015239715576172,27.20577621459961,26.790830612182617,26.803285598754883,74433955,0.006029207085668009,0.11176311621901047,2010010713.3336036
2013-12-11,26.705190658569336,26.83167839050293,27.18111801147461,26.77887535095215,27.083484649658203,68728650,-0.006817899166083663,0.11718142957215788,1850900843.6073303
2013-12-12,26.52348518371582,26.649112701416016,26.972400665283203,26.625202178955078,26.888465881347656,64099363,-0.006827379332627892,0.10408611849796791,1714587783.1062126
2013-12-13,26.296167373657227,26.420719146728516,26.806772232055664,26.34848976135254,26.784605026245117,86820208,-0.008607372539929159,0.11001952964410085,2302934411.463582
2013-12-16,26.59834861755371,26.72433090209961,26.76692008972168,26.45110511779785,26.500669479370117,64320188,0.011425930486525182,0.11492837068392896,1713969124.7112174
2013-12-17,26.521007537841797,26.646621704101562,26.91810417175293,26.609760284423828,26.720346450805664,61658247,-0.002911975594638516,0.1153800852214504,1647806090.256174
2013-12-18,26.890117645263672,27.01748275756836,27.022462844848633,26.377132415771484,26.696186065673828,88743390,0.0138216891085019,0.11861090503408837,2378828039.0761757
2013-12-19,26.926555633544922,27.054094314575195,27.197805404663086,26.87626075744629,26.918352127075195,66877738,0.0013541525935871768,0.11697473288852535,1808555953.5938885
2013-12-20,27.28352165222168,27.412750244140625,27.426448822021484,27.09842872619629,27.105899810791016,130953011,0.013169919545794162,0.11868424663227897,3576659691.202205
2013-12-23,27.64246940612793,27.77339744567871,27.79083251953125,27.524829864501953,27.592575073242188,69122119,0.013070419197570793,0.12183665189262327,1914430627.0491555
2013-12-24,27.56165885925293,27.692203521728516,27.776884078979492,27.59905242919922,27.770160675048828,29478078,-0.002927701501177271,0.1186897226466405,816229703.7055092
2013-12-26,27.700971603393555,27.832178115844727,27.870534896850586,27.613746643066406,27.74625015258789,53712576,0.005041853349663228,0.11458899802785696,1491713890.4370117
2013-12-27,27.724273681640625,27.8555908203125,27.902414321899414,27.719600677490234,27.89544105529785,63023345,0.0008408471446599286,0.1145846438702109,1753679317.1163654
2013-12-30,27.502660751342773,27.632925033569336,27.907894134521484,27.621965408325195,27.90390968322754,49629328,-0.008025581071207544,0.11869913072935016,1375771037.7120972
2013-12-31,27.781538009643555,27.913124084472656,27.920347213745117,27.553224563598633,27.702165603637695,54519590,0.01008894512534253,0.11862726497449604,1515402823.2803092
2014-01-02,27.593387603759766,27.724082946777344,27.839401245117188,27.603036880493164,27.782365798950195,73129082,-0.006795535266315156,0.12267884370165076,2027297113.052456
2014-01-03,27.392099380493164,27.521841049194336,27.81897735595703,27.520097732543945,27.77090835571289,66917888,-0.007321536408068763,0.1272632666953902,1848292501.893229
2014-01-06,27.69750213623047,27.828691482543945,27.867046356201172,27.557706832885742,27.721343994140625,71037271,0.01108760550253951,0.13038351624032346,1971365836.9407158
2014-01-07,28.231462478637695,28.36517906188965,28.385852813720703,27.924333572387695,28.019973754882812,102486711,0.01909481321565165,0.13893541327173786,2892699902.4961205
2014-01-08,28.29021453857422,28.424209594726562,28.575891494750977,28.226449966430664,28.543014526367188,90036218,0.00207892207723237,0.13796054838958796,2557825443.419294
2014-01-09,28.017778396606445,28.150484085083008,28.498680114746094,28.03392219543457,28.4792537689209,83692529,-0.009676717412471447,0.14396160337597316,2362447221.315037
2014-01-10,28.016292572021484,28.148990631103516,28.37066078186035,27.951480865478516,28.37066078186035,86061375,-5.3032898007288054e-05,0.14056879715328993,2423233930.5632114
2014-01-13,27.837812423706055,27.969663619995117,28.5656795501709,27.824954986572266,28.05658721923828,97118665,-0.006390962878078721,0.1402156413409212,2730986511.994794
2014-01-14,28.49274253845215,28.627695083618164,28.66754722595215,28.096935272216797,28.34251594543457,99676216,0.023254151428537373,0.15152319168283068,2837189712.450856
2014-01-15,28.473403930664062,28.60826873779297,28.767173767089844,28.48797035217285,28.717111587524414,78300393,-0.0006789509113613867,0.14983805105628276,2241046323.676237
2014-01-16,28.661806106567383,28.79755973815918,28.840150833129883,28.59282684326172,28.620223999023438,67608467,0.006594982625968804,0.14839026272476316,1943304814.3946404
2014-01-17,28.520753860473633,28.655841827392578,28.907398223876953,28.49818229675293,28.813251495361328,108457005,-0.004933410895167523,0.146738220375137,3111321371.3021946
2014-01-21,28.84722900390625,28.983861923217773,28.9913330078125,28.675018310546875,28.91486930847168,79492846,0.011381912057515375,0.14944595207207617,2296024019.026618
2014-01-22,28.87994956970215,29.016738891601562,29.088220596313477,28.863313674926758,29.056339263916016,63091600,0.001133627871949816,0.14532212122480662,1828989167.6935833
2014-01-23,28.757986068725586,28.894197463989258,28.953723907470703,28.751482009887695,28.891706466674805,78256228,-0.004232062847488116,0.14227706867061718,2258980885.224904
2014-01-24,27.8588809967041,27.990833282470703,28.73105812072754,27.97016143798828,28.667795181274414,156283602,-0.031763702658721193,0.18374136625347082,4411993026.264988
2014-01-27,27.298643112182617,27.427942276000977,28.057334899902344,26.955713272094727,28.047372817993164,174796734,-0.02031480421020948,0.1964131709232292,4803471959.345085
2014-01-28,27.838552474975586,27.970409393310547,28.038654327392578,27.644880294799805,27.65434455871582,88739375,0.019584841575880585,0.2086296938780145,2474466236.0735736
2014-01-29,27.439693450927734,27.56966209411621,27.939027786254883,27.382862091064453,27.873523712158203,95552818,-0.014431208499252612,0.2129464891810735,2640173793.0880404
2014-01-30,28.145442962646484,28.27875328063965,28.70465850830078,28.076013565063477,28.51810646057129,204419353,0.025394826201377896,0.22822360205829098,5795930899.1390915
2014-01-31,29.27533721923828,29.413999557495117,29.5527286529541,28.670785903930664,29.174396514892578,223486554,0.03935997105173206,0.26253614978574497,6528602010.183041
2014-02-03,28.096858978271484,28.229936599731445,29.43267822265625,28.194570541381836,29.36991310119629,183449044,-0.04108763847582253,0.30219221076060254,5250139525.171437
2014-02-04,28.214109420776367,28.347745895385742,28.767173767089844,28.319103240966797,28.3435115814209,112897588,0.004164396929647207,0.3003016226642498,3215098372.978467
2014-02-05,28.339046478271484,28.47327423095703,28.66181755065918,28.095191955566406,28.477758407592773,96139007,0.004418401016298201,0.2933240044944839,2731318281.606995
2014-02-06,28.7545166015625,28.890710830688477,28.895692825317383,28.581619262695312,28.670785903930664,78155853,0.01455426618426392,0.29748225873745116,2250055501.04488
2014-02-07,29.18783187866211,29.326078414916992,29.337535858154297,28.905654907226562,29.081743240356445,105843245,0.014957051850261305,0.29874246811773236,3089538537.440405
2014-02-10,29.076032638549805,29.2137508392334,29.449615478515625,29.116365432739258,29.185604095458984,78099643,-0.003837691792416109,0.2993637806212674,2285188570.7829666
2014-02-11,29.503644943237305,29.643388748168945,29.685482025146484,29.195817947387695,29.394073486328125,82339476,0.014599598963859428,0.30088229678900213,2429692160.7752686
2014-02-12,29.417131423950195,29.55646514892578,29.638906478881836,29.424211502075195,29.613998413085938,69238554,-0.002936606976116085,0.29208059760468985,2045297263.9986267
2014-02-13,29.744598388671875,29.885482788085938,29.885482788085938,29.381370544433594,29.408519744873047,73731331,0.011070342604119876,0.29375125016990233,2191106801.3105392
2014-02-14,29.816484451293945,29.95771026611328,29.997312545776367,29.70864486694336,29.77863121032715,87795852,0.002413861336948653,0.29331600468481084,2624032699.102669
2014-02-18,30.016782760620117,30.15895652770996,30.208520889282227,29.88797378540039,29.923091888427734,84672187,0.006695240520115497,0.29262353394494356,2547375480.6594534
2014-02-19,29.805084228515625,29.94625473022461,30.117612838745117,29.825706481933594,30.019977569580078,84459392,-0.007077659942136272,0.2925779187774185,2530672923.8260903
2014-02-20,29.848962783813477,29.990339279174805,30.059579849243164,29.893451690673828,29.96617889404297,68287001,0.001471100969966166,0.29257298718018215,2047321017.6888976
2014-02-21,29.841028213500977,29.98236846923828,30.133800506591797,29.958707809448242,30.08249282836914,74771214,-0.0002658593250446373,0.2918892515753351,2245002629.378559
2014-02-24,30.05718994140625,30.199554443359375,30.390090942382812,30.014995574951172,30.021472930908203,67223027,0.007217665999752043,0.2652736040339248,2030239408.5419984
2014-02-25,30.242860794067383,30.386104583740234,30.498184204101562,30.147499084472656,30.284984588623047,57763704,0.006158251516504176,0.2503459699460672,1752777749.749054
2014-02-26,30.2470760345459,30.39034080505371,30.607276916503906,30.230688095092773,30.48573112487793,79585191,0.0001393699747871402,0.24517687029656654,2420140714.341511
2014-02-27,30.223278045654297,30.36642837524414,30.4914608001709,30.311634063720703,30.346006393432617,50588912,-0.0007870961062557136,0.2365409710303962,1537388996.075531
2014-02-28,30.135028839111328,30.277761459350586,30.490463256835938,30.042892456054688,30.394573211669922,92890878,-0.002924179751929934,0.22555726942929932,2811841468.7634544
2014-03-03,29.81376075744629,29.954971313476562,30.083240509033203,29.69220542907715,30.05609130859375,84507572,-0.01071818661944457,0.18850311851809634,2527633232.1595078
2014-03-04,30.116683959960938,30.25933074951172,30.286479949951172,30.12458610534668,30.261571884155273,58928052,0.010109245267737599,0.11279591817262291,1781009952.591484
2014-03-05,30.19972801208496,30.3427677154541,30.462818145751953,30.172157287597656,30.2628173828125,49597208,0.002753615537849363,0.11279226193442474,1504080683.4405975
2014-03-06,30.23319435119629,30.376392364501953,30.539281845092773,30.35123634338379,30.44289207458496,50914126,0.0011075533409150573,0.11299726632061505,1548924994.5083592
2014-03-07,30.11370849609375,30.2563419342041,30.560203552246094,30.17290496826172,30.555471420288086,60831159,-0.003959971617656599,0.10765833466076159,1844997909.3110676
2014-03-10,30.03388786315918,30.1761417388916,30.32732582092285,29.98984146118164,30.278757095336914,48766105,-0.0026541602532641484,0.098436566166449,1471002069.8384476
2014-03-11,29.746829986572266,29.887723922729492,30.24463653564453,29.804285049438477,30.23093605041504,68776830,-0.00960376834686727,0.10417758245271654,2061852459.6203613
2014-03-12,29.928037643432617,30.069791793823242,30.0834903717041,29.494199752807617,29.798309326171875,78866507,0.006073183603818144,0.09397483105784783,2356727920.081579
2014-03-13,29.47588348388672,29.615493774414062,30.149492263793945,29.508394241333008,30.085979461669922,94175675,-0.015223334862606297,0.1084834336412432,2802460282.452488
2014-03-14,29.07280921936035,29.210512161254883,29.66057586669922,29.203786849975586,29.439403533935547,92099924,-0.0137690737075582,0.11084688925056865,2703896427.522278
2014-03-17,29.55124282836914,29.69120979309082,29.81499671936035,29.34276580810547,29.37116050720215,86808163,0.01632245518262687,0.12589284336919362,2570938690.5284567
2014-03-18,30.026203155517578,30.168420791625977,30.175146102905273,29.715120315551758,29.755220413208008,72872123,0.015944637496631664,0.13615342139133818,2187589243.8638988
2014-03-19,29.728487014770508,29.869293212890625,30.186603546142578,29.748743057250977,30.18187141418457,64757822,-0.009964694097643445,0.13839648838580082,1938517626.6656814
2014-03-20,29.67667579650879,29.817237854003906,30.1273250579834,29.77240562438965,29.88672637939453,67640587,-0.0017443342951013463,0.13837528300622015,2022836138.5536892
2014-03-21,29.326650619506836,29.46555519104004,30.127824783325195,29.45086097717285,30.045133590698242,128821050,-0.011864730495523279,0.14405276112568427,3823590871.9433784
2014-03-24,28.704193115234375,28.840150833129883,29.511882781982422,28.541767120361328,29.494199752807617,121939352,-0.021453466395796372,0.15731481994925148,3531924584.833593
2014-03-25,28.723777770996094,28.859825134277344,29.13678741455078,28.567920684814453,29.041147232055664,96769361,0.0006820598471000139,0.15472321458066537,2792264855.4276185
2014-03-26,28.060667037963867,28.193574905395508,29.17987632751465,28.181867599487305,28.941768646240234,103586819,-0.023356427280464498,0.17011509778537043,2954134442.126282
2014-03-27,27.71527671813965,27.846546173095703,28.322240829467773,27.5703067779541,28.322240829467773,262719,-0.012385078996790089,0.17228713207544452,7333283.659641266
2014-03-28,27.79120445251465,27.92283821105957,28.243955612182617,27.857019424438477,27.983171463012695,824257,0.0027358167958633217,0.17397425309654327,23085738.745364506
2014-03-31,27.64133071899414,27.77225112915039,28.27237892150879,27.7702579498291,28.26689338684082,216593,-0.00540744161363893,0.17237176241883342,6051239.345563253
2014-04-01,28.14703941345215,28.28035545349121,28.344680786132812,27.859012603759766,27.859012603759766,158434,0.018130034819373364,0.18245554237326797,4461715.264817555
2014-04-02,28.13909912109375,28.27237892150879,30.15869903564453,28.03253746032715,29.917362213134766,2942055,-0.0002821402433279552,0.1814689180478102,84793570.68569183
2014-04-03,28.27507972717285,28.40900230407715,29.283601760864258,28.129270553588867,28.414487838745117,101983228,0.004820804705697679,0.18311282996958428,2917463935.5363283
2014-04-04,26.954973220825195,27.082645416259766,28.809404373168945,27.075664520263672,28.653831481933594,127386783,-0.04781302627764861,0.23921958336703394,3522996739.591593
2014-04-07,26.70732879638672,26.83382797241211,27.348913192749023,26.28533363342285,26.96297264099121,88033033,-0.009229800928391096,0.23930163815656433,2361282894.730071
2014-04-08,27.538599014282227,27.669034957885742,27.674020767211914,27.0063533782959,27.05571937561035,63024560,0.030650606567779626,0.26995087136197216,1730011758.3337913
2014-04-09,27.997161865234375,28.129770278930664,28.19110107421875,27.571802139282227,27.904388427734375,66616395,0.016514522016375377,0.2771123027834478,1862875824.9926186
2014-04-10,26.84628677368164,26.97344398498535,28.172651290893555,26.92108726501465,28.172651290893555,80737057,-0.0419756268979965,0.3055697000430208,2208620931.544509
2014-04-11,26.332637786865234,26.457361221313477,26.92607307434082,26.254417419433594,26.554594039916992,78496923,-0.01931836589076008,0.3082427187240316,2083775437.988224
2014-04-14,26.42792510986328,26.553098678588867,27.130512237548828,26.40550422668457,26.83881378173828,51501009,0.0036120701284434453,0.30022302211944274,1374890079.9241753
2014-04-15,26.622465133666992,26.74856185913086,26.848787307739258,25.852022171020508,26.76750946044922,77101101,0.007334192828432506,0.2938531885921453,2041878001.30307
2014-04-16,27.6199893951416,27.750810623168945,27.773746490478516,26.92607307434082,27.075664520263672,97865955,0.03678435077536335,0.32841689379338,2689703221.233101
2014-04-17,26.6055908203125,26.73160743713379,27.3997745513916,26.484785079956055,27.365367889404297,136190888,-0.03741838910786921,0.3483568969355383,3659729126.737615
2014-04-21,26.234373092651367,26.358631134033203,26.761526107788086,26.208045959472656,26.73160743713379,51334553,-0.014050873903742378,0.3489447900138342,1357425950.5438647
2014-04-22,26.54157257080078,26.667285919189453,26.787954330444336,26.30328369140625,26.359630584716797,47307527,0.011641778991086316,0.3487512417188426,1257726174.9402995
2014-04-23,26.150999069213867,26.27486228942871,26.62041473388672,26.24045753479004,26.616424560546875,41046384,-0.014824884899982571,0.35029812754719486,1082745249.5980225
2014-04-24,26.06266212463379,26.186105728149414,26.50971794128418,26.034521102905273,26.43093490600586,37663121,-0.0033836749556712675,0.34364172024271455,988410167.1774387
2014-04-25,25.61699867248535,25.73833465576172,26.163169860839844,25.700439453125,26.05396842956543,42007014,-0.017247578377172612,0.3455976008813638,1086608648.921173
2014-04-28,25.665142059326172,25.78670310974121,25.8590030670166,25.0711669921875,25.788198471069336,66710653,0.0018775893633646845,0.3454015293134924,1705944235.0728405
2014-04-29,26.1887149810791,26.31275749206543,26.400516510009766,25.745315551757812,25.77423667907715,53981801,0.020194860929674263,0.3552842193677905,1411778656.0118976
2014-04-30,26.137102127075195,26.260900497436523,26.327716827392578,26.054466247558594,26.307771682739258,35023895,-0.001972749728337053,0.3471488758455344,918129033.8385105
2014-05-01,26.369857788085938,26.49475860595703,26.57354164123535,26.12228012084961,26.28333854675293,38110345,0.008865765070730891,0.34971838148687073,1005993446.1921024
2014-05-02,26.200132369995117,26.32422637939453,26.626895904541016,26.20854377746582,26.61492919921875,33770463,-0.006457144363203771,0.34861519416352765,891086191.2729702
2014-05-05,26.194175720214844,26.3182430267334,26.372594833374023,25.994632720947266,26.169153213500977,20482080,-0.0002273777447614478,0.3096316119032192,537214034.4262695
2014-05-06,25.565387725830078,25.686477661132812,26.26837921142578,25.6824893951416,26.18959617614746,33780490,-0.024297690607081535,0.318669899458288,874209199.7408612
2014-05-07,25.308313369750977,25.428186416625977,25.763267517089844,25.096099853515625,25.718889236450195,64486563,-0.0101064612435251,0.2961581870628241,1639840714.472063
2014-05-08,25.35993003845215,25.480045318603516,25.790691375732422,25.25316619873047,25.353391647338867,40426688,0.0020374373802956036,0.28749431176249396,1031202648.933431
2014-05-09,25.743553161621094,25.86548614501953,25.923826217651367,25.140975952148438,25.467578887939453,48789585,0.015013862279185997,0.26143935617254205,1251132280.2701283
2014-05-12,26.298891067504883,26.42345428466797,26.43691635131836,25.87944793701172,26.103832244873047,38250730,0.021342540452814696,0.2655086846507506,1003951846.8282444
2014-05-13,26.45621109008789,26.581520080566406,26.730112075805664,26.403011322021484,26.47182273864746,33068541,0.005964180998252022,0.26604319991336045,878682318.72188
2014-05-14,26.136608123779297,26.26040267944336,26.5770320892334,26.192588806152344,26.5770320892334,23835261,-0.012154012862954477,0.26786096656021596,627900412.9140682
2014-05-15,25.80558967590332,25.927814483642578,26.22150993347168,25.8001651763916,26.213031768798828,34087331,-0.012745819130163927,0.23249199381929023,885696684.3516299
2014-05-16,25.837844848632812,25.96022605895996,26.018566131591797,25.70143699645996,25.99812126159668,29705333,0.0012491491791988274,0.1969747350327851,769172358.5055008
2014-05-19,26.246286392211914,26.3705997467041,26.416473388671875,25.808292388916016,25.913854598999023,25555972,0.01568423651138051,0.19987753054359858,669526986.8895237
2014-05-20,26.291446685791016,26.41597557067871,26.73809051513672,26.242950439453125,26.414478302001953,35695734,0.0017191569584724675,0.1955101611533778,944711594.0931969
2014-05-21,26.746538162231445,26.873220443725586,26.88533592224121,26.522682189941406,26.572046279907227,23925508,0.017161385255924255,0.197238282455562,640256471.7730968
2014-05-22,27.050260543823242,27.178382873535156,27.305034637451172,26.964967727661133,26.982419967651367,32316482,0.011291586709203383,0.19953227695872397,877375091.8312721
2014-05-23,27.42941665649414,27.559335708618164,27.6062068939209,27.110567092895508,27.2880802154541,38643806,0.013919400918606328,0.1908758519840929,1059820673.8350309
2014-05-27,28.08698844909668,28.220022201538086,28.222515106201172,27.64160919189453,27.72388458251953,42083223,0.02369038648632449,0.20318011823472518,1179510629.3029194
2014-05-28,27.875076293945312,28.00710678100586,28.31426239013672,27.97319984436035,28.15121078491211,33040464,-0.007573457806290929,0.1988350147163336,928377224.3174133
2014-05-29,27.79567527770996,27.927326202392578,28.12278938293457,27.859012603759766,28.090377807617188,27082150,-0.002852523734044876,0.1991420110089936,757479865.3286934
2014-05-30,27.78624153137207,27.9178524017334,27.990652084350586,27.719396591186523,27.963226318359375,35422988,-0.0003394537997269964,0.1983149613723618,987450045.4417801
2014-06-02,27.490459442138672,27.62066650390625,27.968212127685547,27.211790084838867,27.958240509033203,28700582,-0.010701974143456194,0.20128351801468833,792142460.7169176
2014-06-03,27.04430389404297,27.17239761352539,27.541385650634766,27.053224563598633,27.474069595336914,37332215,-0.016362608913795373,0.21142663147371435,1017514505.3775247
2014-06-04,27.030406951904297,27.158437728881836,27.355396270751953,26.863746643066406,27.000869750976562,36329469,-0.0005139904486668456,0.18961086571109748,985468097.7513256
2014-06-05,27.488971710205078,27.619171142578125,27.671527862548828,27.147964477539062,27.245197296142578,33782496,0.016822479779818877,0.18942938777389953,928327939.7828369
2014-06-06,27.609569549560547,27.740339279174805,27.826602935791016,27.37135124206543,27.826602935791016,34735104,0.004377539919617757,0.18927622348654558,960290082.9375
2014-06-09,27.89691162109375,28.02904510498047,28.06793975830078,27.725879669189453,27.781227111816406,29350361,0.010353552676962696,0.1866046800022065,820077111.3607038
2014-06-10,27.819000244140625,27.950761795043945,28.10284423828125,27.81862449645996,27.948766708374023,27034019,-0.0027967388535312665,0.17679574550620505,755801157.904864
2014-06-11,27.734130859375,27.865495681762695,27.9173526763916,27.675018310546875,27.823610305786133,22002242,-0.0030554335680395006,0.17752048770771242,612086726.4161657
2014-06-12,27.3624210357666,27.492021560668945,27.82311248779297,27.347915649414062,27.788705825805664,29169867,-0.013493238705329258,0.1789546654923799,803756721.8338108
2014-06-13,27.382768630981445,27.51246452331543,27.539390563964844,27.20331382751465,27.537395477294922,24410836,0.0007433564949055338,0.1705612849178893,669305812.8437855
2014-06-16,27.01154899597168,27.139488220214844,27.405757904052734,27.00186538696289,27.387807846069336,34051232,-0.013649418342829733,0.1799798172061481,925593204.3329264
2014-06-17,26.94852066040039,27.076162338256836,27.19134521484375,26.89266586303711,27.135498046875,28891103,-0.002336111299966248,0.17368378343832108,781602309.887832
2014-06-18,27.46266746520996,27.592744827270508,27.602218627929688,27.125526428222656,27.16840934753418,34835379,0.01889913181055558,0.1840427813080408,955888488.1849003
2014-06-19,27.538599014282227,27.669034957885742,27.674020767211914,27.35040855407715,27.636125564575195,49136535,0.002761085413909292,0.17583258223894593,1354423433.9416409
2014-06-20,27.61105728149414,27.74183464050293,27.80266761779785,27.444252014160156,27.766267776489258,90166875,0.002627697569528298,0.17224659952490332,2494278877.630234
2014-06-23,28.0373592376709,28.17015838623047,28.172651290893555,27.63662338256836,27.681499481201172,30736155,0.015321560696599956,0.17363181211835224,860401623.7782764
2014-06-24,28.02098274230957,28.153703689575195,28.553905487060547,27.973697662353516,28.182125091552734,44142862,-0.00058426615018492,0.1529052765481081,1246025080.591053
2014-06-25,28.717266082763672,28.853282928466797,28.918603897094727,28.183622360229492,28.18561553955078,39387843,0.024544934363252224,0.17231817643170236,1128534033.5983315
2014-06-26,28.58574867248535,28.721145629882812,29.042762756347656,28.51421356201172,28.970462799072266,34839390,-0.004590252075468371,0.17297337009628677,1001959046.3407898
2014-06-27,28.647289276123047,28.782976150512695,28.91411590576172,28.611446380615234,28.779985427856445,44738493,0.0021505280712359465,0.1728721118135486,1287104647.5663395
2014-06-30,28.550020217895508,28.685245513916016,28.89915657043457,28.658817291259766,28.853782653808594,26275943,-0.0034011792811767805,0.16814607972907564,755373972.1500111
2014-07-01,28.91676902770996,29.053733825683594,29.139995574951172,28.753557205200195,28.836828231811523,28959290,0.012764025756532682,0.15820886695427852,839310562.5104967
2014-07-02,28.900144577026367,29.037029266357422,29.19185447692871,28.940044403076172,29.0876407623291,21127848,-0.0005750722446165035,0.15822779060895645,613897288.0664215
2014-07-03,29.01900291442871,29.156450271606445,29.170412063598633,28.966472625732422,29.0876407623291,14283107,0.004104290529110877,0.1505072936231251,415606681.2113037
2014-07-07,28.895925521850586,29.03278923034668,29.24121856689453,28.90015411376953,29.108083724975586,21292298,-0.00425028852433984,0.15225162390556757,618712744.4364967
2014-07-08,28.342079162597656,28.476318359375,28.897062301635742,28.229246139526367,28.803918838500977,38190565,-0.01935300325746958,0.16642601378763996,1089737560.998885
2014-07-09,28.589723587036133,28.725135803222656,28.757047653198242,28.390853881835938,28.500751495361328,22335153,0.008699741599611066,0.1680479249466123,639329142.5082264
2014-07-10,28.342573165893555,28.476816177368164,28.750564575195312,28.17315101623535,28.218027114868164,27134293,-0.008682311721306846,0.1710149149647513,772427683.7901318
2014-07-11,28.743568420410156,28.879711151123047,28.962982177734375,28.492773056030273,28.5172061920166,32434806,0.014049008704270172,0.167952274917295,933424701.0377846
2014-07-14,29.025951385498047,29.16343116760254,29.18038558959961,28.822368621826172,29.050243377685547,37081529,0.00977627008520976,0.1696861455520331,1077418476.9839382
2014-07-15,29.021484375,29.15894317626953,29.210054397583008,28.749069213867188,29.20681381225586,32460877,-0.00015390896939138088,0.15918709295623285,942642950.157985
2014-07-16,28.916275024414062,29.053234100341797,29.339448928833008,29.030296325683594,29.319503784179688,27942506,-0.0036318099739967025,0.1598564273584197,814272375.053669
2014-07-17,28.47309684753418,28.60795783996582,28.96996307373047,28.352657318115234,28.89716339111328,60331186,-0.015444915050707664,0.16237602773670898,1728097899.4636574
2014-07-18,29.53265380859375,29.672534942626953,29.758298873901367,29.02032470703125,29.568819046020508,80283816,0.03653688874772465,0.20207378269247633,2367065511.964096
2014-07-21,29.25423812866211,29.39280128479004,29.638626098632812,29.18153190612793,29.50649070739746,41242922,-0.00947210347041949,0.2070044885051512,1212720066.4560394
2014-07-22,29.515779495239258,29.655580520629883,29.900407791137695,29.449146270751953,29.45513153076172,33983045,0.00890056201301892,0.2033049370621262,1008221831.2496058
2014-07-23,29.57731819152832,29.717411041259766,29.81065559387207,29.543886184692383,29.58028793334961,24663528,0.002082771793794791,0.20299282785137457,732276200.7954712
2014-07-24,29.44679832458496,29.586271286010742,29.892929077148438,29.50748634338379,29.740846633911133,20702684,-0.0044226017224189285,0.1878986505961079,614087751.6975199
2014-07-25,29.23190689086914,29.370363235473633,29.511974334716797,29.271135330200195,29.43917465209961,18649061,-0.007324374101516096,0.18920379179132105,547993164.4937439
2014-07-28,29.310319900512695,29.449146270751953,29.543886184692383,29.1575984954834,29.322994232177734,19736037,0.002678854592110813,0.18924895741543482,579914704.6736183
2014-07-29,29.06267547607422,29.20033073425293,29.40427017211914,29.095867156982422,29.356901168823242,26997920,-0.008484947828658385,0.1915902442821692,789243406.9123331
2014-07-30,29.152502059936523,29.29058265686035,29.394298553466797,29.12005043029785,29.247201919555664,20329662,0.0030860218572925646,0.186901140172492,595014860.7290039
2014-07-31,28.367385864257812,28.501747131347656,29.102598190307617,28.421966552734375,28.950515747070312,42055146,-0.02730064286663403,0.21010089869609086,1205949701.90633
2014-08-01,28.09294319152832,28.22600555419922,28.719152450561523,28.065446853637695,28.441913604736328,39105069,-0.009721687379725896,0.21136795204870054,1108115189.5731354
2014-08-04,28.444311141967773,28.579036712646484,28.68873405456543,28.127775192260742,28.374099731445312,28546159,0.012429767890461907,0.21656830249399353,812571610.9503047
2014-08-05,28.043317794799805,28.1761417388916,28.52069664001465,28.053478240966797,28.424461364746094,31024946,-0.014197801912812835,0.21167923096202976,876457998.871488
2014-08-06,28.108030319213867,28.24116325378418,28.456872940063477,27.923336029052734,28.01209259033203,26687069,0.0023049331935043327,0.20930898239489135,752765466.4624087
2014-08-07,27.958452224731445,28.09087562561035,28.41648292541504,27.978185653686523,28.322240829467773,22218835,-0.005335752933752325,0.20804746916075403,625723455.5232334
2014-08-08,28.226940155029297,28.36063575744629,28.434432983398438,27.94078826904297,28.100849151611328,29895854,0.009557287494217359,0.20459178088306404,844416936.5774931
2014-08-11,28.182771682739258,28.31625747680664,28.446399688720703,28.222515106201172,28.42146873474121,24294518,-0.0015659885462038226,0.20085864372410872,688224599.1628698
2014-08-12,27.927186965942383,28.059463500976562,28.217529296875,27.96721649169922,28.148717880249023,30840441,-0.009110200422656867,0.20250045382014137,866042855.3953476
2014-08-13,28.52520179748535,28.66031265258789,28.671283721923828,28.21004867553711,28.2878360748291,28784812,0.021187312541553815,0.21750931061020837,820766723.645462
2014-08-14,28.518753051757812,28.653831481933594,28.815885543823242,28.46584701538086,28.730121612548828,19709966,-0.00022609742862522708,0.21076163011663276,564595681.8138822
2014-08-15,28.460689544677734,28.595491409301758,28.88968276977539,28.447895050048828,28.81389045715332,30383189,-0.002038051779105654,0.16368543321651136,870306894.5795397
2014-08-18,28.891460418701172,29.028303146362305,29.14548110961914,28.721145629882812,28.72663116455078,25682318,0.015022243287970305,0.17108172303534983,743887740.6388232
2014-08-19,29.124711990356445,29.262659072875977,29.28659439086914,29.12005043029785,29.16991424560547,19573592,0.008040958882589155,0.1705036113674474,572001061.7820028
2014-08-20,29.00709342956543,29.14448356628418,29.254680633544922,29.04874610900879,29.213794708251953,20734771,-0.004046621997825017,0.1705768793393451,604404131.5607643
2014-08-21,28.951507568359375,29.08863639831543,29.144981384277344,28.977441787719727,29.11107635498047,18296094,-0.0019181235327145885,0.17015834286065343,531873914.5793457
2014-08-22,28.91131019592285,29.048248291015625,29.181682586669922,28.952510833740234,29.099607467651367,15781209,-0.0013894027444991686,0.16854346183850155,458614777.9261093
2014-08-25,28.794189453125,28.930570602416992,29.16991424560547,28.87073516845703,29.15595245361328,27228551,-0.004059263132029756,0.16852852779134866,789366766.5836443
2014-08-26,28.678058624267578,28.81389045715332,29.010351181030273,28.75006675720215,28.98342514038086,32793789,-0.00404128917160973,0.16669598590108622,946366534.1130695
2014-08-27,28.337610244750977,28.471830368041992,28.845304489135742,28.42710304260254,28.78447151184082,34067276,-0.011942416269996148,0.1704993401514654,973690872.6471583
2014-08-28,28.248279571533203,28.382076263427734,28.584022521972656,28.27736473083496,28.400028228759766,25858801,-0.003157350629926281,0.14247722028480792,734764586.5390301
2014-08-29,28.367385864257812,28.501747131347656,28.5236873626709,28.275819778442383,28.488285064697266,21675347,0.004207544591186441,0.13886537167260476,616311428.6302744
2014-09-02,28.651758193969727,28.787464141845703,28.812395095825195,28.481304168701172,28.51421356201172,31568434,0.009974709098244716,0.13644344166858935,905815841.8790905
2014-09-03,28.682031631469727,28.817880630493164,29.06968879699707,28.671283721923828,28.920597076416016,24302540,0.0010560418352123513,0.12571688590046448,701199997.0059204
2014-09-04,28.882526397705078,29.01932716369629,29.219776153564453,28.881704330444336,28.920597076416016,29163850,0.006965938203573607,0.12729200615397396,846926055.3721745
2014-09-05,29.086000442504883,29.223766326904297,29.247201919555664,29.017831802368164,29.119054794311523,32647388,0.007020184625730064,0.12627802401877922,952093600.2828369
2014-09-08,29.266647338867188,29.4052677154541,29.50748634338379,29.2347354888916,29.24969482421875,28620362,0.006191577600381137,0.1242529507056205,840937686.7490782
2014-09-09,28.834386825561523,28.97096061706543,29.369365692138672,28.920597076416016,29.3643798828125,25744488,-0.014879889664607404,0.13672162159144072,748829264.9900055
2014-09-10,28.9381103515625,29.07517433166504,29.09511947631836,28.768016815185547,28.995393753051758,19547521,0.0035907617816888227,0.13168936150987073,566476150.870306
2014-09-11,28.851261138916016,28.987913131713867,29.01085090637207,28.73410987854004,28.938549041748047,24420864,-0.003005718034024163,0.11187027160194518,706030572.7490234
2014-09-12,28.566890716552734,28.702198028564453,29.00237464904785,28.644357681274414,28.970462799072266,32033708,-0.009905325694573808,0.11760170074792822,922025473.7429708
2014-09-15,28.441829681396484,28.5765438079834,28.668790817260742,28.332712173461914,28.568565368652344,31951483,-0.004387442303503519,0.11841403901975399,911448502.4873536
2014-09-16,28.781780242919922,28.91810417175293,28.995393753051758,28.554603576660156,28.559589385986328,29607064,0.011881618838095687,0.11379108656939488,853355538.3707886
2014-09-17,29.02098846435547,29.158445358276367,29.295568466186523,28.859516143798828,28.921096801757812,33856699,0.008276751870408994,0.11400871088209559,985382634.2543056
2014-09-18,29.244314193725586,29.382829666137695,29.396291732788086,29.16991424560547,29.26963996887207,28891103,0.0076658598800003475,0.11618231347217829,846981549.1856079
2014-09-19,29.5822811126709,29.722396850585938,29.742341995239258,29.394298553466797,29.4940242767334,74732617,0.01149040278940916,0.12192075871634338,2213556136.316655
2014-09-22,29.150022506713867,29.288089752197266,29.616138458251953,29.093124389648438,29.60970687866211,33790518,-0.014719886136301596,0.1334935177195552,991158708.9953156
2014-09-23,28.840341567993164,28.976943969726562,29.262161254882812,28.970462799072266,29.262161254882812,29428575,-0.010680528999163386,0.13817094918924977,855484437.7675056
2014-09-24,29.180789947509766,29.31900405883789,29.400779724121094,28.9465274810791,28.993398666381836,34562632,0.011735458370270457,0.1429407741273475,1009992818.3388011
2014-09-25,28.539100646972656,28.674274444580078,29.318506240844727,28.630395889282227,29.29706573486328,38519466,-0.022235514734273654,0.15818767932799824,1112226168.293808
2014-09-26,28.640342712402344,28.7759952545166,28.883201599121094,28.654329299926758,28.724138259887695,28873054,0.003541208703017773,0.1580116177442609,830711700.5207596
2014-09-29,28.60361671447754,28.739097595214844,28.830345153808594,28.48030662536621,28.509227752685547,25648224,-0.0012831398572514807,0.15761256285124425,735674415.6994019
2014-09-30,28.65324592590332,28.788959503173828,28.913118362426758,28.564077377319336,28.767518997192383,32434806,0.0017335642075426705,0.15384822989044514,932675336.5566635
2014-10-01,28.20212745666504,28.335704803466797,28.799930572509766,28.272876739501953,28.72164535522461,28909153,-0.015869315762112368,0.16324515907011594,823029248.0829074
2014-10-02,28.291954040527344,28.42595672607422,28.5172061920166,28.088882446289062,28.2878360748291,23568530,0.003180037879380926,0.161479023605802,668026770.7105827
2014-10-03,28.550020217895508,28.685245513916016,28.782228469848633,28.5466251373291,28.574050903320312,22834521,0.009080189555653817,0.16292429957979737,654696917.5588989
2014-10-06,28.652748107910156,28.788461685180664,28.970462799072266,28.643360137939453,28.860763549804688,24292512,0.003591714298354365,0.1617363813397344,699642845.3373413
2014-10-07,27.97730827331543,28.10982322692871,28.68474578857422,28.10982322692871,28.64136505126953,38226664,-0.023855595759396664,0.17392210677798842,1081870558.1252136
2014-10-08,28.41205406188965,28.5466251373291,28.615436553955078,27.798179626464844,28.201074600219727,39817018,0.01541973111923678,0.1828767557131822,1127621152.6110523
2014-10-09,27.83537483215332,27.96721649169922,28.49626350402832,27.87646484375,28.480806350708008,50496258,-0.02050580615550901,0.19501475774422367,1419617204.7733421
2014-10-10,27.021970748901367,27.149959564208984,28.179134368896484,27.128019332885742,27.809648513793945,61638766,-0.02965742121672621,0.21619221905209937,1694184903.2126427
2014-10-13,26.46216583251953,26.58750343322754,27.3997745513916,26.582019805908203,27.174890518188477,51633371,-0.02093425812730043,0.2251371521306534,1386688148.0092597
2014-10-14,26.696908950805664,26.82335662841797,27.284589767456055,26.585508346557617,26.871225357055664,44451708,0.008831780653747678,0.22272778307242566,1195653962.5739288
2014-10-15,26.30434799194336,26.428939819335938,26.567060470581055,25.844045639038086,26.47780418395996,74387672,-0.014813540664659453,0.22132752332440084,1954909159.0093484
2014-10-16,26.0304012298584,26.15369415283203,26.39902114868164,25.67949676513672,25.878948211669922,74171079,-0.010469115387205186,0.21719439516654288,1934189193.8467598
2014-10-17,25.368366241455078,25.488521575927734,26.476308822631836,25.356882095336914,26.290319442749023,110787334,-0.025762158744488062,0.2180217417311047,2855422129.171094
2014-10-20,25.848268508911133,25.9706974029541,26.016572952270508,25.33544158935547,25.40275764465332,52150788,0.018740642188592282,0.23452540678601794,1344146786.0689545
2014-10-21,26.131147384643555,26.25491714477539,26.267383575439453,25.88443374633789,26.18760108947754,46725935,0.010884372730073366,0.24089614248955765,1221209326.0821342
2014-10-22,26.437353134155273,26.562572479248047,26.916101455688477,26.36760711669922,26.421958923339844,58385859,0.011649912387861061,0.2408217333887642,1553964569.0517254
2014-10-23,26.996662139892578,27.124530792236328,27.28608512878418,26.71914291381836,26.892168045043945,46976621,0.020935332331964318,0.2479603133454612,1270400644.2018757
2014-10-24,26.788225173950195,26.91510581970215,27.16940689086914,26.716150283813477,27.143478393554688,39462046,-0.007750802124451006,0.2474113853999895,1062853159.9716365
2014-10-27,26.837356567382812,26.96446990966797,27.145971298217773,26.77798080444336,26.77798080444336,23706909,0.0018323869162570894,0.247972334590663,639204819.9332943
2014-10-28,27.24083137512207,27.369855880737305,27.373844146728516,27.006853103637695,27.075664520263672,25419598,0.01492218248892474,0.25535793330038636,692688732.2900975
2014-10-29,27.262170791625977,27.39129638671875,27.63363265991211,27.274118423461914,27.424705505371094,35410955,0.0007830547583056457,0.25085495946570496,971429288.8354397
2014-10-30,27.310806274414062,27.440162658691406,27.564321517944336,27.101093292236328,27.37234878540039,29113713,0.0017824021440242532,0.2505591676193482,796799406.0426693
2014-10-31,27.746042251586914,27.87746238708496,27.90189552307129,27.66155433654785,27.89092445373535,40701440,0.015810750359750436,0.25526761340431514,1132055094.4514976
2014-11-03,27.55448341369629,27.68499183654785,27.81862449645996,27.585763931274414,27.69895362854004,27645693,-0.006927948758697955,0.2552556204495851,765687832.7822018
2014-11-04,27.499393463134766,27.629642486572266,27.69895362854004,27.389801025390625,27.574295043945312,24884132,-0.002001311154605112,0.2425091998178367,686125171.0908991
2014-11-05,27.092939376831055,27.221263885498047,27.763774871826172,27.128019332885742,27.763774871826172,40645286,-0.014890794204295066,0.2395242730066242,1112502910.137066
2014-11-06,26.90038299560547,27.027795791625977,27.26938247680664,26.974441528320312,27.200321197509766,26665008,-0.007132630077699709,0.23109119200815484,722369464.0177917
2014-11-07,26.849267959594727,26.976436614990234,27.2357234954834,26.859756469726562,27.2357234954834,32675465,-0.0019019677527696288,0.20754707823195626,883020857.5664171
2014-11-10,27.170854568481445,27.299549102783203,27.40426254272461,26.9769344329834,26.99887466430664,22692131,0.011906319084412864,0.1972966321256409,617836730.0636196
2014-11-11,27.309814453125,27.439165115356445,27.521440505981445,27.240211486816406,27.34941291809082,19310873,0.0051012657694564645,0.1959247440469573,529123179.8905983
2014-11-12,27.161922454833984,27.290573120117188,27.447641372680664,27.183866500854492,27.44415283203125,22593862,-0.005430058598289378,0.18886298855359795,616978730.9078014
2014-11-13,27.06614112854004,27.194337844848633,27.41473388671875,27.099597930908203,27.41473388671875,26787343,-0.003532540886326263,0.18475594956392474,729586053.4408092
2014-11-14,27.01750373840332,27.145471572875977,27.259159088134766,27.033279418945312,27.259159088134766,25790614,-0.0017985993128992739,0.15579838957419823,700111234.612952
2014-11-17,26.625940322875977,26.752052307128906,27.115055084228516,26.62993812561035,27.104583740234375,34520517,-0.014599001867807715,0.15645701751828686,926266542.7394199
2014-11-18,26.552490234375,26.678255081176758,27.022808074951172,26.635372161865234,26.801416397094727,39253475,-0.002762403269093827,0.15321423212405372,1051161418.4479872
2014-11-19,26.649763107299805,26.77598762512207,26.838314056396484,26.431432723999023,26.676759719848633,27844237,0.0036567241124729755,0.14850539442386526,742937466.5420952
2014-11-20,26.542564392089844,26.66828155517578,26.68224334716797,26.48129653930664,26.48977279663086,31267610,-0.0040306136383665425,0.12882225047885812,832050086.1423874
2014-11-21,26.675071716308594,26.801416397094727,27.03278160095215,26.754545211791992,27.0063533782959,44485801,0.004979837803535059,0.12775247689959457,1195018264.424331
2014-11-24,26.762910842895508,26.889673233032227,27.060705184936523,26.707674026489258,26.808895111083984,34127440,0.0032875195317032535,0.12814442692719658,917550948.4383647
2014-11-25,26.852739334106445,26.97992706298828,27.124530792236328,26.856365203857422,26.876211166381836,35798014,0.0033508341301304867,0.1167559506543029,966078892.4401805
2014-11-26,26.817506790161133,26.94452476501465,27.00336265563965,26.778579711914062,26.969953536987305,30459397,-0.0013129266791445104,0.11664168504815786,819626503.5994503
2014-11-28,26.88995933532715,27.017324447631836,27.025800704956055,26.756540298461914,26.956989288330078,22966883,0.002698045331274379,0.11694194636490056,618572154.2844677
2014-12-01,26.49144744873047,26.61692237854004,26.996381759643555,26.52018928527832,26.871225357055664,42307838,-0.014931014902201944,0.11017142044624247,1130091619.377964
2014-12-02,26.48896598815918,26.614429473876953,26.701690673828125,26.417470932006836,26.602462768554688,30533600,-9.367463981968527e-05,0.10909684559261354,811517858.8638306
2014-12-03,26.368370056152344,26.493263244628906,26.726423263549805,26.390544891357422,26.49924659729004,25559983,-0.004563080559214505,0.10946496575690902,678278720.3994033
2014-12-04,26.66564178466797,26.791942596435547,26.793439865112305,26.357135772705078,26.48528480529785,27842232,0.011210724273911232,0.10827889859063092,741926046.4474335
2014-12-05,26.067623138427734,26.191091537475586,26.571548461914062,26.142227172851562,26.477306365966797,51312493,-0.02268186069221123,0.13077386693150742,1349601814.8138523
2014-12-08,26.152984619140625,26.276857376098633,26.477306365966797,26.117794036865234,26.28433609008789,46587556,0.003269267073204407,0.1318292245522829,1224817249.951856
2014-12-09,26.470108032226562,26.595481872558594,26.636369705200195,25.953744888305664,26.035518646240234,37426473,0.012052778965580657,0.13201512692884487,987879196.0420189
2014-12-10,26.107328414916992,26.23098373413086,26.74307632446289,26.206050872802734,26.581022262573242,34245764,-0.013800040441388717,0.13657348195716873,903861130.8168081
2014-12-11,26.22047996520996,26.34467124938965,26.622907638549805,26.282840728759766,26.317745208740234,32216207,0.004324726379882016,0.1378766737760565,851049307.7361475
2014-12-12,25.740079879760742,25.861995697021484,26.352649688720703,25.861995697021484,26.103832244873047,39891221,-0.01849147798234485,0.14951678387889872,1038190848.1234016
2014-12-15,25.49888801574707,25.619661331176758,26.08338737487793,25.593233108520508,26.06543731689453,56268061,-0.009414461507020633,0.1513693646236667,1449770633.405236
2014-12-16,24.585233688354492,24.70168113708496,25.582263946533203,24.383056640625,25.50796890258789,79285081,-0.036488837846691435,0.18736560980017633,1973326426.5779197
2014-12-17,25.05670166015625,25.17538070678711,25.28059196472168,24.77248764038086,24.78196144104004,57663883,0.018995316953046792,0.20357772072152158,1445988377.8983161
2014-12-18,25.364891052246094,25.485031127929688,25.623151779174805,25.16590690612793,25.57727813720703,58534266,0.012224652714888151,0.20913651283831758,1488215954.011879
2014-12-19,25.625436782836914,25.74681282043457,25.81512451171875,25.276153564453125,25.505474090576172,73804074,0.010219506687988211,0.21356173718361166,1890321382.1839561
2014-12-22,26.04827117919922,26.171646118164062,26.25092887878418,25.733348846435547,25.733348846435547,54475152,0.016365918018109493,0.2215711680020464,1419185277.0229187
2014-12-23,26.332141876220703,26.456863403320312,26.65481948852539,26.242450714111328,26.277854919433594,43952341,0.010838917053213937,0.22500710449928094,1162599980.002861
2014-12-24,26.241819381713867,26.366111755371094,26.515153884887695,26.278850555419922,26.45287322998047,14118657,-0.0034360197028981965,0.22465017585992572,372544842.88231087
2014-12-26,26.50286102294922,26.62839126586914,26.639362335205078,26.293312072753906,26.366111755371094,20810980,0.009898392429126712,0.22787368257174434,551914582.1722412
2014-12-29,26.319238662719727,26.443897247314453,26.700693130493164,26.42799186706543,26.536643981933594,45570772,-0.006952510444450333,0.22856412665856526,1208728000.9774525
2014-12-30,26.32370376586914,26.44838523864746,26.484785079956055,26.28433609008789,26.332204818725586,17525986,0.00016963729435071073,0.222929267851901,462788302.7578786
2014-12-31,26.12419891357422,26.247936248779297,26.55708885192871,26.218017578125,26.48977279663086,27364925,-0.007607770925044388,0.2243454962809549,720819878.7260214
2015-01-02,26.045291900634766,26.16865348815918,26.49077033996582,26.133251190185547,26.37807846069336,28951268,-0.0030250275354331,0.2240741615436877,760382616.9640045
2015-01-05,25.502361297607422,25.623151779174805,26.14472007751465,25.582763671875,26.091365814208984,41196796,-0.02106597090071194,0.23034654291448842,1062199450.7802074
2015-01-06,24.91128921508789,25.029281616210938,25.738086700439453,24.98390769958496,25.67949676513672,57998800,-0.02344996492736584,0.2312195019612758,1464494369.1368103
2015-01-07,24.86861228942871,24.986400604248047,25.29275894165039,24.914098739624023,25.28059196472168,41301082,-0.0017146251730104645,0.23035679644044937,1035187642.0991809
2015-01-08,24.947021484375,25.065183639526367,25.105073928833008,24.4827823638916,24.83132553100586,67071641,0.0031479780044034733,0.22526375350689284,1669033964.631534
2015-01-09,24.623945236206055,24.740575790405273,25.176876068115234,24.671764373779297,25.168899536132812,41427428,-0.013035082594152758,0.22481516777806415,1030013128.3466772
2015-01-12,24.444290161132812,24.560070037841797,24.73090171813965,24.31125259399414,24.679243087768555,46535413,-0.007322695687118852,0.22369149235215122,1141703302.6149235
2015-01-13,24.62444305419922,24.741073608398438,25.080141067504883,24.552091598510742,24.873708724975586,47409807,0.007342912307823024,0.21970819275897022,1175341365.4739532
2015-01-14,24.85719871520996,24.974931716918945,25.092607498168945,24.582508087158203,24.664783477783203,44714427,0.009407827606284336,0.221580176448048,1112644696.8809433
2015-01-15,24.902854919433594,25.02080535888672,25.214773178100586,24.819856643676758,25.209287643432617,54316718,0.001835054976863315,0.1807472433289768,1358921635.691803
2015-01-16,25.21501350402832,25.334444046020508,25.339929580688477,24.931549072265625,24.932048797607422,45965854,0.012457138786728272,0.17365856353748563,1158430268.1054509
2015-01-20,25.15645408630371,25.275606155395508,25.554838180541992,25.23152732849121,25.480045318603516,44640224,-0.002325103750496549,0.16829895679853327,1131807817.6605835
2015-01-21,25.709308624267578,25.83108139038086,25.892911911010742,25.24070167541504,25.293058395385742,45374234,0.021738642266890373,0.181656676262766,1164071359.8720832
2015-01-22,26.520727157592773,26.64634132385254,26.74307632446289,25.913854598999023,26.002609252929688,53538588,0.031073454556880264,0.20394495032611876,1415261739.9669342
2015-01-23,26.796659469604492,26.923580169677734,27.034276962280273,26.5770320892334,26.706178665161133,45634948,0.010350648934046358,0.20365188246929633,1225068493.93161
2015-01-26,26.56142234802246,26.68722915649414,26.876211166381836,26.41098976135254,26.85277557373047,30874534,-0.00881735765697833,0.20592535902076703,823057753.588712
2015-01-27,25.73859214782715,25.86050033569336,26.46234893798828,25.838560104370117,26.425947189331055,38080263,-0.031468369873705715,0.23065318079678837,992135675.1889591
2015-01-28,25.310298919677734,25.4301815032959,26.077903747558594,25.4301815032959,26.067432403564453,33676205,-0.016780120734340098,0.23604336414922988,863662947.8524843
2015-01-29,25.343053817749023,25.463090896606445,25.48453140258789,24.99138641357422,25.480045318603516,83727244,0.0012932965289231824,0.2362027286441161,2119387970.5373662
2015-01-30,26.527177810668945,26.65282440185547,26.919591903686523,25.705425262451172,25.722379684448242,112127002,0.045665103852570166,0.2865269464679097,2963062233.3500175
2015-02-02,26.227426528930664,26.351652145385742,26.5770320892334,25.856510162353516,26.51370620727539,56996054,-0.011364107887104513,0.28935553211542675,1496815064.7501168
2015-02-03,26.26514434814453,26.38954734802246,26.59697723388672,26.091365814208984,26.327716827392578,40773638,0.0014370729066923715,0.2786475669752477,1074764425.6049995
2015-02-04,25.943553924560547,26.066434860229492,26.560678482055664,25.99213981628418,26.38954734802246,33273101,-0.012319575150506079,0.26858271444890935,871968783.6298822
2015-02-05,26.18276023864746,26.306774139404297,26.352649688720703,26.03302574157715,26.117794036865234,36995292,0.009178012950718628,0.2693120905934584,970416716.6754684
2015-02-06,26.352489471435547,26.477306365966797,26.786457061767578,26.24843406677246,26.30976676940918,35270570,0.006461559591528054,0.2696447618214666,934813509.1946093
2015-02-09,26.19516944885254,26.31924057006836,26.527170181274414,26.228988647460938,26.327716827392578,25355423,-0.005987726031809526,0.26552055721792045,668330066.8835379
2015-02-10,26.64727783203125,26.77349281311035,26.811389923095703,26.27386474609375,26.39253807067871,34997823,0.017111978667932792,0.2668979648840434,931627436.4624081
2015-02-11,26.59914207458496,26.725126266479492,26.848787307739258,26.59588050842285,26.69171714782715,27555446,-0.00180803782277561,0.26746687693082366,736371477.2251167
2015-02-12,26.944551467895508,27.072172164916992,27.166414260864258,26.66045379638672,26.788951873779297,32404724,0.012902142605431877,0.2686512185746061,873837023.4214172
2015-02-13,27.24629020690918,27.375341415405273,27.420217514038086,27.08214569091797,27.093116760253906,38006060,0.011136267607678718,0.26961855113072813,1037282984.8212433
2015-02-17,26.94008445739746,27.067686080932617,27.424705505371094,26.980424880981445,27.266639709472656,32336537,-0.011302066649709008,0.27328571959350667,878182914.7295252
2015-02-18,26.784252166748047,26.911115646362305,27.1998233795166,26.80191421508789,26.99588394165039,29061570,-0.005801196905214301,0.2744507890737658,783818182.7873611
2015-02-19,26.941574096679688,27.069181442260742,27.081148147583008,26.826847076416016,26.82834243774414,19782163,0.005856489905562867,0.26626459346762993,533967902.6972491
2015-02-20,26.747032165527344,26.87371826171875,27.113061904907227,26.71664810180664,27.08214569091797,28887092,-0.0072470788922749385,0.24643038329164382,777095785.7018713
2015-02-23,26.39765167236328,26.522682189941406,26.748512268066406,26.39802360534668,26.729114532470703,29157834,-0.013148465712439883,0.24791133426271209,774327278.4003639
2015-02-24,26.60509490966797,26.731109619140625,26.766014099121094,26.34018325805664,26.42744255065918,20101036,0.007827681012640308,0.24777521683482834,534937527.2246755
2015-02-25,26.99120330810547,27.11904525756836,27.236223220825195,26.69894790649414,26.721635818481445,36519991,0.01440827411132517,0.2238529386666827,986699750.962717
2015-02-26,27.5673828125,27.697954177856445,27.730865478515625,27.000869750976562,27.086135864257812,46230579,0.02112228219675627,0.22138062716112278,1270257422.697298
2015-02-27,27.712295532226562,27.843555450439453,28.158191680908203,27.569307327270508,27.636125564575195,48203982,0.005242905024522848,0.2211328249534014,1342819201.61475
2015-03-02,28.354482650756836,28.488784790039062,28.529172897338867,27.861007690429688,27.949764251708984,42592618,0.02290893913023062,0.17740895665976233,1205072449.524062
2015-03-03,28.4686279296875,28.603469848632812,28.69072914123535,28.248443603515625,28.444406509399414,34095352,0.004017570713688912,0.16914487819923582,972202170.0772045
2015-03-04,28.455228805541992,28.59000587463379,28.776493072509766,28.32274055480957,28.51521110534668,37536775,-0.0004707735969229354,0.16965134693711587,1072165901.0353088
2015-03-05,28.552499771118164,28.6877384185791,28.81638526916504,28.59200096130371,28.672279357910156,27792094,0.0034125569428060665,0.1589732534574696,797597196.4273517
2015-03-06,28.173091888427734,28.306533813476562,28.75505256652832,28.26041030883789,28.665298461914062,33182854,-0.013377155863511625,0.1699075127533016,943742453.0381176
2015-03-09,28.230911254882812,28.364625930786133,28.4354305267334,28.0996036529541,28.265396118164062,21242161,0.002050187344352139,0.169677427509699,601150749.6373196
2015-03-10,27.54405975341797,27.67452049255371,28.165172576904297,27.660558700561523,28.135255813598633,35846146,-0.024630625992867472,0.19334202286082192,997720738.6616261
2015-03-11,27.353981018066406,27.483543395996094,27.830591201782227,27.4586124420166,27.681001663208008,36415706,-0.0069248188916062325,0.18828849922818716,1004742673.6711807
2015-03-12,27.568872451782227,27.699451446533203,27.742332458496094,27.447641372680664,27.5997257232666,27792094,0.007825250026292974,0.18922671319567716,767890232.9746971
2015-03-13,27.162418365478516,27.291072845458984,27.843555450439453,27.136497497558594,27.599225997924805,34071287,-0.014852986383742106,0.19301797772455792,934361046.2406591
2015-03-16,27.519245147705078,27.649587631225586,27.766267776489258,27.225252151489258,27.472074508666992,32819860,0.013051243297754311,0.19446802068540947,904089860.1126735
2015-03-17,27.337108612060547,27.466590881347656,27.614185333251953,27.324979782104492,27.509971618652344,36110871,-0.006640514451226487,0.19155078902518835,991914541.4848194
2015-03-18,27.766889572143555,27.898405075073242,27.91236686706543,27.275115966796875,27.549362182617188,42690887,0.01559921926886032,0.1965977728301393,1182336750.671678
2015-03-19,27.691953659057617,27.82311248779297,27.963226318359375,27.73111343383789,27.892919540405273,23945563,-0.0027023989078904798,0.19660352762458785,666624138.0707257
2015-03-20,27.8095645904541,27.941286087036133,28.00910186767578,27.875967025756836,28.005611419677734,52337299,0.004238122168425118,0.19425977546621936,1462415001.5643108
2015-03-23,27.732643127441406,27.863998413085938,28.041013717651367,27.71540641784668,27.944778442382812,32876014,-0.002769839923609574,0.18729098997581284,916368683.6297023
2015-03-24,28.29741096496582,28.431440353393555,28.65083885192871,27.983671188354492,28.05098533630371,51665459,0.020160143509575512,0.19637842473947692,1464990457.4535136
2015-03-25,27.731403350830078,27.86275291442871,28.534658432006836,27.860509872436523,28.4468994140625,43045859,-0.020204849105011302,0.20743002550765197,1208984865.4735584
2015-03-26,27.551998138427734,27.682498931884766,27.868486404418945,27.457115173339844,27.803165435791016,31452115,-0.006490405342703287,0.1959526040870578,870260107.7202892
2015-03-27,27.213037490844727,27.34193229675293,27.6879825592041,27.33146095275879,27.574295043945312,37949906,-0.012378882698145244,0.19943377232559803,1041868823.3238131
2015-03-30,27.396167755126953,27.525928497314453,27.59773063659668,27.33345603942871,27.505483627319336,25750504,0.006706962679321915,0.1821850179644115,707770758.0331829
2015-03-31,27.1961669921875,27.324979782104492,27.659561157226562,27.261154174804688,27.424705505371094,31760961,-0.007327096693710455,0.1819118079779465,870734104.9793186
2015-04-01,26.926189422607422,27.05372428894043,27.481548309326172,26.901142120361328,27.354896545410156,39261497,-0.00997664650165575,0.1836807578906376,1065771850.7220554
2015-04-02,26.57730484008789,26.70318603515625,26.96845817565918,26.619266510009766,26.96845817565918,34327989,-0.01304174736171726,0.1855244248989344,918741833.3414898
2015-04-06,26.638593673706055,26.764766693115234,26.846792221069336,26.406002044677734,26.53813934326172,26488525,0.0023034041490617163,0.1830105567483492,706515721.2992828
2015-04-07,26.651248931884766,26.777481079101562,27.060205459594727,26.726621627807617,26.830337524414062,26057345,0.0004749594968886939,0.18256511524915817,699763990.8603033
2015-04-08,26.879043579101562,27.0063533782959,27.1180477142334,26.84529685974121,26.84529685974121,23570536,0.008510920137725364,0.16825943940905183,636166393.4977062
2015-04-09,26.837848663330078,26.964967727661133,27.02330780029297,26.70119285583496,26.977432250976562,31157308,-0.0015337791196636807,0.16698615091191935,838022206.2633259
2015-04-10,26.799636840820312,26.926572799682617,27.040260314941406,26.791942596435547,27.040260314941406,28189181,-0.001424818058307853,0.16389776317591775,758841248.619154
2015-04-13,26.757949829101562,26.884687423706055,27.12851905822754,26.791942596435547,26.846792221069336,32906096,-0.0015567176465309807,0.15644818089031726,886327330.9557089
2015-04-14,26.322216033935547,26.446889877319336,26.804906845092773,26.332305908203125,26.73908805847168,52082601,-0.016418320331740954,0.15691425051237828,1381649021.0844612
2015-04-15,26.42841911315918,26.55359649658203,26.66329574584961,26.089372634887695,26.362621307373047,46376979,0.004026613989467354,0.15747001542887964,1225994993.5946255
2015-04-16,26.49144744873047,26.61692237854004,26.706178665161133,26.407997131347656,26.422456741333008,25997180,0.002382030396839152,0.14535898031181113,690927903.6181387
2015-04-17,26.0075740814209,26.13075828552246,26.419464111328125,25.97917366027832,26.360626220703125,43037837,-0.018434136694770675,0.15566284540585476,1126578449.0717187
2015-04-20,26.569860458374023,26.695707321166992,26.731109619140625,26.153196334838867,26.208045959472656,33585958,0.021389701486401513,0.1758982500857201,890923661.1661708
2015-04-21,26.4998836517334,26.62540054321289,26.895658493041992,26.610689163208008,26.80191421508789,36895018,-0.0026371654270929135,0.1758941948287522,985487430.730217
2015-04-22,26.76762580871582,26.894411087036133,26.97992706298828,26.51470375061035,26.646841049194336,31871263,0.010052822612092172,0.16262733714855027,854033432.2443836
2015-04-23,27.14653778076172,27.275115966796875,27.47257423400879,26.937543869018555,26.97593879699707,83697161,0.014056351267103917,0.15954028417810234,2278940729.0882545
2015-04-24,28.04281997680664,28.175643920898438,28.478811264038086,27.786212921142578,28.227500915527344,98650102,0.03248311053473607,0.19572191825097854,2776693507.2042837
2015-04-27,27.63759422302246,27.76849937438965,28.297500610351562,27.65999984741211,28.16950035095215,47960000,-0.014555671472592291,0.1977151055605659,1338499650.6500244
2015-04-28,27.553491592407227,27.68400001525879,27.801000595092773,27.518299102783203,27.73200035095215,29820000,-0.003047691288223131,0.19690564355621987,825052799.1485596
2015-04-29,27.3245792388916,27.45400047302246,27.68400001525879,27.34524917602539,27.523500442504883,33976000,-0.008342628584702805,0.19743103821676872,934150296.8648274
2015-04-30,26.740346908569336,26.867000579833984,27.429500579833984,26.752500534057617,27.39349937438965,41644000,-0.021613090566167337,0.20879280803878078,1125068208.8445027
2015-05-01,26.76821517944336,26.895000457763672,26.976999282836914,26.604999542236328,26.921499252319336,35364000,0.0010416379101334527,0.20362454130637983,948662867.5460815
2015-05-04,26.911531448364258,27.038999557495117,27.203500747680664,26.753000259399414,26.92650032043457,26160000,0.005339690235029337,0.2042600463572978,706280764.9230957
2015-05-05,26.414886474609375,26.540000915527344,26.98699951171875,26.519550323486328,26.910499572753906,27662000,-0.018627140284557697,0.21472452398821823,738082562.28892
2015-05-06,26.087438583374023,26.211000442504883,26.618999481201172,26.054250717163086,26.562000274658203,31340000,-0.012473814699164532,0.2159663697779946,824077471.6949463
2015-05-07,26.409908294677734,26.53499984741211,26.67300033569336,26.087499618530273,26.199499130249023,30926000,0.012285335786255569,0.22116449299445395,817430875.6217957
2015-05-08,26.78413963317871,26.910999298095703,27.0575008392334,26.25,26.832500457763672,30552000,0.014070653667277888,0.22703591263897596,816945205.3985596
2015-05-11,26.658729553222656,26.78499984741211,27.099000930786133,26.770000457763672,26.918500900268555,18106000,-0.004693247651609056,0.22756059017206834,486773782.1261088
2015-05-12,26.327302932739258,26.45199966430664,26.660449981689453,26.26300048828125,26.579999923706055,32684000,-0.012510124927905597,0.22442807810908927,864769070.7295736
2015-05-13,26.356164932250977,26.481000900268555,26.716100692749023,26.432750701904297,26.527999877929688,25046000,0.0010956758758968732,0.22399575591313836,664803093.5262045
2015-05-14,26.793094635009766,26.920000076293945,26.950000762939453,26.620500564575195,26.688499450683594,28078000,0.01644198054774515,0.23115543125841567,753337432.8053792
2015-05-15,26.566667556762695,26.6924991607666,26.963699340820312,26.518999099731445,26.958999633789062,39426000,-0.008486860810958952,0.2232810479715335,1053662446.8765259
2015-05-18,26.489532470703125,26.614999771118164,26.740999221801758,26.4424991607666,26.600500106811523,40068000,-0.0029076767791531566,0.21089201547156464,1065788741.3406372
2015-05-19,26.74134063720703,26.868000030517578,27.033000946044922,26.652000427246094,26.698999404907227,39338000,0.009461052585086449,0.21323602777058326,1056264656.4076742
2015-05-20,26.836387634277344,26.963499069213867,27.145999908447266,26.64859962463379,26.92449951171875,28616000,0.0035480077205147786,0.21071913715875037,770324583.2010905
2015-05-21,26.99762725830078,27.125499725341797,27.191999435424805,26.798999786376953,26.897499084472656,29254000,0.0059902686617729906,0.2057917620575338,790994020.0665791
2015-05-22,26.878192901611328,27.00550079345703,27.20949935913086,26.975500106811523,27.00749969482422,23524000,-0.004433697788174484,0.1678944926541582,636641776.0340374
2015-05-26,26.490528106689453,26.615999221801758,26.950000762939453,26.493999481201172,26.9060001373291,48130000,-0.014528045869723005,0.16786873777093547,1284429258.0986023
2015-05-27,26.86227035522461,26.989500045776367,27.02750015258789,26.585500717163086,26.639999389648438,30500000,0.01393547387135552,0.1767346757836013,819458759.3078613
2015-05-28,26.861770629882812,26.98900032043457,27.030500411987305,26.8125,26.90049934387207,20596000,-1.860341599924098e-05,0.17487428451877704,554938629.0283203
2015-05-29,26.480077743530273,26.605499267578125,26.931499481201172,26.572500228881836,26.868499755859375,51948000,-0.0143114426195603,0.16552795403293266,1387176084.2971802
2015-06-01,26.573633193969727,26.699499130249023,26.839500427246094,26.488000869750977,26.839500427246094,38086000,0.003526823883202468,0.16604003614652824,1015969446.0906982
2015-06-02,26.831912994384766,26.958999633789062,27.149999618530273,26.566499710083008,26.646499633789062,38780000,0.009672471587561127,0.16857299798006367,1042865283.2539877
2015-06-03,26.88814353942871,27.015499114990234,27.174999237060547,26.855499267578125,26.995500564575195,34340000,0.0020934663590641556,0.15461927139350518,927706519.4193522
2015-06-04,26.70849609375,26.834999084472656,27.029499053955078,26.715999603271484,26.88800048828125,26966000,-0.00670370828033251,0.1495418650839173,724311234.0342203
2015-06-05,26.540790557861328,26.666500091552734,26.860000610351562,26.625999450683594,26.8174991607666,27764000,-0.006298904677493056,0.1459257445205374,741784671.41215
2015-06-08,26.217321395874023,26.34149932861328,26.70599937438965,26.312000274658203,26.66550064086914,30412000,-0.012262501568309325,0.1429039687693096,804493694.3028767
2015-06-09,26.210355758666992,26.33449935913086,26.459999084472656,26.15049934387207,26.378000259399414,29106000,-0.00026572366452493057,0.14230908252382427,765924368.5340881
2015-06-10,26.707998275756836,26.83449935913086,26.917999267578125,26.467500686645508,26.468000411987305,36300000,0.018808490798979616,0.1509593014602547,970661991.6915894
2015-06-11,26.604488372802734,26.730499267578125,26.948999404907227,26.650999069213867,26.921249389648438,24350000,-0.003883144063550059,0.15178281710331484,652015873.336792
2015-06-12,26.491025924682617,26.616500854492188,26.6560001373291,26.507999420166016,26.579999923706055,19116000,-0.00427390608538758,0.1408414890830637,508361348.6251831
2015-06-15,26.235734939575195,26.360000610351562,26.415000915527344,26.200000762939453,26.399999618530273,32654000,-0.0096836208353972,0.14174738665707476,859616574.9130249
2015-06-16,26.283010482788086,26.407499313354492,26.48200035095215,26.277999877929688,26.420000076293945,21436000,0.0018003307429292903,0.14172870906621649,565678173.3957927
2015-06-17,26.33824920654297,26.46299934387207,26.548999786376953,26.2549991607666,26.4685001373291,25884000,0.0020994839109231833,0.1375062909088851,683915661.2548828
2015-06-18,26.709989547729492,26.83650016784668,26.907499313354492,26.539499282836914,26.549999237060547,36662000,0.014015410691464947,0.14613589386336498,981117877.2290548
2015-06-19,26.707998275756836,26.83449935913086,26.912500381469727,26.65049934387207,26.86050033569336,37870000,-7.455436098258161e-05,0.14437586373880576,1014884430.1096599
2015-06-22,26.782644271850586,26.909500122070312,27.187000274658203,26.87649917602539,26.97949981689453,25006000,0.0027909944990032187,0.14408384567420618,674936942.4387615
2015-06-23,26.896604537963867,27.02400016784668,27.074949264526367,26.762500762939453,26.98200035095215,23950000,0.004245977350628483,0.13487065160265593,645543910.7259114
2015-06-24,26.765228271484375,26.892000198364258,27.0,26.783000946044922,27.0,25732000,-0.004896460746255826,0.1272118041288584,691976376.4826458
2015-06-25,26.63534164428711,26.761499404907227,27.045000076293945,26.761499404907227,26.943500518798828,26714000,-0.004864625360543773,0.12823462588407408,717431174.0811666
2015-06-26,26.45917510986328,26.58449935913086,26.88800048828125,26.5674991607666,26.863000869750977,42182000,-0.006635983964811132,0.12026233576752772,1125415746.0543313
2015-06-29,25.953073501586914,26.076000213623047,26.430500030517578,26.027000427246094,26.250499725341797,38756000,-0.019312941248568194,0.13658186745186585,1014548117.3400879
2015-06-30,25.902812957763672,26.02549934387207,26.3125,26.024999618530273,26.301000595092773,44344000,-0.0019384707501308718,0.1307383341620101,1158309608.662923
2015-07-01,25.968996047973633,26.091999053955078,26.284500122070312,25.911500930786133,26.236499786376953,39220000,0.002551795566493986,0.13091813078014278,1023485121.3963826
2015-07-02,26.046632766723633,26.170000076293945,26.232500076293945,26.054000854492188,26.054000854492188,24718000,0.0029851326676610945,0.13057975502468672,646429263.9643352
2015-07-06,26.019758224487305,26.14299964904785,26.262500762939453,25.950000762939453,25.975000381469727,25610000,-0.0010323183194129726,0.12928117299741004,668894795.0299581
2015-07-07,26.127248764038086,26.250999450683594,26.30900001525879,25.759000778198242,26.1564998626709,31944000,0.004122602542289577,0.1235852298880392,833940714.5996094
2015-07-08,25.71967887878418,25.84149932861328,26.136699676513672,25.805500030517578,26.052499771118164,25934000,-0.01572236965422169,0.13479433567862542,672414150.2634684
2015-07-09,25.911272048950195,26.034000396728516,26.188499450683594,26.017499923706055,26.1560001373291,36846000,0.007421674253722976,0.11854680141155856,960943677.1888733
2015-07-10,26.38154411315918,26.506500244140625,26.628000259399414,26.27750015258789,26.31450080871582,39134000,0.017986590782089973,0.13591497511646594,1035903077.8923035
2015-07-13,27.19867515563965,27.327499389648438,27.355499267578125,26.6200008392334,26.643999099731445,44130000,0.030503585547941192,0.1719692311012001,1195967122.592926
2015-07-14,27.922746658325195,28.05500030517578,28.292449951171875,27.335500717163086,27.33799934387207,64882000,0.026273384467627725,0.18729829765655567,1809839075.021108
2015-07-15,27.878952026367188,28.01099967956543,28.325149536132812,27.839500427246094,28.006500244140625,35692000,-0.0015696526085084983,0.18795829634767225,1001465762.3519897
2015-07-16,28.85582733154297,28.99250030517578,29.034000396728516,28.25,28.256000518798828,95366000,0.03443996332438726,0.21715602086511873,2742614921.9792686
2015-07-17,33.487884521484375,33.64649963378906,33.7234001159668,32.25,32.45000076293945,223298000,0.14887175755663673,0.5449438432059951,7414974791.440328
2015-07-20,32.994720458984375,33.1510009765625,33.444000244140625,32.6505012512207,32.96200180053711,117218000,-0.014836154766639353,0.551186064141558,3877786436.2513227
2015-07-21,32.95889663696289,33.1150016784668,33.650001525878906,32.71500015258789,32.760501861572266,67544000,-0.0010863339153153184,0.552038070166572,2239759115.580241
2015-07-22,32.94894027709961,33.10499954223633,33.93199920654297,32.95000076293945,33.044498443603516,78586000,-0.0003021297740963824,0.5528979436254087,2619192781.20931
2015-07-23,32.06214141845703,32.2140007019043,33.18149948120117,32.04999923706055,33.063499450683594,60582000,-0.027283159847897753,0.565846534261129,1967814415.2908323
2015-07-24,31.031021118164062,31.17799949645996,32.40850067138672,31.125999450683594,32.349998474121094,72514000,-0.03268855367010204,0.5824006822403578,2289327399.1127014
2015-07-27,31.215152740478516,31.363000869750977,31.71500015258789,31.024999618530273,31.049999237060547,53508000,0.005916256308858614,0.5801393107810245,1678421119.430542
2015-07-28,31.251976013183594,31.399999618530273,31.64150047302246,31.16550064086914,31.64150047302246,34546000,0.0011789649277953451,0.5721423638033085,1084825015.7674153
2015-07-29,31.447551727294922,31.596500396728516,31.667999267578125,31.13249969482422,31.440000534057617,31502000,0.0062385270021469985,0.5708183354930524,991231424.6037802
2015-07-30,31.480392456054688,31.629499435424805,31.76099967956543,31.102500915527344,31.5,29484000,0.0010437567019683236,0.5710800175590944,928677204.2999268
2015-07-31,31.133039474487305,31.280500411987305,31.64550018310547,31.274999618530273,31.569000244140625,34122000,-0.01109527250813791,0.5752050493347658,1071442176.4297485
2015-08-03,31.411718368530273,31.56049919128418,31.652799606323242,31.267000198364258,31.267000198364258,26090000,0.008911401942564456,0.5740651361540942,821663666.934967
2015-08-04,31.314180374145508,31.462499618530273,31.74049949645996,31.357999801635742,31.42099952697754,29818000,-0.003109977695184618,0.5754491793101716,939873288.5653179
2015-08-05,32.037254333496094,32.18899917602539,32.393001556396484,31.658000946044922,31.71649932861328,46686000,0.022828381520030305,0.5699655968924232,1497686906.1203003
2015-08-06,31.982511520385742,32.13399887084961,32.268951416015625,31.612499237060547,32.25,31452000,-0.0017101851505558763,0.5715577986085542,1006625972.8088379
2015-08-07,31.615257263183594,31.764999389648438,32.13399887084961,31.48550033569336,32.01150131225586,28078000,-0.011549409563255786,0.5758188507132743,892735317.1946208
2015-08-10,31.537124633789062,31.686500549316406,32.172000885009766,31.562450408935547,31.974000930786133,36184000,-0.0024744171767734358,0.5716251957462458,1150903907.1655273
2015-08-11,32.88325119018555,33.03900146484375,33.744998931884766,32.7135009765625,33.459999084472656,100584000,0.04179803410171967,0.5805377113494813,3335952226.043701
2015-08-12,32.82253646850586,32.97800064086914,33.25,32.614498138427734,33.15399932861328,58734000,-0.001848078871696135,0.5805974006898957,1935138441.1010745
2015-08-13,32.66777038574219,32.8224983215332,33.224998474121094,32.58304977416992,32.96609878540039,36214000,-0.004726390157704152,0.5740377900912472,1190602204.4932046
2015-08-14,32.701114654541016,32.85599899291992,32.99274826049805,32.632999420166016,32.7504997253418,21442000,0.0010201878667590591,0.24418033950283366,703881870.724996
2015-08-17,32.887725830078125,33.04349899291992,33.069000244140625,32.5620002746582,32.84000015258789,21034000,0.005690348470812623,0.2400168127043554,691839807.5764974
2015-08-18,32.6518440246582,32.80649948120117,33.20000076293945,32.67300033569336,33.095001220703125,29122000,-0.007198180410285637,0.24124159739888,957914805.2953085
2015-08-19,32.88922119140625,33.04499816894531,33.349998474121094,32.70949935913086,32.83000183105469,42682000,0.007243648051947549,0.24271506986691943,1409992699.4552612
2015-08-20,32.18904113769531,32.34149932861328,33.14950180053711,32.14500045776367,32.77299880981445,57106000,-0.0215189234457438,0.23528362317692778,1858533835.5407715
2015-08-21,30.47963523864746,30.624000549316406,32.002498626708984,30.616500854492188,31.98900032043457,85304000,-0.05456729377295,0.28145996883112195,2651333624.8677573
2015-08-24,29.341524124145508,29.480499267578125,29.96649932861328,28.252500534057617,28.649999618530273,115406000,-0.03805504517366565,0.30791952391016597,3373682798.875173
2015-08-25,28.965805053710938,29.10300064086914,30.872499465942383,29.055500030517578,30.745500564575195,70760000,-0.01288772015756079,0.30930231310971723,2099944523.2391357
2015-08-26,31.28282928466797,31.430999755859375,31.585500717163086,29.952499389648438,30.517499923706055,84718000,0.07695336368420413,0.4164262000151018,2625382576.7885847
2015-08-27,31.73021125793457,31.88050079345703,32.179500579833984,31.100000381469727,31.969999313354492,69826000,0.01419990169632257,0.4194230517536653,2214880760.842641
2015-08-28,31.37041473388672,31.518999099731445,31.8439998626709,31.22800064086914,31.641000747680664,39574000,-0.011404020728146058,0.4195309745886382,1247781406.0999553
2015-08-31,30.766775131225586,30.912500381469727,31.790000915527344,30.884000778198242,31.37700080871582,43534000,-0.019429864605585934,0.42370695970532235,1358064927.1138508
2015-09-01,29.748598098754883,29.88949966430664,30.64299964904785,29.704999923706055,30.118000030517578,74042000,-0.03365337007603042,0.4385085254319896,2227121639.503479
2015-09-02,30.572193145751953,30.716999053955078,30.716999053955078,29.98550033569336,30.279499053955078,51512000,0.027308866943891896,0.4420374209846041,1569733734.6089683
2015-09-03,30.16960334777832,30.3125,30.98550033569336,30.141050338745117,30.850000381469727,35192000,-0.01325596924944561,0.44363202387075723,1072641023.7782797
2015-09-04,29.893409729003906,30.03499984741211,30.173500061035156,29.762500762939453,30.0,41780000,-0.009196860143354968,0.4431296616480163,1252996136.0168457
2015-09-08,30.58812141418457,30.732999801635742,30.815500259399414,30.20599937438965,30.624500274658203,45590000,0.022973698813023358,0.45202278607333685,1394362543.0870056
2015-09-09,30.4915771484375,30.63599967956543,31.326000213623047,30.479999542236328,31.06100082397461,34042000,-0.003161258107708509,0.42359543901893043,1048970181.5935771
2015-09-10,30.921043395996094,31.0674991607666,31.20800018310547,30.571500778198242,30.655000686645508,38106000,0.013986481762343406,0.428022818748604,1179342595.550537
2015-09-11,31.141002655029297,31.28849983215332,31.288999557495117,30.871000289916992,30.987499237060547,27470000,0.007088396017298493,0.4293665398621347,855676762.0658875
2015-09-14,31.015098571777344,31.16200065612793,31.292999267578125,30.971500396728516,31.28499984741211,34046000,-0.004051227569501936,0.429217028630113,1060266209.9698385
2015-09-15,31.60729217529297,31.756999969482422,31.934999465942383,31.18899917602539,31.334999084472656,41688000,0.018913722394680477,0.4348545354441056,1318466356.704712
2015-09-16,31.649093627929688,31.798999786376953,31.897499084472656,31.615999221801758,31.773500442504883,25730000,0.0013216518203087446,0.4345666765005278,817463525.3079733
2015-09-17,31.993465423583984,32.14500045776367,32.54499816894531,31.750999450683594,31.88949966430664,45494000,0.010822165602005995,0.4356550765902785,1462495588.8442993
2015-09-18,31.314180374145508,31.462499618530273,32.0,31.35099983215332,31.839500427246094,102668000,-0.021460634385383592,0.4356211721858322,3244770787.2009277
2015-09-21,31.622220993041992,31.77199935913086,31.824499130249023,31.297000885009766,31.719999313354492,35770000,0.009789027400200823,0.39125527087052475,1131446824.207306
2015-09-22,30.987728118896484,31.13450050354004,31.377500534057617,30.771499633789062,31.350000381469727,51258000,-0.020268810472062082,0.37280810948985305,1593841892.4713135
2015-09-23,30.97130584716797,31.118000030517578,31.446500778198242,31.0,31.102500915527344,29418000,-0.0005301009735583229,0.36871463583365083,917493494.9302673
2015-09-24,31.14249610900879,31.290000915527344,31.365999221801758,30.6200008392334,30.832000732421875,44802000,0.005512162833447132,0.25402577278295074,1392983798.5839844
2015-09-25,30.454256057739258,30.598499298095703,31.488500595092773,30.549999237060547,31.488500595092773,43480000,-0.022347564436735023,0.25929236880735473,1342618907.3944092
2015-09-28,29.604280471801758,29.74449920654297,30.730249404907227,29.4689998626709,30.517000198364258,62554000,-0.02830679499108779,0.27319557911664916,1875447080.6833904
2015-09-29,29.60826301574707,29.74850082397461,30.25,29.51099967956543,29.86400032043457,46190000,0.00013451690188448495,0.2665832024144475,1378147942.7528381
2015-09-30,30.277589797973633,30.42099952697754,30.437999725341797,30.036500930786133,30.163999557495117,48268000,0.022354349929866846,0.2526366789697779,1462448000.946045
2015-10-01,30.4204158782959,30.56450080871582,30.60449981689453,29.99250030517578,30.418500900268555,37352000,0.004706129710065898,0.23428127077605063,1135021460.9222412
2015-10-02,31.197734832763672,31.345500946044922,31.367000579833984,30.1564998626709,30.360000610351562,53696000,0.0252315327152548,0.2449557396280395,1662231299.519857
2015-10-05,31.92230224609375,32.07350158691406,32.1505012512207,31.350000381469727,31.600000381469727,36072000,0.022959404819044682,0.25213149188304196,1149181814.7125244
2015-10-06,32.1198616027832,32.27199935913086,32.462501525878906,31.826499938964844,31.941999435424805,43326000,0.006169684829206101,0.24209959852155305,1394533973.8998413
2015-10-07,31.966590881347656,32.11800003051758,32.53044891357422,31.607500076293945,32.46200180053711,41854000,-0.0047832578563742345,0.24263714415501092,1342898830.0997415
2015-10-08,31.80734634399414,31.95800018310547,32.22249984741211,31.277999877929688,32.06800079345703,43642000,-0.0049940422451886235,0.24005212512813698,1388666617.6681519
2015-10-09,32.0287971496582,32.18050003051758,32.29949951171875,31.765899658203125,32.0,32974000,0.006938128836948998,0.2400079205231393,1057870760.0784302
2015-10-12,32.18107604980469,32.333499908447266,32.42499923706055,31.95050048828125,32.10449981689453,25504000,0.004743170420743681,0.23941650910016413,822155442.2200521
2015-10-13,32.46125030517578,32.6150016784668,32.89059829711914,32.157501220703125,32.157501220703125,36154000,0.008668500210085917,0.23274439256884388,1176970586.883545
2015-10-14,32.404510498046875,32.55799865722656,32.96950149536133,32.442501068115234,32.660499572753906,28310000,-0.001749453668552725,0.23298867961700812,924510244.8527019
2015-10-15,32.93102264404297,33.08700180053711,33.15650177001953,32.722999572753906,32.733001708984375,37714000,0.016117524982177667,0.23644477774254904,1244140899.848938
2015-10-16,32.953914642333984,33.11000061035156,33.24850082397461,32.86000061035156,33.205501556396484,32222000,0.0006949084314284981,0.2213450218469866,1065672857.6278687
2015-10-19,33.14799499511719,33.30500030517578,33.340999603271484,32.979000091552734,33.058998107910156,29546000,0.0058721725754637966,0.22014296649146242,981173416.6666667
2015-10-20,32.36072540283203,32.513999938964844,33.236000061035156,32.20975112915039,33.20199966430664,49964000,-0.02403672341060137,0.22534669651096426,1631487001.8056233
2015-10-21,31.979036331176758,32.13050079345703,32.79349899291992,32.08649826049805,32.70750045776367,35822000,-0.01186493512258524,0.23041184520769145,1158370020.345052
2015-10-22,32.43587112426758,32.589500427246094,32.88999938964844,32.20050048828125,32.334999084472656,81420000,0.014184370375425193,0.23418923729805247,2651035208.2824707
2015-10-23,34.934532165527344,35.099998474121094,36.5,35.07500076293945,36.375,133078000,0.07421085650241332,0.32729014595231526,4732031849.489847
2015-10-26,35.47099304199219,35.638999938964844,35.95750045776367,35.0629997253418,35.07749938964844,54332000,0.015239464721185758,0.302032597832025,1931674653.5441082
2015-10-27,35.257503509521484,35.42449951171875,35.680999755859375,35.227500915527344,35.36899948120117,44916000,-0.006036892942688166,0.3050647979428584,1592017678.741455
2015-10-28,35.47945022583008,35.647499084472656,35.64899826049805,35.15399932861328,35.36650085449219,43578000,0.006275289871260359,0.3010635006083508,1546299914.680481
2015-10-29,35.67701721191406,35.84600067138672,35.91299819946289,35.5004997253418,35.525001525878906,29120000,0.005553043901251886,0.30096356962276793,1041132199.7070312
2015-10-30,35.37295913696289,35.54050064086914,35.900001525878906,35.502498626708984,35.7864990234375,38176000,-0.008559043838671343,0.2992449835086601,1360885332.7636719
2015-11-02,35.885528564453125,36.05550003051758,36.08100128173828,35.29249954223633,35.553001403808594,37726000,0.01438644811391443,0.29465900976404474,1350955495.412191
2015-11-03,35.937782287597656,36.108001708984375,36.23249816894531,35.736000061035156,35.94300079345703,31308000,0.001455063314235172,0.2950460800662519,1127886353.363037
2015-11-04,36.2338752746582,36.40549850463867,36.654998779296875,36.095001220703125,36.099998474121094,34134000,0.008205288843528447,0.29269070623333066,1241971261.9857788
2015-11-05,36.39014434814453,36.5625,36.9739990234375,36.4734992980957,36.4734992980957,37232000,0.004303515984832806,0.28993892136176624,1365297419.1691082
2015-11-06,36.515045166015625,36.6879997253418,36.77050018310547,36.35049819946289,36.57500076293945,30232000,0.0034263936737524148,0.29016164483712603,1106581876.9327798
2015-11-09,36.07363510131836,36.24449920654297,36.73550033569336,35.971500396728516,36.5099983215332,41396000,-0.01216210307318999,0.29729832393022143,1503385430.4911296
2015-11-10,36.244327545166016,36.41600036621094,36.52949905395508,35.92499923706055,36.220001220703125,32160000,0.004720618628630824,0.2971168840009353,1167091745.6054688
2015-11-11,36.59666061401367,36.77000045776367,37.04999923706055,36.51150131225586,36.62300109863281,27328000,0.009674108646909652,0.29622656773384554,1005046419.8404948
2015-11-12,36.38914489746094,36.561500549316406,36.88999938964844,36.4322509765625,36.54999923706055,36744000,-0.005686483126011499,0.29652537285283465,1345856181.213379
2015-11-13,35.68099594116211,35.849998474121094,36.557498931884766,35.83649826049805,36.458499908447266,41510000,-0.019652292593004717,0.30836132185017806,1497736086.7055256
2015-11-16,36.27618408203125,36.448001861572266,36.4744987487793,35.56650161743164,35.779998779296875,38118000,0.01654321958640903,0.3113836914244871,1378461262.3062134
2015-11-17,36.09403991699219,36.26499938964844,36.59225082397461,36.15134811401367,36.464500427246094,30218000,-0.005033687601655679,0.29599408277992384,1098007274.754842
2015-11-18,36.82557678222656,37.0,37.070499420166016,36.349998474121094,36.37900161743164,33686000,0.0200648725594621,0.293047086504773,1239874964.0223186
2015-11-19,36.74645233154297,36.920501708984375,37.099998474121094,36.871498107910156,36.9370002746582,26542000,-0.002150939212707481,0.2934895941272506,981098472.8800455
2015-11-20,37.65166473388672,37.83000183105469,37.895999908447266,37.150001525878906,37.326499938964844,44246000,0.024335483504976274,0.1745877365732817,1664770546.8266804
2015-11-23,37.62080764770508,37.79899978637695,38.135398864746094,37.590999603271484,37.872501373291016,28290000,-0.0008198770927498877,0.1700477601936303,1070544505.5389403
2015-11-24,37.23762893676758,37.41400146484375,37.76395034790039,36.881500244140625,37.599998474121094,46662000,-0.010237511630070806,0.17342990084398713,1742972717.2927856
2015-11-25,37.23115921020508,37.407501220703125,37.599998474121094,37.303001403808594,37.40700149536133,22442000,-0.0001737567305646337,0.17320489445897758,840157421.8851726
2015-11-27,37.336158752441406,37.51300048828125,37.670501708984375,37.3745002746582,37.42300033569336,16770000,0.0028162367777935238,0.17283748949891425,629199233.8180542
2015-11-30,36.9549674987793,37.130001068115234,37.746498107910156,37.063499450683594,37.44049835205078,41952000,-0.01026218387684441,0.17427682385983906,1565368940.7958984
2015-12-01,38.17120361328125,38.35200119018555,38.4474983215332,37.334999084472656,37.355499267578125,42692000,0.032381322469719365,0.1994499820233035,1624210004.6895344
2015-12-02,37.93929672241211,38.11899948120117,38.79774856567383,37.948001861572266,38.44499969482422,44608000,-0.006093971463327907,0.2019231604233117,1707962254.6386719
2015-12-03,37.449615478515625,37.62699890136719,38.44974899291992,37.28150177001953,38.300498962402344,51812000,-0.012990985447707715,0.20788346491612958,1957772543.8690186
2015-12-04,38.159759521484375,38.34049987792969,38.42449951171875,37.5,37.654998779296875,55146000,0.018785102398197306,0.21608833137729155,2100419218.7805176
2015-12-07,37.98259353637695,38.162498474121094,38.436500549316406,37.75450134277344,38.38850021362305,36246000,-0.004653554761878453,0.21739684606008425,1381618991.4245605
2015-12-08,37.938804626464844,38.118499755859375,38.2400016784668,37.709999084472656,37.894500732421875,36590000,-0.001153532886045916,0.21164001318526127,1391255477.994283
2015-12-09,37.40333938598633,37.580501556396484,38.21149826049805,36.85005187988281,37.958499908447266,54000000,-0.014214468234539535,0.21916528834218466,2027556930.541992
2015-12-10,37.296348571777344,37.472999572753906,37.79249954223633,37.19150161743164,37.64250183105469,39768000,-0.002864560490018153,0.21761399881959015,1490730001.7089844
2015-12-11,36.76934051513672,36.94350051879883,37.285499572753906,36.837501525878906,37.05799865722656,44488000,-0.01423106859309664,0.22284099657489476,1647042174.6520996
2015-12-14,37.21224594116211,37.38850021362305,37.436500549316406,36.208499908447266,37.089500427246094,48250000,0.011973539327280402,0.21343368199958831,1785788802.4648032
2015-12-15,36.994773864746094,37.16999816894531,37.90399932861328,37.1505012512207,37.650001525878906,53324000,-0.005861243304849495,0.20834687392726775,1994753057.0933025
2015-12-16,37.72581100463867,37.90449905395508,38.02949905395508,36.97174835205078,37.5,39866000,0.019567846457194005,0.21662035729601278,1500366829.4576008
2015-12-17,37.294857025146484,37.471500396728516,38.13399887084961,37.45000076293945,38.12099838256836,31068000,-0.01148906644648573,0.2112948676538136,1170802758.31604
2015-12-18,36.79124069213867,36.96549987792969,37.70650100708008,36.907501220703125,37.32550048828125,62974000,-0.013595643607522856,0.21683245513823068,2342202521.8683877
2015-12-21,37.21224594116211,37.38850021362305,37.5,37.0,37.30649948120117,30514000,0.011378106901664076,0.20273066328945846,1138055231.839498
2015-12-22,37.323219299316406,37.5,37.74250030517578,37.2765007019043,37.58250045776367,27308000,0.0029777352243112176,0.2031011120194326,1024222959.833781
2015-12-23,37.33864974975586,37.515499114990234,37.71049880981445,37.20000076293945,37.673500061035156,31318000,0.00041334220146582723,0.19991688456751883,1173652475.6342568
2015-12-24,37.243595123291016,37.41999816894531,37.567501068115234,37.33100128173828,37.477500915527344,10544000,-0.002548989457036299,0.200131958147343,394762089.82340497
2015-12-28,37.945770263671875,38.1254997253418,38.14950180053711,37.47600173950195,37.645999908447266,30306000,0.01867805508451781,0.21019858608159778,1149112634.9868774
2015-12-29,38.646949768066406,38.83000183105469,38.999000549316406,38.32149887084961,38.33449935913086,35300000,0.018309810466263787,0.2144371301117974,1366704231.3893635
2015-12-30,38.36826705932617,38.54999923706055,38.880001068115234,38.345001220703125,38.83000183105469,25866000,-0.007237113302335008,0.18621868695035007,998212063.1561279
2015-12-31,37.7651252746582,37.944000244140625,38.474998474121094,37.91699981689453,38.474998474121094,30018000,-0.015844674315421692,0.19332905235315312,1144046001.3427734
2016-01-04,36.91714096069336,37.09199905395508,37.202999114990234,36.56290054321289,37.150001525878906,65456000,-0.022710097107472738,0.20403981642895136,2418771539.367676
2016-01-05,36.9539680480957,37.12900161743164,37.599998474121094,36.93199920654297,37.3224983215332,39014000,0.0009970634243190446,0.19151548000081275,1452114075.5386353
2016-01-06,37.0057258605957,37.180999755859375,37.35900115966797,36.44599914550781,36.5,38940000,0.0013996223676402408,0.1914466230731065,1440598280.7922363
2016-01-07,36.14828872680664,36.31949996948242,36.92499923706055,35.952999114990234,36.515499114990234,59274000,-0.023443044300297533,0.20619153375318142,2157524171.836853
2016-01-08,35.55509567260742,35.7234992980957,36.6614990234375,35.650001525878906,36.5724983215332,49018000,-0.01654612519400267,0.20802212260594366,1765219874.1734824
2016-01-11,35.63272476196289,35.80149841308594,35.9427490234375,35.176998138427734,35.830501556396484,41812000,0.0021809663409428914,0.20865252401599857,1490197039.9932861
2016-01-12,36.132362365722656,36.30350112915039,36.4375,35.865848541259766,36.08399963378906,40490000,0.013924477672107916,0.21106039595243262,1465830447.7183025
2016-01-13,34.86286926269531,35.02799987792969,36.73699951171875,34.93050003051758,36.54249954223633,50034000,-0.03576658330747717,0.237426993993492,1779467539.3295288
2016-01-14,35.567535400390625,35.736000061035156,36.096248626708984,34.45500183105469,35.26900100708008,44516000,0.02001094997275432,0.2503766988429671,1577161081.3649495
2016-01-15,34.55881118774414,34.72249984741211,35.33700180053711,34.26850128173828,34.614498138427734,72162000,-0.028770750002877765,0.2538214485573879,2509505782.470703
2016-01-19,34.9240837097168,35.089500427246094,35.499000549316406,34.670501708984375,35.165000915527344,45362000,0.010514124015164494,0.25745081550825294,1591586293.2739258
2016-01-20,34.757869720458984,34.92250061035156,35.342498779296875,33.66299819946289,34.43050003051758,68900000,-0.004770655709733784,0.2547939048368746,2386879677.963257
2016-01-21,35.1629524230957,35.329498291015625,35.95949935913086,34.722999572753906,35.10900115966797,48244000,0.011587027222540236,0.25494180892600043,1704814264.6738687
2016-01-22,36.091556549072266,36.26250076293945,36.40650177001953,36.00605010986328,36.18000030517578,40236000,0.026065907005334843,0.2734162958603646,1457549806.0455322
2016-01-25,35.41575241088867,35.583499908447266,36.48400115966797,35.5004997253418,36.17900085449219,34234000,-0.018902242852313123,0.2796506643608303,1227494313.0544028
2016-01-26,35.48393249511719,35.652000427246094,35.91400146484375,35.32400131225586,35.692501068115234,26634000,0.0019232837306830675,0.2800974348910217,948969448.4481812
2016-01-27,34.834510803222656,34.9995002746582,35.91175079345703,34.71950149536133,35.68349838256836,43884000,-0.01847140312433604,0.2742678771018843,1545166648.4985352
2016-01-28,36.375709533691406,36.54800033569336,36.68450164794922,35.61750030517578,36.111000061035156,53528000,0.043292646253500155,0.3113102436193142,1942174307.5052898
2016-01-29,36.97238540649414,37.147499084472656,37.2495002746582,36.34000015258789,36.576499938964844,69486000,0.0162700622462979,0.3178605604645799,2564890382.6904297
2016-02-01,37.42274856567383,37.599998474121094,37.893001556396484,37.16350173950195,37.52299880981445,102784000,0.012107476301686404,0.3170679662299011,3859761959.309896
2016-02-02,38.052268981933594,38.23249816894531,39.493499755859375,38.23249816894531,39.224998474121094,126962000,0.01668194418780722,0.3114715443898203,4907440860.3515625
2016-02-03,36.17615509033203,36.34749984741211,38.724998474121094,36.025001525878906,38.51100158691406,123420000,-0.05056051148605034,0.3598679180750067,4570551143.722534
2016-02-04,35.233619689941406,35.4005012512207,36.349998474121094,35.09299850463867,36.140499114990234,103374000,-0.026399471022488186,0.3701750965158577,3681613262.0086675
2016-02-05,34.01737976074219,34.17850112915039,35.199501037597656,34.00749969482422,35.19350051879883,102114000,-0.035129168162366664,0.380585706971514,3519035712.364197
2016-02-08,33.97607421875,34.137001037597656,34.201499938964844,33.15299987792969,33.39250183105469,84948000,-0.0012149859922070405,0.3774124064695173,2873833338.195801
2016-02-09,33.745662689208984,33.90549850463867,34.994998931884766,33.438499450683594,33.61600112915039,72178000,-0.006804681307237548,0.3773571659392187,2462208039.1082764
2016-02-10,34.04475021362305,34.20600128173828,35.06549835205078,34.10649871826172,34.34299850463867,52760000,0.008823945812813871,0.3749271706468354,1818074397.6847332
2016-02-11,33.994483947753906,34.15549850463867,34.467498779296875,33.44340133666992,33.75,60480000,-0.0014775673369586961,0.35540098430728806,2057658596.1914062
2016-02-12,33.95915222167969,34.119998931884766,34.6875,33.93000030517578,34.51300048828125,42828000,-0.0010398775179578656,0.3468857786966773,1466680539.1082764
2016-02-16,34.38712692260742,34.54999923706055,34.900001525878906,34.252498626708984,34.64899826049805,50400000,0.01252387987087955,0.33646653808766025,1742201989.7460935
2016-02-17,35.25302505493164,35.41999816894531,35.48749923706055,34.569000244140625,34.90449905395508,49852000,0.02486906576087966,0.3457887037729333,1752738120.2850342
2016-02-18,34.703128814697266,34.86750030517578,35.61750030517578,34.80149841308594,35.5,37664000,-0.015721492278888416,0.34993020369436373,1321836899.7395833
2016-02-19,34.88029098510742,35.045501708984375,35.154048919677734,34.70249938964844,34.75149917602539,31786000,0.005092091010434174,0.3479176872545695,1111472187.2940063
2016-02-22,35.15648651123047,35.323001861572266,35.6619987487793,35.1254997253418,35.372501373291016,38996000,0.00788719777779745,0.3359711837867657,1379295023.6968994
2016-02-23,34.62847900390625,34.79249954223633,35.41999816894531,34.67900085449219,35.0724983215332,40186000,-0.015132703139546066,0.3337301760319303,1405056587.1200562
2016-02-24,34.813106536865234,34.97800064086914,35.0,34.03900146484375,34.44599914550781,39272000,0.005317504390567773,0.33432675961166813,1361651902.2318523
2016-02-25,35.12114715576172,35.287498474121094,35.29899978637695,34.52925109863281,35.0004997253418,32844000,0.008809491624152344,0.32960641744602664,1150807223.9837646
2016-02-26,35.08731460571289,35.253501892089844,35.67150115966797,35.042999267578125,35.42900085449219,44870000,-0.0009637742180590436,0.2902749319420968,1584928088.022868
2016-02-29,34.72403335571289,34.88850021362305,35.544498443603516,34.88399887084961,35.01599884033203,49622000,-0.010407606779386569,0.283951403978793,1742013350.4460652
2016-03-01,35.77106857299805,35.94049835205078,35.94049835205078,34.98849868774414,35.180999755859375,43028000,0.029707375141652115,0.3018233901935845,1532793549.2401123
2016-03-02,35.77306365966797,35.942501068115234,36.0,35.599998474121094,35.95000076293945,32580000,5.577219565511271e-05,0.29405986611049373,1167911545.0286865
2016-03-03,35.45307540893555,35.62099838256836,35.97249984741211,35.30099868774414,35.933998107910156,39160000,-0.008985195820935932,0.2396348636329515,1395329499.7660317
2016-03-04,35.37693786621094,35.544498443603516,35.824501037597656,35.30099868774414,35.7495002746582,39442000,-0.002149867507550862,0.22124238815965644,1402426022.5931802
2016-03-07,34.594146728515625,34.757999420166016,35.40454864501953,34.345001220703125,35.345001220703125,59702000,-0.02237563707647805,0.19884613494639575,2079769902.4887085
2016-03-08,34.53492736816406,34.69850158691406,35.18949890136719,34.266998291015625,34.429500579833984,41526000,-0.0017132986550563167,0.19891850412853662,1441713493.1030273
2016-03-09,35.09577560424805,35.262001037597656,35.284000396728516,34.70000076293945,34.923500061035156,28430000,0.016109570671736684,0.20360071282030062,997381280.8227539
2016-03-10,35.47298049926758,35.64099884033203,35.821998596191406,35.167999267578125,35.40599822998047,56670000,0.010690523917889383,0.20449389205437393,2014259527.7404783
2016-03-11,36.169681549072266,36.340999603271484,36.34600067138672,35.85625076293945,36.0,39416000,0.01944994765056629,0.21259652306464405,1426113594.2993164
2016-03-14,36.35232162475586,36.52450180053711,36.775001525878906,36.25749969482422,36.34049987792969,34366000,0.005036828929609882,0.2121442019916978,1255011988.609314
2016-03-15,36.24482727050781,36.416500091552734,36.614498138427734,36.23849868774414,36.34600067138672,34420000,-0.002961395438885628,0.21051611925464378,1253685361.3026938
2016-03-16,36.631004333496094,36.804500579833984,36.87350082397461,36.22549819946289,36.31850051879883,32488000,0.010598319614057772,0.1968688927171401,1190181631.7036948
2016-03-17,36.71510314941406,36.888999938964844,37.153499603271484,36.79999923706055,36.8224983215332,37216000,0.002293205615373939,0.18610357616691822,1375038144.856771
2016-03-18,36.70614242553711,36.880001068115234,37.099998474121094,36.59149932861328,37.09299850463867,59614000,-0.00024409076286513454,0.1861976710001038,2197203111.228943
2016-03-21,36.92958450317383,37.10449981689453,37.125,36.67580032348633,36.82500076293945,36730000,0.006068868272468553,0.18564654478350878,1357850558.052063
2016-03-22,36.86289978027344,37.037498474121094,37.25,36.87300109863281,36.87300109863281,25394000,-0.0018073586138291908,0.17516397845567291,940936575.3835042
2016-03-23,36.729034423828125,36.90299987792969,37.2859992980957,36.807498931884766,37.11800003051758,28642000,-0.003638048260037774,0.1764878506930667,1059720566.2689209
2016-03-24,36.591678619384766,36.76499938964844,36.88734817504883,36.54999923706055,36.60049819946289,31898000,-0.0037467165668303437,0.17633843289468606,1171744819.4274902
2016-03-28,36.503604888916016,36.67649841308594,36.949501037597656,36.625,36.839500427246094,26026000,-0.0024098346395033943,0.17672048304126628,956464170.5678304
2016-03-29,37.062950134277344,37.23849868774414,37.36249923706055,36.4379997253418,36.72949981689453,38076000,0.015206802168316269,0.17631946833598164,1409306958.1756592
2016-03-30,37.34959411621094,37.5265007019043,37.89400100708008,37.4370002746582,37.505001068115234,35648000,0.007704222524125726,0.14905963588175625,1341048076.9042969
2016-03-31,37.0719108581543,37.247501373291016,37.54249954223633,37.047000885009766,37.462501525878906,34376000,-0.007462481356728112,0.15262329862438456,1281502924.6317546
2016-04-01,37.31874084472656,37.49549865722656,37.516998291015625,36.849998474121094,36.93000030517578,31534000,0.0066360728595666885,0.14824233031176,1175823976.8829346
2016-04-04,37.088829040527344,37.26449966430664,37.63999938964844,37.121498107910156,37.50299835205078,22684000,-0.00617981574320936,0.15049561807354314,847065906.539917
2016-04-05,36.71609115600586,36.88999938964844,37.13999938964844,36.76850128173828,36.900001525878906,22646000,-0.010100710157311177,0.12961561056998105,836380944.1274006
2016-04-06,37.108734130859375,37.28450012207031,37.3120002746582,36.77799987792969,36.78850173950195,21074000,0.010637253136858149,0.13102072393439765,782368739.5960491
2016-04-07,36.83951187133789,37.013999938964844,37.349998474121094,36.81399917602539,37.26850128173828,29064000,-0.007281401887463179,0.12782162146040785,1077092440.6433105
2016-04-08,36.78327560424805,36.95750045776367,37.272499084472656,36.77750015258789,37.19850158691406,25816000,-0.0015276867381754933,0.12482070194681913,955256537.3738607
2016-04-11,36.63149642944336,36.80500030517578,37.25,36.8025016784668,37.1510009765625,24402000,-0.004134846076529364,0.10842739167238247,901714921.1349487
2016-04-12,36.979347229003906,37.15449905395508,37.19150161743164,36.550498962402344,36.900001525878906,27060000,0.009451145281268225,0.11171160665359792,1000286426.6967773
2016-04-13,37.408817291259766,37.58599853515625,37.71900177001953,37.213050842285156,37.45800018310547,34142000,0.011546859282892896,0.11663494151664791,1280530434.0922039
2016-04-14,37.48246765136719,37.65999984741211,37.865501403808594,37.635250091552734,37.70050048828125,22706000,0.0019668612684946574,0.11195537512773883,856476006.6630046
2016-04-15,37.77109909057617,37.95000076293945,38.04999923706055,37.634700775146484,37.69900131225586,36186000,0.0076709415125515434,0.1141720280910955,1370661760.749817
2016-04-18,38.14980697631836,38.330501556396484,38.40250015258789,37.8650016784668,38.02299880981445,31176000,0.00997646225305271,0.11771831226605782,1190902451.2023926
2016-04-19,37.518795013427734,37.69649887084961,38.494998931884766,37.46649932861328,38.47549819946289,40610000,-0.01667869034370595,0.1329596367791195,1538550421.1680095
2016-04-20,37.45608901977539,37.63349914550781,37.90660095214844,37.5004997253418,37.900001525878906,30584000,-0.001672720380480719,0.13292729041912643,1152411234.9955242
2016-04-21,37.77806854248047,37.957000732421875,38.022499084472656,37.477500915527344,37.76900100708008,61210000,0.008559449562076882,0.13448774393758037,2314901004.9438477
2016-04-22,35.769081115722656,35.938499450683594,36.805999755859375,35.68050003051758,36.314998626708984,119038000,-0.05464487270153606,0.23602624701568045,4302231686.393738
2016-04-25,35.9870491027832,36.157501220703125,36.19649887084961,35.77949905395508,35.80500030517578,39184000,0.006075262331121323,0.2372719884099977,1412367676.8391929
2016-04-26,35.240089416503906,35.40700149536133,36.288299560546875,35.15129852294922,36.270999908447266,54892000,-0.020974788163685254,0.23969373756658077,1955007848.0275474
2016-04-27,35.12562942504883,35.29199981689453,35.44900131225586,34.61825180053711,35.364498138427734,61972000,-0.00325329135528607,0.23678391189768688,2176441207.5195312
2016-04-28,34.388118743896484,34.55099868774414,35.708499908447266,34.477500915527344,35.41299819946289,57346000,-0.0212199276994518,0.24465307264800576,2002082657.9996743
2016-04-29,34.48715591430664,34.6505012512207,34.88100051879883,34.45000076293945,34.53499984741211,49754000,0.0028758430121298417,0.24298047056263855,1724498559.0082805
2016-05-02,34.74592590332031,34.910499572753906,35.03200149536133,34.54999923706055,34.881500244140625,32906000,0.007475362565033006,0.24597277812702784,1146143405.014038
2016-05-03,34.454803466796875,34.61800003051758,34.891998291015625,34.599998474121094,34.84349822998047,30876000,-0.008413904207162926,0.2454506022286804,1071500087.0208741
2016-05-04,34.62102127075195,34.78499984741211,34.98749923706055,34.45050048828125,34.52450180053711,33870000,0.004812628018734166,0.24212442225359607,1176677665.1763916
2016-05-05,34.906166076660156,35.07149887084961,35.11600112915039,34.7859992980957,34.8849983215332,33670000,0.00820244325993702,0.24496262060955326,1178152573.788961
2016-05-06,35.38838195800781,35.555999755859375,35.59299850463867,34.90534973144531,34.91899871826172,36586000,0.01372008097899391,0.2514723046988503,1293368125.21108
2016-05-09,35.476966857910156,35.64500045776367,35.93550109863281,35.5,35.599998474121094,30206000,0.00250009200614576,0.25178783940463306,1078157876.6708374
2016-05-10,35.98854446411133,36.159000396728516,36.17499923706055,35.7859992980957,35.837501525878906,31392000,0.014317013484478114,0.2550211124032761,1131367668.8232422
2016-05-11,35.59590148925781,35.76449966430664,36.2239990234375,35.63999938964844,36.170501708984375,33842000,-0.010970173962381757,0.25255137215385004,1214121210.6450398
2016-05-12,35.497371673583984,35.66550064086914,35.962501525878906,35.45000076293945,35.85300064086914,27214000,-0.0027718481475176304,0.25203076976012145,971340257.2428385
2016-05-13,35.37395095825195,35.541500091552734,35.833099365234375,35.4630012512207,35.596500396728516,26290000,-0.0034829557433555536,0.24917426982114693,936253507.5378418
2016-05-16,35.65562057495117,35.824501037597656,35.92399978637695,35.282501220703125,35.45650100708008,26342000,0.007931093686436963,0.24790057092616632,939803551.9536335
2016-05-17,35.14503860473633,35.311500549316406,36.07600021362305,35.205501556396484,35.79949951171875,40024000,-0.01442333525067463,0.24649500830285184,1422092774.9430337
2016-05-18,35.16494369506836,35.33150100708008,35.58000183105469,35.03150177001953,35.18349838256836,35336000,0.0005662095256671051,0.2467990997763178,1247867336.94458
2016-05-19,34.850929260253906,35.01599884033203,35.29999923706055,34.84000015258789,35.11800003051758,33404000,-0.008969867173976187,0.24374728857401606,1170876988.2914226
2016-05-20,35.31970977783203,35.48699951171875,35.729000091552734,35.0260009765625,35.08100128173828,36568000,0.013361357345591518,0.16743585069206593,1295019159.0677896
2016-05-23,35.04601287841797,35.21200180053711,35.57389831542969,35.20899963378906,35.326499938964844,26614000,-0.007779307008331404,0.16730393441823324,940316087.3133341
2016-05-24,35.83477020263672,36.00450134277344,36.048500061035156,35.34299850463867,35.34299850463867,38590000,0.02225680501591576,0.17016123872659664,1381470545.4889932
2016-05-25,36.09254837036133,36.26350021362305,36.3754997253418,35.98524856567383,36.03799819946289,32584000,0.007167770924659145,0.17082356898365933,1179804171.0917153
2016-05-26,36.03532409667969,36.20600128173828,36.416500091552734,36.013999938964844,36.14350128173828,31526000,-0.0015867454211742071,0.15041347921891005,1141624780.1233928
2016-05-27,36.46031188964844,36.632999420166016,36.696800231933594,36.20000076293945,36.20050048828125,39500000,0.011724641232979227,0.1538866318157895,1442142372.1313477
2016-05-31,36.61258316040039,36.7859992980957,36.98649978637695,36.5629997253418,36.58700180053711,42590000,0.004167660007243779,0.15303867467971094,1566396298.1033325
2016-06-01,36.534454345703125,36.70750045776367,36.86050033569336,36.53300094604492,36.72650146484375,25072000,-0.002136213497419437,0.148820641815986,920150771.870931
2016-06-02,36.34783935546875,36.52000045776367,36.6510009765625,36.208499908447266,36.625,26836000,-0.005121007821914159,0.15118719111819992,978436099.3448893
2016-06-03,35.946739196777344,36.117000579833984,36.4744987487793,36.02799987792969,36.4635009765625,24526000,-0.011096385989930901,0.15655736454586036,888000612.5132242
2016-06-06,35.65860366821289,35.82749938964844,36.24549865722656,35.730499267578125,36.24549865722656,31306000,-0.008047921348396159,0.1531718920411515,1124965428.9754233
2016-06-07,35.66358184814453,35.83250045776367,36.0989990234375,35.82749938964844,35.992000579833984,26724000,0.0001395969544026876,0.152977882400212,959917161.9415283
2016-06-08,36.24234390258789,36.41400146484375,36.42850112915039,36.02899932861328,36.198001861572266,31674000,0.016098104492663357,0.15514840807815003,1149465317.2988892
2016-06-09,36.257266998291016,36.42900085449219,36.47700119018555,36.116798400878906,36.14350128173828,19778000,0.0004116738208232995,0.14958082850962184,718750982.404073
2016-06-10,35.800933837890625,35.97050094604492,36.294498443603516,35.82149887084961,35.9734992980957,24328000,-0.012665852204117645,0.15641861786991457,876509443.2271322
2016-06-13,35.74867630004883,35.917999267578125,36.27199935913086,35.82550048828125,35.82550048828125,25178000,-0.001460736041274835,0.1559376336542609,906538078.9057415
2016-06-14,35.744197845458984,35.91350173950195,36.12350082397461,35.65599822998047,35.82400131225586,26122000,-0.00012528394330857395,0.1535911837209955,937718855.5755615
2016-06-15,35.776546478271484,35.94599914550781,36.14899826049805,35.865501403808594,35.95000076293945,24290000,0.0009045944732331002,0.1441645470283373,874120172.0301311
2016-06-16,35.350563049316406,35.518001556396484,35.83250045776367,35.16299819946289,35.74549865722656,39650000,-0.011978232351768092,0.1508958327674336,1407753427.8233845
2016-06-17,34.42295455932617,34.58599853515625,35.441001892089844,34.42259979248047,35.432498931884766,68048000,-0.02659069451469609,0.17488873776461622,2369195465.2506514
2016-06-20,34.52198791503906,34.68550109863281,35.124000549316406,34.670501708984375,34.938499450683594,41650000,0.0028728263530273246,0.16795247718026565,1450530713.2720947
2016-06-21,34.632965087890625,34.797000885009766,35.13850021362305,34.60049819946289,34.91999816894531,29312000,0.0032095247931689386,0.1667799050042939,1021386403.8085938
2016-06-22,34.7086067199707,34.87300109863281,35.042999267578125,34.65409851074219,34.952999114990234,23686000,0.00218171178159432,0.14518995022380438,825615787.3331705
2016-06-23,34.92806625366211,35.09349822998047,35.09749984741211,34.349998474121094,34.872501373291016,43428000,0.006303008195977178,0.14456168495647362,1513335466.079712
2016-06-24,33.601844787597656,33.76100158691406,34.470001220703125,33.67250061035156,33.75849914550781,88980000,-0.03870972681492901,0.19324726731438976,3022457911.376953
2016-06-27,33.25548553466797,33.41299819946289,33.6150016784668,33.16419982910156,33.54999923706055,52580000,-0.010361237874090712,0.18631177617484185,1756035286.8652344
2016-06-28,33.84170913696289,34.00199890136719,34.01649856567383,33.650001525878906,33.94850158691406,43476000,0.017474307893385443,0.1994283911569136,1473379887.4053955
2016-06-29,34.04425048828125,34.205501556396484,34.3714485168457,34.070499420166016,34.150001525878906,38652000,0.005967123494152737,0.20229923551780826,1322509739.2730713
2016-06-30,34.44186782836914,34.60499954223633,34.61600112915039,34.182498931884766,34.27349853515625,31954000,0.011611748993906712,0.20881909915337737,1101385142.1076455
2016-07-01,34.79568862915039,34.96049880981445,35.032501220703125,34.60649871826172,34.61000061035156,26894000,0.010220576776381218,0.21102273502842153,937699639.7832234
2016-07-05,34.58369827270508,34.747501373291016,34.84700012207031,34.444000244140625,34.803001403808594,29252000,-0.006111066287707523,0.21038563126922727,1014444750.9613037
2016-07-06,34.72403335571289,34.88850021362305,35.08399963378906,34.454498291015625,34.499000549316406,28238000,0.004049628273666173,0.21121000200952025,982936524.4776409
2016-07-07,34.604103088378906,34.768001556396484,34.90999984741211,34.41075134277344,34.90399932861328,26084000,-0.0034597897222452545,0.20148526569976166,905017008.8806152
2016-07-08,35.11518096923828,35.28150177001953,35.285499572753906,34.82175064086914,34.974998474121094,31504000,0.014661281811854554,0.20977408428381,1106722414.164225
2016-07-11,35.5859489440918,35.75450134277344,35.82550048828125,35.36199951171875,35.40250015258789,22236000,0.01331732415061726,0.21175686295859739,792654113.9526367
2016-07-12,35.86214065551758,36.03200149536133,36.14699935913086,35.795501708984375,35.95600128173828,26738000,0.007731293830357089,0.21350351500135578,962340749.8474121
2016-07-13,35.68000411987305,35.8489990234375,36.20000076293945,35.842498779296875,36.180999755859375,18718000,-0.005091738015936542,0.21427671141767915,673171023.3840942
2016-07-14,35.877567291259766,36.04750061035156,36.11050033569336,35.9015007019043,36.07899856567383,19004000,0.005521810465950239,0.2151404291269937,684520923.1058757
2016-07-15,35.82282638549805,35.99250030517578,36.2869987487793,35.95275115966797,36.2864990234375,25586000,-0.0015269348908835134,0.21071547660150888,923076784.6552532
2016-07-18,36.51604080200195,36.68899917602539,36.80649948120117,36.05950164794922,36.135501861572266,25910000,0.01916633932130729,0.19502929646731998,946190019.3023682
2016-07-19,36.67429733276367,36.847999572753906,36.8494987487793,36.45000076293945,36.49449920654297,24550000,0.004324526472519796,0.19508659099505926,901373700.841268
2016-07-20,36.88479995727539,37.05950164794922,37.10649871826172,36.85499954223633,36.86650085449219,25794000,0.00572337635687914,0.19531045934642033,954558557.2128296
2016-07-21,36.75740051269531,36.93149948120117,37.08449935913086,36.79154968261719,37.018001556396484,20526000,-0.0034599610240344525,0.1966336143121539,758145246.9940186
2016-07-22,36.96193313598633,37.137001037597656,37.1619987487793,36.827999114990234,37.09299850463867,25196000,0.005548968987703962,0.19648487249700802,933318621.439616
2016-07-25,36.81412887573242,36.98849868774414,37.13050079345703,36.875,37.03350067138672,20648000,-0.004006840537987166,0.12920810362393811,763934700.4292805
2016-07-26,36.746952056884766,36.92100143432617,37.08449935913086,36.7135009765625,36.95199966430664,23734000,-0.001826423338812777,0.11981803781215827,875934929.3365479
2016-07-27,36.913658142089844,37.0885009765625,37.222999572753906,36.849998474121094,36.91400146484375,30250000,0.004526336922100249,0.1108612711690186,1120878448.4863281
2016-07-28,37.11968994140625,37.295501708984375,37.432498931884766,36.96500015258789,37.35200119018555,70604000,0.005565933097676723,0.11079594811573368,2628657542.673747
2016-07-29,38.2582893371582,38.43949890136719,38.9275016784668,38.3385009765625,38.635501861572266,76830000,0.03021269647873792,0.14083054761834668,2963217894.859314
2016-08-01,38.46182632446289,38.64400100708008,39.02149963378906,38.054500579833984,38.054500579833984,54010000,0.0053059738784284605,0.13966854793906575,2083345755.3100586
2016-08-02,38.37175369262695,38.55350112915039,38.79199981689453,38.39250183105469,38.43450164794922,35690000,-0.002344617368561952,0.13646131373793888,1376896439.704895
2016-08-03,38.47675704956055,38.659000396728516,38.660499572753906,38.340999603271484,38.35900115966797,25748000,0.0027327379871207036,0.136676711362657,992675514.3330891
2016-08-04,38.398624420166016,38.580501556396484,38.70349884033203,38.43975067138672,38.611000061035156,22806000,-0.002032709426706525,0.1356316750837469,879731955.619812
2016-08-05,38.92662811279297,39.111000061035156,39.152000427246094,38.617000579833984,38.68899917602539,36024000,0.01365690720305901,0.13479102868284612,1403495052.8259277
2016-08-08,38.90373611450195,39.0880012512207,39.131500244140625,38.90454864501953,39.099998474121094,22158000,-0.000588253676528705,0.13274785022812988,865078234.336853
2016-08-09,39.02814865112305,39.2130012512207,39.446998596191406,39.028499603271484,39.05500030517578,26378000,0.0031928559840967985,0.13226512398112614,1034795746.170044
2016-08-10,39.04904556274414,39.23400115966797,39.340599060058594,39.13890075683594,39.1875,15728000,0.0005352885008349517,0.1286516026203704,617132647.7864583
2016-08-11,39.0575065612793,39.24250030517578,39.48749923706055,39.14849853515625,39.25,19502000,0.0002166527221638681,0.1294335552557561,766288823.1684368
2016-08-12,38.97638702392578,39.1609992980957,39.16975021362305,39.02000045776367,39.07500076293945,14810000,-0.0020790854549770366,0.12975755178623422,579321535.6826782
2016-08-15,38.93757629394531,39.12200164794922,39.3745002746582,39.00550079345703,39.1875,18764000,-0.0009962458983663325,0.11877814531283766,734935859.6547444
2016-08-16,38.67382049560547,38.856998443603516,39.04899978637695,38.67219924926758,39.01499938964844,20560000,-0.006796857797939371,0.12359820919275091,798949246.7244467
2016-08-17,38.811668395996094,38.99549865722656,39.04050064086914,38.67649841308594,38.86600112915039,18484000,0.003558035131159265,0.12314696110350398,719104602.5644938
2016-08-18,38.69173812866211,38.875,39.143001556396484,38.849998474121094,39.0004997253418,14388000,-0.0030948410769675583,0.12292887438061419,560498928.1463623
2016-08-19,38.58823013305664,38.770999908447266,38.85499954223633,38.65650177001953,38.75,17230000,-0.0026787810562125536,0.12370527013430921,667849165.3442383
2016-08-22,38.42549514770508,38.60749816894531,38.72700119018555,38.502498626708984,38.66350173950195,19028000,-0.00422613571711139,0.1238451044927492,734715465.8915203
2016-08-23,38.42201232910156,38.604000091552734,38.821998596191406,38.58924865722656,38.77399826049805,18564000,-9.064233103339703e-05,0.12328864669308931,717902350.5706787
2016-08-24,38.30058670043945,38.481998443603516,38.724998474121094,38.35350036621094,38.52899932861328,21440000,-0.0031653184741062823,0.124349974239025,825872353.9225261
2016-08-25,38.289146423339844,38.47050094604492,38.59450149536133,38.15924835205078,38.349998474121094,18538000,-0.0002987417952273752,0.12379248754692437,712009053.7363688
2016-08-26,38.295616149902344,38.47700119018555,38.80400085449219,38.29249954223633,38.45000076293945,23334000,0.0001689559740216673,0.0665517929020885,898930695.3430176
2016-08-29,38.42549514770508,38.60749816894531,38.7495002746582,38.33074951171875,38.4370002746582,16952000,0.0033857466263453873,0.0649529259905632,653712901.1128743
2016-08-30,38.273223876953125,38.454498291015625,38.72330093383789,38.34199905395508,38.46649932861328,22600000,-0.003970639216587468,0.06591408719585665,870249147.0336914
2016-08-31,38.17170333862305,38.352500915527344,38.454498291015625,38.26900100708008,38.35049819946289,24972000,-0.002656045383516936,0.0656026506178297,957892625.7781982
2016-09-01,38.257789611816406,38.43899917602539,38.55099868774414,38.21500015258789,38.462501525878906,18502000,0.0022526986971898033,0.06593175799229106,710507624.4328817
2016-09-02,38.39116287231445,38.573001861572266,38.69599914550781,38.420501708984375,38.6505012512207,21454000,0.003480110054587815,0.04513527952459494,827334197.0901489
2016-09-06,38.82012939453125,39.00400161743164,39.099998474121094,38.54999923706055,38.67250061035156,28856000,0.011111611352349726,0.0608808913033704,1122055934.8754883
2016-09-07,38.83356857299805,39.01750183105469,39.13650131225586,38.810001373291016,39.0,17874000,0.0003461310652994598,0.0597220377687735,696871538.9099121
2016-09-08,38.583248138427734,38.76599884033203,39.01750183105469,38.67900085449219,38.929500579833984,25406000,-0.006466845772578722,0.06336449408925629,986282104.5888264
2016-09-09,37.80394744873047,37.983001708984375,38.66225051879883,37.983001708984375,38.505001068115234,37710000,-0.02040466918677053,0.09317072071930001,1440877151.9851685
2016-09-12,38.26974105834961,38.45100021362305,38.51449966430664,37.70000076293945,37.756500244140625,26220000,0.012246006202523141,0.10476353718020541,1002176475.6011964
2016-09-13,37.8054313659668,37.984500885009766,38.31100082397461,37.790000915527344,38.2239990234375,27900000,-0.012206754002338727,0.1118156366506222,1060995174.4079591
2016-09-14,37.94477844238281,38.1245002746582,38.38399887084961,37.955501556396484,37.980499267578125,21748000,0.00367912469025633,0.11140712835323287,829787695.7550049
2016-09-15,38.40609359741211,38.5880012512207,38.689998626708984,37.99800109863281,38.144500732421875,26102000,0.012084230512610539,0.11937608393848974,1002978059.1634114
2016-09-16,38.26277160644531,38.444000244140625,38.48749923706055,38.233001708984375,38.48749923706055,40986000,-0.0037387316881050126,0.11957134514425144,1573377415.260315
2016-09-19,38.10451889038086,38.28499984741211,38.70000076293945,38.222049713134766,38.62099838256836,23456000,-0.004144521602408524,0.12000574291749724,900765524.1292317
2016-09-20,38.388671875,38.570499420166016,38.666500091552734,38.42649841308594,38.45000076293945,19572000,0.007429531670196887,0.12235809121694194,754588660.4614258
2016-09-21,38.62804412841797,38.81100082397461,38.858001708984375,38.4150505065918,38.632999420166016,23356000,0.006216131682149406,0.1242611242384994,903753047.5972494
2016-09-22,39.174949645996094,39.36050033569336,39.49250030517578,38.922000885009766,39.0,29724000,0.014058958381995001,0.13229534188254535,1166914715.1184082
2016-09-23,39.159523010253906,39.345001220703125,39.44649887084961,39.20750045776367,39.329498291015625,28238000,-0.00039386582735589926,0.1323086820562469,1110685259.1705322
2016-09-26,38.52801513671875,38.71049880981445,39.137001037597656,38.653499603271484,39.137001037597656,30664000,-0.016257994491164496,0.14536477890343114,1190795549.0519204
2016-09-27,38.965938568115234,39.1505012512207,39.29949951171875,38.71540069580078,38.775001525878906,23064000,0.011302251909414363,0.14998728117834734,900767606.4147949
2016-09-28,38.89377975463867,39.077999114990234,39.09049987792969,38.74850082397461,38.89250183105469,22196000,-0.0018535601127407375,0.1493343318852677,865029909.3119304
2016-09-29,38.56782913208008,38.7504997253418,39.290000915527344,38.71160125732422,39.071998596191406,26294000,-0.008415847568082668,0.1523157710098467,1023293255.7703655
2016-09-30,38.6812858581543,38.864498138427734,39.047000885009766,38.704498291015625,38.81650161743164,31706000,0.0029374267308677204,0.15243250901732983,1232475603.6173503
2016-10-03,38.445899963378906,38.62799835205078,38.80324935913086,38.474998474121094,38.712501525878906,25576000,-0.0061038561976096695,0.15371265458528113,988139384.145101
2016-10-04,38.63848876953125,38.82149887084961,38.93550109863281,38.644500732421875,38.80149841308594,24028000,0.004996840736177788,0.1495791023228212,932298419.6217855
2016-10-05,38.64048385620117,38.82350158691406,39.10350036621094,38.782501220703125,38.96549987792969,29224000,5.163336422775444e-05,0.14956816817110616,1136906173.5839844
2016-10-06,38.65988540649414,38.84299850463867,39.02399826049805,38.777000427246094,38.95000076293945,21414000,0.0005019782152508867,0.14785144794783575,832604851.9592285
2016-10-07,38.571311950683594,38.75400161743164,38.983001708984375,38.537498474121094,38.983001708984375,18664000,-0.0022937232018871434,0.12817331670146867,723382433.8684082
2016-10-10,39.111751556396484,39.297000885009766,39.46900177001953,38.79349899291992,38.885501861572266,23498000,0.013914186711614374,0.13013174324515964,920804389.9078369
2016-10-11,38.96892547607422,39.153499603271484,39.61399841308594,39.02899932861328,39.33300018310547,27450000,-0.0036584272844506494,0.12224974808642457,1077837950.706482
2016-10-12,39.121700286865234,39.30699920654297,39.40650177001953,39.10300064086914,39.1879997253418,18748000,0.00391276172292887,0.12230450709838533,736274590.7745361
2016-10-13,38.72607421875,38.90950012207031,39.06100082397461,38.650001525878906,39.06100082397461,27306000,-0.010164181998837396,0.12232979883739188,1061479813.4994507
2016-10-14,38.74299240112305,38.92649841308594,39.1974983215332,38.79999923706055,39.08250045776367,17050000,0.00043677259531227364,0.12139284824253263,664518043.7723795
2016-10-17,38.81415939331055,38.99800109863281,39.29249954223633,38.875,38.9900016784668,21860000,0.00183521469046255,0.12019038622521706,853745948.003133
2016-10-18,39.5755500793457,39.76300048828125,40.080501556396484,39.27825164794922,39.39250183105469,41138000,0.01942639246336242,0.13466879783901972,1633476901.1357625
2016-10-19,39.88608169555664,40.07500076293945,40.22999954223633,39.9015007019043,39.9119987487793,35336000,0.007815928017206097,0.13548263903540428,1415872306.5287273
2016-10-20,39.66065216064453,39.8484992980957,40.19850158691406,39.80149841308594,40.165000915527344,35150000,-0.005667866610527206,0.12969699412950572,1404224916.7760212
2016-10-21,39.78007888793945,39.96849822998047,39.974998474121094,39.70000076293945,39.75,25324000,0.0030066897846605656,0.1298968068423342,1009950643.2851156
2016-10-24,40.463844299316406,40.65549850463867,40.75899887084961,40.24100112915039,40.244998931884766,33950000,0.017042585509116748,0.125873184860794,1376734724.744161
2016-10-25,40.19313049316406,40.38349914550781,40.83399963378906,40.25699996948242,40.83399963378906,31528000,-0.0067127442704006945,0.12534194569269655,1276615998.8505044
2016-10-26,39.76515579223633,39.95349884033203,40.3489990234375,39.816001892089844,40.31700134277344,32954000,-0.010705051543600241,0.13193832299957778,1319461680.3181965
2016-10-27,39.58003616333008,39.76750183105469,40.17449951171875,39.57500076293945,40.04999923706055,54984000,-0.00466619237368171,0.1291360249540673,2190507614.593506
2016-10-28,39.58102798461914,39.76850128173828,40.77450180053711,39.679500579833984,40.41749954223633,85398000,2.5058311173609127e-05,0.1290624812350069,3422253789.2456055
2016-10-31,39.04207992553711,39.22700119018555,39.84299850463867,39.20000076293945,39.77349853515625,48546000,-0.013709875255124349,0.13689378407637404,1913845147.4075317
2016-11-01,38.99580001831055,39.18050003051758,39.4744987487793,38.777000427246094,39.144500732421875,48128000,-0.0011860884146375206,0.13615736373245915,1883922419.2708333
2016-11-02,38.25381088256836,38.435001373291016,39.08250045776367,38.17250061035156,38.90999984741211,37448000,-0.019210762265738257,0.15224494710970077,1444119737.141927
2016-11-03,37.926856994628906,38.10649871826172,38.497501373291016,37.951499938964844,38.36249923706055,38864000,-0.008583697269681778,0.15471448861113304,1484028317.7286785
2016-11-04,37.921390533447266,38.10100173950195,38.518001556396484,37.52804946899414,37.53300094604492,42696000,-0.00014414205652091283,0.15465924279554352,1624540854.9499512
2016-11-07,38.941551208496094,39.125999450683594,39.259498596191406,38.627498626708984,38.724998474121094,31702000,0.026546488113060374,0.17472673727247823,1236515340.1819863
2016-11-08,39.33917236328125,39.5255012512207,39.78165054321289,39.009498596191406,39.16999816894531,27338000,0.01015893968049486,0.17781116898280783,1078180196.126302
2016-11-09,39.08039474487305,39.265499114990234,39.56135177612305,38.583499908447266,38.99700164794922,52142000,-0.0065998466267918054,0.17896472210320158,2040670170.463562
2016-11-10,37.94826126098633,38.12799835205078,39.55849838256836,37.60900115966797,39.55849838256836,94904000,-0.029397241849868028,0.20336397733965644,3647334644.0531416
2016-11-11,37.52327346801758,37.70100021362305,38.03900146484375,37.51900100708008,37.82699966430664,48636000,-0.011262319935613885,0.20631862409668705,1836154951.538086
2016-11-14,36.6305046081543,36.80400085449219,37.89250183105469,36.37699890136719,37.779998779296875,73088000,-0.024080013769387953,0.21991674726613417,2706046694.661458
2016-11-15,37.7457160949707,37.92449951171875,38.22079849243164,37.3484992980957,37.3484992980957,47680000,0.029990635815432043,0.23588491645097295,1803794751.7903647
2016-11-16,38.04380416870117,38.2239990234375,38.31800079345703,37.5255012512207,37.7599983215332,29452000,0.007866248784258456,0.23591235001566802,1119838680.4860435
2016-11-17,38.37971878051758,38.561500549316406,38.6349983215332,38.21149826049805,38.34600067138672,26080000,0.008790926200501037,0.2386491377467383,1003280188.3951823
2016-11-18,37.847740173339844,38.027000427246094,38.75,38.0,38.56850051879883,30942000,-0.01395789001083747,0.24168408397411442,1183809982.4066162
2016-11-21,38.27869415283203,38.459999084472656,38.48500061035156,38.029998779296875,38.13050079345703,26612000,0.01132217966139537,0.2366161927232625,1019904886.4644368
2016-11-22,38.232418060302734,38.41350173950195,38.847999572753906,38.349998474121094,38.631500244140625,31862000,-0.0012096569199844254,0.236228175231718,1227871202.0645142
2016-11-23,37.8701286315918,38.04949951171875,38.41415023803711,37.76250076293945,38.38650131225586,29568000,-0.009521157473006525,0.23574510760268524,1125812939.453125
2016-11-25,37.90446853637695,38.08399963378906,38.25,38.0260009765625,38.2130012512207,11748000,0.0009063699028293293,0.23587082060131812,447833762.3901367
2016-11-28,38.23091506958008,38.4119987487793,38.97650146484375,37.9900016784668,38.0,43764000,0.008575474852268616,0.2387081553911684,1683141585.6018066
2016-11-29,38.360313415527344,38.54199981689453,38.92499923706055,38.4119987487793,38.576499938964844,32332000,0.003378937030275253,0.2352029600551885,1248866585.6526694
2016-11-30,37.72332763671875,37.902000427246094,38.64950180053711,37.74150085449219,38.503501892089844,47858000,-0.016744747055999376,0.24153202150474756,1823278180.5038452
2016-12-01,37.21971130371094,37.395999908447266,37.99250030517578,36.85124969482422,37.87200164794922,60358000,-0.013440178598114638,0.23703148546228298,2258188941.65802
2016-12-02,37.348106384277344,37.525001525878906,37.70000076293945,37.154998779296875,37.22949981689453,29050000,0.003443716376199113,0.23607023348454503,1088213010.342916
2016-12-05,37.946266174316406,38.125999450683594,38.19499969482422,37.64500045776367,37.885501861572266,27884000,0.015888899895224018,0.24301965480002513,1059275977.645874
2016-12-06,37.776573181152344,37.955501556396484,38.44150161743164,37.867000579833984,38.23649978637695,33814000,-0.0044819575883212615,0.22327412471757238,1287907674.3087769
2016-12-07,38.377723693847656,38.55950164794922,38.56800079345703,37.790000915527344,38.04999923706055,35220000,0.015788025739801537,0.2277874491576318,1349131489.4104004
2016-12-08,38.63799285888672,38.82099914550781,38.909000396728516,38.36149978637695,38.624000549316406,29762000,0.006758884225212203,0.2285124686778711,1151705067.6727295
2016-12-09,39.27846145629883,39.464500427246094,39.471500396728516,38.9510498046875,39.0,36438000,0.016440250741965645,0.20992490285217158,1431856116.93573
2016-12-12,39.277462005615234,39.4635009765625,39.5625,39.217750549316406,39.25199890136719,42082000,-2.5445584231231777e-05,0.20470209144616608,1658644517.2373452
2016-12-13,39.61735534667969,39.80500030517578,40.21900177001953,39.66699981689453,39.69499969482422,42904000,0.008616420072999897,0.1815944158166811,1711740915.0594077
2016-12-14,39.66562271118164,39.85350036621094,40.20000076293945,39.70050048828125,39.869998931884766,34084000,0.001217597311491847,0.15486292907321203,1360565130.3761802
2016-12-15,39.704444885253906,39.89250183105469,40.150001525878906,39.645999908447266,39.867000579833984,32530000,0.0009782573794869798,0.15367373731847947,1297822337.0742798
2016-12-16,39.353607177734375,39.540000915527344,40.04280090332031,39.51449966430664,40.02000045776367,48876000,-0.008875503543335217,0.15616934121675022,1940333235.7635498
2016-12-19,39.52280044555664,39.709999084472656,39.882999420166016,39.313499450683594,39.51100158691406,24642000,0.004290092118010236,0.14621921859289347,976697974.2050171
2016-12-20,39.633277893066406,39.82099914550781,39.932498931884766,39.66350173950195,39.8380012512207,19020000,0.0027913843526263804,0.14241722318311337,757103778.8391113
2016-12-21,39.54071807861328,39.72800064086914,39.83380126953125,39.35499954223633,39.79199981689453,24226000,-0.0023381378061069213,0.14276468678562707,960292810.663859
2016-12-22,39.376495361328125,39.5629997253418,39.66600036621094,39.42900085449219,39.61800003051758,19444000,-0.004161904537038019,0.1386091006184843,769062056.7982992
2016-12-23,39.30931091308594,39.49549865722656,39.637001037597656,39.36399841308594,39.54499816894531,12468000,-0.0017076641328261921,0.1391511580760127,492471446.1364746
2016-12-27,39.39092254638672,39.57749938964844,39.893001556396484,39.382850646972656,39.534000396728516,15782000,0.0020739878134330425,0.1369749850856192,625247864.9470012
2016-12-28,39.06745910644531,39.252498626708984,39.71149826049805,39.15999984741211,39.685001373291016,23076000,-0.008245524972080975,0.14081059338141325,908609782.8826904
2016-12-29,38.95499038696289,39.13949966430664,39.29650115966797,38.94599914550781,39.166500091552734,14886000,-0.0028829855538319293,0.12633046659894887,582449483.8485718
2016-12-30,38.40907669067383,38.590999603271484,39.138999938964844,38.52050018310547,39.13750076293945,35400000,-0.01411308319477289,0.12735758624985044,1371755896.7590332
2017-01-03,39.121700286865234,39.30699920654297,39.48149871826172,38.790000915527344,38.94049835205078,33146000,0.01838350377263831,0.13998573632234101,1299085640.8538818
2017-01-04,39.159523010253906,39.345001220703125,39.56700134277344,39.15800094604492,39.417999267578125,21460000,0.0009663294654536081,0.13099184249517934,844594091.7714437
2017-01-05,39.51384735107422,39.70100021362305,39.7239990234375,39.250999450683594,39.30400085449219,26704000,0.00900753926996467,0.13144769019325486,1056374622.9858398
2017-01-06,40.11748504638672,40.307498931884766,40.39500045776367,39.610198974609375,39.76300048828125,32804000,0.015161099022710012,0.1306494879108612,1315579252.380371
2017-01-09,40.14236831665039,40.33250045776367,40.49829864501953,40.14149856567383,40.31999969482422,25492000,0.0006200676930814275,0.12968315165051145,1027941937.3881022
2017-01-10,40.049800872802734,40.239498138427734,40.45650100708008,40.175498962402344,40.393001556396484,23536000,-0.0023086415019646367,0.11899663849666142,948277193.1559244
2017-01-11,40.20507049560547,40.39550018310547,40.407501220703125,40.06850051879883,40.25,21318000,0.003869417865483893,0.11934759450644929,858912892.6620483
2017-01-12,40.12793731689453,40.31800079345703,40.36949920654297,39.958499908447266,40.356998443603516,27062000,-0.001920336472265305,0.11659678243796526,1088307349.8408
2017-01-13,40.203575134277344,40.39400100708008,40.56119918823242,40.33449935913086,40.374000549316406,21984000,0.0018831424288490162,0.11666102387987953,888810918.3349609
2017-01-17,40.04084777832031,40.230499267578125,40.356998443603516,40.01850128173828,40.354000091552734,27242000,-0.004055797851508114,0.11778998433358795,1095182874.8550415
2017-01-18,40.113502502441406,40.30350112915039,40.31024932861328,40.04949951171875,40.29050064086914,25888000,0.0018128708863565102,0.11286157424237543,1041243405.0699869
2017-01-19,39.91967010498047,40.10874938964844,40.4739990234375,40.09000015258789,40.25600051879883,18386000,-0.004843810888126576,0.11388155895726548,739563051.7094929
2017-01-20,40.061248779296875,40.250999450683594,40.34550094604492,40.08449935913086,40.34550094604492,33400000,0.003540314969327607,0.11410073131371297,1343581797.281901
2017-01-23,40.77238082885742,40.96549987792969,41.04349899291992,40.1870002746582,40.36249923706055,39272000,0.01759540923813141,0.12779259627176037,1599627092.8141277
2017-01-24,40.99931335449219,41.19350051879883,41.29499816894531,40.891048431396484,41.1150016784668,29480000,0.0055504073993764,0.12675198597943113,1212409683.0240886
2017-01-25,41.58652877807617,41.78350067138672,41.78850173950195,41.25299835205078,41.48099899291992,29890000,0.014220968261037026,0.13269173379685834,1243673090.9347534
2017-01-26,41.411354064941406,41.60749816894531,41.900001525878906,41.35049819946289,41.890499114990234,59478000,-0.00422119136648158,0.13490415038842496,2475434666.252136
2017-01-27,40.971439361572266,41.16550064086914,42.09749984741211,41.02199935913086,41.73550033569336,59316000,-0.010679872979334704,0.1375838485647435,2457363016.983032
2017-01-30,39.92688751220703,40.11600112915039,40.79199981689453,39.9900016784668,40.733001708984375,64932000,-0.025825253595781472,0.16814292441245365,2616716368.8049316
2017-01-31,39.65169143676758,39.839500427246094,40.0625,39.5260009765625,39.84299850463867,43212000,-0.006916363074040532,0.16158289229731554,1720240932.220459
2017-02-01,39.59720230102539,39.784751892089844,40.05950164794922,39.55950164794922,39.98400115966797,40594000,-0.0013751395573824432,0.1497376808467527,1615692012.700399
2017-02-02,39.73828125,39.92649841308594,40.1349983215332,39.599998474121094,39.689998626708984,30642000,0.00355651951351188,0.15008440051591218,1222222512.0620728
2017-02-03,39.88558578491211,40.074501037597656,40.29999923706055,40.01850128173828,40.14950180053711,29268000,0.003700013788545675,0.1474987435067368,1174554123.184204
2017-02-06,39.87812423706055,40.06700134277344,40.083499908447266,39.76250076293945,39.98500061035156,23690000,-0.00018709129430583005,0.1374509917281884,946913005.9051514
2017-02-07,40.15829086303711,40.3484992980957,40.525001525878906,40.0890007019043,40.199501037597656,24824000,0.007001007478115717,0.13974251767440318,1000924379.2928059
2017-02-08,40.228458404541016,40.41899871826172,40.59199905395508,40.15950012207031,40.349998474121094,23106000,0.0017457493918753286,0.13959524998450915,933255174.7817993
2017-02-09,40.28718185424805,40.47800064086914,40.53300094604492,40.22700119018555,40.47549819946289,19794000,0.0014586845470208054,0.13904981125444602,799928342.3233032
2017-02-10,40.49170684814453,40.68349838256836,40.76250076293945,40.48899841308594,40.584999084472656,22700000,0.005063833737368295,0.1398670611681961,922641481.5266926
2017-02-13,40.768898010253906,40.96200180053711,41.047950744628906,40.77450180053711,40.79999923706055,24266000,0.006822303075875613,0.14153809911351387,993162523.0509441
2017-02-14,40.8291130065918,41.022499084472656,41.150001525878906,40.79999923706055,40.95000076293945,21094000,0.0014758939958916528,0.14048705682179183,864660637.260437
2017-02-15,40.75596237182617,40.94900131225586,41.150001525878906,40.923500061035156,40.96799850463867,26272000,-0.0017932361777899253,0.14076970182570772,1077349065.3889976
2017-02-16,41.01374053955078,41.20800018310547,41.220001220703125,40.94900131225586,40.996498107910156,25752000,0.006305000813291883,0.14042742017466628,1059068191.3146973
2017-02-17,41.208316802978516,41.403499603271484,41.403499603271484,41.08274841308594,41.1510009765625,32220000,0.004732954463543493,0.1407219177908945,1330575889.4348145
2017-02-21,41.3869743347168,41.58300018310547,41.67250061035156,41.41749954223633,41.43299865722656,25246000,0.004326101595161891,0.12844687068801888,1049164855.4916382
2017-02-22,41.34218215942383,41.53799819946289,41.662498474121094,41.43199920654297,41.43299865722656,19658000,-0.0010828632024808549,0.12736769559225267,816675201.3371785
2017-02-23,41.37055206298828,41.56650161743164,41.62300109863281,41.14400100708008,41.50600051879883,29456000,0.0006859863827179957,0.11707646947767558,1220789228.5563152
2017-02-24,41.23668670654297,41.43199920654297,41.45000076293945,41.209999084472656,41.38650131225586,27844000,-0.003241010730239857,0.116707175945034,1151739207.219442
2017-02-27,41.26853561401367,41.4640007019043,41.525001525878906,41.20000076293945,41.227500915527344,22030000,0.000772045893747908,0.1103145089909916,911961245.2952067
2017-02-28,40.966461181640625,41.160499572753906,41.426998138427734,41.0099983215332,41.28049850463867,45216000,-0.007346648089103347,0.06373790491042015,1862861460.2050781
2017-03-01,41.565128326416016,41.762001037597656,41.81275177001953,41.362998962402344,41.442501068115234,29930000,0.014507842362023737,0.07161546493736423,1246462303.4922283
2017-03-02,41.335716247558594,41.53150177001953,41.72549819946289,41.481998443603516,41.692501068115234,18850000,-0.005534627919671298,0.0756769996079356,783776706.6955566
2017-03-03,41.25857925415039,41.45399856567383,41.56800079345703,41.28755187988281,41.52799987792969,17928000,-0.0018678533515283924,0.07672504664795236,742873878.2043457
2017-03-06,41.193885803222656,41.388999938964844,41.444000244140625,41.119998931884766,41.34749984741211,22180000,-0.001569230565957369,0.07731130183880944,916425840.1234945
2017-03-07,41.3994140625,41.59550094604492,41.670501708984375,41.32600021362305,41.369998931884766,20752000,0.004976885143114007,0.0778581453600521,861844414.5100912
2017-03-08,41.571598052978516,41.76850128173828,41.907501220703125,41.589500427246094,41.675498962402344,19796000,0.004150467332237895,0.07609674505001385,826585298.6653645
2017-03-09,41.7363166809082,41.933998107910156,42.099998474121094,41.71049880981445,41.79999923706055,25230000,0.003954458423502061,0.07648541184576702,1057511206.2454222
2017-03-10,41.96373748779297,42.162498474121094,42.24549865722656,41.974998474121094,42.16400146484375,34080000,0.005434198789898037,0.07746621472814112,1435710830.078125
2017-03-13,42.077701568603516,42.277000427246094,42.43424987792969,42.162498474121094,42.20000076293945,24472000,0.0027120942226814826,0.07673285594153227,1034951460.0423177
2017-03-14,42.08168029785156,42.28099822998047,42.36199951171875,42.040000915527344,42.18199920654297,15598000,9.45522451036851e-05,0.0748249139327052,658667137.68514
2017-03-15,42.16030502319336,42.36000061035156,42.43149948120117,42.03850173950195,42.37950134277344,27630000,0.0018666404375871082,0.07482997028239993,1168104316.8640137
2017-03-16,42.23893737792969,42.43899917602539,42.54249954223633,42.30649948120117,42.451499938964844,19552000,0.0018633432066579303,0.07380048676845047,829578313.5986328
2017-03-17,42.405147552490234,42.60599899291992,42.66999816894531,42.355499267578125,42.580501556396484,34246000,0.003927277099770254,0.07241183355305633,1456956075.5742393
2017-03-20,42.220027923583984,42.41999816894531,42.51100158691406,42.25749969482422,42.5004997253418,24630000,-0.004375055606034017,0.07438421269052485,1044217580.4901123
2017-03-21,41.32725143432617,41.52299880981445,42.67499923706055,41.45100021362305,42.56999969482422,49270000,-0.021372580410347286,0.10687387452737698,2063575381.4315796
2017-03-22,41.283958435058594,41.47949981689453,41.77750015258789,41.35900115966797,41.59550094604492,28030000,-0.0010481144943716991,0.1068698016677683,1164328837.2166953
2017-03-23,40.6862907409668,40.87900161743164,41.128501892089844,40.612850189208984,41.04999923706055,69742000,-0.014582810023089365,0.11798614750936996,2850596235.88562
2017-03-24,40.52953338623047,40.721500396728516,41.096500396728516,40.44449996948242,41.00400161743164,39620000,-0.003860271100697421,0.11816465222247027,1614680093.4092205
2017-03-27,40.78233337402344,40.97549819946289,41.08150100708008,40.16849899291992,40.34749984741211,37886000,0.006218054323204214,0.12059250656876673,1543545074.9282837
2017-03-28,40.85250473022461,41.04600143432617,41.29949951171875,40.701351165771484,41.02050018310547,32410000,0.001719152634175547,0.1182511195037053,1329316158.9813232
2017-03-29,41.37453079223633,41.570499420166016,41.638248443603516,41.11899948120117,41.25,35726000,0.012697358532332892,0.11556080680860968,1480577700.5488079
2017-03-30,41.37900924682617,41.57500076293945,41.683998107910156,41.45000076293945,41.67499923706055,21106000,0.00010823596409537117,0.11393463375803405,877369382.0902506
2017-03-31,41.282466888427734,41.47800064086914,41.582000732421875,41.36949920654297,41.44850158691406,28038000,-0.002335849946270674,0.1140454658366203,1162918112.4191284
2017-04-03,41.72985076904297,41.9275016784668,42.04249954223633,41.46099853515625,41.46099853515625,33430000,0.010778839207942426,0.11972546494535632,1397719440.612793
2017-04-04,41.53178787231445,41.72850036621094,41.75899887084961,41.45180130004883,41.56800079345703,20908000,-0.004757611633743775,0.12002561029421804,870743631.8766276
2017-04-05,41.37453079223633,41.570499420166016,42.122501373291016,41.5359992980957,41.7755012512207,31106000,-0.0037936135920233482,0.11984416401955306,1298457758.9492798
2017-04-06,41.1988639831543,41.39400100708008,41.81949996948242,41.323001861572266,41.619998931884766,25088000,-0.004254810513092178,0.11959132078766135,1041457261.0677083
2017-04-07,41.03912353515625,41.23350143432617,41.424251556396484,41.02565002441406,41.39799880981445,21146000,-0.003884838472299812,0.1179544775163703,871803080.0526936
2017-04-10,41.04210662841797,41.23649978637695,41.467498779296875,41.188499450683594,41.269500732421875,19578000,7.268636829849129e-05,0.11722696843418844,808522442.0547485
2017-04-11,40.97343063354492,41.16749954223633,41.3713493347168,40.85100173950195,41.23550033569336,21594000,-0.0016747073351401909,0.11713182273101554,888160144.7372437
2017-04-12,41.02170181274414,41.215999603271484,41.33300018310547,41.05099868774414,41.096500396728516,18010000,0.001177415862030795,0.11691857117027363,742011990.8396403
2017-04-13,40.983882904052734,41.178001403808594,41.319000244140625,41.071998596191406,41.106998443603516,22448000,-0.0009223496546768573,0.11634405494815589,924625639.1601562
2017-04-17,41.66117477416992,41.85850143432617,41.88750076293945,41.2234992980957,41.2504997253418,17900000,0.01639074500803739,0.1307765281404061,745651358.9223225
2017-04-18,41.64375686645508,41.840999603271484,41.94649887084961,41.635501861572266,41.71099853515625,16734000,-0.0004181723128664494,0.1301610879469252,699609495.8724976
2017-04-19,41.712928771972656,41.910499572753906,42.111000061035156,41.81449890136719,41.989498138427734,19084000,0.001659661030557924,0.10623431177449362,800484732.014974
2017-04-20,41.88412094116211,42.08250045776367,42.2599983215332,41.965999603271484,42.071998596191406,19180000,0.004095656702735706,0.1068006209443441,807532332.9925537
2017-04-21,41.96075439453125,42.15950012207031,42.194000244140625,42.029998779296875,42.14400100708008,26472000,0.0018279823161919673,0.09110915245939488,1115207996.459961
2017-04-24,42.93463897705078,43.13800048828125,43.17250061035156,42.49300003051758,42.560001373291016,27450000,0.022944173232100518,0.11511671880518519,1178552035.331726
2017-04-25,43.40939712524414,43.6150016784668,43.75,43.140499114990234,43.25,33440000,0.010997005795748027,0.11801248118867268,1454701315.5110676
2017-04-26,43.38102340698242,43.58649826049805,43.8025016784668,43.38740158081055,43.71149826049805,24744000,-0.0006538444934029997,0.11865159411211654,1078643759.7351074
2017-04-27,43.506439208984375,43.712501525878906,43.77000045776367,43.51900100708008,43.68000030517578,40536000,0.0028868581341137123,0.11328506424318392,1770092308.4106445
2017-04-28,45.0844612121582,45.29800033569336,45.842498779296875,45.28850173950195,45.53300094604492,65526000,0.035628691458108985,0.16057486252564757,2979882236.6638184
2017-05-01,45.41340255737305,45.628501892089844,45.784000396728516,45.0724983215332,45.09700012207031,42320000,0.0072696256056179465,0.15901351286770155,1925348408.6100261
2017-05-02,45.60598373413086,45.821998596191406,46.03850173950195,45.47264862060547,45.48099899291992,31744000,0.004231658155089857,0.1575015987977423,1453167826.8229165
2017-05-03,46.13349151611328,46.35200119018555,46.404998779296875,45.62715148925781,45.74300003051758,29990000,0.011500253175898312,0.15556973428279255,1383380234.0825398
2017-05-04,46.3634033203125,46.58300018310547,46.79650115966797,46.22949981689453,46.30350112915039,28442000,0.004971243155670546,0.15206289202530043,1323586403.661092
2017-05-05,46.13796615600586,46.35649871826172,46.744998931884766,46.2599983215332,46.676998138427734,38226000,-0.004874254552499124,0.15258764567206495,1775744181.6711426
2017-05-08,46.49477767944336,46.71500015258789,46.846248626708984,46.26300048828125,46.305999755859375,26596000,0.007703826387101653,0.14866988130880543,1239588577.8401694
2017-05-09,46.3887825012207,46.60850143432617,46.875,46.47650146484375,46.84749984741211,31636000,-0.002282324752136411,0.15011718514927824,1475924883.9060464
2017-05-10,46.2200813293457,46.43899917602539,46.599998474121094,46.257999420166016,46.5989990234375,23478000,-0.0036433091068048817,0.15155325873305445,1090138299.0722656
2017-05-11,46.31064987182617,46.529998779296875,46.62649917602539,46.1515007019043,46.26599884033203,16700000,0.0019575890134548857,0.1512626194624481,775481192.5252278
2017-05-12,46.39126968383789,46.611000061035156,46.672000885009766,46.39250183105469,46.576499938964844,21012000,0.0017393346917295993,0.1499886925229922,978287221.4508057
2017-05-15,46.633121490478516,46.854000091552734,46.912498474121094,46.46699905395508,46.647499084472656,22162000,0.005199762094869609,0.145330088007241,1035951591.4154053
2017-05-16,46.927730560302734,47.150001525878906,47.15549850463867,46.87900161743164,47.0,19390000,0.00629772040507115,0.14365210619827715,912522495.6512451
2017-05-17,45.76424026489258,45.98099899291992,46.96664810180664,45.90700149536133,46.78350067138672,47242000,-0.025105764753548865,0.1792213713121874,2186590436.2309775
2017-05-18,46.29273986816406,46.512001037597656,46.65850067138672,45.9375,46.04999923706055,31938000,0.011482136583669256,0.18075692717171118,1480943786.1938477
2017-05-19,46.480350494384766,46.70050048828125,46.88774871826172,46.54999923706055,46.57350158691406,27860000,0.004044510778568711,0.1804285969525804,1301417200.5462646
2017-05-22,46.870994567871094,47.09299850463867,47.09415054321289,46.75,46.75,22408000,0.008369378148620932,0.16896367327995973,1052706545.2880859
2017-05-23,47.21735763549805,47.441001892089844,47.57334899902344,47.12874984741211,47.395999908447266,25416000,0.007362540083290181,0.16763456325433787,1204236349.456787
2017-05-24,47.522911071777344,47.74800109863281,47.75450134277344,47.474998474121094,47.64899826049805,20496000,0.006450361601928467,0.16684045912538178,976822286.2548828
2017-05-25,48.24847412109375,48.47700119018555,48.63145065307617,47.77349853515625,47.86650085449219,33210000,0.015152269745590807,0.17064441928460017,1603843190.689087
2017-05-26,48.34451675415039,48.57350158691406,48.749000549316406,48.25149917602539,48.48500061035156,25040000,0.0019886052566926438,0.12979608228288708,1215057664.2862957
2017-05-30,48.5639762878418,48.79399871826172,48.810001373291016,48.4744987487793,48.515499114990234,29334000,0.004529219307106924,0.12913540825845893,1428355561.6607666
2017-05-31,48.01557922363281,48.24300003051758,48.9635009765625,48.00899887084961,48.750999450683594,48962000,-0.011356502009059799,0.13870719761392933,2370013768.3410645
2017-06-01,48.11958694458008,48.34749984741211,48.57500076293945,48.0004997253418,48.4474983215332,28210000,0.002163781801660658,0.13484444710506063,1362759279.8233032
2017-06-02,48.55004119873047,48.779998779296875,48.79399871826172,48.29999923706055,48.472999572753906,35020000,0.00890573611246337,0.13657327930151866,1702835788.5487876
2017-06-05,48.9521369934082,49.183998107910156,49.34550094604492,48.755001068115234,48.82749938964844,25042000,0.00824798136107141,0.13542388158820057,1229432817.352295
2017-06-06,48.59831619262695,48.82849884033203,49.412498474121094,48.75699996948242,49.15800094604492,36292000,-0.007254140617567462,0.1386715269767381,1778283772.4761963
2017-06-07,48.8157844543457,49.047000885009766,49.19900131225586,48.797000885009766,49.0,29078000,0.004464828429106227,0.13787848934753202,1425238814.5421345
2017-06-08,48.93870544433594,49.170501708984375,49.22850036621094,48.86000061035156,49.11750030517578,29638000,0.002514893278130703,0.13602695737508666,1454820773.864746
2017-06-09,47.26762008666992,47.49150085449219,49.224998474121094,46.78150177001953,49.224998474121094,66188000,-0.034743109458656996,0.18830482139834467,3165948565.5721025
2017-06-12,46.922752380371094,47.14500045776367,47.467750549316406,45.76165008544922,46.97800064086914,75270000,-0.007322813114583049,0.19046798170076792,3521993723.41156
2017-06-13,47.445274353027344,47.66999816894531,47.999000549316406,47.204498291015625,47.59550094604492,40266000,0.011074244759786467,0.1933302121734701,1917648076.8585205
2017-06-14,47.313899993896484,47.53799819946289,48.057498931884766,47.11249923706055,47.99599838256836,29794000,-0.002772806838144515,0.19266346257382863,1417280681.2667847
2017-06-15,46.89339065551758,47.115501403808594,47.16695022583008,46.22200012207031,46.69850158691406,42662000,-0.008927379787551981,0.17277058972172926,1998066973.543803
2017-06-16,46.767486572265625,46.98899841308594,47.10200119018555,46.579750061035156,47.0,61894000,-0.0026885112080030638,0.16908062663723147,2902225126.5741982
2017-06-19,47.64284133911133,47.868499755859375,47.9995002746582,47.45249938964844,47.49800109863281,30666000,0.018544154463410845,0.17998958083697683,1465022145.072937
2017-06-20,47.307430267333984,47.53150177001953,48.08100128173828,47.5004997253418,47.875999450683594,22520000,-0.007065013322348435,0.1802024095459696,1074301607.5134277
2017-06-21,47.7463493347168,47.97249984741211,48.005001068115234,47.53799819946289,47.68199920654297,24044000,0.009235239015640051,0.18121939939997814,1150228886.9069417
2017-06-22,47.62890625,47.85449981689453,48.0359992980957,47.727500915527344,47.935001373291016,18828000,-0.002462759200093423,0.1801879907108982,901346568.1915283
2017-06-23,48.05190658569336,48.27949905395508,48.29999923706055,47.709999084472656,47.84149932861328,30558000,0.008841962751175547,0.17479290974558648,1469732820.2667236
2017-06-26,47.389041900634766,47.61349868774414,48.66550064086914,47.53950119018555,48.494998931884766,31968000,-0.013890795388791233,0.18081321392644367,1532529941.5283203
2017-06-27,46.14792251586914,46.36650085449219,47.41450119018555,46.342498779296875,47.12300109863281,51598000,-0.02653907441496628,0.199799603418988,2410030798.5051475
2017-06-28,46.80282211303711,47.02450180053711,47.13750076293945,45.79999923706055,46.45000076293945,54428000,0.01409155863803635,0.20500032171117924,2539283944.666545
2017-06-29,45.67316818237305,45.88949966430664,46.5629997253418,45.53099822998047,46.49599838256836,65984000,-0.02443250668256569,0.21951025142475206,3034901035.6445312
2017-06-30,45.22230911254883,45.436500549316406,46.3025016784668,45.41550064086914,46.3025016784668,41804000,-0.009920466471347922,0.21671281454468144,1911202279.3070476
2017-07-03,44.72317123413086,44.935001373291016,45.696998596191406,44.739498138427734,45.60900115966797,34196000,-0.011098790072932019,0.2137585180011093,1543054583.0993652
2017-07-05,45.37060546875,45.58549880981445,45.72549819946289,44.92499923706055,45.0880012512207,36278000,0.01437269928196594,0.22315889113553403,1647456490.6082153
2017-07-06,45.120784759521484,45.33449935913086,45.74720001220703,44.98500061035156,45.20600128173828,28490000,-0.005521438962834413,0.22137135053929963,1292180094.159444
2017-07-07,45.71297836303711,45.929500579833984,46.07699966430664,45.442501068115234,45.442501068115234,32756000,0.01303924826251368,0.22812680457474824,1500759828.994751
2017-07-10,46.221073150634766,46.439998626708984,46.51900100708008,45.97949981689453,46.0885009765625,23856000,0.011053574873235661,0.20244842216284997,1104838947.631836
2017-07-11,46.285274505615234,46.50450134277344,46.57149887084961,46.099998474121094,46.47700119018555,22264000,0.0013880423757921534,0.20132540919311356,1032871478.2613119
2017-07-12,46.96903610229492,47.19150161743164,47.314998626708984,46.7234992980957,46.933998107910156,30642000,0.014664712997670915,0.2043284352964258,1442523215.3244019
2017-07-13,47.13475036621094,47.358001708984375,47.72249984741211,47.1505012512207,47.31449890136719,25894000,0.003521950421550901,0.20460835412626188,1227643195.566813
2017-07-14,47.57416915893555,47.79949951171875,47.84550094604492,47.40024948120117,47.599998474121094,21076000,0.009279420524129112,0.20450801626568535,1004940562.5712076
2017-07-17,47.44627380371094,47.67100143432617,48.0369987487793,47.46205139160156,47.849998474121094,23310000,-0.0026919561406177905,0.2045087401971242,1112431300.7354736
2017-07-18,48.04245376586914,48.27000045776367,48.402000427246094,47.529998779296875,47.650001525878906,23080000,0.012487080392293848,0.19885273042498997,1109394050.7507324
2017-07-19,48.315650939941406,48.544498443603516,48.652000427246094,48.201499938964844,48.391998291015625,24490000,0.005670470728813548,0.19769273054066616,1186932330.2841187
2017-07-20,48.17930221557617,48.407501220703125,48.79499816894531,48.07550048828125,48.75,32490000,-0.0028260299767306485,0.1957989475663172,1573360738.6779785
2017-07-21,48.41667556762695,48.645999908447266,48.6614990234375,48.00749969482422,48.11249923706055,34220000,0.00491477668763185,0.19607896095738397,1657559751.001994
2017-07-24,48.785926818847656,49.016998291015625,49.310001373291016,48.53850173950195,48.611000061035156,64966000,0.0075975955037863585,0.19548388089501315,3180421388.06661
2017-07-25,47.3109130859375,47.53499984741211,47.98500061035156,47.27000045776367,47.69049835205078,93220000,-0.030700896889608753,0.21863638528952198,4436961295.115152
2017-07-26,47.16659927368164,47.38999938964844,47.75,47.113948822021484,47.73400115966797,41766000,-0.003054989931279284,0.1968409994045019,1980459467.0028687
2017-07-27,46.48432922363281,46.704498291015625,47.5890007019043,46.0,47.5890007019043,64260000,-0.014570749736958266,0.19796565397243504,3005086748.4283447
2017-07-28,46.854576110839844,47.076499938964844,47.19150161743164,46.375,46.470001220703125,36928000,0.007933429855468077,0.17911003050280194,1731221587.1582031
2017-07-31,46.3056755065918,46.525001525878906,47.179500579833984,46.301998138427734,47.09450149536133,39402000,-0.011784144990507173,0.18068718437933937,1838845374.206543
2017-08-01,46.32209777832031,46.541500091552734,46.87234878540039,46.4630012512207,46.61899948120117,25554000,0.00035458634744589546,0.17513722150063804,1191471009.3917847
2017-08-02,46.300201416015625,46.519500732421875,46.630001068115234,45.83399963378906,46.43050003051758,36488000,-0.0004728097424280264,0.16908947061868895,1690410000.1118977
2017-08-03,45.964786529541016,46.182498931884766,46.61199951171875,46.11199951171875,46.516998291015625,24050000,-0.007270718211489946,0.1700469796625196,1113567091.9418335
2017-08-04,46.17927169799805,46.39799880981445,46.515350341796875,46.1515007019043,46.337501525878906,21646000,0.004655439752988766,0.16491897628921967,1003399246.6430664
2017-08-07,46.24894332885742,46.46799850463867,46.584999084472656,46.32500076293945,46.452999114990234,20644000,0.0015075838916720485,0.16047454232384248,959106465.9932455
2017-08-08,46.12104797363281,46.339500427246094,46.79069900512695,46.28049850463867,46.35449981689453,21232000,-0.0027691988523814715,0.160675744462985,986655979.5328776
2017-08-09,45.92746353149414,46.14500045776367,46.29899978637695,45.86249923706055,46.03049850463867,23842000,-0.004206145745884182,0.15172695167877345,1099167853.5435996
2017-08-10,45.14815902709961,45.36199951171875,45.9630012512207,45.30649948120117,45.877498626708984,36480000,-0.017113767717447548,0.1603238027988388,1661439042.96875
2017-08-11,45.50397491455078,45.71950149536133,45.888999938964844,45.27899932861328,45.39849853515625,24136000,0.007850178462431412,0.15911131658549588,1101305572.804769
2017-08-14,45.916015625,46.13349914550781,46.2333984375,45.90950012207031,46.12649917602539,21290000,0.009014297597980558,0.16376459319578543,981301502.3803711
2017-08-15,45.89362716674805,46.111000061035156,46.32749938964844,45.99100112915039,46.21149826049805,17668000,-0.0004877147544628535,0.1556121401215181,815257472.0815023
2017-08-16,46.12950897216797,46.347999572753906,46.6349983215332,46.17224884033203,46.26449966430664,20134000,0.005126587333039279,0.15527267018898572,933917245.9182739
2017-08-17,45.33427047729492,45.54899978637695,46.34299850463867,45.54899978637695,46.28900146484375,25544000,-0.017389583929547037,0.16381667758690122,1170264284.962972
2017-08-18,45.318851470947266,45.53350067138672,45.76374816894531,45.35770034790039,45.515499114990234,26854000,-0.00034017596228297364,0.16159393973066236,1223244001.8335977
2017-08-21,45.11929702758789,45.33300018310547,45.650001525878906,45.16999816894531,45.5,18868000,-0.004413066179152825,0.15664977077403155,856311600.5655924
2017-08-22,46.01654052734375,46.234500885009766,46.292999267578125,45.57374954223633,45.63600158691406,23334000,0.019690881532171023,0.14460148186158298,1074151520.1263428
2017-08-23,46.131500244140625,46.349998474121094,46.496498107910156,45.96799850463867,46.096500396728516,21804000,0.0024951105954129638,0.1450690149804998,1008903750.289917
2017-08-24,45.84684753417969,46.06399917602539,46.54199981689453,45.775001525878906,46.43299865722656,25406000,-0.006189578865261058,0.1379954702907777,1171902566.3935344
2017-08-25,45.578617095947266,45.794498443603516,46.277748107910156,45.775001525878906,46.17449951171875,21068000,-0.005867757061509771,0.1353640043423721,968055274.1648357
2017-08-28,45.47510528564453,45.69049835205078,45.962249755859375,45.59349822998047,45.79999923706055,21730000,-0.002273643563094563,0.13004887542735408,994120310.9741211
2017-08-29,45.84734344482422,46.06449890136719,46.166500091552734,45.25,45.255001068115234,23712000,0.00815221724535764,0.1337461274670211,1086649816.040039
2017-08-30,46.25939178466797,46.47850036621094,46.540950775146484,45.98249816894531,46.002498626708984,26024000,0.008947252068661538,0.1376962335868504,1205795576.2837727
2017-08-31,46.74509811401367,46.96649932861328,47.0989990234375,46.5880012512207,46.5880012512207,31652000,0.010444888103193328,0.13960924994851298,1483988189.8142498
2017-09-01,46.64606475830078,46.867000579833984,47.124000549316406,46.75749969482422,47.05649948120117,18948000,-0.002120830061161705,0.13924487648874775,888967531.2042236
2017-09-05,46.20365905761719,46.42250061035156,46.849998474121094,46.097999572753906,46.65399932861328,26528000,-0.00952957166704449,0.143414996214049,1232406862.7929688
2017-09-06,46.171810150146484,46.390499114990234,46.54574966430664,45.9635009765625,46.50749969482422,30554000,-0.000689553384806807,0.1430981197023817,1414647651.3468425
2017-09-07,46.5768928527832,46.79750061035156,46.820499420166016,46.180999755859375,46.58649826049805,24254000,0.008735114675333389,0.14523125696618472,1130228313.6062622
2017-09-08,46.10661697387695,46.32500076293945,46.8494987487793,46.24399948120117,46.824501037597656,20230000,-0.010148081695855016,0.13618224763678363,940145411.5422567
2017-09-11,46.235008239746094,46.45399856567383,46.91899871826172,46.34600067138672,46.712501525878906,25340000,0.0027807903165530945,0.13410648506731646,1180159802.7292888
2017-09-12,46.38380432128906,46.60350036621094,46.67399978637695,46.193050384521484,46.62950134277344,22688000,0.0032130882580325704,0.1310956893261223,1054769283.5286458
2017-09-13,46.534095764160156,46.75450134277344,46.86249923706055,46.49300003051758,46.53300094604492,22052000,0.0032349326404683687,0.131372232116112,1029901911.1531575
2017-09-14,46.037445068359375,46.25550079345703,46.63850021362305,46.20000076293945,46.5625,27952000,-0.010730197565475219,0.13600268634594628,1295985179.1585288
2017-09-15,45.79758071899414,46.01449966430664,46.324501037597656,45.81800079345703,46.233001708984375,50108000,-0.005223821581499255,0.12234268719922312,2307590343.6431885
2017-09-18,45.53432846069336,45.75,46.104000091552734,45.529998779296875,46.0004997253418,26138000,-0.00576475384576014,0.12424154961543513,1196980987.4954224
2017-09-19,45.87322235107422,46.09049987792969,46.12099838256836,45.627498626708984,45.87099838256836,18734000,0.007415042633772018,0.12539747580162586,860758589.2283123
2017-09-20,46.35942077636719,46.57899856567383,46.694000244140625,46.099998474121094,46.14899826049805,33396000,0.010542968571232159,0.11125623519881057,1551500205.7647705
2017-09-21,46.40271759033203,46.622501373291016,46.826499938964844,46.19150161743164,46.650001525878906,25812000,0.0009335019194547378,0.11101152256479559,1201466887.2070312
2017-09-22,46.20763397216797,46.42649841308594,46.73649978637695,46.32400131225586,46.38750076293945,21054000,-0.004213004343987414,0.10976075316150777,978919762.5732422
2017-09-25,45.831424713134766,46.048500061035156,46.31999969482422,45.48500061035156,46.272499084472656,37136000,-0.008175036981371342,0.11169201175190151,1706442529.8665364
2017-09-26,46.02500534057617,46.24300003051758,46.54100036621094,46.05699920654297,46.18600082397461,33338000,0.004214858206629479,0.11208061871685104,1542893748.2579548
2017-09-27,47.00187683105469,47.2244987487793,47.494998931884766,46.387001037597656,46.387001037597656,44788000,0.021002690332852847,0.13032288873813877,2106625954.864502
2017-09-28,47.25119400024414,47.474998474121094,47.53450012207031,47.02750015258789,47.06800079345703,20406000,0.005290389978505061,0.12819595868979902,966135665.4891968
2017-09-29,47.72943115234375,47.955501556396484,47.98929977416992,47.57550048828125,47.599998474121094,31620000,0.010070289448106173,0.1278565507169671,1512703981.1706543
2017-10-02,47.438812255859375,47.66350173950195,48.12699890136719,47.391998291015625,47.999000549316406,25668000,-0.006107495304162658,0.12982791398985852,1225069460.861206
2017-10-03,47.66374588012695,47.88949966430664,47.900001525878906,47.457000732421875,47.70000076293945,17766000,0.004730346861446577,0.12474809884666165,848305784.3856812
2017-10-04,47.359683990478516,47.58399963378906,48.019500732421875,47.53450012207031,47.849998474121094,19048000,-0.006399746417154795,0.1275752980007298,908830877.7669271
2017-10-05,48.26937484741211,48.49800109863281,48.545501708984375,47.75899887084961,47.77450180053711,24276000,0.019025980371425888,0.1395672063523406,1171741843.5821533
2017-10-06,48.713768005371094,48.94449996948242,48.972999572753906,48.167999267578125,48.334999084472656,23478000,0.009164402289433937,0.13467044694572966,1143265113.685608
2017-10-09,48.61970901489258,48.849998474121094,49.2712516784668,48.80550003051758,49.0,17828000,-0.0019327167309124427,0.13564085778617804,873136700.7548015
2017-10-10,48.4007568359375,48.630001068115234,49.07849884033203,48.30400085449219,49.0,19368000,-0.004513533278619697,0.13775722650908132,942656704.9255371
2017-10-11,49.229331970214844,49.462501525878906,49.535499572753906,48.61249923706055,48.68600082397461,33866000,0.01697417340453189,0.14703657738439538,1666325734.7895305
2017-10-12,49.15866470336914,49.39149856567383,49.70600128173828,49.25,49.372501373291016,25248000,-0.0014365020406339468,0.13957537708183096,1248492558.7158203
2017-10-13,49.25072479248047,49.48400115966797,49.86050033569336,49.45000076293945,49.599998474121094,23396000,0.0018709620380255032,0.1362477116774039,1160398724.9450684
2017-10-16,49.366180419921875,49.599998474121094,49.695350646972656,49.20000076293945,49.60499954223633,18210000,0.0023414987510030905,0.13202241516177246,901366773.7960815
2017-10-17,49.37513732910156,49.60900115966797,49.821998596191406,49.429500579833984,49.51449966430664,25804000,0.0001814217069093793,0.13206443842735222,1280398783.5540771
2017-10-18,49.406490325927734,49.640499114990234,49.83599853515625,49.348751068115234,49.5885009765625,21152000,0.0006347941135067536,0.13000813551173904,1049317220.2962239
2017-10-19,48.99045944213867,49.22249984741211,49.444000244140625,48.919498443603516,49.29999923706055,26272000,-0.008456224789196831,0.13597691125406008,1292459784.5052085
2017-10-20,49.17707061767578,49.40999984741211,49.54999923706055,49.229000091552734,49.47200012207031,23664000,0.003801896619034739,0.13364017899873773,1168914825.5004883
2017-10-23,48.1942253112793,48.42250061035156,49.47600173950195,48.305999755859375,49.47600173950195,29568000,-0.020188263450442445,0.15167327977811282,1440991572.7539062
2017-10-24,48.29823303222656,48.527000427246094,48.61149978637695,48.04999923706055,48.5,24244000,0.00215576974641829,0.1515494998437104,1173316660.2274575
2017-10-25,48.43708038330078,48.666500091552734,48.804500579833984,48.0260009765625,48.41849899291992,24226000,0.0028706672159750646,0.13567372836499678,1174936787.3077393
2017-10-26,48.39875793457031,48.62799835205078,49.380001068115234,48.61000061035156,49.0,40842000,-0.0007914931371857392,0.13516579755481187,1996057452.4154663
2017-10-27,50.7232551574707,50.9635009765625,52.419498443603516,50.40999984741211,50.45949935913086,103354000,0.04691033615738238,0.20676175683305534,5298373882.100424
2017-10-30,50.615760803222656,50.855499267578125,51.24850082397461,50.375,50.70000076293945,41702000,-0.002121480923126917,0.20499166173128489,2119559753.9393108
2017-10-31,50.59237289428711,50.832000732421875,51.20000076293945,50.520999908447266,50.76100158691406,26614000,-0.00046217450114749425,0.20530331583543085,1353348526.4536538
2017-11-01,51.03327941894531,51.275001525878906,51.48350143432617,50.84749984741211,50.86050033569336,27468000,0.008677125923072015,0.20323901488737586,1406416561.706543
2017-11-02,51.037261962890625,51.27899932861328,51.40449905395508,50.6505012512207,51.0880012512207,20980000,7.803512930237844e-05,0.1957102896961512,1072315770.7722982
2017-11-03,51.380638122558594,51.624000549316406,51.63249969482422,51.015499114990234,51.105499267578125,21528000,0.006705418603037749,0.19488398762978104,1107055867.401123
2017-11-06,51.05318069458008,51.29499816894531,51.743499755859375,51.25,51.449501037597656,22504000,-0.00639356312657835,0.1968115964169782,1157369452.433268
2017-11-07,51.42293930053711,51.666500091552734,51.69850158691406,51.256500244140625,51.36349868774414,22246000,0.007216514650760786,0.19576972576997093,1146569977.256775
2017-11-08,51.747398376464844,51.99250030517578,52.17610168457031,51.42250061035156,51.5260009765625,21774000,0.006289795166076306,0.18957161195242106,1129280222.6715088
2017-11-09,51.31992721557617,51.5629997253418,51.699501037597656,50.983299255371094,51.699501037597656,24904000,-0.008295036463531247,0.19282071095277234,1280445801.2186685
2017-11-10,51.16117477416992,51.403499603271484,51.53799819946289,51.263999938964844,51.323001861572266,14400000,-0.0030981823050129087,0.1936762740911348,740186389.1601562
2017-11-13,51.04572296142578,51.287498474121094,51.57899856567383,51.128501892089844,51.17100143432617,17716000,-0.0022591794566988455,0.19419835874214267,909391800.3590902
2017-11-14,51.05816650390625,51.29999923706055,51.34049987792969,50.70750045776367,51.12950134277344,19184000,0.00024374277233185637,0.19419244789320814,980609341.2679036
2017-11-15,50.804866790771484,51.045501708984375,51.204498291015625,50.770999908447266,50.96049880981445,17080000,-0.004973349546720129,0.19553597270467502,871199559.4787598
2017-11-16,51.381629943847656,51.625,51.79600143432617,51.125999450683594,51.125999450683594,22594000,0.011288561528496555,0.19493327599454163,1163944979.3319702
2017-11-17,50.71429443359375,50.954498291015625,51.72100067138672,50.88750076293945,51.70050048828125,27942000,-0.013072902141959108,0.20200015695593612,1430285779.4418335
2017-11-20,50.678958892822266,50.91899871826172,51.13050079345703,50.875,51.01300048828125,19070000,-0.0006969998701640279,0.18622453160696004,972090068.5628254
2017-11-21,51.48066711425781,51.7244987487793,51.75550079345703,51.13275146484375,51.16550064086914,21940000,0.015695528871438214,0.19170782901155384,1130734585.6984458
2017-11-22,51.55381774902344,51.79800033569336,51.98529815673828,51.57149887084961,51.75,14926000,0.0014199255162608004,0.19180401336963712,772941901.8147787
2017-11-24,51.785221099853516,52.03049850463867,52.15890121459961,51.75,51.79349899291992,10740000,0.0044785347373905715,0.19131654780978846,558263050.994873
2017-11-27,52.462013244628906,52.71049880981445,52.77299880981445,51.922000885009766,52.0,26158000,0.012984548853502531,0.1147385205886761,1372471009.9614463
2017-11-28,52.12361526489258,52.37049865722656,53.118751525878906,52.0,52.75450134277344,28488000,-0.006471236353974508,0.1175103169819729,1495517919.7387695
2017-11-29,50.842185974121094,51.08300018310547,52.20399856567383,50.782501220703125,52.13399887084961,49188000,-0.02489167157702843,0.14879678887935485,2526123521.499634
2017-11-30,50.82974624633789,51.070499420166016,51.42449951171875,50.75,51.118499755859375,34480000,-0.00024470328385817197,0.14559456401515436,1761295854.3904624
2017-12-01,50.2703971862793,50.50849914550781,51.1245002746582,50.10100173950195,50.790000915527344,38192000,-0.011065360510538635,0.15035335736125544,1931674990.7633464
2017-12-04,49.698604583740234,49.933998107910156,50.80500030517578,49.778499603271484,50.632999420166016,38128000,-0.01143952281062166,0.15210167907533378,1912977054.789225
2017-12-05,50.02057647705078,50.25749969482422,51.03049850463867,49.41400146484375,49.797000885009766,41346000,0.006457594391592991,0.15355846403442827,2076974959.3734741
2017-12-06,50.678958892822266,50.91899871826172,51.24850082397461,50.05699920654297,50.07500076293945,25440000,0.013076362165836297,0.1587694650383157,1290863749.3896484
2017-12-07,51.303504943847656,51.54650115966797,51.71200180053711,50.90354919433594,51.02149963378906,29164000,0.012248259855064614,0.16336022910239267,1498660696.3450112
2017-12-08,51.60806655883789,51.852500915527344,52.102500915527344,51.6260986328125,51.8745002746582,25816000,0.005918916594108925,0.16213581018722087,1338827229.8583984
2017-12-11,51.80960464477539,52.05500030517578,52.189998626708984,51.602500915527344,51.775001525878906,23856000,0.0038975610013638473,0.1621058259995201,1239299318.786621
2017-12-12,51.77875518798828,52.02399826049805,52.515499114990234,51.68450164794922,51.98149871826172,25590000,-0.0005956162979878776,0.16183422637258962,1332590711.6699219
2017-12-13,51.785221099853516,52.03049850463867,52.333248138427734,51.91899871826172,52.305999755859375,25654000,0.00012486797254007698,0.16183909117028158,1336425849.8331704
2017-12-14,52.210208892822266,52.45750045776367,52.92499923706055,52.15549850463867,52.25,31174000,0.008173246821153057,0.1624156611396472,1637029851.9566855
2017-12-15,52.95866012573242,53.20949935913086,53.38100051879883,52.474998474121094,52.730499267578125,65518000,0.014233563141823335,0.16498237221862724,3473884440.343221
2017-12-18,53.603111267089844,53.856998443603516,53.92449951171875,53.099998474121094,53.30400085449219,31092000,0.012095500851939445,0.1598482635660207,1667375828.994751
2017-12-19,53.28163528442383,53.534000396728516,53.84199905395508,53.1775016784668,53.7599983215332,26774000,-0.006015394383589001,0.16234129961079174,1432886479.7439575
2017-12-20,52.996482849121094,53.247501373291016,53.66899871826172,53.07600021362305,53.5890007019043,25372000,-0.005366168023584361,0.15704485947744948,1353109905.9143066
2017-12-21,52.93079376220703,53.18149948120117,53.46649932861328,53.089698791503906,53.247501373291016,19914000,-0.0012402678032721326,0.15732093190398805,1060338836.6775513
2017-12-22,52.75612258911133,53.00600051879883,53.209999084472656,52.97200012207031,53.05550003051758,15102000,-0.0033054485486738727,0.1576552376113883,801352390.6173706
2017-12-26,52.58792495727539,52.83700180053711,53.00600051879883,52.5099983215332,52.903499603271484,15212000,-0.0031933038208054043,0.15189821291712258,802955281.9163005
2017-12-27,52.22115707397461,52.46849822998047,52.91849899291992,52.40250015258789,52.86949920654297,25438000,-0.006998809135952744,0.15219732669401098,1337949744.7458901
2017-12-28,52.159950256347656,52.40700149536133,52.73749923706055,52.23849868774414,52.58000183105469,16742000,-0.0011727567604427058,0.12232804381712416,878302058.7641399
2017-12-29,52.07335662841797,52.31999969482422,52.48500061035156,52.244998931884766,52.33599853515625,17750000,-0.0016615350781683524,0.1226482645207364,929212495.4859416
2018-01-02,52.99897384643555,53.25,53.34700012207031,52.26150131225586,52.41699981689453,24752000,0.017619123111221047,0.12656737060833453,1310688542.5008137
2018-01-03,53.86885452270508,54.124000549316406,54.31449890136719,53.160499572753906,53.21549987792969,28604000,0.016279920756720134,0.12401503216917262,1540792589.3554688
2018-01-04,54.063926696777344,54.31999969482422,54.67850112915039,54.20009994506836,54.400001525878906,20092000,0.0036147013774749936,0.12370314398850064,1092995428.8838706
2018-01-05,54.8516960144043,55.11149978637695,55.212501525878906,54.599998474121094,54.70000076293945,25582000,0.014465933087733251,0.12508948456482494,1406361920.8450317
2018-01-08,55.08608627319336,55.34700012207031,55.563499450683594,55.08100128173828,55.11149978637695,20952000,0.004264059344403215,0.1214168079644165,1159284641.9677734
2018-01-09,55.05224609375,55.3129997253418,55.528499603271484,55.06155014038086,55.470001220703125,18050000,-0.0006145032302740105,0.12191841862300822,998183347.638448
2018-01-10,54.870609283447266,55.13050079345703,55.22999954223633,54.80550003051758,54.85499954223633,20856000,-0.0033048081765256754,0.12395125789385315,1148234034.5458984
2018-01-11,55.01542282104492,55.2760009765625,55.32624816894531,54.97949981689453,55.314998626708984,19566000,0.002635705715431591,0.12331539339355013,1079924166.732788
2018-01-12,55.84847640991211,56.112998962402344,56.214500427246094,55.057498931884766,55.12049865722656,34410000,0.015028684254076552,0.12951361925479363,1919905930.7479858
2018-01-16,55.82359313964844,56.0880012512207,56.99549865722656,55.8916015625,56.6254997253418,31506000,-0.0004456489572710609,0.12925980672232912,1774576515.6478882
2018-01-17,56.33218765258789,56.5989990234375,56.630001068115234,55.85049819946289,56.31100082397461,24052000,0.009069492371679644,0.12494179118594259,1355566697.631836
2018-01-18,56.22319793701172,56.489498138427734,56.6254997253418,55.875,56.570499420166016,23964000,-0.0019366421085909025,0.12158172780675552,1349892102.935791
2018-01-19,56.60737991333008,56.8754997253418,56.893001556396484,56.415000915527344,56.59149932861328,35564000,0.0068099174592424205,0.11847233843567002,2017468690.7145183
2018-01-22,57.51807403564453,57.79050064086914,57.99399948120117,56.75550079345703,56.8745002746582,32360000,0.01595986559555662,0.12234712448508736,1861131476.542155
2018-01-23,58.22273254394531,58.49850082397461,58.58134841918945,57.9375,57.99250030517578,26662000,0.012176642547837346,0.12377454671809231,1555437521.8404136
2018-01-24,57.93758010864258,58.21200180053711,58.99300003051758,58.0525016784668,58.86650085449219,28332000,-0.004909646015612168,0.12520853697656253,1655131863.143921
2018-01-25,58.242637634277344,58.51850128173828,58.797000885009766,58.13800048828125,58.62649917602539,29610000,0.005251465914443365,0.12187856700546285,1731726071.2051392
2018-01-26,58.51485061645508,58.79199981689453,58.79199981689453,57.90549850463867,58.75400161743164,40376000,0.004662886800188559,0.11368722639350592,2361854658.9457197
2018-01-29,58.50190353393555,58.77899932861328,59.34450149536133,58.5989990234375,58.82400131225586,27578000,-0.0002212859631320896,0.11300921046441166,1624551033.5973103
2018-01-30,57.910213470458984,58.18450164794922,58.82600021362305,58.17599868774414,58.39149856567383,31126000,-0.010165525273966303,0.1233786158406286,1817618338.6993408
2018-01-31,58.22123718261719,58.49700164794922,58.650001525878906,57.95650100708008,58.528499603271484,30774000,0.005356420746436719,0.11497440969392006,1796211745.8877563
2018-02-01,58.109764099121094,58.3849983215332,58.70000076293945,57.875999450683594,58.13050079345703,48242000,-0.0019164817011292357,0.10895876547835026,2813489497.111003
2018-02-02,55.33292007446289,55.595001220703125,56.153499603271484,55.36389923095703,56.099998474121094,97158000,-0.04896567539466101,0.21259458085867525,5412102188.179016
2018-02-05,52.54114532470703,52.790000915527344,55.5,52.60150146484375,54.529998779296875,75966000,-0.05177144800707678,0.274779128423544,4074094623.275757
2018-02-06,53.77529525756836,54.029998779296875,54.08549880981445,51.1568489074707,51.35900115966797,68960000,0.023217582629346367,0.28786808872362224,3661140338.1347656
2018-02-07,52.18184280395508,52.42900085449219,54.0890007019043,52.41299819946289,54.07699966430664,47384000,-0.030079570375128206,0.30466776760069564,2510262164.14388
2018-02-08,49.83993148803711,50.07600021362305,52.930999755859375,50.03300094604492,52.77050018310547,57182000,-0.045918095533729275,0.3394590116932158,2917044444.1172285
2018-02-09,51.64439010620117,51.888999938964844,52.19850158691406,49.62799835205078,50.86249923706055,70118000,0.03556507620029903,0.3665910592557105,3592741140.1468916
2018-02-12,52.34904861450195,52.59700012207031,53.07500076293945,52.0463981628418,52.400001525878906,41154000,0.013552187557981377,0.3657024486097327,2163580998.1384277
2018-02-13,52.35701370239258,52.60499954223633,52.91849899291992,52.204349517822266,52.25,25302000,0.0001521418670464847,0.36576575090425695,1330276670.4788208
2018-02-14,53.23286819458008,53.48500061035156,53.58599853515625,52.337501525878906,52.4474983215332,31116000,0.01659012331432619,0.36984857480304867,1653384968.963623
2018-02-15,54.21919250488281,54.47600173950195,54.573951721191406,53.21699905395508,53.95349884033203,36868000,0.01835892224146507,0.3770612447358528,1994152668.436686
2018-02-16,54.48195266723633,54.7400016784668,55.23350143432617,54.4156494140625,54.420501708984375,33590000,0.0048345520873041,0.37655353163383043,1840610544.4590251
2018-02-20,54.86314392089844,55.12300109863281,55.6974983215332,54.42599868774414,54.528499603271484,28462000,0.006972288832086004,0.3724397603877744,1567748609.7157798
2018-02-21,55.305049896240234,55.56700134277344,56.69850158691406,55.31650161743164,55.32350158691406,30258000,0.008022430614401443,0.37066947738087686,1690232097.8622437
2018-02-22,55.07065963745117,55.33150100708008,56.14099884033203,55.12950134277344,55.80950164794922,26344000,-0.004247141189142489,0.3706238852203621,1462987706.451416
2018-02-23,56.073909759521484,56.339500427246094,56.36399841308594,55.23569869995117,55.63199996948242,25220000,0.018053556310486663,0.3766121015940945,1411808853.9886475
2018-02-26,56.917911529541016,57.1875,57.198001861572266,56.33475112915039,56.38999938964844,31182000,0.014939443542885122,0.3805255555608426,1774466309.5855713
2018-02-27,55.65091323852539,55.91450119018555,57.20199966430664,55.900001525878906,57.0620002746582,35482000,-0.022511593236603566,0.3874199767526141,1999014512.4867759
2018-02-28,54.97610855102539,55.23649978637695,56.37649917602539,55.1619987487793,56.1515007019043,37652000,-0.012199787106233373,0.38799076565448426,2093137404.607137
2018-03-01,53.223907470703125,53.47600173950195,55.50600051879883,53.35005187988281,55.39350128173828,50318000,-0.03239101692659707,0.40003040148035346,2722741433.375041
2018-03-02,53.69169235229492,53.94599914550781,54.09994888305664,52.4057502746582,52.65399932861328,45432000,0.008750600797962083,0.40258833094296986,2429880519.104004
2018-03-05,54.28936004638672,54.54650115966797,54.85499954223633,53.45000076293945,53.75699996948242,24044000,0.011069975411479138,0.37030008131699954,1305200500.4069011
2018-03-06,54.4948844909668,54.75299835205078,55.092498779296875,54.48875045776367,54.96099853515625,30656000,0.0037785745534661963,0.3208100352870432,1679276898.0305989
2018-03-07,55.2204475402832,55.481998443603516,55.611000061035156,54.27410125732422,54.45949935913086,25850000,0.013226476433748857,0.3142100306036535,1424913176.2822468
2018-03-08,56.03459167480469,56.29999923706055,56.380001068115234,55.63999938964844,55.76599884033203,27102000,0.014635897363936223,0.2954199583206356,1520602877.243042
2018-03-09,57.728572845458984,58.00199890136719,58.040000915527344,56.623050689697266,56.79999923706055,42560000,0.02978303906262081,0.24794729867060641,2449541516.5201826
2018-03-12,57.95051956176758,58.224998474121094,58.852500915527344,57.87099838256836,58.192501068115234,43446000,0.003837287863051486,0.2257561423922491,2533604144.7372437
2018-03-13,56.640228271484375,56.90850067138672,58.8380012512207,56.666500091552734,58.5,38144000,-0.022870055841894832,0.24432227874434517,2192173849.609375
2018-03-14,57.203556060791016,57.4744987487793,57.929500579833984,57.071998596191406,57.260501861572266,25828000,0.009896585754066045,0.24474477827792515,1484903358.1339517
2018-03-15,57.20803451538086,57.479000091552734,58.05400085449219,56.72700119018555,57.49800109863281,27908000,7.828672898568811e-05,0.24104409721854433,1602477379.87264
2018-03-16,56.518798828125,56.7864990234375,57.79399871826172,56.597999572753906,57.707000732421875,61840000,-0.012121046643099653,0.24059753557286226,3528559424.6419272
2018-03-19,54.73176574707031,54.99100112915039,56.0994987487793,54.45050048828125,56.0004997253418,56118000,-0.03212903792522148,0.2677184728160125,3096609952.850342
2018-03-20,54.626766204833984,54.885501861572266,55.2599983215332,54.17300033569336,54.95000076293945,36638000,-0.0019202813466412394,0.266661885313978,2006767074.0025837
2018-03-21,54.28687286376953,54.54399871826172,55.314998626708984,54.25749969482422,54.637001037597656,37578000,-0.006241540497607723,0.2656740600754507,2055723241.9204712
2018-03-22,52.20672607421875,52.45399856567383,54.14500045776367,52.295501708984375,54.09400177001953,53340000,-0.039071107080294265,0.2966658578835984,2825144223.022461
2018-03-23,50.83770751953125,51.07849884033203,53.167999267578125,51.06100082397461,52.35150146484375,43134000,-0.02657298534256114,0.2975624653089466,2233011219.642639
2018-03-26,52.41225051879883,52.660499572753906,52.78150177001953,50.41999816894531,52.29999923706055,53302000,0.03050199928755859,0.31499788469614765,2769252099.3245444
2018-03-27,50.018089294433594,50.255001068115234,53.24195098876953,49.84600067138672,53.150001525878906,61906000,-0.04675562664132915,0.3427732768190094,3164282943.865458
2018-03-28,49.99121856689453,50.22800064086914,51.21149826049805,49.03200149536133,49.900001525878906,67386000,-0.000537364546566721,0.3422050162650787,3379890841.911316
2018-03-29,51.3463020324707,51.589500427246094,52.150001525878906,50.14500045776367,50.58150100708008,54536000,0.026745557492832805,0.34318654165752716,2797415074.493408
2018-04-02,50.086273193359375,50.32350158691406,51.7400016784668,49.51850128173828,51.14099884033203,53608000,-0.024845936441642458,0.34979850259222484,2708669366.587321
2018-04-03,50.43163299560547,50.670501708984375,51.04949951171875,49.70349884033203,50.695499420166016,45502000,0.006871634603455412,0.3478952206966034,2296690699.9257407
2018-04-04,51.0153694152832,51.25699996948242,51.4359016418457,49.650001525878906,49.670501708984375,49694000,0.011508331412017014,0.35099886675046005,2523509409.500122
2018-04-05,51.14823913574219,51.390499114990234,52.13949966430664,51.00654983520508,52.06650161743164,27260000,0.0026011178981981686,0.3465930644699103,1404222105.0771077
2018-04-06,50.11463165283203,50.35200119018555,51.57099914550781,50.1515007019043,51.0,34928000,-0.020415051894831393,0.3442700421560636,1770552724.0804036
2018-04-09,50.53314971923828,50.772499084472656,51.97999954223633,50.70399856567383,50.84000015258789,35032000,0.008316536597705149,0.3238925796181381,1791962669.881185
2018-04-10,51.338836669921875,51.582000732421875,51.81399917602539,50.56700134277344,51.321998596191406,39490000,0.015817964845537436,0.33134972134999563,2026666306.4702353
2018-04-11,50.758087158203125,50.99850082397461,51.568199157714844,50.79349899291992,51.39950180053711,29678000,-0.011376557757214911,0.3263498755273206,1517141328.3894856
2018-04-12,51.38212966918945,51.6254997253418,52.03450012207031,51.07175064086914,51.25199890136719,27140000,0.012219482106038182,0.3278247559028602,1399806569.4173176
2018-04-13,51.220890045166016,51.4635009765625,52.32099914550781,51.14899826049805,52.04399871826172,24460000,-0.003142982676415329,0.327339747072383,1263224456.8125405
2018-04-16,51.65434265136719,51.89899826049805,52.1619987487793,51.33700180053711,51.849998474121094,24224000,0.008426812942917916,0.329834745228788,1254787041.0563152
2018-04-17,53.454811096191406,53.70800018310547,53.89400100708008,52.41299819946289,52.56850051879883,46406000,0.0342623741043675,0.3395987952708769,2475218687.225342
2018-04-18,53.35130310058594,53.604000091552734,53.871498107910156,53.311248779296875,53.871498107910156,26882000,-0.001938241622001069,0.3395992940049452,1440756444.09434
2018-04-19,54.12862014770508,54.3849983215332,54.708248138427734,53.409000396728516,53.470001220703125,34954000,0.014464666079526456,0.34324824222547873,1893367845.5429077
2018-04-20,53.39509582519531,53.64799880981445,54.61750030517578,53.47850036621094,54.099998474121094,37794000,-0.013644165762758842,0.3172013279541516,2037650905.4641724
2018-04-23,53.12089538574219,53.372501373291016,54.13600158691406,53.03499984741211,53.893001556396484,46826000,-0.005148542336838702,0.3019217757184203,2505870020.823161
2018-04-24,50.758583068847656,50.999000549316406,52.849998474121094,50.52949905395508,52.599998474121094,95206000,-0.0454896328011376,0.32569268244404725,4899253095.985413
2018-04-25,50.818302154541016,51.058998107910156,51.6245002746582,50.765499114990234,51.2760009765625,47822000,0.0011758402010979552,0.28113563829439564,2446079319.442749
2018-04-26,51.75685501098633,52.00199890136719,52.39899826049805,50.90950012207031,51.47549819946289,41590000,0.018300319020941647,0.287494492631561,2153121194.01296
2018-04-27,51.25971221923828,51.502498626708984,52.474998474121094,51.27949905395508,52.29999923706055,32396000,-0.009651780572079716,0.2749017376169332,1676568549.1434734
2018-04-30,50.626708984375,50.86650085449219,51.849998474121094,50.842498779296875,51.5004997253418,33426000,-0.012425824208258884,0.2639458469617679,1710954356.918335
2018-05-01,51.621002197265625,51.865501403808594,51.923500061035156,50.410499572753906,50.68299865722656,28558000,0.01944932643149988,0.27123601945260345,1467876450.2105713
2018-05-02,50.9775505065918,51.21900177001953,52.01945114135742,51.14350128173828,51.404998779296875,32062000,-0.012543259335767942,0.27244188523193147,1649931405.1132202
2018-05-03,50.944705963134766,51.18600082397461,51.48374938964844,50.31449890136719,50.95000076293945,36302000,-0.0006445019121747997,0.2722772414036155,1851211403.7907917
2018-05-04,52.163429260253906,52.410499572753906,52.425498962402344,50.845001220703125,50.845001220703125,38774000,0.023640812720962856,0.2737226361419963,2012125028.1778972
2018-05-07,52.49087905883789,52.739498138427734,53.08399963378906,52.35499954223633,52.46149826049805,29322000,0.006257761814283835,0.273216555269031,1546036632.7514648
2018-05-08,52.447086334228516,52.695499420166016,53.02750015258789,52.35725021362305,52.926998138427734,24354000,-0.0008346402941508124,0.2685633474899955,1283295467.765808
2018-05-09,53.88278579711914,54.13800048828125,54.27199935913086,52.8182487487793,52.904998779296875,40656000,0.027006271940667848,0.27879049656513477,2184965224.975586
2018-05-10,54.61979675292969,54.878501892089844,55.02199935913086,54.28200149536133,54.30149841308594,28860000,0.013585340989570316,0.27939980392787706,1579435676.4221191
2018-05-11,54.65412902832031,54.91299819946289,55.06650161743164,54.545501708984375,54.68000030517578,25074000,0.0006283708812473421,0.2786492924449534,1375099962.753296
2018-05-14,54.750675201416016,55.0099983215332,55.537498474121094,54.955501556396484,55.0,30362000,0.0017649352574089505,0.2780405625776955,1675000678.6549885
2018-05-15,53.70711898803711,53.96149826049805,54.502498626708984,53.673500061035156,54.5,29898000,-0.01924413872864683,0.2632539703314781,1615862294.5861816
2018-05-16,53.833518981933594,54.0885009765625,54.4635009765625,53.8129997253418,53.865501403808594,21946000,0.0023507402315905424,0.26322596410687155,1187754108.945211
2018-05-17,53.67527389526367,53.929500579833984,54.34349822998047,53.67499923706055,53.99449920654297,20876000,-0.002943855971553777,0.25839367170594696,1126942135.7421875
2018-05-18,53.066650390625,53.31800079345703,53.49700164794922,53.034000396728516,53.09299850463867,31304000,-0.011403768565112937,0.2570618436542459,1667971061.6149902
2018-05-21,53.72454071044922,53.979000091552734,54.400001525878906,53.682498931884766,53.702999114990234,20464000,0.012321215561127197,0.2600061150629983,1105475515.7470703
2018-05-22,53.23435592651367,53.48649978637695,54.329498291015625,53.33449935913086,54.178001403808594,21800000,-0.009165917585364447,0.20307660403507063,1171026948.038737
2018-05-23,53.730010986328125,53.984500885009766,54.03900146484375,53.08549880981445,53.256500244140625,21214000,0.00926773320503349,0.20439692612651672,1139255450.200399
2018-05-24,53.707618713378906,53.96200180053711,54.02349853515625,53.307498931884766,53.95000076293945,15336000,-0.0004168422802335314,0.19660566442622546,824529812.2558594
2018-05-25,53.52946090698242,53.78300094604492,54.12799835205078,53.688751220703125,53.95100021362305,17988000,-0.003322693436573765,0.19312906659351178,968952104.1107178
2018-05-29,52.76607131958008,53.01599884033203,53.66849899291992,52.76100158691406,53.24449920654297,37302000,-0.01436377797745969,0.19508055157031354,1982545339.7903442
2018-05-30,53.138309478759766,53.38999938964844,53.46049880981445,52.84149932861328,53.1515007019043,22770000,0.00702973171240151,0.185642953626848,1212062261.2380981
2018-05-31,53.99375915527344,54.2495002746582,54.859500885009766,53.37799835205078,53.37799835205078,61766000,0.015970341455039616,0.18477435116450397,3345390670.6136065
2018-06-01,55.711124420166016,55.974998474121094,56.0,54.92499923706055,54.967498779296875,48432000,0.03131137859526145,0.20864211336602023,2694433563.0493164
2018-06-04,56.695960998535156,56.964500427246094,57.09450149536133,56.100250244140625,56.11650085449219,37792000,0.01752312632063635,0.20254466331821283,2143552819.2952476
2018-06-05,56.71437454223633,56.983001708984375,57.28689956665039,56.65950012207031,57.04949951171875,33560000,0.00032472426388885367,0.2028126253637438,1912130236.9689941
2018-06-06,56.57603073120117,56.84400177001953,57.150001525878906,56.28715133666992,57.10850143432617,33964000,-0.0024422876671144067,0.20335798933971116,1927809711.980184
2018-06-07,55.928096771240234,56.19300079345703,56.79100036621094,55.82600021362305,56.566001892089844,30400000,-0.011518530708743313,0.19125897073422982,1710608013.9160156
2018-06-08,55.77930450439453,56.04349899291992,56.333499908447266,55.60749816894531,55.909000396728516,25816000,-0.0026639659170522023,0.18692344161414312,1445562592.122396
2018-06-11,56.233154296875,56.4995002746582,56.862998962402344,55.93000030517578,55.93000030517578,21586000,0.008103603491377065,0.18849339441034763,1218115965.0395713
2018-06-12,56.69745635986328,56.965999603271484,56.989498138427734,56.53675079345703,56.55350112915039,18240000,0.008222831284309784,0.18995902416823557,1036592871.09375
2018-06-13,56.47201919555664,56.739498138427734,57.32500076293945,56.66899871826172,57.055999755859375,30128000,-0.003984068343401148,0.1754983387894548,1714619605.4280598
2018-06-14,57.334434509277344,57.60599899291992,57.77349853515625,57.03200149536133,57.192501068115234,26868000,0.015156114512131502,0.1808620774809807,1544117385.2539062
2018-06-15,57.34140396118164,57.612998962402344,57.67100143432617,57.174251556396484,57.44300079345703,42450000,0.0001215504853657734,0.1798688701188349,2440284265.1367188
2018-06-18,58.39640808105469,58.67300033569336,58.71549987792969,57.179500579833984,57.182498931884766,28274000,0.018231437477822077,0.17855502168045181,1645245218.1447346
2018-06-19,58.127681732177734,58.40299987792969,58.563499450683594,57.70050048828125,57.92499923706055,32420000,-0.004612382310234864,0.179160463764427,1887568044.687907
2018-06-20,58.21626281738281,58.492000579833984,59.314300537109375,58.45800018310547,58.765499114990234,32970000,0.0015227453850652495,0.1730209665263845,1937144671.2875366
2018-06-21,57.610130310058594,57.882999420166016,58.864749908447266,57.61159896850586,58.74250030517578,24762000,-0.01046631987963842,0.1794808438995866,1439162060.8444214
2018-06-22,57.501644134521484,57.77399826049805,58.12485122680664,57.362998962402344,57.957000732421875,26220000,-0.001884884638076123,0.17995434762360166,1514308555.4504395
2018-06-25,55.97537612915039,56.240501403808594,57.195499420166016,55.638999938964844,57.18000030517578,43146000,-0.026901658984335164,0.20746262658086642,2431636660.972595
2018-06-26,55.659366607666016,55.92300033569336,56.660499572753906,55.832950592041016,56.400001525878906,31264000,-0.005661505689270818,0.20076697933865825,1755123969.4824219
2018-06-27,54.938785552978516,55.19900131225586,56.591800689697266,55.180999755859375,56.06700134277344,25878000,-0.013030800911399076,0.20717141743547743,1440298761.9628906
2018-06-28,55.4483642578125,55.71099853515625,56.115501403808594,54.800498962402344,55.10449981689453,21448000,0.009232638499647727,0.20257016196346686,1191271957.4788413
2018-06-29,55.519535064697266,55.782501220703125,56.41135025024414,55.75,56.0,26302000,0.0012827280155427445,0.1707046383741324,1472419727.1296182
2018-07-02,56.10725021362305,56.37300109863281,56.400001525878906,54.689998626708984,54.95000076293945,24346000,0.010530099529160175,0.16311677272121738,1359018076.1540732
2018-07-03,54.884544372558594,55.144500732421875,56.79100036621094,55.000999450683594,56.79100036621094,13580000,-0.02203325588585514,0.17920276900770812,755665892.4865723
2018-07-05,55.94850158691406,56.2135009765625,56.375,55.42399978637695,55.5265007019043,21334000,0.019199867499053447,0.19308679531738102,1194792897.0921836
2018-07-06,56.73975372314453,57.00849914550781,57.04650115966797,56.03684997558594,56.17900085449219,19922000,0.01404343581526657,0.19504697921348674,1129523280.4311116
2018-07-09,57.430484771728516,57.70249938964844,57.73350143432617,57.17100143432617,57.42399978637695,18180000,0.012100167003180395,0.19847761111602938,1045998433.6853027
2018-07-10,57.370269775390625,57.641998291015625,57.97949981689453,57.47949981689453,57.8489990234375,15968000,-0.0010490349492480178,0.1971381639895167,921358911.6210938
2018-07-11,57.42301559448242,57.69499969482422,58.214500427246094,57.04999923706055,57.22949981689453,22400000,0.0009189705239966983,0.19537855170293575,1291430928.548177
2018-07-12,58.89504623413086,59.17399978637695,59.22050094604492,57.796749114990234,57.99449920654297,25038000,0.0253117909327516,0.2122153655101535,1470492171.2265015
2018-07-13,59.16078567504883,59.441001892089844,59.770851135253906,59.0,59.25,24438000,0.004501935828861825,0.20709629772644492,1451713754.7607422
2018-07-16,58.91395950317383,59.19300079345703,59.54999923706055,58.9640007019043,59.46950149536133,21114000,-0.004180852239588084,0.20800783799795358,1250701871.1547852
2018-07-17,59.65743637084961,59.939998626708984,60.152000427246094,58.529998779296875,58.611000061035156,32208000,0.012540741484333928,0.2030625543777841,1917685768.737793
2018-07-18,59.51211929321289,59.79399871826172,60.224998474121094,59.516998291015625,59.827999114990234,27872000,-0.002438830099760203,0.20243469214218093,1668009088.704427
2018-07-19,59.06822204589844,59.347999572753906,60.0,59.16600036621094,59.54999923706055,25534000,-0.007486895649027048,0.20462876370701094,1519392158.1471763
2018-07-20,58.966209411621094,59.24549865722656,59.84299850463867,59.21099853515625,59.347999572753906,24948000,-0.001728523760686329,0.20080406665589043,1482738606.2164307
2018-07-23,59.9908561706543,60.275001525878906,60.324501037597656,59.04999923706055,59.050498962402344,52384000,0.017227595451720923,0.20791018074040205,3136919834.1064453
2018-07-24,62.10981750488281,62.40399932861328,63.29999923706055,61.77799987792969,63.12950134277344,66364000,0.034711914857586734,0.20882618992276397,4147351781.5704346
2018-07-25,62.88713836669922,63.185001373291016,63.292999267578125,61.95650100708008,61.95650100708008,42556000,0.01243759701076641,0.20633893067232117,2673006217.376709
2018-07-26,63.11754608154297,63.416500091552734,63.488548278808594,62.45100021362305,62.54999923706055,48112000,0.003657133425697623,0.19458195334047687,3036766069.8242188
2018-07-27,61.63307189941406,61.92499923706055,63.69449996948242,61.54999923706055,63.54999923706055,42612000,-0.023800190792595544,0.22139127272151715,2658555555.8929443
2018-07-30,60.69949722290039,60.98699951171875,61.74580001831055,60.57350158691406,61.4005012512207,36998000,-0.015263192906537881,0.2322947179061397,2260655509.57489
2018-07-31,60.57608413696289,60.862998962402344,61.379398345947266,60.279998779296875,61.0004997253418,32894000,-0.00203525107287561,0.23222550557574784,2001297232.302348
2018-08-01,60.71293640136719,61.0004997253418,61.673500061035156,60.510501861572266,61.400001525878906,31344000,0.002256631669911968,0.21250614497037845,1913911673.2177734
2018-08-02,61.018489837646484,61.307498931884766,61.49399948120117,60.239498138427734,60.29499816894531,30626000,0.0050201346920211165,0.2061749402616092,1868604520.128886
2018-08-03,60.897064208984375,61.18550109863281,61.5,60.75299835205078,61.48099899291992,21792000,-0.0019919635318439433,0.20411715582855983,1332497260.0097656
2018-08-06,60.94981002807617,61.23849868774414,61.30440139770508,60.78984832763672,61.25,21634000,0.0008657722689529024,0.2018659201293128,1322073559.7229004
2018-08-07,61.818199157714844,62.111000061035156,62.55849838256836,61.80849838256836,61.849998474121094,29880000,0.014147066790392238,0.2048742993803046,1857320848.3886719
2018-08-08,61.986900329589844,62.28049850463867,62.82500076293945,61.90039825439453,62.02349853515625,27406000,0.0027252718504664486,0.20465682438097987,1708361209.162394
2018-08-09,62.160579681396484,62.45500183105469,62.777099609375,62.300498962402344,62.494998931884766,16972000,0.0027979539350448945,0.1891046107489839,1060934431.3456217
2018-08-10,61.58879089355469,61.88050079345703,62.284751892089844,61.599998474121094,62.150001525878906,22174000,-0.009241143681771646,0.19338220033165937,1373052893.0714927
2018-08-13,61.45939636230469,61.7504997253418,62.46364974975586,61.68204879760742,61.8489990234375,19946000,-0.002103152948955689,0.19267628872556766,1235961856.9157917
2018-08-14,61.81222915649414,62.10499954223633,62.29349899291992,61.25550079345703,61.759498596191406,26962000,0.005724492659623159,0.18944513150691078,1668534376.6326904
2018-08-15,60.432762145996094,60.71900177001953,61.762001037597656,60.47549819946289,61.4630012512207,36576000,-0.022569850158484783,0.2070691503294155,2230605660.2783203
2018-08-16,60.040122985839844,60.324501037597656,61.29999923706055,60.127498626708984,61.23649978637695,26864000,-0.006518322358549433,0.20660926189247428,1627528566.1621094
2018-08-17,59.76492691040039,60.04800033569336,60.45100021362305,59.4119987487793,60.10150146484375,27792000,-0.004594072782245107,0.20729066994862128,1666695497.4975586
2018-08-20,60.10382080078125,60.38850021362305,60.54999923706055,59.731300354003906,60.250999450683594,17416000,0.005654431197361198,0.1993603166397941,1048848411.1328125
2018-08-21,59.79777145385742,60.08100128173828,60.862998962402344,60.0177001953125,60.400001525878906,24112000,-0.005105019972413416,0.15487588470953562,1454449506.9986978
2018-08-22,60.08192443847656,60.36650085449219,60.59199905395508,59.95000076293945,60.0,17748000,0.0047406446048796624,0.1480382954501987,1070254689.9719238
2018-08-23,59.98488235473633,60.26900100708008,61.06399917602539,60.21200180053711,60.356998443603516,19852000,-0.0016164684888808623,0.14648891545110623,1201343793.1264243
2018-08-24,60.744789123535156,61.032501220703125,61.08250045776367,60.31795120239258,60.441001892089844,18932000,0.012588733077167902,0.13348550486445343,1151273554.6468098
2018-08-27,61.79829406738281,62.090999603271484,62.15449905395508,61.28580093383789,61.380001068115234,23126000,0.017194457197557966,0.13615508358177866,1430198944.7809856
2018-08-28,61.267311096191406,61.557498931884766,62.12725067138672,61.43450164794922,62.06449890136719,26080000,-0.008629320360626913,0.13980679510621744,1609303357.5439453
2018-08-29,62.170528411865234,62.46500015258789,62.53300094604492,61.81795120239258,61.872501373291016,25978000,0.014634628077793366,0.14800966994576545,1617701602.9586792
2018-08-30,61.66393280029297,61.95600128173828,62.6817512512207,61.62950134277344,62.21149826049805,26628000,-0.008181865252897325,0.15072371581372646,1653308145.401001
2018-08-31,60.62236404418945,60.90950012207031,61.93299865722656,60.56425094604492,61.749000549316406,36328000,-0.017035333830352606,0.16242250626772456,2220933468.0074058
2018-09-04,59.5678596496582,59.849998474121094,60.64950180053711,59.625,60.2135009765625,36620000,-0.01754770763786606,0.17301139976841512,2198719733.352661
2018-09-05,59.044342041015625,59.32400131225586,59.95050048828125,58.099998474121094,59.689998626708984,41226000,-0.008827439347911081,0.1655191416189795,2437480382.774353
2018-09-06,58.29587936401367,58.571998596191406,59.314998626708984,57.599998474121094,59.314998626708984,37770000,-0.012757310647164566,0.16824692378698988,2209381275.8255005
2018-09-07,57.966941833496094,58.24150085449219,58.76300048828125,57.860748291015625,57.93349838256836,28026000,-0.005658531331270922,0.16707074970104777,1633591162.0788574
2018-09-10,57.95748519897461,58.231998443603516,58.72700119018555,58.00550079345703,58.609500885009766,22308000,-0.00016315171503666903,0.16608422703528344,1301036025.177002
2018-09-11,58.590492248535156,58.86800003051758,58.933998107910156,57.8120002746582,58.08150100708008,24186000,0.010862707151115814,0.17292167882286508,1415800055.2062988
2018-09-12,57.866912841796875,58.14099884033203,58.93050003051758,57.917999267578125,58.63600158691406,25910000,-0.012426667373163447,0.17359106022979834,1511325965.5888875
2018-09-13,58.48946762084961,58.76649856567383,58.93050003051758,58.14250183105469,58.5369987487793,28624000,0.010700929631698664,0.16500248486657945,1677743286.743164
2018-09-14,58.350128173828125,58.62649917602539,59.0212516784668,58.416500091552734,58.95500183105469,18880000,-0.0023851419911400384,0.1640780236974157,1108031019.2871094
2018-09-17,57.53001022338867,57.8025016784668,58.86199951171875,57.701499938964844,58.50699996948242,26130000,-0.01415482678763258,0.16964274021713877,1518727869.8349
2018-09-18,57.78729248046875,58.06100082397461,58.80400085449219,57.85449981689453,57.85449981689453,24072000,0.004462169647434955,0.16902228570221034,1401949279.9987793
2018-09-19,58.27846908569336,58.554500579833984,58.660499572753906,57.729000091552734,58.249000549316406,23828000,0.008463814492064792,0.17233329488398344,1389521879.272461
2018-09-20,59.063743591308594,59.34349822998047,59.49449920654297,58.667999267578125,58.9995002746582,24508000,0.013384547826483129,0.17862267666359272,1450105655.7413735
2018-09-21,58.02964782714844,58.304500579833984,59.61050033569336,58.301998138427734,59.599998474121094,88112000,-0.017663211169094417,0.18787335727705878,5175610740.21403
2018-09-24,58.39192581176758,58.66849899291992,58.900001525878906,57.34550094604492,57.85850143432617,25420000,0.006223574250611819,0.1830200361576375,1482104639.078776
2018-09-25,58.95326614379883,59.23249816894531,59.34400177001953,58.400001525878906,58.807498931884766,19554000,0.009567407143662443,0.17466600788600595,1153532836.5478516
2018-09-26,58.746253967285156,59.02450180053711,59.71149826049805,58.738250732421875,59.25749969482422,29246000,-0.0035176420393039365,0.17324248113202315,1730137312.9018147
2018-09-27,59.45041275024414,59.731998443603516,60.10499954223633,59.18149948120117,59.33649826049805,25216000,0.01191517719348667,0.17016047810146548,1504710144.0429688
2018-09-28,59.392189025878906,59.673500061035156,59.77050018310547,59.224998474121094,59.59349822998047,27612000,-0.0009798460847116885,0.16880908967411914,1644469464.2028809
2018-10-01,59.483760833740234,59.765499114990234,60.494998931884766,59.51499938964844,59.99449920654297,27152000,0.0015406282949896877,0.15978435111228473,1627088102.1321614
2018-10-02,59.722625732421875,60.00550079345703,60.49800109863281,59.33150100708008,59.54800033569336,33758000,0.004007590956470963,0.14857937656684023,2023623342.6233928
2018-10-03,59.86395263671875,60.147499084472656,60.320499420166016,59.69150161743164,60.25,25124000,0.0023635925037508443,0.14508237177669409,1508775760.3556316
2018-10-04,58.13414764404297,58.40950012207031,59.8754997253418,57.77880096435547,59.76649856567383,44190000,-0.02932130124936183,0.17304864429606528,2593419785.9573364
2018-10-05,57.59470748901367,57.86750030517578,58.67499923706055,57.25600051879883,58.375,23686000,-0.009322550738043667,0.1749747864158892,1372197090.815226
2018-10-08,57.177677154541016,57.44850158691406,58.400001525878906,56.36819839477539,57.50550079345703,38648000,-0.007267116930289141,0.17661200710168695,2218610359.954834
2018-10-09,56.67257308959961,56.941001892089844,57.717498779296875,56.87860107421875,57.307498931884766,26174000,-0.00887318873527132,0.17353621767465358,1496604033.6964924
2018-10-10,53.806148529052734,54.06100082397461,56.60850143432617,54.05649948120117,56.55400085449219,53514000,-0.051902628379068894,0.2438746051000032,2938382419.029236
2018-10-11,53.71159744262695,53.965999603271484,55.31999969482422,53.41350173950195,53.64699935913086,58980000,-0.0017588000928552283,0.2383923731240334,3198672190.39917
2018-10-12,55.24235153198242,55.50400161743164,55.75,54.320098876953125,55.400001525878906,42026000,0.028100951533255536,0.2634329231810064,2319472382.4590044
2018-10-15,54.355045318603516,54.61249923706055,55.672298431396484,54.45000076293945,55.445499420166016,27448000,-0.016192457596879706,0.2646373199300981,1507213582.4483237
2018-10-16,55.799705505371094,56.06399917602539,56.21099853515625,55.125,55.22949981689453,38570000,0.026231152283950898,0.28233017480365696,2152205970.5734253
2018-10-17,55.521522521972656,55.78450012207031,56.449501037597656,55.109500885009766,56.323001861572266,29344000,-0.004997852923075641,0.28002608886977287,1636842574.6663413
2018-10-18,54.14205551147461,54.39849853515625,56.09199905395508,53.85449981689453,56.09199905395508,41890000,-0.025159488707904742,0.2843301487071551,2294803980.445862
2018-10-19,54.56455993652344,54.823001861572266,55.518001556396484,54.38750076293945,54.66849899291992,25352000,0.007773336531228914,0.2829396567618166,1392065679.3314617
2018-10-22,54.79844665527344,55.05799865722656,55.61149978637695,54.54999923706055,55.15299987792969,30284000,0.004277261253468723,0.2822126060319404,1667835755.9204102
2018-10-23,54.92435836791992,55.18450164794922,55.394500732421875,53.5,54.044498443603516,36974000,0.002295088389129951,0.27918033376229284,2022219011.3372803
2018-10-24,52.287837982177734,52.535499572753906,55.305999755859375,52.4370002746582,55.212501525878906,39648000,-0.049193135567988655,0.3207631998932614,2118240650.756836
2018-10-25,54.520263671875,54.778499603271484,55.54899978637695,53.477500915527344,53.589500427246094,50916000,0.04180864239125004,0.35629794946810156,2780098465.1794434
2018-10-26,53.320945739746094,53.57350158691406,55.326499938964844,51.704498291015625,51.85150146484375,83752000,-0.022243210850213746,0.3613390344052251,4483649356.221518
2018-10-29,50.76356506347656,51.00400161743164,54.85200119018555,49.791500091552734,54.12350082397461,77614000,-0.04915035811076374,0.3904719082911673,4026808430.0053916
2018-10-30,51.56625747680664,51.81050109863281,51.8745002746582,50.037498474121094,50.42300033569336,64254000,0.015688659620359147,0.39700687497577203,3292428501.7318726
2018-10-31,53.58470153808594,53.8385009765625,54.59700012207031,52.849998474121094,52.990501403808594,50596000,0.03839607455411542,0.42657777527009966,2720133712.1276855
2018-11-01,53.2477912902832,53.5,54.19874954223633,53.12300109863281,53.790000915527344,29640000,-0.006307282658875479,0.4177519874107791,1588918896.331787
2018-11-02,52.640174865722656,52.88949966430664,54.14875030517578,52.730499267578125,53.686500549316406,36780000,-0.011476716683778587,0.41813878171285856,1958764865.6463623
2018-11-05,51.759342193603516,52.00450134277344,52.923500061035156,51.0620002746582,52.75,48828000,-0.016874667595792037,0.4202564356905309,2538893267.3187256
2018-11-06,52.5416374206543,52.79050064086914,53.21725082397461,51.903499603271484,51.9739990234375,24666000,0.015001007658706822,0.42555210793700016,1298346306.2820435
2018-11-07,54.411781311035156,54.669498443603516,54.77299880981445,53.29499816894531,53.45000076293945,41168000,0.03497474964026104,0.40754656860656563,2233192403.849284
2018-11-08,53.864871978759766,54.119998931884766,54.66350173950195,53.61024856567383,54.569000244140625,29764000,-0.010102158994083954,0.4091636795418831,1611162517.4306235
2018-11-09,53.05620193481445,53.307498931884766,53.77799987792969,52.65549850463867,53.699501037597656,26864000,-0.015126774062941273,0.3991569212202456,1430427383.951823
2018-11-12,51.686683654785156,51.93149948120117,53.10599899291992,51.54999923706055,53.06949996948242,29436000,-0.026151586777205083,0.40505631727456726,1536436527.5421143
2018-11-13,51.55829620361328,51.8025016784668,52.83024978637695,51.557498931884766,52.16450119018555,30274000,-0.0024870461987642756,0.39132824932382254,1576167880.1701865
2018-11-14,51.9370002746582,52.18299865722656,52.72819900512695,51.54999923706055,52.5,31318000,0.007318318303198623,0.3932291267035799,1633350588.1652832
2018-11-15,52.98454284667969,53.23550033569336,53.592498779296875,51.5890007019043,52.23550033569336,36722000,0.019968775711205033,0.3926697003281788,1939129689.0920002
2018-11-16,52.824302673339844,53.074501037597656,53.349998474121094,52.44900131225586,52.97050094604492,33162000,-0.003028863892355016,0.3913771560863526,1756187678.1082153
2018-11-19,50.759578704833984,51.0,53.03950119018555,50.8129997253418,52.86000061035156,37172000,-0.03987101965641715,0.41224361683452315,1918725721.3439941
2018-11-20,51.04622268676758,51.28799819946289,51.58700180053711,49.80099868774414,50.0,48982000,0.005631206384769882,0.4130288093562119,2492791922.5743613
2018-11-21,51.635929107666016,51.88050079345703,52.428001403808594,51.673500061035156,51.8380012512207,30686000,0.011486181269583007,0.3808444038463236,1595487907.099406
2018-11-23,50.95266342163086,51.194000244140625,51.87950134277344,51.11994934082031,51.5,13830000,-0.013320697212754418,0.3499538208083062,710831808.7768555
2018-11-26,52.18383026123047,52.430999755859375,52.46549987792969,51.695499420166016,51.91749954223633,38856000,0.02387564828476485,0.3549773319744721,2028179571.7468262
2018-11-27,51.974327087402344,52.22050094604492,52.87900161743164,51.92449951171875,52.04999923706055,36064000,-0.004022794982004196,0.3093816276844591,1887637870.2799478
2018-11-28,54.05546951293945,54.311500549316406,54.34199905395508,51.78799819946289,52.4379997253418,49508000,0.03926084573545108,0.3331476839860299,2647712557.739258
2018-11-29,54.158477783203125,54.415000915527344,54.712249755859375,53.79999923706055,53.80400085449219,29378000,0.001903789741517059,0.3062451372233261,1595492249.2701213
2018-11-30,54.46353530883789,54.721500396728516,54.778499603271484,53.89400100708008,54.45349884033203,51604000,0.005616878549392634,0.30566771780390756,2810594675.9897866
2018-12-03,55.06070327758789,55.32149887084961,56.23249816894531,55.183250427246094,56.15700149536133,39824000,0.010904871728715015,0.30384085352286067,2213381381.0424805
2018-12-04,52.29331588745117,52.54100036621094,55.22100067138672,52.499000549316406,55.15599822998047,46904000,-0.05156771295988838,0.3513467988161854,2505627339.477539
2018-12-06,53.184593200683594,53.436500549316406,53.560001373291016,51.53850173950195,51.7130012512207,55384000,0.016900193309952183,0.35239342720344413,2926767547.607422
2018-12-07,51.58467483520508,51.82899856567383,53.76300048828125,51.42499923706055,53.0004997253418,42024000,-0.03054412385732519,0.3447073375201585,2199494112.060547
2018-12-10,51.73247146606445,51.977500915527344,52.42250061035156,51.16450119018555,51.752498626708984,36154000,0.0028610300800231414,0.34410178721969753,1874759677.0655313
2018-12-11,52.339599609375,52.587501525878906,53.029998779296875,51.992000579833984,52.824501037597656,27894000,0.011667588134185891,0.34372894379309066,1465453139.2288208
2018-12-12,52.93328094482422,53.183998107910156,54.08250045776367,53.13949966430664,53.400001525878906,30476000,0.011279023166121949,0.33300748188924556,1629511067.352295
2018-12-13,52.844703674316406,53.095001220703125,53.987998962402344,52.69649887084961,53.403499603271484,26596000,-0.0016747774412757543,0.33290626552998454,1416498518.9463296
2018-12-14,51.859371185302734,52.10499954223633,53.130001068115234,52.03950119018555,52.499000549316406,33732000,-0.018821838193998186,0.33911158503751876,1768394498.2452393
2018-12-17,50.58689880371094,50.826499938964844,52.657501220703125,50.39500045776367,51.8754997253418,47708000,-0.024843028955873425,0.3411733459469107,2447086469.7214766
2018-12-18,51.19302749633789,51.43550109863281,52.4739990234375,51.071998596191406,51.304500579833984,43850000,0.011910715213802714,0.34467700532337436,2265312906.265259
2018-12-19,50.909366607666016,51.1505012512207,53.099998474121094,50.40250015258789,51.699501037597656,49586000,-0.005556414635854434,0.3158725535913132,2556207883.982341
2018-12-20,50.232574462890625,50.47050094604492,51.71099853515625,49.81800079345703,50.90650177001953,53470000,-0.013383216483597415,0.31855223971455093,2709137759.8953247
2018-12-21,48.746116638183594,48.97700119018555,51.20100021362305,48.68450164794922,50.76499938964844,91920000,-0.030038174373281823,0.3305375743047958,4561147093.505859
2018-12-24,48.580902099609375,48.81100082397461,50.176998138427734,48.50550079345703,48.69499969482422,31806000,-0.003395042803318482,0.32836376670651224,1563726084.411621
2018-12-26,51.72799301147461,51.972999572753906,52.0,49.150001525878906,49.45050048828125,47466000,0.06276859311797667,0.38944293174293576,2422712123.3825684
2018-12-27,51.94795227050781,52.194000244140625,52.19449996948242,49.849998474121094,50.85749816894531,42196000,0.004243213572113547,0.389534448555556,2169415896.876017
2018-12-28,51.60955047607422,51.854000091552734,52.77799987792969,51.654998779296875,52.48099899291992,28296000,-0.00653555734707556,0.36263323778780915,1474098972.1984863
2018-12-31,51.53639602661133,51.78049850463867,52.6349983215332,51.179500579833984,52.54800033569336,29866000,-0.0014184650819371036,0.3623282562887594,1549000064.1759238
2019-01-02,52.04598617553711,52.29249954223633,52.61600112915039,50.785499572753906,50.82849884033203,30652000,0.009839400279565425,0.3638088719589641,1590777498.4944663
2019-01-03,50.56351089477539,50.803001403808594,52.8489990234375,50.70349884033203,52.04999923706055,36822000,-0.02889748971093331,0.371625166113856,1894559398.010254
2019-01-04,53.28312683105469,53.535499572753906,53.54199981689453,51.37089920043945,51.62950134277344,41878000,0.05238952368577898,0.37885889052609417,2211834012.0519004
2019-01-07,53.16767120361328,53.419498443603516,53.70000076293945,52.737998962402344,53.57500076293945,39638000,-0.0021691837890300825,0.37445430415972913,2112143837.4735515
2019-01-08,53.5603141784668,53.81399917602539,54.22800064086914,53.0265007019043,53.80550003051758,35298000,0.007357859231729602,0.3581246180733486,1895131977.104187
2019-01-09,53.479698181152344,53.733001708984375,54.131500244140625,53.31999969482422,54.08250045776367,23986000,-0.0015062780875978454,0.35829246803235215,1288723818.8425698
2019-01-10,53.26421356201172,53.51649856567383,53.557498931884766,52.885501861572266,53.382999420166016,29128000,-0.00403741830957749,0.35688306308625256,1553100099.1109214
2019-01-11,52.610313415527344,52.859500885009766,53.188751220703125,52.42399978637695,53.159000396728516,30416000,-0.012352517262202323,0.3575678319114099,1606697337.8499348
2019-01-14,51.988258361816406,52.234500885009766,52.576499938964844,52.06275177001953,52.34600067138672,22886000,-0.011894280712195116,0.3598018652889097,1196737567.2887166
2019-01-15,53.603607177734375,53.85749816894531,54.002498626708984,52.367000579833984,52.50849914550781,29272000,0.030598471554097006,0.369146871347363,1563388222.3917642
2019-01-16,53.79370880126953,54.048500061035156,54.618751525878906,53.96699905395508,54.0,26636000,0.003540159646322927,0.35631491065707105,1443975300.0233967
2019-01-17,54.238101959228516,54.494998931884766,54.59000015258789,53.67499923706055,53.9734992980957,24854000,0.008227126092078763,0.3553904596850095,1348412332.7611287
2019-01-18,54.65412902832031,54.91299819946289,55.417598724365234,54.54499816894531,55.0,39112000,0.007641116166309914,0.3543705533359642,2149538091.756185
2019-01-22,53.27367401123047,53.5260009765625,54.57550048828125,53.173500061035156,54.400001525878906,32270000,-0.025582477646513446,0.364095015423851,1734781433.0800374
2019-01-23,53.52497863769531,53.778499603271484,54.246498107910156,52.98749923706055,53.86750030517578,19340000,0.004706147204152966,0.34371739751746166,1037993896.9930012
2019-01-24,53.441871643066406,53.69499969482422,53.973751068115234,53.03499984741211,53.82400131225586,27226000,-0.0015538834906885235,0.34323132933747097,1458440104.7058105
2019-01-25,54.29234313964844,54.54949951171875,54.70000076293945,54.090999603271484,54.25,22382000,0.01578865480138658,0.2748828250306508,1218629022.7559407
2019-01-28,53.25177764892578,53.50400161743164,54.150001525878906,53.189998626708984,54.00550079345703,25686000,-0.019352019566699408,0.2848510683104882,1377146343.1549072
2019-01-29,52.781002044677734,53.03099822998047,53.75749969482422,52.793251037597656,53.63399887084961,20436000,-0.008879870905489362,0.2857713025722926,1087070873.9318848
2019-01-30,54.1963005065918,54.452999114990234,54.54999923706055,53.342498779296875,53.42150115966797,25596000,0.02646133357482494,0.2986374045049737,1385131781.5246582
2019-01-31,55.55535888671875,55.81850051879883,55.86650085449219,54.77050018310547,55.150001525878906,30766000,0.0247673312605583,0.30758184975550645,1707056653.6280313
2019-02-01,55.27568817138672,55.537498474121094,56.25,55.24449920654297,55.619998931884766,29244000,-0.005046804417389694,0.2865071888796788,1628227913.3911133
2019-02-04,56.372989654541016,56.63999938964844,56.63999938964844,55.45100021362305,55.632999420166016,51530000,0.019656960333875872,0.2353127675657506,2898236126.035054
2019-02-05,57.02938461303711,57.29949951171875,57.342498779296875,55.86240005493164,56.242000579833984,71044000,0.011576517569845457,0.23644462863343121,4037771492.0298257
2019-02-06,55.49863052368164,55.76150131225586,57.349998474121094,55.63850021362305,56.97850036621094,42112000,-0.027208309328005775,0.2585588135137236,2368800000.0
2019-02-07,54.67652893066406,54.93550109863281,55.242000579833984,54.29999923706055,55.20800018310547,40896000,-0.01492381504607021,0.26479792182000195,2242157292.4804688
2019-02-08,54.4948844909668,54.75299835205078,54.945499420166016,54.32749938964844,54.349998474121094,21516000,-0.0033276954401344483,0.2646355371814286,1176394451.6448975
2019-02-11,54.49239730834961,54.7504997253418,55.29724884033203,54.643001556396484,54.84749984741211,21304000,-4.5641703812826506e-05,0.26011497853437987,1169523913.5335288
2019-02-12,55.80418395996094,56.06850051879883,56.26475143432617,55.29249954223633,55.34000015258789,32182000,0.02378765492865753,0.2657528608808659,1798177311.5412393
2019-02-13,55.74396896362305,56.007999420166016,56.73649978637695,55.92499923706055,56.2495002746582,20996000,-0.0010796234739620658,0.24705724245088315,1180461596.440633
2019-02-14,55.81911849975586,56.083499908447266,56.4114990234375,55.52225112915039,55.90250015258789,18952000,0.0013472116845765214,0.24699674397819818,1061420974.3855795
2019-02-15,55.420005798339844,55.682498931884766,56.583499908447266,55.532501220703125,56.50400161743164,28996000,-0.007175792087994459,0.2477320944923665,1621828435.9232583
2019-02-19,55.66435241699219,55.928001403808594,56.09450149536133,55.5,55.5,20928000,0.004399305476773918,0.24690243081741473,1168636980.2246094
2019-02-20,55.42747497558594,55.689998626708984,56.170501708984375,55.263999938964844,55.9995002746582,21756000,-0.004264540532992633,0.2283975893342897,1211986875.9918213
2019-02-21,54.589935302734375,54.8484992980957,55.59700012207031,54.625999450683594,55.54199981689453,28302000,-0.015225878359712564,0.23569576014130705,1557284520.3475952
2019-02-22,55.25678253173828,55.51850128173828,55.5620002746582,54.779998779296875,55.04499816894531,20990000,0.01214156297452229,0.23858205241669736,1160470634.0154011
2019-02-25,55.2085075378418,55.470001220703125,55.926998138427734,55.36349868774414,55.79999923706055,28262000,-0.0008740301490046676,0.23305861119672078,1570995065.266927
2019-02-26,55.49365997314453,55.756500244140625,55.97549819946289,54.99599838256836,55.287498474121094,29426000,0.005151716039173415,0.22144319455563397,1635379344.8689778
2019-02-27,55.5394401550293,55.8025016784668,55.89899826049805,55.04999923706055,55.34749984741211,19368000,0.000824622286978105,0.21791867506239365,1076547678.68042
2019-02-28,55.73202896118164,55.99599838256836,56.38249969482422,55.550498962402344,55.564998626708984,30850000,0.003461606106101023,0.19989998954221538,1726869852.8925576
2019-03-01,56.78056335449219,57.04949951171875,57.14849853515625,56.23749923706055,56.244998931884766,29006000,0.018639064799985228,0.19183438378292705,1647884011.4059448
2019-03-04,57.11945724487305,57.38999938964844,57.91400146484375,56.53450012207031,57.3494987487793,28920000,0.005950743268602565,0.19117326401399573,1656523149.4140625
2019-03-05,57.82760238647461,58.10150146484375,58.480499267578125,57.309749603271484,57.50299835205078,28864000,0.012321395655999545,0.18401328454011603,1673070493.8964844
2019-03-06,57.62008285522461,57.893001556396484,58.378299713134766,57.77450180053711,58.1245002746582,21986000,-0.003595044011838411,0.18076816888373876,1275523675.432841
2019-03-07,56.8955192565918,57.165000915527344,57.83774948120117,56.74549865722656,57.7859992980957,23332000,-0.01265457727060948,0.1582554620676722,1335743382.30896
2019-03-08,56.84674835205078,57.11600112915039,57.354000091552734,56.165000915527344,56.33649826049805,24248000,-0.0008575687570742119,0.14724998023662036,1379185843.9331055
2019-03-11,58.5108642578125,58.78799819946289,58.80950164794922,57.22249984741211,57.22249984741211,34384000,0.028853429216762372,0.17263262807937826,2003670289.8356118
2019-03-12,59.378753662109375,59.65999984741211,60.0,58.91299819946289,58.91299819946289,40262000,0.014724029125003923,0.17627521155215597,2396568682.454427
2019-03-13,59.38472366333008,59.66600036621094,60.04650115966797,59.59700012207031,60.032249450683594,28718000,0.00010053597890813393,0.1617184888090454,1716470089.4419353
2019-03-14,58.9980583190918,59.27750015258789,59.89400100708008,59.2239990234375,59.72549819946289,23456000,-0.006532482389531857,0.1645734033542544,1394814950.7649739
2019-03-15,58.94381332397461,59.222999572753906,59.82849884033203,59.13050079345703,59.66899871826172,49236000,-0.0009198598968529481,0.1650182558878944,2924322970.977783
2019-03-18,58.93386459350586,59.2130012512207,59.5,58.87105178833008,59.165000915527344,25852000,-0.0001687975309341283,0.1614644328301243,1530300979.7261558
2019-03-19,59.6599235534668,59.942501068115234,60.0,59.29349899291992,59.44049835205078,30414000,0.012244621625308483,0.16452831688388328,1817094568.6187744
2019-03-20,60.90999984741211,61.19850158691406,61.356998443603516,59.80849838256836,59.86750030517578,44548000,0.02073686462745794,0.17228211319125472,2707983800.4353843
2019-03-21,61.286720275878906,61.57699966430664,61.589500427246094,60.657501220703125,60.79999923706055,24080000,0.006165822152657263,0.15623225839885438,1475493983.8663738
2019-03-22,59.9908561706543,60.275001525878906,61.5,60.14125061035156,61.316001892089844,34284000,-0.02137103104320115,0.1802340199415241,2078938929.4128418
2019-03-25,59.36880111694336,59.650001525878906,60.31990051269531,59.35200119018555,59.846500396728516,29936000,-0.0104232987891546,0.1864811150163132,1789393498.3520508
2019-03-26,58.951778411865234,59.23099899291992,60.14149856567383,58.83599853515625,59.92649841308594,38024000,-0.007049059995019924,0.18997362387106922,2258733285.15625
2019-03-27,58.374507904052734,58.6510009765625,59.37794876098633,57.96849822998047,59.275001525878906,28004000,-0.009840508624169075,0.19504415842392653,1642877510.9608967
2019-03-28,58.149078369140625,58.42449951171875,58.578250885009766,57.97154998779297,58.57699966430664,19234000,-0.0038692564032212218,0.19622917044448376,1121818564.531962
2019-03-29,58.38894271850586,58.66550064086914,58.949501037597656,58.14400100708008,58.744998931884766,25398000,0.004116505254632585,0.1870453593548463,1487975716.7358398
2019-04-01,59.43996810913086,59.721500396728516,59.83300018310547,59.099998474121094,59.20500183105469,25050000,0.01784032899155541,0.19504503824409633,1491765067.100525
2019-04-02,59.741539001464844,60.02450180053711,60.067501068115234,59.285499572753906,59.76599884033203,16558000,0.0050607102270685544,0.19179017129694603,990044228.4749349
2019-04-03,60.011756896972656,60.29600143432617,60.814998626708984,60.025001525878906,60.374000549316406,20286000,0.004512917195216737,0.19105804492785333,1224841642.730713
2019-04-04,60.46361541748047,60.75,60.78350067138672,60.20650100708008,60.297000885009766,19000000,0.007501294756651511,0.18413481667578474,1151020010.6302896
2019-04-05,60.072967529296875,60.35749816894531,60.81100082397461,60.25149917602539,60.7495002746582,18144000,-0.006481837237504173,0.18664634356309576,1097228148.9257812
2019-04-08,59.90824890136719,60.19200134277344,60.43450164794922,59.99300003051758,60.394500732421875,17204000,-0.002745741980548999,0.16127881487723944,1035792643.3258057
2019-04-09,59.580299377441406,59.86249923706055,60.114498138427734,59.65399932861328,59.79999923706055,17528000,-0.0054892347781008155,0.1549276487276756,1049524036.7431641
2019-04-10,59.82464599609375,60.108001708984375,60.18925094604492,59.82175064086914,60.034000396728516,14492000,0.004092744382845126,0.15551983955809362,870094865.25472
2019-04-11,59.947059631347656,60.23099899291992,60.39799880981445,60.006500244140625,60.198001861572266,14204000,0.002044116800996143,0.15354244811018924,855248871.4192708
2019-04-12,60.606441497802734,60.89350128173828,60.91749954223633,60.40549850463867,60.5,18668000,0.01093934951563913,0.15730673434847417,1133872536.4888508
2019-04-15,60.767181396484375,61.05500030517578,61.209999084472656,60.455501556396484,60.900001525878906,23748000,0.002648680805949155,0.15725677980812475,1446415485.4888916
2019-04-16,61.06725311279297,61.35649871826172,61.54100036621094,61.00600051879883,61.25,17126000,0.004925903325690761,0.1529544019047202,1049843778.0685425
2019-04-17,61.52558135986328,61.81700134277344,62.02799987792969,61.39099884033203,61.650001525878906,24438000,0.007477278496020645,0.13769551762796142,1508932456.4971924
2019-04-18,61.52708053588867,61.81850051879883,62.099998474121094,61.730499267578125,61.95899963378906,26636000,2.4366413573062573e-05,0.13614365759569422,1648315572.555542
2019-04-22,62.147640228271484,62.44200134277344,62.454498291015625,61.41550064086914,61.79949951171875,16146000,0.010035436451137691,0.11520873241067933,1002731185.4782104
2019-04-23,62.929439544677734,63.227500915527344,63.45000076293945,62.319000244140625,62.53450012207031,26398000,0.012501243225417902,0.11190148484427392,1663043219.250997
2019-04-24,62.50395202636719,62.79999923706055,63.4005012512207,62.75,63.20600128173828,20376000,-0.00678430432224264,0.11160788941367972,1283351799.3164062
2019-04-25,62.874698638916016,63.17250061035156,63.370399475097656,62.60150146484375,63.23849868774414,22146000,0.005914048224043178,0.10177943263600629,1396263972.2442627
2019-04-26,63.309139251708984,63.60900115966797,63.653499603271484,63.01599884033203,63.45000076293945,24828000,0.006885863302965589,0.09843058864843642,1574744862.7166748
2019-04-29,64.07550811767578,64.37899780273438,64.4635009765625,63.31475067138672,63.70000076293945,49988000,0.012032503572199538,0.10203838056149318,3201852195.1802573
2019-04-30,59.143863677978516,59.42399978637695,59.640499114990234,58.75,59.25,124140000,-0.08008935892938762,0.3043803650248584,7357963964.538574
2019-05-01,58.1286735534668,58.40399932861328,59.40250015258789,58.35900115966797,59.40250015258789,52784000,-0.01731378050468102,0.3092662200583639,3099573261.942546
2019-05-02,57.85646438598633,58.13050079345703,58.70949935913086,57.750099182128906,58.38800048828125,38896000,-0.004693871509781289,0.3087000077119095,2263618834.5743814
2019-05-03,58.99059295654297,59.27000045776367,59.34000015258789,58.45000076293945,58.682498931884766,39614000,0.019412798458556146,0.31590290965796275,2338018298.13385
2019-05-06,59.18915557861328,59.46950149536133,59.54249954223633,58.3129997253418,58.3129997253418,31278000,0.0033603525371885823,0.315677652720837,1848790457.9544067
2019-05-07,58.42825698852539,58.70500183105469,59.52199935913086,58.051998138427734,59.02349853515625,31028000,-0.012938716957720864,0.3184508560785624,1823194930.3894043
2019-05-08,58.03860092163086,58.313499450683594,59.02119827270508,58.2869987487793,58.60049819946289,26186000,-0.006691303049502828,0.318679521354811,1532943247.9400635
2019-05-09,57.84501647949219,58.11899948120117,58.483001708984375,57.54249954223633,57.951499938964844,23714000,-0.003341017937692037,0.318128673555874,1376554230.122884
2019-05-10,57.9390754699707,58.2135009765625,58.630001068115234,57.125,58.179500579833984,26290000,0.0016247311627335392,0.3180700759877365,1524543972.9181924
2019-05-13,56.33467483520508,56.60150146484375,57.39699935913086,56.105499267578125,57.097999572753906,37212000,-0.02808179591994886,0.32705132891967387,2109970017.13562
2019-05-14,55.757904052734375,56.02199935913086,57.020999908447266,55.977500915527344,56.86050033569336,36732000,-0.010291062592598266,0.3269731271965271,2069487004.2419434
2019-05-15,57.93608856201172,58.21049880981445,58.56650161743164,55.83330154418945,55.89350128173828,45786000,0.038321304618585295,0.3578078850922453,2634378428.6880493
2019-05-16,58.67110824584961,58.94900131225586,59.40800094604492,58.141998291015625,58.22549819946289,30628000,0.0126069306002492,0.3600669676446344,1801937129.6081543
2019-05-17,57.841041564941406,58.1150016784668,59.00749969482422,58.0004997253418,58.423500061035156,24172000,-0.014248826859356356,0.3622480943717877,1411024394.1853843
2019-05-20,56.674068450927734,56.942501068115234,57.33985137939453,56.57215118408203,57.224998474121094,27066000,-0.02038182580660397,0.3636459970282076,1541449331.7642212
2019-05-21,57.21052169799805,57.48149871826172,57.635398864746094,56.89699935913086,57.42449951171875,23196000,0.00942106766460693,0.36197211153805187,1330011451.1566162
2019-05-22,57.29960250854492,57.57099914550781,57.92599868774414,57.294498443603516,57.337501525878906,18290000,0.0015558594339832865,0.36253520083668633,1053452155.6345623
2019-05-23,56.76961135864258,57.03850173950195,57.298648834228516,56.46120071411133,57.025001525878906,23978000,-0.009292515406990276,0.3609261630562738,1365134289.0599568
2019-05-24,56.406333923339844,56.673500061035156,57.488250732421875,56.58300018310547,57.36800003051758,22240000,-0.006419715462241626,0.35828143462514084,1265787753.90625
2019-05-28,56.44017028808594,56.70750045776367,57.579349517822266,56.65599822998047,56.70000076293945,27300000,0.0005996883287897603,0.3532710806648618,1555579918.6706543
2019-05-29,55.559844970703125,55.823001861572266,56.45500183105469,55.4109992980957,56.375999450683594,30764000,-0.015720416554410477,0.23403935396765954,1719594829.3355305
2019-05-30,55.63399124145508,55.897499084472656,56.15650177001953,55.60599899291992,55.777000427246094,19038000,0.001333640141710113,0.22862516670675886,1063970359.0316772
2019-05-31,54.92137145996094,55.18149948120117,55.47999954223633,55.00899887084961,55.06449890136719,30156000,-0.012891815173362353,0.231496280798911,1665319844.833374
2019-06-03,51.567256927490234,51.811500549316406,53.275001525878906,51.25,53.275001525878906,102612000,-0.06301563714341452,0.2986446773323187,5347333716.97998
2019-06-04,52.40428924560547,52.65250015258789,52.8025016784668,51.68450164794922,52.14500045776367,56670000,0.016101528406092136,0.3071967801603504,2968365220.718384
2019-06-05,51.8653450012207,52.111000061035156,52.6775016784668,51.52450180053711,52.57699966430664,43368000,-0.01033760303925213,0.3065970709318833,2259660779.1748047
2019-06-06,51.97084045410156,52.21699905395508,52.3745002746582,51.685001373291016,52.2495002746582,34064000,0.002031960028506141,0.30781699490542297,1774467573.3032227
2019-06-07,53.05072784423828,53.301998138427734,53.54600143432617,52.41999816894531,52.53150177001953,36048000,0.02056578413425525,0.32078977245988227,1913764260.8642578
2019-06-10,53.76435089111328,54.01900100708008,54.632999420166016,53.6161003112793,53.64899826049805,29284000,0.013362039761770195,0.32606012868304834,1583953020.6756592
2019-06-11,53.681739807128906,53.93600082397461,55.0994987487793,53.880149841308594,54.69900131225586,28734000,-0.0015377218421992467,0.31379295027322235,1560406090.0878906
2019-06-12,53.59763717651367,53.85150146484375,54.04650115966797,53.37699890136719,53.900001525878906,21220000,-0.0015679182748735698,0.31248171385064305,1140751844.1263833
2019-06-13,54.18186569213867,54.438499450683594,54.708499908447266,54.00749969482422,54.18199920654297,21154000,0.010841286557563112,0.28067497955193715,1150456757.662455
2019-06-14,54.01167678833008,54.26750183105469,54.634498596191406,54.00859832763672,54.32099914550781,22230000,-0.003146011125535697,0.27461698384329564,1207167536.7736816
2019-06-17,54.36749267578125,54.625,54.95899963378906,54.31399917602539,54.31399917602539,18832000,0.00656615413474837,0.27440263501679696,1028842371.1954752
2019-06-18,54.91987228393555,55.18000030517578,55.81949996948242,54.949501037597656,55.484500885009766,27734000,0.01010884126013023,0.27045097957562964,1534143200.7980347
2019-06-19,54.85667419433594,55.11650085449219,55.349998474121094,54.67399978637695,55.279998779296875,26776000,-0.00115139524076735,0.2674936315257854,1473934001.4343262
2019-06-20,55.30903244018555,55.57099914550781,56.00600051879883,55.23699951171875,55.9995002746582,25240000,0.008212370292596916,0.26962305015203414,1403461779.7342935
2019-06-21,55.82957077026367,56.09400177001953,56.205501556396484,55.40399932861328,55.46200180053711,38952000,0.009367440680851935,0.270788019451099,2177462278.4729004
2019-06-24,55.513065338134766,55.7760009765625,56.099998474121094,55.550498962402344,55.980499267578125,27912000,-0.005685266591576976,0.27060902318183117,1557736141.2353516
2019-06-25,54.061439514160156,54.317501068115234,55.717498779296875,54.189998626708984,55.632999420166016,30938000,-0.026497235968719224,0.28471675512080974,1693597667.5974529
2019-06-26,53.73548889160156,53.9900016784668,54.64849853515625,53.61199951171875,54.32500076293945,36218000,-0.006047512128190657,0.2808495130864562,1958796199.684143
2019-06-27,53.546878814697266,53.800498962402344,54.35499954223633,53.76449966430664,54.20000076293945,20086000,-0.0035161466931952212,0.28069730817666716,1084108361.073812
2019-06-28,53.79072570800781,54.045501708984375,54.04999923706055,53.66849899291992,53.81949996948242,33864000,0.0045435579430157524,0.27857760150584165,1825992031.3110352
2019-07-01,54.638702392578125,54.897499084472656,55.37900161743164,54.685150146484375,54.900001525878906,28726000,0.01564139897658423,0.16975779538958866,1579562794.090271
2019-07-02,55.300567626953125,55.5625,55.5885009765625,54.90850067138672,55.11199951171875,19832000,0.012040706302605564,0.1663232104642333,1097764012.2273762
2019-07-03,55.81463623046875,56.07899856567383,56.3380012512207,55.69300079345703,55.87049865722656,15340000,0.009252960052750225,0.16070473885166703,859602469.7875977
2019-07-05,56.31277084350586,56.579498291015625,56.64400100708008,55.80699920654297,55.88999938964844,25286000,0.008885211978368446,0.16157178940612846,1424701728.396098
2019-07-08,55.55437469482422,55.817501068115234,56.29899978637695,55.56050109863281,56.25849914550781,24728000,-0.013559079641685123,0.1606522687049748,1382105634.765625
2019-07-09,55.976375579833984,56.24150085449219,56.401248931884766,55.35850143432617,55.59000015258789,26608000,0.0075674717124964985,0.15683298394170755,1490059097.4934897
2019-07-10,56.75517654418945,57.02399826049805,57.102500915527344,56.548500061035156,56.56100082397461,24190000,0.01381713175982302,0.1613806118689383,1376209410.5148315
2019-07-11,56.940799713134766,57.21049880981445,57.653499603271484,56.979000091552734,57.162498474121094,23910000,0.003265257751073669,0.16060294685078197,1369588698.0819702
2019-07-12,56.97513961791992,57.244998931884766,57.367000579833984,56.93899917602539,57.199501037597656,17280000,0.0006028990504223231,0.15821342983178743,988133752.4414062
2019-07-15,57.24585723876953,57.516998291015625,57.54100036621094,56.970001220703125,57.34299850463867,18076000,0.004740251533744022,0.15700706151670912,1036526041.9311523
2019-07-16,57.40709686279297,57.67900085449219,57.92900085449219,57.25,57.29999923706055,24776000,0.0028126572330329225,0.15644110098268546,1427576616.7805989
2019-07-17,57.04729461669922,57.317501068115234,57.917999267578125,57.28850173950195,57.548500061035156,23400000,-0.006287280491162228,0.1569676400114999,1345687216.1865234
2019-07-18,57.04630661010742,57.31650161743164,57.3802490234375,56.63650131225586,57.08700180053711,25814000,-1.731922879422143e-05,0.1567387070801044,1474265521.9726562
2019-07-19,56.23862838745117,56.505001068115234,57.55699920654297,56.48099899291992,57.40950012207031,32944000,-0.014259476041373453,0.16452752806345994,1872789522.6236978
2019-07-22,56.635250091552734,56.903499603271484,56.962501525878906,56.21200180053711,56.67250061035156,26030000,0.007027725844778843,0.16319209346237185,1475710138.7532551
2019-07-23,57.04032897949219,57.31050109863281,57.345001220703125,56.59000015258789,57.20000076293945,21874000,0.007126959121113607,0.16287934139705418,1248608040.356954
2019-07-24,56.62230682373047,56.890499114990234,57.20000076293945,56.3494987487793,56.595001220703125,31796000,-0.007355522551777405,0.13220993168068065,1806436732.111613
2019-07-25,56.339149475097656,56.60599899291992,57.084999084472656,56.04600143432617,56.89099884033203,44196000,-0.005013355014654941,0.13143195179757416,2500565476.8066406
2019-07-26,62.225772857666016,62.52050018310547,63.27750015258789,61.20000076293945,61.20199966430664,96116000,0.09937960250318767,0.35882506159633726,5991166624.5320635
2019-07-29,61.678367614746094,61.97050094604492,62.368499755859375,61.4114990234375,62.0525016784668,44474000,-0.008836005033937333,0.3631784486230051,2753689241.5949507
2019-07-30,60.96822738647461,61.25699996948242,61.743499755859375,61.165000915527344,61.27050018310547,29066000,-0.011580397554380895,0.3670587258901562,1784318147.2091675
2019-07-31,60.547218322753906,60.83399963378906,61.70000076293945,60.38819885253906,61.150001525878906,34510000,-0.0069293371858973885,0.3686510519010913,2104215032.0307412
2019-08-01,60.16552734375,60.45050048828125,61.705501556396484,60.2859992980957,60.701499938964844,33970000,-0.00632397596402523,0.3700741238123064,2065851595.2046714
2019-08-02,59.418067932128906,59.699501037597656,60.345001220703125,59.446998596191406,60.0369987487793,32902000,-0.012501198751928122,0.3737162411860862,1968543120.3715005
2019-08-05,57.344390869140625,57.61600112915039,58.762001037597656,57.00699996948242,58.50199890136719,51950000,-0.03552332051253604,0.39297446999274,3002450286.9923906
2019-08-06,58.221736907958984,58.497501373291016,58.99800109863281,58.0,58.16550064086914,34188000,0.015183737853646129,0.3953117461803459,1999946746.170044
2019-08-07,58.422786712646484,58.699501037597656,58.92224884033203,57.481201171875,57.79999923706055,28886000,0.0034472257683884067,0.39301619684891087,1686007948.0082195
2019-08-08,59.956024169921875,60.2400016784668,60.2504997253418,58.6510009765625,59.14149856567383,29360000,0.02590536582777858,0.40203740363402907,1753198169.9625652
2019-08-09,59.12047576904297,59.4005012512207,60.194000244140625,59.18014907836914,59.89950180053711,21314000,-0.014034038874101817,0.40611299831303527,1270134300.7761638
2019-08-12,58.45861053466797,58.73550033569336,59.24800109863281,58.38359832763672,58.96049880981445,20060000,-0.011258332516804082,0.4084428219145277,1179308007.074992
2019-08-13,59.581295013427734,59.86349868774414,60.23899841308594,58.573001861572266,58.573001861572266,25888000,0.019022691150977877,0.4131484142748142,1541850439.046224
2019-08-14,57.94007110595703,58.214500427246094,59.1150016784668,58.027000427246094,58.81549835205078,31574000,-0.02793246318121767,0.4251388153132393,1845568736.9918823
2019-08-15,58.087867736816406,58.362998962402344,58.79199981689453,58.105499267578125,58.17499923706055,24374000,0.0025476055555309074,0.42517109055460905,1423933126.4648438
2019-08-16,58.6024284362793,58.880001068115234,59.13600158691406,58.59049987792969,58.977500915527344,26266000,0.008819311486144343,0.42228757176978876,1546248798.5102334
2019-08-19,59.640018463134766,59.92250061035156,60.3494987487793,59.50450134277344,59.50450134277344,24632000,0.017550662856405275,0.4254056381573842,1476084921.7631023
2019-08-20,58.85573196411133,59.134498596191406,59.803001403808594,59.105499267578125,59.76250076293945,18310000,-0.01323757094951361,0.4284893128691794,1086655772.1964517
2019-08-21,59.281715393066406,59.5625,59.95000076293945,59.371498107910156,59.657501220703125,14814000,0.007211689175814051,0.4276306091303328,883329186.4242554
2019-08-22,59.19612121582031,59.47650146484375,59.90060043334961,58.92900085449219,59.70349884033203,18950000,-0.0014448979587653454,0.4270400066144795,1126300215.7211304
2019-08-23,57.29313278198242,57.56449890136719,59.70399856567383,57.38750076293945,59.0994987487793,33740000,-0.0326752499386771,0.2619519111989532,1964297793.4265137
2019-08-26,58.168983459472656,58.44449996948242,58.4734992980957,57.64799880981445,57.862998962402344,24522000,0.015171512628263883,0.2695745027341699,1426902468.284607
2019-08-27,58.116729736328125,58.391998291015625,59.119998931884766,58.0724983215332,59.0265007019043,21544000,-0.0008987127519883842,0.2677823997481331,1260930790.6697593
2019-08-28,58.27498245239258,58.55099868774414,58.82099914550781,57.8650016784668,58.08549880981445,16040000,0.0027193141265371423,0.26780452539586685,936933824.0559895
2019-08-29,59.36133575439453,59.64250183105469,59.803001403808594,59.055999755859375,59.055999755859375,21768000,0.018470217402399847,0.2762634887343416,1295206905.7006836
2019-08-30,59.12495803833008,59.404998779296875,59.92499923706055,59.19015121459961,59.92499923706055,22596000,-0.003989964106205335,0.27322453845261263,1344613764.0075684
2019-09-03,58.144100189208984,58.419498443603516,59.34450149536133,58.15999984741211,58.85150146484375,29598000,-0.016728721766391175,0.2493437588206846,1735666181.892395
2019-09-04,58.79203414916992,59.070499420166016,59.17399978637695,58.54999923706055,58.83549880981445,21378000,0.011081956739289467,0.24673024198157462,1259837595.9091187
2019-09-05,60.283470153808594,60.569000244140625,60.652000427246094,59.576499938964844,59.576499938964844,28162000,0.025051567277384557,0.2609103443730125,1697206404.0629067
2019-09-06,59.96249008178711,60.246498107910156,60.60074996948242,60.1260986328125,60.40650177001953,21442000,-0.005338737929768023,0.24616432232267887,1293476833.3867393
2019-09-09,59.93661117553711,60.22050094604492,61.0,59.63100051879883,60.20000076293945,29438000,-0.00043167807565591687,0.24083019854618823,1774635500.0406902
2019-09-10,60.01573944091797,60.29999923706055,60.5,59.729000091552734,59.75749969482422,25202000,0.0013193284908865621,0.2368694241906219,1516563947.0265706
2019-09-11,60.72089767456055,61.00849914550781,61.130001068115234,60.11000061035156,60.170501708984375,26140000,0.011681064978259492,0.23124901440241302,1587991937.1795654
2019-09-12,61.42157745361328,61.712501525878906,62.09299850463867,61.1510009765625,61.21500015258789,34518000,0.011473280929250151,0.20829052553748906,2128109500.5874634
2019-09-13,61.685829162597656,61.97800064086914,62.04399871826172,61.35049819946289,61.567501068115234,26028000,0.004293033572832172,0.20833899246711862,1608291788.8183594
2019-09-16,61.2747688293457,61.564998626708984,61.97800064086914,61.28049850463867,61.47600173950195,21066000,-0.006686074584649759,0.20978802951286657,1297830601.3565063
2019-09-17,61.16777801513672,61.45750045776367,61.75,61.18450164794922,61.52000045776367,19102000,-0.001747608885909635,0.2025291084206421,1174085341.4077759
2019-09-18,61.330013275146484,61.62049865722656,61.78049850463867,60.826499938964844,61.3754997253418,22702000,0.00264878824598469,0.19553313174645795,1394110879.7276816
2019-09-19,61.64352798461914,61.93550109863281,62.22200012207031,61.60100173950195,61.60300064086914,19920000,0.005098908033595251,0.1949674285554071,1233436459.6557617
2019-09-20,61.206600189208984,61.496498107910156,62.16600036621094,61.15399932861328,61.65599822998047,45400000,-0.007113214193634754,0.19718596657102863,2796889666.748047
2019-09-23,61.4106330871582,61.701499938964844,61.954498291015625,61.208499908447266,61.29999923706055,21248000,0.0033279675427175803,0.15243834136092196,1309333618.8151042
2019-09-24,60.65073013305664,60.9379997253418,62.33700180053711,60.534000396728516,62.0,31664000,-0.012451323689773197,0.1556454877575307,1940042745.6258137
2019-09-25,62.03218460083008,62.32600021362305,62.415000915527344,60.50450134277344,60.79100036621094,29060000,0.022521683035798823,0.1703758479846658,1794411433.9447021
2019-09-26,61.776893615722656,62.06949996948242,62.25,61.613399505615234,62.097999572753906,30760000,-0.004123951984708718,0.17228385812246302,1906431995.9513345
2019-09-27,60.96574020385742,61.25450134277344,62.20100021362305,60.72249984741211,62.1505012512207,27078000,-0.013217334441836925,0.17111932217509118,1662390640.6707764
2019-09-30,60.66267395019531,60.95000076293945,61.29999923706055,60.6150016784668,61.048500061035156,28082000,-0.004983488159317595,0.1715427618347389,1711738325.711568
2019-10-01,59.970947265625,60.255001068115234,61.561500549316406,60.17900085449219,60.95000076293945,25470000,-0.011468349521164711,0.16543997736616856,1545141815.9866333
2019-10-02,58.554161071777344,58.83150100708008,59.8489990234375,58.56449890136719,59.8489990234375,32302000,-0.02390807650582616,0.18335120597339613,1908455985.165914
2019-10-03,59.11151885986328,59.39149856567383,59.452999114990234,58.121498107910156,59.0,32424000,0.009473653778751867,0.16312122941128687,1912648482.4829102
2019-10-04,60.16503143310547,60.45000076293945,60.571998596191406,59.458499908447266,59.59450149536133,23248000,0.017665500351507823,0.17440510492791292,1398603548.9908853
2019-10-07,60.099342346191406,60.38399887084961,60.91019821166992,60.1875,60.220001220703125,16858000,-0.0010924115161019543,0.17444873562854324,1019806149.8057047
2019-10-08,59.17621612548828,59.45650100708008,60.30400085449219,59.45050048828125,59.87950134277344,20786000,-0.015479192294324484,0.1825077172957392,1241693298.2813518
2019-10-09,59.83211135864258,60.115501403808594,60.41749954223633,59.881500244140625,59.967498779296875,17354000,0.0110227895484174,0.18195823067009748,1043637751.2181599
2019-10-10,60.14860534667969,60.43349838256836,60.75,59.867000579833984,59.92900085449219,16932000,0.005275759819179271,0.17793690672639656,1021849016.1437988
2019-10-11,60.48601150512695,60.772499084472656,61.419498443603516,60.6870002746582,61.11050033569336,25454000,0.0055938676157269995,0.17848488619108122,1551667336.6902668
2019-10-14,60.57011032104492,60.856998443603516,61.31650161743164,60.5880012512207,60.617000579833984,17350000,0.0013894188609153701,0.17741671202072276,1056970682.589213
2019-10-15,61.857513427734375,62.1505012512207,62.36650085449219,61.02000045776367,61.02000045776367,27634000,0.021032027305664336,0.19239761906450792,1709043176.2797036
2019-10-16,61.88886642456055,62.18199920654297,62.73699951171875,61.92250061035156,62.05849838256836,21892000,0.0005067299347984999,0.19224736607820642,1363444701.1006675
2019-10-17,62.3581428527832,62.653499603271484,63.1662483215332,62.49700164794922,62.54650115966797,19048000,0.007553963068433589,0.19318020800106836,1195685815.287272
2019-10-18,61.980934143066406,62.27450180053711,62.94449996948242,62.05400085449219,62.67300033569336,27056000,-0.00606743874954585,0.19268896635721086,1688952786.336263
2019-10-21,62.01377487182617,62.307498931884766,62.731449127197266,62.029998779296875,62.612998962402344,20544000,0.0005297117883271696,0.19243808412706634,1281048147.9492188
2019-10-22,61.84706497192383,62.13999938964844,62.529998779296875,62.069000244140625,62.39250183105469,20476000,-0.0026918919778289307,0.18705636369611484,1274555910.5021157
2019-10-23,62.65971374511719,62.95650100708008,62.99449920654297,62.11800003051758,62.11800003051758,18230000,0.013054073388537368,0.17584858914137913,1142832624.8168945
2019-10-24,62.75227737426758,63.04949951171875,63.20000076293945,62.68574905395508,63.04499816894531,20562000,0.001476153039791761,0.17505745928192418,1294962198.8983154
2019-10-25,62.95830154418945,63.256500244140625,63.47999954223633,62.5004997253418,62.55149841308594,24262000,0.0032777568307986726,0.16757770445750395,1530422694.051107
2019-10-28,64.19593811035156,64.5,64.96549987792969,63.62699890136719,63.772499084472656,52264000,0.01946731238402588,0.17657016144092336,3363928785.4003906
2019-10-29,62.83338928222656,63.13100051879883,64.07949829101562,62.860599517822266,63.811500549316406,37728000,-0.02145333073228972,0.18965322178024663,2390334132.5683594
2019-10-30,62.76720428466797,63.06449890136719,63.46799850463867,62.599998474121094,62.64849853515625,28178000,-0.0010538963519994837,0.1646466066253807,1776458489.636739
2019-10-31,62.7084846496582,63.00550079345703,63.38349914550781,62.54214859008789,63.06399917602539,29114000,-0.0009359524509493511,0.16380396439586908,1833513819.424947
2019-11-01,63.38677215576172,63.6870002746582,63.73099899291992,63.025001525878906,63.25,33402000,0.010758438748364796,0.15761365783573505,2120392370.8343506
2019-11-04,64.26412200927734,64.56849670410156,64.70649719238281,63.8177490234375,63.8224983215332,30020000,0.013746298834804271,0.161536124392135,1932214714.152018
2019-11-05,64.29696655273438,64.60150146484375,64.94650268554688,64.56144714355469,64.64450073242188,25654000,0.0005109562238310161,0.14685761447798448,1659894621.1649578
2019-11-06,64.28551483154297,64.58999633789062,64.6865005493164,64.125,64.4729995727539,23060000,-0.00017812257312765922,0.14535777876743575,1486612839.4063315
2019-11-07,65.1344985961914,65.44300079345703,66.18699645996094,64.71224975585938,64.71399688720703,40600000,0.01312001011933539,0.14899241084011564,2657165076.1922197
2019-11-08,65.2593994140625,65.56849670410156,65.9000015258789,65.21824645996094,65.26399993896484,25028000,0.0019157469479278433,0.14903441055571698,1640891948.6999512
2019-11-11,64.65327453613281,64.95950317382812,65.32125091552734,64.87049865722656,65.15899658203125,20238000,-0.009331334005000969,0.1556846297583586,1316490351.0284424
2019-11-12,64.63386535644531,64.94000244140625,65.5,64.78849792480469,65.0,21718000,-0.0003002491949226638,0.1418875464657651,1413324190.3177898
2019-11-13,64.59405517578125,64.9000015258789,65.21499633789062,64.67549896240234,64.70349884033203,16534000,-0.0006161235398582932,0.14210892207489606,1073555358.1746418
2019-11-14,65.26387786865234,65.572998046875,65.8499984741211,64.78250122070312,64.875,23870000,0.010316329818896186,0.14374707676767617,1561141743.69812
2019-11-15,66.42886352539062,66.74349975585938,66.74400329589844,65.71399688720703,65.9469985961914,35652000,0.017692942448618965,0.14974809265734493,2367310625.274658
2019-11-18,65.72370910644531,66.03500366210938,66.77645111083984,65.875,66.61100006103516,29748000,-0.010671924085776219,0.15733750864561838,1970174885.5285642
2019-11-19,65.46294403076172,65.77300262451172,66.38500213623047,65.63999938964844,66.38500213623047,25384000,-0.00397548703143169,0.1579742357444304,1673634845.7845051
2019-11-20,64.8453598022461,65.15249633789062,65.75,64.55750274658203,65.58699798583984,26172000,-0.009478887138706149,0.15885254740489949,1705193032.0129392
2019-11-21,64.7607650756836,65.06749725341797,65.62950134277344,64.6500015258789,65.0739974975586,19910000,-0.0013054126671150357,0.1591962319088319,1296452924.1434731
2019-11-22,64.461669921875,64.76699829101562,65.4365005493164,64.57050323486328,65.28099822998047,27714000,-0.0046291603764681,0.16047605940945914,1799322231.1706543
2019-11-25,65.0265121459961,65.33450317382812,65.56549835205078,64.90650177001953,64.95899963378906,20724000,0.008724283525415544,0.14894028998515316,1352631324.7680664
2019-11-26,65.36788940429688,65.67749786376953,65.73999786376953,65.25450134277344,65.49299621582031,21394000,0.0052360842826288945,0.12589083147938823,1402533568.4407551
2019-11-27,65.34001922607422,65.64949798583984,65.91799926757812,65.48149871826172,65.75,19912000,-0.00042644976783812183,0.12571907904467233,1307879869.2626953
2019-11-29,64.94042205810547,65.24800109863281,65.51024627685547,65.19850158691406,65.35600280761719,11740000,-0.006134434565036706,0.12850878627128973,766844077.6062012
2019-12-02,64.19196319580078,64.49600219726562,65.29149627685547,64.05000305175781,65.05000305175781,30218000,-0.011592246860735678,0.13198304696731208,1952460540.3696694
2019-12-03,64.45870208740234,64.76399993896484,64.92304992675781,63.95000076293945,63.97850036621094,22876000,0.004146722027991601,0.1238947275574744,1476547056.7270916
2019-12-04,65.71574401855469,66.0270004272461,66.29000091552734,65.24349975585938,65.35050201416016,30750000,0.019313790746577908,0.14054301077815806,2024995136.2609863
2019-12-05,66.09345245361328,66.40650177001953,66.46790313720703,65.8219985961914,66.4000015258789,24254000,0.00573115501835364,0.14135519062551005,1606394190.1906333
2019-12-06,66.71500396728516,67.03099822998047,67.19999694824219,66.6719970703125,66.6719970703125,26296000,0.009360187873893366,0.1379811775898919,1760981694.7224934
2019-12-09,66.86131286621094,67.1780014038086,67.97250366210938,66.89199829101562,66.9020004272461,27086000,0.002190642187244407,0.13800245150724455,1824174415.3086343
2019-12-10,66.91605377197266,67.23300170898438,67.49874877929688,66.802001953125,67.07499694824219,21882000,0.000818388195142461,0.13259319331519653,1469987190.3076172
2019-12-11,66.93397521972656,67.2509994506836,67.55999755859375,67.13349914550781,67.54199981689453,17008000,0.0002677839967022422,0.13249867296497647,1144890663.5335286
2019-12-12,67.19523620605469,67.51349639892578,67.78874969482422,67.0250015258789,67.2969970703125,25620000,0.003895666185815827,0.13240363322045978,1727874694.671631
2019-12-13,67.07381439208984,67.3915023803711,67.65464782714844,67.19349670410156,67.39749908447266,30992000,-0.0018086349240293842,0.1293889370187655,2089270379.0283203
2019-12-16,67.73766326904297,68.05850219726562,68.23400115966797,67.63349914550781,67.82499694824219,27946000,0.009848630907787204,0.11937730283019697,1899638688.6444092
2019-12-17,67.43658447265625,67.75599670410156,68.25,67.56614685058594,68.14450073242188,37080000,-0.00445468422137818,0.11352872105121653,2516151694.3359375
2019-12-18,67.31217956542969,67.63099670410156,68.02349853515625,67.55000305175781,67.83000183105469,30452000,-0.0018464724847131464,0.11251986823679695,2062661127.319336
2019-12-19,67.48237609863281,67.802001953125,67.90499877929688,67.44924926757812,67.59100341796875,29398000,0.0025252744491064405,0.10534155766587668,1990795812.5
2019-12-20,67.1613998413086,67.47949981689453,68.18199920654297,67.44999694824219,68.1675033569336,66300000,-0.004767793581477164,0.10736917185548686,4488764060.974121
2019-12-23,67.12406921386719,67.44200134277344,67.98999786376953,67.32550048828125,67.79350280761719,17662000,-0.000555989097938081,0.1051892079135465,1193700986.5366619
2019-12-24,66.86131286621094,67.1780014038086,67.51300048828125,67.13899993896484,67.42500305175781,6950000,-0.003922169425018218,0.10413317561826921,467572837.57527673
2019-12-26,67.6993408203125,68.0199966430664,68.06635284423828,67.22350311279297,67.30850219726562,13350000,0.012455926247739946,0.11030499993806213,904728844.0704346
2019-12-27,67.2758560180664,67.59449768066406,68.22650146484375,67.46549987792969,68.14949798583984,20768000,-0.006275022400504149,0.11356823574638623,1407284670.5729165
2019-12-30,66.49205780029297,66.80699920654297,67.6500015258789,66.70099639892578,67.5,21018000,-0.01171891174027806,0.11974881200549896,1409312927.9022217
2019-12-31,66.53585815429688,66.85099792480469,66.9000015258789,66.4542465209961,66.50550079345703,19236000,0.0006585137453649637,0.11042202121295469,1283716037.1704102
2020-01-02,68.04620361328125,68.36849975585938,68.40699768066406,67.07749938964844,67.07749938964844,28132000,0.02244591664542206,0.13147862434830299,1911597502.2379558
2020-01-03,67.71227264404297,68.03299713134766,68.625,67.2771987915039,67.39299774169922,23728000,-0.004919496033125803,0.11906006746228592,1612991442.9524739
2020-01-06,69.38188171386719,69.71050262451172,69.82499694824219,67.5,67.5,34646000,0.02435831971016622,0.1425353906237105,2390983972.732544
2020-01-07,69.33857727050781,69.66699981689453,70.14949798583984,69.51899719238281,69.89700317382812,30054000,-0.0006243411402051535,0.14058939728223524,2097122988.8610842
2020-01-08,69.88499450683594,70.21600341796875,70.5790023803711,69.54199981689453,69.60399627685547,30560000,0.007849533451589785,0.14207767611038855,2142632963.8671875
2020-01-09,70.6568374633789,70.99150085449219,71.36650085449219,70.51349639892578,71.02850341796875,30018000,0.010983928496328232,0.1451418034195772,2129992210.0677488
2020-01-10,71.14950561523438,71.48650360107422,71.74645233154297,70.9175033569336,71.37799835205078,36414000,0.006948492195617995,0.14555954225314544,2599358274.8565674
2020-01-13,71.62226104736328,71.96150207519531,72.0260009765625,71.3010025024414,71.80650329589844,33046000,0.006622558101393672,0.14606312766953636,2371474651.5146894
2020-01-14,71.20672607421875,71.54399871826172,72.08999633789062,71.41850280761719,71.95050048828125,31178000,-0.005818652836595106,0.14843200523053324,2234968926.132202
2020-01-15,71.62076568603516,71.95999908447266,72.06974792480469,71.510498046875,71.510498046875,25654000,0.005797774175172243,0.1467252819577234,1843156482.2235107
2020-01-16,72.24282836914062,72.58499908447266,72.59950256347656,72.0459976196289,72.37200164794922,23474000,0.008648005273158788,0.14557528419159238,1699756246.6023765
2020-01-17,73.67057037353516,74.01950073242188,74.06475067138672,72.91100311279297,73.14550018310547,47924000,0.019570342202559488,0.15436388342839483,3530325525.817871
2020-01-21,73.8701171875,74.22000122070312,74.59249877929688,73.55999755859375,73.95600128173828,40734000,0.002704974999579335,0.1543359751395399,3019373771.850586
2020-01-22,73.9472427368164,74.29750061035156,75.16069793701172,74.24649810791016,74.55000305175781,32216000,0.0010435250143103758,0.15120640608945093,2402290169.148763
2020-01-23,73.9820785522461,74.3324966430664,74.7760009765625,74.1050033569336,74.38200378417969,27024000,0.0004709791915500361,0.1507881395776495,2010707216.7968748
2020-01-24,72.98978424072266,73.33550262451172,74.77474975585938,73.26249694824219,74.67949676513672,35692000,-0.013503392699336203,0.16111270032132416,2633745389.678955
2020-01-27,71.35701751708984,71.69499969482422,71.90350341796875,71.05999755859375,71.55000305175781,35104000,-0.02262379693320682,0.18317371888188305,2511790669.189453
2020-01-28,72.28561401367188,72.62799835205078,72.80000305175781,71.62349700927734,72.1500015258789,31548000,0.012929440554055205,0.18345901550707486,2282513557.3120117
2020-01-29,72.58768463134766,72.93150329589844,73.27149963378906,72.33699798583984,72.94000244140625,21554000,0.004170141195838362,0.17478259145261807,1570137059.9110923
2020-01-30,72.44884490966797,72.79199981689453,72.86399841308594,71.81999969482422,71.99800109863281,26788000,-0.0019145489005945038,0.1756982487643986,1941915677.4698894
2020-01-31,71.37344360351562,71.71150207519531,73.50650024414062,71.42649841308594,73.44499969482422,48344000,-0.014954863530579843,0.174558496176675,3491153914.469401
2020-02-03,73.9467544555664,74.2969970703125,74.5,72.94950103759766,73.0999984741211,60736000,0.03541943799761338,0.2062069539611069,4489331769.694011
2020-02-04,72.01241302490234,72.35350036621094,73.4749984741211,71.31500244140625,72.85350036621094,78660000,-0.026506792550836877,0.21889085155496885,5693502603.607178
2020-02-05,72.07014465332031,72.4114990234375,73.19200134277344,71.52799987792969,73.12100219726562,39724000,0.000801368776871314,0.2187424414042902,2875110571.899414
2020-02-06,73.46354675292969,73.8115005493164,74.0999984741211,72.47850036621094,72.5165023803711,33588000,0.019149444586653352,0.2259685077946608,2467486433.166504
2020-02-07,73.61283111572266,73.96150207519531,74.29199981689453,73.31749725341797,73.36499786376953,23446000,0.0020300257080450024,0.22384466680764734,1731651215.3218586
2020-02-10,75.07839965820312,75.43399810791016,75.4749984741211,73.71600341796875,73.71600341796875,28398000,0.019713549985118206,0.23158778264879631,2126300250.0
2020-02-11,75.08386993408203,75.43949890136719,76.48149871826172,75.28189849853516,75.59049987792969,26892000,7.285819395530524e-05,0.23129397322662318,2036646760.8032227
2020-02-12,75.55563354492188,75.91349792480469,76.03475189208984,75.40550231933594,75.7239990234375,23352000,0.006263498514970323,0.22968262848792198,1769721606.628418
2020-02-13,75.37598419189453,75.73300170898438,76.35900115966797,75.2300033569336,75.6344985961914,18590000,-0.002380540811265597,0.2301536858055076,1408638698.5778809
2020-02-14,75.67855072021484,76.03700256347656,76.03700256347656,75.36699676513672,75.77999877929688,23956000,0.004006062223051998,0.22916353202092257,1816192213.7756348
2020-02-18,75.62529754638672,75.9834976196289,76.58149719238281,75.62950134277344,75.75,22414000,-0.0007039236164469997,0.22050923248775342,1704917145.6044514
2020-02-19,75.97465515136719,76.33450317382812,76.60530090332031,76.06999969482422,76.25350189208984,18986000,0.0046089489765197555,0.22075931571721022,1449326711.4715576
2020-02-20,75.5496597290039,75.90750122070312,76.48200225830078,75.34100341796875,76.0999984741211,21932000,-0.0056096150267386236,0.22209243906053927,1664861825.7548013
2020-02-21,73.90544891357422,74.25550079345703,75.61074829101562,74.02200317382812,75.40149688720703,34634000,-0.022003625947526473,0.23603291780024363,2584715242.904663
2020-02-24,70.74441528320312,71.07949829101562,71.84850311279297,70.56950378417969,71.30549621582031,57342000,-0.04371296136191116,0.27726522969472317,4080791314.1632085
2020-02-25,69.0952377319336,69.42250061035156,71.90699768066406,69.12000274658203,71.6500015258789,49566000,-0.023587787578545516,0.27820634240404374,3477046656.1431885
2020-02-26,69.33060455322266,69.65899658203125,70.78500366210938,68.94999694824219,69.80699920654297,44048000,0.0034006229505036956,0.2738507003193456,3074462262.776693
2020-02-27,65.59381866455078,65.90450286865234,68.58519744873047,65.8584976196289,68.10299682617188,59566000,-0.0554049690174363,0.32876184696420946,3977980252.7720137
2020-02-28,66.65081024169922,66.96649932861328,67.05699920654297,63.54999923706055,63.875,75782000,0.015985739379673625,0.3366618824729203,4990838269.391378
2020-03-02,69.12808227539062,69.45549774169922,69.54350280761719,66.34075164794922,67.58049774169922,48630000,0.03649384551198853,0.36199954480225066,3328557383.117676
2020-03-03,66.75332641601562,67.06950378417969,70.50749969482422,66.5999984741211,69.97100067138672,48046000,-0.03495691874098039,0.3530988483533972,3269962745.279948
2020-03-04,68.99919128417969,69.32599639892578,69.40450286865234,67.15550231933594,67.96150207519531,38266000,0.03309065402295008,0.36751900042110264,2626144578.908284
2020-03-05,65.64109802246094,65.9520034790039,67.94550323486328,65.25499725341797,67.51000213623047,51226000,-0.04989278998015667,0.4025890072304551,3400595389.409383
2020-03-06,64.61445617675781,64.92050170898438,65.31099700927734,63.0525016784668,63.85300064086914,53212000,-0.015763828449723682,0.39460134506880223,3428342743.0369062
2020-03-09,60.491485595703125,60.77799987792969,62.737998962402344,60.0,60.26499938964844,67308000,-0.06593554440203508,0.4433227007475023,4117364949.9816895
2020-03-10,63.71770477294922,64.01950073242188,64.05750274658203,60.938499450683594,63.0,52228000,0.051959842703159786,0.4826774041598674,3290633895.6705728
2020-03-11,60.4840202331543,60.77050018310547,63.04800033569336,59.80350112915039,62.48500061035156,52170000,-0.05208326210954528,0.504639544599935,3193186608.657837
2020-03-12,55.482704162597656,55.74549865722656,59.69350051879883,55.665000915527344,56.29999923706055,84534000,-0.08630786629751164,0.5633873891297599,4821368514.579773
2020-03-13,60.698997497558594,60.98649978637695,60.987998962402344,55.85715103149414,58.95000076293945,74002000,0.089855846764479,0.6705187103616302,4386632582.346598
2020-03-16,53.960914611816406,54.21649932861328,57.61334991455078,53.72200012207031,54.79999923706055,85048000,-0.11766720123092123,0.7624433556606256,4693284561.604818
2020-03-17,55.726051330566406,55.9900016784668,56.542999267578125,52.800498962402344,54.65549850463867,77230000,0.03218776449443217,0.7795536887931646,4256235399.309794
2020-03-18,54.581478118896484,54.84000015258789,55.32500076293945,51.86399841308594,52.82550048828125,84668000,-0.020753148893430495,0.7763376689711272,4572890438.38501
2020-03-19,55.50161361694336,55.76449966430664,57.89849853515625,53.005401611328125,54.65250015258789,73022000,0.016717497900717415,0.7841010530312202,4056819963.661194
2020-03-20,53.363250732421875,53.61600112915039,57.199501037597656,53.27450180053711,56.7859992980957,72036000,-0.039289773984605425,0.7882002313090856,3940129175.262451
2020-03-23,52.581947326660156,52.83100128173828,53.566001892089844,50.67679977416992,53.066001892089844,80882000,-0.014749466407025125,0.7818443701084491,4234814443.3466597
2020-03-24,56.45560073852539,56.722999572753906,56.75,54.53099822998047,55.188499450683594,66890000,0.07108164747401524,0.8352713338852521,3745929137.674968
2020-03-25,54.8646354675293,55.1245002746582,57.44499969482422,54.300498962402344,56.32350158691406,81630000,-0.028585523342122166,0.8360869688952702,4540532670.936584
2020-03-26,57.81366729736328,58.087501525878906,58.49850082397461,54.67649841308594,55.59000015258789,71434000,0.052356227909168496,0.8481513353984933,4077988493.1666055
2020-03-27,55.27369689941406,55.535499572753906,57.53350067138672,55.295501708984375,56.28350067138672,64170000,-0.04492805455632354,0.8541348624220726,3601316696.7773438
2020-03-30,57.070682525634766,57.340999603271484,57.58150100708008,54.82400131225586,56.25199890136719,51482000,0.03199339232199616,0.8512277160690224,2912963137.326558
2020-03-31,57.866416931152344,58.140499114990234,58.765499114990234,56.90700149536133,57.3650016784668,49728000,0.01384665391892792,0.8496429641979671,2881124283.4472656
2020-04-01,55.02039337158203,55.28099822998047,56.484500885009766,54.872501373291016,56.099998474121094,46884000,-0.050433292761340454,0.8489488863667574,2604218671.6308594
2020-04-02,55.777809143066406,56.04199981689453,56.34299850463867,54.81999969482422,54.91299819946289,39298000,0.013672199599649382,0.8410059512740632,2190274004.0156045
2020-04-03,54.635223388671875,54.89400100708008,56.176998138427734,53.990501403808594,55.950748443603516,46268000,-0.02069731292026855,0.8417422489009803,2545688502.471924
2020-04-06,59.06623840332031,59.34600067138672,59.733001708984375,56.547000885009766,56.900001525878906,53294000,0.07798070720749006,0.864721987561632,3119937406.008403
2020-04-07,59.045833587646484,59.32550048828125,61.25,59.11149978637695,61.04999923706055,47746000,-0.0003455161785392846,0.8428717938471665,2859778505.0379434
2020-04-08,60.228729248046875,60.513999938964844,60.95349884033203,59.40800094604492,60.32500076293945,39502000,0.01983548572081517,0.8275581755980597,2381647996.7168174
2020-04-09,60.28695297241211,60.5724983215332,61.278499603271484,59.83675003051758,61.20399856567383,43508000,0.0009662431946182437,0.7659457256198092,2634956846.0133867
2020-04-13,60.59101104736328,60.87799835205078,61.0255012512207,59.37990188598633,60.45899963378906,34796000,0.005030837815787947,0.6997150451763313,2102645746.073405
2020-04-14,63.162330627441406,63.46149826049805,64.10350036621094,61.846500396728516,62.25450134277344,49408000,0.04156153955663555,0.5668298434334983,3119481114.5833335
2020-04-15,62.825931549072266,63.12350082397461,64.02300262451172,62.02000045776367,62.28049850463867,33434000,-0.005340178076841617,0.5613900984406782,2108197630.5338542
2020-04-16,62.87569808959961,63.173500061035156,63.95000076293945,62.13100051879883,63.70500183105469,50362000,0.0007918201740197972,0.5533463104736382,3177078398.8749185
2020-04-17,63.86003112792969,64.1624984741211,64.72149658203125,63.561500549316406,64.24250030517578,38980000,0.01553394355173321,0.5531014933222049,2500508472.9003906
2020-04-20,63.031951904296875,63.330501556396484,64.08000183105469,63.06850051879883,63.54999923706055,33910000,-0.01305190381988286,0.5324902573170146,2153047674.153646
2020-04-21,60.530303955078125,60.81700134277344,62.7135009765625,60.48550033569336,62.349998474121094,43060000,-0.04049763945497542,0.5535830524983506,2641243024.775187
2020-04-22,62.862754821777344,63.160499572753906,64.28064727783203,62.099998474121094,62.277000427246094,41848000,0.037809723675372275,0.5157597833151877,2643972616.5161133
2020-04-23,63.51466751098633,63.81549835205078,64.66549682617188,63.28350067138672,63.57749938964844,31324000,0.010317008523625049,0.5008299899015064,2002277022.6643882
2020-04-24,63.66395950317383,63.96549987792969,64.0199966430664,62.47249984741211,63.05849838256836,32792000,0.002347753931091212,0.4732976625798285,2081832872.3042805
2020-04-27,63.493263244628906,63.79399871826172,64.80750274658203,63.45000076293945,64.80000305175781,32012000,-0.0026848079470527253,0.43864918631140876,2049317563.1052651
2020-04-28,61.3927116394043,61.68349838256836,64.40249633789062,61.61000061035156,64.39649963378906,59026000,-0.033642684468824235,0.4500316114221638,3692981273.4654746
2020-04-29,66.75779724121094,67.0739974975586,67.99949645996094,66.26699829101562,67.072998046875,75872000,0.08377997789466196,0.528241878618025,5092035275.960287
2020-04-30,67.11511993408203,67.43299865722656,67.64099884033203,66.12449645996094,66.24400329589844,53378000,0.005338249870991518,0.48512510151282595,3579857736.8214927
2020-05-01,65.71922302246094,66.03050231933594,67.60350036621094,65.55000305175781,66.42500305175781,41450000,-0.021017882375719665,0.496471851037573,2752059012.60376
2020-05-04,66.02725982666016,66.33999633789062,66.38300323486328,64.94999694824219,65.4114990234375,30080000,0.004676213874661883,0.485502800757347,1982001245.1171875
2020-05-05,67.23703002929688,67.55549621582031,68.6969985961914,66.87300109863281,66.89600372314453,33030000,0.018156453433144648,0.41864936567669075,2236411709.9761963
2020-05-06,67.04743194580078,67.36499786376953,68.55599975585938,67.364501953125,68.08450317382812,24308000,-0.0028238294542131115,0.4192457256513322,1647154641.204834
2020-05-07,68.30448150634766,68.62799835205078,68.87999725341797,67.76349639892578,68.2969970703125,27952000,0.018575071041650126,0.4187574472058866,1912582914.835612
2020-05-08,69.09125518798828,69.41850280761719,69.93800354003906,68.77400207519531,69.15650177001953,27738000,0.011452790318065453,0.41864890900842827,1924374680.8776853
2020-05-11,69.83224487304688,70.16300201416016,70.82649993896484,68.85759735107422,68.91400146484375,28242000,0.0106676942598396,0.4188003331514743,1975500592.8497312
2020-05-12,68.46273803710938,68.78700256347656,70.75,68.7385025024414,70.35600280761719,27812000,-0.01980623702762596,0.40887064050793254,1930852782.29777
2020-05-13,67.1484603881836,67.46649932861328,69.27410125732422,66.41999816894531,68.85250091552734,36252000,-0.019383632244718285,0.41575430278156217,2454992675.354004
2020-05-14,67.48685455322266,67.80650329589844,67.87100219726562,66.19550323486328,66.7509994506836,32062000,0.005026836796305112,0.41568711347825504,2157484135.279338
2020-05-15,68.33583068847656,68.65950012207031,68.7239990234375,66.94999694824219,67.5,34154000,0.012501404910027603,0.4147157777026003,2326268741.861979
2020-05-18,68.87079620361328,69.1969985961914,69.61624908447266,67.7125015258789,68.0875015258789,36448000,0.007797993990990015,0.4105550539495953,2509150169.0266924
2020-05-19,68.35050964355469,68.67424774169922,69.5999984741211,68.67424774169922,69.349853515625,25612000,-0.0075832109322160335,0.3798140591191961,1766788275.7466633
2020-05-20,70.00443267822266,70.33599853515625,70.52100372314453,69.36250305175781,69.47899627685547,33108000,0.023909544497198176,0.36804266891171983,2319982460.6018066
2020-05-21,69.80935668945312,70.13999938964844,70.77449798583984,69.67250061035156,70.4000015258789,27700000,-0.0027905132424956847,0.36862077282925304,1944419948.0692546
2020-05-22,70.18855285644531,70.52100372314453,70.63800048828125,69.59149932861328,69.83550262451172,26188000,0.005417182235672335,0.36852432764082754,1839711395.5688477
2020-05-26,70.5169906616211,70.85099792480469,72.05000305175781,70.60649871826172,71.8635025024414,41212000,0.004668450062066398,0.36749957454427934,2933023692.474365
2020-05-27,70.55780029296875,70.89199829101562,71.08699798583984,69.56449890136719,70.86250305175781,33716000,0.0005785531519819642,0.3399077678197845,2377466827.809652
2020-05-28,70.50257110595703,70.83650207519531,72.04199981689453,69.80000305175781,69.84300231933594,33844000,-0.0007830574850480332,0.19345511998518472,2399297107.1065264
2020-05-29,71.10919189453125,71.44599914550781,71.62850189208984,70.6675033569336,70.84700012207031,36418000,0.008567430928867914,0.19432456980000193,2594685438.6800127
2020-06-01,71.25350952148438,71.59100341796875,71.89800262451172,70.9000015258789,70.91950225830078,24342000,0.0020274647074520757,0.17388105723398697,1739552407.409668
2020-06-02,71.62176513671875,71.96099853515625,71.98049926757812,70.94149780273438,71.52749633789062,25562000,0.005154935752144318,0.17391092175748912,1830946377.8889976
2020-06-03,71.48043823242188,71.81900024414062,72.32759857177734,71.48885345458984,71.91500091552734,25124000,-0.0019751890175960796,0.1671771568691911,1805875034.2814126
2020-06-04,70.27613830566406,70.60900115966797,71.947998046875,70.23650360107422,71.5199966430664,29686000,-0.016991506575745774,0.18014307721991632,2105662641.4489746
2020-06-05,71.58045959472656,71.91950225830078,72.25250244140625,70.30000305175781,70.65850067138672,34698000,0.018389811495135078,0.17993387441633465,2480583241.6534424
2020-06-08,71.9895248413086,72.33049774169922,72.39949798583984,71.11699676513672,71.11699676513672,28084000,0.005698494084920291,0.1773455889623215,2020615645.7214355
2020-06-09,72.46477508544922,72.80799865722656,73.4000015258789,72.1604995727539,72.26799774169922,28184000,0.006579962785181692,0.17539735324391167,2051499265.7063804
2020-06-10,72.9469985961914,73.2925033569336,73.71295166015625,72.8134994506836,72.97699737548828,30504000,0.006632547919750209,0.15717057129738934,2235119129.0283203
2020-06-11,69.8611068725586,70.19200134277344,72.72374725341797,70.0999984741211,72.1240005493164,39826000,-0.043224047414778255,0.2122662610324315,2827855047.607422
2020-06-12,70.3259048461914,70.65899658203125,71.8499984741211,69.3010025024414,71.42449951171875,38928000,0.006631137522756347,0.21262865789046095,2748446528.3203125
2020-06-15,70.65782928466797,70.99250030517578,71.23999786376953,69.39600372314453,69.54000091552734,30078000,0.004708699961797791,0.20949336237292587,2121787359.970093
2020-06-16,71.79594421386719,72.13600158691406,72.7509994506836,71.29499816894531,72.26100158691406,34184000,0.0159790662955146,0.21436379055182261,2463321820.292155
2020-06-17,72.21395874023438,72.55599975585938,73.0,71.56900024414062,72.35800170898438,30992000,0.005805374377712447,0.2117481660171561,2243046000.0
2020-06-18,71.45953369140625,71.7979965209961,72.57050323486328,71.35050201416016,72.45800018310547,31638000,-0.010502034439522134,0.20164821675467898,2274972592.666626
2020-06-19,71.24853515625,71.58599853515625,72.38999938964844,71.06749725341797,72.19999694824219,63158000,-0.0029570673979675277,0.2016887824820035,4527239022.822062
2020-06-22,72.25079345703125,72.59300231933594,72.63749694824219,71.1604995727539,71.44999694824219,30848000,0.013969049309586978,0.20615853361189582,2225076510.7421875
2020-06-23,72.87531280517578,73.22049713134766,73.79705047607422,72.26200103759766,72.78199768066406,28596000,0.008606627977293613,0.20738032782299015,2090172657.684326
2020-06-24,71.26097869873047,71.59850311279297,73.77100372314453,71.48750305175781,73.07550048828125,35120000,-0.022401042735467058,0.22348368221869805,2538672729.0852866
2020-06-25,71.72676849365234,72.06649780273438,72.1449966430664,71.0,71.49500274658203,24610000,0.006515123871455586,0.22438207072634683,1765451626.103719
2020-06-26,67.67446899414062,67.99500274658203,71.67250061035156,67.59950256347656,71.56950378417969,85354000,-0.05815502909110304,0.3011284179874492,5897022674.4435625
2020-06-29,69.41969299316406,69.74849700927734,69.77999877929688,67.35050201416016,67.90899658203125,36204000,0.025461598910062833,0.3160867989198353,2496615745.4833984
2020-06-30,70.34729766845703,70.68049621582031,70.93250274658203,69.197998046875,69.52200317382812,40848000,0.013273782180929672,0.31940769224474225,2870402535.2783203
2020-07-01,71.56304168701172,71.9020004272461,72.1500015258789,70.49099731445312,70.55500030517578,35504000,0.0171343929957537,0.3253821911166174,2539044881.9986978
2020-07-02,72.88975524902344,73.23500061035156,74.14749908447266,72.32099914550781,72.34700012207031,37182000,0.01836933443026023,0.3250357728615668,2723005164.627075
2020-07-06,74.43245697021484,74.78500366210938,75.32949829101562,73.64299774169922,74.00299835205078,31280000,0.020943998733854663,0.32679121205766204,2333044863.4847007
2020-07-07,73.908935546875,74.25900268554688,75.83999633789062,74.17749786376953,74.5,29164000,-0.0070583616340886834,0.32792765740827434,2180266585.072835
2020-07-08,74.4473876953125,74.80000305175781,75.29399871826172,74.28150177001953,74.71600341796875,24994000,0.007258935797518795,0.3280733753908763,1869347111.8265789
2020-07-09,75.193359375,75.54949951171875,76.13600158691406,74.40425109863281,75.32250213623047,28466000,0.009970250400115788,0.3289526370916867,2145290295.349121
2020-07-10,76.72359466552734,77.08699798583984,77.19149780273438,74.8270034790039,75.30750274658203,37126000,0.02014636295182104,0.29125825353777013,2835256921.936035
2020-07-13,75.21076965332031,75.56700134277344,78.85659790039062,75.26215362548828,77.5,36928000,-0.019914849648156263,0.30325669575757735,2827278493.9778643
2020-07-14,75.67058563232422,76.02899932861328,76.14749908447266,74.17500305175781,74.5155029296875,31700000,0.006095085793056398,0.3033724279775082,2391780865.4785156
2020-07-15,75.32522583007812,75.68199920654297,76.7665023803711,74.9000015258789,76.15650177001953,32214000,-0.004574436881868316,0.3009820741207607,2441268226.425171
2020-07-16,75.54219818115234,75.9000015258789,75.93450164794922,74.31549835205078,75.0,30386000,0.0028763333381727207,0.3007349304417832,2290597982.1217856
2020-07-17,75.42027282714844,75.77749633789062,76.1719970703125,74.9209976196289,76.08100128173828,29134000,-0.0016153071647586614,0.29754059403164257,2203214961.868286
2020-07-20,77.91695404052734,78.28600311279297,78.5145034790039,75.18000030517578,75.76300048828125,31146000,0.03256745845322673,0.3139659397617829,2408421622.60437
2020-07-21,77.55366516113281,77.9209976196289,79.34950256347656,77.71399688720703,79.34950256347656,24324000,-0.0046734172986591105,0.3134864461951243,1905254302.2460938
2020-07-22,78.05480194091797,78.42449951171875,78.5,77.30500030517578,78.0250015258789,18640000,0.006441018559725897,0.31313489100402236,1455345958.8623047
2020-07-23,75.42674255371094,75.78399658203125,78.59349822998047,75.36959838867188,78.34850311279297,32552000,-0.03424928106563918,0.3277914747437762,2492909125.9562173
2020-07-24,75.23713684082031,75.59349822998047,75.88179779052734,74.41999816894531,74.94650268554688,30880000,-0.0025169378851552793,0.32800518545398666,2325215561.5234375
2020-07-27,76.14932250976562,76.51000213623047,77.04850006103516,75.760498046875,75.77999877929688,24920000,0.01205123249102158,0.243869061345153,1904876495.3613281
2020-07-28,74.66336059570312,75.01699829101562,76.3239974975586,74.88300323486328,76.25900268554688,34044000,-0.019706698045327542,0.2482467926226224,2567189940.9179688
2020-07-29,75.74225616455078,76.10099792480469,76.5625991821289,75.06649780273438,75.31600189208984,22130000,0.014346725842415253,0.2487985217024375,1679889000.116984
2020-07-30,76.21154022216797,76.57250213623047,76.89350128173828,74.61100006103516,74.8499984741211,33428000,0.006176687397944747,0.24418593236752323,2541386024.0987144
2020-07-31,73.7984619140625,74.14800262451172,75.44750213623047,72.70149993896484,75.25050354003906,68798000,-0.0321750075945042,0.26611570361805686,5097863109.776815
2020-08-03,73.37496948242188,73.72250366210938,74.52349853515625,73.28199768066406,74.33200073242188,46604000,-0.005755027880683272,0.2562725008194613,3441363635.4370117
2020-08-04,72.90319061279297,73.24849700927734,74.27799987792969,72.93250274658203,73.82849884033203,38070000,-0.006450457199502324,0.25609148768194345,2797624705.352783
2020-08-05,73.3331527709961,73.68049621582031,74.12049865722656,73.1729965209961,73.46499633789062,39590000,0.005880390431337368,0.25559661241429155,2916120106.4300537
2020-08-06,74.65140533447266,75.00499725341797,75.11949920654297,73.30000305175781,73.5875015258789,39908000,0.0178165539864521,0.26112645618819563,2972141642.171224
2020-08-07,74.37224578857422,74.72450256347656,75.84224700927734,74.08200073242188,75.0,31556000,-0.003746517687996942,0.25034462851860084,2363005321.5433755
2020-08-10,74.45236206054688,74.80500030517578,75.20375061035156,73.65399932861328,74.35900115966797,25786000,0.0010766536646009683,0.24132038997834504,1922455892.59847
2020-08-11,73.66707611083984,74.01599884033203,75.5,73.9000015258789,74.62200164794922,29088000,-0.010603514530690639,0.2424772189652751,2166241539.5507812
2020-08-12,74.97587585449219,75.33100128173828,75.61930084228516,74.26249694824219,74.27899932861328,28740000,0.017610435620823317,0.25075716721703994,2157538615.1123047
2020-08-13,75.56458282470703,75.92250061035156,76.86250305175781,75.40025329589844,75.51699829101562,29104000,0.007821285738517147,0.25210959158206625,2213701239.501953
2020-08-14,75.03112030029297,75.3864974975586,76.09500122070312,75.14399719238281,75.78299713134766,27096000,-0.0070847274483769596,0.2532627134197105,2046881479.0649414
2020-08-17,75.54120635986328,75.89900207519531,76.28050231933594,75.39849853515625,75.7334976196289,27566000,0.006775322161439945,0.22532007045078864,2091138409.5865884
2020-08-18,77.56262969970703,77.93000030517578,78.12349700927734,76.18550109863281,76.30899810791016,40542000,0.02640744818718943,0.24471341960937154,3138477824.5544434
2020-08-19,77.01173400878906,77.37650299072266,78.68399810791016,77.19750213623047,77.66549682617188,33212000,-0.0071279351914066424,0.24472041557860122,2582321601.1454263
2020-08-20,78.71466827392578,79.0875015258789,79.29350280761719,76.91000366210938,77.17250061035156,34138000,0.021871720222028657,0.22383631877866195,2677454810.317993
2020-08-21,78.64848327636719,79.02100372314453,79.88600158691406,78.40025329589844,78.85150146484375,28930000,-0.0008411753426278423,0.22347244164154684,2288432997.1567793
2020-08-24,79.03565216064453,79.41000366210938,80.70850372314453,79.02850341796875,79.6989974975586,28198000,0.0049106989901170905,0.22086351832525924,2247822470.209758
2020-08-25,80.03193664550781,80.41100311279297,80.58100128173828,79.10350036621094,79.10350036621094,44942000,0.012526719242788253,0.2090432560166752,3596790724.9857583
2020-08-26,82.22952270507812,82.61900329589844,82.96099853515625,80.18000030517578,80.4000015258789,79868000,0.027088631496394733,0.22166275527779342,6542786616.872152
2020-08-27,81.3312759399414,81.71649932861328,82.75,81.2874984741211,82.68399810791016,37232000,-0.010983754092028342,0.22751948316396017,3049970948.7304688
2020-08-28,81.83289337158203,82.22049713134766,82.3584976196289,81.5374984741211,81.67449951171875,29980000,0.006148641752577788,0.18743721680872044,2459524155.6294756
2020-08-31,81.32380676269531,81.70899963378906,82.39824676513672,81.5155029296875,82.39450073242188,36468000,-0.006240482439351602,0.18780081510829408,2985790140.838623
2020-09-01,82.64405822753906,83.0354995727539,83.2864990234375,81.61100006103516,81.83149719238281,36506000,0.016104131110909137,0.1864646756919501,3017014016.3269043
2020-09-02,86.00663757324219,86.41400146484375,86.65899658203125,83.31649780273438,83.68875122070312,50224000,0.039881543450522194,0.21971129708250484,4292302013.1835938
2020-09-03,81.70500946044922,82.09200286865234,85.48570251464844,80.75299835205078,85.48570251464844,62156000,-0.051309159067786325,0.29718463817344,5145081073.791504
2020-09-04,79.1769790649414,79.552001953125,82.25550079345703,77.38065338134766,81.21299743652344,52172000,-0.03142972709543734,0.32133304219586956,4159641493.835449
2020-09-08,76.25830841064453,76.61949920654297,78.19325256347656,76.40049743652344,76.67549896240234,52218000,-0.037559215882127184,0.35088777174651015,4024497815.689087
2020-09-09,77.48101043701172,77.8479995727539,78.44999694824219,76.80255126953125,77.87650299072266,35494000,0.01590650740210897,0.3516393864882592,2757890281.092326
2020-09-10,76.2398910522461,76.60099792480469,79.20404815673828,76.29025268554688,78.03199768066406,32372000,-0.016148049381658147,0.35278509321196605,2504463003.8960776
2020-09-11,75.67755126953125,76.03600311279297,78.76000213623047,74.86799621582031,76.80000305175781,31942000,-0.007403262489484419,0.35291899286007566,2445309178.2633467
2020-09-14,75.60588836669922,75.96399688720703,78.19999694824219,75.78700256347656,76.95024871826172,33932000,-0.0009473992442865509,0.3519877926832962,2600899069.9361167
2020-09-15,76.70867156982422,77.0719985961914,77.97850036621094,76.59175109863281,76.80000305175781,26622000,0.014480591658580622,0.3547500159382384,2055593327.0416262
2020-09-16,75.68650817871094,76.04499816894531,78.0999984741211,75.99099731445312,77.7770004272461,26234000,-0.013414843194237136,0.34510701795807597,2012462555.1605225
2020-09-17,74.42398834228516,74.77649688720703,75.41490173339844,73.5,74.80000305175781,37596000,-0.01682160323802684,0.34880622990909194,2803300607.5134277
2020-09-18,72.65536499023438,72.99949645996094,75.150146484375,71.85649871826172,74.90049743652344,62078000,-0.02405107945908469,0.34586195974961764,4552513754.043579
2020-09-21,71.22066497802734,71.55799865722656,72.41799926757812,70.32749938964844,72.00299835205078,57776000,-0.019944219605635638,0.34995078682095293,4127199620.2799478
2020-09-22,72.9275894165039,73.27300262451172,73.47599792480469,71.72650146484375,72.50450134277344,31664000,0.023684008300772774,0.3624279999395936,2305936098.5921226
2020-09-23,70.42692565917969,70.760498046875,73.0479965209961,70.38500213623047,72.93900299072266,33148000,-0.03489136627116629,0.37214798039507496,2366695342.9158525
2020-09-24,71.07783508300781,71.41449737548828,72.1854476928711,70.49250030517578,70.55149841308594,29004000,0.009199888560321945,0.35669515171093213,2069845761.8713377
2020-09-25,71.90741729736328,72.24800109863281,72.5,70.66699981689453,71.63150024414062,26460000,0.01160387535248919,0.36226272448007113,1899960308.0749512
2020-09-28,72.88081359863281,73.22599792480469,73.83999633789062,72.46504974365234,73.71050262451172,40158000,0.013445995722407567,0.36624408389110874,2938642555.0689697
2020-09-29,73.12017059326172,73.46649932861328,73.8331527709961,72.94024658203125,73.51950073242188,19564000,0.0032788437748410004,0.36757584593140097,1436257792.602539
2020-09-30,73.13361358642578,73.4800033569336,74.48750305175781,72.99400329589844,73.33999633789062,34032000,0.00018383104789165827,0.3599333310138883,2506587366.088867
2020-10-01,74.15327453613281,74.50450134277344,74.9520034790039,73.96050262451172,74.2135009765625,35590000,0.013846137331774422,0.3278555817348337,2650470431.6711426
2020-10-02,72.57723999023438,72.9209976196289,74.16000366210938,72.5459976196289,73.10150146484375,25682000,-0.021482854659030437,0.2917973183563309,1880153528.5949707
2020-10-05,73.95074462890625,74.3010025024414,74.4104995727539,73.2135009765625,73.31050109863281,22266000,0.018747884539879855,0.2881514591906815,1647127372.6501465
2020-10-06,72.32941436767578,72.6719970703125,74.33799743652344,72.42949676513672,73.77899932861328,24908000,-0.022168374306640537,0.26948770096019475,1821932949.5340981
2020-10-07,72.67030334472656,73.0145034790039,73.447998046875,71.80000305175781,73.2145004272461,34924000,0.00470193474118652,0.26246583132987805,2540866569.956462
2020-10-08,73.94625854492188,74.29650115966797,74.5,73.25450134277344,73.25450134277344,23756000,0.017405774590647738,0.2672466480169828,1758347871.8159995
2020-10-09,75.40384674072266,75.76100158691406,75.82599639892578,74.47250366210938,74.73500061035156,28706000,0.01951969800630149,0.27588147065073626,2163088018.1020103
2020-10-12,78.08763885498047,78.4574966430664,79.69300079345703,76.62850189208984,77.1500015258789,49652000,0.03497347952137719,0.30143322630613717,3885748958.2214355
2020-10-13,78.21353912353516,78.58399963378906,79.5,78.16000366210938,79.1865005493164,32020000,0.0016109961218742086,0.29777845976939243,2521510995.1782227
2020-10-14,78.03439331054688,78.40399932861328,79.38420104980469,77.52649688720703,78.92949676513672,38586000,-0.0022930977542889863,0.2934631415972974,3026617636.2304688
2020-10-15,77.58899688720703,77.95649719238281,78.7552490234375,77.25150299072266,77.35749816894531,30800000,-0.005724044937968742,0.2871642591725417,2402022691.8538413
2020-10-16,78.27972412109375,78.65049743652344,79.05650329589844,78.1500015258789,78.2925033569336,28694000,0.008862993818784304,0.2715784630390398,2255893607.599894
2020-10-19,76.3687744140625,76.73049926757812,79.40750122070312,76.4000015258789,79.02300262451172,32142000,-0.02471471749459475,0.27725993484982303,2491412153.579712
2020-10-20,77.42976379394531,77.79650115966797,78.875,76.28350067138672,76.35250091552734,44834000,0.013797351049362305,0.27020689525799996,3481434850.6978354
2020-10-21,79.2899398803711,79.66549682617188,80.9365005493164,78.58149719238281,78.66649627685547,51366000,0.02374000724085512,0.24121043092841202,4095299793.9910893
2020-10-22,80.3857650756836,80.7665023803711,81.09950256347656,79.25,79.65249633789062,28672000,0.013725850152606078,0.24248913639464043,2304426031.25
2020-10-23,81.66321563720703,82.05000305175781,82.11799621582031,81.02549743652344,81.30349731445312,27516000,0.01576655426813467,0.24409052035160603,2248914751.7700195
2020-10-26,79.14762115478516,79.52249908447266,81.91200256347656,78.82499694824219,81.25050354003906,37066000,-0.03128893250327458,0.2748597674578178,2968486191.6554766
2020-10-27,79.8348617553711,80.21299743652344,80.34224700927734,79.13899993896484,79.78350067138672,24580000,0.008645542183937316,0.2752785544787046,1963894842.3258464
2020-10-28,75.47352600097656,75.83100128173828,78.06749725341797,75.73100280761719,77.98699951171875,36680000,-0.05617832739126172,0.346094506204146,2807603369.7509766
2020-10-29,77.99259185791016,78.36199951171875,79.68550109863281,76.11199951171875,76.11799621582031,40062000,0.03283190022887261,0.3605097346149267,3126965964.630127
2020-10-30,80.66841125488281,81.05049896240234,84.3499984741211,80.2229995727539,83.60549926757812,86582000,0.0337332183829302,0.3647703232674606,7088857872.685751
2020-11-02,80.9182357788086,81.30149841308594,83.03849792480469,80.80149841308594,81.40799713134766,50708000,0.00309214563910043,0.3614965244313471,4143544971.9441733
2020-11-03,82.12153625488281,82.510498046875,83.08499908447266,80.83100128173828,81.58899688720703,33234000,0.014761089394194293,0.34954856504070714,2729912749.420166
2020-11-04,87.0442123413086,87.45649719238281,88.56825256347656,85.30149841308594,85.51399993896484,71418000,0.05821587798735717,0.39273751299290527,6221132663.909912
2020-11-05,87.75286102294922,88.16850280761719,89.68199920654297,87.52549743652344,89.05000305175781,41316000,0.008108288662589835,0.3915529305532613,3654758264.4348145
2020-11-06,87.6722412109375,88.0875015258789,88.62149810791016,87.01750183105469,87.69750213623047,33218000,-0.0009191366191130257,0.3907286343297605,2920155641.886393
2020-11-09,87.73445129394531,88.1500015258789,90.90299987792969,88.0009994506836,89.54499816894531,45366000,0.000709323968518305,0.37819588075208727,4038390600.921631
2020-11-10,86.6092758178711,87.01950073242188,88.1500015258789,85.86499786376953,86.55449676513672,52722000,-0.01290773252073052,0.38353199985601205,4587420305.145264
2020-11-11,87.22236633300781,87.635498046875,88.21099853515625,87.36824798583984,87.5,25280000,0.007053871777114473,0.3826246059533491,2218022914.2252603
2020-11-12,87.07955169677734,87.49199676513672,88.41349792480469,87.27999877929688,87.38150024414062,24950000,-0.001638704493945653,0.38136478270414437,2188826020.6858315
2020-11-13,88.43214416503906,88.85099792480469,89.052001953125,87.22750091552734,87.88150024414062,29998000,0.015413437149235598,0.3827052432785323,2651128254.267375
2020-11-16,88.64911651611328,89.06900024414062,89.95349884033203,88.3844985961914,88.58499908447266,24936000,0.002450541167585918,0.3663382795613606,2222686964.7216797
2020-11-17,88.09026336669922,88.50749969482422,89.25,88.3499984741211,88.84700012207031,22942000,-0.006324057630326507,0.3685571883437771,2035012740.9973145
2020-11-18,86.92726135253906,87.33899688720703,88.67350006103516,87.30699920654297,88.2614974975586,23470000,-0.01329031632276756,0.3689354358919516,2060036191.5842693
2020-11-19,87.78022766113281,88.19599914550781,88.47949981689453,86.85025024414062,86.91899871826172,24998000,0.00976458525873447,0.36795381412736144,2195872226.22172
2020-11-20,86.69886016845703,87.1094970703125,88.69999694824219,87.09300231933594,88.260498046875,46270000,-0.012395540944771355,0.3698874953505744,4054832835.1847334
2020-11-23,86.33407592773438,86.74299621582031,87.69499969482422,85.88600158691406,87.4800033569336,43232000,-0.004216362380151217,0.3495747726117677,3751442353.2714844
2020-11-24,88.02705383300781,88.44400024414062,88.58000183105469,86.3844985961914,86.5250015258789,31560000,0.019419822677869902,0.3532132186971604,2771057427.0629883
2020-11-25,88.1539535522461,88.57150268554688,88.927001953125,87.8270034790039,88.64450073242188,20916000,0.0014405609670076203,0.2753845967623985,1849849442.5964355
2020-11-27,89.23683166503906,89.65950012207031,90.19999694824219,88.62200164794922,88.65450286865234,17698000,0.012209107285834797,0.2605771633556266,1583861854.771932
2020-11-30,87.62198638916016,88.03700256347656,89.40325164794922,87.75,89.05919647216797,36476000,-0.018261912776485367,0.2547249799088724,3224359904.2053223
2020-12-01,89.4811782836914,89.90499877929688,91.24150085449219,88.46849822998047,88.71849822998047,34738000,0.020996352030524967,0.2612503501839725,3121961931.930542
2020-12-02,90.96664428710938,91.39749908447266,91.78250122070312,89.47364807128906,89.90499877929688,24440000,0.016464588368098276,0.2621149416315429,2221218388.7736
2020-12-03,90.90792083740234,91.3385009765625,92.36000061035156,91.13249969482422,91.20050048828125,24546000,-0.0006457577144720617,0.177230990959502,2248667252.4871826
2020-12-04,90.96863555908203,91.39949798583984,91.65799713134766,90.84950256347656,91.22599792480469,27564000,0.0006676476082239091,0.17595555511399977,2516657494.6899414
2020-12-07,90.5451431274414,90.9739990234375,91.61849975585938,90.28900146484375,90.94999694824219,26418000,-0.004666237495840164,0.17715851481338468,2402994491.1499023
2020-12-08,90.49885559082031,90.92749786376953,91.09500122070312,89.81024932861328,90.50499725341797,21926000,-0.0005113402041203585,0.1772871874923651,1986734947.2351074
2020-12-09,88.78596496582031,89.20649719238281,91.7135009765625,88.3905029296875,90.60050201416016,30152000,-0.019108619900773505,0.18479821699051763,2706750076.3753257
2020-12-10,88.3480453491211,88.7665023803711,89.06549835205078,87.01599884033203,88.48999786376953,27256000,-0.004944510747712627,0.18470529510030567,2406232358.784993
2020-12-11,88.66852569580078,89.0885009765625,89.22250366210938,88.0,88.15299987792969,24414000,0.003620911815649386,0.18478365674133887,2167238955.7495117
2020-12-14,87.58814239501953,88.00299835205078,89.86949920654297,87.86074829101562,88.75,32004000,-0.012259358394990372,0.18219031306101205,2834842266.723633
2020-12-15,87.97183227539062,88.38849639892578,88.57099914550781,87.49749755859375,88.22100067138672,29646000,0.00437104746672734,0.18269992858050071,2613364005.844116
2020-12-16,87.73445129394531,88.1500015258789,88.6500015258789,87.80400085449219,88.64399719238281,30270000,-0.002702022045519392,0.18164270172711897,2669854399.4140625
2020-12-17,86.98300170898438,87.3949966430664,88.58920288085938,86.93299865722656,88.42549896240234,32494000,-0.008601936504453178,0.17807548519233632,2847743812.566121
2020-12-18,86.14249420166016,86.55049896240234,87.75550079345703,86.01100158691406,87.70899963378906,80328000,-0.009709882494283839,0.1774098484264509,6970248027.954102
2020-12-21,86.55850982666016,86.96849822998047,87.0425033569336,84.94999694824219,85.67549896240234,36568000,0.004817765038643174,0.17335666911995531,3156561931.4778643
2020-12-22,85.76876068115234,86.17500305175781,86.87024688720703,85.62875366210938,86.72149658203125,18734000,-0.00916575388380192,0.1756745240024909,1615332927.8208413
2020-12-23,86.21066284179688,86.61900329589844,87.39949798583984,86.25199890136719,86.40550231933594,20676000,0.005139023310215762,0.16185108332441464,1793784287.261963
2020-12-24,86.53263854980469,86.94249725341797,87.30000305175781,86.45549774169922,86.75,6936000,0.0037277981638030866,0.1624854277425331,602733771.484375
2020-12-28,88.3858642578125,88.80449676513672,89.5363998413086,87.3167495727539,87.58174896240234,27860000,0.021190383227215115,0.17418492000369457,2467074007.5174966
2020-12-29,87.5214614868164,87.93599700927734,89.62200164794922,87.80449676513672,89.3895034790039,25988000,-0.009828012847514778,0.16556678776335515,2298746843.6787925
2020-12-30,86.56597900390625,86.97599792480469,88.25475311279297,86.27999877929688,88.10050201416016,26122000,-0.010977151190950885,0.1506176175858035,2277061268.9056396
2020-12-31,87.18108367919922,87.59400177001953,87.94650268554688,86.77100372314453,86.77100372314453,20238000,0.007080490864864508,0.13947974861414536,1769553434.173584
2021-01-04,86.00464630126953,86.41200256347656,88.03250122070312,85.39250183105469,87.87699890136719,38038000,-0.013586055544680953,0.14483275952927652,3294560006.5307617
2021-01-05,86.63565063476562,87.0459976196289,87.38349914550781,85.90074920654297,86.25,22906000,0.007310079449828422,0.14859500727822186,1987708204.7424316
2021-01-06,86.35548400878906,86.7645034790039,87.4000015258789,84.94999694824219,85.13150024414062,52042000,-0.003239089349934332,0.14840753851070004,4494945636.881511
2021-01-07,88.94123840332031,89.36250305175781,89.41999816894531,86.85250091552734,87.00299835205078,45300000,0.029503597363690126,0.18496885133183896,4011088532.25708
2021-01-08,89.93452453613281,90.3604965209961,90.49199676513672,88.67675018310547,89.39900207519531,41012000,0.011105991399245951,0.17678419841073342,3684644444.3868003
2021-01-11,87.91956329345703,88.33599853515625,89.71575164794922,88.0260009765625,89.30349731445312,24194000,-0.022659557422751497,0.19365777907780568,2145828370.5190024
2021-01-12,86.91581726074219,87.32749938964844,88.9020004272461,86.2655029296875,87.69599914550781,27140000,-0.011482310475384061,0.19688356363096074,2374704791.5140786
2021-01-13,87.30648040771484,87.72000122070312,88.25174713134766,86.90049743652344,86.92900085449219,21882000,0.004484659047175654,0.1933066349320895,1917390160.7818604
2021-01-14,86.59882354736328,87.00900268554688,88.75050354003906,86.66999816894531,87.68099975585938,23590000,-0.00813846099224591,0.194452869475134,2063570669.555664
2021-01-15,86.4002685546875,86.80950164794922,87.80000305175781,86.07749938964844,86.90950012207031,26844000,-0.0022954464956619347,0.1944074882519606,2332627312.5915527
2021-01-19,89.12088012695312,89.54299926757812,90.46375274658203,87.072998046875,87.61250305175781,34692000,0.03100286780445316,0.22079245505782913,3088510229.7058105
2021-01-20,93.9002456665039,94.34500122070312,95.18550109863281,91.27649688720703,91.572998046875,49806000,0.0522393505860137,0.2786271612005376,4661957800.827026
2021-01-21,94.1167221069336,94.5625,96.74299621582031,94.35549926757812,94.9000015258789,41278000,0.002302734042042509,0.27870544278805637,3930504857.187907
2021-01-22,94.60440826416016,95.05249786376953,95.54750061035156,94.08799743652344,94.78399658203125,25442000,0.005168337449492633,0.27443274810673113,2414343997.3195395
2021-01-25,94.52230072021484,94.97000122070312,96.47899627685547,93.37650299072266,96.03350067138672,38546000,-0.0008682808424547162,0.2751535777342246,3659627913.9404297
2021-01-26,95.41008758544922,95.86199951171875,96.25,94.21224975585938,94.44200134277344,26262000,0.00934851963700467,0.27561534101121116,2506482478.088379
2021-01-27,91.10797119140625,91.53949737548828,94.5,90.44999694824219,94.12650299072266,54966000,-0.04613901295869116,0.3202471926594308,5065840514.99939
2021-01-28,92.71634674072266,93.15550231933594,94.94149780273438,92.13200378417969,92.1969985961914,35462000,0.017499497475929715,0.3220012838799794,3312493645.5078125
2021-01-29,91.35430908203125,91.78700256347656,92.86399841308594,90.51000213623047,92.30850219726562,32252000,-0.014799344436922546,0.3243373271478905,2958164224.131266
2021-02-01,94.61933898925781,95.06749725341797,96.11959838867188,92.54650115966797,92.67849731445312,32044000,0.035116431393087844,0.34307992268512366,3030653125.305176
2021-02-02,95.92117309570312,96.37550354003906,97.78800201416016,95.72450256347656,96.12799835205078,45474000,0.013664856356015775,0.33830724135364515,4394122427.0477295
2021-02-03,103.01557159423828,103.50350189208984,105.82499694824219,100.91899871826172,103.6500015258789,82364000,0.07135341674660012,0.40809212023291086,8517741629.638672
2021-02-04,102.63239288330078,103.11849975585938,103.92749786376953,102.12950134277344,103.44450378417969,37046000,-0.0037265543118900624,0.4082746300577735,3817905178.1870522
2021-02-05,104.4054946899414,104.9000015258789,105.12550354003906,102.96649932861328,103.5,30702000,0.017128702175568833,0.40250854288881216,3203160172.973633
2021-02-08,104.15219116210938,104.64550018310547,106.17735290527344,103.5999984741211,105.29550170898438,24838000,-0.0024290991851882993,0.4039205810071374,2603211595.703125
2021-02-09,103.68441009521484,104.17549896240234,105.25650024414062,103.927001953125,103.927001953125,17798000,-0.0045014386681625496,0.3916272115256003,1859054500.8799233
2021-02-10,104.27510070800781,104.76899719238281,105.41850280761719,103.15450286865234,104.71050262451172,22710000,0.005680838535067956,0.3851817722849679,2371998961.7156982
2021-02-11,104.30048370361328,104.79450225830078,105.10150146484375,103.86599731445312,104.97550201416016,18914000,0.00024339373951587362,0.38610115235881837,1978164829.208374
2021-02-12,104.70954132080078,105.20549774169922,105.44100189208984,104.15650177001953,104.51249694824219,17114000,0.00391424420349562,0.3816282900364972,1795846188.6749268
2021-02-16,105.59485626220703,106.09500122070312,107.63400268554688,105.21800231933594,105.21800231933594,22676000,0.008419416629612542,0.3792502613228714,2410814104.3904624
2021-02-17,105.9138412475586,106.41549682617188,106.68299865722656,104.94599914550781,105.0,21418000,0.0030162847291883566,0.372042404054515,2270625661.9873047
2021-02-18,105.3609619140625,105.86000061035156,106.63674926757812,105.18550109863281,105.51950073242188,22432000,-0.005233757999263844,0.33881602119949944,2375416084.635417
2021-02-19,104.5617446899414,105.05699920654297,106.52649688720703,104.87049865722656,105.9635009765625,29148000,-0.0076144319837476715,0.34181435334941407,3074667013.0004883
2021-02-22,102.75729370117188,103.24400329589844,104.57099914550781,103.10700225830078,103.3499984741211,27350000,-0.01740791941051345,0.35070123196070024,2834572276.1789956
2021-02-23,103.05488586425781,103.54299926757812,104.10050201416016,100.10099792480469,101.25050354003906,33348000,0.002891882988760308,0.35026656507498594,3420887853.1799316
2021-02-24,104.26465606689453,104.75849914550781,105.03900146484375,101.90650177001953,102.09149932861328,24966000,0.011670717799185049,0.35077828630856256,2594000707.8094482
2021-02-25,101.08919525146484,101.56800079345703,104.74400329589844,101.06449890136719,103.37249755859375,36568000,-0.030929188150519593,0.3262349117869126,3746714653.788249
2021-02-26,101.36289978027344,101.84300231933594,103.55049896240234,100.8030014038086,102.5260009765625,41670000,0.002703895907042231,0.3232072509175392,4253069422.302246
2021-03-01,103.58487701416016,104.07550048828125,104.32599639892578,102.30500030517578,102.82599639892578,28090000,0.021684200075487325,0.3204536723371693,2909248502.0446777
2021-03-02,103.30271911621094,103.79199981689453,105.21849822998047,103.56300354003906,103.80950164794922,22692000,-0.0027276461050913525,0.30386741901988146,2364305966.003418
2021-03-03,100.85779571533203,101.33550262451172,104.4259033203125,100.5,103.3604965209961,29684000,-0.02395213678297292,0.31698804017408266,3030354524.6887207
2021-03-04,101.97151947021484,102.45449829101562,104.46199798583984,101.01349639892578,101.16850280761719,42360000,0.010981991899445376,0.19842332252125874,4347971496.582031
2021-03-05,104.93000030517578,105.427001953125,105.90550231933594,102.32074737548828,103.65599822998047,43904000,0.028599910663577255,0.221945109429571,4590210786.783854
2021-03-08,100.73139190673828,101.20850372314453,106.44049835205078,101.08049774169922,105.05650329589844,32948000,-0.04083597602451228,0.25704982499102386,3390673186.65568
2021-03-09,102.15116882324219,102.63500213623047,103.9020004272461,102.3915023803711,103.5,33946000,0.013996275369080102,0.26275466110002565,3495629009.607951
2021-03-10,102.2671127319336,102.75150299072266,103.75,101.66850280761719,103.58799743652344,25372000,0.0011343791782474355,0.2625236375567994,2606296462.371826
2021-03-11,105.24004364013672,105.7385025024414,106.28500366210938,103.61900329589844,103.7030029296875,24782000,0.028655728243522915,0.2809349128720309,2607417556.4829507
2021-03-12,102.6099853515625,103.09600067138672,104.51300048828125,102.37750244140625,104.25,34516000,-0.025308619728805937,0.29475335552824716,3566498052.7648926
2021-03-15,102.83740997314453,103.32450103759766,103.35299682617188,102.17549896240234,103.11499786376953,25962000,0.002213945950662044,0.29446803284801615,2672813834.5336914
2021-03-16,104.13278198242188,104.6259994506836,106.1780014038086,103.5,103.94950103759766,29832000,0.012517637553973948,0.2964374128730857,3125438984.4970703
2021-03-17,104.06111145019531,104.55400085449219,105.48899841308594,102.69999694824219,103.80149841308594,25980000,-0.0006884979561698756,0.2961296094069325,2708354347.229004
2021-03-18,101.33104705810547,101.81099700927734,103.7750015258789,101.67749786376953,103.05000305175781,27228000,-0.026585486107195244,0.3090164103318714,2788723493.3166504
2021-03-19,101.67840576171875,102.16000366210938,102.65499877929688,100.88400268554688,102.10250091552734,46298000,0.003422097225269205,0.30882639677342205,4717750846.455893
2021-03-22,101.44898223876953,101.92949676513672,102.89949798583984,101.30349731445312,102.09200286865234,39096000,-0.002258913706950416,0.3033297788909001,3989518636.5966797
2021-03-23,102.16411590576172,102.64800262451172,103.61509704589844,101.96099853515625,102.58499908447266,27340000,0.007024465656519041,0.30427169976093865,2808948948.3133955
2021-03-24,101.77095794677734,102.25299835205078,103.9104995727539,102.07775115966797,103.26850128173828,23080000,-0.0038557217121466536,0.30121535045960796,2371402676.289876
2021-03-25,101.73613739013672,102.21800231933594,102.94349670410156,100.5364990234375,102.2405014038086,28378000,-0.0003422048447285775,0.2811091715306658,2891699262.858073
2021-03-26,101.29769897460938,101.77749633789062,102.54949951171875,100.70099639892578,101.94300079345703,29870000,-0.004318877137744259,0.28140833067703774,3037062042.8212485
2021-03-29,102.31290435791016,102.79750061035156,102.92150115966797,100.78099822998047,101.39399719238281,24596000,0.00997211127115527,0.27280604608263687,2512891333.3333335
2021-03-30,102.29249572753906,102.7770004272461,103.53900146484375,102.20149993896484,102.88150024414062,20732000,-0.0001994925884671872,0.27269988468293127,2132061615.987142
2021-03-31,102.94391632080078,103.43150329589844,104.66635131835938,102.83724975585938,102.95600128173828,29198000,0.006348023475028164,0.25969420901621176,3026227725.7995605
2021-04-01,106.38361358642578,106.88749694824219,107.14700317382812,104.84449768066406,104.89749908447266,33980000,0.032867219205842346,0.2804752753226556,3611836115.1123047
2021-04-05,110.75292205810547,111.27749633789062,111.8655014038086,107.58100128173828,107.64700317382812,43298000,0.040250235448244354,0.2967589499112281,4773229236.572266
2021-04-06,110.71311950683594,111.23750305175781,111.88300323486328,110.73999786376953,111.125,27060000,-0.0003594460931060084,0.25153414248801165,3011421747.4365234
2021-04-07,111.95374298095703,112.48400115966797,112.75,111.2665023803711,111.30650329589844,25798000,0.011143430128835341,0.25040020609484825,2893679996.7753096
2021-04-08,112.73802947998047,113.27200317382812,114.20024871826172,112.88400268554688,113.89800262451172,27166000,0.006981027169776333,0.25020299563063975,3082039337.2853594
2021-04-09,113.75520324707031,114.29399871826172,114.4520034790039,112.68569946289062,112.83499908447266,20888000,0.00898199556175161,0.23546571742644096,2377275128.0924478
2021-04-12,112.20803833007812,112.739501953125,113.76599884033203,111.92324829101562,113.3125,31318000,-0.013694166223336524,0.22025611448372354,3532970521.275838
2021-04-13,112.82908630371094,113.3635025024414,113.8604965209961,112.80449676513672,113.07350158691406,23310000,0.0055195297339407645,0.22012618911824142,2642021412.2772217
2021-04-14,112.21051025390625,112.74199676513672,113.89949798583984,112.45950317382812,113.75800323486328,20220000,-0.005497500148205603,0.2208219652542122,2285540726.0131836
2021-04-15,114.29166412353516,114.83300018310547,115.32984924316406,113.30000305175781,113.8489990234375,27472000,0.018376975359741365,0.22580486591160195,3145203827.758789
2021-04-16,114.3464126586914,114.88800048828125,115.3219985961914,114.22250366210938,115.1500015258789,22596000,0.0004789100483444386,0.19602522709371634,2594265610.687256
2021-04-19,114.57730865478516,115.12000274658203,115.92250061035156,114.39225006103516,114.5989990234375,24688000,0.0020172315308020217,0.19632184059561536,2842697730.7942705
2021-04-20,114.140869140625,114.68150329589844,115.4800033569336,113.58550262451172,115.39450073242188,21774000,-0.0038164001487945853,0.19721648934205496,2494915793.334961
2021-04-21,114.12395477294922,114.66449737548828,114.76599884033203,112.92849731445312,114.26249694824219,23930000,-0.00014819951157374334,0.19825692621511617,2730883571.726481
2021-04-22,112.86144256591797,113.39600372314453,115.18810272216797,112.82250213623047,114.6614990234375,21096000,-0.011124285891827235,0.20410372118005937,2400771271.54541
2021-04-23,115.21926879882812,115.76499938964844,116.29100036621094,113.9104995727539,114.17350006103516,28670000,0.020676103788097144,0.20982313745385409,3306286511.9171143
2021-04-26,115.78856658935547,116.33699798583984,117.06300354003906,115.69200134277344,115.99649810791016,20834000,0.004928827994795881,0.20638020025126605,2424327595.9218345
2021-04-27,114.81219482421875,115.35600280761719,116.87249755859375,115.2135009765625,116.80000305175781,31972000,-0.008468121212648505,0.21245150258699952,3702805222.310384
2021-04-28,118.43453216552734,118.99549865722656,122.618896484375,118.74250030517578,120.35724639892578,59728000,0.031062631794156914,0.22833485713201043,7174465550.415039
2021-04-29,120.92176055908203,121.49449920654297,121.82599639892578,120.11399841308594,120.5165023803711,39554000,0.020783392776804632,0.23297055881531886,4791762658.803305
2021-04-30,119.93791961669922,120.50599670410156,121.35700225830078,120.10800170898438,120.22450256347656,39142000,-0.008169457116745882,0.22083178869818312,4722756302.759807
2021-05-03,119.19393920898438,119.75849914550781,120.98500061035156,119.2249984741211,120.13600158691406,33788000,-0.0062223646134684785,0.18574987534676904,4054205206.06486
2021-05-04,117.15758514404297,117.7125015258789,118.96299743652344,115.58499908447266,118.48699951171875,35120000,-0.017231997636938168,0.19906031847797848,4123796230.46875
2021-05-05,117.28150177001953,117.83699798583984,119.11000061035156,117.57050323486328,118.4209976196289,21806000,0.0010571329136936924,0.19679789232510356,2576869548.309326
2021-05-06,118.50619506835938,119.06749725341797,119.135498046875,117.11689758300781,117.53199768066406,20618000,0.010388195213454132,0.19816199088450845,2441995183.822632
2021-05-07,119.3691177368164,119.93450164794922,120.82050323486328,119.5,120.0,23272000,0.007255283817140246,0.19753883329664923,2794618157.8776045
2021-05-10,116.53105926513672,117.08300018310547,118.9000015258789,116.73650360107422,118.74449920654297,26006000,-0.024062681476032743,0.21098784784694125,3057607818.3644614
2021-05-11,114.89381408691406,115.43800354003906,116.0999984741211,114.1500015258789,114.59300231933594,32110000,-0.014149494565920406,0.21759545247024847,3700013931.2235518
2021-05-12,111.42623138427734,111.9540023803711,114.26850128173828,111.50250244140625,113.08550262451172,34934000,-0.03064557603145346,0.2428507073334123,3932695121.073405
2021-05-13,112.56533813476562,113.09850311279297,113.83004760742188,112.13600158691406,113.05449676513672,26670000,0.010171066464893741,0.2364525636894813,3014283870.010376
2021-05-14,115.2620620727539,115.80799865722656,116.05699920654297,114.16600036621094,114.59149932861328,26624000,0.023674499992358378,0.2511470803177904,3070909765.625
2021-05-17,115.52333068847656,116.07050323486328,116.16699981689453,114.75,115.46600341796875,19842000,0.0022641703984138672,0.25116858323911406,2294975345.184326
2021-05-18,114.6285629272461,115.17150115966797,117.15750122070312,115.15799713134766,116.84529876708984,17302000,-0.007775493437662817,0.2523787981117522,2004073355.1839192
2021-05-19,114.89132690429688,115.43550109863281,115.83799743652344,113.1760025024414,113.22000122070312,19350000,0.002289684715709228,0.25247573636501464,2221699281.692505
2021-05-20,117.24915313720703,117.80449676513672,118.01699829101562,116.05449676513672,116.4020004272461,23832000,0.020314486445903057,0.2578688467468976,2795302879.0283203
2021-05-21,116.70223236083984,117.25499725341797,118.44999694824219,117.11849975585938,118.29949951171875,22832000,-0.004675516424325288,0.24939663351831692,2685222004.679362
2021-05-24,119.7662353515625,120.33350372314453,120.92400360107422,118.00550079345703,118.3499984741211,21244000,0.025916135984234145,0.2640826529880452,2544061114.8173018
2021-05-25,119.88567352294922,120.45349884033203,121.64450073242188,120.14949798583984,121.0,18838000,0.000996763863359007,0.26151365131785415,2274672786.3362627
2021-05-26,121.10289764404297,121.67649841308594,122.14720153808594,120.62574768066406,120.6417465209961,21856000,0.010102009956072244,0.24162547219422256,2655135709.1471357
2021-05-27,119.55921173095703,120.12550354003906,122.0,120.0999984741211,121.84700012207031,38962000,-0.01282883365858467,0.23504433253106613,4704343336.491902
2021-05-28,120.00957489013672,120.5780029296875,121.40699768066406,120.3844985961914,121.0979995727539,24108000,0.0037597860394003035,0.2338027018398345,2912001295.6237793
2021-06-01,120.91777801513672,121.4905014038086,121.89855194091797,120.24400329589844,121.0999984741211,19166000,0.007539263731885626,0.23401363623065702,2323130387.8580728
2021-06-02,120.49329376220703,121.06400299072266,122.0999984741211,120.20999908447266,121.7655029296875,17158000,-0.0035166961256258844,0.2254109429037434,2078257033.8083904
2021-06-03,119.6637191772461,120.23049926757812,120.48725128173828,119.1415023803711,119.7509994506836,18346000,-0.006908629270320432,0.22724260335565374,2200659284.7493486
2021-06-04,122.01010131835938,122.58799743652344,122.69294738769531,120.88849639892578,121.1259994506836,25948000,0.01941837031117455,0.23398810036302573,3167121553.619385
2021-06-07,122.72321319580078,123.30449676513672,123.4000015258789,122.05364990234375,122.56600189208984,23850000,0.00582768142599388,0.23359415106396422,2931627278.137207
2021-06-08,123.55728149414062,124.14250183105469,124.72474670410156,123.41200256347656,123.99500274658203,25060000,0.006773345880960235,0.21487909422348134,3109772677.510579
2021-06-09,123.98274993896484,124.56999969482422,125.25,124.36650085449219,124.9749984741211,20126000,0.003437576228285444,0.20568677140161945,2510292503.351847
2021-06-10,125.48563385009766,126.08000183105469,126.16300201416016,124.69999694824219,124.70050048828125,31234000,0.012048838173108756,0.16449600868098793,3924479228.9276123
2021-06-11,125.10394287109375,125.69650268554688,126.34950256347656,124.91449737548828,126.24600219726562,25240000,-0.003046345974797582,0.1665571735878571,3171494362.0808916
2021-06-14,125.75636291503906,126.35199737548828,126.4114990234375,125.0469970703125,125.66950225830078,22550000,0.0052014726909686,0.15252322030683932,2839875542.577108
2021-06-15,125.43885803222656,126.03299713134766,126.86199951171875,125.64849853515625,126.52200317382812,22182000,-0.0025279545582206353,0.15424311665250662,2798950603.3477783
2021-06-16,125.10394287109375,125.69650268554688,126.52349853515625,124.14994812011719,126.24749755859375,26316000,-0.002673518132747965,0.15024468873506305,3301517195.617676
2021-06-17,125.7752685546875,126.37100219726562,127.19650268554688,125.51499938964844,125.52300262451172,25756000,0.005351796843629408,0.15008327912927785,3254549660.013835
2021-06-18,124.97555541992188,125.56749725341797,126.38899993896484,124.60299682617188,125.70549774169922,53306000,-0.00637857003638409,0.14294456427815794,6690960129.384359
2021-06-21,125.85887908935547,126.45500183105469,127.03675079345703,125.13424682617188,125.73999786376953,26256000,0.00704311050935047,0.14054868081241537,3313734747.192383
2021-06-22,126.40081024169922,126.99949645996094,127.2699966430664,126.02649688720703,126.44999694824219,20984000,0.004296619784904365,0.1152691150355619,2660043684.651693
2021-06-23,125.8653564453125,126.46150207519531,127.7959976196289,126.25199890136719,126.55000305175781,19694000,-0.004245155880805207,0.1176448652460567,2497918021.7844644
2021-06-24,126.6819839477539,127.28199768066406,127.5354995727539,126.95999908447266,127.05349731445312,18934000,0.0064671466932617605,0.11530853995668724,2409525038.553874
2021-06-25,126.39632415771484,126.99500274658203,127.50499725341797,126.44400024414062,126.95700073242188,33484000,-0.0022574823855352477,0.10303520246509194,4251842968.0582685
2021-06-28,126.2216567993164,126.81950378417969,127.33699798583984,125.97380065917969,127.0,28110000,-0.0013828579071955005,0.10395150323819247,3561820933.7615967
2021-06-29,125.42443084716797,126.01850128173828,127.0,125.43699645996094,126.77249908447266,20950000,-0.006336109786098554,0.10656738418636366,2642880892.562866
2021-06-30,124.72525024414062,125.31600189208984,125.80000305175781,124.75749969482422,125.65354919433594,24006000,-0.00559011245364438,0.10810834007378076,3007739784.1186523
2021-07-01,125.77277374267578,126.36849975585938,126.4625015258789,124.84974670410156,124.84974670410156,17120000,0.008363575791878297,0.10562288689760178,2155298135.172526
2021-07-02,128.11221313476562,128.718994140625,128.84800720214844,126.76899719238281,126.8395004272461,21160000,0.01842964908444955,0.10366340531384957,2710849909.6679688
2021-07-06,129.15924072265625,129.77099609375,129.88450622558594,128.40899658203125,129.44949340820312,21350000,0.008139522304627,0.10491629780853527,2761725683.8480635
2021-07-07,129.4643096923828,130.07749938964844,130.639892578125,129.75999450683594,130.34100341796875,16680000,0.002359175030507643,0.10378587655535428,2171054268.798828
2021-07-08,128.56805419921875,129.177001953125,130.03250122070312,128.0399932861328,128.25,19780000,-0.006946873516282537,0.10850708931281561,2553265013.3260093
2021-07-09,128.96365356445312,129.57449340820312,129.84950256347656,128.94349670410156,128.9445037841797,15106000,0.0030722405394687513,0.1020955613606322,1955559781.4534507
2021-07-12,129.94851684570312,130.56399536132812,130.77000427246094,129.60000610351562,129.83349609375,16944000,0.007607738406572473,0.10294325379561252,2207995264.404297
2021-07-13,130.3769989013672,130.9945068359375,132.04200744628906,130.63699340820312,130.88150024414062,16618000,0.0032918973875819546,0.10238200448828659,2180688783.5998535
2021-07-14,131.45985412597656,132.08250427246094,132.99600219726562,131.8979949951172,131.90150451660156,17912000,0.00827126804809275,0.10343646622671461,2370214364.7460938
2021-07-15,130.64767456054688,131.26649475097656,132.59500122070312,130.59800720214844,132.5,16586000,-0.00619732038168852,0.10626996045749702,2180835106.547038
2021-07-16,131.22396850585938,131.8455047607422,132.18299865722656,130.82150268554688,131.64100646972656,14856000,0.004401353799827312,0.10596160138489377,1955297230.2246094
2021-07-19,128.64468383789062,129.25399780273438,131.2469940185547,128.53700256347656,131.15550231933594,25710000,-0.01985133140807882,0.12761711770659145,3334055611.877441
2021-07-20,130.48348999023438,131.10150146484375,132.0013427734375,129.1884002685547,130.00399780273438,19084000,0.014192490075271458,0.13381410279650924,2495495370.0561523
2021-07-21,131.97540283203125,132.60049438476562,132.61724853515625,130.60150146484375,130.78700256347656,14742000,0.011368857766480112,0.1376557281188418,1945055766.9067385
2021-07-22,132.69998168945312,133.32850646972656,133.50450134277344,132.39999389648438,132.64999389648438,13608000,0.005475240312696528,0.13605751763661741,1810920895.7519531
2021-07-23,137.16632080078125,137.8159942626953,138.80850219726562,134.70050048828125,135.25999450683594,26378000,0.03310340659122435,0.17196086020428347,3616643589.833577
2021-07-26,138.98619079589844,139.64450073242188,139.71299743652344,137.6510009765625,138.25,23052000,0.013180371458525464,0.1732004326594763,3204293307.434082
2021-07-27,136.151611328125,136.79649353027344,140.01100158691406,135.10000610351562,140.01100158691406,42164000,-0.020605527405970214,0.19336779491676978,5789222627.156575
2021-07-28,135.73858642578125,136.38150024414062,139.67599487304688,136.35000610351562,138.56199645996094,54688000,-0.003038176612901289,0.19152030494053957,7517913808.919271
2021-07-29,135.89683532714844,136.54049682617188,137.15150451660156,136.13800048828125,136.38059997558594,19284000,0.0011651567255039907,0.18868489244862452,2634387251.7700195
2021-07-30,134.5835418701172,135.2209930419922,135.77134704589844,134.81419372558594,135.51100158691406,23954000,-0.009710898743128027,0.19405312373456554,3240229903.656006
2021-08-02,135.3484344482422,135.989501953125,136.02049255371094,134.66949462890625,135.4844970703125,20140000,0.005667313934568874,0.18646143053051112,2730174970.397949
2021-08-03,135.63755798339844,136.27999877929688,136.3354949951172,134.18350219726562,136.0,19064000,0.002133864132749075,0.18542794990760197,2585072019.7347
2021-08-04,135.3872528076172,136.02850341796875,136.53799438476562,135.4149932861328,136.24949645996094,16528000,-0.0018471020879333722,0.18602316420820483,2247706028.238932
2021-08-05,136.29444885253906,136.94000244140625,136.9499969482422,135.60000610351562,136.02850341796875,11866000,0.006678399105996213,0.18350363021447527,1619669468.3939614
2021-08-06,136.38998413085938,137.03599548339844,137.08004760742188,136.04649353027344,136.2949981689453,13560000,0.0007007021353135912,0.18366187356464064,1853934665.527344
2021-08-09,137.3514404296875,138.0019989013672,138.32150268554688,136.4287567138672,136.94900512695312,12374000,0.007024587191674314,0.18348049939455305,1702465481.4046223
2021-08-10,137.44549560546875,138.09649658203125,138.55149841308594,137.22650146484375,138.07949829101562,16034000,0.0006845431452848771,0.1836088036535365,2212021225.413005
2021-08-11,137.0404052734375,137.6894989013672,138.84774780273438,137.35000610351562,138.2830047607422,15204000,-0.002951631576222802,0.183377200131461,2097580597.229004
2021-08-12,137.73709106445312,138.38949584960938,138.41799926757812,136.7790069580078,137.71299743652344,14646000,0.005070919512657923,0.18109943967139577,2019129303.1311035
2021-08-13,137.7535400390625,138.406005859375,138.6739959716797,138.0050048828125,138.3574981689453,12580000,0.00011941585499997132,0.18118125681229894,1740589794.82015
2021-08-16,138.26112365722656,138.91600036621094,138.99049377441406,136.16575622558594,138.0,18040000,0.003677950899810156,0.16199779761490335,2489954465.535482
2021-08-17,136.6532440185547,137.30050659179688,138.718505859375,136.78750610351562,138.1909942626953,21272000,-0.011697445907273618,0.16540482232117668,2927073420.8984375
2021-08-18,135.92620849609375,136.57000732421875,138.29400634765625,136.42100524902344,137.11549377441406,14934000,-0.005334497812282457,0.16396741561493916,2047376824.1882327
2021-08-19,136.26806640625,136.9134979248047,137.45199584960938,135.3560028076172,135.46749877929688,18296000,0.0025118683339275805,0.1633759169753514,2498754833.8216143
2021-08-20,137.7843780517578,138.43699645996094,138.614501953125,136.4669952392578,137.08299255371094,15564000,0.011065963099667009,0.12189297029249642,2145333945.0683596
2021-08-23,140.43434143066406,141.09950256347656,142.177001953125,138.74795532226562,138.99850463867188,21090000,0.01905007343740639,0.13109785557410245,2966831952.6672363
2021-08-24,141.72720336914062,142.39849853515625,143.00750732421875,141.35350036621094,141.5435028076172,15126000,0.00916404811460847,0.10930625862753067,2151721430.3894043
2021-08-25,142.27610778808594,142.9499969482422,143.31300354003906,142.4394989013672,142.88299560546875,12838000,0.0038654838225964383,0.10789196925499471,1834560895.7214355
2021-08-26,141.45301818847656,142.1230010986328,143.13479614257812,142.0915069580078,142.61849975585938,14922000,-0.005801955690843741,0.11149023686796446,2125635439.086914
2021-08-27,143.86907958984375,144.55050659179688,145.01100158691406,142.02000427246094,142.1125030517578,24562000,0.0169360815021653,0.11429431974571813,3533501702.9418945
2021-08-30,144.7837371826172,145.46949768066406,146.489501953125,144.60000610351562,144.70449829101562,16916000,0.0063374448536279715,0.11448990240687136,2461610713.684082
2021-08-31,144.77627563476562,145.46200561523438,146.11199951171875,145.0,145.88450622558594,26756000,-5.153714271965981e-05,0.11503543692785038,3893658027.058919
2021-09-01,145.15447998046875,145.8419952392578,146.82049560546875,145.614501953125,145.64999389648438,15824000,0.0026089302559277883,0.11356639194793638,2311765044.6777344
2021-09-02,143.53912353515625,144.218994140625,146.3249969482422,144.10650634765625,145.94949340820312,21844000,-0.011190918566208019,0.12361460844405403,3164835155.3344727
2021-09-03,144.09249877929688,144.77499389648438,145.3769989013672,143.5050048828125,144.14599609375,19104000,0.0038478100734824494,0.12348817972848902,2761527761.2304688
2021-09-07,144.8330078125,145.5189971923828,145.82400512695312,144.54100036621094,144.74949645996094,15170000,0.0051259624902915135,0.12283244773529581,2204120106.913249
2021-09-08,144.20050048828125,144.8834991455078,145.55099487304688,144.1999969482422,145.39349365234375,15486000,-0.004376712842806718,0.12508143184883452,2243583242.3706055
2021-09-09,144.23036193847656,144.9134979248047,145.66949462890625,144.4340057373047,144.8834991455078,14798000,0.0002070614084139777,0.12385030901284717,2145793846.9034832
2021-09-10,141.25196838378906,141.92100524902344,146.0189971923828,141.7415008544922,145.44349670410156,32896000,-0.020866451655852103,0.14747338174930608,4711600910.807291
2021-09-13,142.78868103027344,143.46499633789062,144.1909942626953,142.28250122070312,143.2010040283203,20176000,0.010820476880097907,0.15103495304935236,2891479670.328776
2021-09-14,142.72998046875,143.406005859375,144.7274932861328,142.90550231933594,144.16099548339844,18916000,-0.0004111854688746419,0.15105520502442632,2717844583.9029946
2021-09-15,144.52146911621094,145.20599365234375,145.5814971923828,142.25599670410156,143.75900268554688,20648000,0.012473474913846871,0.1473673984710016,2980493976.9694014
2021-09-16,143.69290161132812,144.37350463867188,145.1999969482422,143.41635131835938,145.12100219726562,20292000,-0.005749677126853037,0.1476628289830407,2928743365.0512695
2021-09-17,140.796630859375,141.4635009765625,144.24949645996094,141.06149291992188,143.79849243164062,60040000,-0.020361879706048747,0.16799017254191256,8541180133.666992
2021-09-20,138.3616485595703,139.01699829101562,139.3625030517578,137.05299377441406,139.0001983642578,34918000,-0.017445615882858867,0.17656413321738784,4835357288.167318
2021-09-21,138.98818969726562,139.64649963378906,140.8115997314453,138.90550231933594,140.11700439453125,18130000,0.004518064314921411,0.16371621774398493,2534354032.8470864
2021-09-22,140.27410888671875,140.93850708007812,141.58349609375,139.4717559814453,140.05050659179688,22068000,0.009209465686208063,0.16375013117206863,3104186092.3461914
2021-09-23,141.15792846679688,141.82650756835938,142.25245666503906,141.09649658203125,141.6094970703125,17272000,0.006280894626764066,0.164774364078255,2447876853.0680337
2021-09-24,141.96060180664062,142.63299560546875,142.90350341796875,140.85049438476562,140.9459991455078,14950000,0.005670243411294962,0.1648110752182397,2124828517.150879
2021-09-27,140.83395385742188,141.50100708007812,142.5,140.5,141.5854949951172,18844000,-0.0079680028307898,0.15514589104503893,2666432325.805664
2021-09-28,135.54200744628906,136.1840057373047,139.60650634765625,135.6999969482422,139.0885009765625,42190000,-0.03829995387973195,0.19897854864418968,5786928192.036947
2021-09-29,133.8868408203125,134.52099609375,137.39849853515625,134.25,137.1096954345703,26338000,-0.01228663863409274,0.2009561820109318,3565897383.178711
2021-09-30,132.63726806640625,133.2655029296875,135.58999633789062,133.0,134.3249969482422,35294000,-0.009376877123213667,0.2003349196068324,4727695997.049968
2021-10-01,135.81919860839844,136.46249389648438,137.0709991455078,133.37750244140625,133.55450439453125,28388000,0.023706484703010844,0.22098718049090146,3850463113.2609053
2021-10-04,133.1343994140625,133.76499938964844,135.6999969482422,131.16650390625,135.69949340820312,31530000,-0.01996543937514872,0.22727818525466065,4210637067.5659175
2021-10-05,135.53504943847656,136.177001953125,137.36199951171875,134.0,134.0,24126000,0.017871134415293533,0.23773161815217697,3277428649.7802734
2021-10-06,136.7064971923828,137.35400390625,137.8520050048828,134.4864959716797,134.62550354003906,19764000,0.00860599712638166,0.24122055629278946,2699054222.1679688
2021-10-07,138.52935791015625,139.1855010986328,140.15444946289062,138.56300354003906,138.86300659179688,18250000,0.013246002195155704,0.2473201445906158,2542242970.7845054
2021-10-08,139.395751953125,140.05599975585938,140.31700134277344,139.42935180664062,139.906005859375,18924000,0.006234750432880354,0.23892535211180008,2648113242.126465
2021-10-11,138.1929473876953,138.84750366210938,140.76365661621094,138.80650329589844,139.8000030517578,16584000,-0.008666145963704075,0.2366270125116761,2313012844.2382812
2021-10-12,136.06851196289062,136.71299743652344,139.69500732421875,136.25,139.6374969482422,22536000,-0.015492354782077555,0.24134918984068,3099886931.7626953
2021-10-13,137.2499237060547,137.89999389648438,138.5500030517578,136.97650146484375,137.75,16380000,0.008645001191378121,0.2387276811160943,2257308681.335449
2021-10-14,140.74537658691406,141.41200256347656,141.65150451660156,139.33900451660156,139.95199584960938,21426000,0.025148893560949404,0.25681088331002183,3016798737.8234863
2021-10-15,141.0071258544922,141.6750030517578,142.1999969482422,141.0644989013672,142.1999969482422,21250000,0.0018580090015944961,0.24706377855205888,3009988117.2180176
2021-10-18,142.28656005859375,142.9604949951172,142.99874877929688,141.2135009765625,141.2135009765625,16564000,0.009032625622232615,0.2402960416886678,2358563114.6850586
2021-10-19,143.14401245117188,143.82200622558594,144.10699462890625,143.0959930419922,143.29150390625,15316000,0.006008150874574625,0.2405948908393296,2200526268.839518
2021-10-20,141.74362182617188,142.4149932861328,144.2477569580078,141.91200256347656,144.22250366210938,17940000,-0.009831257912878755,0.2418956581506392,2562877021.789551
2021-10-21,142.107421875,142.78050231933594,142.84950256347656,141.63699340820312,142.19200134277344,14850000,0.0025633180226023455,0.24112101241333928,2114971641.5405273
2021-10-22,137.9715118408203,138.625,141.55850219726562,137.17050170898438,140.3509979248047,30182000,-0.029536035772531832,0.2612330368320011,4198859515.2994795
2021-10-25,138.11880493164062,138.7729949951172,139.20579528808594,136.74850463867188,138.8105010986328,21082000,0.0010669921822419326,0.26025012525962904,2914426943.8476562
2021-10-26,139.01356506347656,139.6719970703125,140.83949279785156,139.0054931640625,140.6060028076172,28258000,0.006457298661252331,0.2227297857459916,3951570302.174886
2021-10-27,145.73721313476562,146.42750549316406,149.1179962158203,139.90249633789062,139.90249633789062,51850000,0.047233571134296604,0.26774740043571776,7525992899.576822
2021-10-28,145.4401397705078,146.12899780273438,147.42449951171875,144.7635040283203,147.2989959716797,32418000,-0.0020404984410298255,0.26422601645575083,4736453516.51001
2021-10-29,147.571533203125,148.27049255371094,148.61300659179688,145.16650390625,145.52000427246094,28954000,0.01454843764110425,0.25770438930556216,4266371929.4535317
2021-11-01,143.0962371826172,143.7740020751953,148.39950561523438,143.57949829101562,148.1649932861328,32272000,-0.030795637891614547,0.27275814222234357,4687540336.3444
2021-11-02,145.1753692626953,145.86300659179688,146.92050170898438,144.64100646972656,144.8094024658203,21150000,0.014425063627792056,0.2707406886942742,3083842829.13208
2021-11-03,146.09799194335938,146.7899932861328,146.91050720214844,145.05349731445312,146.27499389648438,17886000,0.006335119439231818,0.2703079118258067,2615851334.8999023
2021-11-04,147.9821014404297,148.68299865722656,149.9499969482422,146.63499450683594,147.1999969482422,24700000,0.012813755973865248,0.27011202510795024,3666039785.257975
2021-11-05,148.5374755859375,149.24099731445312,150.5707550048828,148.65199279785156,149.35350036621094,20408000,0.0037459570157469813,0.2699085350839465,3050749370.1171875
2021-11-08,148.64743041992188,149.35150146484375,151.0345001220703,149.1199951171875,150.0,18388000,0.0007399759326904842,0.2666508335684049,2755172089.1316733
2021-11-09,148.54493713378906,149.24850463867188,150.3784942626953,147.5070037841797,149.74600219726562,16876000,-0.0006897437578210486,0.2580431783445793,2515277809.773763
2021-11-10,145.934814453125,146.62600708007812,148.6999969482422,145.3249969482422,148.00975036621094,22708000,-0.01772747376840922,0.26847966531999234,3335434310.0585938
2021-11-11,146.0562286376953,146.7480010986328,148.5022430419922,146.6945037841797,147.10699462890625,12464000,0.0008316295615280467,0.2561803540965479,1836133112.7115886
2021-11-12,148.94004821777344,149.64549255371094,149.8594970703125,146.45399475097656,147.8314971923828,17048000,0.019552188800865622,0.26339833945130553,2534236255.208333
2021-11-15,148.68377685546875,149.38800048828125,150.4770050048828,148.65249633789062,150.0,16248000,-0.001722116336463131,0.2627867248533737,2429170789.916992
2021-11-16,148.3732452392578,149.0760040283203,149.83250427246094,148.35000610351562,149.17050170898438,17254000,-0.0020907213513101652,0.2628013828831339,2572332802.5105796
2021-11-17,148.3592987060547,149.06199645996094,149.62600708007812,148.56300354003906,149.22900390625,15290000,-9.400069859566429e-05,0.25951281653102715,2279489299.418132
2021-11-18,149.99855041503906,150.70899963378906,151.61000061035156,148.99850463867188,149.14599609375,26658000,0.010988604514159839,0.2612595831468073,4010407348.3886724
2021-11-19,149.24560546875,149.95249938964844,151.85000610351562,149.8874969482422,151.0,19766000,-0.005032322406072431,0.23566265586365523,2976034862.7522783
2021-11-22,146.38516235351562,147.07850646972656,150.7445068359375,147.0054931640625,150.14175415039062,24608000,-0.019352061397091447,0.24899685680631584,3648779962.4023438
2021-11-23,146.06517028808594,146.7570037841797,147.69400024414062,144.88949584960938,147.11300659179688,18126000,-0.002188352396387039,0.2492398710572905,2654495300.262451
2021-11-24,146.02586364746094,146.71749877929688,147.0,145.19900512695312,146.35000610351562,16464000,-0.0002691396605545293,0.1885490030158122,2408773773.4375
2021-11-26,142.13278198242188,142.80599975585938,145.2969970703125,142.48550415039062,145.0155029296875,16992000,-0.027022049224253664,0.2106366208370674,2438853269.53125
2021-11-29,145.4252166748047,146.11399841308594,146.86199951171875,144.29849243164062,144.29849243164062,26276000,0.02290027467218092,0.22024248903678895,3829941502.8686523
2021-11-30,141.78045654296875,142.45199584960938,146.6284942626953,142.0659942626953,145.45025634765625,41590000,-0.025382199235769676,0.21155702064000814,5977127428.385416
2021-12-01,140.9503936767578,141.6179962158203,146.4991455078125,141.5,144.21249389648438,28476000,-0.00587176992147409,0.20511746465230038,4077925909.240722
2021-12-02,143.09872436523438,143.77650451660156,144.6750030517578,140.98199462890625,141.82400512695312,21250000,0.0151267616532067,0.21149250552722107,3041820640.563965
2021-12-03,141.8486328125,142.52049255371094,145.21299743652344,141.14999389648438,144.49549865722656,26688000,-0.008774249287442082,0.20681506040858047,3815347472.6562495
2021-12-06,143.11862182617188,143.79649353027344,144.35150146484375,140.64700317382812,143.57400512695312,22198000,0.008913286709416823,0.20941699749075723,3172797123.1180825
2021-12-07,147.33863830566406,148.0364990234375,148.3000030517578,145.70249938964844,145.9499969482422,23258000,0.02905978970531642,0.23518025959416383,3426981032.0231123
2021-12-08,148.0194091796875,148.7205047607422,149.156494140625,147.1999969482422,148.3314971923828,18964000,0.004609808910710278,0.23582381908594355,2813480049.7639976
2021-12-09,147.40782165527344,148.1060028076172,149.60499572753906,147.5290069580078,148.17599487304688,18580000,-0.00414036577718413,0.2276258403427863,2757519767.3543296
2021-12-10,147.97413635253906,148.6750030517578,149.39999389648438,147.3574981689453,149.10000610351562,21634000,0.0038344616236312135,0.22791750452209522,3212162199.7884116
2021-12-13,146.01292419433594,146.70449829101562,148.5625,146.36000061035156,148.44400024414062,24104000,-0.013342364448534205,0.22188198255979083,3548325727.1728516
2021-12-14,144.287109375,144.9705047607422,145.44200134277344,142.24249267578125,144.77000427246094,24778000,-0.01189001000062806,0.22506912704768478,3573441853.251139
2021-12-15,146.67379760742188,147.36849975585938,147.51724243164062,142.70550537109375,144.36599731445312,27280000,0.016405927443993384,0.23340180645795494,3979163077.799479
2021-12-16,144.15570068359375,144.8385009765625,148.55149841308594,144.09249877929688,148.07699584960938,27400000,-0.01731708692459133,0.24045357781334686,3995673483.276367
2021-12-17,142.1298065185547,142.80299377441406,144.46009826660156,141.78799438476562,142.71449279785156,43404000,-0.014153199737429567,0.23981587416191805,6207511118.408203
2021-12-20,141.73019409179688,142.40150451660156,142.61050415039062,140.25,140.67959594726562,20264000,-0.0028155618254688264,0.2396661506325948,2872503114.5426435
2021-12-21,143.54063415527344,144.2205047607422,144.69204711914062,141.73500061035156,143.14999389648438,19548000,0.012692951335793623,0.23704511337574416,2806099452.026367
2021-12-22,146.25628662109375,146.94900512695312,147.30299377441406,143.96299743652344,144.10000610351562,18438000,0.01874231067030596,0.24657172379685421,2693269367.492676
2021-12-23,146.44883728027344,147.1425018310547,148.57260131835938,146.9508514404297,147.08949279785156,13818000,0.001315663247627441,0.24660559433026555,2038919386.8408206
2021-12-27,147.3660125732422,148.06399536132812,148.42649841308594,147.25,147.4635009765625,13256000,0.006243239731181127,0.22646557587320965,1960741328.491211
2021-12-28,145.75762939453125,146.447998046875,148.37449645996094,145.9355010986328,148.37449645996094,18624000,-0.01097420398961546,0.21683346979074541,2736225636.71875
2021-12-29,145.81387329101562,146.50450134277344,147.18374633789062,145.50450134277344,146.42950439453125,17022000,0.0003857983147455002,0.19598101833945397,2491979657.9589844
2021-12-30,145.31422424316406,146.00250244140625,147.0625,145.7584991455078,146.4499969482422,12978000,-0.0034325064647466874,0.19501956871599033,1898350467.86499
2021-12-31,143.99745178222656,144.67950439453125,146.36500549316406,144.67750549316406,145.54400634765625,17298000,-0.009102858008021464,0.19171481725623077,2512373140.686035
