Price,Adj Close,Close,High,Low,Open,Volume,log_ret,sigma20,TurnUSD
Ticker,MSFT,MSFT,MSFT,MSFT,MSFT,MSFT,,,
Date,,,,,,,,,
2005-02-01,18.24326515197754,26.389999389648438,26.43000030517578,26.219999313354492,26.25,57981700,0.004176629083468164,0.11281702222241889,1527624503.4975052
2005-02-02,18.29166030883789,26.459999084472656,26.5,26.280000686645508,26.420000076293945,79329500,0.0026492559957516093,0.11234704722439026,2095356520.614306
2005-02-03,18.098102569580078,26.18000030517578,26.399999618530273,26.100000381469727,26.3700008392334,62545400,-0.01063813277980108,0.11742797215971773,1640357363.6957803
2005-02-04,18.194873809814453,26.31999969482422,26.3700008392334,26.139999389648438,26.170000076293945,61246500,0.005332793241307865,0.11954013066455668,1609353863.442421
2005-02-07,18.08427619934082,26.15999984741211,26.299999237060547,26.059999465942383,26.270000457763672,57763400,-0.006097053159128674,0.12073031461603675,1511860694.7556815
2005-02-08,18.139577865600586,26.239999771118164,26.34000015258789,26.15999984741211,26.190000534057617,61343700,0.003053331052218944,0.11978828576674905,1610067641.319847
2005-02-09,18.022056579589844,26.06999969482422,26.309999465942383,26.040000915527344,26.25,77874800,-0.006499800219815999,0.12117134768750654,2035647273.9804587
2005-02-10,18.015148162841797,26.059999465942383,26.1299991607666,26.0,26.100000381469727,71796400,-0.00038340469978459524,0.12069053820383042,1871253472.4675496
2005-02-11,17.95292091369629,25.969999313354492,26.1200008392334,25.809999465942383,26.030000686645508,83835900,-0.0034601418885262802,0.10219414888140896,2176938859.339714
2005-02-14,17.98057746887207,26.010000228881836,26.1200008392334,25.90999984741211,25.93000030517578,58694000,0.0015393191245873794,0.10065911163709772,1526826604.5786538
2005-02-15,17.980573654174805,25.93000030517578,26.079999923706055,25.860000610351562,26.0,76551600,-2.1215657142192867e-07,0.09655073400448784,1987024385.4148865
2005-02-16,17.883499145507812,25.790000915527344,25.93000030517578,25.670000076293945,25.8700008392334,57506600,-0.005413481412412047,0.0873972330373605,1483478616.1952972
2005-02-17,17.786422729492188,25.649999618530273,25.860000610351562,25.600000381469727,25.709999084472656,67024800,-0.005443054012170823,0.08795871343297876,1722760789.6362305
2005-02-18,17.668535232543945,25.479999542236328,25.649999618530273,25.399999618530273,25.639999389648438,77091100,-0.006650011065622241,0.08639713205533542,1966593929.631551
2005-02-22,17.495176315307617,25.229999542236328,25.489999771118164,25.200000762939453,25.25,96419200,-0.009860183362086605,0.09253469390490532,2440048557.1187334
2005-02-23,17.474374771118164,25.200000762939453,25.350000381469727,25.170000076293945,25.239999771118164,83689400,-0.0011896948057206203,0.0766094157854465,2112320490.0533042
2005-02-24,17.592262268066406,25.3700008392334,25.440000534057617,25.149999618530273,25.18000030517578,85236300,0.006723652509522893,0.0816341372524152,2158183144.1797256
2005-02-25,17.509052276611328,25.25,25.3799991607666,25.149999618530273,25.329999923706055,62467700,-0.004741141373392654,0.08049543682712818,1577934076.5818276
2005-02-28,17.446638107299805,25.15999984741211,25.3700008392334,25.1299991607666,25.219999313354492,82728000,-0.0035710486592313018,0.07928294514082333,2086400155.7922363
2005-03-01,17.529848098754883,25.280000686645508,25.40999984741211,25.1299991607666,25.190000534057617,56394800,0.00475806219918562,0.08019379832338398,1425284572.929891
2005-03-02,17.51598358154297,25.260000228881836,25.479999542236328,25.15999984741211,25.190000534057617,67739000,-0.0007912220809425108,0.07733068204376141,1713796691.386541
2005-03-03,17.453571319580078,25.170000076293945,25.309999465942383,25.139999389648438,25.299999237060547,52183600,-0.0035695237419042236,0.07555797507074341,1315374592.0873005
2005-03-04,17.453571319580078,25.170000076293945,25.299999237060547,25.1299991607666,25.209999084472656,63058200,0.0,0.06957321859304993,1589066607.926941
2005-03-07,17.661598205566406,25.469999313354492,25.790000915527344,25.15999984741211,25.170000076293945,80407400,0.011848401841244804,0.08075835410561537,2048244504.7115326
2005-03-08,17.613059997558594,25.399999618530273,25.6200008392334,25.34000015258789,25.399999618530273,52871800,-0.002752017517073657,0.07916611428336393,1345763560.0901287
2005-03-09,17.550657272338867,25.309999465942383,25.56999969482422,25.280000686645508,25.389999389648438,62991800,-0.0035492715545237807,0.0778551273229507,1599151826.1294045
2005-03-10,17.633867263793945,25.43000030517578,25.479999542236328,25.25,25.43000030517578,59132900,0.00472992872206035,0.07873084522192017,1501187218.3256783
2005-03-11,17.398096084594727,25.09000015258789,25.479999542236328,25.059999465942383,25.450000762939453,60617900,-0.013460549539927147,0.08951599395149083,1528177242.042478
2005-03-14,17.411970138549805,25.110000610351562,25.149999618530273,24.959999084472656,25.079999923706055,65550500,0.000797128887993992,0.08969837946285075,1643569521.6633477
2005-03-15,17.273284912109375,24.90999984741211,25.239999771118164,24.889999389648438,25.100000381469727,71469400,-0.007996825469769764,0.09163404485076705,1787687901.7050426
2005-03-16,17.079124450683594,24.6299991607666,24.969999313354492,24.559999465942383,24.81999969482422,74841400,-0.011304157849344687,0.09672016289217795,1850079356.610489
2005-03-17,17.01671600341797,24.540000915527344,24.68000030517578,24.530000686645508,24.639999389648438,60573200,-0.0036607701191875286,0.0962603096576556,1489091205.17807
2005-03-18,16.857219696044922,24.309999465942383,24.90999984741211,24.280000686645508,24.530000686645508,135904000,-0.009417121617817603,0.09874927539321596,3329648000.0
2005-03-21,16.780948638916016,24.200000762939453,24.360000610351562,24.149999618530273,24.350000381469727,71446200,-0.004534800294425434,0.0979464652308611,1731617757.6206207
2005-03-22,16.635318756103516,23.989999771118164,24.270000457763672,23.959999084472656,24.190000534057617,102113300,-0.008716162285054008,0.09694951550514676,2458207485.294787
2005-03-23,16.76708221435547,24.18000030517578,24.389999389648438,23.959999084472656,23.989999771118164,79293300,0.007889501226415074,0.10339367761309098,1917047650.7354736
2005-03-24,16.836423873901367,24.280000686645508,24.469999313354492,24.200000762939453,24.239999771118164,78820900,0.0041270549439720305,0.10097435556865648,1916661571.711858
2005-03-28,16.780948638916016,24.200000762939453,24.469999313354492,24.18000030517578,24.399999618530273,49802000,-0.003300393885333097,0.10063921350761341,1209358572.9993186
2005-03-29,16.58678436279297,23.920000076293945,24.239999771118164,23.81999969482422,24.139999389648438,74231700,-0.011637977780300623,0.10583681758016204,1781065910.6731415
2005-03-30,16.753206253051758,24.15999984741211,24.190000534057617,24.0,24.040000915527344,59585700,0.009983402480422399,0.11174772626797906,1437008472.5767136
2005-03-31,16.760133743286133,24.170000076293945,24.309999465942383,24.1200008392334,24.25,62382300,0.0004134168861593679,0.11202538695113003,1509651667.9323196
2005-04-01,16.725481033325195,24.1200008392334,24.350000381469727,24.100000381469727,24.239999771118164,64619600,-0.0020697079962386233,0.11191541821177163,1563148158.5105896
2005-04-04,16.801746368408203,24.229999542236328,24.260000228881836,23.940000534057617,24.110000610351562,62196400,0.004549464571689921,0.11409237968404679,1501628423.6602783
2005-04-05,16.968172073364258,24.469999313354492,24.5,24.1200008392334,24.219999313354492,73549600,0.00985652675538029,0.11123984957358142,1791913425.0742595
2005-04-06,17.106863021850586,24.670000076293945,24.940000534057617,24.450000762939453,24.469999313354492,78020200,0.008140371035176841,0.1165709499145719,1926058706.38148
2005-04-07,17.405033111572266,25.100000381469727,25.1299991607666,24.6299991607666,24.65999984741211,77451500,0.01727969438106447,0.13298217246715346,1932673063.1818771
2005-04-08,17.29407501220703,24.940000534057617,25.25,24.90999984741211,25.06999969482422,47956300,-0.006395465679963408,0.13312759899511908,1200506049.4312923
2005-04-11,17.31488037109375,24.969999313354492,25.110000610351562,24.860000610351562,25.030000686645508,47791800,0.0012023108563989915,0.12522879954745098,1193839172.5078583
2005-04-12,17.557580947875977,25.31999969482422,25.350000381469727,24.799999237060547,24.920000076293945,67517800,0.013919550629440725,0.1344854414567193,1698522773.2130687
2005-04-13,17.363426208496094,25.040000915527344,25.450000762939453,24.989999771118164,25.229999542236328,60929300,-0.011119767485322729,0.13735057123093206,1532981217.4407325
2005-04-14,17.22474479675293,24.84000015258789,25.139999389648438,24.829999923706055,25.010000228881836,66754400,-0.00801905107283174,0.13430190981365556,1664632209.449768
2005-04-15,16.96122932434082,24.459999084472656,24.899999618530273,24.40999984741211,24.579999923706055,100251600,-0.015416889443118365,0.14457389967257336,2465186795.5589294
2005-04-18,17.09297752380371,24.649999618530273,24.84000015258789,24.399999618530273,24.450000762939453,75766400,0.007737596554097337,0.14291179189170167,1866126416.5852866
2005-04-19,17.079124450683594,24.6299991607666,24.799999237060547,24.450000762939453,24.709999084472656,65956200,-0.0008107826606242874,0.14177110127444656,1624281333.549118
2005-04-20,16.864158630371094,24.31999969482422,24.700000762939453,24.299999237060547,24.65999984741211,91923500,-0.012666346612310697,0.14574338493455022,2246610330.649058
2005-04-21,17.529848098754883,25.280000686645508,25.389999389648438,24.469999313354492,24.479999542236328,93562300,0.03871445491449732,0.1954804195743621,2343423721.6313677
2005-04-22,17.321826934814453,24.979999542236328,25.25,24.780000686645508,25.049999237060547,80087500,-0.011937654882718807,0.20132433285661364,2002454464.4435246
2005-04-25,17.328758239746094,24.989999771118164,25.280000686645508,24.860000610351562,25.06999969482422,75457900,0.0004000685696459172,0.20063675298483583,1889717369.1992443
2005-04-26,17.16925621032715,24.760000228881836,25.25,24.739999771118164,24.950000762939453,60464300,-0.00924709253722611,0.19881038132079717,1506568808.3333335
2005-04-27,17.328758239746094,24.989999771118164,25.149999618530273,24.6299991607666,24.65999984741211,47732800,0.00924709253722611,0.1984410129475153,1189660462.2690837
2005-04-28,16.954307556152344,24.450000762939453,24.920000076293945,24.440000534057617,24.81999969482422,83623100,-0.021845512719590232,0.21453422961767366,2057407041.9462838
2005-04-29,17.543720245361328,25.299999237060547,25.299999237060547,24.790000915527344,24.8799991607666,98641200,0.034174130455168594,0.24358268766906505,2478853335.9313965
2005-05-02,17.495176315307617,25.229999542236328,25.360000610351562,24.950000762939453,25.229999542236328,54376700,-0.0027708612928694087,0.2440804353132733,1369205322.594452
2005-05-03,17.5853214263916,25.360000610351562,25.399999618530273,25.09000015258789,25.1299991607666,67867800,0.005139340391529856,0.2427144683774334,1715924218.629837
2005-05-04,17.48130989074707,25.209999084472656,25.399999618530273,25.110000610351562,25.34000015258789,86864200,-0.005932240238891939,0.24295570638272437,2192452388.1183624
2005-05-05,17.495176315307617,25.229999542236328,25.329999923706055,25.079999923706055,25.200000762939453,59362300,0.000792899847362083,0.2356941740619628,1496721445.2560425
2005-05-06,17.488239288330078,25.219999313354492,25.479999542236328,25.190000534057617,25.329999923706055,64322600,-0.0003965894666810854,0.23447098541836633,1627147358.2468667
2005-05-09,17.411970138549805,25.110000610351562,25.329999923706055,25.049999237060547,25.229999542236328,61872400,-0.004370705646027151,0.2350701152270547,1556915820.6128438
2005-05-10,17.266342163085938,24.899999618530273,25.079999923706055,24.81999969482422,25.040000915527344,62235100,-0.00839884191898177,0.23140636272584506,1551728477.506129
2005-05-11,17.273284912109375,24.90999984741211,24.969999313354492,24.639999389648438,24.889999389648438,59463300,0.00040201644921200597,0.22836846786054446,1477068343.2676315
2005-05-12,17.3356990814209,25.0,25.110000610351562,24.829999923706055,24.84000015258789,74540700,0.0036068228403487446,0.22692933154355446,1862026699.2696762
2005-05-13,17.543720245361328,25.299999237060547,25.3799991607666,24.989999771118164,25.030000686645508,77204300,0.011928159034998664,0.22271635206983134,1947349746.5449014
2005-05-16,17.731531143188477,25.489999771118164,25.5,25.190000534057617,25.229999542236328,50577300,0.01064841014966822,0.2239368762286637,1284326243.144989
2005-05-17,17.710668563842773,25.459999084472656,25.5,25.25,25.309999465942383,39983200,-0.0011772735286035285,0.22399499296745684,1015706545.131429
2005-05-18,17.87761878967285,25.700000762939453,25.84000015258789,25.420000076293945,25.5,71182400,0.009382381842443,0.21896667114981583,1826065858.2000732
2005-05-19,18.030649185180664,25.920000076293945,26.049999237060547,25.700000762939453,25.75,52120800,0.008523458835558273,0.17782734149968535,1349407513.3255005
2005-05-20,17.905447006225586,25.739999771118164,25.920000076293945,25.729999542236328,25.8799991607666,64444500,-0.006968073820663889,0.17391610293203688,1662453271.888733
2005-05-23,17.981966018676758,25.850000381469727,26.06999969482422,25.739999771118164,25.739999771118164,75421100,0.004264399239748418,0.17407805667196302,1952400871.4972177
2005-05-24,17.912405014038086,25.75,25.8799991607666,25.719999313354492,25.799999237060547,61287700,-0.0038758774547966723,0.17072330828633703,1580201167.160797
2005-05-25,17.88456916809082,25.709999084472656,25.770000457763672,25.5,25.68000030517578,35749000,-0.001555206952192023,0.16912343197836302,917319334.5451355
2005-05-26,18.016738891601562,25.899999618530273,26.0,25.729999542236328,25.75,50579200,0.007362980780843298,0.1468788766189752,1308821084.5174153
2005-05-27,18.1350040435791,26.06999969482422,26.09000015258789,25.809999465942383,25.829999923706055,54978000,0.006542731512223732,0.09504033358595255,1428878207.4165344
2005-05-31,17.94718360900879,25.799999237060547,26.030000686645508,25.75,25.989999771118164,46131100,-0.010410795087042679,0.10287805035645375,1192950244.8268254
2005-06-01,17.95414161682129,25.809999465942383,26.0,25.610000610351562,25.729999542236328,54621000,0.0003876184433782015,0.10193861321736805,1409585941.3890839
2005-06-02,17.940221786499023,25.790000915527344,25.860000610351562,25.639999389648438,25.709999084472656,27212500,-0.0007755998268397235,0.09901532435532624,701084716.6379292
2005-06-03,17.689800262451172,25.43000030517578,25.809999465942383,25.34000015258789,25.700000762939453,79659500,-0.014057002113754269,0.11239123748467778,2033441501.3074875
2005-06-06,17.6480655670166,25.3700008392334,25.5,25.309999465942383,25.3799991607666,40756900,-0.00236203935121182,0.11280545328877013,1034953551.4793396
2005-06-07,17.74544906616211,25.510000228881836,25.829999923706055,25.309999465942383,25.329999923706055,54511400,0.005502914638599865,0.11265579176224977,1392766263.0685172
2005-06-08,17.668930053710938,25.399999618530273,25.6200008392334,25.34000015258789,25.549999237060547,45369700,-0.004321359483355991,0.10922394256529411,1154810106.5638225
2005-06-09,17.74544906616211,25.510000228881836,25.610000610351562,25.350000381469727,25.399999618530273,52767900,0.004321359483355991,0.10972523426485621,1345053792.4713135
2005-06-10,17.689800262451172,25.43000030517578,25.520000457763672,25.34000015258789,25.489999771118164,39459800,-0.0031408752873880452,0.11045637876340661,1003462726.0421753
2005-06-13,17.606319427490234,25.309999465942383,25.489999771118164,25.260000228881836,25.360000610351562,49104100,-0.004730321143384231,0.10459157681984262,1244952606.5918605
2005-06-14,17.64109992980957,25.360000610351562,25.440000534057617,25.239999771118164,25.309999465942383,44243300,0.0019735069540924854,0.09773073651799666,1121420190.8353171
2005-06-15,17.57154083251953,25.260000228881836,25.40999984741211,25.110000610351562,25.399999618530273,50764800,-0.003950807793021038,0.09852812203840879,1282318859.6191406
2005-06-16,17.418508529663086,25.040000915527344,25.229999542236328,24.950000762939453,25.219999313354492,65918800,-0.008747245654587399,0.09578871370575905,1652804072.1557617
2005-06-17,17.418508529663086,25.040000915527344,25.290000915527344,24.920000076293945,25.270000457763672,90821300,0.0,0.0890781898542035,2278100999.409294
2005-06-20,17.467199325561523,25.110000610351562,25.280000686645508,24.93000030517578,24.979999542236328,50538900,0.002791448447473144,0.08823861110758079,1268863342.9906845
2005-06-21,17.495025634765625,25.149999618530273,25.190000534057617,25.040000915527344,25.079999923706055,81084000,0.001591793148818077,0.08660773273073656,2037370668.8690186
2005-06-22,17.439367294311523,25.06999969482422,25.260000228881836,25.030000686645508,25.110000610351562,60492700,-0.0031864522541384943,0.08638922815383605,1519576636.3072712
2005-06-23,17.606319427490234,25.309999465942383,25.6200008392334,25.149999618530273,25.170000076293945,105159800,0.009527757151363225,0.09419544479437157,2666852525.325648
2005-06-24,17.418508529663086,25.040000915527344,25.399999618530273,25.040000915527344,25.219999313354492,57970700,-0.010724546493515952,0.09526500811652502,1458542840.0111518
2005-06-27,17.425451278686523,25.049999237060547,25.25,25.030000686645508,25.06999969482422,61636200,0.000398505172976904,0.0908451701023724,1547684980.4325104
2005-06-28,17.439367294311523,25.06999969482422,25.200000762939453,25.030000686645508,25.09000015258789,53058100,0.0007982841691758225,0.08590558234265158,1331758330.240059
2005-06-29,17.453283309936523,25.09000015258789,25.31999969482422,25.0,25.219999313354492,55859900,0.0007976474198345684,0.08602683142795828,1404131683.4921517
2005-06-30,17.27937889099121,24.84000015258789,25.139999389648438,24.81999969482422,25.059999465942383,82018200,-0.010013967325134043,0.09095850077988639,2044987099.141693
2005-07-01,17.18895149230957,24.709999084472656,24.989999771118164,24.670000076293945,24.850000381469727,69718400,-0.005246996598838205,0.08061210182436547,1728319111.1775718
2005-07-05,17.37676429748535,24.979999542236328,25.190000534057617,24.6200008392334,24.65999984741211,61883500,0.01086710627440235,0.09101917133962253,1542755673.8853455
2005-07-06,17.18199348449707,24.700000762939453,25.079999923706055,24.690000534057617,24.969999313354492,64214600,-0.011271983586460088,0.0948637508793406,1594020446.7956543
2005-07-07,17.1472110748291,24.649999618530273,24.709999084472656,24.5,24.579999923706055,80082900,-0.0020264041661754995,0.0943692933119425,1971640963.377571
2005-07-08,17.453283309936523,25.09000015258789,25.1200008392334,24.6299991607666,24.639999389648438,56104000,0.017692245402205486,0.11404641328014734,1399607789.5202637
2005-07-11,17.5924129486084,25.290000915527344,25.3799991607666,25.110000610351562,25.149999618530273,61525400,0.007939940389246392,0.11760549282456517,1554131618.0820465
2005-07-12,17.81501579284668,25.610000610351562,25.6200008392334,25.200000762939453,25.239999771118164,63384800,0.01257395891302382,0.1243903151997649,1614833468.0801392
2005-07-13,17.849794387817383,25.65999984741211,25.75,25.479999542236328,25.530000686645508,44749200,0.001950303720581914,0.12438708743216244,1146921986.895752
2005-07-14,18.06543731689453,25.969999313354492,26.100000381469727,25.790000915527344,25.790000915527344,69506800,0.012008583002449669,0.12921113734926826,1803933163.474528
2005-07-15,17.940221786499023,25.790000915527344,26.100000381469727,25.75,26.040000915527344,56472800,-0.006955353036634637,0.1275789110726054,1461516088.4150186
2005-07-18,17.773271560668945,25.549999237060547,25.790000915527344,25.549999237060547,25.709999084472656,39668000,-0.00934948818024628,0.13292995004483776,1016690831.9295248
2005-07-19,18.197603225708008,26.15999984741211,26.25,25.75,25.790000915527344,113290100,0.023594163460486595,0.15422482416187544,2951584732.904434
2005-07-20,18.21847152709961,26.190000534057617,26.229999542236328,25.8799991607666,26.0,71424800,0.001146103956429112,0.15424915164700137,1864187261.835734
2005-07-21,18.392379760742188,26.440000534057617,26.479999542236328,26.0,26.299999237060547,112932100,0.009500436923929989,0.15509028455474788,2970867113.538678
2005-07-22,17.863710403442383,25.68000030517578,26.34000015258789,25.6299991607666,25.989999771118164,97558900,-0.029165132171615316,0.18782327997939713,2525149515.9280777
2005-07-25,17.87065887451172,25.690000534057617,25.899999618530273,25.649999618530273,25.690000534057617,45174600,0.0003888956932671661,0.18316454097402726,1163095364.5534515
2005-07-26,17.766313552856445,25.540000915527344,25.739999771118164,25.530000686645508,25.719999313354492,51476400,-0.005856031685157692,0.1848151889788696,1317967451.5640259
2005-07-27,17.891529083251953,25.719999313354492,25.799999237060547,25.530000686645508,25.610000610351562,57977300,0.007023198030468247,0.18599399639601302,1489050306.922277
2005-07-28,17.912405014038086,25.75,25.850000381469727,25.65999984741211,25.75,44738700,0.0011661251020673724,0.18598632817542812,1152170657.413292
2005-07-29,17.81501579284668,25.610000610351562,26.0,25.59000015258789,25.780000686645508,59524400,-0.00545180481602614,0.18313798012111915,1531761241.8045044
2005-08-01,18.030649185180664,25.920000076293945,26.049999237060547,25.760000228881836,25.809999465942383,61346800,0.012031356851738284,0.18483459972794233,1589495578.6392212
2005-08-02,18.649768829345703,26.809999465942383,26.899999618530273,25.8700008392334,25.899999618530273,137510100,0.033760708402978956,0.21290357512017516,3647684582.5029373
2005-08-03,18.955852508544922,27.25,27.43000030517578,26.729999542236328,26.760000228881836,139422400,0.01627897254472721,0.21007992723870494,3783459187.5752764
2005-08-04,19.004526138305664,27.31999969482422,27.5,27.049999237060547,27.15999984741211,91461400,0.0025644452542605833,0.20876563925400116,2495981573.4362288
2005-08-05,19.31061553955078,27.760000228881836,27.940000534057617,27.25,27.290000915527344,82212400,0.015977804054260858,0.20754772790065024,2273172880.907695
2005-08-08,18.872365951538086,27.1299991607666,27.84000015258789,27.079999923706055,27.799999237060547,77207200,-0.022956239496530362,0.22859833771034638,2111616900.3651936
2005-08-09,19.025402069091797,27.350000381469727,27.510000228881836,27.010000228881836,27.219999313354492,64761800,0.008076304087675457,0.2268748517668209,1767349540.116755
2005-08-10,18.747142791748047,26.950000762939453,27.5,26.850000381469727,27.40999984741211,62818800,-0.014733680883424416,0.23529974041515922,1702389503.9634705
2005-08-11,18.969757080078125,27.270000457763672,27.299999237060547,26.889999389648438,26.979999542236328,48646800,0.011804622022082878,0.23519640540347034,1320922761.1541748
2005-08-12,18.816713333129883,27.049999237060547,27.139999389648438,26.899999618530273,27.079999923706055,52006500,-0.008100496402176915,0.23580551094028637,1405735664.5803452
2005-08-15,18.928342819213867,27.1299991607666,27.299999237060547,26.690000534057617,26.979999542236328,45976600,0.005914936838003371,0.23211946599318967,1243207247.6305645
2005-08-16,18.6562442779541,26.739999771118164,27.139999389648438,26.700000762939453,27.030000686645508,46894600,-0.014479514939035987,0.22718766392215978,1259588954.8074086
2005-08-17,18.80275535583496,26.950000762939453,27.149999618530273,26.65999984741211,26.81999969482422,52413100,0.007822516693901438,0.22832264026092391,1410960655.9988022
2005-08-18,18.712060928344727,26.81999969482422,27.079999923706055,26.799999237060547,26.889999389648438,40861900,-0.004835135190055073,0.22744069384316845,1099185094.4124222
2005-08-19,18.642290115356445,26.719999313354492,26.90999984741211,26.700000762939453,26.850000381469727,36043500,-0.0037356234107024378,0.2005690753442313,965124784.0833664
2005-08-22,18.774845123291016,26.90999984741211,27.170000076293945,26.770000457763672,26.790000915527344,41691700,0.007085286547173997,0.20117251584676019,1123591320.3013737
2005-08-23,18.7469482421875,26.8700008392334,27.06999969482422,26.739999771118164,26.84000015258789,48296700,-0.001486969770979396,0.19945527417561437,1298859256.9129944
2005-08-24,18.7050838470459,26.809999465942383,27.15999984741211,26.780000686645508,26.84000015258789,63645000,-0.0022356283620870165,0.19949099958630317,1713111250.0
2005-08-25,18.85857391357422,27.030000686645508,27.09000015258789,26.850000381469727,26.899999618530273,39306300,0.008172309617062723,0.20049328626672644,1060877052.9937744
2005-08-26,18.816713333129883,26.969999313354492,27.079999923706055,26.8700008392334,27.059999465942383,36774600,-0.002222178023281618,0.19917138748352606,991933544.9352264
2005-08-29,18.942293167114258,27.149999618530273,27.229999542236328,26.809999465942383,26.809999465942383,52307700,0.0066516737935922166,0.19686391834644937,1415620697.0554352
2005-08-30,18.96323013305664,27.18000030517578,27.229999542236328,26.959999084472656,27.059999465942383,55163200,0.0011046922057125208,0.16052152238725195,1496209841.6931152
2005-08-31,19.102773666381836,27.3799991607666,27.440000534057617,27.040000915527344,27.170000076293945,65210200,0.007331694660788202,0.15245612189495553,1779369003.9337158
2005-09-01,18.9771785736084,27.200000762939453,27.389999389648438,27.149999618530273,27.3799991607666,75974500,-0.006596413115034672,0.15409255282593703,2070051870.8702724
2005-09-02,18.851600646972656,27.020000457763672,27.270000457763672,26.969999313354492,27.209999084472656,52047500,-0.0066393042818808645,0.14394431850881712,1409793287.3042426
2005-09-06,18.837642669677734,27.0,27.290000915527344,26.979999542236328,27.059999465942383,46089000,-0.0007406876182569633,0.1202052097253468,1248551017.0326233
2005-09-07,18.73299217224121,26.850000381469727,27.110000610351562,26.81999969482422,26.940000534057617,44656100,-0.005570881009946849,0.11776872146479235,1202439929.5543036
2005-09-08,18.565542221069336,26.610000610351562,26.8799991607666,26.520000457763672,26.799999237060547,52552300,-0.008978962787863587,0.11064142883145722,1401569845.0094223
2005-09-09,18.54461097717285,26.579999923706055,26.81999969482422,26.530000686645508,26.6200008392334,41515800,-0.001128060345334081,0.10118187764062964,1106119302.2232056
2005-09-12,18.565542221069336,26.610000610351562,26.75,26.520000457763672,26.6200008392334,40550500,0.001128060345334081,0.0981678793434962,1079724661.1042023
2005-09-13,18.47484588623047,26.479999542236328,26.760000228881836,26.3700008392334,26.540000915527344,63422900,-0.00489716877882973,0.09613303049782211,1683032369.2367554
2005-09-14,18.356233596801758,26.309999465942383,26.639999389648438,26.299999237060547,26.520000457763672,54969600,-0.006440902691319916,0.08560091117952387,1452113565.0512695
2005-09-15,18.32833480834961,26.270000457763672,26.43000030517578,26.219999313354492,26.3700008392334,60357200,-0.0015210097893270103,0.07962281037998017,1587796742.8682961
2005-09-16,18.188793182373047,26.06999969482422,26.399999618530273,25.969999313354492,26.34000015258789,187384300,-0.007642567357251107,0.08176680386990821,4899474744.888942
2005-09-19,18.13995361328125,26.0,26.270000457763672,25.860000610351562,26.09000015258789,61832300,-0.0026887576821730264,0.08147263769461048,1610319221.6813407
2005-09-20,18.028329849243164,25.84000015258789,26.219999313354492,25.690000534057617,26.06999969482422,61043400,-0.0061724863749828,0.07693029794424074,1582041450.0
2005-09-21,17.784128189086914,25.489999771118164,25.899999618530273,25.43000030517578,25.799999237060547,68281800,-0.01363801640854323,0.08671644709388289,1748469285.054016
2005-09-22,17.67948341369629,25.34000015258789,25.600000381469727,25.149999618530273,25.489999771118164,71314900,-0.00590154664892939,0.08742767583482221,1808783583.9605968
2005-09-23,17.63064193725586,25.270000457763672,25.540000915527344,25.1200008392334,25.309999465942383,66396800,-0.002766430710976042,0.07775547023080057,1680503056.9681802
2005-09-26,17.63064193725586,25.270000457763672,25.489999771118164,25.209999084472656,25.399999618530273,56203700,0.0,0.07854362210945195,1423265016.8026605
2005-09-27,17.67948341369629,25.34000015258789,25.450000762939453,25.299999237060547,25.3700008392334,48797900,0.002766430710976042,0.07334719211053323,1237677406.1486564
2005-09-28,17.909717559814453,25.670000076293945,25.8700008392334,25.3799991607666,25.389999389648438,71019400,0.012938607876710417,0.09172932776039068,1820937417.8061168
2005-09-29,18.098094940185547,25.940000534057617,26.0,25.5,25.610000610351562,66807100,0.010463234831959767,0.09662176482347806,1724513953.2262802
2005-09-30,17.95157814025879,25.729999542236328,25.950000762939453,25.610000610351562,25.90999984741211,57644500,-0.008128651061919623,0.09754109918246917,1485114485.9250386
2005-10-03,17.791107177734375,25.5,25.729999542236328,25.440000534057617,25.709999084472656,55341300,-0.008979294045534658,0.09903284019620291,1414339158.407402
2005-10-04,17.42830467224121,24.979999542236328,25.389999389648438,24.75,25.360000610351562,151666300,-0.02060314583177103,0.11598099491524401,3797724098.000972
2005-10-05,17.21202278137207,24.670000076293945,25.049999237060547,24.670000076293945,25.040000915527344,73684700,-0.012487451319302512,0.11965588968551663,1827134929.3421426
2005-10-06,17.25388526916504,24.729999542236328,24.950000762939453,24.530000686645508,24.65999984741211,81724600,0.0024292125608713633,0.12046263988190112,2021594215.6853993
2005-10-07,17.156221389770508,24.59000015258789,24.84000015258789,24.520000457763672,24.770000457763672,50768700,-0.005676480030107012,0.12028413117234557,1251448467.911148
2005-10-10,17.065505981445312,24.459999084472656,24.68000030517578,24.350000381469727,24.670000076293945,48880900,-0.005301638916240137,0.11895338252551438,1197419109.93735
2005-10-11,17.03063201904297,24.40999984741211,24.549999237060547,24.25,24.510000228881836,76567300,-0.0020456260801697823,0.11915549643776378,1868497320.9668477
2005-10-12,16.953874588012695,24.299999237060547,24.700000762939453,24.270000457763672,24.489999771118164,71294400,-0.004517209117583576,0.11885867913055506,1741246906.878662
2005-10-13,17.156221389770508,24.59000015258789,24.729999542236328,24.270000457763672,24.309999465942383,70192000,0.011864474113993495,0.13076456719261165,1721809763.5701497
2005-10-14,17.21202278137207,24.670000076293945,24.729999542236328,24.5,24.709999084472656,53846700,0.0032472674692356485,0.13163726994509115,1326423703.153038
2005-10-17,17.11435317993164,24.530000686645508,24.690000534057617,24.440000534057617,24.68000030517578,46924400,-0.0056906598660408925,0.13202597317689738,1152150462.1136985
2005-10-18,17.142261505126953,24.56999969482422,24.829999923706055,24.450000762939453,24.489999771118164,69328200,0.001629368904443318,0.13235568068767653,1706629198.8155365
2005-10-19,17.50506019592285,25.09000015258789,25.09000015258789,24.5,24.559999465942383,66574500,0.020943145596394874,0.14880719790344812,1657261226.7723083
2005-10-20,17.29575538635254,24.790000915527344,25.1299991607666,24.739999771118164,25.049999237060547,58830600,-0.01202887517558704,0.15291215222073912,1464097529.007721
2005-10-21,17.28877067565918,24.780000686645508,25.0,24.56999969482422,24.90999984741211,69431200,-0.0004039211510837859,0.1528056196104979,1720736582.161967
2005-10-24,17.51203155517578,25.100000381469727,25.100000381469727,24.68000030517578,24.889999389648438,51868000,0.012830965277684125,0.16011493422781703,1294625298.4670002
2005-10-25,17.463191986083984,25.030000686645508,25.1299991607666,24.829999923706055,24.950000762939453,41310500,-0.0027928113613953087,0.1599121218148623,1032624795.1815923
2005-10-26,17.519010543823242,25.110000610351562,25.329999923706055,24.93000030517578,24.969999313354492,58178100,0.003191257329406394,0.15290465472943449,1461627815.2750015
2005-10-27,17.33761215209961,24.850000381469727,25.270000457763672,24.850000381469727,25.219999313354492,61566100,-0.010408353725774422,0.15003633861073457,1538536864.0513103
2005-10-28,17.81204605102539,25.530000686645508,25.600000381469727,25.100000381469727,25.100000381469727,106559300,0.026996718470933434,0.17884116363803484,2707671864.4889197
2005-10-31,17.930648803710938,25.700000762939453,25.799999237060547,25.5,25.610000610351562,75122100,0.006636499484453662,0.17754746033436555,1928133900.0
2005-11-01,18.112041473388672,25.959999084472656,26.100000381469727,25.610000610351562,25.610000610351562,71370400,0.010065519513608567,0.1629620674852542,1847779657.8150432
2005-11-02,18.460887908935547,26.459999084472656,26.5,25.93000030517578,25.93000030517578,75067100,0.019077335146108876,0.16437572837131945,1974014491.0608926
2005-11-03,18.446935653686523,26.440000534057617,26.639999389648438,26.25,26.600000381469727,73421600,-0.0007560595324713759,0.16500594976180685,1941511840.799459
2005-11-04,18.600425720214844,26.65999984741211,26.709999084472656,26.450000762939453,26.530000686645508,57464000,0.008286201179709352,0.16244071505304677,1528925487.487793
2005-11-07,18.844621658325195,27.010000228881836,27.079999923706055,26.700000762939453,26.719999313354492,77104800,0.013043081375029963,0.16154309634752176,2076432287.5305176
2005-11-08,18.872526168823242,27.049999237060547,27.18000030517578,26.770000457763672,26.940000534057617,60091700,0.0014796726262109594,0.16007095347557218,1622475900.0
2005-11-09,18.809734344482422,26.959999084472656,27.149999618530273,26.940000534057617,26.979999542236328,59562100,-0.0033327025292027024,0.159221229737068,1609169386.5192413
2005-11-10,18.90043830871582,27.09000015258789,27.149999618530273,26.639999389648438,26.940000534057617,73314800,0.0048105926211787775,0.15735707367466978,1976566987.4905906
2005-11-11,19.033000946044922,27.280000686645508,27.389999389648438,27.1299991607666,27.149999618530273,51945600,0.006989251677117281,0.15741204566176334,1416383346.7895508
2005-11-14,19.095787048339844,27.3700008392334,27.440000534057617,27.200000762939453,27.360000610351562,67152200,0.0032933729261954703,0.15270211278540122,1835717355.1508584
2005-11-15,19.242733001708984,27.5,27.540000915527344,27.25,27.329999923706055,65081000,0.007665745718235417,0.1522127764021602,1785171849.861145
2005-11-16,19.410669326782227,27.739999771118164,27.8799991607666,27.440000534057617,27.479999542236328,86277000,0.0086893971362616,0.14242041695714566,2388722524.641037
2005-11-17,19.571611404418945,27.969999313354492,28.0,27.760000228881836,27.850000381469727,91351000,0.008257238368956088,0.1281367379628245,2549606396.0609436
2005-11-18,19.641582489013672,28.06999969482422,28.25,27.899999618530273,28.1200008392334,75431200,0.0035687559165733518,0.12628822204149145,2117605204.0685017
2005-11-21,19.704559326171875,28.15999984741211,28.239999771118164,27.84000015258789,28.06999969482422,65794400,0.0032011723656983904,0.12447154780449533,1847506746.9802856
2005-11-22,19.529621124267578,27.90999984741211,28.079999923706055,27.860000610351562,28.059999465942383,104253300,-0.008917701821741897,0.13146721823577956,2913879748.2564926
2005-11-23,19.536623001098633,27.920000076293945,28.09000015258789,27.739999771118164,27.920000076293945,70541300,0.00035846173917120083,0.13248039577390835,1969277958.3333335
2005-11-25,19.42466163635254,27.760000228881836,27.940000534057617,27.469999313354492,27.799999237060547,44082500,-0.005747329636494047,0.12628694764890183,1222113842.7877426
2005-11-28,19.417665481567383,27.75,27.850000381469727,27.530000686645508,27.790000915527344,57517200,-0.00036023355859082784,0.10106126835449042,1593801632.4783325
2005-11-29,19.368688583374023,27.68000030517578,27.790000915527344,27.600000381469727,27.790000915527344,62220400,-0.0025254719297724826,0.10335504888365762,1722882909.2292786
2005-11-30,19.368688583374023,27.68000030517578,27.770000457763672,27.6299991607666,27.68000030517578,55904700,0.0,0.1015888036384989,1548187490.57827
2005-12-01,19.515636444091797,27.889999389648438,28.100000381469727,27.729999542236328,27.729999542236328,61006100,0.007558241536713695,0.08569948610797411,1702476883.3701453
2005-12-02,19.5996036529541,28.010000228881836,28.100000381469727,27.790000915527344,27.81999969482422,42319600,0.00429333107159291,0.08485217912510357,1183538168.1915283
2005-12-05,19.487638473510742,27.850000381469727,28.020000457763672,27.709999084472656,27.93000030517578,47517300,-0.005729004124649162,0.0877206080242028,1323831976.7915726
2005-12-06,19.375682830810547,27.690000534057617,27.920000076293945,27.68000030517578,27.899999618530273,65980000,-0.005761522620363557,0.08277006743773026,1831824753.4688313
2005-12-07,19.417665481567383,27.75,27.75,27.549999237060547,27.670000076293945,55583200,0.0021644260664785975,0.08281335369581651,1538728239.1977947
2005-12-08,19.375682830810547,27.690000534057617,27.809999465942383,27.600000381469727,27.709999084472656,63931600,-0.0021644260664785975,0.08206311523113329,1770905328.1293232
2005-12-09,19.389677047729492,27.709999084472656,27.829999923706055,27.639999389648438,27.709999084472656,48467000,0.0007219960072961662,0.08118818461494644,1343828327.449163
2005-12-12,19.207746505737305,27.450000762939453,27.75,27.329999923706055,27.700000762939453,63757200,-0.009427152001664663,0.08634014241323135,1753960586.592865
2005-12-13,18.983835220336914,27.1299991607666,27.43000030517578,27.0,27.290000915527344,104285500,-0.011725822332035118,0.09529550534952488,2835175108.101845
2005-12-14,18.955848693847656,27.09000015258789,27.239999771118164,26.850000381469727,27.0,65076200,-0.0014753170653056813,0.09081778788741857,1760961978.6198936
2005-12-15,18.83688735961914,26.920000076293945,27.110000610351562,26.809999465942383,27.079999923706055,79018100,-0.0062954810660076355,0.08585337664179436,2129274405.3524017
2005-12-16,18.822895050048828,26.899999618530273,27.079999923706055,26.809999465942383,26.8799991607666,88542500,-0.0007430903376959286,0.07827741948721809,2384449495.727221
2005-12-19,18.77391242980957,26.829999923706055,26.8700008392334,26.649999618530273,26.81999969482422,68680100,-0.0026056812392787343,0.07566340902351862,1839482020.3997931
2005-12-20,18.79490089416504,26.860000610351562,26.8799991607666,26.670000076293945,26.760000228881836,62960600,0.0011173345486343855,0.07409588181115602,1687553945.464325
2005-12-21,18.70393943786621,26.729999542236328,26.90999984741211,26.709999084472656,26.8700008392334,75800900,-0.00485143721258785,0.07082712116108365,2030200733.1123352
2005-12-22,18.605976104736328,26.59000015258789,26.780000686645508,26.420000076293945,26.709999084472656,91276900,-0.0052513417320643185,0.07097296042633285,2427661311.5221663
2005-12-23,18.64095687866211,26.639999389648438,26.670000076293945,26.440000534057617,26.520000457763672,30689200,0.001878317563808185,0.07139847267097811,815821233.3333333
2005-12-27,18.51500701904297,26.459999084472656,26.850000381469727,26.450000762939453,26.68000030517578,37819000,-0.0067795491661848395,0.0729120992139213,1005481149.5520275
2005-12-28,18.466022491455078,26.389999389648438,26.65999984741211,26.350000381469727,26.510000228881836,35444400,-0.0026491721233572463,0.07291646307949315,938095115.4930115
2005-12-29,18.382055282592773,26.270000457763672,26.5,26.260000228881836,26.40999984741211,34495500,-0.004557488980311053,0.07274184601302905,908726462.8953934
2005-12-30,18.298095703125,26.149999618530273,26.309999465942383,26.100000381469727,26.149999618530273,49044600,-0.004577937867945359,0.06279619582270017,1284314583.2691193
2006-01-03,18.78091049194336,26.84000015258789,27.0,26.100000381469727,26.25,79973000,0.026043960109777053,0.11715351022654975,2131013887.570063
2006-01-04,18.871870040893555,26.969999313354492,27.079999923706055,26.770000457763672,26.770000457763672,57975600,0.004831501132454896,0.11875612188243626,1561862658.102417
2006-01-05,18.885868072509766,26.989999771118164,27.1299991607666,26.90999984741211,26.959999084472656,48245500,0.0007414656151003562,0.11801748721053197,1303110935.3688557
2006-01-06,18.829893112182617,26.90999984741211,27.0,26.489999771118164,26.889999389648438,100963000,-0.002968255162635991,0.11746456459848992,2705808387.161891
2006-01-09,18.79490089416504,26.860000610351562,27.06999969482422,26.760000228881836,26.93000030517578,55625000,-0.0018600621760538338,0.11744879538556847,1496127093.2356515
2006-01-10,18.892868041992188,27.0,27.020000457763672,26.59000015258789,26.649999618530273,64921900,0.0051988945618828275,0.11952930274815361,1744451466.2083943
2006-01-11,19.095787048339844,27.290000915527344,27.389999389648438,26.899999618530273,27.010000228881836,70120700,0.010683238762583702,0.12250900022815919,1906815566.8834052
2006-01-12,18.990819931030273,27.139999389648438,27.260000228881836,26.969999313354492,27.25,45994800,-0.005512036455771252,0.1169627472601434,1247532275.6240845
2006-01-13,19.02581787109375,27.190000534057617,27.25,27.010000228881836,27.030000686645508,41418000,0.0018411912243538886,0.11699190853984219,1124498710.533142
2006-01-17,18.885868072509766,26.989999771118164,27.190000534057617,26.899999618530273,26.899999618530273,58566600,-0.0073829707543593415,0.11780847708666468,1582859974.5105743
2006-01-18,18.77391242980957,26.829999923706055,26.979999542236328,26.700000762939453,26.739999771118164,52376200,-0.00594565188732421,0.11965479806796563,1405602624.6626537
2006-01-19,18.906864166259766,27.020000457763672,27.239999771118164,26.850000381469727,26.8700008392334,60367600,0.007056770066209417,0.12178703377771245,1632138690.9484863
2006-01-20,18.480018615722656,26.40999984741211,27.010000228881836,26.260000228881836,27.010000228881836,79165900,-0.02283496597312684,0.1457325439129669,2102646312.0531719
2006-01-23,18.438037872314453,26.350000381469727,26.530000686645508,26.299999237060547,26.40999984741211,47925600,-0.002274267147108766,0.14511121751514947,1264916340.8752441
2006-01-24,18.389053344726562,26.280000686645508,26.450000762939453,26.219999313354492,26.34000015258789,63040700,-0.0026602457515552125,0.1443658064727302,1659021104.3654122
2006-01-25,18.4730224609375,26.399999618530273,26.56999969482422,26.229999542236328,26.40999984741211,59072100,0.004555861796351035,0.14523637310424134,1559503417.4657822
2006-01-26,18.542997360229492,26.5,26.719999313354492,26.309999465942383,26.559999465942383,69509300,0.0037807945308099278,0.14403036667324906,1842691514.7165933
2006-01-27,19.445667266845703,27.790000915527344,27.950000762939453,27.190000534057617,27.229999542236328,134520700,0.0475320656333067,0.21781072264695078,3718600649.5434446
2006-01-30,19.592601776123047,28.0,28.18000030517578,27.780000686645508,27.81999969482422,103999200,0.0075277519593432984,0.21682863873816297,2910590978.3828735
2006-01-31,19.697568893432617,28.149999618530273,28.3799991607666,27.8700008392334,27.90999984741211,94841300,0.005343187125525617,0.21506058729050798,2668201894.6069717
2006-02-01,19.620590209960938,28.040000915527344,28.06999969482422,27.760000228881836,27.959999084472656,68448800,-0.00391568596210945,0.20028577082200003,1913600304.4815063
2006-02-02,19.368688583374023,27.68000030517578,27.989999771118164,27.549999237060547,27.969999313354492,55073400,-0.012921764106248013,0.20664931905328135,1527736103.394699
2006-02-03,19.270721435546875,27.540000915527344,27.700000762939453,27.34000015258789,27.479999542236328,75022700,-0.005070851635807561,0.20782209980811203,2065124901.1235557
2006-02-06,19.011823654174805,27.170000076293945,27.540000915527344,27.09000015258789,27.510000228881836,60170500,-0.013525836792102286,0.21350009708542622,1640648989.619891
2006-02-07,18.850881576538086,26.940000534057617,27.149999618530273,26.809999465942383,26.950000762939453,72159500,-0.0085014024211989,0.21564327720787313,1945901174.1577783
2006-02-08,18.829893112182617,26.90999984741211,27.079999923706055,26.709999084472656,27.010000228881836,51795200,-0.0011140145976007432,0.21488520219890708,1393290860.2416992
2006-02-09,18.65496063232422,26.65999984741211,27.030000686645508,26.649999618530273,26.959999084472656,52861700,-0.00933356981961131,0.21330404277385653,1415636328.688685
2006-02-10,18.675949096679688,26.690000534057617,26.889999389648438,26.510000228881836,26.6200008392334,52127000,0.001124455134863478,0.2128362711170781,1391617145.9846497
2006-02-13,18.466022491455078,26.389999389648438,26.700000762939453,26.34000015258789,26.6299991607666,46707000,-0.011304130161692072,0.21559417922485957,1236645674.7512817
2006-02-14,18.647958755493164,26.649999618530273,26.68000030517578,26.350000381469727,26.40999984741211,58432900,0.009804268649622916,0.21786657470737225,1551977829.944102
2006-02-15,18.87262725830078,26.8799991607666,26.93000030517578,26.5,26.600000381469727,62808900,0.011975889071540013,0.22115936042142145,1681394241.8188095
2006-02-16,18.823486328125,26.809999465942383,26.899999618530273,26.56999969482422,26.850000381469727,48868500,-0.0026072161470818145,0.2199424423228801,1307721040.1153564
2006-02-17,18.746252059936523,26.700000762939453,26.809999465942383,26.559999465942383,26.670000076293945,41513200,-0.00411152061757214,0.20469732773022936,1107987303.7770588
2006-02-21,18.63392448425293,26.540000915527344,26.719999313354492,26.34000015258789,26.719999313354492,50216100,-0.006010025857446255,0.2057898897327027,1332400526.3853073
2006-02-22,18.760295867919922,26.719999313354492,26.860000610351562,26.469999313354492,26.530000686645508,43043100,0.006758898223238496,0.20652989025663201,1148533374.0535736
2006-02-23,18.718177795410156,26.65999984741211,26.889999389648438,26.540000915527344,26.729999542236328,47359100,-0.0022475883419694753,0.20639500577789466,1264330108.7421417
2006-02-24,18.69710922241211,26.6299991607666,26.739999771118164,26.520000457763672,26.59000015258789,44753800,-0.001126201448879982,0.20615797998062402,1191793684.8948162
2006-02-27,18.991989135742188,27.049999237060547,27.260000228881836,26.670000076293945,26.75,51301500,0.015648340949297346,0.12965878450737262,1384798482.1720123
2006-02-28,18.865615844726562,26.8700008392334,27.299999237060547,26.8700008392334,26.950000762939453,65036100,-0.006676268109345962,0.12692284396956993,1756841867.8474426
2006-03-01,19.0551815032959,27.139999389648438,27.200000762939453,26.950000762939453,26.979999542236328,53061200,0.00999806179856666,0.131214750397306,1437781665.5263267
2006-03-02,18.935819625854492,26.969999313354492,27.100000381469727,26.899999618530273,27.020000457763672,41850300,-0.006283712807996444,0.1319817045514995,1129539587.4212265
2006-03-03,18.90774154663086,26.93000030517578,27.15999984741211,26.739999771118164,26.809999465942383,45218800,-0.001483902862518871,0.12558906274887444,1218345200.1833599
2006-03-06,18.893695831298828,26.90999984741211,27.149999618530273,26.829999923706055,26.920000076293945,53054100,-0.0007431313173622556,0.12480032864462817,1430515372.2061157
2006-03-07,18.99901580810547,27.059999465942383,27.100000381469727,26.809999465942383,26.899999618530273,51613900,0.005558865726811302,0.1179194381710863,1393059149.1865158
2006-03-08,19.13240623474121,27.25,27.5,26.969999313354492,26.989999771118164,57547400,0.006996380601797636,0.11607303930793585,1567591162.8284454
2006-03-09,18.956893920898438,27.0,27.420000076293945,27.0,27.270000457763672,45360700,-0.009215898184156135,0.12098529112953264,1231089399.1535823
2006-03-10,19.07623863220215,27.170000076293945,27.219999313354492,26.8799991607666,27.059999465942383,41297200,0.006275849240074294,0.11726185622220515,1118741128.0454
2006-03-13,19.03412628173828,27.110000610351562,27.290000915527344,26.940000534057617,27.18000030517578,40342600,-0.002210021746019919,0.11782517419360693,1093822389.0343983
2006-03-14,19.118371963500977,27.229999542236328,27.3799991607666,26.989999771118164,27.040000915527344,39821800,0.004416267482373559,0.10948272154364365,1083152939.7455852
2006-03-15,19.209651947021484,27.360000610351562,27.450000762939453,27.010000228881836,27.200000762939453,57152000,0.004763102648186024,0.1061398864855165,1558725577.1891274
2006-03-16,19.146459579467773,27.270000457763672,27.479999542236328,27.219999313354492,27.34000015258789,73793700,-0.0032950381158847186,0.10009722433175225,2016289846.1099625
2006-03-17,19.30794334411621,27.5,27.65999984741211,27.270000457763672,27.350000381469727,120615000,0.008398763294449996,0.10269625613617654,3314098162.2695923
2006-03-20,19.581762313842773,27.889999389648438,27.989999771118164,27.670000076293945,27.700000762939453,67094100,0.014082055394101456,0.109731940131655,1868570667.937088
2006-03-21,19.476442337036133,27.739999771118164,28.219999313354492,27.68000030517578,27.739999771118164,73199600,-0.005392988900095652,0.10917098022601682,2040804833.1075034
2006-03-22,19.06220054626465,27.149999618530273,27.5,26.799999237060547,27.079999923706055,145696100,-0.02149830477039627,0.1350465627561209,3955649059.4213486
2006-03-23,18.851566314697266,26.850000381469727,27.100000381469727,26.65999984741211,27.079999923706055,73682900,-0.011111341136001762,0.14091963961803441,1979859537.9908242
2006-03-24,18.963909149169922,27.010000228881836,27.209999084472656,26.6200008392334,26.709999084472656,69157600,0.005941650268817433,0.1421002326699011,1863566798.184204
2006-03-27,18.963909149169922,27.010000228881836,27.299999237060547,27.0,27.010000228881836,59908600,0.0,0.13127148198451988,1623722744.668452
2006-03-28,18.886682510375977,26.899999618530273,27.209999084472656,26.809999465942383,27.010000228881836,58520500,-0.004080609711433869,0.1299268626405912,1578492917.6152546
2006-03-29,18.970932006835938,27.020000457763672,27.200000762939453,26.920000076293945,26.950000762939453,53150300,0.004450868688787413,0.1259345129693827,1437538470.3119278
2006-03-30,19.118371963500977,27.229999542236328,27.389999389648438,27.0,27.030000686645508,54612000,0.007741842339469951,0.12677366450441488,1485810460.5560303
2006-03-31,19.104328155517578,27.209999084472656,27.540000915527344,27.209999084472656,27.299999237060547,62190500,-0.0007348412629997192,0.12665390737378238,1699044441.0209656
2006-04-03,19.35006332397461,27.559999465942383,27.729999542236328,27.440000534057617,27.670000076293945,57605300,0.012780777644794128,0.13342025215064124,1588562147.5434623
2006-04-04,19.406240463256836,27.639999389648438,27.799999237060547,27.469999313354492,27.600000381469727,45470000,0.0028989956799891914,0.13263874493763306,1256639202.1115623
2006-04-05,19.476442337036133,27.739999771118164,27.940000534057617,27.639999389648438,27.8799991607666,41539300,0.0036109622589735046,0.13123951320726848,1153684821.1077373
2006-04-06,19.35006332397461,27.559999465942383,27.719999313354492,27.3700008392334,27.65999984741211,51885500,-0.006509957938962696,0.12892735198140326,1429445518.4024177
2006-04-07,19.13240623474121,27.25,27.719999313354492,27.229999542236328,27.610000610351562,47249400,-0.011312133174066208,0.13415804935880188,1294633541.9757843
2006-04-10,19.160493850708008,27.290000915527344,27.440000534057617,27.200000762939453,27.229999542236328,39432000,0.0014669884464897365,0.13394707176027204,1076887949.081421
2006-04-11,19.048158645629883,27.1299991607666,27.31999969482422,27.0,27.290000915527344,42953400,-0.005880109420814961,0.1347248489041664,1166184793.6145782
2006-04-12,19.097307205200195,27.200000762939453,27.200000762939453,26.969999313354492,27.100000381469727,32183000,0.0025769032135984915,0.13392329941874387,872910245.6696829
2006-04-13,19.006032943725586,27.06999969482422,27.200000762939453,27.0,27.079999923706055,28160000,-0.004790888971923479,0.1344447343380885,762854404.296875
2006-04-17,18.84454917907715,26.84000015258789,27.049999237060547,26.729999542236328,27.030000686645508,35796200,-0.008532748262437106,0.1332903573575201,961963201.9218445
2006-04-18,19.11134147644043,27.219999313354492,27.5,26.81999969482422,26.940000534057617,56272700,0.01405824954626489,0.13325595500949314,1529491967.395846
2006-04-19,18.977949142456055,27.030000686645508,27.190000534057617,26.959999084472656,27.110000610351562,45111100,-0.007004219672182899,0.13400682636585978,1220706370.5889385
2006-04-20,18.977949142456055,27.030000686645508,27.190000534057617,26.700000762939453,27.049999237060547,45648300,0.0,0.11200695622516872,1231286842.1833038
2006-04-21,19.06220054626465,27.149999618530273,27.389999389648438,27.0,27.049999237060547,58528000,0.004429611463637961,0.10569649552892134,1590791020.6502278
2006-04-24,19.03412628173828,27.110000610351562,27.25,26.979999542236328,27.06999969482422,42318400,-0.0014738570327343936,0.10403593064224217,1147392887.4857585
2006-04-25,19.03412628173828,27.110000610351562,27.209999084472656,27.020000457763672,27.09000015258789,49222500,0.0,0.10403593064224217,1334586052.5035858
2006-04-26,19.0270938873291,27.100000381469727,27.229999542236328,27.0,27.079999923706055,39190000,-0.0003695306907118834,0.10290495664185113,1062440899.0033467
2006-04-27,19.13240623474121,27.25,27.6299991607666,26.940000534057617,26.969999313354492,96509600,0.0055196013808136435,0.1035036183799906,2632138480.8492026
2006-04-28,16.955875396728516,24.149999618530273,24.5,24.0,24.229999542236328,591052200,-0.12076915401398125,0.4297663213310505,14313314034.843826
2006-05-01,17.054183959960938,24.290000915527344,25.0,24.09000015258789,24.31999969482422,174800900,0.0057811623323345,0.4313608274538686,4275630076.2358346
2006-05-02,16.857589721679688,24.010000228881836,25.0,23.899999618530273,24.489999771118164,190533500,-0.01159458319935247,0.42643523993549615,4630599151.975632
2006-05-03,16.2678165435791,23.170000076293945,24.020000457763672,23.149999618530273,23.989999771118164,211527100,-0.03561227312511406,0.43599916876464984,4959605415.425491
2006-05-04,16.45738983154297,23.440000534057617,23.670000076293945,23.139999389648438,23.350000381469727,171257400,0.011585895371794663,0.43972133387480294,4010277450.0
2006-05-05,16.710140228271484,23.799999237060547,23.950000762939453,23.520000457763672,23.65999984741211,131604300,0.01524112823061996,0.44728712511934704,3126479507.0812225
2006-05-08,16.66098403930664,23.729999542236328,25.0,23.510000228881836,23.850000381469727,80693500,-0.0029460334703363955,0.44728612635724946,1943099473.8435745
2006-05-09,16.58377456665039,23.6200008392334,24.0,23.489999771118164,23.75,75345900,-0.004644919362436717,0.44634170984824967,1785948998.3291626
2006-05-10,16.689085006713867,23.770000457763672,23.790000915527344,23.59000015258789,23.670000076293945,76563300,0.006330131709006093,0.44879639845751657,1815826303.9421082
2006-05-11,16.302921295166016,23.219999313354492,23.790000915527344,23.149999618530273,23.709999084472656,92916700,-0.023410601008769127,0.4510934236243843,2173011885.9406786
2006-05-12,16.2678165435791,23.170000076293945,23.3700008392334,23.049999237060547,23.139999389648438,83115900,-0.0021556014698784765,0.45141505650911135,1928011831.2274933
2006-05-15,16.317148208618164,23.149999618530273,23.229999542236328,23.030000686645508,23.100000381469727,67314800,0.0030278813007087457,0.4529410063482158,1557440085.9095254
2006-05-16,16.21847152709961,23.010000228881836,24.0,22.90999984741211,23.15999984741211,82095100,-0.006065781741774412,0.4463433016398888,1913363132.754453
2006-05-17,16.0211181640625,22.729999542236328,23.079999923706055,22.729999542236328,22.889999389648438,98598300,-0.012243073195174592,0.44653346466280824,2252642461.4027023
2006-05-18,16.091609954833984,22.829999923706055,23.139999389648438,22.760000228881836,22.84000015258789,95476400,0.004390278131163772,0.44783899326209725,2187364309.4314575
2006-05-19,15.901302337646484,22.559999465942383,22.899999618530273,22.520000457763672,22.790000915527344,100071200,-0.01189700144202055,0.44557165877457744,2267613376.7303467
2006-05-22,16.12684440612793,22.8799991607666,23.020000457763672,22.450000762939453,22.479999542236328,87322300,0.0140842240161283,0.45211483429891486,1989493079.436938
2006-05-23,16.063419342041016,22.790000915527344,23.3799991607666,22.770000457763672,23.110000610351562,79986300,-0.003940641596389849,0.4514097105750321,1838085188.2390976
2006-05-24,16.563852310180664,23.5,23.540000915527344,22.979999542236328,22.989999771118164,107356700,0.0306781530101925,0.47080615316461427,2505705394.3813324
2006-05-25,16.733015060424805,23.739999771118164,23.920000076293945,23.540000915527344,23.56999969482422,83052700,0.010160968225429556,0.47262318164042844,1971117434.4547272
2006-05-26,16.71892547607422,23.719999313354492,23.8799991607666,23.559999465942383,23.770000457763672,46861600,-0.0008423777489610096,0.22537905379576625,1111557119.8226929
2006-05-30,16.317148208618164,23.149999618530273,23.760000228881836,23.139999389648438,23.549999237060547,52497500,-0.024324747658593715,0.23817029327801642,1225816611.6491952
2006-05-31,15.964728355407715,22.649999618530273,23.350000381469727,22.649999618530273,23.260000228881836,120202000,-0.021834781133150738,0.24576874009562075,2750622418.0488586
2006-06-01,16.084558486938477,22.81999969482422,22.84000015258789,22.6200008392334,22.739999771118164,80230800,0.00747790055473585,0.21659168429103695,1826053026.3633728
2006-06-02,16.042264938354492,22.760000228881836,22.989999771118164,22.670000076293945,22.8700008392334,73935600,-0.002632913466513287,0.21207930476349524,1686224585.8802795
2006-06-05,15.859010696411133,22.5,22.729999542236328,22.489999771118164,22.719999313354492,63914100,-0.011488961117170238,0.20592067265147507,1442754269.3712234
2006-06-06,15.598217964172363,22.1299991607666,22.559999465942383,21.979999542236328,22.549999237060547,126601300,-0.016581162321170684,0.2115251080915528,2813502813.0620317
2006-06-07,15.534777641296387,22.040000915527344,22.389999389648438,22.010000228881836,22.149999618530273,73827500,-0.004075445324178695,0.21148851086898268,1635033046.476046
2006-06-08,15.584121704101562,22.110000610351562,22.209999084472656,21.969999313354492,22.030000686645508,104126900,0.003171327084111386,0.2099591951217591,2300857365.9082413
2006-06-09,15.45019245147705,21.920000076293945,22.190000534057617,21.889999389648438,22.149999618530273,52573800,-0.00863109675200091,0.19812635390759467,1156623600.0
2006-06-12,15.302175521850586,21.709999084472656,22.100000381469727,21.700000762939453,21.959999084472656,74309700,-0.009626450411617249,0.199555150701543,1622676154.6693802
2006-06-13,15.161211013793945,21.510000228881836,22.030000686645508,21.459999084472656,21.729999542236328,113175300,-0.009254750060642358,0.19935859918333443,2452131500.0
2006-06-14,15.4219970703125,21.8799991607666,21.940000534057617,21.549999237060547,21.59000015258789,86081500,0.01705461224248994,0.2115391355898525,1875715854.3516796
2006-06-15,15.555925369262695,22.06999969482422,22.1299991607666,21.799999237060547,22.010000228881836,121577300,0.008646747286124246,0.21178459768533303,2674700522.703234
2006-06-16,15.577073097229004,22.100000381469727,22.280000686645508,21.790000915527344,21.969999313354492,147506500,0.0013585412430896504,0.2109852145195288,3253501799.200058
2006-06-19,15.89425277709961,22.549999237060547,22.600000381469727,22.1200008392334,22.139999389648438,129640900,0.02015742335189863,0.22026405350639908,2906981134.1149645
2006-06-20,15.901302337646484,22.559999465942383,22.760000228881836,22.5,22.540000915527344,90598500,0.00044343057618867476,0.21422997198554236,2048130080.783844
2006-06-21,16.267822265625,23.079999923706055,23.149999618530273,22.530000686645508,22.610000610351562,91660300,0.022788048687287787,0.22861798501195751,2100854082.993126
2006-06-22,16.12684440612793,22.8799991607666,23.170000076293945,22.780000686645508,23.059999465942383,76590600,-0.008703824671159488,0.2025156288145331,1757243664.0522003
2006-06-23,15.859010696411133,22.5,22.8700008392334,22.5,22.850000381469727,60532600,-0.01674740093042093,0.2046533625246051,1369449204.2669933
2006-06-26,16.084558486938477,22.81999969482422,22.889999389648438,22.6299991607666,22.649999618530273,53644100,0.014121874583683525,0.21273753308462043,1222012566.62248
2006-06-27,16.112756729125977,22.860000610351562,23.15999984741211,22.84000015258789,22.889999389648438,84759100,0.0017515901066769146,0.19668026262189683,1945503892.5776165
2006-06-28,16.324207305908203,23.15999984741211,23.25,22.90999984741211,22.959999084472656,71906500,0.013037815242160189,0.18602557207238915,1661519519.3519592
2006-06-29,16.542707443237305,23.469999313354492,23.6299991607666,23.219999313354492,23.31999969482422,121395500,0.013296249924604542,0.1895888171879432,2845510430.469831
2006-06-30,16.42288589477539,23.299999237060547,23.649999618530273,23.299999237060547,23.540000915527344,73048800,-0.007269523403184763,0.1915018769187158,1710559353.5568237
2006-07-03,16.70482635498047,23.700000762939453,23.719999313354492,23.450000762939453,23.530000686645508,25711400,0.01702183752191111,0.193147865569988,607388979.8592886
2006-07-05,16.45812225341797,23.350000381469727,23.520000457763672,23.299999237060547,23.479999542236328,53093500,-0.014878571599393542,0.19109659776730675,1241856966.3502376
2006-07-06,16.54975128173828,23.479999542236328,23.610000610351562,23.420000076293945,23.450000762939453,44775200,0.005551964054234304,0.18970417077220722,1052366454.0827433
2006-07-07,16.42288589477539,23.299999237060547,23.549999237060547,23.299999237060547,23.389999389648438,63168800,-0.007695229976751872,0.1933888390006996,1477097058.4726968
2006-07-10,16.563852310180664,23.5,23.65999984741211,23.3799991607666,23.43000030517578,50565100,0.008546905890283174,0.18989590118291666,1188954034.6161525
2006-07-11,16.28191566467285,23.100000381469727,23.3700008392334,22.739999771118164,23.3700008392334,88676300,-0.017167725857874405,0.19807059632129848,2045762270.3170142
2006-07-12,15.957681655883789,22.639999389648438,22.8799991607666,22.6200008392334,22.790000915527344,77379300,-0.020114701657990786,0.20982287971216163,1757541818.257141
2006-07-13,15.68984603881836,22.260000228881836,22.610000610351562,22.25,22.3700008392334,73099500,-0.016926567812070914,0.21315613894971913,1635479500.4491806
2006-07-14,15.710984230041504,22.290000915527344,22.549999237060547,22.229999542236328,22.280000686645508,67499400,0.0013463462102856205,0.21128449049975342,1509061579.133606
2006-07-17,15.844907760620117,22.479999542236328,22.610000610351562,22.260000228881836,22.290000915527344,37053500,0.008488071558047317,0.213083445725516,831851079.7115961
2006-07-18,16.028160095214844,22.739999771118164,22.760000228881836,22.479999542236328,22.59000015258789,65047300,0.011499009424801976,0.2051577959885573,1473971808.0745697
2006-07-19,16.493364334106445,23.399999618530273,23.459999084472656,22.719999313354492,22.81999969482422,82188200,0.02861095725346008,0.22716477365797244,1906218264.3226624
2006-07-20,16.105701446533203,22.850000381469727,23.450000762939453,22.780000686645508,23.440000534057617,76605200,-0.023784802032503105,0.23014668262478397,1763962452.089437
2006-07-21,16.824636459350586,23.8700008392334,24.149999618530273,23.0,24.079999923706055,175483800,0.04367093171043779,0.27381718996344073,4154286518.776703
2006-07-24,16.9162654876709,24.0,24.110000610351562,23.790000915527344,24.010000228881836,59586700,0.005431345831541812,0.26517905173009004,1428094606.9740295
2006-07-25,17.07134437561035,24.219999313354492,24.290000915527344,23.899999618530273,24.0,60075800,0.009125676373420877,0.26314824751049076,1450029556.27772
2006-07-26,17.177066802978516,24.3700008392334,24.530000686645508,24.100000381469727,24.1200008392334,54942100,0.006173878410484779,0.26333348165169634,1336924468.2645798
2006-07-27,16.824636459350586,23.8700008392334,24.600000381469727,23.770000457763672,24.579999923706055,85386800,-0.020730900615447467,0.2731684235958093,2056114191.7729697
2006-07-28,17.092479705810547,24.25,24.280000686645508,24.059999465942383,24.079999923706055,51705800,0.015794315363138356,0.2746591684749851,1251108009.9632263
2006-07-31,16.958566665649414,24.059999465942383,24.420000076293945,24.010000228881836,24.06999969482422,40254400,-0.007865469335882835,0.274910224588746,972680482.2621663
2006-08-01,16.909229278564453,23.989999771118164,24.200000762939453,23.850000381469727,24.020000457763672,49168700,-0.002913530131509745,0.2694210290545194,1180704397.671763
2006-08-02,17.127731323242188,24.299999237060547,24.399999618530273,24.030000686645508,24.1200008392334,46462000,0.01283928073633378,0.26639578560867055,1126393746.2437947
2006-08-03,17.06429100036621,24.209999084472656,24.479999542236328,24.149999618530273,24.190000534057617,43155300,-0.0037108302676385208,0.266764355732682,1047810658.7575912
2006-08-04,17.120683670043945,24.290000915527344,24.489999771118164,24.149999618530273,24.399999618530273,45690400,0.0032992694231963604,0.264677073747431,1110733628.647868
2006-08-07,17.07134437561035,24.219999313354492,24.479999542236328,24.190000534057617,24.280000686645508,36862400,-0.002886013582674707,0.2641127778125613,895633437.8336588
2006-08-08,17.155921936035156,24.34000015258789,24.520000457763672,24.200000762939453,24.389999389648438,58171300,0.004942126070044406,0.25534486934523154,1416665085.9620411
2006-08-09,17.226402282714844,24.440000534057617,24.639999389648438,24.34000015258789,24.489999771118164,44405700,0.004099806921321836,0.24155761976341633,1086755499.1292953
2006-08-10,17.24050521850586,24.459999084472656,24.600000381469727,24.34000015258789,24.3700008392334,31753400,0.0008183465010640489,0.2298687437748218,776899849.2956797
2006-08-11,17.219362258911133,24.43000030517578,24.450000762939453,24.200000762939453,24.43000030517578,30255500,-0.001227106416567203,0.2305150840268427,737023998.4664917
2006-08-14,17.289844512939453,24.530000686645508,24.600000381469727,24.350000381469727,24.520000457763672,47831900,0.004084843357862411,0.23007835840832785,1171562693.778801
2006-08-15,17.417186737060547,24.6200008392334,24.649999618530273,24.440000534057617,24.549999237060547,48994500,0.007338155466879215,0.22889977450118992,1203794881.1979294
2006-08-16,17.473777770996094,24.700000762939453,24.729999542236328,24.469999313354492,24.610000610351562,52373600,0.0032438818678688364,0.21086610651872487,1290136340.007019
2006-08-17,17.473777770996094,24.700000762939453,24.75,24.610000610351562,24.700000762939453,45674800,0.0,0.18774872572425969,1127558583.574931
2006-08-18,18.244882583618164,25.790000915527344,25.799999237060547,24.979999542236328,25.049999237060547,128414800,0.04318329023024692,0.18645608175669093,3277573732.2703047
2006-08-21,18.47834587097168,26.1200008392334,26.1299991607666,25.559999465942383,25.65999984741211,88398300,0.012714918730606595,0.18882281170847046,2292757225.263405
2006-08-22,18.124624252319336,25.6200008392334,26.25,25.6200008392334,26.010000228881836,89312400,-0.01932808344147041,0.20486166726485738,2306939341.9692993
2006-08-23,18.15999412536621,25.670000076293945,25.950000762939453,25.520000457763672,25.649999618530273,44648500,0.0019495800607138847,0.20455646171965572,1148061782.6363246
2006-08-24,18.20951271057129,25.739999771118164,25.860000610351562,25.5,25.81999969482422,35933300,0.0027230842599865746,0.18582429282932514,923485814.5691553
2006-08-25,18.287336349487305,25.850000381469727,26.0,25.690000534057617,25.709999084472656,33115900,0.004264683602660746,0.18078161559229936,855935638.7728374
2006-08-28,18.35807228088379,25.950000762939453,26.0,25.690000534057617,25.84000015258789,34190900,0.003860566542664312,0.17608325859045948,884860506.7818323
2006-08-29,18.280254364013672,25.84000015258789,25.979999542236328,25.6299991607666,25.920000076293945,42711200,-0.00424790327576563,0.17679909428586255,1102660797.0403037
2006-08-30,18.2519588470459,25.799999237060547,25.889999389648438,25.639999389648438,25.850000381469727,30283100,-0.0015490724562741143,0.17462546259331357,780597354.3097178
2006-08-31,18.181215286254883,25.700000762939453,25.979999542236328,25.68000030517578,25.8700008392334,26380500,-0.0038834744094122797,0.17471228542342848,680265165.3671265
2006-09-01,18.280254364013672,25.84000015258789,25.969999313354492,25.639999389648438,25.889999389648438,31594600,0.005432546865686394,0.17488797428043243,815667244.6142833
2006-09-05,18.117549896240234,25.610000610351562,25.959999084472656,25.559999465942383,25.690000534057617,44222400,-0.008940404776469624,0.17878708657899126,1136957891.6290283
2006-09-06,18.117549896240234,25.610000610351562,25.719999313354492,25.510000228881836,25.510000228881836,50160400,0.0,0.17891917183836187,1284775047.8846233
2006-09-07,17.99020767211914,25.43000030517578,25.700000762939453,25.389999389648438,25.479999542236328,51266900,-0.007053484384159425,0.18197585284131174,1307647737.1560416
2006-09-08,18.110477447509766,25.600000381469727,25.790000915527344,25.459999084472656,25.530000686645508,36866800,0.006663043648691858,0.18255176526552294,944404531.3545227
2006-09-11,18.32977867126465,25.90999984741211,25.950000762939453,25.420000076293945,25.43000030517578,55608200,0.012036351809192158,0.1849271214979489,1432467244.727707
2006-09-12,18.34392738342285,25.93000030517578,25.979999542236328,25.719999313354492,25.899999618530273,52248800,0.0007715998399002721,0.1850655824554861,1352024766.7170205
2006-09-13,18.379295349121094,25.979999542236328,26.100000381469727,25.81999969482422,25.81999969482422,37706700,0.001926191330812621,0.18439800084422586,979117305.2053452
2006-09-14,18.626907348632812,26.329999923706055,26.5,25.979999542236328,25.989999771118164,74324500,0.013382388725010408,0.18808226896204555,1952504601.7688115
2006-09-15,18.99477195739746,26.850000381469727,26.940000534057617,26.489999771118164,26.579999923706055,126057700,0.019556614163399377,0.19590373972126887,3373304080.852318
2006-09-18,18.95232391357422,26.790000915527344,27.040000915527344,26.670000076293945,26.739999771118164,49135000,-0.0022372231947622723,0.1357267171041255,1318455864.572525
2006-09-19,19.00184440612793,26.860000610351562,26.940000534057617,26.719999313354492,26.739999771118164,43039100,0.0026094904905908933,0.1299636703296597,1155169450.5672455
2006-09-20,19.22822380065918,27.18000030517578,27.229999542236328,26.989999771118164,27.010000228881836,71676400,0.011843140812518804,0.11064097666282881,1944819644.2192078
2006-09-21,19.0301456451416,26.899999618530273,27.25,26.850000381469727,27.239999771118164,58495100,-0.010354854546170689,0.11985635185515815,1579367700.0
2006-09-22,18.860363006591797,26.65999984741211,26.850000381469727,26.479999542236328,26.829999923706055,47712500,-0.008961810274775939,0.12604418164716805,1272174288.0264916
2006-09-25,19.06551742553711,26.950000762939453,27.190000534057617,26.790000915527344,26.809999465942383,67903900,0.010818808563251903,0.12967529857515578,1831820925.7463455
2006-09-26,19.242372512817383,27.200000762939453,27.31999969482422,26.8799991607666,26.90999984741211,54766500,0.009233416095698832,0.1319159486776028,1485997693.0360794
2006-09-27,19.412160873413086,27.440000534057617,27.469999313354492,27.1200008392334,27.18000030517578,66233900,0.008784969714107582,0.13140512704058277,1811055620.8264031
2006-09-28,19.38387107849121,27.399999618530273,27.520000457763672,27.260000228881836,27.469999313354492,44179700,-0.0014583862582160378,0.1313659048386337,1210229253.1608582
2006-09-29,19.348495483398438,27.350000381469727,27.420000076293945,27.209999084472656,27.350000381469727,34283500,-0.0018266689112724777,0.13019378193001954,936853771.4354198
2006-10-02,19.355567932128906,27.360000610351562,27.489999771118164,27.149999618530273,27.31999969482422,52908100,0.0003654628576468255,0.1302357544576037,1446154733.3333333
2006-10-03,19.362642288208008,27.3700008392334,27.479999542236328,27.209999084472656,27.3700008392334,39386200,0.00036542784997362077,0.12341451946513503,1077343850.3218334
2006-10-04,19.765884399414062,27.940000534057617,27.959999084472656,27.3700008392334,27.389999389648438,82191200,0.020611887116095406,0.13634679796365706,2281353753.8747153
2006-10-05,19.75174331665039,27.920000076293945,28.110000610351562,27.780000686645508,27.920000076293945,81967200,-0.0007156848315323927,0.1313368468500445,2289890381.5216064
2006-10-06,19.71636199951172,27.8700008392334,28.0,27.649999618530273,27.760000228881836,36452200,-0.0017929072770566101,0.13296884162460754,1014829253.5621643
2006-10-09,19.610252380371094,27.719999313354492,27.93000030517578,27.6200008392334,27.799999237060547,33366300,-0.005396339263400662,0.13377925327596016,926137272.0912933
2006-10-10,19.589017868041992,27.690000534057617,27.75,27.440000534057617,27.690000534057617,34598500,-0.0010834137611031025,0.13438689434563658,955841238.9850616
2006-10-11,19.482900619506836,27.540000915527344,27.670000076293945,27.420000076293945,27.459999084472656,37219600,-0.0054319067792913955,0.13769384460053083,1025151862.5849407
2006-10-12,19.963972091674805,28.219999313354492,28.290000915527344,27.540000915527344,27.579999923706055,120174900,0.024392064105576594,0.15269071357927713,3366900160.8430862
2006-10-13,20.07007598876953,28.3700008392334,28.690000534057617,28.309999465942383,28.34000015258789,129751900,0.0053006953140544155,0.14130332509749086,3692306603.9640427
2006-10-16,20.126678466796875,28.450000762939453,28.600000381469727,28.329999923706055,28.479999542236328,49744800,0.0028162729158287547,0.1401313052063361,1415737025.7110596
2006-10-17,20.119604110717773,28.440000534057617,28.510000228881836,28.170000076293945,28.239999771118164,40122600,-0.00035155327145242055,0.1406105210862745,1138411915.2240753
2006-10-18,20.176198959350586,28.520000457763672,28.700000762939453,28.260000228881836,28.5,40630800,0.0028089717307300255,0.13675775038281038,1157706947.6325989
2006-10-19,20.01348876953125,28.290000915527344,28.450000762939453,28.1200008392334,28.350000381469727,44730800,-0.00809715566387581,0.13430438173411507,1265285266.8729148
2006-10-20,20.112529754638672,28.43000030517578,28.489999771118164,28.170000076293945,28.479999542236328,48887800,0.004936507028526105,0.12778412147574106,1386620969.8198955
2006-10-23,20.126678466796875,28.450000762939453,28.690000534057617,28.18000030517578,28.299999237060547,48525000,0.0007032301760721005,0.12496021641538368,1380051025.9151459
2006-10-24,20.006406784057617,28.280000686645508,28.43000030517578,28.1299991607666,28.43000030517578,61409600,-0.005993660444506332,0.1260421041888651,1736663491.1234536
2006-10-25,20.027637481689453,28.309999465942383,28.459999084472656,28.139999389648438,28.280000686645508,40717100,0.0010606322699340254,0.12357083817668917,1152429625.7084527
2006-10-26,20.055938720703125,28.350000381469727,28.40999984741211,28.040000915527344,28.329999923706055,69964200,0.001412111712469688,0.12308531015795668,1977654746.6892242
2006-10-27,20.04886245727539,28.34000015258789,28.790000915527344,28.25,28.489999771118164,89060100,-0.0003528885965429218,0.12265748625661552,2534650477.7088165
2006-10-30,20.183273315429688,28.530000686645508,28.84000015258789,28.31999969482422,28.350000381469727,47296800,0.0066817908446408225,0.12368345208799345,1350954272.4197388
2006-10-31,20.31061363220215,28.709999084472656,28.850000381469727,28.559999465942383,28.65999984741211,61861700,0.0062893807500516985,0.12433687635838948,1775843179.3081918
2006-11-01,20.381357192993164,28.809999465942383,28.989999771118164,28.700000762939453,28.780000686645508,75895900,0.003477031494373062,0.10538437551648723,2188331783.333333
2006-11-02,20.353063583374023,28.770000457763672,28.860000610351562,28.579999923706055,28.709999084472656,58674400,-0.0013891747387093645,0.10559101909346903,1686106694.0648396
2006-11-03,20.32476806640625,28.729999542236328,28.93000030517578,28.610000610351562,28.850000381469727,41124500,-0.0013912010736008007,0.10544224019583977,1182603544.6084342
2006-11-06,20.402572631835938,28.84000015258789,29.049999237060547,28.760000228881836,28.770000457763672,60446200,0.003820758180930195,0.10260902442606686,1745887735.6472015
2006-11-07,20.480390548706055,28.950000762939453,29.06999969482422,28.799999237060547,28.860000610351562,56511200,0.0038068674477487185,0.10216310618439758,1635434122.2513833
2006-11-08,20.501623153686523,28.979999542236328,29.229999542236328,28.65999984741211,28.780000686645508,77403300,0.0010361914880236966,0.09843802595218984,2241341529.441452
2006-11-09,20.699703216552734,29.260000228881836,29.399999618530273,29.0,29.110000610351562,89407500,0.00961530156539725,0.06457309217554333,2612487145.4524994
2006-11-10,20.685556411743164,29.239999771118164,29.290000915527344,29.149999618530273,29.170000076293945,37855100,-0.0006836639657521459,0.06381119541965204,1106378393.184153
2006-11-13,20.763376235961914,29.350000381469727,29.459999084472656,29.15999984741211,29.190000534057617,47271800,0.0037549780264569677,0.06413509024007956,1386166737.8470101
2006-11-14,20.74918556213379,29.229999542236328,29.420000076293945,29.06999969482422,29.280000686645508,63012500,-0.0006836809758885565,0.06426979012727466,1842485485.5775833
2006-11-15,20.67109489440918,29.1200008392334,29.360000610351562,29.110000610351562,29.1299991607666,63943200,-0.003770653379801203,0.06662209203326115,1866928339.906311
2006-11-16,20.919544219970703,29.469999313354492,29.639999389648438,29.1299991607666,29.139999389648438,64328500,0.011947509642147303,0.0674225820556865,1892115567.5264995
2006-11-17,20.869850158691406,29.399999618530273,29.540000915527344,29.280000686645508,29.309999465942383,49356700,-0.0023783108342265713,0.06844271203421097,1451416044.7499592
2006-11-20,21.21768569946289,29.889999389648438,30.0,29.5,29.520000457763672,85703800,0.016529523690465453,0.08500552079197801,2553687543.2301836
2006-11-21,21.238983154296875,29.920000076293945,30.0,29.790000915527344,29.90999984741211,66446600,0.0010032561289112785,0.07930790296097666,1986974850.6343842
2006-11-22,21.238983154296875,29.920000076293945,30.0,29.81999969482422,29.969999313354492,43907200,0.0,0.07971673597607672,1313410705.9834797
2006-11-24,21.125410079956055,29.760000228881836,29.84000015258789,29.639999389648438,29.65999984741211,20456700,-0.005361736012501339,0.08464144706141805,608518634.4392776
2006-11-27,20.926645278930664,29.479999542236328,29.739999771118164,29.329999923706055,29.690000534057617,72722100,-0.00945334441119794,0.0939794724417952,2146513966.5058136
2006-11-28,20.86275863647461,29.389999389648438,29.420000076293945,29.1299991607666,29.34000015258789,52602300,-0.003057554606735735,0.09409292703288812,1541948729.920578
2006-11-29,20.990516662597656,29.56999969482422,29.780000686645508,29.43000030517578,29.440000534057617,58775100,0.00610506212591444,0.09398064873587661,1739351139.4525528
2006-11-30,20.841459274291992,29.360000610351562,29.56999969482422,29.329999923706055,29.420000076293945,53297400,-0.007126511039312167,0.09843290974236382,1568009512.066269
2006-12-01,20.67109489440918,29.1200008392334,29.299999237060547,28.899999618530273,29.229999542236328,72257000,-0.008207894683464723,0.10332512662076443,2103160405.9829712
2006-12-04,20.82016944885254,29.329999923706055,29.520000457763672,29.170000076293945,29.229999542236328,55123400,0.007185859398472161,0.10530150338420384,1617320564.4111633
2006-12-05,20.67818260192871,29.1299991607666,29.399999618530273,29.030000686645508,29.360000610351562,45606000,-0.006843038047382066,0.10838092409787495,1331087111.881256
2006-12-06,20.578813552856445,28.989999771118164,29.1299991607666,28.8700008392334,29.100000381469727,48564100,-0.004817085608879612,0.10933959161292661,1408197015.96152
2006-12-07,20.47943687438965,28.850000381469727,29.06999969482422,28.809999465942383,28.959999084472656,46831100,-0.004840774825583871,0.11068250286659757,1353887093.8541412
2006-12-08,20.869850158691406,29.399999618530273,29.399999618530273,28.799999237060547,28.81999969482422,108854900,0.01888423789129412,0.1246497403210827,3178563024.633535
2006-12-11,20.969236373901367,29.540000915527344,29.75,29.110000610351562,29.190000534057617,107712000,0.004750887764680023,0.12546473829393903,3173913654.7851562
2006-12-12,20.891145706176758,29.43000030517578,29.6299991607666,29.219999313354492,29.559999465942383,68529400,-0.003731010298149151,0.1258265077543875,2016591782.7819824
2006-12-13,20.976329803466797,29.549999237060547,29.600000381469727,29.31999969482422,29.600000381469727,46002500,0.004069231010348062,0.12642819580525602,1356613714.4708633
2006-12-14,21.345462799072266,30.06999969482422,30.079999923706055,29.520000457763672,29.540000915527344,85866500,0.01744455203037365,0.13807493306554677,2566549687.183698
2006-12-15,21.430641174316406,30.190000534057617,30.229999542236328,30.030000686645508,30.139999389648438,102783700,0.003982526687245969,0.13322229784081177,3098928581.139247
2006-12-18,21.21768569946289,29.889999389648438,30.260000228881836,29.780000686645508,30.190000534057617,56986800,-0.0099866635040331,0.13830575342415344,1708274313.796997
2006-12-19,21.288667678833008,29.989999771118164,30.170000076293945,29.530000686645508,29.709999084472656,53822100,0.0033398322702007377,0.12645748480952376,1609101392.5813675
2006-12-20,21.359649658203125,30.09000015258789,30.239999771118164,29.969999313354492,29.989999771118164,31202100,0.003328714910424857,0.12690639361508238,939183202.0648956
2006-12-21,21.281572341918945,29.979999542236328,30.139999389648438,29.889999389648438,30.1299991607666,32270500,-0.003662062196054805,0.12763972575359617,968222550.2783458
2006-12-22,21.04021453857422,29.639999389648438,29.860000610351562,29.6200008392334,29.829999923706055,37971700,-0.011405965474093449,0.13251838648565314,1128012645.2890396
2006-12-26,21.288667678833008,29.989999771118164,30.0,29.399999618530273,29.530000686645508,37098300,0.011739312759723397,0.13415101137788454,1105405671.4523315
2006-12-27,21.309959411621094,30.020000457763672,30.1299991607666,29.90999984741211,29.989999771118164,31248400,0.0009996441676829448,0.13339130857128975,938076962.4371846
2006-12-28,21.281572341918945,29.979999542236328,30.030000686645508,29.809999465942383,29.860000610351562,26690600,-0.0013329914533128928,0.13232505053434718,799116561.2848917
2006-12-29,21.19638442993164,29.860000610351562,30.149999618530273,29.829999923706055,29.860000610351562,41739800,-0.0040109286164682345,0.1304320875167305,1249967879.4563293
2007-01-03,21.19638442993164,29.860000610351562,30.25,29.399999618530273,29.90999984741211,76935100,0.0,0.126279817899813,2295486939.5363493
2007-01-04,21.160886764526367,29.809999465942383,29.969999313354492,29.440000534057617,29.700000762939453,45774500,-0.0016761076771314443,0.12474813499060113,1361333619.5230484
2007-01-05,21.04021453857422,29.639999389648438,29.75,29.450000762939453,29.6299991607666,44607200,-0.00571892918049377,0.1239370210650771,1320967884.9355063
2007-01-08,21.246082305908203,29.93000030517578,30.100000381469727,29.530000686645508,29.649999618530273,50220200,0.009736931780922387,0.12574124333286452,1499240393.6556497
2007-01-09,21.267372131347656,29.959999084472656,30.18000030517578,29.729999542236328,30.0,44636600,0.0010015571541268642,0.12357926708627781,1337163731.440989
2007-01-10,21.05441665649414,29.65999984741211,29.889999389648438,29.43000030517578,29.799999237060547,55017400,-0.010063717922423887,0.11359437448227769,1631816075.605011
2007-01-11,21.79266929626465,30.700000762939453,30.75,29.649999618530273,29.760000228881836,99464300,0.03446328689934264,0.16339744379973659,3020399255.980873
2007-01-12,22.154705047607422,31.209999084472656,31.389999389648438,30.639999389648438,30.649999618530273,103972500,0.01647624900316158,0.16942805596923238,3231465225.9635925
2007-01-16,22.119199752807617,31.15999984741211,31.450000762939453,31.030000686645508,31.260000228881836,62379600,-0.001603892973580212,0.1700856690811587,1947075274.9687195
2007-01-17,22.076616287231445,31.100000381469727,31.440000534057617,31.010000228881836,31.260000228881836,58519600,-0.0019270366550214746,0.16186433692142418,1824836215.656789
2007-01-18,22.005624771118164,31.0,31.3700008392334,30.799999237060547,31.149999618530273,56364300,-0.0032208697099349592,0.1624928624450325,1750487278.4334183
2007-01-19,22.083717346191406,31.110000610351562,31.110000610351562,30.690000534057617,30.729999542236328,75826900,0.0035424732141162707,0.15728559745515258,2348359137.352689
2007-01-22,21.806873321533203,30.719999313354492,31.1200008392334,30.510000228881836,31.059999465942383,56143900,-0.012615355228337677,0.16506768753223242,1728296395.4723995
2007-01-23,21.821067810058594,30.739999771118164,30.959999084472656,30.520000457763672,30.6299991607666,49171200,0.0006507063435989835,0.1648929919113072,1511522676.7456055
2007-01-24,22.06951141357422,31.09000015258789,31.299999237060547,30.649999618530273,30.780000686645508,58527800,0.011321165565107982,0.16760290166844027,1815142151.3169608
2007-01-25,21.615205764770508,30.450000762939453,31.479999542236328,30.450000762939453,31.079999923706055,97378700,-0.02080004437861893,0.17965950209878756,2998614803.3372245
2007-01-26,21.721677780151367,30.600000381469727,31.229999542236328,30.600000381469727,31.219999313354492,96103700,0.004913700335470672,0.1762040212077934,2960955006.776174
2007-01-29,21.67198944091797,30.530000686645508,30.780000686645508,30.34000015258789,30.649999618530273,57605900,-0.00229012038538956,0.1765729186367192,1759860274.2998757
2007-01-30,21.636497497558594,30.479999542236328,30.639999389648438,30.139999389648438,30.56999969482422,61900400,-0.0016390298444419749,0.17662359112352988,1883010133.3674111
2007-01-31,21.906240463256836,30.860000610351562,31.100000381469727,30.350000381469727,30.40999984741211,73968400,0.012389961175368835,0.18004489745474872,2276007701.8600464
2007-02-01,21.69328498840332,30.559999465942383,30.940000534057617,30.3700008392334,30.84000015258789,55355800,-0.00976878377265944,0.18429300254719622,1695179130.8188121
2007-02-02,21.430641174316406,30.190000534057617,30.84000015258789,30.1299991607666,30.81999969482422,60401700,-0.012181036607252338,0.18982955569175555,1835406320.9278107
2007-02-05,21.01892852783203,29.610000610351562,30.020000457763672,29.40999984741211,29.969999313354492,99102100,-0.019398338299366547,0.20115896615506154,2941350358.243561
2007-02-06,20.947940826416016,29.510000228881836,29.75,29.219999313354492,29.59000015258789,79281100,-0.003383038583174347,0.19821548959174284,2338263897.235997
2007-02-07,20.84855079650879,29.3700008392334,29.700000762939453,29.25,29.639999389648438,65145500,-0.004755911962336601,0.19859086733679546,1917883554.7914505
2007-02-08,20.770475387573242,29.260000228881836,29.799999237060547,29.200000762939453,29.239999771118164,48749000,-0.0037519138568127275,0.19614452367728144,1434195583.7192535
2007-02-09,20.57171630859375,28.979999542236328,29.399999618530273,28.93000030517578,29.350000381469727,69823100,-0.00961538816350993,0.15064601136647252,2032084941.236814
2007-02-12,20.543319702148438,28.940000534057617,29.09000015258789,28.829999923706055,28.889999389648438,52774400,-0.0013813248736105344,0.13341505015570645,1527994805.403646
2007-02-13,20.66440773010254,29.010000228881836,29.200000762939453,28.959999084472656,29.040000915527344,50348100,0.005876974248232969,0.13740044519886926,1462947960.2804184
2007-02-14,20.942216873168945,29.399999618530273,29.690000534057617,29.149999618530273,29.170000076293945,55588600,0.01335428068660871,0.14913739449734273,1635046017.0922596
2007-02-15,20.984952926635742,29.459999084472656,29.649999618530273,29.219999313354492,29.579999923706055,63858100,0.0020385858845792804,0.1499858953120444,1880195282.1094513
2007-02-16,20.472084045410156,28.739999771118164,28.940000534057617,28.649999618530273,28.90999984741211,109340300,-0.02474344935946604,0.16689862344227413,3146449363.5526657
2007-02-20,20.536190032958984,28.829999923706055,28.860000610351562,28.469999313354492,28.6299991607666,53978200,0.0031264929436316535,0.16528758575748204,1550253901.2545269
2007-02-21,20.906600952148438,29.350000381469727,29.389999389648438,28.739999771118164,28.75,68604900,0.01787624696025647,0.1801588736179208,2000518873.531723
2007-02-22,20.935091018676758,29.389999389648438,29.540000915527344,29.15999984741211,29.309999465942383,57754400,0.0013618030050555063,0.17397110272732605,1695861701.6042075
2007-02-23,20.586057662963867,28.899999618530273,29.280000686645508,28.889999389648438,29.219999313354492,63787100,-0.016812712964370036,0.16920806545105466,1851314259.1779075
2007-02-26,20.707155227661133,29.06999969482422,29.09000015258789,28.81999969482422,28.959999084472656,63481900,0.005865269538515516,0.16976020163217598,1840551877.646764
2007-02-27,19.852359771728516,27.8700008392334,28.969999313354492,27.790000915527344,28.709999084472656,87143300,-0.0421564234602636,0.21849666064757667,2458312524.026362
2007-02-28,20.066068649291992,28.170000076293945,28.25,27.920000076293945,27.950000762939453,86333300,0.010707381416947381,0.22454340660001865,2427116845.0578055
2007-03-01,20.00907325744629,28.09000015258789,28.329999923706055,27.729999542236328,27.81999969482422,80175700,-0.002844428119874731,0.21678292518472375,2248928374.805133
2007-03-02,19.774009704589844,27.760000228881836,28.15999984741211,27.760000228881836,28.020000457763672,63254700,-0.011817399302343823,0.21752140658310487,1764384438.4346008
2007-03-05,19.624425888061523,27.549999237060547,27.90999984741211,27.40999984741211,27.489999771118164,56454300,-0.007593425121025454,0.21608962198787557,1559455926.9001007
2007-03-06,19.823877334594727,27.829999923706055,27.940000534057617,27.649999618530273,27.799999237060547,49361800,0.010112128016375621,0.2143992229999911,1372587119.922002
2007-03-07,19.66716766357422,27.610000610351562,27.899999618530273,27.549999237060547,27.760000228881836,52044700,-0.007936507813253169,0.21509896451488297,1440944251.4017105
2007-03-08,19.46058464050293,27.31999969482422,27.850000381469727,26.600000381469727,27.719999313354492,72175200,-0.010559509834286995,0.21657549413399324,1967255379.0130615
2007-03-09,19.439220428466797,27.290000915527344,27.479999542236328,27.030000686645508,27.420000076293945,80125000,-0.0010984226859904744,0.21672258897362576,2184741697.231929
2007-03-12,19.54606819152832,27.440000534057617,27.479999542236328,27.1299991607666,27.18000030517578,36516400,0.005481453870195274,0.21748276234339206,998723530.7133992
2007-03-13,19.033199310302734,26.719999313354492,27.399999618530273,26.709999084472656,27.25,75169500,-0.026589364203248422,0.2327189243171127,2025316845.2968597
2007-03-14,19.517574310302734,27.399999618530273,27.399999618530273,26.729999542236328,26.81999969482422,75730300,0.025130519894108527,0.25159301572793535,2058097088.8519287
2007-03-15,19.43210220336914,27.280000686645508,27.469999313354492,27.200000762939453,27.31999969482422,51757100,-0.004388855147532844,0.2445810220204387,1413831461.4958444
2007-03-16,19.467710494995117,27.329999923706055,27.479999542236328,27.200000762939453,27.350000381469727,65055300,0.0018307698213271273,0.24452018403587847,1778395055.9633255
2007-03-19,19.823877334594727,27.829999923706055,27.829999923706055,27.200000762939453,27.34000015258789,49412000,0.018129916098680976,0.24313286684893043,1364759450.052897
2007-03-20,19.830991744995117,27.84000015258789,28.15999984741211,27.760000228881836,27.93000030517578,47902400,0.0003588164904764213,0.24264175170130348,1337435011.654663
2007-03-21,20.31537628173828,28.520000457763672,28.520000457763672,27.559999465942383,27.899999618530273,72808200,0.024132097992001444,0.2498740683928737,2053191249.2580414
2007-03-22,20.13729476928711,28.270000457763672,28.549999237060547,28.010000228881836,28.520000457763672,47934900,-0.008804494646034833,0.2509140205750196,1355439187.7809525
2007-03-23,19.959213256835938,28.020000457763672,28.270000457763672,27.799999237060547,28.219999313354492,50519800,-0.008882702865562475,0.24645284357160957,1416069996.5695698
2007-03-26,20.10167694091797,28.219999313354492,28.219999313354492,27.700000762939453,27.940000534057617,47491500,0.007112387365062478,0.24696263438264346,1331978260.3378296
2007-03-27,19.745519638061523,27.719999313354492,28.15999984741211,27.649999618530273,28.040000915527344,58979800,-0.01787662963848069,0.20775317738196172,1642194207.3343914
2007-03-28,19.68853187561035,27.639999389648438,28.0,27.399999618530273,27.579999923706055,46947000,-0.002890283901118451,0.2039929789474256,1299492944.4789886
2007-03-29,19.766889572143555,27.75,27.850000381469727,27.489999771118164,27.84000015258789,42629900,0.003971966167161778,0.2045576602710871,1180706132.5016022
2007-03-30,19.852359771728516,27.8700008392334,27.950000762939453,27.5,27.75,47061000,0.0043145861464153334,0.20100339419780336,1307040865.1332855
2007-04-02,19.759769439697266,27.739999771118164,27.93000030517578,27.559999465942383,27.889999389648438,41977600,-0.0046748560352094515,0.19982818278011952,1164598542.9280598
2007-04-03,19.852359771728516,27.8700008392334,28.059999465942383,27.75,27.860000610351562,39821300,0.0046748560352094515,0.19734921679138018,1110748798.7174988
2007-04-04,20.301118850708008,28.5,28.780000686645508,27.899999618530273,28.010000228881836,63244200,0.02235312007200152,0.20932273572329813,1795713658.4335327
2007-04-05,20.336748123168945,28.549999237060547,28.649999618530273,28.299999237060547,28.31999969482422,30131200,0.0017535015611498395,0.20460228362832827,858739180.8430989
2007-04-09,20.350990295410156,28.56999969482422,28.719999313354492,28.389999389648438,28.579999923706055,31384600,0.0007000719812131351,0.20433118733417438,896344159.2388153
2007-04-10,20.22989273071289,28.399999618530273,28.639999389648438,28.219999313354492,28.5,38643100,-0.005968225189882048,0.20591293983621523,1098236880.3796132
2007-04-11,20.0233211517334,28.110000610351562,28.56999969482422,27.989999771118164,28.299999237060547,44050200,-0.010263696856283033,0.18423916483957245,1243243479.1202545
2007-04-12,20.329618453979492,28.540000915527344,28.6200008392334,28.040000915527344,28.059999465942383,43762100,0.015181208005550229,0.17165057040454557,1242843678.9524713
2007-04-13,20.379486083984375,28.610000610351562,28.700000762939453,28.100000381469727,28.43000030517578,36002900,0.0024499509637494477,0.17004741997740772,1025002584.0588251
2007-04-16,20.4649715423584,28.729999542236328,28.75,28.209999084472656,28.600000381469727,30740100,0.0041859085988043,0.17014674621526854,878039708.928299
2007-04-17,20.550432205200195,28.850000381469727,28.889999389648438,28.559999465942383,28.6299991607666,33170200,0.004167253212650213,0.16057167250873802,954196078.2310486
2007-04-18,20.372365951538086,28.600000381469727,28.670000076293945,28.360000610351562,28.610000610351562,41778400,-0.008702600286669249,0.16460602054687332,1192494812.2080486
2007-04-19,20.436464309692383,28.690000534057617,28.889999389648438,28.260000228881836,28.34000015258789,43648800,0.003141399077418505,0.1425360642960138,1248937666.2200928
2007-04-20,20.671533584594727,29.020000457763672,29.100000381469727,28.700000762939453,28.979999542236328,60311500,0.011436793285874547,0.1434510065329381,1745414842.209816
2007-04-23,20.500577926635742,28.780000686645508,28.989999771118164,28.670000076293945,28.959999084472656,41739100,-0.008304487390726312,0.14294644701870188,1202642608.7636948
2007-04-24,20.507699966430664,28.790000915527344,28.959999084472656,28.59000015258789,28.790000915527344,34236700,0.00034734644966549766,0.14141113843038056,985332227.7413685
2007-04-25,20.650163650512695,28.989999771118164,29.0,28.690000534057617,28.860000610351562,39475000,0.006922820600073543,0.12474783998292333,1140564337.348938
2007-04-26,20.72852325439453,29.100000381469727,29.350000381469727,28.90999984741211,29.09000015258789,68760300,0.0037874424450659028,0.1234200185451887,2002299949.9893188
2007-04-27,21.455089569091797,30.1200008392334,30.739999771118164,30.0,30.170000076293945,128298800,0.03445120639187538,0.16560918624448862,3885743015.435791
2007-04-30,21.326866149902344,29.940000534057617,30.3700008392334,29.940000534057617,30.1299991607666,67788800,-0.005994293667655359,0.16923989395493846,2039313109.765625
2007-05-01,21.6545352935791,30.399999618530273,30.420000076293945,29.899999618530273,29.940000534057617,73539300,0.015247315383314586,0.1710192094220637,2223828415.16819
2007-05-02,21.80412483215332,30.610000610351562,30.690000534057617,30.299999237060547,30.389999389648438,80686700,0.006884249488181116,0.1712056483451841,2463633916.9265113
2007-05-03,22.060564041137695,30.969999313354492,31.0,30.530000686645508,30.600000381469727,82036800,0.011692417619027395,0.16101633745022306,2529468000.0
2007-05-04,21.76850700378418,30.559999465942383,30.700000762939453,30.290000915527344,30.68000030517578,104385900,-0.013327289546734011,0.17193473450683186,3185509754.8200607
2007-05-07,21.875349044799805,30.709999084472656,30.760000228881836,30.479999542236328,30.520000457763672,59889100,0.004896095997072969,0.17171671538255442,1835600892.1541214
2007-05-08,21.903846740722656,30.75,30.940000534057617,30.579999923706055,30.68000030517578,60551700,0.0013018832089803922,0.16841680681296967,1862368462.2394562
2007-05-09,21.925220489501953,30.780000686645508,30.93000030517578,30.56999969482422,30.700000762939453,51735000,0.0009753230823439374,0.1607590568628757,1591368611.8412018
2007-05-10,21.782756805419922,30.579999923706055,30.93000030517578,30.530000686645508,30.68000030517578,55398600,-0.006518910158392011,0.1601854459289136,1699629064.906311
2007-05-11,22.003576278686523,30.889999389648438,30.979999542236328,30.549999237060547,30.56999969482422,43425300,0.010086313686275883,0.16175465103197534,1337788715.4953003
2007-05-14,22.060564041137695,30.969999313354492,30.989999771118164,30.809999465942383,30.84000015258789,70188500,0.0025865837304528405,0.16180541964135214,2170462347.7519355
2007-05-15,22.08199691772461,30.899999618530273,31.09000015258789,30.84000015258789,30.899999618530273,75013900,0.0009710754340295225,0.16208015430049091,2321180110.4256315
2007-05-16,22.203487396240234,31.06999969482422,31.09000015258789,30.809999465942383,31.0,45833600,0.005486709027862524,0.15583022616818892,1420383253.5095215
2007-05-17,22.13917350769043,30.979999542236328,31.139999389648438,30.959999084472656,31.030000686645508,41045600,-0.0029007701538885655,0.15778783983581535,1273508122.1934
2007-05-18,22.031972885131836,30.829999923706055,30.989999771118164,30.579999923706055,30.969999313354492,58453000,-0.004853885026097959,0.1581810864007841,1800352392.5673168
2007-05-21,22.18918800354004,31.049999237060547,31.15999984741211,30.729999542236328,30.729999542236328,41836400,0.007110432092913399,0.1529760861815937,1296091652.848816
2007-05-22,21.931930541992188,30.690000534057617,30.93000030517578,30.65999984741211,30.899999618530273,39999500,-0.011661552808767794,0.16192736576670513,1230384629.155159
2007-05-23,21.853315353393555,30.579999923706055,30.84000015258789,30.56999969482422,30.84000015258789,46322500,-0.00359094811363736,0.16309174159899248,1420402254.799207
2007-05-24,21.560319900512695,30.170000076293945,30.799999237060547,29.959999084472656,30.540000915527344,64046400,-0.013498058835320403,0.17250796697123294,1941246349.7955322
2007-05-25,21.781856536865234,30.479999542236328,30.65999984741211,30.18000030517578,30.280000686645508,47726500,0.010222770698983918,0.1302008691593525,1452794655.1450093
2007-05-29,22.003389358520508,30.790000915527344,30.829999923706055,30.389999389648438,30.489999771118164,42373100,0.010119148927134614,0.1316026965774924,1299582980.232811
2007-05-30,22.23206901550293,31.110000610351562,31.1299991607666,30.510000228881836,30.549999237060547,57376800,0.010339293524154858,0.12615432361503182,1773899400.0
2007-05-31,21.931930541992188,30.690000534057617,31.15999984741211,30.610000610351562,31.1200008392334,85290500,-0.013592206201315626,0.1343894581540577,2628653238.1976447
2007-06-01,21.860464096069336,30.59000015258789,30.899999618530273,30.549999237060547,30.790000915527344,39469400,-0.0032638776644771106,0.12822396993245652,1210921178.951136
2007-06-04,21.953365325927734,30.719999313354492,30.760000228881836,30.399999618530273,30.420000076293945,41434500,0.004240732677808001,0.12015519188891702,1269000608.408928
2007-06-05,21.853315353393555,30.579999923706055,30.6299991607666,30.329999923706055,30.6200008392334,44265000,-0.004567803126968251,0.1201770865250847,1350672685.3656769
2007-06-06,21.646074295043945,30.290000915527344,30.530000686645508,30.25,30.3700008392334,38217500,-0.009528530309201422,0.12440866981001329,1160155928.7436805
2007-06-07,21.167274475097656,29.6200008392334,30.290000915527344,29.59000015258789,30.020000457763672,71971400,-0.022367779965753343,0.14518284306207296,2147146812.4248505
2007-06-08,21.47456932067871,30.049999237060547,30.059999465942383,29.40999984741211,29.579999923706055,61346200,0.01441308057600521,0.15431117536540453,1830570578.3578236
2007-06-11,21.453126907348633,30.020000457763672,30.25,29.93000030517578,29.940000534057617,48467400,-0.0009990014371830114,0.1492187155028856,1457253172.3258972
2007-06-12,21.331632614135742,29.850000381469727,30.239999771118164,29.770000457763672,29.959999084472656,56981800,-0.005679341014754424,0.14926965966473227,1706794860.9263103
2007-06-13,21.717544555664062,30.389999389648438,30.40999984741211,29.850000381469727,29.969999313354492,64435600,0.017929368450454675,0.1638803024670847,1947029038.4732563
2007-06-14,21.81043815612793,30.520000457763672,30.709999084472656,30.299999237060547,30.350000381469727,59065700,0.004268230949514784,0.1633416719735946,1802094482.966105
2007-06-15,21.78900146484375,30.489999771118164,30.8799991607666,30.43000030517578,30.860000610351562,100933000,-0.0009833471805111849,0.16317934231105394,3088549774.3314104
2007-06-18,21.803293228149414,30.510000228881836,30.719999313354492,30.420000076293945,30.690000534057617,45412600,0.0006557013765102759,0.1625657159719906,1387354924.2254894
2007-06-19,21.76756477355957,30.459999084472656,30.65999984741211,30.3799991607666,30.479999542236328,46802600,-0.00164001648058143,0.16019110820543353,1427479270.2437081
2007-06-20,21.44598388671875,30.010000228881836,30.510000228881836,29.959999084472656,30.440000534057617,46861600,-0.014883610961019311,0.16326189344031544,1413345848.8494873
2007-06-21,21.596057891845703,30.219999313354492,30.299999237060547,29.90999984741211,29.979999542236328,56564800,0.006973396571272605,0.16532581529600512,1705051591.124471
2007-06-22,21.074369430541992,29.489999771118164,30.100000381469727,29.450000762939453,30.0,86219900,-0.024453209845591406,0.1798114467172679,2559006658.3122253
2007-06-25,21.074369430541992,29.489999771118164,29.770000457763672,29.3799991607666,29.469999313354492,53905800,0.0,0.17508830218227647,1592736693.032837
2007-06-26,21.095806121826172,29.520000457763672,29.799999237060547,29.5,29.549999237060547,48340300,0.0010166755461580301,0.1701406083778359,1431195143.749237
2007-06-27,21.345928192138672,29.8700008392334,29.950000762939453,29.360000610351562,29.360000610351562,53468600,0.011786745762510709,0.17154259315913362,1589443288.766861
2007-06-28,21.317354202270508,29.829999923706055,29.969999313354492,29.68000030517578,29.860000610351562,46055200,-0.0013395122239550084,0.16629797415940512,1373673091.639201
2007-06-29,21.060077667236328,29.469999313354492,29.93000030517578,29.040000915527344,29.8700008392334,71193900,-0.0121422976640444,0.170325753961243,2098796184.6738815
2007-07-02,21.253036499023438,29.739999771118164,29.799999237060547,29.489999771118164,29.670000076293945,47316000,0.009120584631742812,0.17333996228366075,1404181140.7470703
2007-07-03,21.453126907348633,30.020000457763672,30.219999313354492,29.780000686645508,29.790000915527344,35202600,0.009370632082293273,0.17702323340305,1056312689.3714905
2007-07-05,21.431684494018555,29.989999771118164,30.219999313354492,29.829999923706055,30.049999237060547,47838500,-0.001000000439141946,0.17423725285849756,1435792830.8509192
2007-07-06,21.417383193969727,29.969999313354492,30.040000915527344,29.65999984741211,29.90999984741211,57541000,-0.0006675198015511086,0.15503458536550924,1719900491.4633434
2007-07-09,21.345928192138672,29.8700008392334,29.950000762939453,29.809999465942383,29.860000610351562,33831400,-0.003341886585343623,0.14704809432649502,1010769472.7119446
2007-07-10,20.960041046142578,29.329999923706055,29.989999771118164,29.18000030517578,29.700000762939453,66013500,-0.018243186730734884,0.15964377567623758,1947398250.0
2007-07-11,21.074369430541992,29.489999771118164,29.649999618530273,29.209999084472656,29.239999771118164,48017000,0.005439765422066145,0.16031360266819986,1414100625.577291
2007-07-12,21.488853454589844,30.06999969482422,30.110000610351562,29.440000534057617,29.559999465942383,54302400,0.01947677354118804,0.16264045820514336,1622193711.190796
2007-07-13,21.310199737548828,29.81999969482422,30.020000457763672,29.65999984741211,29.940000534057617,42173000,-0.008348537706642567,0.16380475191854016,1258161166.6666665
2007-07-16,21.460268020629883,30.030000686645508,30.239999771118164,29.719999313354492,29.760000228881836,48023200,0.0070174074204341075,0.16623437245146253,1440535919.0027874
2007-07-17,21.996240615844727,30.780000686645508,30.8799991607666,30.010000228881836,30.020000457763672,77539600,0.02466833122221157,0.18812914523692964,2369351712.6386003
2007-07-18,22.096296310424805,30.920000076293945,30.969999313354492,30.5,30.510000228881836,64414400,0.004538449057214677,0.188482297051391,1983748792.22819
2007-07-19,22.517925262451172,31.510000228881836,31.84000015258789,30.93000030517578,31.049999237060547,121159300,0.018901663646079925,0.18941714669501683,3807632962.39783
2007-07-20,22.267789840698242,31.15999984741211,31.200000762939453,30.790000915527344,31.149999618530273,98292600,-0.01117043781194127,0.19428328679981718,3051985279.9942017
2007-07-23,22.28924560546875,31.190000534057617,31.520000457763672,31.1200008392334,31.360000610351562,48910600,0.0009630697470792704,0.16981017596661332,1529760562.5193279
2007-07-24,22.010534286499023,30.799999237060547,31.479999542236328,30.709999084472656,31.010000228881836,59729300,-0.012583132337204983,0.17781837637228787,1851409159.8014832
2007-07-25,21.94622230529785,30.709999084472656,31.299999237060547,30.3700008392334,30.989999771118164,54950100,-0.002926149792482846,0.17866272232698574,1692096730.6280136
2007-07-26,21.424537658691406,29.979999542236328,30.530000686645508,29.510000228881836,30.239999771118164,87025300,-0.02405813544057489,0.19605653460962408,2611339181.945674
2007-07-27,21.002904891967773,29.389999389648438,30.0,29.360000610351562,29.93000030517578,69214600,-0.01987612838077757,0.20799687787241533,2047598583.3333333
2007-07-30,21.010053634643555,29.399999618530273,29.489999771118164,28.950000762939453,29.40999984741211,67499600,0.0003403113227671284,0.2038186489435648,1976388291.433207
2007-07-31,20.717058181762695,28.989999771118164,29.719999313354492,28.979999542236328,29.709999084472656,66554000,-0.014043640002109115,0.2063285574288764,1945373389.5339966
2007-08-01,20.9385986328125,29.299999237060547,29.549999237060547,28.81999969482422,28.950000762939453,80006300,0.01063685255704172,0.20719657750123283,2338050724.8346963
2007-08-02,21.095806121826172,29.520000457763672,29.790000915527344,29.020000457763672,29.190000534057617,47938300,0.007479978503874829,0.2093725730357882,1411463375.5925496
2007-08-03,20.69562339782715,28.959999084472656,29.780000686645508,28.899999618530273,29.450000762939453,61535500,-0.019152010867298674,0.2187916318895077,1797657060.8139038
2007-08-06,21.110107421875,29.540000915527344,29.540000915527344,28.75,29.049999237060547,59530500,0.01982970265953332,0.23096795825241642,1742854641.3345337
2007-08-07,21.117250442504883,29.549999237060547,29.790000915527344,29.049999237060547,29.329999923706055,49163000,0.0003383124618383526,0.22180341883921467,1448505846.6644287
2007-08-08,21.438827514648438,30.0,30.010000228881836,29.209999084472656,29.719999313354492,52898600,0.015113384908902017,0.2270504268382265,1573204351.8924713
2007-08-09,20.9385986328125,29.299999237060547,30.100000381469727,28.920000076293945,29.639999389648438,72964500,-0.023609367666849845,0.23142323616100013,2148074872.577667
2007-08-10,20.516963958740234,28.709999084472656,29.049999237060547,28.260000228881836,28.899999618530273,76576200,-0.020342226094572258,0.23960351373261138,2195694870.998764
2007-08-13,20.459794998168945,28.6299991607666,28.989999771118164,28.440000534057617,28.940000534057617,55492300,-0.0027903132955833243,0.2373985999729619,1591889102.7879715
2007-08-14,20.27333641052246,28.270000457763672,28.889999389648438,28.200000762939453,28.770000457763672,42944100,-0.009155195467288824,0.21677498295317876,1221902800.7369995
2007-08-15,20.151437759399414,28.100000381469727,28.989999771118164,28.049999237060547,28.239999771118164,48117700,-0.006030906695165594,0.21455427884160425,1365580316.210429
2007-08-16,19.94345474243164,27.809999465942383,28.350000381469727,27.510000228881836,27.8799991607666,81447400,-0.010374632252283522,0.19735611758770608,2271567988.071315
2007-08-17,20.258996963500977,28.25,28.25,27.81999969482422,28.09000015258789,76747700,0.01569798295814051,0.21008964598675606,2157122013.5261536
2007-08-20,20.26616859436035,28.260000228881836,28.489999771118164,28.079999923706055,28.18000030517578,49952000,0.00035393468900224434,0.20989224691661465,1412476052.0629883
2007-08-21,20.12990951538086,28.06999969482422,28.31999969482422,27.8700008392334,28.100000381469727,50786200,-0.0067461794376244555,0.20811415576006106,1426415074.5413463
2007-08-22,20.237478256225586,28.219999313354492,28.31999969482422,28.010000228881836,28.270000457763672,44763500,0.005329499945083249,0.21082604746493358,1261584630.28272
2007-08-23,20.294851303100586,28.299999237060547,28.329999923706055,28.100000381469727,28.280000686645508,33886600,0.0028309789156706344,0.19886324517978382,957070534.1626484
2007-08-24,20.66058921813965,28.809999465942383,28.84000015258789,28.06999969482422,28.209999084472656,45158900,0.017860759550896166,0.20066597181283607,1290340292.3306146
2007-08-27,20.431102752685547,28.489999771118164,28.770000457763672,28.399999618530273,28.610000610351562,32789500,-0.011169598540992531,0.20375370162294687,936249521.6655731
2007-08-28,20.029512405395508,27.93000030517578,28.489999771118164,27.90999984741211,28.299999237060547,43924400,-0.01985157833286033,0.20921349839017922,1234714882.8829446
2007-08-29,20.50282096862793,28.59000015258789,28.610000610351562,27.81999969482422,28.1299991607666,45753700,0.02335567873694755,0.22283805777653565,1296659864.9814606
2007-08-30,20.402420043945312,28.450000762939453,28.93000030517578,28.31999969482422,28.420000076293945,33690700,-0.004908961483574004,0.2209761499051952,962431005.2346547
2007-08-31,20.603212356567383,28.729999542236328,28.920000076293945,28.360000610351562,28.700000762939453,42511900,0.009793479858009047,0.21472852014981467,1218816176.2434006
2007-09-04,20.66058921813965,28.809999465942383,29.100000381469727,28.479999542236328,28.5,45689600,0.0027809797624702703,0.20241541117879458,1315708172.0377603
2007-09-05,20.423938751220703,28.479999542236328,28.729999542236328,28.420000076293945,28.649999618530273,47669800,-0.011520301968258817,0.205505699244718,1360654977.9979706
2007-09-06,20.7322998046875,28.90999984741211,29.010000228881836,28.549999237060547,28.559999465942383,45430800,0.014985180114407637,0.20537421668230596,1309467081.601715
2007-09-07,20.39525032043457,28.440000534057617,28.829999923706055,28.31999969482422,28.6200008392334,52160900,-0.016390814874047255,0.19700854591172573,1488150479.6530404
2007-09-10,20.423938751220703,28.479999542236328,28.75,28.40999984741211,28.670000076293945,37247600,0.001405634759639618,0.18451504480399877,1063294813.7552897
2007-09-11,20.746646881103516,28.93000030517578,28.950000762939453,28.579999923706055,28.6299991607666,34380800,0.015676956455636937,0.19218545862285394,990854667.3665365
2007-09-12,20.746646881103516,28.93000030517578,29.170000076293945,28.799999237060547,28.809999465942383,42364700,0.0,0.18885374072357072,1227164137.946383
2007-09-13,20.911582946777344,29.15999984741211,29.260000228881836,28.959999084472656,29.1200008392334,35288600,0.007918575906761927,0.18833294888259183,1027839279.4615427
2007-09-14,20.825531005859375,29.040000915527344,29.110000610351562,28.8799991607666,28.979999542236328,33496600,-0.004123527225549317,0.18442100186617097,971736373.6667633
2007-09-17,20.603212356567383,28.729999542236328,28.8799991607666,28.6200008392334,28.790000915527344,39536500,-0.010732682931061,0.18264369349296905,1136410792.300542
2007-09-18,20.746646881103516,28.93000030517578,28.969999313354492,28.270000457763672,28.700000762939453,77462400,0.00693763424984839,0.18383829470550025,2224978337.9699707
2007-09-19,20.5601863861084,28.670000076293945,28.90999984741211,28.299999237060547,28.8700008392334,94242200,-0.009028131509183801,0.18524082338583586,2697840018.9695992
2007-09-20,20.380905151367188,28.420000076293945,28.579999923706055,28.34000015258789,28.479999542236328,67168900,-0.008758065501843326,0.18754500858393877,1910731312.0830536
2007-09-21,20.54584312438965,28.649999618530273,28.809999465942383,28.440000534057617,28.690000534057617,135636100,0.008060198912845262,0.18928013983779646,3883713646.0863113
2007-09-24,20.854215621948242,29.079999923706055,29.610000610351562,28.799999237060547,28.809999465942383,104459800,0.014897476481510186,0.1861295944167284,3046395959.3636827
2007-09-25,21.198434829711914,29.559999465942383,29.559999465942383,29.110000610351562,29.139999389648438,75621000,0.016371234254730194,0.18880602681592626,2224013598.461151
2007-09-26,21.155406951904297,29.5,29.850000381469727,29.479999542236328,29.68000030517578,60337000,-0.0020318295011940712,0.17235542557370057,1786578568.4655507
2007-09-27,21.14823341369629,29.489999771118164,29.719999313354492,29.440000534057617,29.700000762939453,43407100,-0.0003391451995509165,0.155286007590101,1282679799.480502
2007-09-28,21.126731872558594,29.459999084472656,29.690000534057617,29.229999542236328,29.489999771118164,45819100,-0.0010172234487315635,0.15382335737102215,1349830673.1823604
2007-10-01,21.349040985107422,29.770000457763672,29.790000915527344,29.40999984741211,29.459999084472656,43875100,0.010467667919588308,0.15428486044765283,1301189233.5194905
2007-10-02,21.298843383789062,29.700000762939453,29.850000381469727,29.56999969482422,29.700000762939453,33700900,-0.0023540499249716795,0.15488595786036302,1001141412.094307
2007-10-03,21.119558334350586,29.450000762939453,29.850000381469727,29.290000915527344,29.709999084472656,37633900,-0.0084532235903656,0.1519680089689508,1111329092.8411484
2007-10-04,21.306015014648438,29.709999084472656,29.770000457763672,29.440000534057617,29.559999465942383,37868000,0.008789881483230122,0.14654567846190467,1122407520.9630332
2007-10-05,21.399240493774414,29.84000015258789,29.989999771118164,29.729999542236328,29.889999389648438,45012300,0.004366002549547776,0.13170185992959835,1343767187.986946
2007-10-08,21.399240493774414,29.84000015258789,29.850000381469727,29.600000381469727,29.65999984741211,30265400,0.0,0.13192553692793607,900799197.9029337
2007-10-09,21.585689544677734,30.100000381469727,30.389999389648438,30.0,30.030000686645508,63603100,0.008675143593445345,0.12504634952004873,1918481501.4808018
2007-10-10,21.678918838500977,30.229999542236328,30.3700008392334,30.030000686645508,30.040000915527344,32251500,0.004309732208797268,0.12507449767809026,974317826.4827728
2007-10-11,21.449438095092773,29.90999984741211,30.6299991607666,29.790000915527344,30.299999237060547,50788400,-0.010641857257176035,0.13073417952207944,1529238722.708384
2007-10-12,21.635887145996094,30.170000076293945,30.399999618530273,29.950000762939453,30.030000686645508,31121100,0.008654928968622855,0.1315646725991806,939027328.748703
2007-10-15,21.542667388916016,30.040000915527344,30.329999923706055,30.0,30.100000381469727,47150500,-0.004317879693621851,0.12553210538662155,1420330241.5234249
2007-10-16,21.74346160888672,30.31999969482422,30.579999923706055,30.229999542236328,30.239999771118164,56286200,0.00927759838443798,0.1268916066890499,1709787119.5875802
2007-10-17,22.28847312927246,31.079999923706055,31.229999542236328,30.649999618530273,30.75,86092400,0.024756548137200518,0.1417042467681525,2667716475.060018
2007-10-18,22.34584617614746,31.15999984741211,31.229999542236328,30.6299991607666,31.219999313354492,49208600,0.0025708055758979498,0.1340295288415586,1525794633.5559845
2007-10-19,21.635887145996094,30.170000076293945,31.09000015258789,30.110000610351562,31.09000015258789,75200200,-0.032287072403914596,0.18421150701826156,2290347445.7035065
2007-10-22,21.879716873168945,30.510000228881836,30.700000762939453,30.1200008392334,30.1200008392334,58785100,0.011206659520364592,0.18152615706524008,1789614430.212911
2007-10-23,22.159393310546875,30.899999618530273,31.1200008392334,30.709999084472656,30.709999084472656,49956200,0.012701446334484334,0.17838421166521448,1544146134.3772888
2007-10-24,22.4103946685791,31.25,31.299999237060547,30.5,30.850000381469727,77979200,0.011263415107175323,0.18031460327854107,2418654833.5021973
2007-10-25,22.941068649291992,31.989999771118164,32.220001220703125,31.489999771118164,31.56999969482422,169588700,0.02340379622519473,0.1932206170967031,5409879573.128637
2007-10-26,25.12114906311035,35.029998779296875,36.029998779296875,34.560001373291016,36.0099983215332,288121200,0.09078138835826044,0.35558405374489865,10143786945.417786
2007-10-29,24.791269302368164,34.56999969482422,35.290000915527344,34.45000076293945,34.849998474121094,114655600,-0.013218536582574547,0.3634223065478964,3986575264.4851685
2007-10-30,25.508405685424805,35.56999969482422,35.59000015258789,34.349998474121094,34.369998931884766,107297300,0.028516485639872524,0.3685610809262746,3773645980.9683485
2007-10-31,26.39763832092285,36.810001373291016,37.0,35.5099983215332,35.52000045776367,185635800,0.03426651604057174,0.3726581055676325,6764568533.11615
2007-11-01,26.576927185058594,37.060001373291016,37.4900016784668,36.36000061035156,36.529998779296875,152078800,0.006768891711558034,0.37288516092477825,5622353421.643066
2007-11-02,26.576927185058594,37.060001373291016,37.5,36.41999816894531,37.220001220703125,96389800,0.0,0.37417536993575296,3565779986.625417
2007-11-05,26.340282440185547,36.72999954223633,37.099998474121094,36.630001068115234,36.7599983215332,75485400,-0.00894402120179949,0.3786907869209306,2779372404.963684
2007-11-06,26.110795974731445,36.40999984741211,36.65999984741211,35.869998931884766,36.59000015258789,100966700,-0.008750551437393561,0.3844389047003447,3666437386.4477797
2007-11-07,25.472558975219727,35.52000045776367,36.15999984741211,35.45000076293945,36.040000915527344,74897800,-0.024747113568093226,0.4021339104763222,2674600464.666494
2007-11-08,24.91318702697754,34.7400016784668,35.900001525878906,34.400001525878906,35.599998474121094,133742400,-0.022204491354814504,0.4108067882748617,4682767442.877197
2007-11-09,24.188879013061523,33.72999954223633,34.540000915527344,33.650001525878906,34.18000030517578,125136900,-0.029504280134659222,0.4301940975380108,4251317698.742294
2007-11-12,23.937877655029297,33.380001068115234,33.709999084472656,33.02000045776367,33.31999969482422,84865200,-0.010430939096882419,0.432479558651213,2831951741.265869
2007-11-13,24.794097900390625,34.459999084472656,34.66999816894531,33.380001068115234,33.540000915527344,104311500,0.035143593432029885,0.44458798175434644,3564323896.6388707
2007-11-14,24.412750244140625,33.93000030517578,34.75,33.75,34.619998931884766,84063100,-0.015500090153548474,0.44564774194643736,2870194452.884674
2007-11-15,24.290443420410156,33.7599983215332,34.099998474121094,33.54999923706055,33.7599983215332,64014100,-0.0050225486928865415,0.4468457852910191,2163889875.6792703
2007-11-16,24.527868270874023,34.09000015258789,34.2599983215332,33.709999084472656,33.86000061035156,71113800,0.009726953440386321,0.4268477917050799,2419291418.1274414
2007-11-19,24.434335708618164,33.959999084472656,34.2400016784668,33.869998931884766,33.959999084472656,63026200,-0.003820607261465714,0.42782439093419866,2144361404.9219766
2007-11-20,24.880434036254883,34.58000183105469,34.970001220703125,34.099998474121094,34.22999954223633,100009400,0.018092368613570553,0.4293681304716109,3455324820.8674116
2007-11-21,24.628612518310547,34.22999954223633,34.72999954223633,34.18000030517578,34.400001525878906,89518700,-0.010172835356140553,0.43232071791690396,3077652887.7873735
2007-11-23,24.542272567749023,34.11000061035156,34.439998626708984,33.709999084472656,34.36000061035156,33467200,-0.0035118358819943296,0.4276676389476105,1140785271.9421387
2007-11-26,23.722034454345703,32.970001220703125,34.369998931884766,32.93000030517578,34.09000015258789,80335000,-0.03399270164012114,0.307275012818179,2685063495.5914817
2007-11-27,23.78679847717285,33.060001373291016,33.599998474121094,32.68000030517578,33.27000045776367,84178400,0.0027264009216065865,0.3054523439149005,2787427422.948201
2007-11-28,24.247276306152344,33.70000076293945,33.88999938964844,32.900001525878906,33.380001068115234,88585000,0.019173552854109488,0.2952035252507589,2967302266.228994
2007-11-29,24.168127059936523,33.59000015258789,33.93000030517578,33.310001373291016,33.58000183105469,53633600,-0.003269592370330976,0.2630575400791527,1802625328.7353516
2007-11-30,24.175323486328125,33.599998474121094,34.119998931884766,33.189998626708984,33.91999816894531,71027800,0.0002977208438137424,0.2605325695103454,2389138338.737488
2007-12-03,23.68606185913086,32.91999816894531,33.63999938964844,32.68000030517578,33.5,61770600,-0.02044565434831025,0.26540737782360696,2043371404.0145876
2007-12-04,23.57813835144043,32.77000045776367,33.2400016784668,32.630001068115234,32.7400016784668,54801500,-0.004566826256647172,0.26517723510490326,1801873378.534317
2007-12-05,24.571048736572266,34.150001525878906,34.52000045776367,33.029998779296875,33.13999938964844,84894700,0.04124892757145071,0.31015608462117733,2877930351.5898385
2007-12-06,24.858842849731445,34.54999923706055,34.61000061035156,33.869998931884766,34.2599983215332,49209700,0.011644669083786585,0.30354815907305505,1690025110.309855
2007-12-07,24.84445571899414,34.529998779296875,34.70000076293945,34.220001220703125,34.61000061035156,40771000,-0.0005789205768400585,0.2937742622486138,1405919993.7019348
2007-12-10,25.009944915771484,34.7599983215332,34.95000076293945,34.470001220703125,34.63999938964844,36083500,0.006638924648667555,0.274213707698992,1253059680.3372703
2007-12-11,24.535064697265625,34.099998474121094,34.9900016784668,33.93000030517578,34.72999954223633,55070700,-0.019170235922901124,0.280663765168142,1891127846.403122
2007-12-12,24.801284790039062,34.470001220703125,35.09000015258789,33.93000030517578,34.61000061035156,63345400,0.010792151402955863,0.2550691014497641,2185205184.107717
2007-12-13,25.340923309326172,35.220001220703125,35.45000076293945,34.279998779296875,34.47999954223633,73913200,0.02152515318230641,0.25883175877593834,2585730132.130432
2007-12-14,25.405672073364258,35.310001373291016,35.84000015258789,35.0099983215332,35.04999923706055,71126200,0.0025518480081827555,0.25761562996858184,2516919127.049001
2007-12-17,24.743730545043945,34.38999938964844,35.130001068115234,34.36000061035156,35.029998779296875,58121200,-0.02640031345488625,0.27418371015398424,2012543439.3600464
2007-12-18,24.99555778503418,34.7400016784668,35.0,34.209999084472656,34.63999938964844,52791800,0.010125974866464382,0.2756958740696299,1829235883.425649
2007-12-19,25.031526565551758,34.790000915527344,35.13999938964844,34.380001068115234,34.689998626708984,58469100,0.0014379725375728292,0.26872226126769,2032970633.76503
2007-12-20,25.55677604675293,35.52000045776367,35.790000915527344,35.08000183105469,35.290000915527344,59345000,0.020766395779132196,0.2747768327893794,2104571580.0539653
2007-12-21,25.945310592651367,36.060001373291016,36.060001373291016,35.75,35.900001525878906,83240500,0.015088395145153033,0.2777237309074423,2993050987.8756204
2007-12-24,26.31944465637207,36.58000183105469,36.720001220703125,36.04999923706055,36.130001068115234,29622600,0.01431712260966611,0.24555963512123902,1079743792.6002502
2007-12-26,26.341032028198242,36.61000061035156,36.63999938964844,36.2599983215332,36.40999984741211,30252400,0.0008198700199661957,0.24588951845616808,1104313424.4074502
2007-12-27,25.88055419921875,35.970001220703125,36.54999923706055,35.939998626708984,36.349998474121094,33311100,-0.017635992979862625,0.2522410567142471,1204307291.834259
2007-12-28,25.988473892211914,36.119998931884766,36.22999954223633,35.66999816894531,36.099998474121094,33447200,0.004161244299028866,0.25112527937896917,1204322143.906657
2007-12-31,25.614328384399414,35.599998474121094,35.9900016784668,35.52000045776367,35.900001525878906,35229700,-0.01450123046564844,0.2587054416839475,1257817729.500834
2008-01-02,25.340923309326172,35.220001220703125,35.959999084472656,35.0,35.790000915527344,63004200,-0.010731286364769055,0.24969030195607647,2229928658.4091187
2008-01-03,25.448848724365234,35.369998931884766,35.650001525878906,34.86000061035156,35.220001220703125,49599600,0.004249894148355526,0.2480137655057291,1750535233.6593628
2008-01-04,24.736536026000977,34.380001068115234,35.20000076293945,34.09000015258789,35.189998626708984,72090800,-0.02838916316554263,0.2321019134433026,2491217793.0007935
2008-01-07,24.902013778686523,34.61000061035156,34.79999923706055,34.25,34.54999923706055,80164300,0.006667332802398285,0.2296722897650696,2769943775.255966
2008-01-08,24.067394256591797,33.45000076293945,34.709999084472656,33.400001525878906,34.709999084472656,79148300,-0.03409068580448693,0.258368521038692,2679433818.8978834
2008-01-09,24.77970314025879,34.439998626708984,34.540000915527344,33.349998474121094,33.36000061035156,74305500,0.02916690727520166,0.2783884462051232,2534560555.868149
2008-01-10,24.7005615234375,34.33000183105469,34.5,33.779998779296875,34.349998474121094,72446000,-0.0031989191993111454,0.2702295430093803,2477894701.405843
2008-01-11,24.398366928100586,33.90999984741211,34.2400016784668,33.720001220703125,34.13999938964844,55187900,-0.012309776234839198,0.27078629697747636,1873997174.8593647
2008-01-14,24.743730545043945,34.38999938964844,34.56999969482422,34.08000183105469,34.459999084472656,52792200,0.014055944731520942,0.2641728861517336,1813236112.1109006
2008-01-15,24.46312141418457,34.0,34.380001068115234,34.0,34.029998779296875,61606200,-0.011405410489071954,0.2660867986143322,2102414273.9341736
2008-01-16,23.90910530090332,33.22999954223633,33.650001525878906,32.5099983215332,33.41999816894531,120778500,-0.02290737380740726,0.2622800075265952,4001391680.427551
2008-01-17,23.822769165039062,33.11000061035156,33.79999923706055,32.970001220703125,33.540000915527344,94247800,-0.0036175503679505283,0.2587480676083486,3137823454.88917
2008-01-18,23.750816345214844,33.0099983215332,34.0,32.970001220703125,33.15999984741211,117062000,-0.003024908630154144,0.2583737989097901,3901286235.4710894
2008-01-22,22.995328903198242,31.959999084472656,32.529998779296875,31.5,31.540000915527344,108521400,-0.032325798181978005,0.263060168620971,3472322984.7244263
2008-01-23,22.973752975463867,31.93000030517578,32.04999923706055,31.040000915527344,31.479999542236328,137597400,-0.0009387148247030908,0.2530784135148219,4358168336.995697
2008-01-24,23.923500061035156,33.25,33.36000061035156,32.119998931884766,32.349998474121094,155640400,0.040508852686695906,0.29278695273463884,5122125540.25116
2008-01-25,23.700458526611328,32.939998626708984,35.0,32.869998931884766,34.900001525878906,196992300,-0.009366846931710526,0.2924564373206265,6619597760.687256
2008-01-28,23.542156219482422,32.720001220703125,33.099998474121094,32.41999816894531,33.02000045776367,81019000,-0.0067016993222006604,0.289063531735116,2653102128.9749146
2008-01-29,23.455821990966797,32.599998474121094,32.88999938964844,32.349998474121094,32.849998474121094,68023000,-0.003673959132473925,0.2872908609147977,2218456690.297445
2008-01-30,23.16801643371582,32.20000076293945,32.79999923706055,32.04999923706055,32.560001373291016,106432600,-0.01234601108240252,0.2865004276567644,3443094582.9327903
2008-01-31,23.455821990966797,32.599998474121094,32.7400016784668,31.719999313354492,31.90999984741211,103642200,0.01234601108240252,0.2917794816181189,3353170625.5496974
2008-02-01,21.90888023376465,30.450000762939453,33.25,30.25,31.059999465942383,291138900,-0.06822669185386943,0.364952944527042,9117499959.040451
2008-02-04,21.72181510925293,30.190000534057617,30.719999313354492,30.110000610351562,30.489999771118164,119998600,-0.008574984619741155,0.3570073420282453,3640757542.3103333
2008-02-05,20.915979385375977,29.06999969482422,29.940000534057617,28.889999389648438,29.90999984741211,137534100,-0.037803629405778416,0.36928674448630827,4029749112.511635
2008-02-06,20.520244598388672,28.520000457763672,29.350000381469727,28.290000915527344,29.280000686645508,138315600,-0.019101490503297125,0.3598326352252615,3972424112.903595
2008-02-07,20.232444763183594,28.1200008392334,28.780000686645508,27.899999618530273,28.34000015258789,164964900,-0.014124447950349506,0.33376079610713927,4663007902.929115
2008-02-08,20.549030303955078,28.559999465942383,29.079999923706055,28.239999771118164,28.290000915527344,124872000,0.015526260392799696,0.34477120035673114,3574669085.067749
2008-02-11,20.297195434570312,28.209999084472656,28.610000610351562,27.90999984741211,28.520000457763672,156814100,-0.012331032102589568,0.3447736234418433,4428952873.738733
2008-02-12,20.390735626220703,28.34000015258789,28.6200008392334,28.110000610351562,28.43000030517578,84365900,0.004597941158792196,0.3382253000987979,2392335749.389585
2008-02-13,20.836820602416992,28.959999084472656,29.049999237060547,28.530000686645508,28.6200008392334,88986200,0.02164098125267344,0.355002778661883,2566955219.913864
2008-02-14,20.5058536529541,28.5,29.040000915527344,28.459999084472656,28.8799991607666,69113500,-0.016011253551338367,0.352149761668637,1981253666.6666667
2008-02-15,20.448287963867188,28.420000076293945,28.639999389648438,28.25,28.309999465942383,68166100,-0.002811228595014814,0.35227791773188893,1938416651.5317917
2008-02-19,20.347171783447266,28.170000076293945,28.84000015258789,28.06999969482422,28.799999237060547,68261200,-0.0049572373061574915,0.35202249254298257,1935887630.2640278
2008-02-20,20.383283615112305,28.219999313354492,28.260000228881836,27.920000076293945,28.149999618530273,93056200,0.0017732107718315682,0.34162265197021474,2617981081.5006256
2008-02-21,20.296611785888672,28.100000381469727,28.959999084472656,27.959999084472656,28.6200008392334,98776500,-0.004261169283499733,0.3411920251529938,2799325962.2716904
2008-02-22,19.993247985839844,27.68000030517578,28.389999389648438,27.200000762939453,28.239999771118164,125705400,-0.01505934917208629,0.29660259039641707,3489162905.181122
2008-02-25,20.108808517456055,27.84000015258789,28.239999771118164,27.479999542236328,27.649999618530273,109974300,0.005763337921520506,0.3009373007508289,3063150816.4224625
2008-02-26,20.49884605407715,28.3799991607666,28.860000610351562,27.670000076293945,27.739999771118164,108923500,0.019210640747445495,0.31557862631351025,3082898122.7931976
2008-02-27,20.41217613220215,28.260000228881836,28.68000030517578,28.100000381469727,28.190000534057617,75199500,-0.004237002494824171,0.3155116319798867,2131655182.9490662
2008-02-28,20.173818588256836,27.93000030517578,28.270000457763672,27.799999237060547,28.020000457763672,83002900,-0.01174593778164601,0.3153891133072424,2324081200.0
2008-02-29,19.646543502807617,27.200000762939453,27.829999923706055,27.020000457763672,27.690000534057617,117411400,-0.026484234561043873,0.3141129224729271,3211201834.7888947
2008-03-03,19.494857788085938,26.989999771118164,27.389999389648438,26.8700008392334,27.239999771118164,76544300,-0.007750692058662079,0.2279739737563987,2073074791.6666665
2008-03-04,19.92823028564453,27.59000015258789,27.6299991607666,26.959999084472656,27.020000457763672,86925600,0.021986606157692545,0.24707008824376575,2381181889.576721
2008-03-05,20.311054229736328,28.1200008392334,28.40999984741211,27.700000762939453,27.75,106489800,0.019027947398068346,0.22745356871297542,2989878669.4553375
2008-03-06,19.913787841796875,27.56999969482422,28.170000076293945,27.5,28.059999465942383,91127700,-0.019752932986601746,0.22810018195026766,2528489909.0475082
2008-03-07,20.13047981262207,27.8700008392334,28.06999969482422,27.31999969482422,27.34000015258789,77597600,0.010822726878709776,0.2270302867554093,2153592064.5868936
2008-03-10,20.26051139831543,28.049999237060547,28.260000228881836,27.75,27.829999923706055,72175100,0.006438665208001293,0.22117370019509494,2022346289.1514459
2008-03-11,21.1489315032959,29.280000686645508,29.34000015258789,28.3799991607666,28.399999618530273,98740700,0.042915644002688325,0.2631908377396199,2863480300.0
2008-03-12,20.679428100585938,28.6299991607666,29.489999771118164,28.540000915527344,29.43000030517578,75993800,-0.022449989730098263,0.276212770454264,2195207565.4680886
2008-03-13,20.672195434570312,28.6200008392334,28.989999771118164,28.15999984741211,28.540000915527344,84552200,-0.00034981292007696396,0.2654786855277038,2417347410.901642
2008-03-14,20.195493698120117,27.959999084472656,29.010000228881836,27.639999389648438,28.719999313354492,105214900,-0.02333008635852174,0.27202939341745214,2967410850.8455276
2008-03-17,20.441064834594727,28.299999237060547,28.729999542236328,27.280000686645508,27.299999237060547,84490100,0.012086364335852195,0.2754768165924741,2374453428.6258063
2008-03-18,21.25004005432129,29.420000076293945,29.479999542236328,28.670000076293945,28.670000076293945,83695300,0.03881292067334785,0.3055675617989074,2443065798.4860735
2008-03-19,20.672195434570312,28.6200008392334,29.59000015258789,28.6200008392334,29.3799991607666,61442100,-0.027569198650678306,0.3224460419525857,1778339218.5012817
2008-03-20,21.076690673828125,29.18000030517578,29.219999313354492,28.59000015258789,28.739999771118164,60170200,0.019378140814320766,0.32818112466868077,1744735228.0760448
2008-03-24,21.06946563720703,29.170000076293945,29.399999618530273,29.059999465942383,29.329999923706055,48294700,-0.00034285625662056063,0.32250750852523585,1410688173.489825
2008-03-25,21.047801971435547,29.139999389648438,29.3700008392334,28.940000534057617,29.329999923706055,49149000,-0.0010287309178420578,0.32252990592965297,1432693362.499237
2008-03-26,20.628875732421875,28.559999465942383,29.06999969482422,28.3799991607666,29.030000686645508,45868100,-0.020104306400759775,0.325200301176331,1315038401.3373055
2008-03-27,20.26051139831543,28.049999237060547,28.489999771118164,28.0,28.479999542236328,47894400,-0.01801808859161147,0.331073702600251,1349664176.1657715
2008-03-28,20.159372329711914,27.90999984741211,28.43000030517578,27.829999923706055,28.229999542236328,49244000,-0.00500443199510725,0.3289706482043075,1381622494.5856729
2008-03-31,20.49884605407715,28.3799991607666,28.59000015258789,27.84000015258789,27.8799991607666,46780600,0.01669928623541317,0.31900112684472876,1322487553.6721547
2008-04-01,21.307825088500977,29.5,29.540000915527344,28.6299991607666,28.829999923706055,65796200,0.038705785781683044,0.3406403404156501,1922784286.3399506
2008-04-02,21.062240600585938,29.15999984741211,29.579999923706055,29.0,29.56999969482422,49499400,-0.011592487959126707,0.33865926087555753,1447692448.2234955
2008-04-03,20.94667625427246,29.0,29.31999969482422,28.799999237060547,29.0,38961400,-0.005501909903243618,0.3344263858002649,1131439042.128245
2008-04-04,21.062240600585938,29.15999984741211,29.260000228881836,28.739999771118164,29.1299991607666,43860800,0.005501909903243618,0.32545936567056305,1274302440.435791
2008-04-07,21.062240600585938,29.15999984741211,29.59000015258789,29.030000686645508,29.549999237060547,44428600,0.0,0.32425106015459004,1299980846.1688995
2008-04-08,20.766098022460938,28.75,29.0,28.540000915527344,28.940000534057617,44733500,-0.014160138133190614,0.32870938764535895,1286684585.3182473
2008-04-09,20.867225646972656,28.889999389648438,29.040000915527344,28.540000915527344,28.719999313354492,45839300,0.004858023068356587,0.2922509201762898,1321241442.3187256
2008-04-10,21.026132583618164,29.110000610351562,29.399999618530273,28.799999237060547,28.829999923706055,65591600,0.007586295559606437,0.28235518794135134,1908934186.9901023
2008-04-11,20.426616668701172,28.280000686645508,29.010000228881836,28.209999084472656,28.8700008392334,54373700,-0.02892728375217768,0.30058379803332536,1549650450.0
2008-04-14,20.267715454101562,28.059999465942383,28.309999465942383,27.93000030517578,28.239999771118164,43418100,-0.007809540735082443,0.2904185574903042,1220048598.9582062
2008-04-15,20.404953002929688,28.25,28.479999542236328,28.030000686645508,28.1200008392334,34310000,0.0067484172966034706,0.28823983896667815,969371869.2843119
2008-04-16,20.910572052001953,28.950000762939453,29.049999237060547,28.3799991607666,28.56999969482422,54107400,0.024477205243969458,0.26737370195429,1557932388.8637543
2008-04-17,21.105579376220703,29.219999313354492,29.34000015258789,28.899999618530273,29.1200008392334,48743300,0.00928256005544359,0.2507783993320585,1421029657.7913918
2008-04-18,21.668973922729492,30.0,30.100000381469727,29.610000610351562,30.010000228881836,73658900,0.02634403335827873,0.2582444147696735,2202646664.0188217
2008-04-21,21.97234535217285,30.420000076293945,30.600000381469727,30.1200008392334,30.190000534057617,54411700,0.013903168888035555,0.26172300872659426,1653027469.5239384
2008-04-22,21.849550247192383,30.25,30.700000762939453,29.969999313354492,30.639999389648438,67387500,-0.005604295510170054,0.26288792035720193,2042290501.7137527
2008-04-23,22.716310501098633,31.450000762939453,31.459999084472656,30.299999237060547,30.450000762939453,98351500,0.03890285307261676,0.27948801934128287,3055781074.985504
2008-04-24,22.969118118286133,31.799999237060547,32.099998474121094,31.15999984741211,31.6299991607666,115416700,0.01106743245341324,0.26739634760059255,3657170406.7403154
2008-04-25,21.546186447143555,29.829999923706055,30.389999389648438,29.600000381469727,30.049999237060547,145194900,-0.06395178532288437,0.36034376183058303,4347135291.230011
2008-04-28,20.93946647644043,28.989999771118164,29.84000015258789,28.81999969482422,29.799999237060547,97473000,-0.02856311144258994,0.37298416716598753,2847836137.605667
2008-04-29,20.686647415161133,28.639999389648438,28.899999618530273,28.450000762939453,28.799999237060547,84428900,-0.012147286709952354,0.34904634584787586,2420013697.2252526
2008-04-30,20.59998321533203,28.520000457763672,29.209999084472656,28.510000228881836,28.739999771118164,74733600,-0.00419817872233752,0.34727994967248943,2148341882.298279
2008-05-01,21.235595703125,29.399999618530273,29.489999771118164,28.479999542236328,28.5,71699400,0.03038855525653883,0.36338633619418265,2088125500.4722595
2008-05-02,21.120037078857422,29.239999771118164,29.6200008392334,28.860000610351562,29.59000015258789,66024200,-0.005456601797796612,0.36353385947441036,1930547634.865316
2008-05-05,21.00446128845215,29.079999923706055,30.229999542236328,28.989999771118164,29.93000030517578,119687700,-0.005487356996241921,0.3640552752974566,3522807939.561844
2008-05-06,21.452293395996094,29.700000762939453,29.860000610351562,28.93000030517578,29.0,93582000,0.021096700418938852,0.36736443811326003,2760357112.3580933
2008-05-07,21.098363876342773,29.209999084472656,30.139999389648438,29.079999923706055,29.690000534057617,88775000,-0.016636061816960535,0.3724725684771431,2616791035.9223685
2008-05-08,21.14170265197754,29.270000457763672,29.389999389648438,29.0,29.280000686645508,69589900,0.0020520228495981563,0.3716466541055569,2033416874.4604747
2008-05-09,21.228378295898438,29.389999389648438,29.549999237060547,28.950000762939453,29.209999084472656,51621200,0.004091366496788762,0.35619339102227104,1512329078.8309731
2008-05-12,21.661754608154297,29.989999771118164,30.059999465942383,29.350000381469727,29.399999618530273,64278800,0.020209359715601227,0.3597187145711574,1915508231.826528
2008-05-13,21.58926010131836,29.780000686645508,30.1299991607666,29.530000686645508,30.0,70934700,-0.003352271627028447,0.36020498894623126,2114799868.627739
2008-05-14,21.6980037689209,29.93000030517578,30.260000228881836,29.729999542236328,29.889999389648438,66730400,0.0050242905943092,0.351654756403901,2000132524.3637085
2008-05-15,22.074981689453125,30.450000762939453,30.530000686645508,29.940000534057617,29.979999542236328,53355800,0.017224652920588834,0.35482953914202203,1617036480.6129456
2008-05-16,21.74150276184082,29.989999771118164,30.479999542236328,29.920000076293945,30.469999313354492,81538200,-0.015221913436035628,0.3483424737050529,2456745949.4110107
2008-05-19,21.357271194458008,29.459999084472656,29.889999389648438,29.309999465942383,29.8700008392334,59615000,-0.01783075072136686,0.3498743869645804,1761821925.7322946
2008-05-20,20.84980583190918,28.760000228881836,29.309999465942383,28.6299991607666,29.299999237060547,75767600,-0.024047617279247202,0.35836946665246855,2189683611.0969543
2008-05-21,20.480072021484375,28.25,29.049999237060547,28.190000534057617,28.809999465942383,60125100,-0.017892318744017643,0.3286476765861026,1713364928.412819
2008-05-22,20.639556884765625,28.469999313354492,28.700000762939453,28.18000030517578,28.280000686645508,52203100,0.007757154782384035,0.3267797248128305,1485178201.6379673
2008-05-23,20.335092544555664,28.049999237060547,28.329999923706055,27.950000762939453,28.260000228881836,48890700,-0.014861381274160035,0.25126176727892247,1374317575.7566452
2008-05-27,20.617813110351562,28.440000534057617,28.5,28.049999237060547,28.110000610351562,47334500,0.013807325893033795,0.23919091676262413,1340986381.3886642
2008-05-28,20.42933464050293,28.18000030517578,28.56999969482422,28.040000915527344,28.559999465942383,52318500,-0.009183575709078795,0.23762999706883295,1478695220.966339
2008-05-29,20.523576736450195,28.309999465942383,28.68000030517578,28.139999389648438,28.209999084472656,47699200,0.004602469477124949,0.23791352726333695,1353544285.3230793
2008-05-30,20.530818939208984,28.31999969482422,28.700000762939453,28.200000762939453,28.3799991607666,63399200,0.00035281010545729075,0.21038009054218418,1800959967.1305337
2008-06-02,20.153841018676758,27.799999237060547,28.360000610351562,27.549999237060547,28.239999771118164,77028400,-0.01853222861288062,0.21805556740864102,2149349097.826131
2008-06-03,19.79861068725586,27.309999465942383,28.309999465942383,27.270000457763672,27.90999984741211,86616700,-0.017783123572707282,0.22434955117379932,2393219403.3777876
2008-06-04,19.965351104736328,27.540000915527344,27.639999389648438,27.200000762939453,27.280000686645508,79567400,0.008386558444551717,0.21109813863032548,2184920832.3290505
2008-06-05,20.51631736755371,28.299999237060547,28.299999237060547,27.600000381469727,27.719999313354492,76063400,0.027222212304990112,0.23058675846554436,2134846064.317449
2008-06-06,19.92909812927246,27.489999771118164,28.170000076293945,27.489999771118164,27.989999771118164,78500800,-0.02903965739516634,0.2490739826248418,2175780496.6847734
2008-06-09,20.088594436645508,27.709999084472656,27.90999984741211,27.299999237060547,27.649999618530273,66787100,0.007971331763853229,0.2508123661724545,1845995403.2363892
2008-06-10,20.21908950805664,27.889999389648438,28.290000915527344,27.31999969482422,27.360000610351562,77433900,0.006474970256768131,0.23919692468946827,2155243550.0
2008-06-11,19.660869598388672,27.1200008392334,27.940000534057617,27.110000610351562,27.850000381469727,59330800,-0.027996837701443233,0.25382466676358223,1625070651.230367
2008-06-12,20.472822189331055,28.239999771118164,28.549999237060547,27.190000534057617,27.399999618530273,113996300,0.040467914100713376,0.2968676740385761,3191136407.2722116
2008-06-13,21.074539184570312,29.06999969482422,29.56999969482422,28.5,28.6299991607666,131969100,0.028967378445444503,0.30941558473059966,3833262431.150818
2008-06-16,20.973045349121094,28.93000030517578,29.110000610351562,28.639999389648438,29.020000457763672,74718900,-0.004827579690422024,0.3060253360447355,2158878091.6007996
2008-06-17,20.878795623779297,28.799999237060547,29.1200008392334,28.790000915527344,29.040000915527344,44256700,-0.004503977960276462,0.3006550813617811,1279166166.9649124
2008-06-18,20.632314682006836,28.459999084472656,28.860000610351562,28.459999084472656,28.549999237060547,49677800,-0.011875559901679988,0.2917844725201293,1420453874.4527183
2008-06-19,20.973045349121094,28.93000030517578,29.190000534057617,28.329999923706055,28.549999237060547,62037800,0.01637953786195645,0.2901685120401343,1787722619.1103616
2008-06-20,20.4655704498291,28.229999542236328,28.920000076293945,28.100000381469727,28.899999618530273,97480400,-0.0244940744903559,0.3021760299277492,2770068033.3333335
2008-06-23,20.277082443237305,27.969999313354492,28.40999984741211,27.790000915527344,28.299999237060547,57145300,-0.009252679339366132,0.2994097994830209,1603306635.1199467
2008-06-24,20.10309410095215,27.729999542236328,28.010000228881836,27.510000228881836,27.920000076293945,65218300,-0.008617566038955804,0.2962807979559659,1809807825.0
2008-06-25,20.552566528320312,28.350000381469727,28.670000076293945,27.760000228881836,27.809999465942383,64280200,0.022112086444016743,0.3053853920127095,1816558466.7125702
2008-06-26,20.117591857910156,27.75,28.200000762939453,27.75,28.030000686645508,67049100,-0.021391175935393303,0.3138951605012777,1870669907.051468
2008-06-27,20.03059959411621,27.6299991607666,27.90999984741211,27.459999084472656,27.68000030517578,73450200,-0.004333565064278844,0.31405957400010237,2032122153.3016205
2008-06-30,19.943605422973633,27.510000228881836,27.979999542236328,27.489999771118164,27.729999542236328,57830500,-0.004352522254959634,0.3079914798591168,1599591621.175766
2008-07-01,19.479631423950195,26.8700008392334,27.3799991607666,26.440000534057617,27.270000457763672,100327800,-0.023539184484722142,0.31266400770765623,2698483411.8602753
2008-07-02,18.761919021606445,25.8799991607666,27.0,25.8799991607666,26.899999618530273,84669000,-0.03754014568452968,0.3352022264841325,2222843432.6286316
2008-07-03,18.83441162109375,25.979999542236328,26.100000381469727,25.600000381469727,25.969999313354492,37074500,0.0038563704536089816,0.31786227363391223,959982390.4380798
2008-07-07,18.870670318603516,26.030000686645508,26.389999389648438,25.450000762939453,26.110000610351562,71527600,0.001923279665299038,0.3052711057949349,1856618090.676117
2008-07-08,18.740175247192383,25.850000381469727,26.200000762939453,25.510000228881836,25.93000030517578,65553200,-0.00693925345704427,0.3030366650014189,1694768760.67454
2008-07-09,18.29070472717285,25.229999542236328,25.850000381469727,25.18000030517578,25.790000915527344,54255800,-0.02427663587383888,0.3089349866368257,1379182440.139389
2008-07-10,18.450193405151367,25.450000762939453,25.670000076293945,24.979999542236328,25.200000762939453,57830600,0.008681860698515731,0.3004981891074292,1466969560.6868744
2008-07-11,18.30520248413086,25.25,25.639999389648438,24.8700008392334,25.15999984741211,69532600,-0.007889544900318235,0.2551535820538422,1755929930.6382496
2008-07-14,18.232694625854492,25.149999618530273,25.809999465942383,25.06999969482422,25.479999542236328,51216200,-0.0039689177096642325,0.2222639749523486,1297989207.8267417
2008-07-15,18.957658767700195,26.149999618530273,26.639999389648438,24.93000030517578,24.93000030517578,92719300,0.03899161600038159,0.2739557499153,2402047977.4449034
2008-07-16,19.762365341186523,27.260000228881836,27.290000915527344,25.920000076293945,26.1299991607666,82060400,0.04157138217114831,0.3179607850560317,2201133496.057129
2008-07-17,19.950851440429688,27.520000457763672,27.90999984741211,27.110000610351562,27.579999923706055,96526100,0.00949243248627063,0.31882497562306583,2655754794.1240945
2008-07-18,18.74742317199707,25.860000610351562,26.469999313354492,25.110000610351562,26.360000610351562,150277000,-0.06221550899832673,0.3739290170910869,3879150320.0855255
2008-07-21,18.58793067932129,25.639999389648438,26.170000076293945,25.530000686645508,25.65999984741211,77575600,-0.0085438302535632,0.3678008333742866,1999898971.945699
2008-07-22,18.70392417907715,25.799999237060547,25.940000534057617,25.479999542236328,25.540000915527344,88657200,0.006220869102246507,0.36933955049504985,2282036307.7079773
2008-07-23,19.1606502532959,26.43000030517578,26.84000015258789,25.850000381469727,25.860000610351562,79408800,0.024125359036493155,0.38139998230295374,2094274774.2141724
2008-07-24,18.442934036254883,25.440000534057617,26.170000076293945,25.440000534057617,26.09000015258789,81092600,-0.03817739196374337,0.38952859697701997,2082728307.6010385
2008-07-25,18.96491241455078,26.15999984741211,26.219999313354492,25.5,25.639999389648438,58682300,0.027909238795829072,0.40122055494268194,1523392491.5839515
2008-07-28,18.48644256591797,25.5,26.110000610351562,25.34000015258789,26.059999465942383,59707800,-0.025552927707100714,0.40878757755429734,1531505085.1844788
2008-07-29,18.92865753173828,26.110000610351562,26.190000534057617,25.399999618530273,25.520000457763672,66368200,0.02363941605189135,0.4198161187451518,1718936396.8783062
2008-07-30,19.015649795532227,26.229999542236328,26.489999771118164,25.899999618530273,26.200000762939453,51977700,0.004585268375516982,0.4133781659814844,1362162239.4939423
2008-07-31,18.645931243896484,25.719999313354492,26.280000686645508,25.709999084472656,25.850000381469727,60461000,-0.019634355160198957,0.39789960716788775,1566141418.2154336
2008-08-01,18.442934036254883,25.440000534057617,25.950000762939453,25.06999969482422,25.920000076293945,82720200,-0.010946640355937731,0.39924033322636576,2108262191.3478851
2008-08-04,18.32695198059082,25.280000686645508,25.549999237060547,25.110000610351562,25.389999389648438,60588300,-0.006308555879883659,0.39948359153251706,1533691844.785881
2008-08-05,19.001155853271484,26.209999084472656,26.280000686645508,25.5,25.639999389648438,84297600,0.03612704951214951,0.41933693150984214,2191456601.5686035
2008-08-06,19.588375091552734,27.020000457763672,27.15999984741211,26.3799991607666,26.729999542236328,95550000,0.030436471005942156,0.421011411377988,2565835982.990265
2008-08-07,19.856616973876953,27.389999389648438,27.75,26.729999542236328,26.899999618530273,82565800,0.013601017689994777,0.4221275239251516,2253220652.603404
2008-08-08,20.393083572387695,28.1299991607666,28.229999542236328,27.190000534057617,27.350000381469727,80814100,0.026658502398940964,0.4270972575298759,2250672664.4479113
2008-08-11,20.226335525512695,27.899999618530273,28.399999618530273,27.65999984741211,27.860000610351562,68743800,-0.008210308629359897,0.4285193520327885,1923909795.0210571
2008-08-12,20.385828018188477,28.1200008392334,28.360000610351562,27.579999923706055,27.780000686645508,62813000,0.007854460275748654,0.410743417570403,1760020288.7535095
2008-08-13,20.233585357666016,27.90999984741211,28.5,27.760000228881836,28.06999969482422,51165200,-0.007496089222486013,0.3880937684380216,1435524962.6345315
2008-08-14,20.233585357666016,27.90999984741211,28.280000686645508,27.559999465942383,27.81999969482422,49732300,0.0,0.3869192540883219,1388360041.6666667
2008-08-15,20.16109275817871,27.809999465942383,28.149999618530273,27.579999923706055,27.979999542236328,47267400,-0.0035892192086879326,0.31287746196771854,1316239516.3730621
2008-08-18,20.074094772338867,27.690000534057617,28.049999237060547,27.549999237060547,27.780000686645508,38078200,-0.004324479479750121,0.3111438088026904,1057177746.7444103
2008-08-19,19.884851455688477,27.31999969482422,27.75,27.270000457763672,27.540000915527344,40332900,-0.009471958066452846,0.31435497448453975,1107003664.0514374
2008-08-20,19.863021850585938,27.290000915527344,27.579999923706055,27.170000076293945,27.540000915527344,41497200,-0.0010984037877501684,0.30503385280980505,1134810108.6639404
2008-08-21,19.782960891723633,27.18000030517578,27.229999542236328,26.860000610351562,27.100000381469727,43614200,-0.004038798493732454,0.26945075810652247,1181508684.6549988
2008-08-22,20.263338088989258,27.84000015258789,27.8799991607666,27.219999313354492,27.229999542236328,47930400,0.023992241603948194,0.2652897649773933,1325115770.059204
2008-08-25,20.132322311401367,27.65999984741211,27.84000015258789,27.459999084472656,27.610000610351562,51381300,-0.006486649094516128,0.24670165606072675,1420864200.3196716
2008-08-26,19.848464965820312,27.270000457763672,27.719999313354492,27.170000076293945,27.579999923706055,44774400,-0.014199926244413685,0.2439785125292043,1226221565.7226562
2008-08-27,20.059541702270508,27.559999465942383,27.790000915527344,27.1299991607666,27.34000015258789,33975300,0.010578263479135597,0.24553943016914032,934094242.8157806
2008-08-28,20.336118698120117,27.940000534057617,28.010000228881836,27.600000381469727,27.610000610351562,48372600,0.013693615351665134,0.23420268716493733,1347176928.4526825
2008-08-29,19.863021850585938,27.290000915527344,27.780000686645508,27.290000915527344,27.68000030517578,50735500,-0.023538746602086658,0.24819182526812106,1392858635.9122593
2008-09-02,19.7247257232666,27.100000381469727,27.760000228881836,27.059999465942383,27.670000076293945,66079200,-0.006986843070535986,0.24854761388576152,1804402689.680481
2008-09-03,19.579160690307617,26.899999618530273,27.18000030517578,26.84000015258789,27.0,57127700,-0.007407191084366271,0.2210427409045345,1540924496.1194992
2008-09-04,19.178834915161133,26.350000381469727,26.889999389648438,26.350000381469727,26.739999771118164,66141900,-0.020658447687632808,0.2070007305868554,1754744610.364151
2008-09-05,18.66935157775879,25.649999618530273,26.219999313354492,25.6299991607666,26.030000686645508,82305200,-0.026924096585780433,0.2180338658826901,2126217614.33843
2008-09-08,19.011436462402344,26.1200008392334,26.329999923706055,25.670000076293945,26.209999084472656,62110800,0.01815749091298402,0.20501824449649583,1617365249.3751526
2008-09-09,18.996883392333984,26.100000381469727,26.600000381469727,26.049999237060547,26.200000762939453,85735700,-0.0007657834303209654,0.20448388847935825,2250562125.0
2008-09-10,19.244346618652344,26.440000534057617,26.860000610351562,26.25,26.520000457763672,75064900,0.01294240172351424,0.20864473038859777,1990470960.3016536
2008-09-11,19.8994083404541,27.34000015258789,27.459999084472656,26.030000686645508,26.100000381469727,72913300,0.033472664200164814,0.24260872703614325,1964527344.4790523
2008-09-12,20.103208541870117,27.6200008392334,27.739999771118164,26.940000534057617,27.139999389648438,75628500,0.010189431621466571,0.24559231994214725,2074741878.8499832
2008-09-15,19.520931243896484,26.81999969482422,27.489999771118164,26.729999542236328,26.920000076293945,82349400,-0.029392144260623088,0.2653465033954773,2224531764.774704
2008-09-16,18.91680908203125,25.989999771118164,26.489999771118164,25.520000457763672,26.09000015258789,111729700,-0.03143639078323268,0.2847097997487083,2904972200.0
2008-09-17,17.883272171020508,24.56999969482422,25.8700008392334,24.5,25.729999542236328,106972100,-0.056185135901252625,0.33887284027544273,2672163077.0430884
2008-09-18,18.385486602783203,25.260000228881836,25.350000381469727,24.010000228881836,24.799999237060547,132291300,0.02769582145374505,0.35750707777705826,3290525639.007759
2008-09-19,18.31269073486328,25.15999984741211,26.399999618530273,23.5,26.3700008392334,134926100,-0.003967279504365262,0.3575067251023348,3375850997.9805627
2008-09-22,18.487380981445312,25.399999618530273,26.31999969482422,25.31999969482422,26.219999313354492,105207700,0.00949408795223361,0.34662762313398404,2701733701.2175875
2008-09-23,18.516494750976562,25.440000534057617,26.170000076293945,25.34000015258789,25.65999984741211,92181300,0.0015735527677738226,0.3471921044434669,2364450368.442917
2008-09-24,18.720293045043945,25.719999313354492,26.09000015258789,25.459999084472656,25.579999923706055,80250300,0.01094618204379083,0.34894685999029035,2066980188.2234573
2008-09-25,19.36808204650879,26.610000610351562,26.8799991607666,25.739999771118164,25.81999969482422,96203500,0.034018330773280425,0.36921193837207955,2540734420.320511
2008-09-26,19.943084716796875,27.399999618530273,27.559999465942383,26.139999389648438,26.170000076293945,100744300,0.029255996692755915,0.38114896683216987,2723454192.0921326
2008-09-29,18.203523635864258,25.010000228881836,27.65999984741211,25.010000228881836,26.940000534057617,134383100,-0.09126727079892927,0.48856141442472506,3479626416.3368225
2008-09-30,19.426311492919922,26.690000534057617,26.690000534057617,25.540000915527344,25.770000457763672,107192700,0.06501322798803688,0.544042974015283,2819882698.8773346
2008-10-01,19.27345085144043,26.479999542236328,26.989999771118164,26.280000686645508,26.3799991607666,88957000,-0.007899864350271013,0.5441214594855825,2364773583.333333
2008-10-02,19.106054306030273,26.25,26.530000686645508,25.700000762939453,26.18000030517578,93819800,-0.008723281148840467,0.5401819750382538,2454326013.333257
2008-10-03,19.157005310058594,26.31999969482422,27.469999313354492,26.239999771118164,26.3700008392334,114289400,0.002663197070710055,0.531358954891427,3048860180.8288574
2008-10-06,18.130733489990234,24.90999984741211,25.989999771118164,24.139999389648438,25.6299991607666,146374600,-0.05505998006823942,0.5615940303184687,3661316612.940852
2008-10-07,16.907949447631836,23.229999542236328,25.209999084472656,23.139999389648438,24.979999542236328,145941200,-0.06982458835002125,0.6080128368378038,3482156935.5016074
2008-10-08,16.747819900512695,23.010000228881836,24.299999237060547,22.5,22.899999618530273,171598600,-0.009515798244117413,0.6042316055737318,3993099391.452153
2008-10-09,16.23104476928711,22.299999237060547,23.90999984741211,22.06999969482422,23.770000457763672,131948700,-0.03134234242965839,0.5910684306618843,3003152358.3099365
2008-10-10,15.648762702941895,21.5,22.350000381469727,20.649999618530273,21.790000915527344,228467500,-0.03653389883140257,0.5928743760741076,4912051250.0
2008-10-13,18.5601749420166,25.5,25.5,22.6299991607666,22.860000610351562,144935400,0.17062629972301702,0.8633463744603888,3557197793.455124
2008-10-14,17.541181564331055,24.100000381469727,25.729999542236328,23.600000381469727,25.639999389648438,165674900,-0.05646680440670471,0.8781251243077575,4055169319.1866555
2008-10-15,16.493074417114258,22.65999984741211,24.25,22.479999542236328,23.780000686645508,113280200,-0.06161078816395982,0.8823955787953845,2620171002.9530845
2008-10-16,17.606685638427734,24.190000534057617,24.190000534057617,21.309999465942383,22.940000534057617,161147800,0.0653381352349367,0.9086764432015559,3743463422.6874037
2008-10-17,17.41744613647461,23.93000030517578,25.110000610351562,23.309999465942383,23.56999969482422,133673100,-0.01080634031039418,0.9091553818857291,3223749611.9974136
2008-10-20,17.99245262145996,24.719999313354492,24.75,23.010000228881836,24.200000762939453,93484300,0.0324800157353442,0.9164272716539016,2258580673.735428
2008-10-21,17.002565383911133,23.360000610351562,25.010000228881836,23.270000457763672,24.299999237060547,100385600,-0.05658813355089887,0.9359678932164522,2397208171.399943
2008-10-22,15.670601844787598,21.530000686645508,23.059999465942383,20.899999618530273,23.040000915527344,150054800,-0.08157777452383685,0.9711030255387374,3275696272.5517273
2008-10-23,16.245609283447266,22.31999969482422,22.59000015258789,20.889999389648438,21.549999237060547,154774100,0.03603621124067535,0.9722508910105395,3394711887.3055778
2008-10-24,15.983576774597168,21.959999084472656,22.860000610351562,20.950000762939453,21.059999465942383,153919700,-0.01626093083409419,0.9625129316251676,3374432913.152949
2008-10-27,15.415862083435059,21.18000030517578,21.959999084472656,21.020000457763672,21.670000076293945,117683900,-0.0361647587440741,0.9227184839433694,2516866335.3476205
2008-10-28,16.813329696655273,23.100000381469727,23.209999084472656,21.34000015258789,21.639999389648438,134088800,0.08677502138548743,0.9472533201722522,3023702422.9497275
2008-10-29,16.74054527282715,23.0,23.969999313354492,22.700000762939453,23.1299991607666,111701800,-0.004338368552262661,0.9473013874001689,2594088138.174057
2008-10-30,16.47123908996582,22.6299991607666,23.8799991607666,22.389999389648438,23.690000534057617,95323000,-0.01621786307026918,0.9478234396154855,2189251493.9409895
2008-10-31,16.252885818481445,22.329999923706055,22.90999984741211,22.1200008392334,22.530000686645508,93055200,-0.013345292670441822,0.9472958118692524,2089399442.932129
2008-11-03,16.463964462280273,22.6200008392334,22.90999984741211,22.209999084472656,22.479999542236328,61923500,0.012903538740346221,0.9340434470583838,1398232625.2756119
2008-11-04,17.126300811767578,23.530000686645508,23.65999984741211,22.8700008392334,23.1299991607666,72123000,0.0394413204960431,0.9145282978186414,1684312493.0152893
2008-11-05,16.070924758911133,22.079999923706055,23.34000015258789,22.049999237060547,23.329999923706055,81179700,-0.06360361731135988,0.9408638464005528,1825731434.4194412
2008-11-06,15.197500228881836,20.8799991607666,22.079999923706055,20.860000610351562,21.8700008392334,95509700,-0.05588076806214115,0.9542210727051145,2031809674.9509177
2008-11-07,15.648762702941895,21.5,21.540000915527344,21.0,21.31999969482422,71256300,0.02926089764458739,0.9524891991113608,1521084505.745697
2008-11-10,15.503202438354492,21.299999237060547,21.969999313354492,21.190000534057617,21.850000381469727,67106800,-0.009345241835208018,0.7218743107870788,1441901422.1872966
2008-11-11,15.430415153503418,21.200000762939453,21.299999237060547,20.790000915527344,21.290000915527344,78014500,-0.004706039891308134,0.7008966217817523,1645845925.4748027
2008-11-12,14.775350570678711,20.299999237060547,21.0,20.280000686645508,20.889999389648438,90162300,-0.043380281320730685,0.6854741728654482,1850731475.7070541
2008-11-13,15.466806411743164,21.25,21.25,18.739999771118164,20.149999618530273,148413700,0.04573591546672384,0.6629347113293244,3029618318.0102663
2008-11-14,14.600665092468262,20.059999465942383,21.34000015258789,19.649999618530273,20.559999465942383,96624500,-0.05762912380992313,0.6861712371086638,1966308550.4271188
2008-11-17,14.062060356140137,19.31999969482422,20.239999771118164,19.149999618530273,19.739999771118164,97289000,-0.037586666042818795,0.6757756078087458,1903945700.3097534
2008-11-18,14.377154350280762,19.6200008392334,19.65999984741211,18.75,19.5,108966500,0.022160027387413184,0.6656282658335332,2107775356.607119
2008-11-19,13.402554512023926,18.290000915527344,19.950000762939453,18.25,19.6299991607666,103010500,-0.0701951192860224,0.6508589648262236,1939687772.6332347
2008-11-20,12.845643997192383,17.530000686645508,18.84000015258789,17.5,18.1200008392334,139532800,-0.04244055868766239,0.6407893659214864,2505544017.7001953
2008-11-21,14.42111873626709,19.68000030517578,19.700000762939453,17.979999542236328,18.020000457763672,157231900,0.11568894578657263,0.7771667718440023,3006273959.9889116
2008-11-24,15.161223411560059,20.690000534057617,20.940000534057617,19.8700008392334,19.889999389648438,125289900,0.050047365816281886,0.7909236811264667,2568443029.657173
2008-11-25,14.648280143737793,19.989999771118164,20.93000030517578,19.549999237060547,20.860000610351562,92948100,-0.03441814468944182,0.7306249564326769,1873523847.7258682
2008-11-26,15.014664649963379,20.489999771118164,20.68000030517578,19.729999542236328,19.729999542236328,79678300,0.02470443461140892,0.7387683099434686,1617469479.8683803
2008-11-28,14.816814422607422,20.219999313354492,20.309999465942383,20.020000457763672,20.229999542236328,28650800,-0.013264721329558249,0.7382959774968157,578268639.3803915
2008-12-01,13.637042999267578,18.610000610351562,19.950000762939453,18.600000381469727,19.8799991607666,79639900,-0.08297280551834518,0.7856466508686926,1517405607.9163234
2008-12-02,14.032746315002441,19.149999618530273,19.309999465942383,18.559999465942383,18.989999771118164,79689800,0.02860378085725168,0.7929488525181462,1514637426.8276215
2008-12-03,14.560347557067871,19.8700008392334,19.899999618530273,18.600000381469727,18.649999618530273,80961500,0.03690829230092474,0.7910860236304055,1575240940.981865
2008-12-04,14.003436088562012,19.110000610351562,19.920000076293945,18.790000915527344,19.399999618530273,78719200,-0.038999178763050146,0.7737306910995279,1517181423.3739216
2008-12-05,14.560347557067871,19.8700008392334,19.979999542236328,18.469999313354492,18.90999984741211,91996200,0.038999178763050146,0.7676385886068514,1788406118.6416626
2008-12-08,15.39571475982666,21.010000228881836,21.25,20.139999389648438,20.350000381469727,107225000,0.0557872951871361,0.7865640908485366,2230279986.3656363
2008-12-09,15.09527587890625,20.600000381469727,21.25,20.459999084472656,20.6200008392334,80484900,-0.01970736917876348,0.7887938653791,1671671358.672142
2008-12-10,15.102607727050781,20.610000610351562,20.959999084472656,20.299999237060547,20.81999969482422,61499000,0.00048558689637134833,0.7887186628534014,1268314354.7706604
2008-12-11,14.252579689025879,19.450000762939453,20.1200008392334,19.309999465942383,20.110000610351562,83564300,-0.05792950492672855,0.8000764067659795,1640088691.085434
2008-12-12,14.186634063720703,19.360000610351562,19.850000381469727,18.700000762939453,19.149999618530273,78112600,-0.004637662916743057,0.7811222156727345,1507833601.0229747
2008-12-15,13.952143669128418,19.040000915527344,19.440000534057617,18.889999389648438,19.34000015258789,59925900,-0.016667093723120363,0.7584247138697248,1145982977.763939
2008-12-16,14.736210823059082,20.110000610351562,20.18000030517578,19.0,19.209999084472656,97688700,0.05467462157904279,0.7713570302699594,1930654370.8122253
2008-12-17,14.406466484069824,19.65999984741211,20.049999237060547,19.5,19.809999465942383,78922700,-0.02263061890077278,0.7724222319586864,1557670998.2480369
2008-12-18,14.142661094665527,19.299999237060547,20.020000457763672,18.989999771118164,19.860000610351562,80759200,-0.018481328187948787,0.732828460854308,1569689636.289978
2008-12-19,14.010760307312012,19.1200008392334,19.799999237060547,19.110000610351562,19.420000076293945,113530400,-0.009370211211797042,0.7159050230793395,2196056396.651713
2008-12-22,14.054728507995605,19.18000030517578,19.290000915527344,18.889999389648438,19.239999771118164,58575400,0.0031332599937061723,0.5902014663587257,1119961659.9171956
2008-12-23,14.128009796142578,19.280000686645508,19.56999969482422,19.010000228881836,19.280000686645508,47511400,0.005200449474553448,0.5607116362845749,916336544.3328857
2008-12-24,14.047399520874023,19.170000076293945,19.450000762939453,19.100000381469727,19.260000228881836,16880400,-0.005722046079637,0.5494699834856221,324778902.86865234
2008-12-26,14.018086433410645,19.1299991607666,19.329999923706055,19.09000015258789,19.200000762939453,23101000,-0.0020889072200764858,0.5407550641585601,443154177.45844525
2008-12-29,13.89351749420166,18.959999084472656,19.209999084472656,18.639999389648438,19.149999618530273,58512800,-0.00892601991663966,0.5399689958288773,1108037341.7154946
2008-12-30,14.171972274780273,19.34000015258789,19.489999771118164,19.0,19.010000228881836,43224100,0.01984386663352078,0.4598466306753937,833216566.567421
2008-12-31,14.245253562927246,19.440000534057617,19.68000030517578,19.270000457763672,19.309999465942383,46419000,0.005157537263261958,0.4497503943697676,903468490.0684357
2009-01-02,14.897422790527344,20.329999923706055,20.399999618530273,19.3700008392334,19.530000686645508,50084000,0.04476446298543779,0.45844558705554034,1003349473.0351766
2009-01-05,15.036660194396973,20.520000457763672,20.670000076293945,20.059999465942383,20.200000762939453,61475200,0.009303001407442668,0.43501299881576805,1255118666.6666667
2009-01-06,15.212520599365234,20.760000228881836,21.0,20.610000610351562,20.75,58083400,0.011627580100926238,0.4168443467697945,1207553902.2485096
2009-01-07,14.29654598236084,19.510000228881836,20.290000915527344,19.479999542236328,20.190000534057617,72709900,-0.062100844025145374,0.4253120262187264,1436747640.6419754
2009-01-08,14.743549346923828,20.1200008392334,20.190000534057617,19.549999237060547,19.6299991607666,70255400,0.030787686320770113,0.437088530808672,1401829428.9601645
2009-01-09,14.303877830505371,19.520000457763672,20.299999237060547,19.40999984741211,20.170000076293945,49815300,-0.030274977253721413,0.44842207955760127,983520065.3987885
2009-01-12,14.267232894897461,19.469999313354492,19.790000915527344,19.299999237060547,19.709999084472656,52163500,-0.0025651754357136625,0.40092548257532135,1018231510.7138951
2009-01-13,14.52370834350586,19.81999969482422,19.989999771118164,19.520000457763672,19.520000457763672,65843500,0.017816870320270795,0.40512130885356146,1302164949.9921799
2009-01-14,13.988777160644531,19.09000015258789,19.68000030517578,19.010000228881836,19.530000686645508,80257500,-0.0375269955925388,0.4227415543344984,1545759468.369484
2009-01-15,14.098695755004883,19.239999771118164,19.299999237060547,18.520000457763672,19.06999969482422,96169800,0.007826916706250575,0.3749520831879761,1829149578.8799286
2009-01-16,14.443103790283203,19.709999084472656,19.90999984741211,19.149999618530273,19.6299991607666,79634100,0.02413476083225108,0.3777611946308134,1560031980.521202
2009-01-20,13.541779518127441,18.479999542236328,19.6200008392334,18.3700008392334,19.459999084472656,89873000,-0.0644373686995725,0.43535480580202635,1691709473.236084
2009-01-21,14.20128345489502,19.3799991607666,19.450000762939453,18.459999084472656,18.8700008392334,68340900,0.0475526590769495,0.4668960574804388,1305083364.4060135
2009-01-22,12.537873268127441,17.110000610351562,18.18000030517578,17.06999969482422,18.049999237060547,222436600,-0.12457841969168415,0.6366439163055614,3882260170.588176
2009-01-23,12.603827476501465,17.200000762939453,17.489999771118164,16.75,16.969999313354492,117020600,0.005246610826922016,0.6366539041895858,2006513242.1652474
2009-01-26,12.91891860961914,17.6299991607666,17.809999465942383,17.229999542236328,17.290000915527344,92476500,0.02469226010002812,0.6452828772315093,1623579028.5568237
2009-01-27,12.940903663635254,17.65999984741211,17.969999313354492,17.43000030517578,17.780000686645508,61695000,0.001700325631055044,0.6455712399679142,1091178889.017105
2009-01-28,13.219364166259766,18.040000915527344,18.309999465942383,17.760000228881836,17.799999237060547,64145500,0.021289615380713833,0.6511052982430643,1156971014.717102
2009-01-29,12.889610290527344,17.59000015258789,17.959999084472656,17.559999465942383,17.780000686645508,49192800,-0.025261153896771305,0.6503140390931892,870876514.7323608
2009-01-30,12.530546188354492,17.100000381469727,17.790000915527344,17.100000381469727,17.739999771118164,62370900,-0.028252224611397203,0.6541670550305416,1080887731.8958282
2009-02-02,13.065472602844238,17.829999923706055,18.1299991607666,17.0,17.030000686645508,88871700,0.04180371310807107,0.6513225697185802,1568881716.8785095
2009-02-03,13.556438446044922,18.5,18.610000610351562,17.600000381469727,17.850000381469727,86865100,0.03688852502440909,0.6666015069707742,1584129902.384885
2009-02-04,13.65169620513916,18.6299991607666,19.0,18.5,18.540000915527344,75618000,0.007002181481885028,0.6653227742992955,1414812758.846283
2009-02-05,13.952143669128418,19.040000915527344,19.139999389648438,18.25,18.510000228881836,75195200,0.02176938647594806,0.6379984180423844,1414421719.6492515
2009-02-06,14.406466484069824,19.65999984741211,19.93000030517578,19.059999465942383,19.15999984741211,86746000,0.03204400267827001,0.6388068462709051,1695884288.9696758
2009-02-09,14.245253562927246,19.440000534057617,19.770000457763672,19.260000228881836,19.639999389648438,52196400,-0.011253399251056617,0.6312268852001484,1017307857.2387697
2009-02-10,13.776273727416992,18.799999237060547,19.799999237060547,18.700000762939453,19.25,83953200,-0.033475950562393386,0.641656155359457,1603506098.6495972
2009-02-11,14.076708793640137,19.209999084472656,19.489999771118164,18.920000076293945,18.940000534057617,58599000,0.021573755589956445,0.6432294431313422,1125491439.1365051
2009-02-12,14.113353729248047,19.260000228881836,19.31999969482422,18.540000915527344,18.969999313354492,75323200,0.002599849235458418,0.629802469057256,1434153749.0712483
2009-02-13,13.988777160644531,19.09000015258789,19.469999313354492,19.040000915527344,19.270000457763672,47416000,-0.008866045435293124,0.6299846342705211,910387206.0292561
2009-02-17,13.34688949584961,18.09000015258789,18.5,17.889999389648438,18.489999771118164,75853300,-0.046972015621702834,0.6430046143069867,1377495916.425705
2009-02-18,13.369025230407715,18.1200008392334,18.450000762939453,18.0,18.219999313354492,54946900,0.001657120098667697,0.6041469323213272,999484140.3448105
2009-02-19,13.214081764221191,17.90999984741211,18.3799991607666,17.809999465942383,18.299999237060547,49195600,-0.011657419946414116,0.578832826002083,887160628.3111572
2009-02-20,13.280488967895508,18.0,18.190000534057617,17.65999984741211,17.770000457763672,69413800,0.005012901957079929,0.37549862184655064,1245977718.826421
2009-02-23,12.697616577148438,17.209999084472656,18.149999618530273,17.15999984741211,18.020000457763672,70803400,-0.044881658480654174,0.40998135312761463,1239531488.4548187
2009-02-24,12.668108940124512,17.170000076293945,17.350000381469727,16.360000610351562,17.030000686645508,122674500,-0.0023265764911104547,0.4003287116714014,2080559563.6768339
2009-02-25,12.51317024230957,16.959999084472656,17.239999771118164,16.459999084472656,17.010000228881836,105894600,-0.01230601924464958,0.4020760967069291,1788206739.2879488
2009-02-26,12.114755630493164,16.420000076293945,17.079999923706055,16.420000076293945,17.049999237060547,83219500,-0.03235752578249329,0.4062775638494311,1384772482.1163814
2009-02-27,11.915546417236328,16.149999618530273,16.520000457763672,16.100000381469727,16.290000915527344,93428000,-0.016580214135421212,0.40173599961568707,1518827867.589315
2009-03-02,11.64993667602539,15.789999961853027,16.25,15.720000267028809,15.960000038146973,80602100,-0.02254322464513825,0.3978474910570584,1283185438.1494522
2009-03-03,11.716341972351074,15.880000114440918,16.239999771118164,15.640000343322754,16.030000686645508,80476600,0.0056838725670660395,0.3640498633739999,1281187478.1398773
2009-03-04,11.893411636352539,16.1200008392334,16.399999618530273,15.890000343322754,16.1200008392334,69285100,0.014999985766360524,0.33898965859878544,1118030582.1677845
2009-03-05,11.266280174255371,15.270000457763672,15.880000114440918,15.270000457763672,15.859999656677246,89708500,-0.05417039362377096,0.3725920880942773,1388089554.1323028
2009-03-06,11.273658752441406,15.279999732971191,15.619999885559082,14.869999885559082,15.350000381469727,92821400,0.0006547114855632863,0.3570277210366369,1416145143.9896266
2009-03-09,11.177740097045898,15.149999618530273,15.739999771118164,15.100000381469727,15.199999809265137,66479100,-0.008544611373748623,0.3217318136300365,1019124597.9280472
2009-03-10,12.15902042388916,16.479999542236328,16.6200008392334,15.25,15.369999885559082,95184200,0.08414700676304854,0.46465172282348527,1534052035.4366302
2009-03-11,12.62384033203125,17.110000610351562,17.200000762939453,16.43000030517578,16.6299991607666,84522200,0.03751580000673638,0.48010865984539425,1429552189.955902
2009-03-12,12.550063133239746,17.010000228881836,17.040000915527344,16.479999542236328,17.010000228881836,93694100,-0.005861419951719515,0.47072149711724387,1578120979.1115441
2009-03-13,12.284449577331543,16.649999618530273,17.049999237060547,16.18000030517578,16.979999542236328,82965800,-0.021391495582795184,0.4726801018178668,1379444678.1241097
2009-03-16,11.989326477050781,16.25,16.959999084472656,16.239999771118164,16.81999969482422,67028900,-0.024317406781627415,0.47648132440757707,1104859676.0971704
2009-03-17,12.468899726867676,16.899999618530273,16.899999618530273,16.260000228881836,16.31999969482422,62481000,0.03922072845012936,0.48029854762454627,1042599608.877182
2009-03-18,12.51317024230957,16.959999084472656,17.219999313354492,16.600000381469727,17.030000686645508,70710700,0.003544186837810326,0.4805932957965422,1196896419.8944092
2009-03-19,12.645973205566406,17.139999389648438,17.450000762939453,16.920000076293945,17.3700008392334,58994600,0.010557131801466557,0.4818743108532945,1012937286.5009308
2009-03-20,12.58695125579834,17.059999465942383,17.649999618530273,16.8799991607666,17.31999969482422,81725500,-0.004678178108241227,0.48121327811344217,1405406133.863767
2009-03-23,13.523961067199707,18.329999923706055,18.59000015258789,17.309999465942383,17.3700008392334,71600000,0.07180234332930402,0.5200514571564211,1294289322.4080405
2009-03-24,13.228839874267578,17.93000030517578,18.209999084472656,17.84000015258789,18.040000915527344,50044100,-0.022063720786095864,0.5271068381965364,900460165.030543
2009-03-25,13.191946983337402,17.8799991607666,18.309999465942383,17.520000457763672,17.979999542236328,73927100,-0.0027927188623992905,0.5248386300690301,1323541491.105906
2009-03-26,13.892865180969238,18.829999923706055,18.8799991607666,18.1200008392334,18.170000076293945,63775100,0.051768845622115034,0.534764787052988,1186854609.3781152
2009-03-27,13.376399993896484,18.1299991607666,18.6200008392334,18.049999237060547,18.540000915527344,47670400,-0.03788345227668666,0.5513462638376726,870779294.543457
2009-03-30,12.896825790405273,17.479999542236328,17.760000228881836,17.270000457763672,17.739999771118164,49633000,-0.03651074141521349,0.562394916133414,868742947.1200306
2009-03-31,13.553473472595215,18.3700008392334,18.790000915527344,17.780000686645508,17.829999923706055,92423300,0.04966164098602288,0.5831837841752064,1692578775.880941
2009-04-01,14.247005462646484,19.309999465942383,19.360000610351562,18.18000030517578,18.229999542236328,96438900,0.04990388234339438,0.6012270214519516,1827517167.2628403
2009-04-02,14.232257843017578,19.290000915527344,19.889999389648438,19.0,19.5,99082300,-0.0010356743282886605,0.557356565855263,1921536081.412506
2009-04-03,13.833839416503906,18.75,19.149999618530273,18.43000030517578,19.1299991607666,81858400,-0.028393345106129786,0.5734288802771434,1537027888.5849
2009-04-06,13.841224670410156,18.760000228881836,18.760000228881836,18.270000457763672,18.540000915527344,47476100,0.0005337117961761173,0.5705361542588847,882897220.8218893
2009-04-07,13.841224670410156,18.760000228881836,19.139999389648438,18.6299991607666,18.760000228881836,65815200,0.0,0.5044740444589703,1240177725.2197266
2009-04-08,14.158474922180176,19.190000534057617,19.6200008392334,18.959999084472656,18.969999313354492,56408900,0.022661945208187984,0.49549720727496166,1086247392.9406486
2009-04-09,14.512621879577637,19.670000076293945,19.700000762939453,19.219999313354492,19.450000762939453,55759600,0.024705366007688134,0.4977628518548174,1088984990.8360798
2009-04-13,14.453601837158203,19.59000015258789,19.850000381469727,19.3700008392334,19.690000534057617,44444700,-0.0040750996521072835,0.4887252575858492,871264289.3451691
2009-04-14,14.276516914367676,19.350000381469727,19.549999237060547,19.0,19.440000534057617,63796300,-0.012327631984879961,0.48038447471636536,1231268581.887881
2009-04-15,13.892865180969238,18.829999923706055,19.25,18.510000228881836,19.209999084472656,72725500,-0.02724060157816366,0.4822606303703704,1371845352.0323436
2009-04-16,14.579020500183105,19.760000228881836,19.780000686645508,18.989999771118164,19.15999984741211,67688700,0.04820813124452572,0.5043385259676502,1320606552.492714
2009-04-17,14.165849685668945,19.200000762939453,19.690000534057617,19.0,19.690000534057617,61398500,-0.028749426913934784,0.519578351507043,1184786414.8778915
2009-04-20,13.730549812316895,18.610000610351562,18.950000762939453,18.56999969482422,18.889999389648438,62937200,-0.031210852777306286,0.5341446966798111,1177555034.4080606
2009-04-21,13.996160507202148,18.969999313354492,19.079999923706055,18.56999969482422,18.59000015258789,60928300,0.019159778941308048,0.4785373894693154,1149920093.6405182
2009-04-22,13.855975151062012,18.780000686645508,19.190000534057617,18.700000762939453,18.760000228881836,59401000,-0.010066484068194992,0.47279127228912793,1122084929.2767842
2009-04-23,13.959274291992188,18.920000076293945,18.940000534057617,18.469999313354492,18.920000076293945,86116300,0.007427552720420394,0.4727220972298871,1616977057.476616
2009-04-24,15.42750358581543,20.90999984741211,21.200000762939453,19.5,19.81999969482422,168478500,0.100007752474506,0.5575079683903852,3459986829.2770386
2009-04-27,15.051214218139648,20.399999618530273,20.81999969482422,20.280000686645508,20.549999237060547,68219600,-0.024693196756492064,0.5464101985297929,1398501800.0
2009-04-28,14.704446792602539,19.93000030517578,20.270000457763672,19.790000915527344,20.25,76685200,-0.023308715948624048,0.5352955053414427,1533448425.5711873
2009-04-29,14.940542221069336,20.25,20.889999389648438,20.059999465942383,20.110000610351562,79301600,0.015928521352307712,0.5133432388009765,1617752609.7488403
2009-04-30,14.947920799255371,20.260000228881836,21.100000381469727,20.010000228881836,20.600000381469727,87439900,0.0004937409013581195,0.48649081546442063,1788728912.1274948
2009-05-01,14.933168411254883,20.239999771118164,20.350000381469727,19.860000610351562,20.190000534057617,63224500,-0.00098740638904804,0.486486547481198,1273973691.078822
2009-05-04,14.896271705627441,20.190000534057617,20.399999618530273,19.979999542236328,20.3700008392334,54313400,-0.002473846260601764,0.4739146670541265,1096587540.474955
2009-05-05,14.601160049438477,19.790000915527344,20.239999771118164,19.639999389648438,20.139999389648438,66835500,-0.020009979543195833,0.4809220155174346,1329358096.6997147
2009-05-06,14.601160049438477,19.790000915527344,20.06999969482422,19.610000610351562,20.059999465942383,59639100,0.0,0.4809220155174346,1182245783.267212
2009-05-07,14.254386901855469,19.31999969482422,19.989999771118164,19.139999389648438,19.959999084472656,68727200,-0.024036268899357616,0.48359666663822337,1339034920.4493203
2009-05-08,14.328170776367188,19.420000076293945,19.639999389648438,19.139999389648438,19.459999084472656,67597600,0.005162871653140666,0.47585371353413025,1311393414.213562
2009-05-11,14.254386901855469,19.31999969482422,19.729999542236328,19.010000228881836,19.200000762939453,63762600,-0.005162871653140666,0.47596753537138103,1234018840.6490326
2009-05-12,14.674935340881348,19.889999389648438,20.059999465942383,19.469999313354492,19.510000228881836,71966800,0.029076247532123567,0.4846923896602542,1425422374.741618
2009-05-13,14.57164192199707,19.75,20.0,19.670000076293945,19.920000076293945,49281700,-0.007063653804181502,0.4746043754644356,976106205.919965
2009-05-14,14.800358772277832,20.059999465942383,20.229999542236328,19.799999237060547,19.829999923706055,54539500,0.015574116018925555,0.44756372896946256,1092426153.0987422
2009-05-15,14.918403625488281,20.219999313354492,20.5,19.979999542236328,20.1299991607666,61289900,0.007944171594095106,0.4349129929506938,1240098953.286425
2009-05-18,15.198777198791504,20.600000381469727,20.600000381469727,20.239999771118164,20.360000610351562,46073800,0.018619383727762617,0.42003499272276856,943591432.2020214
2009-05-19,15.079980850219727,20.309999465942383,20.739999771118164,20.25,20.510000228881836,51368300,-0.007846884468558635,0.41901945650035216,1049625583.6030325
2009-05-20,15.131957054138184,20.3799991607666,20.690000534057617,20.219999313354492,20.40999984741211,47450700,0.003440775984750566,0.41601123887902264,969417785.3124619
2009-05-21,14.716158866882324,19.81999969482422,20.229999542236328,19.510000228881836,20.139999389648438,58232800,-0.027862735979489184,0.4304468587664882,1156115178.9667766
2009-05-22,14.664182662963867,19.75,20.170000076293945,19.469999313354492,19.93000030517578,37318700,-0.0035381656872952583,0.24404293755216855,738785856.7408243
2009-05-26,15.102256774902344,20.34000015258789,20.450000762939453,19.450000762939453,19.540000915527344,44991700,0.029436220927454126,0.25378502024759697,903433361.1723583
2009-05-27,14.946334838867188,20.1299991607666,20.600000381469727,20.06999969482422,20.25,42892900,-0.01037807944512581,0.24240025825008418,869296095.7584381
2009-05-28,15.183928489685059,20.450000762939453,20.6299991607666,20.049999237060547,20.31999969482422,45480800,0.015771423773073057,0.2422774267516656,926747088.6103312
2009-05-29,15.510627746582031,20.889999389648438,20.940000534057617,20.299999237060547,20.559999465942383,46134900,0.021287917763810338,0.2524074122754454,955453766.094017
2009-06-01,15.88929271697998,21.399999618530273,21.5,20.860000610351562,21.0,57317100,0.024120018317844938,0.2635553372385592,1218179436.3729477
2009-06-02,15.88929271697998,21.399999618530273,21.979999542236328,21.200000762939453,21.360000610351562,48935700,0.0,0.2630342246790116,1053422500.7555008
2009-06-03,16.134309768676758,21.729999542236328,21.760000228881836,21.290000915527344,21.309999465942383,56039600,0.015302577720209598,0.25186408660786863,1210081775.493113
2009-06-04,16.208559036254883,21.829999923706055,21.899999618530273,21.579999923706055,21.770000457763672,42330000,0.004591392214622125,0.2512174866903927,921524092.464447
2009-06-05,16.438730239868164,22.139999389648438,22.309999465942383,21.809999465942383,21.959999084472656,59579200,0.014100712337898003,0.2289128725369873,1315905897.3327637
2009-06-08,16.37191390991211,22.049999237060547,22.31999969482422,21.6299991607666,21.979999542236328,49000600,-0.004072850384409854,0.23211994961350443,1078013168.8462574
2009-06-09,16.394187927246094,22.079999923706055,22.31999969482422,21.8799991607666,22.059999465942383,50887700,0.0013595770943832797,0.22900759787697766,1124278897.9604087
2009-06-10,16.7431640625,22.549999237060547,22.6200008392334,22.1200008392334,22.170000076293945,61297200,0.021063181960166766,0.22080270026278456,1374896214.706421
2009-06-11,16.95105743408203,22.829999923706055,23.260000228881836,22.56999969482422,22.59000015258789,65124600,0.01234015807456279,0.2158312348343115,1490485008.6875916
2009-06-12,17.322298049926758,23.329999923706055,23.3799991607666,22.739999771118164,22.899999618530273,50963500,0.02166435882713902,0.21967397491282867,1179805005.5589676
2009-06-15,17.38912582397461,23.420000076293945,23.540000915527344,23.020000457763672,23.229999542236328,69089600,0.0038504820117721827,0.2201120333174756,1611630102.7170815
2009-06-16,17.41139793395996,23.450000762939453,24.110000610351562,23.440000534057617,23.469999313354492,105295600,0.0012799872312898586,0.21739478143361843,2491995933.611806
2009-06-17,17.582170486450195,23.68000030517578,23.81999969482422,23.170000076293945,23.5,86483100,0.00976030258679339,0.21088978928231608,2037253561.199379
2009-06-18,17.448524475097656,23.5,23.690000534057617,23.299999237060547,23.6200008392334,58852200,-0.007630260256852761,0.21707875909634586,1382830521.5099335
2009-06-19,17.871749877929688,24.06999969482422,24.34000015258789,23.75,24.040000915527344,115459000,0.023966159264701137,0.18325899056630454,2777173807.460785
2009-06-22,17.285175323486328,23.280000686645508,23.950000762939453,23.25,23.950000762939453,71291600,-0.03337203061466276,0.2328107425205632,1674877357.1144104
2009-06-23,17.329729080200195,23.34000015258789,23.65999984741211,23.209999084472656,23.3799991607666,56752700,0.0025742541882123327,0.22017642172748,1328202338.347117
2009-06-24,17.42624855041504,23.469999313354492,23.75,23.360000610351562,23.450000762939453,54287700,0.005554136290646827,0.21115753711202714,1277208620.6193924
2009-06-25,17.663848876953125,23.790000915527344,23.920000076293945,23.200000762939453,23.43000030517578,57724300,0.013542507730803344,0.2102195044704787,1364410071.4307785
2009-06-26,17.3371524810791,23.350000381469727,23.690000534057617,23.31999969482422,23.56999969482422,65126400,-0.018668373542073624,0.22244987012619286,1527431181.25
2009-06-29,17.71582794189453,23.860000610351562,24.030000686645508,23.549999237060547,23.600000381469727,62854900,0.021606732906196413,0.21996467781907492,1496784696.5227127
2009-06-30,17.648998260498047,23.770000457763672,24.239999771118164,23.6299991607666,23.969999313354492,66452400,-0.0037794480066075664,0.22152566576042895,1586883298.4802246
2009-07-01,17.84947395324707,24.040000915527344,24.299999237060547,23.959999084472656,24.049999237060547,54908400,0.011295011395572097,0.21966068993894516,1323292426.0360718
2009-07-02,17.352001190185547,23.3700008392334,24.040000915527344,23.209999084472656,23.760000228881836,65422200,-0.02826619526980556,0.24810217890210262,1540038606.3014984
2009-07-06,17.225780487060547,23.200000762939453,23.280000686645508,22.8700008392334,23.209999084472656,49207700,-0.007300714946816278,0.2475291492663215,1137518035.8758292
2009-07-07,16.728307723999023,22.530000686645508,23.139999389648438,22.459999084472656,23.079999923706055,52842500,-0.029304769467700886,0.27012571517166933,1200053160.2176032
2009-07-08,16.750579833984375,22.559999465942383,22.690000534057617,22.0,22.309999465942383,73023400,0.001330516925476033,0.27012535051123376,1636941216.6666667
2009-07-09,16.66147804260254,22.440000534057617,22.809999465942383,22.3700008392334,22.649999618530273,46981200,-0.005333523779360139,0.2607917855187382,1058956261.1427307
2009-07-10,16.62435531616211,22.389999389648438,22.540000915527344,22.149999618530273,22.190000534057617,43229200,-0.002230543032032184,0.2567737943304982,966604910.9006245
2009-07-13,17.248048782348633,23.229999542236328,23.290000915527344,22.139999389648438,22.420000076293945,67584000,0.03683021519792273,0.27809617578957013,1546772476.5625
2009-07-14,17.158952713012695,23.110000610351562,23.219999313354492,22.860000610351562,23.200000762939453,45448700,-0.005178961525593273,0.278187688525649,1048198525.7574081
2009-07-15,17.908870697021484,24.1200008392334,24.1200008392334,23.559999465942383,23.75,67238700,0.04277609827147,0.31628316900883463,1609246245.6495285
2009-07-16,18.14647102355957,24.440000534057617,24.440000534057617,23.860000610351562,23.93000030517578,64555100,0.013179948083845261,0.3176393115235106,1565246027.4511971
2009-07-17,18.035093307495117,24.290000915527344,24.450000762939453,24.100000381469727,24.399999618530273,52860100,-0.006156619810570696,0.31714147285461247,1283443264.2961502
2009-07-20,18.213287353515625,24.530000686645508,24.530000686645508,24.149999618530273,24.440000534057617,47798000,0.009831914045193457,0.30825728534468116,1166430542.4690247
2009-07-21,18.43603515625,24.829999923706055,24.829999923706055,24.3700008392334,24.690000534057617,52028400,0.012155779714156267,0.28365482802803044,1283887495.9083557
2009-07-22,18.41376495361328,24.799999237060547,24.899999618530273,24.510000228881836,24.700000762939453,66192500,-0.0012087015550501512,0.28406547967931406,1637381788.1329856
2009-07-23,18.97805404663086,25.559999465942383,25.719999313354492,24.84000015258789,24.93000030517578,106060500,0.030184781168354213,0.29919793554054286,2691108382.238388
2009-07-24,17.41139793395996,23.450000762939453,23.889999389648438,22.809999465942383,23.610000610351562,215135700,-0.08615821596221762,0.4303433151322528,5030589757.644081
2009-07-27,17.158952713012695,23.110000610351562,23.450000762939453,22.899999618530273,23.440000534057617,80950000,-0.014604983955180728,0.4284333259895078,1874262360.0959778
2009-07-28,17.42624855041504,23.469999313354492,23.549999237060547,22.899999618530273,22.989999771118164,70288400,0.015457545414018892,0.42494648116348155,1638188266.4326987
2009-07-29,17.671266555786133,23.799999237060547,23.90999984741211,23.34000015258789,23.729999542236328,73626900,0.013962355174408803,0.42781536395309433,1743730396.275711
2009-07-30,17.678693771362305,23.809999465942383,24.43000030517578,23.709999084472656,24.200000762939453,67820000,0.0004202106942541306,0.42586794877460565,1626549640.7953897
2009-07-31,17.46337890625,23.520000457763672,24.06999969482422,23.5,23.770000457763672,54258200,-0.01225411838674706,0.4161981341591395,1285738482.093048
2009-08-03,17.693546295166016,23.829999923706055,23.860000610351562,23.5,23.81999969482422,46902900,0.013093902615772368,0.4174722939610407,1113005825.349617
2009-08-04,17.648998260498047,23.770000457763672,23.790000915527344,23.530000686645508,23.68000030517578,49218300,-0.0025209310093696757,0.40272391811964825,1166309682.7955246
2009-08-05,17.678693771362305,23.809999465942383,24.25,23.790000915527344,23.84000015258789,53310300,0.001681146780344367,0.402710953762832,1276781691.7787552
2009-08-06,17.418827056884766,23.459999084472656,23.979999542236328,23.270000457763672,23.93000030517578,59686000,-0.01480853674191529,0.40640869650739203,1406799001.7852783
2009-08-07,17.493072509765625,23.559999465942383,23.81999969482422,23.5,23.75,46169700,0.00425330994482831,0.40613253554360035,1090836099.084282
2009-08-10,17.38912582397461,23.420000076293945,23.549999237060547,23.299999237060547,23.459999084472656,35261900,-0.005959887761703975,0.3871594751491226,825951220.6282934
2009-08-11,17.17380714416504,23.1299991607666,23.399999618530273,23.049999237060547,23.31999969482422,33615800,-0.012459675547205507,0.3892966844537528,779662432.4394226
2009-08-12,17.47080421447754,23.530000686645508,23.899999618530273,23.030000686645508,23.1299991607666,61972300,0.017145774451075013,0.36306294724411686,1455522773.1551487
2009-08-13,17.537628173828125,23.6200008392334,23.850000381469727,23.399999618530273,23.6299991607666,38954500,0.0038175968445157693,0.35980857960323737,920235149.2306392
2009-08-14,17.589595794677734,23.690000534057617,23.799999237060547,23.510000228881836,23.6200008392334,46330200,0.0029588252581178587,0.3597701396142695,1096481400.0
2009-08-17,17.262903213500977,23.25,23.600000381469727,23.229999542236328,23.31999969482422,42474400,-0.01874770298513395,0.3622566630740683,992201982.9198201
2009-08-18,17.606365203857422,23.579999923706055,23.649999618530273,23.270000457763672,23.290000915527344,38878900,0.019700619738811653,0.36705847396182234,913654150.0
2009-08-19,17.658632278442383,23.649999618530273,23.719999313354492,23.25,23.25,41821300,0.0029642487785657146,0.3674987995733669,984473387.1100109
2009-08-20,17.673568725585938,23.670000076293945,23.8700008392334,23.540000915527344,23.600000381469727,39505900,0.0008454864179916477,0.3485598683658771,936026481.445821
2009-08-21,18.226102828979492,24.40999984741211,24.420000076293945,23.770000457763672,23.93000030517578,69011400,0.03078455677433345,0.2044003810458143,1670075888.7752533
2009-08-24,18.397836685180664,24.639999389648438,24.729999542236328,24.280000686645508,24.40999984741211,54180900,0.00937829830318826,0.19610147429544736,1330141088.1105423
2009-08-25,18.397836685180664,24.639999389648438,24.81999969482422,24.459999084472656,24.600000381469727,43980300,0.0,0.19144825672932653,1083674565.1565552
2009-08-26,18.330623626708984,24.549999237060547,24.75,24.420000076293945,24.59000015258789,41079000,-0.003660002784268812,0.18807960037610585,1009447950.5977631
2009-08-27,18.43517303466797,24.690000534057617,24.780000686645508,24.299999237060547,24.40999984741211,45495600,0.005687334384874454,0.1884639796293978,1118736810.9420776
2009-08-28,18.427698135375977,24.68000030517578,25.489999771118164,24.610000610351562,25.06999969482422,55808000,-0.00040555166524924857,0.18142409774030982,1391107426.106771
2009-08-31,18.405302047729492,24.649999618530273,24.850000381469727,24.290000915527344,24.56999969482422,49592800,-0.0012160883064225025,0.1778009486603126,1219817585.8011882
2009-09-01,17.919967651367188,24.0,24.739999771118164,23.899999618530273,24.350000381469727,62608500,-0.02672317549832215,0.20338332222619174,1515960467.262268
2009-09-02,17.815439224243164,23.860000610351562,24.139999389648438,23.780000686645508,23.81999969482422,40771300,-0.0058501488792268574,0.20461975223267595,975521313.9984767
2009-09-03,18.002098083496094,24.110000610351562,24.139999389648438,23.760000228881836,23.90999984741211,34120000,0.010422857801093866,0.19957187137758808,818993735.9364827
2009-09-04,18.382902145385742,24.6200008392334,24.799999237060547,24.079999923706055,24.09000015258789,44999700,0.020932690085144312,0.21036768172337894,1102492650.0
2009-09-08,18.5322265625,24.81999969482422,24.84000015258789,24.40999984741211,24.6200008392334,53737100,0.008090191571600958,0.2088754852982965,1326768993.5335793
2009-09-09,18.502361297607422,24.780000686645508,24.950000762939453,24.670000076293945,24.739999771118164,49900300,-0.0016128313067365063,0.20189459351747738,1237527465.380605
2009-09-10,18.666627883911133,25.0,25.049999237060547,24.649999618530273,24.799999237060547,46256000,0.008838962769474268,0.19692165236076725,1151774382.3547363
2009-09-11,18.562101364135742,24.860000610351562,25.170000076293945,24.809999465942383,24.93000030517578,54303500,-0.005615383417697739,0.19930542649598335,1354691316.0953522
2009-09-14,18.666627883911133,25.0,25.09000015258789,24.639999389648438,24.649999618530273,42806800,0.005615383417697739,0.19953739866319334,1066317381.4682007
2009-09-15,18.815956115722656,25.200000762939453,25.270000457763672,24.860000610351562,24.969999313354492,44716600,0.007967915011085402,0.18367461614119274,1122833853.2928467
2009-09-16,18.815956115722656,25.200000762939453,25.350000381469727,24.950000762939453,25.25,50055800,0.0,0.1753282017728404,1259737665.1579537
2009-09-17,18.890634536743164,25.299999237060547,25.3799991607666,25.059999465942383,25.059999465942383,42428800,0.003961032666646602,0.17533647416606526,1071185740.4541016
2009-09-18,18.860763549804688,25.260000228881836,25.479999542236328,25.100000381469727,25.459999084472656,68016500,-0.0015825105657767402,0.17597737093189353,1719457123.459498
2009-09-21,18.890634536743164,25.299999237060547,25.3700008392334,25.100000381469727,25.110000610351562,28878700,0.0015825105657767402,0.1446154075847528,729379704.0732067
2009-09-22,19.241567611694336,25.770000457763672,25.81999969482422,25.290000915527344,25.399999618530273,61376700,0.018406646522808767,0.15367374513541301,1572880253.8524628
2009-09-23,19.196760177612305,25.709999084472656,26.25,25.639999389648438,25.920000076293945,60599900,-0.0023313945717493567,0.15431267368680948,1567517382.5106301
2009-09-24,19.36849594116211,25.940000534057617,26.110000610351562,25.65999984741211,25.920000076293945,56302900,0.008906301476351963,0.15450091418445325,1458432804.9474716
2009-09-25,19.077301025390625,25.549999237060547,25.81999969482422,25.520000457763672,25.690000534057617,50158900,-0.015148625200381627,0.16591209174312482,1285572596.7951458
2009-09-28,19.286361694335938,25.829999923706055,26.15999984741211,25.600000381469727,25.600000381469727,44358000,0.01089899783359094,0.16868100969586264,1147245742.2561646
2009-09-29,19.226640701293945,25.75,25.959999084472656,25.690000534057617,25.90999984741211,39050300,-0.0031013443354295234,0.16929792031383814,1007497735.0344976
2009-09-30,19.204233169555664,25.719999313354492,25.989999771118164,25.3799991607666,25.760000228881836,63533400,-0.0011661215070364328,0.13365455645125165,1632596564.838028
2009-10-01,18.5770320892334,24.8799991607666,25.469999313354492,24.799999237060547,25.40999984741211,75958100,-0.033204748541785456,0.18231490107275822,1902750347.0485687
2009-10-02,18.636768341064453,24.959999084472656,25.09000015258789,24.43000030517578,24.459999084472656,51219700,0.0032104381948818705,0.1798538821714774,1271614410.8511608
2009-10-05,18.397836685180664,24.639999389648438,25.059999465942383,24.520000457763672,24.979999542236328,60804900,-0.01290333572094493,0.1722792122891289,1504313212.0828629
2009-10-06,18.74876594543457,25.110000610351562,25.209999084472656,24.65999984741211,24.68000030517578,48795300,0.018894847761644407,0.18239855292006132,1219557190.554428
2009-10-07,18.741300582885742,25.100000381469727,25.18000030517578,24.8799991607666,24.989999771118164,38472700,-0.00039825817016669873,0.18226285404853285,963869375.3765106
2009-10-08,19.166894912719727,25.670000076293945,25.899999618530273,25.219999313354492,25.440000534057617,60521300,0.022454891717234915,0.19558019032340984,1549143522.324562
2009-10-09,19.077301025390625,25.549999237060547,25.790000915527344,25.459999084472656,25.56999969482422,39520000,-0.0046853672319890904,0.195190594612688,1011711989.9495442
2009-10-12,19.204233169555664,25.719999313354492,25.889999389648438,25.549999237060547,25.65999984741211,29145800,0.006631531991124984,0.1955005584524212,749629955.9871674
2009-10-13,19.271432876586914,25.809999465942383,25.940000534057617,25.520000457763672,25.59000015258789,37749000,0.003493105241132888,0.19422085509244094,972288415.7600403
2009-10-14,19.38343048095703,25.959999084472656,26.200000762939453,25.81999969482422,26.139999389648438,45365500,0.005794764644959205,0.19480514727918935,1179200556.4111073
2009-10-15,19.94342803955078,26.709999084472656,26.709999084472656,25.899999618530273,25.899999618530273,65620100,0.0284810652890215,0.2160447456487429,1734995395.6046424
2009-10-16,19.786636352539062,26.5,26.6299991607666,26.100000381469727,26.450000762939453,56500900,-0.007892889346650112,0.21871180867287568,1492188760.3786469
2009-10-19,19.682098388671875,26.360000610351562,26.579999923706055,26.25,26.489999771118164,48143200,-0.0052972667609503254,0.22032356313972978,1270820011.2370808
2009-10-20,19.68956184387207,26.3700008392334,26.510000228881836,25.940000534057617,26.420000076293945,54604700,0.0003791282991629785,0.21213883267266692,1434647513.8287225
2009-10-21,19.846363067626953,26.579999923706055,26.75,26.389999389648438,26.459999084472656,61672700,0.007932129891935702,0.21298631247742217,1638849200.5509057
2009-10-22,19.853830337524414,26.59000015258789,26.719999313354492,26.1299991607666,26.559999465942383,61600000,0.00037618305328201984,0.21137013881042274,1631167971.8017578
2009-10-23,20.921560287475586,28.020000457763672,29.350000381469727,27.8799991607666,29.200000762939453,281761000,0.05238326732180276,0.2671727959498917,8006708416.666667
2009-10-26,21.41436767578125,28.68000030517578,29.020000457763672,28.110000610351562,28.1299991607666,124149700,0.023281863520473234,0.27418594718698963,3551095309.1645555
2009-10-27,21.34716033935547,28.59000015258789,28.8799991607666,28.440000534057617,28.729999542236328,69685800,-0.003143357821073778,0.2742020767089823,1995569022.455597
2009-10-28,20.921560287475586,28.020000457763672,28.770000457763672,27.950000762939453,28.239999771118164,73542400,-0.020138505699399456,0.2873219993729426,2077327699.8128254
2009-10-29,21.070892333984375,28.219999313354492,28.40999984741211,27.850000381469727,28.06999969482422,65225500,0.007112357897220534,0.252832181341374,1836750070.0473785
2009-10-30,20.70503044128418,27.729999542236328,28.399999618530273,27.65999984741211,28.030000686645508,73371800,-0.017515890609308915,0.2658552415658871,2049274349.742762
2009-11-02,20.81702423095703,27.8799991607666,28.049999237060547,27.40999984741211,27.700000762939453,62428900,0.0053944373485981245,0.2575083576933287,1734274805.4840724
2009-11-03,20.55569076538086,27.530000686645508,27.739999771118164,27.43000030517578,27.639999389648438,50294800,-0.012633299087599692,0.26096838089582125,1386459999.4572957
2009-11-04,20.9514217376709,28.059999465942383,28.389999389648438,27.6200008392334,27.690000534057617,63898400,0.019068681943088084,0.26493102021294496,1790646156.1665854
2009-11-05,21.257558822631836,28.469999313354492,28.739999771118164,28.280000686645508,28.520000457763672,52681700,0.014506033982347954,0.2599294103218927,1501252840.3140388
2009-11-06,21.294891357421875,28.520000457763672,28.6299991607666,28.200000762939453,28.3799991607666,38908500,0.0017546601528444228,0.25779699084791186,1106946829.9474716
2009-11-09,21.645835876464844,28.989999771118164,29.0,28.530000686645508,28.6200008392334,57518000,0.01634589610556203,0.260511567498876,1658819128.7765503
2009-11-10,21.660755157470703,29.010000228881836,29.280000686645508,28.809999465942383,28.899999618530273,65881100,0.0006890074346603825,0.2610295377899872,1912747945.043882
2009-11-11,21.742891311645508,29.1200008392334,29.299999237060547,29.020000457763672,29.079999923706055,49693400,0.003784762751643189,0.26112692157441464,1448396974.1797128
2009-11-12,21.92209243774414,29.360000610351562,29.489999771118164,29.0,29.010000228881836,55352400,0.008208047584377542,0.24797312267580543,1620902787.0384216
2009-11-13,22.12369728088379,29.6299991607666,29.790000915527344,29.3700008392334,29.469999313354492,53037600,0.009154393750165024,0.24402189508091093,1569736184.185791
2009-11-16,22.05649185180664,29.540000915527344,29.799999237060547,29.3700008392334,29.610000610351562,54129500,-0.0030423355912758687,0.24287720308525693,1600609332.895597
2009-11-17,22.498971939086914,30.0,30.0,29.469999313354492,29.5,75648900,0.019862642961174792,0.24682643092484857,2256102343.685341
2009-11-18,22.581466674804688,30.110000610351562,30.139999389648438,29.809999465942383,30.0,59431200,0.0036598946389090337,0.24699348099015442,1784124613.420105
2009-11-19,22.333980560302734,29.780000686645508,30.0,29.700000762939453,29.989999771118164,51967700,-0.011020200594255236,0.2535868847751907,1550023290.4438653
2009-11-20,22.2139835357666,29.6200008392334,29.770000457763672,29.43000030517578,29.65999984741211,42647100,-0.005387331035078269,0.19121538678766437,1262638496.7760086
2009-11-23,22.4539737701416,29.940000534057617,30.010000228881836,29.700000762939453,29.84000015258789,41832700,0.010745624296263578,0.17898678170000454,1250100539.610545
2009-11-24,22.43147850036621,29.90999984741211,29.989999771118164,29.75,29.950000762939453,37341400,-0.0010023413164343964,0.1783077604656086,1115885498.5851288
2009-11-25,22.34148406982422,29.790000915527344,29.860000610351562,29.579999923706055,29.809999465942383,32033500,-0.004020040067654218,0.16036615294971923,952783083.81176
2009-11-27,21.91399383544922,29.219999313354492,29.389999389648438,28.75,29.110000610351562,29357900,-0.01931980181543924,0.17756610043543683,854902035.30763
2009-11-30,22.05649185180664,29.40999984741211,29.450000762939453,29.0,29.149999618530273,44172000,0.0064815529325139565,0.16323055550921192,1293650648.9868164
2009-12-01,22.506471633911133,30.010000228881836,30.049999237060547,29.40999984741211,29.520000457763672,49904200,0.02019592241797996,0.17349214331986507,1488309579.9111683
2009-12-02,22.333980560302734,29.780000686645508,29.989999771118164,29.649999618530273,29.899999618530273,36308600,-0.007693585412151371,0.16832505825162836,1082238338.2567086
2009-12-03,22.371475219726562,29.829999923706055,30.200000762939453,29.760000228881836,29.84000015258789,43095200,0.001677409057180057,0.159420326419307,1289839349.1516113
2009-12-04,22.48396873474121,29.979999542236328,30.3700008392334,29.829999923706055,30.049999237060547,58810700,0.005015834910786499,0.15429818078553462,1767849647.982534
2009-12-07,22.34148406982422,29.790000915527344,30.079999923706055,29.68000030517578,29.780000686645508,38082700,-0.0063573320908698605,0.1575125969236261,1136768609.5273972
2009-12-08,22.17648696899414,29.56999969482422,29.739999771118164,29.3799991607666,29.520000457763672,37402200,-0.00741264044566492,0.1523700233659055,1105733688.8786316
2009-12-09,22.281476974487305,29.709999084472656,29.809999465942383,29.25,29.469999313354492,44713300,0.004723122309513439,0.1528344261217841,1323066525.3947575
2009-12-10,22.401477813720703,29.8700008392334,29.959999084472656,29.65999984741211,29.709999084472656,45940200,0.005371226155690856,0.15324268955977077,1370396162.495041
2009-12-11,22.386474609375,29.850000381469727,30.0,29.790000915527344,29.969999313354492,43744200,-0.0006699661000424406,0.15140750794723076,1307076714.912033
2009-12-14,22.581466674804688,30.110000610351562,30.15999984741211,29.899999618530273,29.90999984741211,34651200,0.008672546797661607,0.15109130227439063,1041499568.8812256
2009-12-15,22.51396369934082,30.020000457763672,30.209999084472656,29.8799991607666,29.889999389648438,49473200,-0.0029937856373254412,0.15107493117937695,1486009995.944468
2009-12-16,22.5739688873291,30.100000381469727,30.40999984741211,30.040000915527344,30.06999969482422,55737800,0.0026616977081026505,0.13490891493315094,1682352617.9289498
2009-12-17,22.198991775512695,29.600000381469727,29.959999084472656,29.56999969482422,29.950000762939453,43691200,-0.016750550950558996,0.14625352278236603,1298065539.7776287
2009-12-18,22.768970489501953,30.360000610351562,30.450000762939453,29.799999237060547,29.84000015258789,94118000,0.025351793263409306,0.16705541539985383,2842677345.815023
2009-12-21,22.88896369934082,30.520000457763672,30.84000015258789,30.3700008392334,30.399999618530273,40129100,0.005256194272942327,0.16601165460093334,1227014133.7235131
2009-12-22,23.113941192626953,30.81999969482422,30.93000030517578,30.540000915527344,30.600000381469727,36321000,0.009781090452423591,0.16536685703770782,1117355041.0842896
2009-12-23,23.188949584960938,30.920000076293945,30.950000762939453,30.690000534057617,30.709999084472656,28362700,0.00323990388883999,0.16522596623676042,875083850.316747
2009-12-24,23.248931884765625,31.0,31.0,30.760000228881836,30.8799991607666,11083900,0.0025833363307961044,0.16393990076537723,342714188.84563446
2009-12-28,23.376426696777344,31.170000076293945,31.18000030517578,30.889999389648438,31.0,25384000,0.005468917930548489,0.14463565162778116,788934718.0633545
2009-12-29,23.541427612304688,31.389999389648438,31.5,31.229999542236328,31.350000381469727,29716200,0.007033637756935551,0.14480454285814182,932296237.4198914
2009-12-30,23.218936920166016,30.959999084472656,31.290000915527344,30.799999237060547,31.149999618530273,42006200,-0.01379355394227888,0.14243934569217823,1302892292.6506042
2009-12-31,22.858959197998047,30.479999542236328,30.989999771118164,30.479999542236328,30.979999542236328,31929700,-0.015625064349328976,0.15129830732300983,978645292.8197861
2010-01-04,23.21143913269043,30.950000762939453,31.100000381469727,30.59000015258789,30.6200008392334,38409100,0.015302095285618211,0.15902912153942364,1186073024.6054966
2010-01-05,23.218936920166016,30.959999084472656,31.100000381469727,30.639999389648438,30.850000381469727,49749600,0.00032296906371076517,0.1586778109414412,1537262621.0220337
2010-01-06,23.076444625854492,30.770000457763672,31.079999923706055,30.520000457763672,30.8799991607666,58182400,-0.006155808182991773,0.15855182501528786,1791436112.2762043
2010-01-07,22.836462020874023,30.450000762939453,30.700000762939453,30.190000534057617,30.6299991607666,50559700,-0.010453914074793236,0.1610637528056809,1539374367.3832576
2010-01-08,22.993955612182617,30.65999984741211,30.8799991607666,30.239999771118164,30.280000686645508,51197400,0.006872911895693612,0.16178161400563423,1566299103.1677246
2010-01-11,22.701459884643555,30.270000457763672,30.760000228881836,30.1200008392334,30.709999084472656,68754700,-0.012802147402739106,0.16848599250005244,2088997003.3037822
2010-01-12,22.551475524902344,30.06999969482422,30.399999618530273,29.90999984741211,30.149999618530273,65912100,-0.006628737233424609,0.17033210234064147,1985711847.5614548
2010-01-13,22.761455535888672,30.350000381469727,30.520000457763672,30.010000228881836,30.260000228881836,51863500,0.009268061417445406,0.17071001296996863,1571118311.7987316
2010-01-14,23.218936920166016,30.959999084472656,31.100000381469727,30.260000228881836,30.309999465942383,63228100,0.019899633580809706,0.182918900620848,1945739390.9014385
2010-01-15,23.143939971923828,30.860000610351562,31.239999771118164,30.709999084472656,31.079999923706055,79913200,-0.003235218290295272,0.18360043247832541,2472248016.4405823
2010-01-19,23.323936462402344,31.100000381469727,31.239999771118164,30.68000030517578,30.75,46575700,0.007747175233854708,0.172575370054228,1444157211.7735546
2010-01-20,22.941450119018555,30.59000015258789,30.940000534057617,30.309999465942383,30.809999465942383,54849500,-0.016534825965401456,0.16319477366932783,1679126029.4564567
2010-01-21,22.506471633911133,30.010000228881836,30.719999313354492,30.0,30.610000610351562,73086700,-0.019142427234096537,0.17538085225922312,2210385419.1811876
2010-01-22,21.719005584716797,28.959999084472656,30.200000762939453,28.84000015258789,30.0,102004600,-0.0356151854019191,0.20802194195167448,2992134933.333333
2010-01-25,21.98899269104004,29.31999969482422,29.65999984741211,29.100000381469727,29.239999771118164,63373000,0.012354285299699175,0.21383758973972755,1860631278.3883412
2010-01-26,22.123985290527344,29.5,29.850000381469727,29.09000015258789,29.200000762939453,66639900,0.006120331342308383,0.21527498508690515,1964544263.863182
2010-01-27,22.25148582458496,29.670000076293945,29.81999969482422,29.020000457763672,29.350000381469727,63949500,0.005746457748449618,0.21540620904637137,1886723419.8789597
2010-01-28,21.869001388549805,29.15999984741211,29.8700008392334,28.889999389648438,29.84000015258789,117513700,-0.017338612615525495,0.21834747600177667,3443934837.6551943
2010-01-29,21.134035110473633,28.18000030517578,29.920000076293945,27.65999984741211,29.899999618530273,193888500,-0.03418539305623236,0.24051572450713737,5542625934.792519
2010-02-01,21.306522369384766,28.40999984741211,28.479999542236328,27.920000076293945,28.389999389648438,85931100,0.008128461022457234,0.24096580952709454,2429272181.702614
2010-02-02,21.344030380249023,28.459999084472656,28.5,28.139999389648438,28.3700008392334,54413700,0.0017588527283050048,0.23202900842576654,1543535262.323761
2010-02-03,21.471519470214844,28.6299991607666,28.790000915527344,28.1200008392334,28.260000228881836,61397900,0.005955288076369136,0.2342183809760146,1750658807.4038186
2010-02-04,20.87904167175293,27.84000015258789,28.5,27.809999465942383,28.3799991607666,77850000,-0.027981516156618813,0.24858476878536087,2183692490.1008606
2010-02-05,21.0140380859375,28.020000457763672,28.280000686645508,27.56999969482422,28.0,80960100,0.006444829658298179,0.2507817912219941,2263374551.64814
2010-02-08,20.7890567779541,27.719999313354492,28.079999923706055,27.56999969482422,28.010000228881836,52820600,-0.010763962857800902,0.24841906932241145,1467884455.1938376
2010-02-09,21.006542205810547,28.010000228881836,28.34000015258789,27.75,27.969999313354492,59195800,0.010407191001990501,0.252230454052585,1659455600.8604686
2010-02-10,20.991539001464844,27.989999771118164,28.239999771118164,27.84000015258789,28.030000686645508,48591300,-0.0007144709735609212,0.252248270069664,1361690192.0570374
2010-02-11,21.08903694152832,28.1200008392334,28.399999618530273,27.700000762939453,27.93000030517578,65993700,0.004633877381263307,0.24977062499254155,1852663164.8529053
2010-02-12,20.946542739868164,27.93000030517578,28.059999465942383,27.579999923706055,27.809999465942383,81117200,-0.006779720824470203,0.23443792113131323,2259654793.081665
2010-02-16,21.360952377319336,28.350000381469727,28.3700008392334,28.020000457763672,28.1299991607666,51935600,0.01959099165101552,0.249598084954997,1467007610.3907266
2010-02-17,21.541786193847656,28.59000015258789,28.649999618530273,28.360000610351562,28.530000686645508,45882900,0.008429992744479975,0.25001412644631893,1309192085.8343124
2010-02-18,21.828107833862305,28.969999313354492,29.030000686645508,28.510000228881836,28.59000015258789,42856500,0.013203896678407823,0.2523492773888997,1235838608.2696915
2010-02-19,21.67741584777832,28.770000457763672,28.920000076293945,28.690000534057617,28.790000915527344,44451800,-0.006927515220111147,0.24564086058468634,1279915510.493215
2010-02-22,21.647275924682617,28.729999542236328,28.940000534057617,28.649999618530273,28.84000015258789,36707100,-0.0013913510621708092,0.21274871148964633,1056185620.2659607
2010-02-23,21.34588050842285,28.329999923706055,28.829999923706055,28.09000015258789,28.68000030517578,52266200,-0.014020852559637476,0.21276198987274214,1485231183.3333335
2010-02-24,21.57192611694336,28.6299991607666,28.790000915527344,28.3799991607666,28.520000457763672,43165900,0.01053398188533583,0.2152827110948632,1234544729.0223439
2010-02-25,21.549325942993164,28.600000381469727,28.649999618530273,28.020000457763672,28.270000457763672,48735300,-0.0010482152043325144,0.21377322083027653,1385219684.4364166
2010-02-26,21.602066040039062,28.670000076293945,28.850000381469727,28.510000228881836,28.649999618530273,40370600,0.002444422804608326,0.2062499999416433,1157694248.5734305
2010-03-01,21.86578369140625,29.020000457763672,29.049999237060547,28.530000686645508,28.770000457763672,43805400,0.012134066382705644,0.17039499728710006,1264515885.5701447
2010-03-02,21.443838119506836,28.459999084472656,29.299999237060547,28.239999771118164,29.079999923706055,93123900,-0.01948568955140928,0.18354833097912826,2669551740.793419
2010-03-03,21.443838119506836,28.459999084472656,28.610000610351562,28.350000381469727,28.510000228881836,48442100,0.0,0.18347560807350785,1379308061.898613
2010-03-04,21.57192611694336,28.6299991607666,28.649999618530273,28.270000457763672,28.459999084472656,42890600,0.005955415568427824,0.18347565817258182,1223096932.4256897
2010-03-05,21.541786193847656,28.59000015258789,28.68000030517578,28.420000076293945,28.65999984741211,56001800,-0.0013981597218242214,0.15238475729795667,1599598090.6360626
2010-03-08,21.57192611694336,28.6299991607666,28.93000030517578,28.5,28.520000457763672,39414500,0.0013981597218242214,0.1513441544001376,1130670616.3167953
2010-03-09,21.700010299682617,28.799999237060547,29.110000610351562,28.549999237060547,28.559999465942383,50271600,0.005919982668570967,0.14546678630336365,1448827496.6583252
2010-03-10,21.828107833862305,28.969999313354492,29.110000610351562,28.799999237060547,28.860000610351562,44891400,0.0058857542880126346,0.14305180117072672,1300054931.4418793
2010-03-11,21.986328125,29.18000030517578,29.190000534057617,28.850000381469727,28.889999389648438,35349700,0.007222321841230617,0.14384464341346845,1027733625.7171631
2010-03-12,22.054147720336914,29.270000457763672,29.3799991607666,29.040000915527344,29.31999969482422,31700200,0.0030798781186871516,0.14362932001326387,926596851.6432445
2010-03-15,22.0692195892334,29.290000915527344,29.3700008392334,29.010000228881836,29.18000030517578,37512000,0.0006831695041285002,0.14000089347829242,1096225704.8034668
2010-03-16,22.129497528076172,29.3700008392334,29.489999771118164,29.200000762939453,29.420000076293945,36723500,0.0027275894028244707,0.12565120370843033,1077957153.4773507
2010-03-17,22.32539939880371,29.6299991607666,29.8700008392334,29.399999618530273,29.5,50385700,0.008813568465572352,0.12591420905629336,1493096236.9264603
2010-03-18,22.310327529907227,29.610000610351562,29.719999313354492,29.5,29.6299991607666,43845200,-0.0006753276133881769,0.11902479875861026,1298256370.8849587
2010-03-19,22.295259475708008,29.59000015258789,29.899999618530273,29.350000381469727,29.760000228881836,81332100,-0.0006756128899492175,0.11563398811292686,2408514592.1367645
2010-03-22,22.302799224853516,29.600000381469727,29.700000762939453,29.389999389648438,29.5,37718200,0.0003381200633851833,0.11526119514971979,1115075726.0478973
2010-03-23,22.513771057128906,29.8799991607666,29.899999618530273,29.40999984741211,29.59000015258789,42026600,0.009414972602959537,0.10343169863054226,1249450798.7617493
2010-03-24,22.340465545654297,29.649999618530273,29.850000381469727,29.600000381469727,29.719999313354492,33987700,-0.007727536438417282,0.10520433658107353,1009434694.3217595
2010-03-25,22.611717224121094,30.010000228881836,30.56999969482422,29.799999237060547,29.829999923706055,73168700,0.012068600636843119,0.11046426989530608,2204329014.8647943
2010-03-26,22.348005294799805,29.65999984741211,30.200000762939453,29.59000015258789,30.09000015258789,55595500,-0.011731164646072045,0.12080577094531804,1657672505.8053334
2010-03-29,22.295259475708008,29.59000015258789,29.81999969482422,29.549999237060547,29.709999084472656,33336000,-0.002362992218698512,0.1153122869994191,988523509.8266602
2010-03-30,22.43088722229004,29.770000457763672,29.860000610351562,29.5,29.6299991607666,34954800,0.00606482660894514,0.08909980557402329,1038507120.4452515
2010-03-31,22.0692195892334,29.290000915527344,29.719999313354492,29.170000076293945,29.639999389648438,63760000,-0.016255043974004568,0.10965062280363395,1874118939.819336
2010-04-01,21.971267700195312,29.15999984741211,29.540000915527344,28.6200008392334,29.350000381469727,74768100,-0.004448272786350849,0.11015594367563278,2176250203.9304733
2010-04-05,22.054147720336914,29.270000457763672,29.43000030517578,29.030000686645508,29.1299991607666,34331200,0.0037651032822223485,0.1102369716233738,1003958741.9219971
2010-04-06,22.091821670532227,29.31999969482422,29.579999923706055,28.979999542236328,29.149999618530273,47366800,0.0017067904436536274,0.11025000382215787,1387531448.0827332
2010-04-07,22.114425659179688,29.350000381469727,29.559999465942383,29.139999389648438,29.15999984741211,58318800,0.0010226604601326628,0.10889674377863703,1711656765.1687622
2010-04-08,22.543903350830078,29.920000076293945,29.979999542236328,29.299999237060547,29.31999969482422,63713800,0.019234527674432123,0.1251125701700501,1894423629.0284474
2010-04-09,22.860363006591797,30.34000015258789,30.40999984741211,29.899999618530273,29.950000762939453,54752500,0.013939869781831149,0.13093056536375533,1654438034.7045262
2010-04-12,22.845293045043945,30.31999969482422,30.489999771118164,30.209999084472656,30.25,37068800,-0.0006594353257693975,0.1311626363527554,1124667374.0885415
2010-04-13,22.94324493408203,30.450000762939453,30.5,30.1299991607666,30.149999618530273,41374600,0.004278452328021487,0.13137959828685805,1256132854.9477894
2010-04-14,23.222030639648438,30.81999969482422,31.0,30.65999984741211,30.790000915527344,68941200,0.012077869830983357,0.1359860972769166,2125227381.4804077
2010-04-15,23.259700775146484,30.8700008392334,30.950000762939453,30.709999084472656,30.81999969482422,52745400,0.0016208580273859852,0.13398025829226765,1626843966.072464
2010-04-16,23.109012603759766,30.670000076293945,30.979999542236328,30.600000381469727,30.790000915527344,88703100,-0.006499585211054093,0.13695523159140482,2727620325.0
2010-04-19,23.387798309326172,31.040000915527344,31.25,30.760000228881836,30.770000457763672,64970300,0.011991749150673137,0.14106880175455175,2015162163.117536
2010-04-20,23.628904342651367,31.360000610351562,31.440000534057617,31.1299991607666,31.219999313354492,52199500,0.010256276312088364,0.14340344240343306,1634366350.3100078
2010-04-21,23.60630226135254,31.329999923706055,31.5,31.229999542236328,31.329999923706055,55343100,-0.0009570015523943098,0.1419375058928558,1735190652.1478653
2010-04-22,23.65151023864746,31.389999389648438,31.530000686645508,30.899999618530273,31.040000915527344,84847600,0.0019132494160758462,0.13713421642265966,2653467268.7021894
2010-04-23,23.3275146484375,30.959999084472656,31.579999923706055,30.649999618530273,31.1200008392334,126766600,-0.013793420697035153,0.14423860481597436,3937793093.3041887
2010-04-26,23.440536499023438,31.110000610351562,31.280000686645508,30.860000610351562,31.0,63649300,0.004833302557467167,0.1361682330854188,1978432448.8004684
2010-04-27,23.244632720947266,30.850000381469727,31.25,30.75,30.950000762939453,68730900,-0.00839259795918279,0.14035182853616357,2127221363.7395859
2010-04-28,23.28983497619629,30.90999984741211,31.0,30.6200008392334,30.920000076293945,64557900,0.0019427435921377523,0.13960163088795097,1991180843.7761307
2010-04-29,23.357654571533203,31.0,31.43000030517578,30.670000076293945,30.93000030517578,52665200,0.00290775103994223,0.12299277835077546,1634376713.3633933
2010-04-30,23.011056900024414,30.540000915527344,31.079999923706055,30.520000457763672,31.06999969482422,63214800,-0.014949914106498596,0.13555561561991888,1941537251.3298035
2010-05-03,23.252164840698242,30.860000610351562,31.059999465942383,30.579999923706055,30.670000076293945,43989500,0.010423403929773034,0.13838284521631453,1356342916.6666665
2010-05-04,22.702138900756836,30.1299991607666,30.549999237060547,29.75,30.520000457763672,82085600,-0.023939094375214243,0.16621937560087963,2474333558.8282266
2010-05-05,22.491161346435547,29.850000381469727,30.09000015258789,29.690000534057617,29.770000457763672,66833800,-0.009336741765909817,0.17030034375440298,1996771188.4620667
2010-05-06,21.83563995361328,28.979999542236328,29.8799991607666,27.90999984741211,29.59000015258789,128613000,-0.029578907862269688,0.18682166556038565,3719916607.854843
2010-05-07,21.255464553833008,28.209999084472656,28.950000762939453,27.31999969482422,28.93000030517578,173718100,-0.02692947733713469,0.1972189090372585,4891901669.492722
2010-05-10,21.805503845214844,28.940000534057617,29.479999542236328,28.709999084472656,29.010000228881836,86653300,0.025548390107730246,0.22155147638756964,2516700652.092552
2010-05-11,21.760295867919922,28.8799991607666,29.649999618530273,28.56999969482422,28.68000030517578,63789400,-0.0020753891272233815,0.22025057420859673,1852018880.8883667
2010-05-12,22.1822452545166,29.440000534057617,29.579999923706055,28.920000076293945,28.979999542236328,47146800,0.01920518682025163,0.22751495396398191,1382029872.393036
2010-05-13,22.031539916992188,29.239999771118164,29.729999542236328,29.18000030517578,29.260000228881836,45188800,-0.006817146308081501,0.22756015331722873,1327797567.5872803
2010-05-14,21.797971725463867,28.93000030517578,29.209999084472656,28.639999389648438,29.200000762939453,63334000,-0.010658133928588498,0.22888318126154805,1832041480.895996
2010-05-17,21.805503845214844,28.940000534057617,29.229999542236328,28.450000762939453,29.1200008392334,46053300,0.0003454825436417508,0.2227882286206416,1329712294.8831558
2010-05-18,21.646564483642578,28.600000381469727,29.0,28.399999618530273,28.8700008392334,52690600,-0.007315650395355089,0.21734304435343663,1510463866.6666667
2010-05-19,21.374088287353516,28.239999771118164,28.690000534057617,27.790000915527344,28.520000457763672,61746700,-0.012667396808571763,0.2187898490522622,1743726833.1247966
2010-05-20,20.518827438354492,27.110000610351562,27.84000015258789,27.040000915527344,27.649999618530273,87991100,-0.04083648440042653,0.2496655882759102,2404796812.2300467
2010-05-21,20.314455032348633,26.84000015258789,27.110000610351562,26.440000534057617,26.6299991607666,117596300,-0.01001017308466201,0.24872976647197817,3151188903.174019
2010-05-24,19.88304901123047,26.270000457763672,26.860000610351562,26.260000228881836,26.850000381469727,73711700,-0.02146514295026103,0.2497181901052027,1950657319.5346198
2010-05-25,19.731666564941406,26.06999969482422,26.329999923706055,25.3799991607666,25.649999618530273,98373600,-0.007642775214514064,0.24972551204972554,2550499495.9716797
2010-05-26,18.92938232421875,25.010000228881836,26.610000610351562,24.559999465942383,26.229999542236328,176684100,-0.041509449816644395,0.27178169755132947,4486598263.973236
2010-05-27,19.678688049316406,26.0,26.360000610351562,25.729999542236328,25.729999542236328,136433600,0.03882089001778777,0.3183012777765296,3551366614.9393716
2010-05-28,19.527320861816406,25.799999237060547,26.1200008392334,25.65999984741211,25.84000015258789,67496900,-0.007721670417302651,0.3174569090618525,1745469832.283465
2010-06-01,19.59543228149414,25.889999389648438,26.309999465942383,25.520000457763672,25.530000686645508,76152400,0.003481937390388712,0.3132036894823751,1972854825.2367656
2010-06-02,20.02684783935547,26.459999084472656,26.479999542236328,25.729999542236328,26.059999465942383,65718800,0.021777273104905515,0.32463903559777335,1723365958.5550942
2010-06-03,20.329601287841797,26.860000610351562,26.93000030517578,26.40999984741211,26.549999237060547,67837000,0.015004250118994644,0.33256724015251127,1813509150.5851746
2010-06-04,19.51974868774414,25.790000915527344,26.56999969482422,25.6200008392334,26.100000381469727,89832200,-0.04065130913939141,0.34483621534147485,2335038362.0731354
2010-06-07,19.141307830810547,25.290000915527344,25.829999923706055,25.239999771118164,25.81999969482422,80456200,-0.01957799288993778,0.3400125939977032,2047878493.7021892
2010-06-08,19.005064010620117,25.110000610351562,25.260000228881836,24.649999618530273,25.25,87355000,-0.007143242879652956,0.32099606239187134,2184457379.995982
2010-06-09,18.762874603271484,24.790000915527344,25.520000457763672,24.75,25.219999313354492,87794000,-0.012825308238141986,0.321126319158173,2196605920.188904
2010-06-10,18.921815872192383,25.0,25.149999618530273,24.780000686645508,25.1299991607666,78930900,0.008435373058756301,0.31190874235211924,1971430787.0292664
2010-06-11,19.42135238647461,25.65999984741211,25.719999313354492,24.770000457763672,25.040000915527344,68057700,0.02605756393907832,0.3334083652896628,1727531276.346016
2010-06-14,19.300254821777344,25.5,25.959999084472656,25.469999313354492,25.860000610351562,50972400,-0.006254800264321236,0.3330318276349463,1307102216.7778015
2010-06-15,20.117677688598633,26.579999923706055,26.649999618530273,25.739999771118164,25.75,81641500,0.04148061651333368,0.37125520572546844,2149076399.6470766
2010-06-16,19.920888900756836,26.31999969482422,26.579999923706055,26.229999542236328,26.469999313354492,48698000,-0.009830040845089094,0.3716374673892486,1284490899.7103372
2010-06-17,19.95872688293457,26.3700008392334,26.670000076293945,26.040000915527344,26.559999465942383,47995500,0.00189761073613548,0.37084893920634765,1265161409.2941284
2010-06-18,20.0117130279541,26.440000534057617,26.530000686645508,26.170000076293945,26.3700008392334,52075600,0.002651268095886561,0.34520747159429865,1373754350.5139668
2010-06-21,19.640844345092773,25.950000762939453,26.889999389648438,25.889999389648438,26.780000686645508,54625300,-0.018706460428277616,0.34927484896742383,1433549947.998174
2010-06-22,19.50461196899414,25.770000457763672,26.450000762939453,25.760000228881836,26.15999984741211,55985400,-0.006960344260768192,0.3424640328139407,1455247191.0518646
2010-06-23,19.156444549560547,25.309999465942383,25.780000686645508,25.219999313354492,25.780000686645508,61466200,-0.018011759819501538,0.34686389250185834,1563495229.7245026
2010-06-24,18.921815872192383,25.0,25.719999313354492,24.93000030517578,25.459999084472656,85243400,-0.012323653666476364,0.31791392221651077,2149554392.4940743
2010-06-25,18.566085815429688,24.530000686645508,25.110000610351562,24.309999465942383,25.049999237060547,156256700,-0.01897896220083295,0.29066300883838453,3851727694.738134
2010-06-28,18.39957046508789,24.309999465942383,24.610000610351562,24.1200008392334,24.510000228881836,73784800,-0.009009253095230818,0.29096555575685346,1796413953.1840007
2010-06-29,17.642702102661133,23.309999465942383,24.200000762939453,23.110000610351562,24.1299991607666,119882100,-0.042005100783067295,0.3194167286019811,2822024667.536354
2010-06-30,17.415634155273438,23.010000228881836,23.68000030517578,22.950000762939453,23.299999237060547,81050500,-0.012953901801989076,0.30465074646700424,1881452308.374087
2010-07-01,17.5291690826416,23.15999984741211,23.31999969482422,22.729999542236328,23.09000015258789,92239400,0.006497980605820963,0.29826926793071823,2127962929.850769
2010-07-02,17.612424850463867,23.270000457763672,23.479999542236328,23.049999237060547,23.360000610351562,62485100,0.004738312311586057,0.2749618329246642,1453819977.4425507
2010-07-06,18.028709411621094,23.81999969482422,24.09000015258789,23.579999923706055,23.700000762939453,73592000,0.02336084421285145,0.2864473105881333,1753697354.385376
2010-07-07,18.392013549804688,24.299999237060547,24.31999969482422,23.610000610351562,23.81999969482422,79965300,0.019951069584393633,0.29665866733254553,1925297860.7982635
2010-07-08,18.475265502929688,24.40999984741211,24.6200008392334,23.969999313354492,24.600000381469727,50758100,0.004516313477541001,0.2944788696373599,1235113766.6666665
2010-07-09,18.369295120239258,24.270000457763672,24.40999984741211,24.149999618530273,24.329999923706055,53806100,-0.0057523104145142945,0.29297646789136816,1306232752.9649734
2010-07-12,18.793149948120117,24.829999923706055,24.889999389648438,24.420000076293945,24.43000030517578,49854200,0.022811911730969303,0.28932482315187436,1232063452.5238037
2010-07-13,19.020204544067383,25.1299991607666,25.299999237060547,24.899999618530273,25.139999389648438,61928700,0.012009372239135896,0.29254002679802504,1555029616.0518646
2010-07-14,19.254837036132812,25.440000534057617,25.610000610351562,25.1200008392334,25.5,72808100,0.01226049255743522,0.2543964768651983,1848597707.141749
2010-07-15,19.307823181152344,25.510000228881836,25.59000015258789,24.979999542236328,25.5,56934700,0.0027480561800503622,0.2533579580559624,1443863990.5520756
2010-07-16,18.838558197021484,24.889999389648438,25.639999389648438,24.8799991607666,25.510000228881836,65064800,-0.024604622554747824,0.26511594308914194,1635512144.6568809
2010-07-19,19.095903396606445,25.229999542236328,25.299999237060547,24.90999984741211,24.959999084472656,38181800,0.013568092795774866,0.27062316550657667,960144979.8550924
2010-07-20,19.285114288330078,25.479999542236328,25.479999542236328,24.700000762939453,24.860000610351562,45530700,0.009859687728685618,0.2668794148608475,1148284251.6841888
2010-07-21,19.01264762878418,25.1200008392334,25.649999618530273,24.979999542236328,25.600000381469727,73297300,-0.014229095540846615,0.27011960043966105,1850756825.0
2010-07-22,19.55759620666504,25.84000015258789,25.989999771118164,25.469999313354492,25.510000228881836,73016400,0.02825934135204955,0.2812110683694625,1881389221.4309692
2010-07-23,19.53488540649414,25.809999465942383,26.020000457763672,25.25,25.84000015258789,108520100,-0.0011619013062729167,0.27715181328617233,2788243099.906858
2010-07-26,19.754379272460938,26.100000381469727,26.200000762939453,25.799999237060547,25.860000610351562,67249900,0.011173339653355097,0.26844632514714256,1750739071.8846004
2010-07-27,19.799787521362305,26.15999984741211,26.239999771118164,25.959999084472656,26.139999389648438,60672100,0.002296004316614031,0.2648450790168819,1584755225.769488
2010-07-28,19.640844345092773,25.950000762939453,26.190000534057617,25.829999923706055,26.06999969482422,69704800,-0.008059913302015165,0.21181765795992621,1811627780.3629558
2010-07-29,19.701396942138672,26.030000686645508,26.40999984741211,25.600000381469727,26.1299991607666,69446200,0.0030782509017877047,0.20135184384940655,1806527170.5266316
2010-07-30,19.53488540649414,25.809999465942383,25.84000015258789,25.350000381469727,25.75,83534800,-0.008487681569741667,0.20761821502154074,2144059866.6666667
2010-08-02,19.92845916748047,26.329999923706055,26.3799991607666,25.75,25.989999771118164,55044600,0.019946956588605236,0.21357432213872804,1439599755.2017212
2010-08-03,19.799787521362305,26.15999984741211,26.350000381469727,25.969999313354492,26.200000762939453,56877700,-0.006477612618636108,0.2082076094961678,1487920623.3211517
2010-08-04,19.474332809448242,25.729999542236328,26.239999771118164,25.440000534057617,26.149999618530273,78531900,-0.01657387405027233,0.2127632077206188,2026384789.005661
2010-08-05,19.20186424255371,25.3700008392334,25.579999923706055,25.209999084472656,25.489999771118164,64922100,-0.014089962061742067,0.2205335790941071,1648155708.6978912
2010-08-06,19.338102340698242,25.549999237060547,25.559999465942383,25.020000457763672,25.18000030517578,55982100,0.007069993967747656,0.21936534012033967,1420639075.3393173
2010-08-09,19.383508682250977,25.610000610351562,25.729999542236328,25.3700008392334,25.549999237060547,57096500,0.002345272377133778,0.20662804706591556,1459957523.8765082
2010-08-10,18.97479820251465,25.06999969482422,25.34000015258789,24.8799991607666,25.329999923706055,87257700,-0.021310948319894774,0.21725421581575746,2189877382.151985
2010-08-11,18.815853118896484,24.860000610351562,24.899999618530273,24.559999465942383,24.68000030517578,76746900,-0.008411922806902172,0.21416223320437458,1901276528.1929016
2010-08-12,18.53581428527832,24.489999771118164,24.68000030517578,24.360000610351562,24.420000076293945,70240500,-0.01499499756167344,0.21883668068450726,1721594671.0767746
2010-08-13,18.46769142150879,24.399999618530273,24.670000076293945,24.239999771118164,24.350000381469727,45263500,-0.003681972258016142,0.203057578159263,1106089053.6088943
2010-08-16,18.54338264465332,24.5,24.610000610351562,24.299999237060547,24.360000610351562,40909700,0.0040901989784818404,0.19705218301804317,1001060356.9192251
2010-08-17,18.802091598510742,24.709999084472656,24.959999084472656,24.600000381469727,24.709999084472656,52912600,0.013855124223987936,0.20040254120614232,1309939575.0995636
2010-08-18,18.885784149169922,24.81999969482422,24.950000762939453,24.40999984741211,24.68000030517578,46818900,0.00444135874325946,0.1955396171179791,1157675338.7626648
2010-08-19,18.596643447875977,24.440000534057617,24.739999771118164,24.209999084472656,24.6200008392334,54064600,-0.015428372987976946,0.17205167408196062,1322600320.3338623
2010-08-20,18.43684959411621,24.229999542236328,24.399999618530273,24.200000762939453,24.309999465942383,49560100,-0.008629747416221356,0.1732452399125352,1203154026.4062881
2010-08-23,18.474899291992188,24.280000686645508,24.639999389648438,24.239999771118164,24.440000534057617,51643000,0.0020616585505441876,0.166667245244337,1259400624.0399678
2010-08-24,18.292280197143555,24.040000915527344,24.350000381469727,24.0,24.09000015258789,66522500,-0.009933892082827356,0.16681981119772757,1605187953.759829
2010-08-25,18.33793830871582,24.100000381469727,24.219999313354492,23.8700008392334,24.0,47404800,0.002492921805025805,0.16754538293640323,1140717512.4389648
2010-08-26,18.1248722076416,23.81999969482422,24.190000534057617,23.790000915527344,24.09000015258789,49105300,-0.01168689539622969,0.16810323750806297,1175253532.0655186
2010-08-27,18.20859146118164,23.93000030517578,24.020000457763672,23.510000228881836,23.8799991607666,60939400,0.004608390901957193,0.169961129139993,1451576528.1469982
2010-08-30,17.987916946411133,23.639999389648438,23.81999969482422,23.600000381469727,23.739999771118164,45453100,-0.012193289273542351,0.14916019065199304,1076632420.575142
2010-08-31,17.858556747436523,23.469999313354492,23.729999542236328,23.31999969482422,23.600000381469727,66074600,-0.007217488762388591,0.14926681580156834,1553193565.4064178
2010-09-01,18.185752868652344,23.899999618530273,23.950000762939453,23.540000915527344,23.670000076293945,65235900,0.018155715143727935,0.16348812157164277,1552396995.2035904
2010-09-02,18.216190338134766,23.940000534057617,23.950000762939453,23.709999084472656,23.8799991607666,48837100,0.0016722995474682811,0.1595783917427612,1165578792.876625
2010-09-03,18.482505798339844,24.290000915527344,24.450000762939453,24.200000762939453,24.239999771118164,64189100,0.014513874509378688,0.16717961615858934,1560651036.9038901
2010-09-07,18.231412887573242,23.959999084472656,24.299999237060547,23.920000076293945,24.100000381469727,51928700,-0.013678563049838832,0.1707682772959733,1249404494.2670822
2010-09-08,18.20859146118164,23.93000030517578,24.200000762939453,23.739999771118164,24.06999969482422,65512400,-0.0012525481148051298,0.15733532470596517,1569458747.6600647
2010-09-09,18.26944923400879,24.010000228881836,24.209999084472656,23.989999771118164,24.190000534057617,46028900,0.0033366830087593335,0.15660877316523117,1107915608.9530945
2010-09-10,18.1477108001709,23.850000381469727,24.030000686645508,23.790000915527344,23.979999542236328,58284300,-0.0066857979698524694,0.15007149698510505,1392411965.5384064
2010-09-13,19.106449127197266,25.110000610351562,25.290000915527344,24.09000015258789,24.200000762939453,114680400,0.051481502656166356,0.2351566713840055,2847514396.1624146
2010-09-14,19.04557991027832,25.030000686645508,25.350000381469727,24.889999389648438,25.040000915527344,87160400,-0.003190879756629794,0.2355731444525391,2186854449.2996216
2010-09-15,19.11406707763672,25.1200008392334,25.219999313354492,24.920000076293945,25.100000381469727,56201900,0.0035895112402815066,0.23133860419799435,1409918335.6211982
2010-09-16,19.27385711669922,25.329999923706055,25.3700008392334,25.049999237060547,25.059999465942383,44548300,0.008325063951312384,0.23249137446483417,1124844575.0
2010-09-17,19.190153121948242,25.219999313354492,25.530000686645508,25.079999923706055,25.399999618530273,70341600,-0.004352334889891729,0.22567793617767398,1778001174.2111206
2010-09-20,19.34994125366211,25.43000030517578,25.520000457763672,25.110000610351562,25.280000686645508,49838700,0.00829209423961963,0.2236253509015092,1263577196.8143463
2010-09-21,19.13688850402832,25.149999618530273,25.420000076293945,25.079999923706055,25.420000076293945,52675700,-0.011071575772846565,0.22845234841058412,1328305561.6352715
2010-09-22,18.726001739501953,24.610000610351562,24.969999313354492,24.360000610351562,24.889999389648438,94299400,-0.02170478230284889,0.23941126483728023,2324165895.4537706
2010-09-23,18.589038848876953,24.43000030517578,24.59000015258789,24.360000610351562,24.510000228881836,46201800,-0.007340927600957059,0.24113873716017478,1130096044.4496155
2010-09-24,18.855344772338867,24.780000686645508,24.799999237060547,24.579999923706055,24.639999389648438,51948800,0.014224318194567598,0.24105874604215968,1284174333.3577476
2010-09-27,18.81730842590332,24.729999542236328,24.989999771118164,24.59000015258789,24.850000381469727,43603300,-0.0020193087627871087,0.24123720360084194,1080053733.237775
2010-09-28,18.779268264770508,24.68000030517578,24.899999618530273,24.350000381469727,24.799999237060547,56041200,-0.0020235977560840723,0.23640461766986584,1381041977.7008057
2010-09-29,18.64229393005371,24.5,24.65999984741211,24.399999618530273,24.6299991607666,44318900,-0.007320642881147865,0.23645639805898366,1086699420.1103845
2010-09-30,18.63469123840332,24.489999771118164,24.829999923706055,24.360000610351562,24.610000610351562,61262700,-0.00040790271645896325,0.22923327305388191,1504611918.231964
2010-10-01,18.550989151000977,24.3799991607666,24.81999969482422,24.299999237060547,24.770000457763672,62672300,-0.004501852750272928,0.23007327951312811,1535471310.1540246
2010-10-04,18.193355560302734,23.90999984741211,23.989999771118164,23.780000686645508,23.959999084472656,98143400,-0.01946666281498821,0.23474794391675433,2344972980.6503296
2010-10-05,18.528167724609375,24.350000381469727,24.450000762939453,23.90999984741211,24.059999465942383,78152900,0.018235705522736456,0.23860326287247782,1894165812.1712365
2010-10-06,18.589038848876953,24.43000030517578,24.540000915527344,24.1299991607666,24.31999969482422,50489700,0.0032799439644350947,0.23862554098824562,1230265696.4200974
2010-10-07,18.665124893188477,24.530000686645508,24.75,24.280000686645508,24.6200008392334,50096100,0.004084705840048386,0.23873050459121173,1228356394.9321747
2010-10-08,18.695568084716797,24.56999969482422,24.649999618530273,24.3700008392334,24.6200008392334,41327800,0.0016296913060016571,0.2370536631939134,1013770936.1020405
2010-10-11,18.710779190063477,24.59000015258789,24.739999771118164,24.5,24.739999771118164,27587800,0.0008132901121498115,0.15195340683976272,678935757.2984059
2010-10-12,18.893396377563477,24.829999923706055,24.93000030517578,24.43000030517578,24.649999618530273,50141500,0.009712677933099378,0.15615861963754193,1239999303.92615
2010-10-13,19.281461715698242,25.34000015258789,25.540000915527344,24.889999389648438,25.020000457763672,75336500,0.02033163843877972,0.17153527056941942,1902748879.828771
2010-10-14,19.197769165039062,25.229999542236328,25.34000015258789,25.0,25.290000915527344,51949100,-0.004350018475802742,0.16978678471038866,1308597823.715464
2010-10-15,19.43364906311035,25.540000915527344,25.549999237060547,25.229999542236328,25.360000610351562,68954800,0.012211968409291174,0.1742918165963438,1754210104.985555
2010-10-18,19.646703720092773,25.81999969482422,25.950000762939453,25.450000762939453,25.59000015258789,48330500,0.01090352325848798,0.1759643879796807,1244027089.665731
2010-10-19,19.098846435546875,25.100000381469727,25.3700008392334,24.950000762939453,25.270000457763672,66150900,-0.02828163744612766,0.19909929912171012,1663033669.739914
2010-10-20,19.258634567260742,25.309999465942383,25.399999618530273,25.100000381469727,25.260000228881836,56283600,0.008331571930392467,0.18462465936206196,1422286561.9804382
2010-10-21,19.342334747314453,25.420000076293945,25.540000915527344,25.049999237060547,25.399999618530273,50032400,0.004336694788678486,0.1820594581880509,1267654245.1505027
2010-10-22,19.31190299987793,25.3799991607666,25.540000915527344,25.270000457763672,25.520000457763672,25837900,-0.0015745623505951656,0.17680789548788842,656196538.266309
2010-10-25,19.167329788208008,25.190000534057617,25.350000381469727,25.170000076293945,25.239999771118164,50912400,-0.007514385370133603,0.1790747204027631,1284859284.8320007
2010-10-26,19.70756721496582,25.899999618530273,25.969999313354492,25.059999465942383,25.1200008392334,69304200,0.02779542839250082,0.20124140687910375,1777190664.987564
2010-10-27,19.821706771850586,26.049999237060547,26.110000610351562,25.6200008392334,25.790000915527344,64805500,0.0057749542344960325,0.1983403220990105,1680190611.4994686
2010-10-28,19.996721267700195,26.280000686645508,26.3799991607666,25.920000076293945,26.209999084472656,80730300,0.00879068469058275,0.19886216335452706,2114595655.9469223
2010-10-29,20.293479919433594,26.670000076293945,27.200000762939453,26.479999542236328,27.149999618530273,114193200,0.01473132472167249,0.2002063178731864,3058474554.5204163
2010-11-01,20.506532669067383,26.950000762939453,27.219999313354492,26.700000762939453,26.8799991607666,61912100,0.01044385394306424,0.18092834936437746,1668943859.6529007
2010-11-02,20.84132957458496,27.389999389648438,27.420000076293945,27.020000457763672,27.059999465942383,54402100,0.01619451184976972,0.17931746762389061,1483907946.2831497
2010-11-03,20.567398071289062,27.030000686645508,27.489999771118164,26.959999084472656,27.459999084472656,110255300,-0.013230809780079067,0.19105129643729055,2994533931.1763763
2010-11-04,20.65110206604004,27.139999389648438,27.43000030517578,27.010000228881836,27.40999984741211,93599300,0.004061482564122976,0.19105280211293413,2545276962.2863135
2010-11-05,20.430438995361328,26.850000381469727,27.190000534057617,26.530000686645508,27.170000076293945,110953700,-0.01074279041902404,0.19849854127714087,2979846595.589002
2010-11-08,20.399995803833008,26.809999465942383,28.8700008392334,26.579999923706055,26.68000030517578,71670800,-0.0014912012237622285,0.19918754568775712,1965213341.468048
2010-11-09,20.506532669067383,26.950000762939453,27.110000610351562,26.709999084472656,26.809999465942383,58538600,0.005208807008972638,0.19825899839069844,1576054249.598948
2010-11-10,20.49892234802246,26.940000534057617,27.079999923706055,26.809999465942383,27.010000228881836,52277300,-0.0003711857912138683,0.18964975464168624,1408524718.3371863
2010-11-11,20.301084518432617,26.68000030517578,26.719999313354492,26.280000686645508,26.68000030517578,62073100,-0.009698007199415937,0.19315334957615984,1648661542.3144023
2010-11-12,19.98911476135254,26.270000457763672,26.520000457763672,26.100000381469727,26.469999313354492,64962200,-0.015486445716702324,0.1997946238905563,1708289347.4185944
2010-11-15,19.93584632873535,26.200000762939453,26.5,26.170000076293945,26.329999923706055,51794600,-0.00266842911156262,0.19716875817637425,1361680048.4892526
2010-11-16,19.7597599029541,25.809999465942383,26.040000915527344,25.649999618530273,26.040000915527344,65339200,-0.008871892760082822,0.1708639827451748,1687929333.3333333
2010-11-17,19.576017379760742,25.56999969482422,25.90999984741211,25.549999237060547,25.899999618530273,58299700,-0.009342327636107317,0.17314844015224373,1496941939.944458
2010-11-18,19.78273582458496,25.84000015258789,26.079999923706055,25.610000610351562,25.709999084472656,59514000,0.010504415349276375,0.17601914708158434,1538040153.6216736
2010-11-19,19.667892456054688,25.690000534057617,25.829999923706055,25.600000381469727,25.799999237060547,52423200,-0.005822147729602545,0.17744783282480717,1347625742.6651
2010-11-22,19.698509216308594,25.729999542236328,25.739999771118164,25.440000534057617,25.649999618530273,53350500,0.0015554770121917194,0.17477465468996978,1367728982.2864532
2010-11-23,19.231515884399414,25.1200008392334,25.600000381469727,25.09000015258789,25.56999969482422,69742500,-0.023992572945672475,0.16780578759089607,1762393006.925583
2010-11-24,19.42290687561035,25.3700008392334,25.459999084472656,25.15999984741211,25.200000762939453,56825900,0.009902750660712112,0.1705597433822906,1439400042.664528
2010-11-26,19.33103370666504,25.25,25.40999984741211,25.170000076293945,25.209999084472656,21356500,-0.004741367699814258,0.1671475333743291,539821131.1235428
2010-11-29,19.376970291137695,25.309999465942383,25.420000076293945,24.93000030517578,25.190000534057617,56603600,0.0023734939182329384,0.15700809663301954,1427542789.1209922
2010-11-30,19.338693618774414,25.260000228881836,25.469999313354492,25.0,25.049999237060547,75282100,-0.0019773229214687937,0.15001995149366915,1900371132.8461964
2010-12-01,19.935850143432617,26.040000915527344,26.25,25.559999465942383,25.56999969482422,74123500,0.030411686100965785,0.17826353475576492,1923504834.4252903
2010-12-02,20.586597442626953,26.889999389648438,26.979999542236328,26.200000762939453,26.239999771118164,91759200,0.032120628781663996,0.2093191318440164,2449053038.6657715
2010-12-03,20.686124801635742,27.020000457763672,27.059999465942383,26.780000686645508,26.809999465942383,52622000,0.004822921606267183,0.20951963309825838,1418338317.3726401
2010-12-06,20.548311233520508,26.84000015258789,26.979999542236328,26.760000228881836,26.93000030517578,36264200,-0.00668441693441002,0.20733616757174084,974056411.0777537
2010-12-07,20.5712833404541,26.8700008392334,27.1299991607666,26.850000381469727,27.079999923706055,57860500,0.0011173315088108815,0.2072505806695786,1559340482.357343
2010-12-08,20.84688949584961,27.229999542236328,27.239999771118164,26.799999237060547,26.829999923706055,41666800,0.013308661607576155,0.21146156724837487,1128753591.866811
2010-12-09,20.7320556640625,27.079999923706055,27.34000015258789,27.010000228881836,27.280000686645508,47148300,-0.005523667005928878,0.21257666605122394,1279762027.796173
2010-12-10,20.931110382080078,27.34000015258789,27.399999618530273,27.110000610351562,27.190000534057617,37625800,0.009555501970053282,0.21129691033195977,1026557248.1177013
2010-12-13,20.86220359802246,27.25,27.450000762939453,27.170000076293945,27.270000457763672,47943900,-0.003297505745958329,0.20297427488358769,1308389044.4120407
2010-12-14,21.145471572875977,27.6200008392334,27.75,27.260000228881836,27.309999465942383,64070500,0.013486691055485611,0.20583007456376953,1764715161.1448925
2010-12-15,21.32155990600586,27.850000381469727,27.989999771118164,27.530000686645508,27.530000686645508,69634200,0.008292990406137957,0.2019435202720861,1935134437.479782
2010-12-16,21.42873191833496,27.989999771118164,27.989999771118164,27.65999984741211,27.760000228881836,57680200,0.005013871591098784,0.19619464291977087,1608123964.2649333
2010-12-17,21.359834671020508,27.899999618530273,28.09000015258789,27.75,27.920000076293945,87456500,-0.003220360593918059,0.19666672002441796,2441202429.994265
2010-12-20,21.290935516357422,27.809999465942383,27.989999771118164,27.68000030517578,27.950000762939453,52811000,-0.0032308544156913754,0.19526276869826628,1469554085.2750144
2010-12-21,21.489990234375,28.06999969482422,28.139999389648438,27.760000228881836,27.850000381469727,38153000,0.0093058367022536,0.19589798676879916,1067902461.2674713
2010-12-22,21.58184814453125,28.190000534057617,28.399999618530273,27.979999542236328,28.010000228881836,42252300,0.004265341479666063,0.16658293736548005,1191092332.7018738
2010-12-23,21.666074752807617,28.299999237060547,28.31999969482422,27.959999084472656,27.969999313354492,24902500,0.003895064045662533,0.16599845537006758,702084466.8674469
2010-12-27,21.489990234375,28.06999969482422,28.200000762939453,27.8799991607666,28.1200008392334,21652800,-0.008160405525328596,0.1690407313766003,607361037.2467041
2010-12-28,21.444053649902344,28.010000228881836,28.170000076293945,27.959999084472656,27.969999313354492,23042200,-0.002139868404907208,0.17073589598218375,646256897.978719
2010-12-29,21.413423538208008,27.969999313354492,28.1200008392334,27.8799991607666,27.940000534057617,19502500,-0.0014293943049938918,0.1704613093759602,545874970.536232
2010-12-30,21.32155990600586,27.850000381469727,28.0,27.780000686645508,27.920000076293945,20786100,-0.00429923057384185,0.14606381309294345,579447188.40065
2010-12-31,21.367490768432617,27.90999984741211,27.920000076293945,27.6299991607666,27.799999237060547,24752000,0.002151881076061457,0.10180759554045414,688600632.4462891
2011-01-03,21.421079635620117,27.979999542236328,28.18000030517578,27.920000076293945,28.049999237060547,53443800,0.0025048228861175303,0.10127247778032773,1497851566.640854
2011-01-04,21.505294799804688,28.09000015258789,28.170000076293945,27.850000381469727,27.940000534057617,54405600,0.003923707666281029,0.09669317713874728,1525351683.0688477
2011-01-05,21.436399459838867,28.0,28.010000228881836,27.770000457763672,27.899999618530273,58998700,-0.0032087881145672625,0.09848812625065341,1647637042.1703975
2011-01-06,22.06417465209961,28.81999969482422,28.850000381469727,27.860000610351562,28.040000915527344,88026300,0.028864850265925668,0.13040842706432726,2509629833.147621
2011-01-07,21.895748138427734,28.600000381469727,28.739999771118164,28.25,28.639999389648438,73762000,-0.0076627676810425704,0.1323323181548772,2104429863.7517292
2011-01-10,21.604822158813477,28.219999313354492,28.399999618530273,28.040000915527344,28.260000228881836,57573600,-0.013375931175683142,0.14093380034689426,1624726989.0716553
2011-01-11,21.520606994628906,28.110000610351562,28.25,28.049999237060547,28.200000762939453,50298900,-0.0039055969012720126,0.14121460951049777,1415243380.4416656
2011-01-12,21.857463836669922,28.549999237060547,28.59000015258789,28.06999969482422,28.1200008392334,52631100,0.015531516601217099,0.14354972676280411,1494898660.938263
2011-01-13,21.58184814453125,28.190000534057617,28.389999389648438,28.010000228881836,28.329999923706055,67077600,-0.012689859859628783,0.1495565481062733,1891364731.4117432
2011-01-14,21.666074752807617,28.299999237060547,28.3799991607666,27.90999984741211,28.079999923706055,62688400,0.003895064045662533,0.149190778818215,1767603881.9989522
2011-01-18,21.941673278808594,28.65999984741211,28.739999771118164,28.139999389648438,28.15999984741211,53322700,0.012640056311993053,0.1541483970600651,1520407901.7044704
2011-01-19,21.796215057373047,28.469999313354492,28.68000030517578,28.270000457763672,28.459999084472656,50005900,-0.006651384565445895,0.15587205769545232,1423834660.6050491
2011-01-20,21.704341888427734,28.350000381469727,28.549999237060547,28.1299991607666,28.5,58613600,-0.004224005943719966,0.15399445590464048,1661304778.816732
2011-01-21,21.45170783996582,28.020000457763672,28.43000030517578,28.020000457763672,28.399999618530273,58080300,-0.011708065772612741,0.15890646427288652,1635347670.6329346
2011-01-24,21.727312088012695,28.3799991607666,28.559999465942383,27.989999771118164,28.020000457763672,52047800,0.012765828930291878,0.16471644703493182,1473473190.203476
2011-01-25,21.780908584594727,28.450000762939453,28.450000762939453,28.1200008392334,28.139999389648438,42436600,0.0024637423854376728,0.16204948745016587,1202653277.455775
2011-01-26,22.033546447753906,28.780000686645508,28.989999771118164,28.5,28.510000228881836,74628800,0.011532297407662817,0.1659176166445678,2146075536.7207847
2011-01-27,22.10245704650879,28.8700008392334,29.459999084472656,28.489999771118164,28.75,146938600,0.0031226504121115717,0.16570207479306923,4252403069.0526323
2011-01-28,21.244998931884766,27.75,28.93000030517578,27.450000762939453,28.899999618530273,141249400,-0.039567257628188024,0.21811511718064958,3961104057.6235456
2011-01-31,21.22968101501465,27.729999542236328,27.899999618530273,27.420000076293945,27.770000457763672,65029000,-0.0007212728879104624,0.2179545607347076,1800219466.7956035
2011-02-01,21.42873191833496,27.989999771118164,28.059999465942383,27.610000610351562,27.799999237060547,62810700,0.009332384132407334,0.22033794130177445,1751581050.8052826
2011-02-02,21.390459060668945,27.940000534057617,28.110000610351562,27.8799991607666,27.93000030517578,45824000,-0.0017876502093252533,0.21994797334092006,1282002777.9947915
2011-02-03,21.168439865112305,27.649999618530273,27.969999313354492,27.540000915527344,27.969999313354492,60340100,-0.010433597449195808,0.2225699609777819,1672627568.930944
2011-02-04,21.260313034057617,27.770000457763672,27.84000015258789,27.510000228881836,27.700000762939453,40412200,0.0043307100142251365,0.1962334616284549,1119687365.971756
2011-02-07,21.589515686035156,28.200000762939453,28.34000015258789,27.790000915527344,27.799999237060547,68980900,0.015365715056055329,0.20367971141479793,1939053141.1026
2011-02-08,21.650760650634766,28.280000686645508,28.34000015258789,28.049999237060547,28.100000381469727,34904200,0.0028327758628723387,0.1986311528174316,985112872.220993
2011-02-09,21.413423538208008,27.969999313354492,28.260000228881836,27.90999984741211,28.190000534057617,52905100,-0.011022594291888677,0.2019409435497062,1483811693.9030964
2011-02-10,21.053600311279297,27.5,27.940000534057617,27.290000915527344,27.93000030517578,76672400,-0.016946411849277254,0.20122200297428236,2114369254.3810525
2011-02-11,20.86220359802246,27.25,27.809999465942383,27.06999969482422,27.760000228881836,83939700,-0.009132500186188164,0.19917866065668374,2297989163.5183334
2011-02-14,20.84688949584961,27.229999542236328,27.270000457763672,26.950000762939453,27.209999084472656,56766200,-0.0007343292181660743,0.1981828741942722,1541202344.4363914
2011-02-15,20.762182235717773,26.959999084472656,27.329999923706055,26.950000762939453,27.040000915527344,44116500,-0.004071582163611254,0.1910096489085943,1194674816.6341782
2011-02-16,20.808391571044922,27.020000457763672,27.06999969482422,26.600000381469727,27.049999237060547,70817900,0.002223176161794793,0.19120084217721217,1904765462.9402795
2011-02-17,20.954708099365234,27.209999084472656,27.3700008392334,26.90999984741211,26.969999313354492,57207300,0.007007005137553701,0.19372260456409118,1553940954.6354294
2011-02-18,20.839187622070312,27.059999465942383,27.209999084472656,26.989999771118164,27.1299991607666,68667800,-0.005528116941173611,0.19088202252686598,1859981770.9144592
2011-02-22,20.47724151611328,26.59000015258789,27.100000381469727,26.520000457763672,26.780000686645508,60889000,-0.017521134955321482,0.19122563470045204,1627968916.797002
2011-02-23,20.47724151611328,26.59000015258789,26.860000610351562,26.43000030517578,26.530000686645508,60234100,0.0,0.19053342916415467,1603833324.11232
2011-02-24,20.615861892700195,26.770000457763672,27.059999465942383,26.5,26.639999389648438,64494200,0.006746674789356533,0.18658562505519735,1726939693.693161
2011-02-25,20.446430206298828,26.549999237060547,26.950000762939453,26.5,26.90999984741211,53006300,-0.00825246908099686,0.18578137318906857,1413501333.3333335
2011-02-28,20.469541549682617,26.579999923706055,26.860000610351562,26.510000228881836,26.690000534057617,51379900,0.0011296980054411598,0.13324705983237664,1369274348.0665843
2011-03-01,20.146093368530273,26.15999984741211,26.780000686645508,26.149999618530273,26.600000381469727,60055000,-0.01592761111362151,0.14172716916680456,1583249986.3878887
2011-03-02,20.084484100341797,26.079999923706055,26.3700008392334,26.040000915527344,26.110000610351562,48658200,-0.0030628104405510115,0.13487919124328807,1273060733.2237244
2011-03-03,20.176889419555664,26.200000762939453,26.399999618530273,26.18000030517578,26.260000228881836,68271500,0.004590279634728134,0.13752315756190936,1792809605.6261063
2011-03-04,19.98436737060547,25.950000762939453,26.239999771118164,25.799999237060547,26.219999313354492,70437200,-0.009587524846789375,0.1369707903783064,1831132403.9594016
2011-03-07,19.8072452545166,25.719999313354492,26.270000457763672,25.549999237060547,26.1299991607666,64980400,-0.00890254373845023,0.13584258622262585,1679526717.1836853
2011-03-08,19.953561782836914,25.90999984741211,26.020000457763672,25.649999618530273,25.770000457763672,50549800,0.007359870168192284,0.1241220718045904,1307217826.714452
2011-03-09,19.938156127929688,25.889999389648438,25.979999542236328,25.65999984741211,25.809999465942383,39789100,-0.000772373639438495,0.12225611740057968,1028282958.1431072
2011-03-10,19.568506240844727,25.40999984741211,25.709999084472656,25.350000381469727,25.6200008392334,66549500,-0.01871383977859331,0.13035509928966066,1696346739.7680283
2011-03-11,19.776439666748047,25.68000030517578,25.850000381469727,25.360000610351562,25.40999984741211,49905800,0.010569863904926091,0.13201652040876458,1279085675.575892
2011-03-14,19.78414535522461,25.690000534057617,25.760000228881836,25.350000381469727,25.489999771118164,54473400,0.00038956393439226744,0.13066409324806216,1394519060.779953
2011-03-15,19.5531063079834,25.389999389648438,25.469999313354492,25.0,25.079999923706055,76067300,-0.011746713058583769,0.13413541244959434,1923488426.446978
2011-03-16,19.091041564941406,24.790000915527344,25.280000686645508,24.68000030517578,25.219999313354492,100725400,-0.023914967232558926,0.1521173491051265,2509741280.706151
2011-03-17,19.083335876464844,24.780000686645508,25.219999313354492,24.75,25.059999465942383,62497000,-0.00040370998023719906,0.15098799153994566,1557216916.6666667
2011-03-18,19.098737716674805,24.799999237060547,25.18000030517578,24.799999237060547,25.059999465942383,85486700,0.0008067577056944941,0.14658320084446974,2130898440.548706
2011-03-21,19.50690269470215,25.329999923706055,25.579999923706055,25.149999618530273,25.18000030517578,46878100,0.021146142539266055,0.17147745862613176,1188516086.9881313
2011-03-22,19.483802795410156,25.299999237060547,25.459999084472656,25.229999542236328,25.299999237060547,30895600,-0.0011848927432449585,0.16354173992566354,782585525.9999592
2011-03-23,19.668624877929688,25.540000915527344,25.610000610351562,25.18000030517578,25.229999542236328,43969000,0.009441225812581777,0.168536227712535,1118717950.169881
2011-03-24,19.876548767089844,25.809999465942383,25.8700008392334,25.5,25.600000381469727,38696700,0.010515862547477273,0.17148375881607253,995537105.9364319
2011-03-25,19.730236053466797,25.6200008392334,25.950000762939453,25.59000015258789,25.93000030517578,57029800,-0.007388298739681165,0.1711013413584333,1466806489.3578846
2011-03-28,19.568506240844727,25.40999984741211,25.719999313354492,25.3799991607666,25.65999984741211,48973200,-0.00823083469003194,0.17215533456889462,1248979816.6000366
2011-03-29,19.630123138427734,25.489999771118164,25.520000457763672,25.299999237060547,25.34000015258789,40763500,0.0031438317772258806,0.16558417732389877,1036887554.4099808
2011-03-30,19.7225341796875,25.610000610351562,25.719999313354492,25.5,25.600000381469727,41999300,0.004696567775723359,0.16671406304887068,1075602071.9319024
2011-03-31,19.5531063079834,25.389999389648438,25.68000030517578,25.34000015258789,25.600000381469727,63233700,-0.00862768477221465,0.16749043848528128,1610562335.7837677
2011-04-01,19.622419357299805,25.479999542236328,25.530000686645508,25.309999465942383,25.530000686645508,63114200,0.0035385930611218086,0.16572102078214576,1605625241.5796914
2011-04-04,19.67633056640625,25.549999237060547,25.65999984741211,25.40999984741211,25.450000762939453,35433700,0.0027436619755065728,0.1635311855091445,904976685.3842418
2011-04-05,19.85344886779785,25.780000686645508,26.18000030517578,25.739999771118164,25.81999969482422,73651100,0.008961319249394695,0.16457079645513956,1907563508.7304435
2011-04-06,20.13839340209961,26.149999618530273,26.309999465942383,25.860000610351562,25.979999542236328,65581400,0.014250374084360473,0.1720109929419097,1712111742.6620483
2011-04-07,20.176889419555664,26.200000762939453,26.260000228881836,25.969999313354492,26.190000534057617,46134700,0.0019097486839609878,0.1571416152684922,1206114845.0263977
2011-04-08,20.07677459716797,26.06999969482422,26.280000686645508,25.959999084472656,26.170000076293945,39887600,-0.004974207007452769,0.15506439768456015,1041199311.5659078
2011-04-11,20.007474899291992,25.979999542236328,26.25,25.799999237060547,26.190000534057617,34286300,-0.0034577055971132253,0.15574799055580768,891786649.0488688
2011-04-12,19.745637893676758,25.639999389648438,25.850000381469727,25.549999237060547,25.829999923706055,36920400,-0.013173347883675302,0.15723957862720855,948115859.7938538
2011-04-13,19.73793601989746,25.6299991607666,25.8700008392334,25.559999465942383,25.649999618530273,38144700,-0.00039013053346392823,0.12992631718734798,979810187.2095108
2011-04-14,19.576210021972656,25.420000076293945,25.440000534057617,25.09000015258789,25.420000076293945,55239900,-0.008227415649618486,0.134244653159777,1398490149.048233
2011-04-15,19.537700653076172,25.3700008392334,25.559999465942383,25.18000030517578,25.459999084472656,65080400,-0.0019690887806720347,0.13470936228204888,1651089761.240641
2011-04-18,19.314369201660156,25.079999923706055,25.280000686645508,24.719999313354492,25.100000381469727,58045100,-0.011496628730538916,0.12017114904593511,1452675367.85717
2011-04-19,19.368276596069336,25.149999618530273,25.170000076293945,24.8700008392334,25.0,38892400,0.00278716350419117,0.12066896237259903,974773192.2569275
2011-04-20,19.83804702758789,25.760000228881836,26.0,25.510000228881836,25.540000915527344,61608600,0.023965160282532594,0.1437023156009005,1586832183.4007263
2011-04-21,19.653217315673828,25.520000457763672,25.889999389648438,25.360000610351562,25.790000915527344,46892300,-0.00936060491174473,0.14257256416867606,1199973964.1551971
2011-04-25,19.7225341796875,25.610000610351562,25.6200008392334,25.34000015258789,25.559999465942383,33525100,0.003520793025425739,0.14098110404997544,855672320.2376683
2011-04-26,20.16919708251953,26.190000534057617,26.440000534057617,25.670000076293945,25.739999771118164,69200000,0.02239469464781907,0.1573703284769905,1806120026.397705
2011-04-27,20.315515518188477,26.3799991607666,26.389999389648438,26.1299991607666,26.299999237060547,52689000,0.007228361687867668,0.1585342560520084,1385720659.8014832
2011-04-28,20.56965446472168,26.709999084472656,26.8700008392334,26.399999618530273,26.459999084472656,80200000,0.01243200015197976,0.16257420636330921,2138131987.7624512
2011-04-29,19.96126937866211,25.920000076293945,26.639999389648438,25.360000610351562,26.549999237060547,319317900,-0.030023040516915067,0.19415259270575594,8293750264.120674
2011-05-02,19.76103401184082,25.65999984741211,26.0,25.479999542236328,25.940000534057617,89825600,-0.010081845501439979,0.19762552320934157,2309715576.3916016
2011-05-03,19.876548767089844,25.809999465942383,25.850000381469727,25.489999771118164,25.600000381469727,71892900,0.005828563407452414,0.19838268785330107,1848845735.858345
2011-05-04,20.069076538085938,26.059999465942383,26.25,25.790000915527344,25.850000381469727,73292300,0.009639566803605337,0.19876043536881405,1908042885.9862647
2011-05-05,19.86115264892578,25.790000915527344,26.079999923706055,25.68000030517578,26.049999237060547,55600000,-0.010414454045988286,0.1956170918798998,1437260021.2097168
2011-05-06,19.922761917114258,25.8700008392334,26.219999313354492,25.75,26.06999969482422,55993000,0.003097197352753156,0.19585916432586994,1452831709.514618
2011-05-09,19.891963958740234,25.829999923706055,25.959999084472656,25.670000076293945,25.799999237060547,38696400,-0.0015470639990198265,0.19526019619755297,999141036.1907959
2011-05-10,19.768735885620117,25.670000076293945,25.850000381469727,25.25,25.3799991607666,120798700,-0.00621413490664402,0.19602436504779017,3091238751.432419
2011-05-11,19.530000686645508,25.360000610351562,25.65999984741211,25.209999084472656,25.649999618530273,78600000,-0.01214991405015775,0.19522761438765662,1997225988.0065918
2011-05-12,19.49920082092285,25.31999969482422,25.389999389648438,25.100000381469727,25.350000381469727,77400000,-0.0015782988596524383,0.1952587051110359,1955897986.2213135
2011-05-13,19.27586555480957,25.030000686645508,25.31999969482422,24.950000762939453,25.280000686645508,66812300,-0.011519657178973297,0.1971999153798194,1676988755.4868698
2011-05-16,18.921615600585938,24.56999969482422,25.06999969482422,24.5,24.959999084472656,91350900,-0.018548872878869638,0.20658640722862726,2257585223.414612
2011-05-17,19.006887435913086,24.520000457763672,24.700000762939453,24.270000457763672,24.399999618530273,82882100,0.004496458977824247,0.2043326851630816,2030335222.7049508
2011-05-18,19.138662338256836,24.690000534057617,24.739999771118164,24.25,24.530000686645508,53931100,0.006909085191750375,0.20573788098413415,1324547821.4861553
2011-05-19,19.16192054748535,24.719999313354492,24.8799991607666,24.5,24.850000381469727,37783600,0.0012145095627804636,0.18558600462309632,933254900.7822673
2011-05-20,18.98362922668457,24.489999771118164,24.8700008392334,24.440000534057617,24.719999313354492,45451500,-0.00934801675125252,0.1855794914088336,1118106917.3383713
2011-05-23,18.735586166381836,24.170000076293945,24.25,24.030000686645508,24.209999084472656,52692500,-0.01315226911765821,0.18857299556002627,1272523888.4003959
2011-05-24,18.72007179260254,24.149999618530273,24.290000915527344,24.040000915527344,24.200000762939453,47691800,-0.0008284128760220888,0.16555147639011247,1152233911.0444388
2011-05-25,18.75108528137207,24.190000534057617,24.309999465942383,24.15999984741211,24.170000076293945,34904200,0.0016553262975036453,0.16198872109668958,845379722.2246807
2011-05-26,19.12315559387207,24.670000076293945,25.030000686645508,24.31999969482422,24.350000381469727,78016600,0.019648303111389875,0.17278040567049996,1924929589.2377217
2011-05-27,19.192922592163086,24.760000228881836,24.899999618530273,24.649999618530273,24.68000030517578,50251000,0.0036416605611164776,0.14505761349801802,1244717261.0543568
2011-05-31,19.386707305908203,25.010000228881836,25.059999465942383,24.700000762939453,24.959999084472656,60196300,0.010046044714917546,0.14755636536730055,1500292459.5185597
2011-06-01,18.937122344970703,24.43000030517578,25.100000381469727,24.3700008392334,24.989999771118164,74033500,-0.023463499910966412,0.164423796906088,1823691920.9887187
2011-06-02,18.77433967590332,24.219999313354492,24.649999618530273,24.18000030517578,24.489999771118164,51487800,-0.00863311425057045,0.15961952453912195,1253727916.9059753
2011-06-03,18.53403091430664,23.90999984741211,24.139999389648438,23.84000015258789,24.049999237060547,60697700,-0.012882475499167434,0.1612192228720839,1454519205.317688
2011-06-06,18.611549377441406,24.010000228881836,24.25,23.770000457763672,23.889999389648438,54778700,0.00417377114904216,0.1618126929094641,1315236599.5378494
2011-06-07,18.65030860900879,24.059999465942383,24.170000076293945,23.899999618530273,24.09000015258789,41112600,0.002080371062573416,0.16282076010119628,988483934.4989777
2011-06-08,18.557289123535156,23.940000534057617,24.020000457763672,23.860000610351562,23.899999618530273,42205000,-0.00500003681697736,0.1625937238102797,1010387722.5399017
2011-06-09,18.572795867919922,23.959999084472656,24.040000915527344,23.81999969482422,24.010000228881836,42878700,0.0008352658115318157,0.15973083494476722,1026516073.6381531
2011-06-10,18.379003524780273,23.709999084472656,24.020000457763672,23.690000534057617,24.020000457763672,49327200,-0.010489022081060728,0.16203256176969674,1174316209.2544556
2011-06-13,18.63480567932129,24.040000915527344,24.190000534057617,23.700000762939453,23.790000915527344,47572500,0.013822204884253786,0.1687434403823357,1140630010.085106
2011-06-14,18.77433967590332,24.219999313354492,24.450000762939453,24.190000534057617,24.299999237060547,42894500,0.007459921489804344,0.159757999313812,1041764432.0602417
2011-06-15,18.402252197265625,23.739999771118164,24.010000228881836,23.670000076293945,24.0,49410200,-0.020017967490675748,0.17232808407227465,1176292162.5898995
2011-06-16,18.60379981994629,24.0,24.100000381469727,23.649999618530273,23.75,57184100,0.01089279209974281,0.17533625334176023,1367653058.3333335
2011-06-17,18.805339813232422,24.260000228881836,24.299999237060547,23.979999542236328,24.219999313354492,83320400,0.010775010875549551,0.18019697356988384,2014687244.4536843
2011-06-20,18.968120574951172,24.469999313354492,24.65999984741211,24.15999984741211,24.170000076293945,54338400,0.008618843374056162,0.1803545069015999,1327487094.0353394
2011-06-21,19.192922592163086,24.760000228881836,24.860000610351562,24.399999618530273,24.520000457763672,49708700,0.011781890587946542,0.17813257313531675,1226479332.2516122
2011-06-22,19.107650756835938,24.649999618530273,24.809999465942383,24.59000015258789,24.600000381469727,44287300,-0.004452778053327666,0.17909284914715848,1093158177.0704906
2011-06-23,19.092153549194336,24.6299991607666,24.649999618530273,24.200000762939453,24.440000534057617,59470400,-0.0008113763289276932,0.17918670880400253,1456628321.5922036
2011-06-24,18.836347579956055,24.299999237060547,24.540000915527344,24.190000534057617,24.510000228881836,101387200,-0.013489056533634969,0.1720379072065305,2468102428.5390215
2011-06-27,19.53398323059082,25.200000762939453,25.459999084472656,24.229999542236328,24.229999542236328,92044200,0.03636729338090605,0.21457599463982596,2297730027.2735596
2011-06-28,19.999088287353516,25.799999237060547,25.920000076293945,25.15999984741211,25.299999237060547,81032100,0.023531008330570646,0.22657031809113506,2076582593.3317184
2011-06-29,19.859561920166016,25.6200008392334,25.709999084472656,25.360000610351562,25.709999084472656,66051000,-0.007001086909376841,0.2102359057498995,1688483741.7583466
2011-06-30,20.154123306274414,26.0,26.0,25.65999984741211,25.739999771118164,52535400,0.014723298069814206,0.2103522100820619,1359966385.3279114
2011-07-01,20.16962242126465,26.020000457763672,26.170000076293945,25.84000015258789,25.93000030517578,52906200,0.0007687339295427975,0.2020574095584315,1376090274.1092682
2011-07-05,20.1773681640625,26.030000686645508,26.149999618530273,25.899999618530273,26.100000381469727,37805300,0.0003839564131369322,0.20249528543594617,983945940.3718948
2011-07-06,20.409914016723633,26.329999923706055,26.3700008392334,25.959999084472656,25.969999313354492,48744200,0.011459175625762263,0.20394690551148947,1278072921.520742
2011-07-07,20.750988006591797,26.770000457763672,26.8799991607666,26.360000610351562,26.489999771118164,51946500,0.016573096307178403,0.2049298766745105,1385413158.9632034
2011-07-08,20.867263793945312,26.920000076293945,26.979999542236328,26.510000228881836,26.540000915527344,58320700,0.005587745033093672,0.20419985968750182,1563189159.3669891
2011-07-11,20.6424617767334,26.6299991607666,26.799999237060547,26.489999771118164,26.6200008392334,43999800,-0.010831399722198487,0.20454763462637987,1172154645.1446533
2011-07-12,20.572694778442383,26.540000915527344,26.790000915527344,26.34000015258789,26.549999237060547,47319300,-0.0033855052732678637,0.20471559714502033,1256642908.2881927
2011-07-13,20.6424617767334,26.6299991607666,26.959999084472656,26.510000228881836,26.600000381469727,40861800,0.0033855052732678637,0.20457062418255814,1091010039.2166138
2011-07-14,20.5184383392334,26.469999313354492,27.010000228881836,26.360000610351562,26.6200008392334,46382300,-0.006026292548933387,0.18831359660031405,1234387613.0257926
2011-07-15,20.758745193481445,26.780000686645508,26.93000030517578,26.469999313354492,26.469999313354492,49132400,0.011643699916358496,0.18860512850455052,1313145282.3313394
2011-07-18,20.611459732055664,26.59000015258789,26.899999618530273,26.260000228881836,26.6299991607666,44501900,-0.007120394205037073,0.19239909757260976,1183008841.6666665
2011-07-19,21.34786605834961,27.540000915527344,27.639999389648438,26.780000686645508,26.809999465942383,86730600,0.03510456545871543,0.219331773152655,2369480020.673752
2011-07-20,20.97578239440918,27.059999465942383,27.350000381469727,26.979999542236328,27.280000686645508,49795400,-0.0175832313101556,0.23255705449732628,1350949191.8691
2011-07-21,21.00679588317871,27.100000381469727,27.309999465942383,26.649999618530273,27.040000915527344,81737400,0.0014774459160626918,0.23059615445538534,2208544533.449173
2011-07-22,21.340103149414062,27.530000686645508,27.549999237060547,26.68000030517578,26.860000610351562,76380600,0.015742080623629917,0.23267943970244942,2081625957.8273773
2011-07-25,21.634672164916992,27.90999984741211,28.09000015258789,27.190000534057617,27.260000228881836,108482400,0.013709141085163967,0.22346033477429597,3008216971.3119507
2011-07-26,21.766448974609375,28.079999923706055,28.149999618530273,27.780000686645508,27.81999969482422,74636500,0.006072525832404807,0.1960702048754779,2090070794.0276463
2011-07-27,21.185077667236328,27.329999923706055,27.989999771118164,27.200000762939453,27.8799991607666,71488700,-0.027072696183117806,0.21444875212383643,1966415852.2416434
2011-07-28,21.48738670349121,27.719999313354492,28.06999969482422,27.209999084472656,27.290000915527344,83761400,0.01416904780984618,0.21466533382932226,2317398680.0792694
2011-07-29,21.239341735839844,27.399999618530273,27.709999084472656,27.260000228881836,27.520000457763672,104394800,-0.011610893852304294,0.21731451820203246,2866333188.1647744
2011-08-01,21.138574600219727,27.270000457763672,27.690000534057617,26.75,27.510000228881836,61838400,-0.0047556526722720704,0.21874404199201006,1684271908.4442139
2011-08-02,20.77424430847168,26.799999237060547,27.450000762939453,26.760000228881836,26.979999542236328,63883100,-0.01738558646348176,0.22914448367350368,1725056648.5405602
2011-08-03,20.867263793945312,26.920000076293945,27.0,26.479999542236328,26.829999923706055,64581200,0.004467640315318988,0.22656161536876843,1730776151.788076
2011-08-04,20.107606887817383,25.940000534057617,26.8700008392334,25.93000030517578,26.530000686645508,92949500,-0.037083409751458074,0.25471761438818585,2439614595.3375497
2011-08-05,19.906064987182617,25.68000030517578,26.100000381469727,25.229999542236328,25.969999313354492,112071700,-0.010073737078525102,0.2549318703330207,2876880547.550392
2011-08-08,18.975872039794922,24.479999542236328,25.600000381469727,24.389999389648438,25.020000457763672,134257200,-0.04785617899464434,0.2988397011107374,3332711197.2709656
2011-08-09,19.82855987548828,25.579999923706055,25.6200008392334,24.030000686645508,24.709999084472656,126268900,0.04395503684180113,0.34221920647812576,3166403176.679166
2011-08-10,18.758834838867188,24.200000762939453,25.09000015258789,24.100000381469727,24.950000762939453,127819900,-0.05545848352207727,0.38834222205556507,3126900875.5940123
2011-08-11,19.5262451171875,25.190000534057617,25.3799991607666,24.399999618530273,24.5,90690100,0.040094631252175716,0.418124387807389,2266345578.2426834
2011-08-12,19.45647621154785,25.100000381469727,25.34000015258789,24.649999618530273,25.1299991607666,64787100,-0.0035794822811494598,0.4149511821738874,1621621116.2952423
2011-08-15,19.774288177490234,25.510000228881836,25.579999923706055,25.149999618530273,25.239999771118164,56529400,0.01620253510655445,0.42001744641129973,1436600481.0204823
2011-08-16,19.7742919921875,25.350000381469727,25.59000015258789,25.049999237060547,25.219999313354492,54251500,1.9291197039805752e-07,0.3978402754185158,1374190490.860939
2011-08-17,19.696285247802734,25.25,25.700000762939453,24.93000030517578,25.25,50923700,-0.003952657974672924,0.3946849206716181,1288030136.79746
2011-08-18,19.243854522705078,24.670000076293945,25.09000015258789,24.030000686645508,24.56999969482422,105714200,-0.023238287671421887,0.4002599698388304,2600216971.594747
2011-08-19,18.760231018066406,24.049999237060547,24.6200008392334,23.90999984741211,24.40999984741211,77397900,-0.025452506292193533,0.3995365344124035,1872513192.0316696
2011-08-22,18.705617904663086,23.979999542236328,24.489999771118164,23.790000915527344,24.420000076293945,54721000,-0.0029153564461901205,0.39305901331302806,1318046490.8415477
2011-08-23,19.282859802246094,24.719999313354492,24.75,24.030000686645508,24.030000686645508,59670600,0.03039270672268035,0.412013057456725,1461929700.0
2011-08-24,19.42326545715332,24.899999618530273,24.93000030517578,24.420000076293945,24.649999618530273,45329700,0.007254989737080386,0.4070391465634374,1121910075.0
2011-08-25,19.165849685668945,24.56999969482422,25.15999984741211,24.5,25.079999923706055,48192000,-0.013341564780505077,0.4023773913602579,1192430712.6464844
2011-08-26,19.696285247802734,25.25,25.34000015258789,24.420000076293945,24.510000228881836,71957000,0.02730001873054988,0.4174342735354902,1799164862.15655
2011-08-29,20.15651512145996,25.84000015258789,25.860000610351562,25.3700008392334,25.530000686645508,38863200,0.023097515360547938,0.4276058227611612,998395628.755188
2011-08-30,20.460737228393555,26.229999542236328,26.43000030517578,25.700000762939453,25.729999542236328,57341400,0.014980225320341933,0.42795547288376323,1497757379.6661377
2011-08-31,20.749353408813477,26.600000381469727,26.709999084472656,26.260000228881836,26.290000915527344,59300800,0.0140072926275292,0.430687834933741,1572854879.300944
2011-09-01,20.445133209228516,26.209999084472656,26.860000610351562,26.209999084472656,26.459999084472656,60510800,-0.014770215883040727,0.41323021149848754,1599098716.7114258
2011-09-02,20.125314712524414,25.799999237060547,26.0,25.65999984741211,25.780000686645508,43894400,-0.01576640821534614,0.41558590850395233,1133353394.6044922
2011-09-06,19.899093627929688,25.510000228881836,25.59000015258789,25.110000610351562,25.200000762939453,54929300,-0.011304276713779426,0.37962990867464763,1395387335.826683
2011-09-07,20.281322479248047,26.0,26.0,25.56999969482422,25.690000534057617,41961000,0.019026203247134443,0.35417074514599894,1084971585.7315063
2011-09-08,20.452938079833984,26.219999313354492,26.65999984741211,25.950000762939453,26.0,65811900,0.008426155949467162,0.28842658025093176,1729317357.3263168
2011-09-09,20.07851219177246,25.739999771118164,26.18000030517578,25.5,26.0,64529200,-0.018476345511396985,0.2673112288048715,1665283556.307729
2011-09-12,20.195512771606445,25.889999389648438,25.93000030517578,25.270000457763672,25.440000534057617,55046100,0.0058102416677336954,0.26708368251659126,1414501285.7997894
2011-09-13,20.312528610229492,26.040000915527344,26.190000534057617,25.809999465942383,25.920000076293945,48792300,0.005777428881642788,0.2624265957054419,1269250378.8902283
2011-09-14,20.671348571777344,26.5,26.799999237060547,25.889999389648438,26.170000076293945,66739200,0.01751074592291868,0.26822662187348445,1761692385.4492188
2011-09-15,21.05356788635254,26.989999771118164,27.030000686645508,26.309999465942383,26.729999542236328,67808300,0.01832142703883255,0.2728011292446794,1815680244.608879
2011-09-16,21.15497398376465,27.1200008392334,27.270000457763672,26.829999923706055,27.049999237060547,89681500,0.0048050128256340585,0.2550627302540497,2427977179.824829
2011-09-19,21.22518539428711,27.209999084472656,27.309999465942383,26.600000381469727,26.799999237060547,52324900,0.0033134124924818487,0.2303900096441084,1414865277.3703258
2011-09-20,21.045772552490234,26.979999542236328,27.5,26.93000030517578,27.309999465942383,49211900,-0.008488755773184309,0.23393964786194188,1335446923.8302865
2011-09-21,20.27352523803711,25.989999771118164,27.059999465942383,25.969999313354492,27.049999237060547,72750700,-0.03738385169462344,0.2605196639368536,1916253402.8472264
2011-09-22,19.548072814941406,25.059999465942383,25.649999618530273,24.600000381469727,25.299999237060547,96278300,-0.03643915507315931,0.29239210040768465,2416906240.5272803
2011-09-23,19.548072814941406,25.059999465942383,25.149999618530273,24.690000534057617,24.899999618530273,64768100,0.0,0.2881502441620166,1617043555.0976434
2011-09-26,19.844491958618164,25.440000534057617,25.520000457763672,24.729999542236328,25.190000534057617,51057600,0.015049781103105175,0.27695486553958054,1288183257.0892334
2011-09-27,20.023906707763672,25.670000076293945,25.920000076293945,25.450000762939453,25.65999984741211,55620700,0.009000409663053155,0.2664781532431469,1428339592.9740906
2011-09-28,19.953704833984375,25.579999923706055,26.3700008392334,25.510000228881836,25.93000030517578,60736200,-0.0035120630388449925,0.2607091416529951,1568208704.0798187
2011-09-29,19.852296829223633,25.450000762939453,26.170000076293945,25.09000015258789,25.979999542236328,63407300,-0.005095122338599101,0.25493201150802863,1621324681.9629035
2011-09-30,19.415470123291016,24.889999389648438,25.5,24.8799991607666,25.200000762939453,54060500,-0.022249532392890625,0.2608204594922215,1356377918.8782372
2011-10-03,19.134645462036133,24.530000686645508,25.34000015258789,24.520000457763672,24.719999313354492,64592500,-0.014569586866058692,0.2600901182334787,1601678719.5920944
2011-10-04,19.766496658325195,25.34000015258789,25.389999389648438,24.260000228881836,24.299999237060547,83485400,0.03248782607808298,0.2844514510360024,2086856708.963903
2011-10-05,20.195512771606445,25.889999389648438,26.15999984741211,25.15999984741211,25.420000076293945,94061300,0.021472023171609234,0.28666620016459776,2420824295.628103
2011-10-06,20.546537399291992,26.34000015258789,26.399999618530273,25.700000762939453,25.899999618530273,55111400,0.01723199064938763,0.2915862886417007,1440979415.1442208
2011-10-07,20.47633934020996,26.25,26.510000228881836,26.200000762939453,26.34000015258789,52741600,-0.0034223893192799615,0.28397083961499087,1388158929.4367473
2011-10-10,21.01457405090332,26.940000534057617,26.969999313354492,26.469999313354492,26.579999923706055,41815300,0.025946158398034935,0.29655221839578466,1120371259.6357346
2011-10-11,21.061378479003906,27.0,27.06999969482422,26.719999313354492,26.860000610351562,38826200,0.0022247599681750607,0.29623473954914614,1045589553.1637827
2011-10-12,21.030170440673828,26.959999084472656,27.309999465942383,26.899999618530273,27.18000030517578,52489800,-0.0014828650809795008,0.2907892191767638,1420198989.9627686
2011-10-13,21.201784133911133,27.18000030517578,27.200000762939453,26.6200008392334,26.760000228881836,43823500,0.008127241070636781,0.28516083947982407,1183234527.862231
2011-10-14,21.271995544433594,27.270000457763672,27.5,27.020000457763672,27.309999465942383,50947700,0.003306109086930409,0.2849128814096224,1389004143.2146707
2011-10-17,21.045772552490234,26.979999542236328,27.420000076293945,26.850000381469727,27.110000610351562,39453300,-0.010691733384579738,0.28714306241510107,1068526875.0
2011-10-18,21.303190231323242,27.309999465942383,27.399999618530273,26.799999237060547,26.940000534057617,52487900,0.012157126519265482,0.28871734828054174,1426096213.6336007
2011-10-19,21.162782669067383,27.1299991607666,27.469999313354492,27.010000228881836,27.3700008392334,42880000,-0.0066127331749963325,0.2554048725823766,1166478914.7949219
2011-10-20,21.09257698059082,27.040000915527344,27.34000015258789,26.399999618530273,27.260000228881836,76300200,-0.003322927726029601,0.21484457262755302,2054510069.4637299
2011-10-21,21.18617820739746,27.15999984741211,27.190000534057617,26.799999237060547,27.149999618530273,76620600,0.004427820985555275,0.21440292244341597,2072587220.257187
2011-10-24,21.209575653076172,27.190000534057617,27.399999618530273,27.040000915527344,27.059999465942383,56897800,0.0011037637463000571,0.21076442602607667,1548189158.2578022
2011-10-25,20.91316032409668,26.809999465942383,27.229999542236328,26.719999313354492,27.079999923706055,53554600,-0.014074120065426854,0.2179346566440499,1441689802.036794
2011-10-26,20.741561889648438,26.59000015258789,27.059999465942383,26.100000381469727,27.030000686645508,63029900,-0.008239133334712712,0.22009124114278852,1675544841.6666665
2011-10-27,21.256383895874023,27.25,27.399999618530273,26.649999618530273,27.1299991607666,74512400,0.024517760833942415,0.2317106147711552,2019286021.0505166
2011-10-28,21.045772552490234,26.979999542236328,27.190000534057617,26.790000915527344,27.139999389648438,57712100,-0.00995755778389773,0.21805508046030178,1557457224.413363
2011-10-31,20.772754669189453,26.6299991607666,27.0,26.6200008392334,26.760000228881836,46799000,-0.013057454697345428,0.21648690705199505,1251873250.0
2011-11-01,20.27352523803711,25.989999771118164,26.31999969482422,25.860000610351562,26.190000534057617,61182600,-0.02432639699727801,0.21182725111528056,1594214615.555954
2011-11-02,20.28912353515625,26.010000228881836,26.200000762939453,25.700000762939453,26.100000381469727,53533100,0.000769096612760034,0.1986446426222597,1390254638.312594
2011-11-03,20.69474983215332,26.530000686645508,26.59000015258789,25.979999542236328,26.239999771118164,65836100,0.019795080787135433,0.2015847398683476,1735878511.7048264
2011-11-04,20.47633934020996,26.25,26.399999618530273,26.0,26.3799991607666,36549200,-0.010609995763489977,0.20479204306923443,958198188.6858622
2011-11-07,20.905364990234375,26.799999237060547,26.81999969482422,26.1299991607666,26.209999084472656,42589700,0.020735783085749304,0.19712426073699127,1132176164.5888648
2011-11-08,21.18617820739746,27.15999984741211,27.200000762939453,26.690000534057617,27.010000228881836,47822500,0.013343173576263467,0.20256858207806303,1292004559.9095027
2011-11-09,20.437335968017578,26.200000762939453,26.75,26.059999465942383,26.59000015258789,62950900,-0.03598557510750533,0.23838982380537244,1657916874.4694393
2011-11-10,20.499731063842773,26.280000686645508,26.5,26.1200008392334,26.469999313354492,32514400,0.003048344625829369,0.23646415503261986,855128736.537679
2011-11-11,20.991168975830078,26.90999984741211,27.079999923706055,26.56999969482422,26.579999923706055,37903000,0.0236900570961609,0.25189685791714755,1017821886.5858715
2011-11-14,20.874164581298828,26.760000228881836,27.0,26.649999618530273,26.8799991607666,34199200,-0.005589574438978673,0.2499487594813431,916652555.5938721
2011-11-15,21.01563262939453,26.739999771118164,26.940000534057617,26.399999618530273,26.559999465942383,43874200,0.006754321832034282,0.24721013895012026,1171148644.2175548
2011-11-16,20.48906135559082,26.06999969482422,26.510000228881836,26.040000915527344,26.469999313354492,53262800,-0.025375420387522052,0.26102125617058514,1395840460.233307
2011-11-17,20.072521209716797,25.540000915527344,26.040000915527344,25.440000534057617,26.010000228881836,70977500,-0.020539375591458686,0.2691094950469205,1822229072.6232529
2011-11-18,19.883901596069336,25.299999237060547,25.5,25.149999618530273,25.479999542236328,47626200,-0.009441336411581513,0.268902629624893,1205736611.8320465
2011-11-21,19.648113250732422,25.0,25.25,24.899999618530273,25.239999771118164,61882500,-0.011929123389188945,0.2700695136550528,1550156617.1312332
2011-11-22,19.483076095581055,24.790000915527344,24.959999084472656,24.649999618530273,24.889999389648438,49204500,-0.008435119732218332,0.2680700216822739,1220271593.7433243
2011-11-23,19.23158073425293,24.469999313354492,24.790000915527344,24.469999313354492,24.610000610351562,49099700,-0.01299243850707521,0.26961948920880063,1206706952.8413138
2011-11-25,19.09797477722168,24.299999237060547,24.670000076293945,24.299999237060547,24.3799991607666,26164600,-0.0069714608670086164,0.24921730216230673,639026734.6907299
2011-11-28,19.54595375061035,24.8700008392334,24.969999313354492,24.690000534057617,24.940000534057617,46766700,0.02318599890750006,0.2672322406665475,1161840727.7040482
2011-11-29,19.522371292114258,24.84000015258789,25.040000915527344,24.75,24.81999969482422,40917100,-0.0012072419963979897,0.2651388141791296,1017881072.234726
2011-11-30,20.103958129882812,25.579999923706055,25.59000015258789,25.139999389648438,25.3700008392334,81350900,0.029355663827540734,0.2758332476558961,2069295711.8513107
2011-12-01,19.868175506591797,25.280000686645508,25.6299991607666,25.200000762939453,25.559999465942383,48545400,-0.011797486725531936,0.2785636805347955,1231596807.876587
2011-12-02,19.82102394104004,25.219999313354492,25.6200008392334,25.15999984741211,25.59000015258789,52293800,-0.0023760412601467884,0.2680228276736966,1324776266.6666665
2011-12-05,20.198265075683594,25.700000762939453,25.799999237060547,25.5,25.780000686645508,56818400,0.018853523798734617,0.27559223103852565,1458338933.3333335
2011-12-06,20.166828155517578,25.65999984741211,25.8700008392334,25.610000610351562,25.809999465942383,46175300,-0.001557629327993748,0.2643232958423192,1187320900.629743
2011-12-07,20.119670867919922,25.600000381469727,25.760000228881836,25.34000015258789,25.670000076293945,62667000,-0.0023410974037867405,0.2585087919640182,1602186315.9370422
2011-12-08,19.962482452392578,25.399999618530273,25.719999313354492,25.3700008392334,25.479999542236328,60522200,-0.007843352132258286,0.2293860530842344,1543114354.715856
2011-12-09,20.198265075683594,25.700000762939453,25.8700008392334,25.5,25.520000457763672,53788500,0.011742078864038774,0.2333409985112889,1381826593.7261581
2011-12-12,20.04893684387207,25.510000228881836,25.56999969482422,25.290000915527344,25.40999984741211,38945900,-0.0074205862728318195,0.21651786089517988,991432805.2282333
2011-12-13,20.245420455932617,25.760000228881836,26.100000381469727,25.649999618530273,25.75,54581100,0.009752490548990522,0.2200550351028677,1410193691.1642075
2011-12-14,20.11181640625,25.59000015258789,25.860000610351562,25.56999969482422,25.719999313354492,47926400,-0.006621094413688411,0.2185717978463667,1230430449.9796548
2011-12-15,20.088239669799805,25.559999465942383,25.8799991607666,25.540000915527344,25.719999313354492,46213900,-0.001172970460975531,0.20161642554264217,1185848666.9483185
2011-12-16,20.434045791625977,26.0,26.170000076293945,25.6299991607666,25.670000076293945,101408100,0.01706786834161944,0.19760911374136364,2629850034.2105865
2011-12-19,20.06466293334961,25.530000686645508,26.1200008392334,25.459999084472656,26.020000457763672,52258300,-0.01824221627819389,0.20559273297954972,1343212514.9653118
2011-12-20,20.45762062072754,26.030000686645508,26.100000381469727,25.809999465942383,25.860000610351562,60767600,0.019395254722542,0.21033261499387593,1578742258.8178
2011-12-21,20.245420455932617,25.760000228881836,26.190000534057617,25.440000534057617,26.010000228881836,64132500,-0.010426841911303608,0.21168841632245572,1654404752.7265549
2011-12-22,20.28471565246582,25.809999465942383,25.860000610351562,25.479999542236328,25.81999969482422,35794100,0.0019390612822252073,0.20462127024871052,920504933.7818781
2011-12-23,20.45762062072754,26.030000686645508,26.040000915527344,25.729999542236328,25.90999984741211,23205800,0.0084877806290784,0.20242573287635127,601803755.5189768
2011-12-27,20.465484619140625,26.040000915527344,26.139999389648438,25.93000030517578,25.959999084472656,21287200,0.0003843304883042187,0.18934811978702898,554247734.9975586
2011-12-28,20.292579650878906,25.81999969482422,26.149999618530273,25.760000228881836,26.110000610351562,29822500,-0.008484505267719378,0.19269028457312015,772700970.4494476
2011-12-29,20.449764251708984,26.020000457763672,26.049999237060547,25.860000610351562,25.950000762939453,22616900,0.007716069604291054,0.1666782211273796,587511674.6340433
2011-12-30,20.402603149414062,25.959999084472656,26.1200008392334,25.90999984741211,26.0,27395700,-0.002308856315838881,0.1607311413364729,712196878.909874
2012-01-03,21.03920555114746,26.770000457763672,26.959999084472656,26.389999389648438,26.549999237060547,64731500,0.030725130108006926,0.18936962102747915,1728762570.2864327
2012-01-04,21.534334182739258,27.399999618530273,27.469999313354492,26.780000686645508,26.81999969482422,80516100,0.023260971934166097,0.19456661243021772,2191379844.7618484
2012-01-05,21.7544002532959,27.68000030517578,27.729999542236328,27.290000915527344,27.3799991607666,56081400,0.010167447454141332,0.19518006803843516,1545977274.2622375
2012-01-06,22.092348098754883,28.110000610351562,28.190000534057617,27.530000686645508,27.530000686645508,99455500,0.015415261124449575,0.1978038236245635,2779118249.036153
2012-01-09,21.801551818847656,27.739999771118164,28.100000381469727,27.719999313354492,28.049999237060547,59706800,-0.013250157081129643,0.20293385420984233,1663033392.0377097
2012-01-10,21.880142211914062,27.84000015258789,28.149999618530273,27.75,27.93000030517578,60014400,0.003598325550732362,0.20117292560098596,1675201947.4212646
2012-01-11,21.78583526611328,27.719999313354492,27.979999542236328,27.3700008392334,27.43000030517578,65582400,-0.004319476987723281,0.1992316037487168,1815976649.3286133
2012-01-12,22.005891799926758,28.0,28.020000457763672,27.649999618530273,27.8700008392334,49370800,0.010050226416066899,0.19933965170007797,1376951613.2555645
2012-01-13,22.20237159729004,28.25,28.25,27.790000915527344,27.93000030517578,60196100,0.0088888852877691,0.19595519307910164,1691309774.7037253
2012-01-17,22.210235595703125,28.260000228881836,28.649999618530273,28.170000076293945,28.399999618530273,72395300,0.00035413361170588686,0.19542499964044008,2053130706.1588922
2012-01-18,22.1866512298584,28.229999542236328,28.399999618530273,27.969999313354492,28.309999465942383,64860600,-0.001062433415920605,0.19136749164584654,1829068887.0101929
2012-01-19,22.100204467773438,28.1200008392334,28.440000534057617,28.030000686645508,28.15999984741211,74053500,-0.0039039516586396594,0.17608061843220252,2088061905.848503
2012-01-20,23.349821090698242,29.709999084472656,29.739999771118164,28.75,28.81999969482422,165902900,0.05500246160059685,0.2434112914973749,4877545196.713066
2012-01-23,23.36554527282715,29.729999542236328,29.950000762939453,29.350000381469727,29.549999237060547,76078100,0.0006731910267117058,0.23655412936334705,2257744431.7462287
2012-01-24,23.05902671813965,29.34000015258789,29.56999969482422,29.18000030517578,29.469999313354492,51703300,-0.013205205592187408,0.24637007151014698,1518181234.9630992
2012-01-25,23.23193359375,29.559999465942383,29.649999618530273,29.06999969482422,29.06999969482422,59231700,0.007470472791073934,0.24628706922118732,1742991467.8985596
2012-01-26,23.184778213500977,29.5,29.700000762939453,29.399999618530273,29.610000610351562,49102800,-0.0020318283926519243,0.2471658486872394,1450169366.243744
2012-01-27,22.972578048706055,29.229999542236328,29.530000686645508,29.170000076293945,29.450000762939453,44187700,-0.009194705978558204,0.24771047684969752,1295141491.4950054
2012-01-30,23.2712345123291,29.610000610351562,29.6200008392334,28.829999923706055,28.969999313354492,51114800,0.012916781704300995,0.24876219484377848,1500389786.065165
2012-01-31,23.208354949951172,29.530000686645508,29.700000762939453,29.229999542236328,29.65999984741211,50572400,-0.0027056865805308306,0.2489422172434596,1491211518.0529275
2012-02-01,23.491291046142578,29.889999389648438,30.049999237060547,29.760000228881836,29.790000915527344,67409900,0.012117417686987153,0.2339451349921528,2015555984.2851639
2012-02-02,23.53844451904297,29.950000762939453,30.170000076293945,29.709999084472656,29.899999618530273,52223300,0.002005262761288318,0.22501413983183705,1563739678.3385596
2012-02-03,23.76636505126953,30.239999771118164,30.399999618530273,30.09000015258789,30.139999389648438,41838500,0.009636326538303042,0.22485152193904032,1265335695.282618
2012-02-06,23.73493194580078,30.200000762939453,30.219999313354492,29.969999313354492,30.040000915527344,28039700,-0.0013234632333833929,0.2219802039809473,844836155.2953085
2012-02-07,23.852819442749023,30.350000381469727,30.489999771118164,30.049999237060547,30.149999618530273,39242400,0.004954541228014975,0.21335077035707745,1188913904.0161133
2012-02-08,24.096454620361328,30.65999984741211,30.670000076293945,30.219999313354492,30.260000228881836,49659100,0.010162292510047077,0.21420968687839254,1515430189.0377045
2012-02-09,24.182905197143555,30.770000457763672,30.799999237060547,30.479999542236328,30.68000030517578,50481600,0.00358126824823346,0.21168956354272148,1548943747.1618652
2012-02-10,23.970701217651367,30.5,30.799999237060547,30.360000610351562,30.639999389648438,44605300,-0.008813684746597605,0.2162763997974447,1362840597.0645905
2012-02-13,24.03357696533203,30.579999923706055,30.770000457763672,30.43000030517578,30.6299991607666,33319800,0.002619590837166008,0.21567845211387254,1019363755.626297
2012-02-14,23.930736541748047,30.25,30.459999084472656,29.850000381469727,30.329999923706055,59644000,-0.004288212366934996,0.2172494265418449,1800453536.0488892
2012-02-15,23.772512435913086,30.049999237060547,30.389999389648438,30.030000686645508,30.329999923706055,43311300,-0.0066337069051076725,0.21964007692918242,1306124427.0868301
2012-02-16,24.753477096557617,31.290000915527344,31.549999237060547,30.299999237060547,30.309999465942383,94705100,0.040435994343752224,0.2521029632322784,2940277652.0655313
2012-02-17,24.721837997436523,31.25,31.31999969482422,30.950000762939453,31.200000762939453,70036500,-0.0012789854243044907,0.17749014403111854,2183271170.686722
2012-02-21,24.872148513793945,31.440000534057617,31.610000610351562,31.149999618530273,31.18000030517578,50829900,0.006061661389960449,0.17763461585786824,1596058872.926712
2012-02-22,24.73765754699707,31.270000457763672,31.68000030517578,31.18000030517578,31.450000762939453,49253200,-0.005421964202357632,0.17051789603811351,1545401256.2026978
2012-02-23,24.8167667388916,31.3700008392334,31.59000015258789,31.0,31.200000762939453,35034700,0.0031928232539710777,0.16990830198811477,1097286815.5827205
2012-02-24,24.90378189086914,31.479999542236328,31.5,31.239999771118164,31.479999542236328,35575400,0.0035001721908654027,0.16879548564649757,1117304721.1907706
2012-02-27,24.800949096679688,31.350000381469727,31.5,31.100000381469727,31.239999771118164,34568400,-0.004137752638952108,0.16483494961186207,1082567068.7911987
2012-02-28,25.212318420410156,31.8700008392334,31.93000030517578,31.3799991607666,31.40999984741211,45230600,0.01645077882145607,0.16771815838386955,1435016173.9344277
2012-02-29,25.109477996826172,31.739999771118164,32.0,31.610000610351562,31.889999389648438,59323600,-0.004087316990977197,0.16848116308532343,1885501760.8767192
2012-03-01,25.544578552246094,32.290000915527344,32.38999938964844,31.850000381469727,31.93000030517578,77344100,0.017179720101777818,0.17244209696155624,2488675342.0359926
2012-03-02,25.378454208374023,32.08000183105469,32.439998626708984,32.0,32.310001373291016,47314200,-0.006524549862347406,0.17628598513133278,1522255535.219574
2012-03-05,25.156940460205078,31.799999237060547,32.04999923706055,31.6200008392334,32.0099983215332,45240000,-0.008766733428500206,0.1800194187335632,1439687589.6453857
2012-03-06,24.967077255249023,31.559999465942383,31.979999542236328,31.489999771118164,31.540000915527344,51932900,-0.007575773917046558,0.18311579696570882,1645061141.2017822
2012-03-07,25.18858528137207,31.84000015258789,31.920000076293945,31.530000686645508,31.670000076293945,34340400,0.008832879682385997,0.18425078758992122,1090765582.4798584
2012-03-08,25.323068618774414,32.0099983215332,32.209999084472656,31.899999618530273,32.040000915527344,36747400,0.0053248565343295695,0.18254248522666647,1177386659.5531464
2012-03-09,25.307252883911133,31.989999771118164,32.15999984741211,31.920000076293945,32.099998474121094,34628400,-0.0006247535037626761,0.18280333940630292,1108916792.477417
2012-03-12,25.346799850463867,32.040000915527344,32.20000076293945,31.81999969482422,31.969999313354492,34073600,0.0015614535245656036,0.17834544202471517,1091036687.5976562
2012-03-13,25.845195770263672,32.66999816894531,32.689998626708984,32.150001525878906,32.2400016784668,48951700,0.01947224997425412,0.1874404509961187,1591093394.9453988
2012-03-14,25.92430305480957,32.77000045776367,32.880001068115234,32.4900016784668,32.529998779296875,41986900,0.0030561372202906334,0.18523881952943597,1373531500.180181
2012-03-15,25.987590789794922,32.849998474121094,32.939998626708984,32.58000183105469,32.790000915527344,49068300,0.002438276150340535,0.18129355000719002,1608949539.5298004
2012-03-16,25.789817810058594,32.599998474121094,32.95000076293945,32.5,32.90999984741211,65626400,-0.0076393912682917176,0.13015877266623835,2144889489.97701
2012-03-19,25.473384857177734,32.20000076293945,32.61000061035156,32.150001525878906,32.540000915527344,44789200,-0.012345579497824666,0.13905336992646516,1447586987.283834
2012-03-20,25.307252883911133,31.989999771118164,32.150001525878906,31.739999771118164,32.099998474121094,41566800,-0.006543146103334507,0.14066924779871062,1328474942.7993774
2012-03-21,25.24395751953125,31.90999984741211,32.150001525878906,31.81999969482422,31.959999084472656,37928600,-0.0025042089774767184,0.13938192589571477,1212198069.5040383
2012-03-22,25.315162658691406,32.0,32.09000015258789,31.790000915527344,31.809999465942383,31749500,0.0028167098630969,0.13931386914039737,1014714031.3040415
2012-03-23,25.323068618774414,32.0099983215332,32.11000061035156,31.719999313354492,32.099998474121094,35912200,0.0003122526181424945,0.13902763978384447,1147275061.6608937
2012-03-26,25.781898498535156,32.59000015258789,32.61000061035156,32.150001525878906,32.189998626708984,36758300,0.017956853694033992,0.1496778469372429,1192806863.0443573
2012-03-27,25.726531982421875,32.52000045776367,32.70000076293945,32.400001525878906,32.650001525878906,36274900,-0.0021498048734960307,0.14050955721713085,1180385279.2106628
2012-03-28,25.4654598236084,32.189998626708984,32.70000076293945,32.040000915527344,32.52000045776367,41344800,-0.0101998149715401,0.14482836505137062,1335850492.2058105
2012-03-29,25.410099029541016,32.119998931884766,32.189998626708984,31.809999465942383,32.060001373291016,37038500,-0.0021763226651914103,0.1319978601371426,1186713503.2644272
2012-03-30,25.52084732055664,32.2599983215332,32.40999984741211,32.040000915527344,32.400001525878906,31749400,0.004348965550628137,0.1308556336984521,1023494814.9775187
2012-04-02,25.544578552246094,32.290000915527344,32.459999084472656,31.950000762939453,32.220001220703125,35853600,0.0009294442567440164,0.12664167723988598,1155681049.118042
2012-04-03,25.267696380615234,31.940000534057617,32.189998626708984,31.65999984741211,32.15999984741211,42752100,-0.010898347398313302,0.12987911338760522,1365074538.8658524
2012-04-04,24.69019317626953,31.209999084472656,31.690000534057617,31.049999237060547,31.65999984741211,49455900,-0.023120629604287846,0.14986549222143264,1548793916.1340714
2012-04-05,24.93543243408203,31.520000457763672,31.6299991607666,31.049999237060547,31.149999618530273,50368600,0.00988365390564816,0.15308480264149468,1581574020.785904
2012-04-09,24.603174209594727,31.100000381469727,31.399999618530273,30.969999313354492,31.219999313354492,31056400,-0.013414313776726416,0.15920330499016466,967613895.5584209
2012-04-10,24.104778289794922,30.469999313354492,31.190000534057617,30.299999237060547,31.059999465942383,54131300,-0.02046537739469345,0.17176582133867072,1659304766.1471047
2012-04-11,24.009843826293945,30.350000381469727,30.530000686645508,30.229999542236328,30.43000030517578,43014000,-0.003946184445473566,0.15196764677394609,1306335188.7512207
2012-04-12,24.508241653442383,30.979999542236328,31.040000915527344,30.420000076293945,30.479999542236328,38304000,0.020545549316481004,0.1724114942681875,1180273926.8188477
2012-04-13,24.37375259399414,30.809999465942383,31.15999984741211,30.719999313354492,30.889999389648438,39749200,-0.00550261505757188,0.17155341942525532,1228117764.470927
2012-04-16,24.587352752685547,31.079999923706055,31.190000534057617,30.770000457763672,30.989999771118164,38124800,0.008725355047630057,0.17552136238189903,1182377142.3014321
2012-04-17,24.872148513793945,31.440000534057617,31.610000610351562,31.200000762939453,31.270000457763672,34361500,0.01151644887152381,0.17786322499928559,1079523813.51312
2012-04-18,24.634817123413086,31.139999389648438,31.309999465942383,31.040000915527344,31.280000686645508,40552900,-0.009587871339950205,0.17932288207012287,1263763537.2393925
2012-04-19,24.531972885131836,31.010000228881836,31.68000030517578,30.940000534057617,31.1299991607666,54781200,-0.004183490045135407,0.17955345304837453,1709721271.5042114
2012-04-20,25.647422790527344,32.41999816894531,32.88999938964844,32.04999923706055,32.150001525878906,106045000,0.04446580808844214,0.2397099027285445,3441513620.0650535
2012-04-23,25.410099029541016,32.119998931884766,32.5,32.029998779296875,32.310001373291016,61398200,-0.009296395974945248,0.24217399038437626,1978045296.4902241
2012-04-24,25.25186538696289,31.920000076293945,32.52000045776367,31.829999923706055,32.209999084472656,40871100,-0.006246664886928599,0.23412095537307465,1311553605.236435
2012-04-25,25.473384857177734,32.20000076293945,32.31999969482422,31.8700008392334,31.920000076293945,62495500,0.00873414630269398,0.2364864153213002,2007980442.018827
2012-04-26,25.402183532714844,32.11000061035156,32.22999954223633,31.920000076293945,32.119998931884766,40308100,-0.002799039822160676,0.23403288211945245,1293352571.7419305
2012-04-27,25.299335479736328,31.979999542236328,32.220001220703125,31.8799991607666,32.119998931884766,41419100,-0.004057006419096787,0.23433090915720894,1326515708.2799911
2012-04-30,25.330982208251953,32.02000045776367,32.11000061035156,31.920000076293945,31.979999542236328,35697200,0.0012501099768735813,0.23381456047088006,1142905366.9507344
2012-05-01,25.323068618774414,32.0099983215332,32.34000015258789,31.950000762939453,32.04999923706055,43832300,-0.00031245633518794946,0.2337668442137286,1407016818.8528697
2012-05-02,25.156940460205078,31.799999237060547,31.93000030517578,31.639999389648438,31.850000381469727,37385300,-0.006581962299669009,0.23180136903926804,1188478673.6893973
2012-05-03,25.125293731689453,31.760000228881836,31.899999618530273,31.610000610351562,31.8799991607666,31501300,-0.0012587639830603514,0.2164168283971603,1000376288.4733837
2012-05-04,24.508241653442383,30.979999542236328,31.56999969482422,30.920000076293945,31.450000762939453,57927200,-0.024865602123457453,0.23108456917658438,1804818448.0748496
2012-05-07,24.24717903137207,30.649999618530273,30.860000610351562,30.56999969482422,30.700000762939453,48641400,-0.01070917298737406,0.22941692159546329,1492966702.7629852
2012-05-08,24.128511428833008,30.5,30.780000686645508,30.170000076293945,30.479999542236328,46328300,-0.004906093925899135,0.21861232438278083,1412241023.4485626
2012-05-09,24.334192276000977,30.760000228881836,30.829999923706055,30.100000381469727,30.190000534057617,50309300,0.008488262783342027,0.21997760818327772,1537619914.6226883
2012-05-10,24.31838035583496,30.739999771118164,31.020000457763672,30.450000762939453,30.860000610351562,43839200,-0.0006499932014847332,0.20773082882070454,1347470891.8268838
2012-05-11,24.650632858276367,31.15999984741211,31.540000915527344,30.690000534057617,30.690000534057617,43459300,0.013570116253340814,0.2122464833519622,1352888027.7888615
2012-05-14,24.27090072631836,30.68000030517578,31.040000915527344,30.639999389648438,30.81999969482422,40528900,-0.015524442128146632,0.21702690723587914,1247749742.9122925
2012-05-15,24.055912017822266,30.209999084472656,30.799999237060547,30.149999618530273,30.639999389648438,61822800,-0.008897343505356314,0.2140824062417462,1878588773.549652
2012-05-16,23.809059143066406,29.899999618530273,30.31999969482422,29.739999771118164,30.309999465942383,60083700,-0.010314643772259213,0.21443563554942527,1801709865.66391
2012-05-17,23.665725708007812,29.719999313354492,30.209999084472656,29.709999084472656,29.989999771118164,48484000,-0.00603831575088698,0.21480149973240467,1448701879.310608
2012-05-18,23.307403564453125,29.270000457763672,29.809999465942383,29.170000076293945,29.790000915527344,56205300,-0.015256769118928482,0.1385909954544509,1653372575.0
2012-05-21,23.689619064331055,29.75,29.790000915527344,29.059999465942383,29.100000381469727,38787900,0.016265878374310816,0.1553126391317701,1145535984.9321365
2012-05-22,23.697582244873047,29.760000228881836,29.8799991607666,29.5,29.690000534057617,39504900,0.00033608993132938636,0.15551844429096842,1173822253.9627075
2012-05-23,23.17999267578125,29.110000610351562,29.399999618530273,28.639999389648438,29.350000381469727,65171000,-0.0220835060128608,0.16218655274382196,1893217541.713079
2012-05-24,23.14813804626465,29.06999969482422,29.299999237060547,28.760000228881836,29.15999984741211,52575000,-0.0013751746094725625,0.16247330004458624,1526953235.2924347
2012-05-25,23.140174865722656,29.059999465942383,29.360000610351562,29.010000228881836,29.200000762939453,29507200,-0.0003440687343991833,0.16314933038952262,859938168.3349609
2012-05-29,23.53832244873047,29.559999465942383,29.719999313354492,29.219999313354492,29.3799991607666,37758800,0.01705955683631233,0.17856237650991394,1113884575.9936013
2012-05-30,23.363142013549805,29.34000015258789,29.479999542236328,29.1200008392334,29.350000381469727,41585500,-0.007470182512648638,0.17858381870386864,1219009630.736351
2012-05-31,23.24370002746582,29.190000534057617,29.420000076293945,28.940000534057617,29.299999237060547,39134000,-0.005125524165190409,0.17839234280142588,1142060581.5951028
2012-06-01,22.654436111450195,28.450000762939453,28.959999084472656,28.440000534057617,28.760000228881836,56634300,-0.02567844119252749,0.19313880206794612,1620684892.2014236
2012-06-04,22.734071731567383,28.549999237060547,28.780000686645508,28.31999969482422,28.6200008392334,47926300,0.003509068952393779,0.18127602537707393,1368295858.905856
2012-06-05,22.702213287353516,28.510000228881836,28.75,28.389999389648438,28.510000228881836,45715400,-0.0014023351346406088,0.17963115406145366,1305174664.1869864
2012-06-06,23.371103286743164,29.350000381469727,29.3700008392334,28.809999465942383,28.8799991607666,46860500,0.029037935587679975,0.21137261105515687,1367233199.0588508
2012-06-07,23.275545120239258,29.229999542236328,29.700000762939453,29.170000076293945,29.639999389648438,37792800,-0.0040971132306344415,0.2082702700336776,1109848564.805603
2012-06-08,23.60999298095703,29.649999618530273,29.68000030517578,29.049999237060547,29.209999084472656,42551100,0.014266810069317959,0.2159435619763964,1253555394.0965652
2012-06-11,23.012775421142578,28.899999618530273,29.809999465942383,28.81999969482422,29.729999542236328,46361900,-0.025620538990936748,0.22395251287372184,1352685683.468628
2012-06-12,23.323322296142578,29.290000915527344,29.299999237060547,28.84000015258789,29.100000381469727,35337900,0.01340430204897558,0.22662913936059143,1029864202.5947571
2012-06-13,23.19591522216797,29.1299991607666,29.440000534057617,29.049999237060547,29.219999313354492,32984600,-0.005477621703840807,0.22562269531265644,963370205.5895487
2012-06-14,23.363142013549805,29.34000015258789,29.459999084472656,28.8799991607666,29.329999923706055,39458900,0.007183457759403211,0.22544397880535041,1153252096.2600074
2012-06-15,23.904611587524414,30.020000457763672,30.079999923706055,29.489999771118164,29.59000015258789,62314400,0.022911740857371576,0.23904302059150487,1860915701.836141
2012-06-18,23.761287689208984,29.84000015258789,30.030000686645508,29.709999084472656,29.989999771118164,58679900,-0.006013705077555276,0.23343855138993055,1752181812.5076928
2012-06-19,24.446090698242188,30.700000762939453,31.110000610351562,30.049999237060547,30.190000534057617,75725800,0.02841262479503248,0.246867222235977,2318724011.406453
2012-06-20,24.629241943359375,30.93000030517578,31.049999237060547,30.639999389648438,30.93000030517578,36257100,0.0074641203873575535,0.24764826756702676,1119377521.0910797
2012-06-21,24.000171661376953,30.139999389648438,31.139999389648438,30.059999465942383,30.959999084472656,48456600,-0.025873451002341508,0.25257644794889106,1475341919.6567535
2012-06-22,24.446090698242188,30.700000762939453,30.729999542236328,30.030000686645508,30.299999237060547,45098100,0.018409330614983954,0.2587041153751004,1374890756.909752
2012-06-25,23.785173416137695,29.8700008392334,30.31999969482422,29.6200008392334,30.299999237060547,42217200,-0.02740789264955712,0.27890910990148077,1263842263.3255005
2012-06-26,23.904611587524414,30.020000457763672,30.270000457763672,29.940000534057617,30.0,38421300,0.005008972932079914,0.2734326449612317,1155584651.5649796
2012-06-27,24.024057388305664,30.170000076293945,30.5,30.030000686645508,30.190000534057617,33781700,0.0049843256915420575,0.27209423371122704,1021333405.2577972
2012-06-28,23.817026138305664,29.90999984741211,30.049999237060547,29.420000076293945,29.979999542236328,45328400,-0.008655010594070145,0.2734306556706714,1350484117.9862976
2012-06-29,24.358497619628906,30.59000015258789,30.690000534057617,30.139999389648438,30.450000762939453,55227200,0.022480057993991664,0.26435558438523704,1682956876.071167
2012-07-02,24.334617614746094,30.559999465942383,30.6200008392334,30.209999084472656,30.6200008392334,30589100,-0.0009808370929786925,0.2648366293886028,931845943.4432983
2012-07-03,24.493864059448242,30.760000228881836,30.760000228881836,30.170000076293945,30.229999542236328,20938100,0.006522709854842379,0.26444432516862565,639938133.3940506
2012-07-05,24.446090698242188,30.700000762939453,30.780000686645508,30.3799991607666,30.59000015258789,28801900,-0.0019523261358500577,0.24842606530136116,881914183.8597615
2012-07-06,24.039989471435547,30.190000534057617,30.700000762939453,29.950000762939453,30.610000610351562,38294800,-0.01675164178806421,0.2562341292179837,1159566570.2949524
2012-07-09,23.88869285583496,30.0,30.229999542236328,29.780000686645508,30.1200008392334,30680800,-0.006313426983700854,0.2533074610665985,920526271.6740925
2012-07-10,23.681655883789062,29.739999771118164,30.219999313354492,29.510000228881836,30.079999923706055,37534100,-0.008704509627092794,0.23752507107164347,1119391967.0757928
2012-07-11,23.331287384033203,29.299999237060547,29.739999771118164,29.110000610351562,29.709999084472656,39184900,-0.014905469100476854,0.23973051355623406,1151382973.3507156
2012-07-12,22.797775268554688,28.6299991607666,29.18000030517578,28.540000915527344,29.149999618530273,63523600,-0.023132310736419193,0.2522819937455973,1828420961.4107769
2012-07-13,23.402952194213867,29.389999389648438,29.479999542236328,28.719999313354492,28.760000228881836,39085000,0.026199221292804165,0.2680142972354829,1141151693.8050587
2012-07-16,23.44277000427246,29.440000534057617,29.530000686645508,29.040000915527344,29.479999542236328,27900600,0.0016999554187182575,0.2549819080933726,818510621.8673706
2012-07-17,23.61794662475586,29.65999984741211,29.860000610351562,29.200000762939453,29.639999389648438,33771300,0.007444741266839472,0.25588114971484177,998729925.7415771
2012-07-18,24.24702262878418,30.450000762939453,30.450000762939453,29.459999084472656,29.600000381469727,41090400,0.02628695841383477,0.25296456153391894,1237642856.3598633
2012-07-19,24.422210693359375,30.670000076293945,30.799999237060547,30.3799991607666,30.510000228881836,46663200,0.0071991609175765525,0.2528622989812399,1428671616.2658691
2012-07-20,23.984249114990234,30.1200008392334,31.049999237060547,30.049999237060547,31.0,64021700,-0.018095664546705414,0.24428462730114597,1946686476.6799293
2012-07-23,23.31536293029785,29.280000686645508,29.579999923706055,29.010000228881836,29.56999969482422,55151900,-0.028284831496553586,0.25312552586093473,1615399166.4284387
2012-07-24,23.211841583251953,29.149999618530273,29.360000610351562,28.899999618530273,29.239999771118164,47723300,-0.00444993499845836,0.23642097550427735,1390497881.9060006
2012-07-25,22.95703125,28.829999923706055,29.329999923706055,28.780000686645508,29.239999771118164,45579500,-0.0110382993939373,0.23760974772704205,1320893918.1140265
2012-07-26,23.219806671142578,29.15999984741211,29.5,29.09000015258789,29.229999542236328,45301400,0.011381388139144466,0.24099326230493548,1325065950.0
2012-07-27,23.697582244873047,29.760000228881836,29.850000381469727,29.18000030517578,29.479999542236328,44242600,0.020367377680710952,0.25114787884664735,1309433498.1684368
2012-07-30,23.60202407836914,29.639999389648438,29.81999969482422,29.459999084472656,29.75,28905000,-0.004040553566484029,0.23728128213529992,856744182.3577881
2012-07-31,23.466655731201172,29.469999313354492,29.709999084472656,29.329999923706055,29.479999542236328,37620900,-0.00575196589063065,0.23770393350994154,1109941931.9515228
2012-08-01,23.41887855529785,29.40999984741211,29.649999618530273,29.209999084472656,29.59000015258789,31721800,-0.0020380355334590483,0.2357572641174287,933361080.0055187
2012-08-02,23.24370002746582,29.190000534057617,29.530000686645508,28.969999313354492,29.209999084472656,39520500,-0.0075083442076855356,0.23645328214780875,1155184222.035408
2012-08-03,23.689619064331055,29.75,29.940000534057617,29.479999542236328,29.530000686645508,35859400,0.019002809266929876,0.24164254633922616,1065860900.245285
2012-08-06,23.848875045776367,29.950000762939453,30.110000610351562,29.809999465942383,30.0,27471800,0.006700110308320184,0.24205075966421855,822963563.0184174
2012-08-07,24.095722198486328,30.260000228881836,30.350000381469727,29.8700008392334,30.06999969482422,28002900,0.010297274273809442,0.24245078175569604,844567477.5308609
2012-08-08,24.151458740234375,30.329999923706055,30.469999313354492,30.110000610351562,30.209999084472656,26257600,0.0023104589929654473,0.23555792770392464,795692803.9978027
2012-08-09,24.28683853149414,30.5,30.649999618530273,30.299999237060547,30.389999389648438,24920800,0.0055897978000643,0.21764388455380707,759669043.8268025
2012-08-10,24.22313690185547,30.420000076293945,30.6200008392334,30.25,30.5,27810300,-0.002626332653662633,0.2014490100839765,846267437.48703
2012-08-13,24.19924545288086,30.389999389648438,30.459999084472656,30.15999984741211,30.350000381469727,23049100,-0.0009867936995870963,0.20166711099399215,699232850.7709503
2012-08-14,24.151147842407227,30.1299991607666,30.389999389648438,30.010000228881836,30.299999237060547,34551400,-0.001989544368139029,0.20085469692050792,1042646066.607666
2012-08-15,24.207258224487305,30.200000762939453,30.280000686645508,30.020000457763672,30.110000610351562,24351000,0.002320606149962323,0.17893046030968457,734588515.4819489
2012-08-16,24.672163009643555,30.780000686645508,30.940000534057617,30.260000228881836,30.360000610351562,35787200,0.019023089604252696,0.1893650314416526,1097235569.2921958
2012-08-17,24.768362045288086,30.899999618530273,30.920000076293945,30.59000015258789,30.920000076293945,32589900,0.0038915103324499434,0.17702360543736387,1003877551.342392
2012-08-20,24.640108108520508,30.739999771118164,30.850000381469727,30.579999923706055,30.81999969482422,23737700,-0.005191588585231166,0.14256410008892006,729301270.2703476
2012-08-21,24.688199996948242,30.799999237060547,30.959999084472656,30.610000610351562,30.760000228881836,28822700,0.001949870389310604,0.14018378224271144,887450922.7380117
2012-08-22,24.47978973388672,30.540000915527344,30.760000228881836,30.469999313354492,30.59000015258789,33437400,-0.008477528260904865,0.1371813027934501,1022850071.1021423
2012-08-23,24.255355834960938,30.260000228881836,30.399999618530273,30.079999923706055,30.389999389648438,28355600,-0.00921041613388196,0.14019496112778976,857662379.1699728
2012-08-24,24.495820999145508,30.559999465942383,30.6299991607666,30.18000030517578,30.25,22943300,0.009865079366924157,0.12712940157693298,698776432.1646372
2012-08-27,24.600027084350586,30.690000534057617,30.959999084472656,30.59000015258789,30.93000030517578,34691100,0.00424501238930608,0.12567463609892496,1066635685.3532791
2012-08-28,24.55193328857422,30.6299991607666,30.799999237060547,30.520000457763672,30.700000762939453,23947900,-0.0019569437621580477,0.12336282301416683,734003125.8646011
2012-08-29,24.567968368530273,30.649999618530273,30.75,30.440000534057617,30.649999618530273,23346800,0.0006528954653695074,0.12252988165419648,714723371.8541464
2012-08-30,24.30345344543457,30.31999969482422,30.610000610351562,30.219999313354492,30.530000686645508,23982100,-0.010825038285886102,0.12638425544065263,728656135.2838516
2012-08-31,24.704235076904297,30.81999969482422,30.959999084472656,30.3799991607666,30.600000381469727,36590100,0.016356232194757236,0.1222216374370285,1124047846.8755722
2012-09-04,24.35955810546875,30.389999389648438,30.65999984741211,30.149999618530273,30.450000762939453,48556700,-0.014050387032085165,0.13298543522961676,1476123661.477089
2012-09-05,24.35955810546875,30.389999389648438,30.530000686645508,30.209999084472656,30.219999313354492,33650000,0.0,0.12867475847179793,1022174823.919932
2012-09-06,25.129058837890625,31.350000381469727,31.360000610351562,30.459999084472656,30.5,48371700,0.03110059661124609,0.16661337229162565,1502263764.230156
2012-09-07,24.808433532714844,30.950000762939453,31.06999969482422,30.729999542236328,31.040000915527344,42649100,-0.012841241952771476,0.17364189986841413,1318568008.3333335
2012-09-10,24.624073028564453,30.719999313354492,30.899999618530273,30.510000228881836,30.829999923706055,40524000,-0.007459114326499261,0.17572797438317303,1244492028.6636353
2012-09-11,24.68018341064453,30.790000915527344,30.90999984741211,30.610000610351562,30.690000534057617,25191800,0.002276087719644604,0.17566766470620757,775151697.5318909
2012-09-12,24.672163009643555,30.780000686645508,31.18000030517578,30.729999542236328,30.940000534057617,32775800,-0.00032502612959017796,0.17540686020414767,1012662973.1680552
2012-09-13,24.800418853759766,30.940000534057617,31.18000030517578,30.399999618530273,30.889999389648438,45047300,0.005184937863221606,0.1759438735381725,1389258738.8736725
2012-09-14,25.0168399810791,31.209999084472656,31.25,30.809999465942383,31.010000228881836,51422800,0.008688655052400573,0.16611962779744713,1598734827.1527607
2012-09-17,25.0168399810791,31.209999084472656,31.260000228881836,31.040000915527344,31.190000534057617,36488500,0.0,0.16572086168855288,1137346547.7838516
2012-09-18,24.9927921295166,31.18000030517578,31.209999084472656,31.030000686645508,31.100000381469727,34542700,-0.0009617288670651369,0.16453261938843952,1075659678.8784664
2012-09-19,24.888586044311523,31.049999237060547,31.190000534057617,31.040000915527344,31.09000015258789,48871900,-0.004178161895848742,0.16531519315686471,1519590288.5192235
2012-09-20,25.20921516418457,31.450000762939453,31.479999542236328,30.90999984741211,30.950000762939453,45543000,0.012800302208460401,0.16729044044945035,1424585042.3164368
2012-09-21,25.000812530517578,31.190000534057617,31.610000610351562,31.09000015258789,31.43000030517578,102348900,-0.008301283230017553,0.16658733097504763,3203179451.248741
2012-09-24,24.672163009643555,30.780000686645508,31.06999969482422,30.639999389648438,31.0,46825900,-0.013232721131151148,0.1711031887138702,1443642493.4274673
2012-09-25,24.35955810546875,30.389999389648438,31.0,30.360000610351562,30.950000762939453,54266400,-0.012751301922029779,0.17626564107996318,1659647400.0
2012-09-26,24.18321418762207,30.170000076293945,30.600000381469727,30.040000915527344,30.280000686645508,54672000,-0.0072655386272098,0.17777230442464373,1654921465.0268555
2012-09-27,24.17519760131836,30.15999984741211,30.399999618530273,29.889999389648438,30.170000076293945,47129900,-0.00033154878667751575,0.17770657320076605,1420966467.02137
2012-09-28,23.85456657409668,29.760000228881836,30.260000228881836,29.739999771118164,30.18000030517578,54229300,-0.013351545475470239,0.1797051398989117,1622540660.1373672
2012-10-01,23.638151168823242,29.489999771118164,29.979999542236328,29.420000076293945,29.809999465942383,54042700,-0.009113687887293942,0.17018423839347394,1601285190.0049846
2012-10-02,23.7744140625,29.65999984741211,29.889999389648438,29.5,29.68000030517578,43338900,0.005747981286429837,0.1665684548485567,1286443003.9783478
2012-10-03,23.934724807739258,29.860000610351562,29.989999771118164,29.670000076293945,29.75,46655900,0.006720362277813141,0.16879437181494295,1392212063.1191254
2012-10-04,24.070999145507812,30.030000686645508,30.030000686645508,29.56999969482422,29.969999313354492,43634900,0.005677435630318861,0.12545749150268884,1303665377.8690338
2012-10-05,23.92671012878418,29.850000381469727,30.25,29.739999771118164,30.229999542236328,41133900,-0.006012347403884455,0.12024184073422188,1231823194.0921783
2012-10-08,23.87060546875,29.780000686645508,29.920000076293945,29.549999237060547,29.639999389648438,29752000,-0.0023476082328093284,0.11850362231607037,885122000.0
2012-10-09,23.469818115234375,29.280000686645508,29.739999771118164,29.18000030517578,29.68000030517578,45121100,-0.016932545126339793,0.12886347176774865,1326560351.4748893
2012-10-10,23.229341506958008,28.979999542236328,29.309999465942383,28.950000762939453,29.149999618530273,47227100,-0.010299060447507724,0.1313252818695238,1373364064.3968582
2012-10-11,23.205303192138672,28.950000762939453,29.25,28.8700008392334,29.219999313354492,41488500,-0.0010353612963971415,0.12815787000589143,1204134587.1572495
2012-10-12,23.405698776245117,29.200000762939453,29.31999969482422,28.799999237060547,28.969999313354492,46464700,0.008598691741056541,0.1280519541462436,1352432529.940033
2012-10-15,23.654172897338867,29.510000228881836,29.719999313354492,29.25,29.3700008392334,42440200,0.010560013076065022,0.13644733239929238,1251702958.8574727
2012-10-16,23.638151168823242,29.489999771118164,29.739999771118164,29.31999969482422,29.450000762939453,47739400,-0.0006775615047449612,0.13649911522753208,1409107944.5259094
2012-10-17,23.718305587768555,29.59000015258789,29.639999389648438,29.09000015258789,29.299999237060547,44206100,0.003385155941879159,0.13802699014175213,1301427579.5031228
2012-10-18,23.646162033081055,29.5,29.729999542236328,29.260000228881836,29.649999618530273,59238500,-0.0030463178033088845,0.126428054401966,1747338283.8137946
2012-10-19,22.956817626953125,28.639999389648438,29.079999923706055,28.5,29.049999237060547,90470800,-0.0295858631225574,0.15537956372520254,2600130771.292877
2012-10-22,22.443811416625977,28.0,28.829999923706055,27.829999923706055,28.729999542236328,83374000,-0.022600041289425832,0.16525768819949727,2352814275.7593794
2012-10-23,22.483888626098633,28.049999237060547,28.200000762939453,27.760000228881836,27.770000457763672,64414800,0.0017840761964125207,0.16401850001643642,1803829120.9144592
2012-10-24,22.363666534423828,27.899999618530273,28.200000762939453,27.8700008392334,28.15999984741211,53320400,-0.005361379420583123,0.16367368094517493,1492438017.6961265
2012-10-25,22.347623825073242,27.8799991607666,28.200000762939453,27.860000610351562,28.190000534057617,54084300,-0.0007176133772950344,0.1635727162118411,1513278723.6280441
2012-10-26,22.61214256286621,28.209999084472656,28.34000015258789,27.84000015258789,27.860000610351562,57790000,0.011767044680903727,0.16835951637798133,1625632688.2425945
2012-10-31,22.876665115356445,28.540000915527344,28.8799991607666,28.5,28.549999237060547,69464100,0.011630356903588268,0.17357903417369647,1989451825.7665634
2012-11-01,23.662195205688477,29.520000457763672,29.559999465942383,28.81999969482422,28.84000015258789,72047900,0.0337612351113048,0.21151009093767392,2111003460.838636
2012-11-02,23.646162033081055,29.5,29.770000457763672,29.329999923706055,29.59000015258789,57131600,-0.0006778156823479264,0.2099872958020221,1687286593.9313254
2012-11-05,23.75035858154297,29.6299991607666,29.739999771118164,29.329999923706055,29.6200008392334,38070800,0.0043968086674155415,0.20955071498476757,1125626638.8104758
2012-11-06,23.934724807739258,29.860000610351562,30.200000762939453,29.610000610351562,29.81999969482422,43401500,0.007732696758257163,0.21052949562223505,1297270863.6976876
2012-11-07,23.30950927734375,29.079999923706055,29.829999923706055,29.049999237060547,29.530000686645508,57871800,-0.02646892449209748,0.22961806895180709,1696801158.3389282
2012-11-08,23.093088150024414,28.809999465942383,29.3700008392334,28.799999237060547,29.1200008392334,49841800,-0.009328042333498932,0.22449885403948952,1445079913.7280781
2012-11-09,23.109113693237305,28.829999923706055,29.190000534057617,28.809999465942383,28.8799991607666,43291200,0.0006937134256039812,0.2218497529201364,1252991630.8990479
2012-11-12,22.62016487121582,28.219999313354492,29.010000228881836,28.209999084472656,28.940000534057617,61112300,-0.0213853124974257,0.2336070076460784,1740478276.0250092
2012-11-13,21.892826080322266,27.09000015258789,27.299999237060547,26.75,27.020000457763672,131689200,-0.03268275248109731,0.25435691819524875,3561753869.2077637
2012-11-14,21.690786361694336,26.84000015258789,27.290000915527344,26.799999237060547,27.239999771118164,76086100,-0.009271428161768736,0.24991598466740347,2052549365.406545
2012-11-15,21.545320510864258,26.65999984741211,26.969999313354492,26.6299991607666,26.8799991607666,50955600,-0.0067289314522063215,0.24967770561055494,1363232123.4909058
2012-11-16,21.432180404663086,26.520000457763672,26.700000762939453,26.34000015258789,26.670000076293945,64083300,-0.005265097558318832,0.24796433882755223,1699489145.3350067
2012-11-19,21.601890563964844,26.729999542236328,26.799999237060547,26.469999313354492,26.799999237060547,57179300,0.007887287225064377,0.2519408482787907,1524781296.9797134
2012-11-20,21.585729598999023,26.709999084472656,26.799999237060547,26.459999084472656,26.760000228881836,47070400,-0.0007484073287282733,0.2349759461966415,1254739921.9665527
2012-11-21,21.77968406677246,26.950000762939453,27.170000076293945,26.670000076293945,26.709999084472656,66360300,0.00894518210108819,0.2271719762612914,1787082899.2515564
2012-11-23,22.385801315307617,27.700000762939453,27.770000457763672,27.200000762939453,27.229999542236328,57845700,0.027449276286449997,0.24822772028240367,1594034711.2483978
2012-11-26,22.13526725769043,27.389999389648438,27.579999923706055,27.170000076293945,27.540000915527344,85198700,-0.011254747930545594,0.25059231615953903,2332740388.6662803
2012-11-27,21.88473892211914,27.079999923706055,27.3799991607666,27.040000915527344,27.360000610351562,45018600,-0.011382599061316778,0.2534026786966212,1223005300.0
2012-11-28,22.111024856567383,27.360000610351562,27.389999389648438,26.770000457763672,27.010000228881836,53018400,0.010286805385036235,0.25250974843082025,1440686664.0899658
2012-11-29,21.77968406677246,26.950000762939453,27.360000610351562,26.860000610351562,27.110000610351562,69551400,-0.01509873467962386,0.2524369504926761,1881829091.9883728
2012-11-30,21.51300048828125,26.6200008392334,27.1299991607666,26.489999771118164,27.049999237060547,83690200,-0.012320185476196954,0.21698893642496733,2238433876.2816114
2012-12-03,21.359439849853516,26.43000030517578,26.81999969482422,26.399999618530273,26.780000686645508,53173800,-0.007163636775241233,0.21661105821306667,1411764383.2386017
2012-12-04,21.310955047607422,26.3700008392334,26.6299991607666,26.34000015258789,26.5,49777500,-0.002272527509003197,0.21414746294880752,1316448952.5318146
2012-12-05,21.553401947021484,26.670000076293945,26.93000030517578,26.260000228881836,26.3799991607666,68283800,0.011312405080209142,0.21725308655045095,1817714769.8923745
2012-12-06,21.601890563964844,26.729999542236328,26.979999542236328,26.610000610351562,26.809999465942383,39182300,0.002247169907872326,0.20422339694225744,1049040774.680837
2012-12-07,21.383691787719727,26.459999084472656,26.81999969482422,26.3700008392334,26.81999969482422,46162100,-0.010152271455912132,0.20452399532977447,1225603749.1301856
2012-12-10,21.771602630615234,26.940000534057617,26.969999313354492,26.520000457763672,26.559999465942383,47031100,0.017977923496301784,0.2176764233112218,1260903795.784251
2012-12-11,22.07869529724121,27.31999969482422,27.489999771118164,27.049999237060547,27.049999237060547,52282800,0.014006640854359542,0.21438789784892837,1426623313.3964539
2012-12-12,22.014049530029297,27.239999771118164,27.6200008392334,27.079999923706055,27.530000686645508,43966300,-0.0029322653323040626,0.18155517101681246,1200866215.1601791
2012-12-13,21.90898323059082,27.110000610351562,27.520000457763672,26.950000762939453,27.31999969482422,45080100,-0.004784118637965573,0.17923077809544377,1225878213.5147095
2012-12-14,21.666536331176758,26.809999465942383,27.1299991607666,26.700000762939453,27.110000610351562,42077500,-0.011127780168611157,0.182089743701922,1131043191.4393108
2012-12-17,21.90090560913086,27.100000381469727,27.219999313354492,26.68000030517578,26.790000915527344,42046100,0.010759022257307294,0.1843661533287136,1135244700.0
2012-12-18,22.27265167236328,27.559999465942383,27.6299991607666,27.139999389648438,27.25,50486900,0.016831555455946834,0.19100372223165749,1385528792.2840118
2012-12-19,22.070621490478516,27.309999465942383,27.729999542236328,27.25,27.690000534057617,53519900,-0.009112163599068968,0.1944215529747822,1468050839.305941
2012-12-20,22.369638442993164,27.68000030517578,27.68000030517578,27.149999618530273,27.360000610351562,52607300,0.0134572329478293,0.1973176038557587,1446876111.680285
2012-12-21,22.183759689331055,27.450000762939453,27.489999771118164,27.0,27.450000762939453,98776500,-0.008344137144690844,0.17526014895241127,2697915487.584114
2012-12-24,21.86857795715332,27.059999465942383,27.25,27.0,27.200000762939453,20842400,-0.014309665603273292,0.1779307909633432,564898510.9563192
2012-12-26,21.70694923400879,26.860000610351562,27.200000762939453,26.700000762939453,27.030000686645508,31631100,-0.007418359560627419,0.17541640231859953,851509234.5237732
2012-12-27,21.78775978088379,26.959999084472656,27.09000015258789,26.56999969482422,26.889999389648438,39394000,0.0037158836874575663,0.17180466803665728,1058648079.3075562
2012-12-28,21.45642852783203,26.549999237060547,26.899999618530273,26.549999237060547,26.709999084472656,28239900,-0.015324035425466231,0.1720435841431878,753063982.0455551
2012-12-31,21.585729598999023,26.709999084472656,26.770000457763672,26.3700008392334,26.59000015258789,42749500,0.006008130899989084,0.16815172353150545,1137849197.1025467
2013-01-02,22.321144104003906,27.6200008392334,27.729999542236328,27.149999618530273,27.25,52899300,0.03350196569867725,0.20138434045851766,1454730750.0
2013-01-03,22.022125244140625,27.25,27.649999618530273,27.15999984741211,27.6299991607666,48294400,-0.01348675443588343,0.20814775965175883,1321012812.7360027
2013-01-04,21.609975814819336,26.739999771118164,27.34000015258789,26.729999542236328,27.270000457763672,52521100,-0.018892589551470884,0.2165292575274623,1414743354.3169022
2013-01-07,21.569570541381836,26.690000534057617,26.8799991607666,26.639999389648438,26.770000457763672,37110400,-0.0018715011453585007,0.2164909714179177,992208383.3414714
2013-01-08,21.45642852783203,26.549999237060547,26.790000915527344,26.459999084472656,26.75,44703100,-0.005259251465953518,0.21427164193810225,1189102448.6314137
2013-01-09,21.57764434814453,26.700000762939453,26.75,26.559999465942383,26.719999313354492,49047900,0.005633496101562052,0.20541819804818895,1308107496.7420578
2013-01-10,21.383691787719727,26.459999084472656,26.979999542236328,26.290000915527344,26.649999618530273,71431300,-0.009029229328756827,0.20039432297940188,1898405838.7671154
2013-01-11,21.68271255493164,26.829999923706055,26.93000030517578,26.280000686645508,26.489999771118164,55512100,0.013886721078756548,0.20731364061587504,1481062844.9409485
2013-01-14,21.7311954498291,26.889999389648438,27.079999923706055,26.760000228881836,26.899999618530273,48324400,0.002233519960807673,0.20701808519850834,1300409596.6262817
2013-01-15,21.98980140686035,27.209999084472656,27.290000915527344,26.829999923706055,26.829999923706055,48244500,0.011829966906898193,0.20727579294880713,1307908393.773079
2013-01-16,21.8524112701416,27.040000915527344,27.229999542236328,27.010000228881836,27.149999618530273,41077400,-0.006267502394212254,0.20526751353825853,1112923700.0685372
2013-01-17,22.022125244140625,27.25,27.469999313354492,27.059999465942383,27.190000534057617,51685900,0.007736369837727519,0.19809534466487733,1408957612.9689534
2013-01-18,22.022125244140625,27.25,27.290000915527344,27.040000915527344,27.100000381469727,52167700,0.0,0.1956352067965309,1418613687.1739705
2013-01-22,21.941308975219727,27.149999618530273,27.450000762939453,27.0,27.299999237060547,58650600,-0.0036765262490363604,0.18954995952498288,1595296327.4578094
2013-01-23,22.313068389892578,27.610000610351562,27.639999389648438,27.200000762939453,27.200000762939453,50387700,0.01680141861776452,0.1970353879433664,1384821967.8142548
2013-01-24,22.3292236328125,27.6299991607666,28.06999969482422,27.469999313354492,27.700000762939453,101739300,0.0007237640763122499,0.18972878251809489,2820552464.9032593
2013-01-25,22.5312557220459,27.8799991607666,28.229999542236328,27.389999389648438,27.579999923706055,81847700,0.009007191097096356,0.1890091086014505,2278094264.6293006
2013-01-28,22.555505752563477,27.90999984741211,28.229999542236328,27.760000228881836,28.010000228881836,56056500,0.0010757052430845349,0.188903785737178,1567713442.8720474
2013-01-29,22.636320114135742,28.010000228881836,28.1299991607666,27.600000381469727,27.81999969482422,49242600,0.0035765073070832543,0.17842988928292322,1374525104.2430878
2013-01-30,22.50701904296875,27.850000381469727,28.190000534057617,27.760000228881836,28.010000228881836,43580500,-0.005728482968747173,0.1802795576198282,1217348649.9579747
2013-01-31,22.183759689331055,27.450000762939453,27.969999313354492,27.399999618530273,27.790000915527344,50530000,-0.014466742384430908,0.1485671358359238,1394964861.5264893
2013-02-01,22.571672439575195,27.93000030517578,28.049999237060547,27.549999237060547,27.670000076293945,55565900,0.017335212555656287,0.15234185580613727,1547139853.0568442
2013-02-04,22.17568016052246,27.440000534057617,28.020000457763672,27.420000076293945,27.8700008392334,50540000,-0.017699488070644254,0.1503994649142526,1396251751.3275146
2013-02-05,22.224166870117188,27.5,27.65999984741211,27.360000610351562,27.6200008392334,35410400,0.002184094410767834,0.14997853512553372,974022074.7365316
2013-02-06,22.094863891601562,27.34000015258789,27.540000915527344,27.25,27.3799991607666,41889600,-0.005835116119417005,0.1503181439568784,1146797630.9143066
2013-02-07,22.046369552612305,27.280000686645508,27.389999389648438,27.100000381469727,27.350000381469727,38028300,-0.0021972362218112274,0.15002388918344917,1036524702.8026581
2013-02-08,22.264572143554688,27.549999237060547,27.709999084472656,27.309999465942383,27.350000381469727,33318500,0.009848779843681932,0.1482107221997667,917036157.0940018
2013-02-11,22.51510238647461,27.860000610351562,27.920000076293945,27.5,27.649999618530273,32247700,0.01118957918068375,0.14576292259167153,895196159.3809128
2013-02-12,22.5312557220459,27.8799991607666,28.0,27.75,27.8799991607666,35990900,0.0007171872240929744,0.14581144991116254,1003306312.2650782
2013-02-13,22.652482986450195,28.030000686645508,28.110000610351562,27.8799991607666,27.93000030517578,41715600,0.005365981600975456,0.1418752157726432,1168314910.3652954
2013-02-14,22.660572052001953,28.040000915527344,28.059999465942383,27.8700008392334,27.920000076293945,32663200,0.0003570302479416476,0.13913936249237943,914242981.2906902
2013-02-15,22.636320114135742,28.010000228881836,28.15999984741211,27.8799991607666,28.040000915527344,49650900,-0.0010707992987493142,0.13774689180678246,1391052702.3731232
2013-02-19,22.856334686279297,28.049999237060547,28.09000015258789,27.799999237060547,27.8799991607666,38781400,0.009672607082356066,0.14056620251032959,1085103554.247284
2013-02-20,22.70966148376465,27.8700008392334,28.200000762939453,27.829999923706055,28.1299991607666,44110200,-0.006437858114719752,0.14225091569316886,1233615282.435608
2013-02-21,22.4000244140625,27.489999771118164,27.739999771118164,27.229999542236328,27.739999771118164,49078500,-0.013728401189518014,0.14067704877157514,1349004355.0224304
2013-02-22,22.620027542114258,27.760000228881836,27.760000228881836,27.479999542236328,27.68000030517578,31425900,0.009773639513428467,0.1445374893146938,869449900.0
2013-02-25,22.302242279052734,27.3700008392334,28.049999237060547,27.3700008392334,27.969999313354492,48011800,-0.014148464245968384,0.14976927347299138,1324965655.3187053
2013-02-26,22.302242279052734,27.3700008392334,27.600000381469727,27.34000015258789,27.3799991607666,49923300,0.0,0.1496719054553601,1369728963.8530731
2013-02-27,22.660768508911133,27.809999465942383,28.0,27.329999923706055,27.420000076293945,36394700,0.015947945763240323,0.15976466991827756,1008618445.262146
2013-02-28,22.652618408203125,27.799999237060547,27.969999313354492,27.739999771118164,27.8799991607666,35840200,-0.0003597215458999159,0.15839016253685625,997671680.6144714
2013-03-01,22.77484703063965,27.950000762939453,27.979999542236328,27.520000457763672,27.719999313354492,34849700,0.005381278317654115,0.14968586932728023,969402497.1960703
2013-03-04,22.937820434570312,28.149999618530273,28.149999618530273,27.700000762939453,27.850000381469727,38157500,0.007130369040374784,0.13975894344106501,1068410000.0
2013-03-05,23.100780487060547,28.350000381469727,28.540000915527344,28.15999984741211,28.290000915527344,41432200,0.007079308658873629,0.12380467917921364,1174602885.80513
2013-03-06,22.888931274414062,28.09000015258789,28.229999542236328,27.780000686645508,28.209999084472656,51448500,-0.009212961029171574,0.12977688420791048,1442272956.542015
2013-03-07,22.92966079711914,28.139999389648438,28.280000686645508,28.010000228881836,28.110000610351562,29196700,0.0017778605405252002,0.1270182016451357,821692463.3033752
2013-03-08,22.81558609008789,28.0,28.329999923706055,27.959999084472656,28.25,37667800,-0.004987400932467523,0.12849779334337155,1058339608.2134247
2013-03-11,22.70966148376465,27.8700008392334,27.969999313354492,27.670000076293945,27.940000534057617,36627500,-0.004653452891071108,0.12671438707395838,1019587511.1277899
2013-03-12,22.74225425720215,27.90999984741211,27.950000762939453,27.639999389648438,27.84000015258789,39255200,0.0014341652488196743,0.12119485476165921,1092603066.6666665
2013-03-13,22.750404357910156,27.920000076293945,28.020000457763672,27.75,27.8700008392334,29093400,0.00035830400083458613,0.12119318313282693,811608887.179184
2013-03-14,22.92966079711914,28.139999389648438,28.15999984741211,27.93000030517578,28.0,55914800,0.00784838457388437,0.12274751481377634,1569901192.801412
2013-03-15,22.848182678222656,28.040000915527344,28.15999984741211,27.979999542236328,28.030000686645508,92710300,-0.003559722291361034,0.12359354302400126,2601451027.4309797
2013-03-18,22.89707374572754,28.100000381469727,28.280000686645508,27.809999465942383,27.8799991607666,44809400,0.0021375368701539443,0.12360692195923333,1257501136.6436005
2013-03-19,22.962257385253906,28.18000030517578,28.219999313354492,28.030000686645508,28.1200008392334,51901600,0.0028427664257759666,0.1194605556418438,1460684034.613037
2013-03-20,23.07633399963379,28.31999969482422,28.489999771118164,28.18000030517578,28.34000015258789,35447800,0.004955705394786847,0.11794019759467383,1004236171.2955475
2013-03-21,22.90522575378418,28.110000610351562,28.360000610351562,28.049999237060547,28.110000610351562,34233200,-0.007442506804316906,0.1099152128377181,964463359.8902384
2013-03-22,23.019290924072266,28.25,28.34000015258789,28.100000381469727,28.190000534057617,28720900,0.004967516834036623,0.10634462947293405,810791012.1128719
2013-03-25,22.94597053527832,28.15999984741211,28.350000381469727,27.959999084472656,28.299999237060547,44154000,-0.0031902549295850235,0.0927250014965162,1243229449.8939514
2013-03-26,22.94597053527832,28.15999984741211,28.34000015258789,28.110000610351562,28.239999771118164,27824300,0.0,0.0927250014965162,784738013.327535
2013-03-27,23.11707305908203,28.3700008392334,28.450000762939453,28.079999923706055,28.139999389648438,36047400,0.007429092712978758,0.07967686338108952,1020141438.3346558
2013-03-28,23.31264305114746,28.610000610351562,28.65999984741211,28.260000228881836,28.31999969482422,55453800,0.008424395628027437,0.08349691053382921,1580987850.6923676
2013-04-01,23.31264305114746,28.610000610351562,28.65999984741211,28.360000610351562,28.639999389648438,29201100,0.0,0.08236111745305683,833496741.3967133
2013-04-02,23.467458724975586,28.799999237060547,28.850000381469727,28.520000457763672,28.59000015258789,28456500,0.006618892783581742,0.08191227913897602,817365535.7236862
2013-04-03,23.27190399169922,28.559999465942383,28.950000762939453,28.540000915527344,28.75,35062800,-0.008367930712244842,0.08517282402337327,1005717993.3753967
2013-04-04,23.304494857788086,28.600000381469727,28.610000610351562,28.270000457763672,28.389999389648438,45263200,0.001399458619085081,0.0777172765763099,1289699467.2042847
2013-04-05,23.38597869873047,28.700000762939453,28.780000686645508,28.110000610351562,28.219999313354492,50927300,0.003490387544212048,0.07818555021227522,1452955903.9690018
2013-04-08,23.296344757080078,28.59000015258789,28.729999542236328,28.469999313354492,28.729999542236328,34759500,-0.0038401709755175872,0.07717553644439311,994005823.5082626
2013-04-09,24.127485275268555,29.610000610351562,29.81999969482422,28.68000030517578,28.729999542236328,77733800,0.03505518762407345,0.13831213208351853,2283041721.814982
2013-04-10,24.67342758178711,30.280000686645508,30.31999969482422,29.520000457763672,29.56999969482422,71116700,0.022375199622825637,0.15342194176813218,2136345687.894503
2013-04-11,23.581541061401367,28.940000534057617,29.200000762939453,28.729999542236328,29.100000381469727,130923200,-0.045262610562593064,0.2296172594475392,3791099497.958374
2013-04-12,23.45931053161621,28.790000915527344,29.020000457763672,28.65999984741211,28.850000381469727,62886300,-0.005196793881587336,0.2297189875816947,1812592812.588501
2013-04-15,23.377830505371094,28.690000534057617,28.979999542236328,28.510000228881836,28.649999618530273,56332900,-0.003479294706612013,0.22969841475505814,1618256446.3971455
2013-04-16,23.605985641479492,28.969999313354492,29.139999389648438,28.700000762939453,28.899999618530273,52797300,0.009712149766766931,0.23159757142460402,1527777861.6010666
2013-04-17,23.491910934448242,28.829999923706055,29.040000915527344,28.600000381469727,28.850000381469727,52840700,-0.00484416241050134,0.23257123266461083,1523045131.1676025
2013-04-18,23.45931053161621,28.790000915527344,28.979999542236328,28.5,28.950000762939453,56906600,-0.0013886926496535779,0.23229543884839088,1636444136.0165915
2013-04-19,24.257856369018555,29.770000457763672,30.239999771118164,29.610000610351562,29.6200008392334,99790700,0.03347308520610781,0.2558859964640655,2981080872.582563
2013-04-22,25.12158966064453,30.829999923706055,31.18000030517578,30.270000457763672,30.299999237060547,137904000,0.03498708337130374,0.27902040392448324,4241927071.5637207
2013-04-23,24.93417739868164,30.600000381469727,30.899999618530273,30.3799991607666,30.700000762939453,59126900,-0.007488173639077722,0.28087773612077643,1810859840.79291
2013-04-24,25.879392623901367,31.760000228881836,31.920000076293945,30.600000381469727,30.6200008392334,90946600,0.03720755179232249,0.30260184301710635,2858148503.482692
2013-04-25,26.02606964111328,31.940000534057617,32.84000015258789,31.540000915527344,31.709999084472656,110700200,0.005651713759564636,0.3025596847238219,3554214480.453618
2013-04-26,25.903844833374023,31.790000915527344,31.979999542236328,31.450000762939453,31.899999618530273,47799300,-0.004707307326488497,0.30459783824497083,1517149801.449585
2013-04-29,26.57201385498047,32.61000061035156,32.68000030517578,31.770000457763672,31.799999237060547,59116400,0.025467144362616434,0.31170706522816494,1912612621.728007
2013-04-30,26.97127914428711,33.099998474121094,33.11000061035156,32.279998779296875,32.560001373291016,75165200,0.01491401322387853,0.31305075390186576,2467673462.4766035
2013-05-01,26.661643981933594,32.720001220703125,33.08000183105469,32.599998474121094,32.93000030517578,54330900,-0.011546586851455487,0.31519731719767186,1782053547.634125
2013-05-02,27.02017593383789,33.15999984741211,33.16999816894531,32.38999938964844,32.630001068115234,46059500,0.013357866167715393,0.31533149419290135,1515664573.507309
2013-05-03,27.289073944091797,33.4900016784668,33.52000045776367,33.08000183105469,33.22999954223633,46784600,0.009902556496863113,0.31511088795402376,1560890266.5359497
2013-05-06,27.500932693481445,33.75,33.90999984741211,33.25,33.41999816894531,40978300,0.007733519971341085,0.3122937476250115,1378373415.5824027
2013-05-07,27.142404556274414,33.310001373291016,33.790000915527344,33.2400016784668,33.650001525878906,43078300,-0.01312267150035007,0.30466930426910793,1440825597.6346335
2013-05-08,26.881656646728516,32.9900016784668,33.2400016784668,32.650001525878906,33.06999969482422,51595700,-0.009653103765112636,0.3029764652592066,1700594355.9773762
2013-05-09,26.61275291442871,32.65999984741211,33.0,32.59000015258789,32.849998474121094,46417800,-0.010053611188828526,0.25034159850850396,1520182950.0
2013-05-10,26.637197494506836,32.689998626708984,32.720001220703125,32.31999969482422,32.66999816894531,36394900,0.0009181072135269197,0.24776195411004312,1185624520.1132455
2013-05-13,26.914249420166016,33.029998779296875,33.06999969482422,32.54999923706055,32.61000061035156,36027600,0.010347223595187582,0.24545631061762596,1184707552.5131226
2013-05-14,27.51325798034668,33.529998779296875,33.529998779296875,32.79999923706055,32.86000061035156,56870100,0.02201213229345589,0.25077269716228734,1893016001.2561796
2013-05-15,27.775836944580078,33.849998474121094,33.900001525878906,33.43000030517578,33.45000076293945,46303900,0.009498471218024385,0.2466383138943567,1561676205.376943
2013-05-16,27.964553833007812,34.08000183105469,34.150001525878906,33.54999923706055,33.63999938964844,59382900,0.006771305577855546,0.2441713616120492,2014663905.3462985
2013-05-17,28.612808227539062,34.869998931884766,34.869998931884766,34.099998474121094,34.130001068115234,60666700,0.022916684031347945,0.23320722638547486,2099876635.2773032
2013-05-20,28.785106658935547,35.08000183105469,35.099998474121094,34.68000030517578,34.72999954223633,54020800,0.006003665786955992,0.21193570656204058,1888207040.323893
2013-05-21,28.596378326416016,34.849998474121094,35.27000045776367,34.720001220703125,35.099998474121094,48702400,-0.006578045622238182,0.21118429561975008,1701986541.1437988
2013-05-22,28.399444580078125,34.61000061035156,34.84000015258789,34.36000061035156,34.790000915527344,66047500,-0.006910489927393293,0.18479376585491386,2285463688.5674796
2013-05-23,28.022003173828125,34.150001525878906,34.54999923706055,33.900001525878906,34.22999954223633,51102700,-0.01337955872537,0.19494069851418078,1747712378.988266
2013-05-24,28.12046241760254,34.27000045776367,34.279998779296875,33.900001525878906,33.91999816894531,33174400,0.0035074820344225266,0.19253662057475973,1132905768.436686
2013-05-28,28.735877990722656,35.02000045776367,35.18000030517578,34.40999984741211,34.41999816894531,48212100,0.021648934996802094,0.18758850023861565,1681155936.8087769
2013-05-29,28.62100601196289,34.880001068115234,35.02000045776367,34.56999969482422,34.7400016784668,38412200,-0.004005522069161049,0.18501291701998385,1337640860.2966309
2013-05-30,28.744075775146484,35.029998779296875,35.25,34.810001373291016,34.849998474121094,51131000,0.004290761842067337,0.17731090919114983,1791118932.6006572
2013-05-31,28.637414932250977,34.900001525878906,35.279998779296875,34.790000915527344,34.81999969482422,56165700,-0.0037176087419052983,0.17549762278454348,1965237865.8538816
2013-06-03,29.20359992980957,35.59000015258789,35.630001068115234,34.83000183105469,34.91999816894531,51252600,0.01957790966941131,0.1833731842163946,1811779462.1368406
2013-06-04,28.71126937866211,34.9900016784668,35.7400016784668,34.77000045776367,35.619998931884766,65529500,-0.017002279970947054,0.19555654294209784,2304454166.6584015
2013-06-05,28.538955688476562,34.779998779296875,34.88999938964844,34.43000030517578,34.599998474121094,46025100,-0.006019686746107311,0.19003135772516072,1597070946.5904236
2013-06-06,28.6866455078125,34.959999084472656,35.11000061035156,34.4900016784668,34.84000015258789,37618500,0.005161680931473178,0.18492888404538937,1311130137.2203827
2013-06-07,29.269241333007812,35.66999816894531,35.779998779296875,35.060001373291016,35.25,40757300,0.020105479600518006,0.18701834557941002,1447019984.8634083
2013-06-10,29.105134963989258,35.470001220703125,35.650001525878906,35.13999938964844,35.5099983215332,35994500,-0.005622562903656814,0.1900545774462718,1274925215.6308491
2013-06-11,28.588180541992188,34.84000015258789,35.18000030517578,34.68000030517578,35.04999923706055,39435900,-0.017921253209323584,0.2036443881686918,1376312920.029068
2013-06-12,28.7194766998291,35.0,35.27000045776367,34.849998474121094,35.13999938964844,37372700,0.004582158611344145,0.19173988179457865,1309539394.6938832
2013-06-13,28.48972511291504,34.720001220703125,35.02000045776367,34.59000015258789,34.9900016784668,45654900,-0.008032023339044958,0.1928585392608991,1587725266.8655396
2013-06-14,28.22713851928711,34.400001525878906,34.689998626708984,34.25,34.54999923706055,53192600,-0.009259625903293767,0.19505824040347663,1832307764.0388489
2013-06-17,28.7194766998291,35.0,35.15999984741211,34.630001068115234,34.689998626708984,49670100,0.017291649242338725,0.18773449592205543,1734976608.1581116
2013-06-18,28.70306396484375,34.97999954223633,35.16999816894531,34.900001525878906,34.970001220703125,28616500,-0.0005716478317507878,0.1865416701772155,1002054434.3891144
2013-06-19,28.383039474487305,34.59000015258789,35.09000015258789,34.59000015258789,34.959999084472656,30816200,-0.011212110255538477,0.18922566749264025,1071068396.0355122
2013-06-20,27.480430603027344,33.4900016784668,34.33000183105469,33.369998931884766,34.2599983215332,54493700,-0.032317628249273866,0.2184446059526199,1838072545.3470867
2013-06-21,27.299911499023438,33.27000045776367,33.72999954223633,33.04999923706055,33.65999984741211,85338500,-0.006590676527774342,0.21508636642068743,2846038953.2972975
2013-06-24,27.66916275024414,33.720001220703125,34.20000076293945,32.56999969482422,32.939998626708984,56109000,0.013435074555615323,0.22055820066991444,1879464501.3923647
2013-06-25,27.628137588500977,33.66999816894531,34.380001068115234,33.459999084472656,34.08000183105469,44073400,-0.001483803694533048,0.2048405183334963,1491296920.0080872
2013-06-26,28.18610954284668,34.349998474121094,34.47999954223633,33.88999938964844,34.119998931884766,48665900,0.01999455593657995,0.21822155089277506,1666320373.9203136
2013-06-27,28.407657623291016,34.619998931884766,34.779998779296875,34.5,34.52000045776367,28993100,0.007829456255893152,0.21959380194249,1004127674.5466869
2013-06-28,28.342012405395508,34.540000915527344,34.790000915527344,34.34000015258789,34.380001068115234,65545500,-0.002313502339015727,0.2193953584939749,2265034038.339615
2013-07-01,28.194320678710938,34.36000061035156,34.9900016784668,34.33000183105469,34.75,31055400,-0.005224677816640266,0.20721284283383584,1073274666.6481018
2013-07-02,27.849672317504883,33.939998626708984,34.439998626708984,33.630001068115234,34.40999984741211,37630000,-0.012299362963752891,0.20345840469406903,1279545412.2797647
2013-07-03,27.907121658325195,34.0099983215332,34.369998931884766,33.599998474121094,33.65999984741211,15994400,0.002060712499907247,0.2031288307401924,543702947.8881836
2013-07-05,28.07122230529785,34.209999084472656,34.2400016784668,33.58000183105469,34.09000015258789,26085900,0.005863021498431209,0.20341637155457895,887181481.5555571
2013-07-08,28.16970443725586,34.33000183105469,34.59000015258789,33.97999954223633,34.349998474121094,32396900,0.0035021553989142973,0.18924083832417046,1111213686.4779155
2013-07-09,28.18610954284668,34.349998474121094,34.599998474121094,34.13999938964844,34.58000183105469,25318500,0.0005821974662629792,0.18892627311358204,870028024.093628
2013-07-10,28.473295211791992,34.70000076293945,34.810001373291016,34.31999969482422,34.34000015258789,29658800,0.010137350704338743,0.18324731411270523,1026491086.1022949
2013-07-11,29.285648345947266,35.689998626708984,35.77000045776367,34.900001525878906,35.0,53638300,0.028130940585112008,0.20749975771419943,1901656540.2460732
2013-07-12,29.269241333007812,35.66999816894531,35.72999954223633,35.279998779296875,35.58000183105469,35501200,-0.0005603977211392497,0.20500800534521973,1262422630.4692588
2013-07-15,29.679519653320312,36.16999816894531,36.220001220703125,35.58000183105469,35.65999984741211,34142600,0.013920053223273499,0.20557854833515193,1228792187.8926594
2013-07-16,29.76157569885254,36.27000045776367,36.43000030517578,35.959999084472656,36.0099983215332,36378500,0.002760921452406695,0.19843578676885185,1317629268.1496937
2013-07-17,29.32668113708496,35.7400016784668,36.38999938964844,35.4900016784668,36.34000015258789,37285100,-0.014720434759101675,0.20642735429892067,1337540854.8021953
2013-07-18,29.08051109313965,35.439998626708984,35.88999938964844,35.220001220703125,35.720001220703125,49547100,-0.008429492745868572,0.20455649866608708,1759747822.3995209
2013-07-19,25.765466690063477,31.399999618530273,32.66999816894531,31.020000457763672,32.400001525878906,248428500,-0.12103313297768326,0.4593653013158281,7874355209.68914
2013-07-22,26.266006469726562,32.0099983215332,32.0099983215332,31.600000381469727,31.700000762939453,79040700,0.01924047852792965,0.46562924174552284,2519290499.605751
2013-07-23,26.11009407043457,31.81999969482422,32.040000915527344,31.709999084472656,31.90999984741211,65810400,-0.005953587923221981,0.4623882302969906,2096499969.30542
2013-07-24,26.2249813079834,31.959999084472656,32.189998626708984,31.889999389648438,32.040000915527344,52803100,0.0043904559711149815,0.4630610535672088,1690403190.304947
2013-07-25,25.757259368896484,31.389999389648438,31.649999618530273,31.25,31.6200008392334,63213000,-0.017995936909223076,0.458328031264174,1986784569.1013336
2013-07-26,25.94599151611328,31.6200008392334,31.6200008392334,31.209999084472656,31.260000228881836,38633600,0.007300623549068241,0.45815231870367085,1216314516.4916992
2013-07-29,25.88034439086914,31.540000915527344,31.600000381469727,31.399999618530273,31.469999313354492,28870700,-0.002533351401554196,0.4581395358694943,909812001.477305
2013-07-30,26.13471794128418,31.850000381469727,32.119998931884766,31.549999237060547,31.780000686645508,45799500,0.009780842967070935,0.460792063558994,1458256057.8699112
2013-07-31,26.12651824951172,31.84000015258789,32.04999923706055,31.709999084472656,31.969999313354492,43898400,-0.00031379632161065985,0.45986907967077034,1398895657.6721191
2013-08-01,25.987018585205078,31.670000076293945,32.09000015258789,31.600000381469727,32.060001373291016,42557900,-0.005353695257509727,0.4595170136118366,1352773789.9917603
2013-08-02,26.167537689208984,31.889999389648438,31.899999618530273,31.56999969482422,31.690000534057617,29199900,0.006922494899220144,0.4598054129922397,928167475.3759384
2013-08-05,26.011638641357422,31.700000762939453,32.0,31.639999389648438,31.899999618530273,30984000,-0.005975545139158989,0.45915266839160357,984671521.5759277
2013-08-06,25.913162231445312,31.579999923706055,31.670000076293945,31.3799991607666,31.549999237060547,36331500,-0.0037930440299547286,0.4588537169381947,1146016604.836464
2013-08-07,26.307031631469727,32.060001373291016,32.099998474121094,31.25,31.540000915527344,38078600,0.0150852319792385,0.4611159734137126,1211026406.729889
2013-08-08,26.98809814453125,32.88999938964844,33.06999969482422,32.04999923706055,32.2400016784668,59034400,0.02555969349541609,0.4589422161107379,1928653814.9709067
2013-08-09,26.83220100402832,32.70000076293945,32.900001525878906,32.470001220703125,32.77000045776367,26800700,-0.005793263099090229,0.45879291313480164,876114914.3525441
2013-08-12,26.971683502197266,32.869998931884766,32.970001220703125,32.459999084472656,32.459999084472656,25493700,0.005184860235350808,0.4553935471337476,835343563.5166168
2013-08-13,26.632890701293945,32.22999954223633,32.54999923706055,32.209999084472656,32.5099983215332,39464100,-0.012640612003540053,0.4552960893630263,1275874324.898529
2013-08-14,26.73204803466797,32.349998474121094,33.36000061035156,31.700000762939453,32.13999938964844,48519600,0.0037162020546666064,0.4550871203360922,1575431409.5321655
2013-08-15,26.269302368164062,31.790000915527344,32.18000030517578,30.84000015258789,32.0,33338000,-0.01746209941761734,0.4571054021967988,1053591941.9275919
2013-08-16,26.27756690979004,31.799999237060547,31.989999771118164,31.65999984741211,31.790000915527344,32866300,0.0003145588617434747,0.1750335831260412,1045696099.1291683
2013-08-19,25.93876075744629,31.389999389648438,31.969999313354492,31.3799991607666,31.760000228881836,27902500,-0.01297720166337335,0.16804526967291344,881160930.1312764
2013-08-20,26.128822326660156,31.6200008392334,31.899999618530273,31.3700008392334,31.440000534057617,22979600,0.0073006044116787905,0.16900552684373138,726844757.9348246
2013-08-21,26.120559692382812,31.610000610351562,32.0099983215332,31.540000915527344,31.610000610351562,37409100,-0.0003162768257514159,0.16826034970474052,1186616650.0972748
2013-08-22,26.76509666442871,32.38999938964844,32.4900016784668,32.099998474121094,32.189998626708984,31169900,0.02437594352559147,0.1754983116428691,1007618962.577184
2013-08-23,28.71525764465332,34.75,35.20000076293945,34.0,35.16999816894531,225493800,0.0703299313150505,0.2947888532582224,7813360227.346038
2013-08-26,28.219463348388672,34.150001525878906,34.66999816894531,34.029998779296875,34.400001525878906,72786800,-0.017416677220286392,0.303980114559228,2495374089.6453857
2013-08-27,27.484012603759766,33.2599983215332,34.099998474121094,33.150001525878906,33.52000045776367,58522300,-0.026407453777820056,0.3211005927543961,1960692091.590754
2013-08-28,27.285694122314453,33.02000045776367,33.599998474121094,33.0,33.38999938964844,44257400,-0.007241935735799565,0.3227605382405975,1469640713.575999
2013-08-29,27.723651885986328,33.54999923706055,33.599998474121094,32.79999923706055,32.93000030517578,45284700,0.01592336754492152,0.324898384898697,1508735208.934021
2013-08-30,27.599702835083008,33.400001525878906,33.47999954223633,33.09000015258789,33.369998931884766,42790200,-0.004480901742873744,0.32566192356200985,1425912115.411377
2013-09-03,26.34366798400879,31.8799991607666,32.06999969482422,31.290000915527344,31.75,154507000,-0.046577063922825346,0.3669167907674234,4905082214.878718
2013-09-04,25.78175926208496,31.200000762939453,31.469999313354492,31.110000610351562,31.389999389648438,142320600,-0.021560705361612253,0.37468521687834305,4448941988.5746
2013-09-05,25.80654525756836,31.229999542236328,31.440000534057617,30.950000762939453,31.100000381469727,71644900,0.0009609153710861129,0.3705633274549987,2235798532.708931
2013-09-06,25.740440368652344,31.149999618530273,31.389999389648438,31.1299991607666,31.309999465942383,75434900,-0.0025648415460848284,0.35775622154983766,2355328981.6248574
2013-09-09,26.161874771118164,31.65999984741211,31.790000915527344,31.200000762939453,31.219999313354492,49628500,0.016239879222878617,0.3631774727266341,1565779200.2423604
2013-09-10,26.76509666442871,32.38999938964844,32.400001525878906,31.790000915527344,31.899999618530273,56881200,0.022795485853365438,0.3721189868892503,1831195466.7175295
2013-09-11,27.054325103759766,32.7400016784668,32.93000030517578,32.529998779296875,32.56999969482422,39087500,0.010748210003968417,0.37120992510835593,1279464176.607132
2013-09-12,27.013002395629883,32.689998626708984,32.779998779296875,32.59000015258789,32.720001220703125,32860200,-0.0015285651459748806,0.3711315971091118,1074090377.2583008
2013-09-13,27.293956756591797,33.029998779296875,33.06999969482422,32.5099983215332,32.77000045776367,40899000,0.01034699316370613,0.36659516697128397,1344350086.315155
2013-09-16,27.10390853881836,32.79999923706055,33.5,32.72999954223633,33.380001068115234,52839700,-0.006987369448157477,0.36786465030509474,1744238475.4994712
2013-09-17,27.211320877075195,32.93000030517578,33.470001220703125,32.900001525878906,33.41999816894531,84716500,0.003955151416456637,0.36408566251466035,2804116236.17808
2013-09-18,27.53359603881836,33.31999969482422,33.400001525878906,32.83000183105469,32.9900016784668,64099900,0.011773837747616422,0.3651724300747563,2127048413.5391235
2013-09-19,27.798025131225586,33.63999938964844,33.68000030517578,33.31999969482422,33.47999954223633,42026600,0.00955804655337289,0.3657700950268355,1409852332.7829998
2013-09-20,27.09563446044922,32.790000915527344,33.47999954223633,32.689998626708984,33.40999984741211,102904900,-0.025592354839178544,0.36999917247697034,3394489603.2625833
2013-09-23,27.054325103759766,32.7400016784668,32.970001220703125,32.5,32.540000915527344,39826100,-0.001525739447841179,0.26919095372237806,1303773798.820877
2013-09-24,26.814682006835938,32.45000076293945,32.869998931884766,32.150001525878906,32.869998931884766,40685000,-0.008897311855719181,0.26501503644013363,1321855666.5547688
2013-09-25,26.864259719848633,32.5099983215332,32.79999923706055,32.400001525878906,32.4900016784668,28907500,0.001847194654553519,0.2506077125465429,941517266.1781311
2013-09-26,27.079111099243164,32.77000045776367,33.0,32.59000015258789,32.63999938964844,28504000,0.007965854274368578,0.25146426022554363,934551152.4658203
2013-09-27,27.492284774780273,33.27000045776367,33.75,32.869998931884766,32.880001068115234,55348000,0.015142789151334046,0.25084032965590686,1842903895.4060874
2013-09-30,27.500539779663086,33.279998779296875,33.310001373291016,32.70000076293945,33.0,39839500,0.00030022116564110135,0.2504098689213659,1318554663.824717
2013-10-01,27.748445510864258,33.58000183105469,33.61000061035156,33.29999923706055,33.349998474121094,36718700,0.008974188165607355,0.18626036016386902,1229954074.8770397
2013-10-02,28.029399871826172,33.91999816894531,34.029998779296875,33.290000915527344,33.36000061035156,46946800,0.01007413374105548,0.16556904553211105,1584297977.2369385
2013-10-03,27.97981834411621,33.86000061035156,34.0,33.41999816894531,33.880001068115234,38703800,-0.001770477869206477,0.16650507075935803,1306640272.2513835
2013-10-04,27.996349334716797,33.880001068115234,33.9900016784668,33.619998931884766,33.689998626708984,33008100,0.0005906439031702071,0.16528066928319093,1116664041.4676666
2013-10-07,27.517074584960938,33.29999923706055,33.709999084472656,33.20000076293945,33.599998474121094,35069300,-0.017267414775727463,0.17490300117777477,1171431506.9643657
2013-10-08,27.277429580688477,33.0099983215332,33.33000183105469,32.79999923706055,33.310001373291016,41017600,-0.008747101042036132,0.1624441542215755,1355494946.3216147
2013-10-09,27.32701301574707,33.06999969482422,33.349998474121094,32.959999084472656,33.06999969482422,35878600,0.0018160957727588745,0.15854712232497548,1188538389.8188272
2013-10-10,27.897186279296875,33.7599983215332,33.88999938964844,33.2599983215332,33.310001373291016,42875100,0.020650132810284383,0.17288895886881597,1442175390.3007507
2013-10-11,28.202930450439453,34.130001068115234,34.13999938964844,33.68000030517578,33.68000030517578,30033300,0.010900055690170163,0.1732513123562152,1020631652.6378632
2013-10-14,28.46735954284668,34.45000076293945,34.5,33.779998779296875,33.900001525878906,27757900,0.009332262515497014,0.17221137066611014,950523018.097814
2013-10-15,28.50041961669922,34.4900016784668,34.9900016784668,34.470001220703125,34.66999816894531,47097800,0.001160658816321547,0.1721758403631255,1631938841.8655396
2013-10-16,28.624357223510742,34.63999938964844,34.900001525878906,34.560001373291016,34.599998474121094,35111600,0.004339195989252254,0.16891972466963087,1218372546.788025
2013-10-17,28.855737686157227,34.91999816894531,34.9900016784668,34.369998931884766,34.45000076293945,31359200,0.008050846567817072,0.1681422542705113,1090045779.239909
2013-10-18,28.888792037963867,34.959999084472656,34.9900016784668,34.33000183105469,34.81999969482422,41811700,0.0011448480254272475,0.13537828945223784,1453374728.1531014
2013-10-21,28.91358757019043,34.9900016784668,35.20000076293945,34.90999984741211,34.97999954223633,27433500,0.0008579416250880101,0.13457778862746247,961086970.9300996
2013-10-22,28.574792861938477,34.58000183105469,35.099998474121094,34.52000045776367,35.02000045776367,40438500,-0.01178668203819333,0.13820606533931065,1404563910.2840424
2013-10-23,27.897186279296875,33.7599983215332,34.4900016784668,33.66999816894531,34.349998474121094,58600500,-0.023999127191379976,0.16722605876880903,1990854284.2330935
2013-10-24,27.8641357421875,33.720001220703125,34.099998474121094,33.56999969482422,33.81999969482422,53209700,-0.0011854288880375208,0.16602713419092585,1798310483.5077922
2013-10-25,29.525068283081055,35.72999954223633,36.290000915527344,35.470001220703125,35.880001068115234,113494000,0.057899270152386606,0.2534241308316137,4066490083.4986367
2013-10-28,29.392850875854492,35.56999969482422,35.72999954223633,35.27000045776367,35.61000061035156,38383600,-0.004488197514846082,0.25473988931590064,1363513413.4287515
2013-10-29,29.351543426513672,35.52000045776367,35.720001220703125,35.2599983215332,35.630001068115234,31702200,-0.001406345461198999,0.2543719243463523,1125428100.0
2013-10-30,29.368070602416992,35.540000915527344,35.790000915527344,35.43000030517578,35.529998779296875,36997700,0.0005629184255742103,0.25307393826824337,1316624843.678538
2013-10-31,29.260650634765625,35.40999984741211,35.689998626708984,35.34000015258789,35.65999984741211,41682300,-0.0036644185848566657,0.25354523977246096,1478887984.9193573
2013-11-01,29.359817504882812,35.529998779296875,35.689998626708984,35.38999938964844,35.66999816894531,40264600,0.003383356287046002,0.25350071022808657,1430869625.6594338
2013-11-04,29.6986026763916,35.939998626708984,35.97999954223633,35.54999923706055,35.59000015258789,28060700,0.011473008815671815,0.2447894387856809,1005227785.4035695
2013-11-05,30.277036666870117,36.63999938964844,36.709999084472656,35.77000045776367,35.790000915527344,51681900,0.019289562641088054,0.24587751810769848,1879842957.5992584
2013-11-06,31.54960060119629,38.18000030517578,38.220001220703125,37.060001373291016,37.2400016784668,88948800,0.04117137026400153,0.2749963305059482,3364043701.9592285
2013-11-07,30.987699508666992,37.5,38.0099983215332,37.43000030517578,37.959999084472656,60437400,-0.017970593973865245,0.28349851076404237,2275266624.333954
2013-11-08,31.219079971313477,37.779998779296875,37.779998779296875,37.34000015258789,37.66999816894531,36737800,0.0074391097445047905,0.2828821149574342,1382565845.3046165
2013-11-11,31.062061309814453,37.59000015258789,37.779998779296875,37.349998474121094,37.689998626708984,26872500,-0.005042264510406902,0.2845265356249149,1009689376.7642974
2013-11-12,30.87201499938965,37.36000061035156,37.599998474121094,37.20000076293945,37.380001068115234,31651600,-0.006137070841645276,0.28667310434678306,1183347817.0567832
2013-11-13,31.533077239990234,38.15999984741211,38.15999984741211,36.900001525878906,36.97999954223633,44957600,0.0211869559107698,0.2927876127108463,1696699842.2932942
2013-11-14,31.417387008666992,38.02000045776367,38.130001068115234,37.720001220703125,37.869998931884766,46183700,-0.0036755999483810697,0.29397523733147557,1752979348.6157734
2013-11-15,31.268646240234375,37.84000015258789,38.02000045776367,37.720001220703125,37.95000076293945,50601300,-0.004745588127622824,0.29546248868611746,1915765248.8845825
2013-11-18,30.73978614807129,37.20000076293945,37.58000183105469,37.06999969482422,37.349998474121094,53277500,-0.01705809663775426,0.3042037840262111,1986362832.3141735
2013-11-19,30.58992576599121,36.7400016784668,37.22999954223633,36.66999816894531,36.849998474121094,44275000,-0.004887049870796023,0.3008786609191737,1632861990.992228
2013-11-20,30.873003005981445,37.08000183105469,37.40999984741211,36.86000061035156,36.91999816894531,32229900,0.009211381469274471,0.2842421040486828,1196266479.5894623
2013-11-21,31.13943862915039,37.400001525878906,37.529998779296875,37.2599983215332,37.27000045776367,23064700,0.008593026031902706,0.2835440311331152,862542887.1084849
2013-11-22,31.280982971191406,37.56999969482422,37.68000030517578,37.33000183105469,37.529998779296875,27982000,0.004535201173577086,0.20998944243529238,1050071203.745524
2013-11-25,31.339275360107422,37.63999938964844,37.95000076293945,37.56999969482422,37.93000030517578,30646800,0.001861774681458428,0.20832139290482496,1155997294.4412231
2013-11-26,31.09780502319336,37.349998474121094,37.650001525878906,37.349998474121094,37.56999969482422,34465300,-0.00773487611295387,0.21121738099228338,1290725467.4700418
2013-11-27,31.30596160888672,37.599998474121094,37.7599983215332,37.4900016784668,37.56999969482422,26002100,0.006671307485142108,0.2114267283935045,978112315.1079814
2013-11-29,31.74724769592285,38.130001068115234,38.290000915527344,37.81999969482422,37.81999969482422,22090400,0.013997488691384508,0.21303102431263868,841202444.3593342
2013-12-02,32.013675689697266,38.45000076293945,38.779998779296875,38.060001373291016,38.09000015258789,42950400,0.008357141969624227,0.2135210912423328,1650583885.1074219
2013-12-03,31.89712905883789,38.310001373291016,38.4900016784668,38.08000183105469,38.13999938964844,52109800,-0.00364716922305508,0.2135531074160192,1995458026.147461
2013-12-04,32.42164611816406,38.939998626708984,38.97999954223633,38.119998931884766,38.209999084472656,51983600,0.016310282207086857,0.21102380343733165,2010725597.76357
2013-12-05,31.638994216918945,38.0,38.880001068115234,37.18000030517578,38.849998474121094,116305000,-0.02443593573817271,0.18341831950792165,4421916153.240204
2013-12-06,31.938751220703125,38.36000061035156,38.54999923706055,37.9900016784668,38.41999816894531,36457300,0.009429690307307226,0.1735595433299017,1396314608.5431418
2013-12-09,32.23015594482422,38.709999084472656,38.869998931884766,38.369998931884766,38.560001373291016,30286000,0.009082489953294637,0.1743580345786115,1170553869.1914878
2013-12-10,31.730600357055664,38.11000061035156,38.900001525878906,38.02000045776367,38.61000061035156,37828600,-0.015621008096319056,0.1830555019159209,1450474652.042389
2013-12-11,31.31428337097168,37.61000061035156,38.29999923706055,37.38999938964844,38.060001373291016,39853400,-0.013207195031931018,0.18812437101442464,1505130063.1980896
2013-12-12,30.98957633972168,37.220001220703125,37.63999938964844,37.18000030517578,37.63999938964844,36012800,-0.010423430350775309,0.17618398443422226,1344958048.3235676
2013-12-13,30.548288345336914,36.689998626708984,37.45000076293945,36.619998931884766,37.41999816894531,40066100,-0.014342244763560164,0.18209074784868512,1479240389.5834606
2013-12-16,30.71479606628418,36.88999938964844,37.0,36.540000915527344,36.72999954223633,31734200,0.005435838973780971,0.18313973208213846,1168135905.2281697
2013-12-17,30.406747817993164,36.52000045776367,37.11000061035156,36.33000183105469,36.939998626708984,45687700,-0.010079943567745886,0.1768629771416802,1674606541.4854684
2013-12-18,30.456701278686523,36.58000183105469,36.599998474121094,35.529998779296875,36.36000061035156,63192100,0.0016414932985684416,0.1762846842302296,2289871044.381968
2013-12-19,30.181943893432617,36.25,36.54999923706055,36.08000183105469,36.5099983215332,34160100,-0.009062183523408152,0.1753027962122194,1239783908.1623077
2013-12-20,30.639883041381836,36.79999923706055,36.93000030517578,36.189998626708984,36.20000076293945,62649100,0.015058666424532685,0.18115185558525915,2295462985.762024
2013-12-23,30.490018844604492,36.619998931884766,36.88999938964844,36.54999923706055,36.810001373291016,25128700,-0.004903148619328945,0.18058599184546478,921888220.2168783
2013-12-24,30.873003005981445,37.08000183105469,37.16999816894531,36.63999938964844,36.720001220703125,14243000,0.012482733829590309,0.18655457785081855,526468753.7689209
2013-12-26,31.172748565673828,37.439998626708984,37.4900016784668,37.16999816894531,37.20000076293945,17612800,0.009662156845500203,0.18805048922982825,658131617.7083334
2013-12-27,31.047849655151367,37.290000915527344,37.619998931884766,37.16999816894531,37.58000183105469,14563000,-0.004014718014725194,0.18699134115620633,544073670.3707377
2013-12-30,31.047849655151367,37.290000915527344,37.380001068115234,36.900001525878906,37.220001220703125,16290500,0.0,0.17952046292332682,605843714.0572865
2013-12-31,31.147764205932617,37.40999984741211,37.58000183105469,37.220001220703125,37.400001525878906,17503500,0.003212915848196829,0.17696495563603448,654689261.9152069
2014-01-02,30.939607620239258,37.15999984741211,37.400001525878906,37.099998474121094,37.349998474121094,30632200,-0.006705304459918793,0.1777750025101473,1140130482.4419656
2014-01-03,30.731468200683594,36.90999984741211,37.220001220703125,36.599998474121094,37.20000076293945,31134800,-0.006750010667603945,0.16614905970800406,1149185463.2492065
2014-01-06,30.082035064697266,36.130001068115234,36.88999938964844,36.11000061035156,36.849998474121094,43603700,-0.021359000570029263,0.16134333577838744,1586157275.8579254
2014-01-07,30.315162658691406,36.40999984741211,36.4900016784668,36.209999084472656,36.33000183105469,35802800,0.007719853257187381,0.15984882174525994,1302147843.2840984
2014-01-08,29.773958206176758,35.7599983215332,36.13999938964844,35.58000183105469,36.0,59971700,-0.018013879374812802,0.16234890620903336,2148586096.182378
2014-01-09,29.58247947692871,35.529998779296875,35.90999984741211,35.400001525878906,35.880001068115234,36516300,-0.006451849232711471,0.15706652077121996,1300467165.857315
2014-01-10,30.007091522216797,36.040000915527344,36.150001525878906,35.75,35.900001525878906,40548800,0.01425146128256305,0.1642603650111173,1458945856.998698
2014-01-13,29.124540328979492,34.97999954223633,36.02000045776367,34.83000183105469,35.9900016784668,45901900,-0.029852608736402164,0.18857267827174734,1619266053.682963
2014-01-14,29.79060935974121,35.779998779296875,35.880001068115234,34.630001068115234,34.72999954223633,41623300,0.02261209262827002,0.20356836462822495,1474713531.702423
2014-01-15,30.60658073425293,36.7599983215332,36.790000915527344,35.849998474121094,35.900001525878906,44812600,0.027021820818291964,0.22507236493139185,1634166112.477366
2014-01-16,30.71479606628418,36.88999938964844,37.0,36.310001373291016,36.689998626708984,38018700,0.003529452533985733,0.22243681891889416,1396553589.6686554
2014-01-17,30.290180206298828,36.380001068115234,36.83000183105469,36.150001525878906,36.83000183105469,46267500,-0.013920920658343938,0.22788383534685427,1686604668.2453156
2014-01-21,30.115331649780273,36.16999816894531,36.81999969482422,36.060001373291016,36.81999969482422,31567300,-0.005789175175462624,0.22657103635725614,1147471346.9720206
2014-01-22,29.915508270263672,35.93000030517578,36.31999969482422,35.75,36.2599983215332,21904300,-0.006657382032595027,0.22063114254605498,788554800.0
2014-01-23,30.02375030517578,36.060001373291016,36.130001068115234,35.52000045776367,36.09000015258789,43954000,0.003611728111056589,0.2207952933745788,1578095155.810038
2014-01-24,30.648210525512695,36.810001373291016,37.54999923706055,36.529998779296875,37.45000076293945,76395500,0.020585531227807596,0.22856650380953047,2823832316.1239624
2014-01-27,29.998764038085938,36.029998779296875,36.88999938964844,35.97999954223633,36.869998931884766,44420800,-0.021418094435348145,0.23654101417651993,1612475006.1096191
2014-01-28,30.198596954345703,36.27000045776367,36.38999938964844,35.75,36.119998931884766,36205500,0.00663928275322645,0.23821794101888255,1308346083.158493
2014-01-29,30.5233097076416,36.65999984741211,36.880001068115234,35.900001525878906,35.97999954223633,52745900,0.010695179594312876,0.24184859049920687,1924170474.9247234
2014-01-30,30.689834594726562,36.86000061035156,36.880001068115234,36.22999954223633,36.790000915527344,35036300,0.005440834637109759,0.24244251078602252,1284313984.5896404
2014-01-31,31.505783081054688,37.84000015258789,37.88999938964844,36.560001373291016,36.95000076293945,93162300,0.02623963978813615,0.2584922192588536,3487064917.4308777
2014-02-03,30.37344741821289,36.47999954223633,37.9900016784668,36.43000030517578,37.7400016784668,64063100,-0.03660233230511434,0.2885227947004387,2368199295.917511
2014-02-04,30.26520347595215,36.349998474121094,37.189998626708984,36.25,36.970001220703125,54697900,-0.0035701340856495456,0.27878502363661317,2001760760.8071647
2014-02-05,29.823932647705078,35.81999969482422,36.470001220703125,35.79999923706055,36.290000915527344,55814400,-0.01468747228972589,0.2820343021245036,2010992834.8388674
2014-02-06,30.123659133911133,36.18000030517578,36.25,35.689998626708984,35.79999923706055,35351800,0.009999700567286496,0.27712238724072685,1274078859.4134011
2014-02-07,30.440053939819336,36.560001373291016,36.59000015258789,36.0099983215332,36.31999969482422,33260500,0.0104484242539149,0.2778835601448297,1210238724.9749503
2014-02-10,30.639883041381836,36.79999923706055,36.79999923706055,36.290000915527344,36.630001068115234,26767000,0.006543222681335781,0.2746629433400294,980475204.5542399
2014-02-11,30.947940826416016,37.16999816894531,37.2599983215332,36.86000061035156,36.880001068115234,32141400,0.010003936974981364,0.2518393953161891,1192338770.9388733
2014-02-12,31.197721481323242,37.470001220703125,37.599998474121094,37.29999923706055,37.349998474121094,27051800,0.008038598051079315,0.24243780218130456,1013270245.7018535
2014-02-13,31.31428337097168,37.61000061035156,37.86000061035156,37.33000183105469,37.33000183105469,37635500,0.0037292684825467326,0.2253081432166953,1415094838.2848103
2014-02-14,31.322612762451172,37.619998931884766,37.779998779296875,37.33000183105469,37.38999938964844,31407500,0.0002659579909849441,0.22515545677811266,1180189153.540929
2014-02-18,31.389711380004883,37.41999816894531,37.779998779296875,37.40999984741211,37.630001068115234,32834000,0.0021398869863489267,0.21852193522618618,1232478878.2628376
2014-02-19,31.46521759033203,37.5099983215332,37.75,37.209999084472656,37.220001220703125,29750400,0.002402556104486475,0.21677632527943164,1115342470.275879
2014-02-20,31.666555404663086,37.75,37.869998931884766,37.400001525878906,37.56999969482422,27526100,0.0063783571210476175,0.2147530647420492,1036999944.8668163
2014-02-21,31.859468460083008,37.97999954223633,38.349998474121094,37.86000061035156,37.939998626708984,38021300,0.006073531340212046,0.21503264393976335,1447217398.2618968
2014-02-24,31.616209030151367,37.689998626708984,37.97999954223633,37.540000915527344,37.689998626708984,32085100,-0.007664687655317248,0.2079650780602018,1210784713.875071
2014-02-25,31.49037742614746,37.540000915527344,37.849998474121094,37.349998474121094,37.61000061035156,30736500,-0.003987912445684305,0.1918214644173071,1155077648.1132507
2014-02-26,31.431659698486328,37.470001220703125,37.7400016784668,37.189998626708984,37.58000183105469,41041800,-0.001866365025315453,0.191724891745338,1537699460.874939
2014-02-27,31.75880241394043,37.86000061035156,37.88999938964844,37.22999954223633,37.45000076293945,33903400,0.010354272695161537,0.19153363906643162,1276802038.8267517
2014-02-28,32.136314392089844,38.310001373291016,38.459999084472656,37.81999969482422,37.97999954223633,41215000,0.011816751885082688,0.19423483033321684,1574275618.76297
2014-03-03,31.69171905517578,37.779998779296875,38.130001068115234,37.4900016784668,37.91999816894531,29717500,-0.013931261969677866,0.1811400290902682,1123321515.1151023
2014-03-04,32.220184326171875,38.40999984741211,38.47999954223633,38.06999969482422,38.20000076293945,26802400,0.016537680380644293,0.13116445531294452,1027067959.8205566
2014-03-05,31.968536376953125,38.11000061035156,38.27000045776367,37.93000030517578,38.25,20520100,-0.007840917710681072,0.13462649945018343,781884219.7266897
2014-03-06,32.002079010009766,38.150001525878906,38.2400016784668,37.88999938964844,38.13999938964844,23582200,0.0010486888684053675,0.11907317947194984,898324625.7240295
2014-03-07,31.792367935180664,37.900001525878906,38.36000061035156,37.689998626708984,38.279998779296875,26591600,-0.006574610809444437,0.12149960397223984,1010037613.4292603
2014-03-10,31.725269317626953,37.81999969482422,38.0099983215332,37.720001220703125,37.9900016784668,19006600,-0.0021127562489731133,0.11915024236583631,719399805.1663717
2014-03-11,31.893033981323242,38.02000045776367,38.22999954223633,37.720001220703125,37.869998931884766,25216400,0.0052741127593409765,0.11862936268322131,957971046.2605793
2014-03-12,32.10273361206055,38.27000045776367,38.43000030517578,37.790000915527344,37.79999923706055,30494100,0.006553570311292223,0.11627494390700777,1163756520.0611115
2014-03-13,31.783977508544922,37.88999938964844,38.45000076293945,37.63999938964844,38.41999816894531,32169700,-0.009978874886805933,0.12077876501694944,1222234130.4246268
2014-03-14,31.624603271484375,37.70000076293945,38.13999938964844,37.5099983215332,37.650001525878906,27195600,-0.005026908683742892,0.12201546406357408,1027540406.1676025
2014-03-17,31.918193817138672,38.04999923706055,38.40999984741211,37.790000915527344,37.900001525878906,20479600,0.009240784110727596,0.1257003018473144,779931433.3333334
2014-03-18,33.17646026611328,39.54999923706055,39.900001525878906,38.220001220703125,38.2599983215332,64063900,0.03866441000947507,0.18130576268891166,2512799746.693293
2014-03-19,32.94160079956055,39.27000045776367,39.54999923706055,38.90999984741211,39.470001220703125,35597200,-0.007104275308758012,0.18450252443882073,1396952779.9016318
2014-03-20,33.830772399902344,40.33000183105469,40.650001525878906,39.2400016784668,39.25,59269800,0.02663449332993295,0.20257876972348957,2375138551.4823914
2014-03-21,33.68816375732422,40.15999984741211,40.939998626708984,40.0099983215332,40.720001220703125,80721800,-0.004224262488665698,0.2039342820749427,3258738979.7798157
2014-03-24,33.97336959838867,40.5,40.63999938964844,39.86000061035156,40.34000015258789,46098400,0.008430418765156933,0.20112041332707986,1859302133.3333335
2014-03-25,33.83915710449219,40.34000015258789,40.9900016784668,39.959999084472656,40.65999984741211,43193100,-0.0039583444435495885,0.20110639156436916,1746297046.181488
2014-03-26,33.37778091430664,39.790000915527344,40.709999084472656,39.599998474121094,40.47999954223633,41977500,-0.013728189643792188,0.2091913993143872,1680499228.6491394
2014-03-27,33.017086029052734,39.36000061035156,39.970001220703125,39.34000015258789,39.7400016784668,35369200,-0.010865250592365427,0.21265038458016414,1399087678.0532837
2014-03-28,33.805606842041016,40.29999923706055,40.63999938964844,39.68000030517578,39.790000915527344,43472700,0.023601485700585734,0.223192539852397,1747892342.522049
2014-03-31,34.384403228759766,40.9900016784668,41.5,40.400001525878906,40.43000030517578,46886300,0.016976395419637136,0.22006104021367326,1920619185.746638
2014-04-01,34.74510955810547,41.41999816894531,41.59000015258789,41.06999969482422,41.150001525878906,32605000,0.010435762914069446,0.21669459175656827,1348542778.441111
2014-04-02,34.6864013671875,41.349998474121094,41.65999984741211,41.16999816894531,41.439998626708984,28666700,-0.0016911112584763188,0.21356379648444884,1186610235.1312
2014-04-03,34.40117645263672,41.0099983215332,41.290000915527344,40.709999084472656,41.290000915527344,30139600,-0.008256955708648928,0.21761625516322777,1235824048.4705606
2014-04-04,33.44489669799805,39.869998931884766,41.38999938964844,39.63999938964844,41.25,51409600,-0.02819155314639854,0.2418693990456218,2071806840.777588
2014-04-07,33.386192321777344,39.79999923706055,40.27000045776367,39.7400016784668,39.959999084472656,37559600,-0.0017567988844775506,0.24178636031775763,1500005242.5267537
2014-04-08,33.40296173095703,39.81999969482422,39.93000030517578,39.20000076293945,39.75,35918600,0.0005021596625951474,0.241672939767677,1424172499.1345723
2014-04-09,33.94822311401367,40.470001220703125,40.54999923706055,39.880001068115234,39.93000030517578,27398700,0.01619194368350163,0.2460646626001477,1104167623.9356995
2014-04-10,33.017086029052734,39.36000061035156,40.689998626708984,39.09000015258789,40.439998626708984,45960800,-0.027811328382387757,0.2647535198090213,1825256561.315918
2014-04-11,32.89125442504883,39.209999084472656,39.790000915527344,39.0,39.0,34330200,-0.0038183864446619253,0.2643876995263394,1350321200.0
2014-04-14,32.8660888671875,39.18000030517578,39.40999984741211,38.900001525878906,39.11000061035156,32006600,-0.0007654068072091569,0.2631812016632763,1253485162.5740051
2014-04-15,33.34423065185547,39.75,39.959999084472656,39.04999923706055,39.34000015258789,33968700,0.014443370769000374,0.23147392355687588,1344707584.9948883
2014-04-16,33.88949203491211,40.400001525878906,40.41999816894531,39.90999984741211,40.060001373291016,30615800,0.016220233415227714,0.2361530697086997,1232081839.9950664
2014-04-17,33.562339782714844,40.0099983215332,40.20000076293945,39.5099983215332,40.0099983215332,36688400,-0.009700398306001112,0.2201875188958031,1464111717.6101685
2014-04-21,33.50362014770508,39.939998626708984,40.150001525878906,39.790000915527344,40.130001068115234,22221200,-0.0017511014552034077,0.21981199007848548,887959159.9116008
2014-04-22,33.54558181762695,39.9900016784668,40.13999938964844,39.83000183105469,39.959999084472656,27056700,0.0012516681532446228,0.2176221306090068,1081907270.1473236
2014-04-23,33.293907165527344,39.689998626708984,39.9900016784668,39.470001220703125,39.9900016784668,24602800,-0.007530753012829905,0.21865832727640205,977141219.1802979
2014-04-24,33.436519622802734,39.86000061035156,39.970001220703125,39.29999923706055,39.7400016784668,42381600,0.004274292290984416,0.2140825023186442,1682973351.0894775
2014-04-25,33.47844696044922,39.90999984741211,40.68000030517578,39.75,40.290000915527344,56876800,0.0012531529274899533,0.21034320068640106,2281518040.226237
2014-04-28,34.28374481201172,40.869998931884766,41.290000915527344,40.09000015258789,40.13999938964844,50610200,0.023769472191771612,0.21057439041752327,2062365650.0
2014-04-29,33.98175048828125,40.5099983215332,41.189998626708984,40.38999938964844,41.099998474121094,29636200,-0.008847699484316074,0.20428774529364208,1206094516.4896646
2014-04-30,33.88949203491211,40.400001525878906,40.5,40.16999816894531,40.400001525878906,35458700,-0.0027186333051401057,0.2003750269751553,1430994932.7262878
2014-05-01,33.553958892822266,40.0,40.36000061035156,39.95000076293945,40.2400016784668,28787400,-0.009950140621997061,0.2026305501137602,1154470711.177826
2014-05-02,33.293907165527344,39.689998626708984,40.34000015258789,39.65999984741211,40.310001373291016,43416600,-0.007780443998792741,0.2024416869905144,1732177598.1254578
2014-05-05,33.075801849365234,39.43000030517578,39.63999938964844,39.29999923706055,39.52000045776367,22460900,-0.006572459169323697,0.17919163480735167,886232236.3363903
2014-05-06,32.76542663574219,39.060001373291016,39.349998474121094,38.95000076293945,39.290000915527344,27112400,-0.009428059585810278,0.1817867118862839,1060637093.516032
2014-05-07,33.067413330078125,39.41999816894531,39.5099983215332,38.5099983215332,39.220001220703125,41744500,0.00917441242610284,0.18509855393064456,1634157954.4766746
2014-05-08,33.251956939697266,39.63999938964844,39.900001525878906,38.970001220703125,39.34000015258789,32120400,0.005565314784699016,0.17647081280823904,1268862890.8721924
2014-05-09,33.16807556152344,39.540000915527344,39.849998474121094,39.369998931884766,39.540000915527344,29647600,-0.002525786863064372,0.14742469213397022,1173649642.0791626
2014-05-12,33.5287971496582,39.970001220703125,40.02000045776367,39.650001525878906,39.7400016784668,22782600,0.01081685214401018,0.15101492666785038,908570112.3344421
2014-05-13,34.14547348022461,40.41999816894531,40.5,39.849998474121094,39.91999816894531,27004800,0.01822534308811008,0.1621628798103997,1087123201.7822266
2014-05-14,33.993408203125,40.2400016784668,40.45000076293945,40.04999923706055,40.29999923706055,18818700,-0.004463399627222753,0.15685618987786917,757389956.5288544
2014-05-15,33.452754974365234,39.599998474121094,40.400001525878906,39.5099983215332,40.09000015258789,37793200,-0.01603248529070056,0.1570216585151235,1505555089.5217896
2014-05-16,33.647056579589844,39.83000183105469,39.84000015258789,39.27000045776367,39.66999816894531,29867100,0.005791436482738277,0.15490246089405654,1184130982.3059082
2014-05-19,33.5794677734375,39.75,39.81999969482422,39.459999084472656,39.61000061035156,24537400,-0.0020107786197756106,0.15494471069971338,973562230.682373
2014-05-20,33.520328521728516,39.68000030517578,39.939998626708984,39.459999084472656,39.68000030517578,21320900,-0.0017627256798800062,0.155016574080914,846297576.568985
2014-05-21,34.08633804321289,40.349998474121094,40.349998474121094,39.7400016784668,39.79999923706055,22398700,0.01674458378280086,0.16278865567657397,899233132.4133555
2014-05-22,33.875125885009766,40.099998474121094,40.349998474121094,39.849998474121094,40.290000915527344,20201800,-0.006215664760603534,0.16431165911767515,810092149.1744995
2014-05-23,33.89203643798828,40.119998931884766,40.369998931884766,40.0,40.369998931884766,18020000,0.0004990781006566358,0.16429758660557303,723743253.8350422
2014-05-27,33.951171875,40.189998626708984,40.2599983215332,39.810001373291016,40.2599983215332,26160600,0.0017432976257660826,0.14123828858782833,1048691237.3634338
2014-05-28,33.79912185668945,40.0099983215332,40.189998626708984,39.81999969482422,40.13999938964844,25711500,-0.0044885495018780475,0.13877076921752107,1028631381.2294008
2014-05-29,34.077877044677734,40.34000015258789,40.349998474121094,39.90999984741211,40.150001525878906,19888200,0.00821358515068038,0.1414679079521448,799505629.8843384
2014-05-30,34.58475112915039,40.939998626708984,40.970001220703125,40.25,40.45000076293945,34567600,0.014764459377083039,0.1447581835733214,1407592670.2418008
2014-06-02,34.458030700683594,40.790000915527344,41.09000015258789,40.68000030517578,40.95000076293945,18504300,-0.003670784038567021,0.1421078676608704,755962344.4705963
2014-06-03,34.03565216064453,40.290000915527344,40.68000030517578,40.25,40.599998474121094,18068900,-0.012333513882630154,0.14763326227450085,730104026.6855876
2014-06-04,34.06098937988281,40.31999969482422,40.369998931884766,39.86000061035156,40.209999084472656,23209000,0.0007441547728146425,0.14230504426252893,932614977.4309794
2014-06-05,34.81282424926758,41.209999084472656,41.25,40.400001525878906,40.59000015258789,31865200,0.021833108846675664,0.1564510740384365,1304986163.8163247
2014-06-06,35.04092025756836,41.47999954223633,41.65999984741211,41.2400016784668,41.47999954223633,24060500,0.0065306969755694055,0.15671923120608908,997548338.5664623
2014-06-09,34.863521575927734,41.27000045776367,41.47999954223633,41.02000045776367,41.38999938964844,15019200,-0.005075473254909202,0.1580169932340768,619642130.291748
2014-06-10,34.72835159301758,41.11000061035156,41.15999984741211,40.86000061035156,41.029998779296875,15117700,-0.003884653386587722,0.15643710605397296,620480805.7158152
2014-06-11,34.51716232299805,40.86000061035156,41.06999969482422,40.77000045776367,40.93000030517578,18040000,-0.0060997431568736715,0.14649480666600043,737836004.5878092
2014-06-12,34.2806282043457,40.58000183105469,40.880001068115234,40.290000915527344,40.810001373291016,29818900,-0.006876239740714052,0.1477657633507066,1210150396.2500253
2014-06-13,34.82972717285156,41.22999954223633,41.56999969482422,40.86000061035156,41.099998474121094,26310000,0.015890831996626886,0.14421262134776613,1084498198.6618042
2014-06-16,35.05781936645508,41.5,41.61000061035156,41.040000915527344,41.040000915527344,24205300,0.00652742912762827,0.14447758074873615,1001696010.6447855
2014-06-17,35.20988082885742,41.68000030517578,41.90999984741211,40.34000015258789,41.290000915527344,22518600,0.0043280682119881675,0.1438940212199994,930243368.2907104
2014-06-18,35.184539794921875,41.650001525878906,41.7400016784668,41.18000030517578,41.61000061035156,27097000,-0.0007199728275519846,0.14356145673267817,1125157795.0325012
2014-06-19,35.06625747680664,41.5099983215332,41.77000045776367,41.33000183105469,41.56999969482422,19828200,-0.003367433096327588,0.13488156233798163,823597338.0340576
2014-06-20,35.20988082885742,41.68000030517578,41.83000183105469,41.380001068115234,41.45000076293945,47764900,0.004087405923879572,0.13221925174633198,1988452838.0184174
2014-06-23,35.47174835205078,41.9900016784668,42.0,41.689998626708984,41.72999954223633,18743900,0.007409809999745498,0.13343163901177468,785244452.5733948
2014-06-24,35.26900863647461,41.75,41.939998626708984,41.560001373291016,41.83000183105469,26509100,-0.005731922566000414,0.1362848658956837,1106754925.0
2014-06-25,35.50554275512695,42.029998779296875,42.04999923706055,41.459999084472656,41.70000076293945,20049100,0.006684182228287927,0.1351588721252394,838987985.2914175
2014-06-26,35.24365997314453,41.720001220703125,41.939998626708984,41.43000030517578,41.93000030517578,23604400,-0.007403164077135038,0.13756446900617517,984224799.8672485
2014-06-27,35.691375732421875,42.25,42.290000915527344,41.5099983215332,41.61000061035156,74640000,0.012623429314908119,0.13517764551023212,3136123981.0180664
2014-06-30,35.22675704956055,41.70000076293945,42.209999084472656,41.70000076293945,42.16999816894531,30793100,-0.01310314618397923,0.1434740905902281,1289307103.2648723
2014-07-01,35.37037658691406,41.869998931884766,42.150001525878906,41.689998626708984,41.86000061035156,26917000,0.004068712937305374,0.13509723935378015,1127912015.118917
2014-07-02,35.39570617675781,41.900001525878906,41.900001525878906,41.529998779296875,41.72999954223633,20208100,0.000715868109022022,0.13510038558231025,844227070.000712
2014-07-03,35.31124496459961,41.79999923706055,41.9900016784668,41.560001373291016,41.90999984741211,15969300,-0.002389050891521638,0.11454820945610217,667250597.183609
2014-07-07,35.47174835205078,41.9900016784668,42.119998931884766,41.709999084472656,41.75,21952400,0.004535091129112878,0.11347370998450773,920683653.7668865
2014-07-08,35.29436111450195,41.779998779296875,42.0,41.61000061035156,41.869998931884766,31218200,-0.005013349198324857,0.11343468045223701,1304816692.9819744
2014-07-09,35.20142364501953,41.66999816894531,41.9900016784668,41.529998779296875,41.97999954223633,18445900,-0.002636683133381279,0.11289193194981871,769747398.5561371
2014-07-10,35.21831512451172,41.689998626708984,42.0,41.04999923706055,41.369998931884766,21854700,0.0004797370768847564,0.11017823072697198,908718410.4377747
2014-07-11,35.55622482299805,42.09000015258789,42.09000015258789,41.47999954223633,41.70000076293945,24083000,0.009548978103356642,0.11002834312866056,1008756592.1084087
2014-07-14,35.59846115112305,42.13999938964844,42.45000076293945,42.040000915527344,42.220001220703125,21881100,0.0011871694044414127,0.09738029974311257,923601238.7905121
2014-07-15,35.8603401184082,42.45000076293945,42.470001220703125,42.029998779296875,42.33000183105469,28748700,0.00732954191853441,0.09798214468185791,1216549162.3111725
2014-07-16,37.23731994628906,44.08000183105469,44.310001373291016,42.47999954223633,42.5099983215332,63318000,0.037679529998268624,0.16000440996936038,2762142277.9693604
2014-07-17,37.617454528808594,44.529998779296875,45.709999084472656,44.25,45.45000076293945,82180300,0.010156676124100095,0.16140909040314624,3684142790.481313
2014-07-18,37.75260925292969,44.689998626708984,44.84000015258789,44.25,44.650001525878906,43407500,0.0035864337167472726,0.15954870002644486,1935685099.0041096
2014-07-21,37.87933349609375,44.84000015258789,45.15999984741211,44.220001220703125,44.560001373291016,37604400,0.0033510804336889244,0.1595459734346813,1682420871.3012695
2014-07-22,37.87089538574219,44.83000183105469,45.150001525878906,44.59000015258789,45.0,43095800,-0.00022278771987949142,0.15946736401572578,1933133985.7485454
2014-07-23,37.90468215942383,44.869998931884766,45.45000076293945,44.619998931884766,45.45000076293945,52362900,0.000891758981329982,0.15637149151769686,2355283218.0301666
2014-07-24,37.507633209228516,44.400001525878906,45.0,44.31999969482422,44.93000030517578,30725300,-0.010530179775939619,0.1632873502399873,1369529051.1688232
2014-07-25,37.59211349487305,44.5,44.65999984741211,44.29999923706055,44.29999923706055,26737700,0.002249816410478278,0.15909139023546057,1189471139.1736348
2014-07-28,37.144378662109375,43.970001220703125,44.5099983215332,43.93000030517578,44.36000061035156,29684200,-0.011981835817908237,0.16349214934342443,1310161639.1568503
2014-07-29,37.07679748535156,43.88999938964844,44.09000015258789,43.63999938964844,43.90999984741211,27763100,-0.001821075842297848,0.1547924789507745,1218059730.7819366
2014-07-30,36.81492233276367,43.58000183105469,44.099998474121094,43.290000915527344,44.06999969482422,31921400,-0.00708810810313798,0.1581970002343018,1393581932.3221843
2014-07-31,36.46013641357422,43.15999984741211,43.689998626708984,43.08000183105469,43.380001068115234,31537500,-0.009683750453701734,0.1632721009926921,1365889128.2081604
2014-08-01,36.20669174194336,42.86000061035156,43.25,42.599998474121094,43.209999084472656,31170300,-0.006975554203935808,0.1653993108561315,1337309761.4875793
2014-08-04,36.63752365112305,43.369998931884766,43.470001220703125,42.810001373291016,42.970001220703125,34277400,0.01182899508292401,0.16910700351728192,1481354987.4343872
2014-08-05,36.39254379272461,43.08000183105469,43.459999084472656,42.83000183105469,43.310001373291016,26266400,-0.006709038780205567,0.1700438560586799,1132694746.7142742
2014-08-06,36.10531234741211,42.7400016784668,43.16999816894531,42.209999084472656,42.7400016784668,24634000,-0.007923901850329429,0.17264113601685135,1052036017.8960165
2014-08-07,36.519248962402344,43.22999954223633,43.45000076293945,42.650001525878906,42.84000015258789,30314900,0.011399479460917572,0.17611204195920765,1306875357.5027466
2014-08-08,36.49391555786133,43.20000076293945,43.31999969482422,42.90999984741211,43.22999954223633,28942700,-0.0006939407632606809,0.17399615068521634,1248684556.6108704
2014-08-11,36.49391555786133,43.20000076293945,43.45000076293945,43.02000045776367,43.2599983215332,20351600,0.0,0.17405444975094653,879664004.1234334
2014-08-12,36.764244079589844,43.52000045776367,43.59000015258789,43.0,43.040000915527344,21431100,0.007380194918084726,0.17407685792897493,929466811.3601685
2014-08-13,37.23731994628906,44.08000183105469,44.18000030517578,43.52000045776367,43.68000030517578,22889500,0.012785738182325534,0.1219185725262712,1005459456.4584097
2014-08-14,37.3978157043457,44.27000045776367,44.41999816894531,44.0099983215332,44.08000183105469,19313200,0.004300816339343427,0.11737037839273405,854287193.6869303
2014-08-15,37.837093353271484,44.790000915527344,44.900001525878906,44.400001525878906,44.58000183105469,41611300,0.011677628014210129,0.1238968027983836,1859886460.694631
2014-08-18,38.107425689697266,45.11000061035156,45.11000061035156,44.68000030517578,44.939998626708984,26891100,0.007119236032155474,0.12580928794352114,1209203143.6775208
2014-08-19,38.532447814941406,45.33000183105469,45.34000015258789,44.83000183105469,44.970001220703125,28139500,0.011091523590831098,0.13119143600794844,1270967452.4478912
2014-08-20,38.20943069458008,44.95000076293945,45.400001525878906,44.900001525878906,45.34000015258789,24770500,-0.008418324760074647,0.13506537399331517,1116736739.8306527
2014-08-21,38.43894577026367,45.220001220703125,45.25,44.83000183105469,44.84000015258789,22285500,0.005988796429750476,0.13022607899808442,1005076072.6699829
2014-08-22,38.379432678222656,45.150001525878906,45.470001220703125,45.06999969482422,45.349998474121094,18294500,-0.0015494496277987935,0.13051291893412947,827460249.8881023
2014-08-25,38.39643096923828,45.16999816894531,45.439998626708984,45.040000915527344,45.400001525878906,16910000,0.0004428029978642556,0.12167759976963123,764613820.4320271
2014-08-26,38.260440826416016,45.0099983215332,45.400001525878906,44.939998626708984,45.310001373291016,14873100,-0.003548025957644807,0.12244397180577234,671024687.4351501
2014-08-27,38.141422271728516,44.869998931884766,45.0,44.7599983215332,44.900001525878906,21287900,-0.003115595513948577,0.11964345944923904,955329972.8436787
2014-08-28,38.149925231933594,44.880001068115234,44.97999954223633,44.61000061035156,44.75,17657600,0.0002229075909263578,0.11238301386558396,791472497.8515625
2014-08-29,38.617454528808594,45.43000030517578,45.439998626708984,44.86000061035156,45.09000015258789,21607600,0.012180566245187041,0.11207845983460796,977599846.0362753
2014-09-02,38.32844161987305,45.09000015258789,45.459999084472656,44.849998474121094,45.43000030517578,22976800,-0.007512142493318663,0.1133348605623209,1037019555.8034261
2014-09-03,38.217926025390625,44.959999084472656,45.11000061035156,44.529998779296875,44.529998779296875,33684500,-0.0028875484146784203,0.11025540480238008,1511311216.2005107
2014-09-04,38.472938537597656,45.2599983215332,45.27000045776367,44.720001220703125,44.7400016784668,26475500,0.006650425798537363,0.1043544320400621,1193603791.6666667
2014-09-05,39.025474548339844,45.90999984741211,45.93000030517578,45.11000061035156,45.11000061035156,36939400,0.014259527418963192,0.1076125960708399,1686283619.394175
2014-09-08,39.50148010253906,46.470001220703125,46.79999923706055,45.9900016784668,46.02000045776367,45736700,0.012123515716644384,0.11068372770843667,2123097646.568044
2014-09-09,39.748008728027344,46.7599983215332,46.970001220703125,46.41999816894531,46.470001220703125,40302400,0.00622160279774242,0.10997007914990926,1882793755.9183755
2014-09-10,39.816017150878906,46.84000015258789,46.939998626708984,46.279998779296875,46.81999969482422,27302400,0.0017095273564429192,0.1096995135595345,1274658025.78125
2014-09-11,39.952022552490234,47.0,47.0,46.470001220703125,46.7400016784668,29216400,0.003410025717302645,0.10491604153734814,1368009247.8881836
2014-09-12,39.6970100402832,46.70000076293945,47.02000045776367,46.599998474121094,46.90999984741211,38244700,-0.006403427016757668,0.11030798410846859,1788832097.442881
2014-09-15,39.305973052978516,46.2400016784668,46.709999084472656,46.099998474121094,46.540000915527344,37667600,-0.009899377602764492,0.11407526359653129,1745893250.420634
2014-09-16,39.748008728027344,46.7599983215332,46.849998474121094,46.290000915527344,46.38999938964844,27910600,0.011183251545776596,0.11723881730406409,1301564292.0392356
2014-09-17,39.54398727416992,46.52000045776367,46.689998626708984,46.22999954223633,46.2599983215332,38311900,-0.005146090762985889,0.11499917495069883,1780737094.462204
2014-09-18,39.68000793457031,46.68000030517578,46.83000183105469,46.459999084472656,46.59000015258789,35556600,0.003433828190451571,0.10956716983567998,1658952448.4680176
2014-09-19,40.39402770996094,47.52000045776367,47.56999969482422,46.599998474121094,46.810001373291016,202522400,0.017834462697341902,0.12210097616347597,9565132859.292603
2014-09-22,40.003013610839844,47.060001373291016,47.380001068115234,46.97999954223633,47.29999923706055,38686100,-0.00972715353096687,0.12860650392288328,1823662779.5797985
2014-09-23,39.57798385620117,46.560001373291016,46.97999954223633,46.470001220703125,46.849998474121094,33430300,-0.010681791118665629,0.13593245028921416,1560192124.8049417
2014-09-24,40.020023345947266,47.08000183105469,47.11000061035156,46.34000015258789,46.630001068115234,26582700,0.011106912084089426,0.13848624418771802,1245222299.9851227
2014-09-25,39.13597106933594,46.040000915527344,47.09000015258789,46.029998779296875,46.880001068115234,33077400,-0.02233789224198901,0.16186270095042618,1534350326.3175964
2014-09-26,39.45048904418945,46.40999984741211,46.619998931884766,45.7599983215332,45.93000030517578,27078800,0.0080044235020158,0.16344928218857804,1252755524.4979858
2014-09-29,39.47599411010742,46.439998626708984,46.560001373291016,45.7599983215332,45.97999954223633,26091000,0.0006462993354436897,0.1589178800960619,1206795705.4023743
2014-09-30,39.40798568725586,46.36000061035156,46.47999954223633,46.0099983215332,46.369998931884766,33033100,-0.0017242649236477448,0.15620450324530705,1528881961.5318298
2014-10-01,39.016971588134766,45.900001525878906,46.529998779296875,45.849998474121094,46.27000045776367,38088400,-0.009971757786601199,0.16051167686478496,1755621301.8351235
2014-10-02,38.89796447753906,45.7599983215332,46.099998474121094,45.63999938964844,45.83000183105469,25119400,-0.0030547981979007766,0.15974353810892836,1151305801.3923645
2014-10-03,39.178466796875,46.09000015258789,46.29999923706055,45.61000061035156,45.97999954223633,32453200,0.007185357260893976,0.15386006906118851,1492847200.0
2014-10-06,39.178466796875,46.09000015258789,46.29999923706055,45.91999816894531,46.119998931884766,20604000,0.0,0.14760809104396855,949913063.2324219
2014-10-07,38.70244598388672,45.529998779296875,45.93000030517578,45.41999816894531,45.86000061035156,25723700,-0.01222447770416668,0.1509242875478787,1173686661.7825825
2014-10-08,39.765010833740234,46.779998779296875,46.88999938964844,45.34000015258789,45.47999954223633,33031000,0.02708459909670813,0.1800861094541938,1530546418.1861877
2014-10-09,38.97447204589844,45.849998474121094,46.79999923706055,45.7400016784668,46.5,34422800,-0.020080531969052018,0.19230075778467395,1587923756.9966633
2014-10-10,37.4273796081543,44.029998779296875,46.119998931884766,43.95000076293945,45.599998474121094,51978100,-0.0405043572155539,0.2352392788378971,2323421043.562571
2014-10-13,37.10437774658203,43.650001525878906,44.560001373291016,43.4900016784668,43.81999969482422,37100200,-0.00866755045630141,0.23481857277153625,1628698836.6104126
2014-10-14,37.17238235473633,43.72999954223633,44.380001068115234,43.560001373291016,43.869998931884766,38115700,0.0018311145252716265,0.22993881309536895,1672898098.202642
2014-10-15,36.73884582519531,43.220001220703125,43.38999938964844,42.099998474121094,43.0,60218700,-0.011731411109354717,0.23170901584877443,2583582940.622711
2014-10-16,36.33082580566406,42.7400016784668,43.08000183105469,42.220001220703125,42.529998779296875,49040400,-0.011168087971771268,0.23156853499058394,2093044349.3240356
2014-10-17,37.08736801147461,43.630001068115234,43.939998626708984,42.790000915527344,43.20000076293945,40683300,0.020609850112928374,0.23509975391721205,1767825004.2770386
2014-10-20,37.46989059448242,44.08000183105469,44.13999938964844,42.810001373291016,43.060001373291016,34527900,0.01026126621566803,0.23938604260197763,1508063608.8550568
2014-10-21,38.149925231933594,44.880001068115234,44.97999954223633,44.189998626708984,44.36000061035156,36433800,0.017986104899067268,0.24857455862884398,1627983620.7344055
2014-10-22,37.72491455078125,44.380001068115234,45.06999969482422,44.22999954223633,45.0,33570900,-0.011203058288231649,0.24590592665729855,1495919307.4150085
2014-10-23,38.2689323425293,45.02000045776367,45.45000076293945,44.529998779296875,44.619998931884766,45451900,0.01431766142619706,0.24217085149524845,2045335500.0
2014-10-24,39.21247100830078,46.130001068115234,46.900001525878906,45.18000030517578,46.83000183105469,61076700,0.024356433146076828,0.25613929790097134,2813803628.0239105
2014-10-27,39.025474548339844,45.90999984741211,46.099998474121094,45.709999084472656,45.709999084472656,30371300,-0.0047802077293517264,0.25657369871196545,1394245119.072342
2014-10-28,39.518497467041016,46.4900016784668,46.5,45.77000045776367,45.86000061035156,29049800,0.01255422615945756,0.2604928606010918,1343650103.352356
2014-10-29,39.629005432128906,46.619998931884766,46.70000076293945,46.34000015258789,46.439998626708984,30276100,0.0027924579512954573,0.2579810243190371,1409453373.7934113
2014-10-30,39.144466400146484,46.04999923706055,46.31999969482422,45.77000045776367,46.31999969482422,30073900,-0.012302241649356116,0.2616697494787922,1384802842.5481162
2014-10-31,39.90951156616211,46.95000076293945,46.970001220703125,46.47999954223633,46.939998626708984,35849700,0.019355611703279596,0.2689810499272215,1677765978.2341003
2014-11-03,40.326026916503906,47.439998626708984,47.459999084472656,46.72999954223633,46.88999938964844,23130400,0.010382409084910726,0.27092296925266923,1091986162.8234863
2014-11-04,40.4365348815918,47.56999969482422,47.72999954223633,47.25,47.29999923706055,21530800,0.0027366153721302133,0.26631834474385524,1023071841.1911011
2014-11-05,40.68305587768555,47.86000061035156,47.900001525878906,47.2599983215332,47.79999923706055,22449600,0.006077983202288362,0.2510577682961897,1070247267.4255371
2014-11-06,41.39707946777344,48.70000076293945,48.86000061035156,47.790000915527344,47.86000061035156,33037800,0.0173986458234503,0.24454184253590283,1600681435.205841
2014-11-07,41.380088806152344,48.68000030517578,48.91999816894531,48.290000915527344,48.91999816894531,28000600,-0.0004105156582179248,0.18727540900075598,1361669172.3032632
2014-11-10,41.558597564697266,48.88999938964844,49.150001525878906,48.54999923706055,48.650001525878906,36370100,0.004304602399608726,0.18058781579440564,1777164321.5165455
2014-11-11,41.541595458984375,48.869998931884766,48.95000076293945,48.650001525878906,48.849998474121094,23445200,-0.00040919534194783225,0.18135235779569858,1144672824.206543
2014-11-12,41.4650993347168,48.779998779296875,48.91999816894531,48.52000045776367,48.560001373291016,22722100,-0.0018431319573277705,0.17248539037074515,1107475134.353002
2014-11-13,42.17062759399414,49.61000061035156,49.650001525878906,48.709999084472656,48.810001373291016,26210400,0.01687185659493995,0.1643029342713579,1292784306.665039
2014-11-14,42.145118713378906,49.58000183105469,50.04999923706055,49.38999938964844,49.7400016784668,29081700,-0.0006050798933934232,0.15921336369209618,1444584982.4375153
2014-11-17,42.04310989379883,49.459999084472656,49.709999084472656,49.13999938964844,49.40999984741211,30318600,-0.002423352318713601,0.1613631978827582,1498850497.3266602
2014-11-18,41.692413330078125,48.7400016784668,49.33000183105469,48.70000076293945,49.130001068115234,23995500,-0.008376340189012677,0.16196716028886946,1173939879.1732788
2014-11-19,41.24759292602539,48.220001220703125,48.75,47.93000030517578,48.65999984741211,26177500,-0.010726419952566513,0.16139451642643887,1264373263.3145652
2014-11-20,41.65818786621094,48.70000076293945,48.70000076293945,47.869998931884766,48.0,21510600,0.009905178946513882,0.1586994894242527,1041614957.2822571
2014-11-21,41.04228973388672,47.97999954223633,49.04999923706055,47.56999969482422,49.02000045776367,42884800,-0.014894944673919497,0.15405335992854638,2067047338.1876626
2014-11-24,40.70869445800781,47.59000015258789,48.0,47.38999938964844,47.9900016784668,35434200,-0.00816129936091814,0.1564316635048929,1688793966.5931702
2014-11-25,40.60603332519531,47.470001220703125,47.970001220703125,47.45000076293945,47.65999984741211,28008000,-0.002525033045224223,0.15239550092815782,1334021069.9157715
2014-11-26,40.845550537109375,47.75,47.9900016784668,47.279998779296875,47.4900016784668,27163600,0.005881233757349502,0.15313487679581378,1294979361.47817
2014-11-28,40.89687728881836,47.810001373291016,48.20000076293945,47.61000061035156,47.95000076293945,21534400,0.001255816833916068,0.1446750475125887,1030923529.0486654
2014-12-01,41.589744567871094,48.619998931884766,48.779998779296875,47.709999084472656,47.880001068115234,31191600,0.01679990183687874,0.14107977834476415,1508737658.6837769
2014-12-02,41.452884674072266,48.459999084472656,49.04999923706055,48.20000076293945,48.84000015258789,25773500,-0.0032961388375589706,0.13883466554730436,1251818887.134552
2014-12-03,41.12782287597656,48.08000183105469,48.5,47.810001373291016,48.439998626708984,23534800,-0.007872625135673772,0.14233458788529885,1132729949.1378784
2014-12-04,41.777957916259766,48.84000015258789,49.060001373291016,48.20000076293945,48.38999938964844,30320400,0.015684029778788133,0.15043211706357087,1476603503.1326294
2014-12-05,41.41868209838867,48.41999816894531,48.970001220703125,48.380001068115234,48.81999969482422,27313400,-0.008636840409750324,0.14212562895756767,1327158110.167694
2014-12-08,40.80278396606445,47.70000076293945,48.349998474121094,47.45000076293945,48.2599983215332,26663100,-0.014981723915380663,0.15133236112554607,1275384950.0
2014-12-09,40.70869445800781,47.59000015258789,47.91999816894531,47.04999923706055,47.11000061035156,24330500,-0.0023086208633444905,0.15030150532174008,1156185340.1997883
2014-12-10,40.11846923828125,46.900001525878906,47.65999984741211,46.70000076293945,47.58000183105469,30431800,-0.014604884894671155,0.1574150720234253,1432932044.3364463
2014-12-11,40.349422454833984,47.16999816894531,47.7400016784668,46.68000030517578,47.08000183105469,29060400,0.005740273439907018,0.15952656703548865,1371554013.4780884
2014-12-12,40.161224365234375,46.95000076293945,47.72999954223633,46.66999816894531,46.779998779296875,34248400,-0.004675119125626459,0.14527361871795583,1613670429.2470298
2014-12-15,39.92171096801758,46.66999816894531,47.66999816894531,46.54999923706055,47.20000076293945,29247800,-0.0059816516557966715,0.14560798670590866,1373574137.5256855
2014-12-16,38.63005065917969,45.15999984741211,46.34000015258789,45.130001068115234,45.900001525878906,47801400,-0.032889822372990096,0.17914320883726548,2177035111.0191345
2014-12-17,39.12618637084961,45.7400016784668,45.95000076293945,44.900001525878906,45.04999923706055,34970900,0.012761482906129995,0.1877063231597105,1592225123.2465107
2014-12-18,40.64881134033203,47.52000045776367,47.52000045776367,46.34000015258789,46.58000183105469,40105600,0.03817762326781571,0.23357359477997294,1890043256.9458008
2014-12-19,40.76857376098633,47.65999984741211,48.099998474121094,47.16999816894531,47.630001068115234,64551200,0.0029419394121772413,0.23080427483819074,3075434263.1520586
2014-12-22,41.04228973388672,47.97999954223633,48.119998931884766,47.709999084472656,47.779998779296875,26566000,0.006691458383972559,0.22656769573428168,1273485465.0472007
2014-12-23,41.4443359375,48.45000076293945,48.79999923706055,48.130001068115234,48.369998931884766,23648100,0.009748232131953305,0.22691177761976075,1145986934.419632
2014-12-24,41.17915344238281,48.13999938964844,48.63999938964844,48.08000183105469,48.63999938964844,11437800,-0.006419080280152922,0.22804849865049712,552293238.3270264
2014-12-26,40.956756591796875,47.880001068115234,48.40999984741211,47.81999969482422,48.40999984741211,13197800,-0.005415351068600138,0.22816419850509737,633978322.0184326
2014-12-29,40.588924407958984,47.45000076293945,47.779998779296875,47.2599983215332,47.70000076293945,14439500,-0.009021561267321676,0.2302893641029132,685828108.0513
2014-12-30,40.22111892700195,47.02000045776367,47.619998931884766,46.84000015258789,47.439998626708984,16384700,-0.0091030274363888,0.2232749693867765,772702449.4998932
2014-12-31,39.733543395996094,46.45000076293945,47.439998626708984,46.45000076293945,46.72999954223633,21552500,-0.01219645136053149,0.2261945110215514,1008225951.0962169
2015-01-02,39.998714447021484,46.7599983215332,47.41999816894531,46.540000915527344,46.65999984741211,27913900,0.006651562011863454,0.22711855126224045,1309347978.5305023
2015-01-05,39.63087844848633,46.33000183105469,46.72999954223633,46.25,46.369998931884766,39673900,-0.009238741566363728,0.2197574749391178,1842323687.8279366
2015-01-06,39.04921340942383,45.650001525878906,46.75,45.540000915527344,46.380001068115234,36447900,-0.014785840288390695,0.2228799735661558,1675874471.661377
2015-01-07,39.54534149169922,46.22999954223633,46.459999084472656,45.4900016784668,45.97999954223633,29114100,0.012625166537376664,0.22455456931167012,1340995448.9616394
2015-01-08,40.70869445800781,47.59000015258789,47.75,46.720001220703125,46.75,29645200,0.028993793225637887,0.2481269120476439,1403799050.903829
2015-01-09,40.366512298583984,47.189998626708984,47.81999969482422,46.900001525878906,47.61000061035156,23944200,-0.008441154945028284,0.24444468753442236,1132640472.782135
2015-01-12,39.8618278503418,46.599998474121094,47.540000915527344,46.36000061035156,47.41999816894531,23651900,-0.012581367245787511,0.24751424488284857,1107697316.6666667
2015-01-13,39.656532287597656,46.36000061035156,47.90999984741211,46.060001373291016,46.970001220703125,35270600,-0.0051634872377523955,0.2476211039549789,1649841120.860799
2015-01-14,39.31438446044922,45.959999084472656,46.2400016784668,45.619998931884766,45.959999084472656,29719600,-0.008665214539973487,0.24852397541489377,1365318420.976766
2015-01-15,38.90378952026367,45.47999954223633,46.380001068115234,45.40999984741211,46.220001220703125,32750800,-0.010498805859694205,0.22279971229111953,1498567443.664042
2015-01-16,39.55390167236328,46.2400016784668,46.279998779296875,45.16999816894531,45.310001373291016,35695300,0.016572678134907814,0.22584355184407676,1638295269.326655
2015-01-20,39.682193756103516,46.38999938964844,46.650001525878906,45.56999969482422,46.29999923706055,36161900,0.0032382260926295814,0.1802279303561127,1670800327.023824
2015-01-21,39.2801628112793,45.91999816894531,46.13999938964844,45.47999954223633,45.939998626708984,39081100,-0.01018293871289444,0.18213469171506003,1791738126.8990836
2015-01-22,40.315189361572266,47.130001068115234,47.13999938964844,46.08000183105469,46.380001068115234,35898000,0.026008676808314313,0.20445613515258126,1679428127.3880005
2015-01-23,40.35797119140625,47.18000030517578,47.38999938964844,46.79999923706055,47.36000061035156,26211600,0.0010606212413457605,0.20093760153567872,1235177954.6676636
2015-01-26,40.21255874633789,47.0099983215332,47.130001068115234,46.2400016784668,47.0,42525500,-0.003609572955830309,0.20027472295070886,1989909911.807378
2015-01-27,36.49154281616211,42.65999984741211,43.20000076293945,42.11000061035156,42.95000076293945,169164000,-0.0970988233872947,0.3879380132916567,7215972428.833008
2015-01-28,35.234100341796875,41.189998626708984,42.790000915527344,41.15999984741211,42.7400016784668,84507100,-0.03506615670487179,0.40093427267334386,3525072814.14032
2015-01-29,35.93552780151367,42.0099983215332,42.119998931884766,40.790000915527344,40.93000030517578,63585300,0.019712065115768507,0.41135601238361674,2647691853.190613
2015-01-30,34.558326721191406,40.400001525878906,41.58000183105469,40.349998474121094,41.54999923706055,78004900,-0.03907791235357072,0.4269770680809172,3180779853.277079
2015-02-02,35.311092376708984,41.279998779296875,41.369998931884766,40.22999954223633,40.59000015258789,50352500,0.021548620082108005,0.43598417953074214,2062438353.9009094
2015-02-03,35.584815979003906,41.599998474121094,41.93000030517578,41.04999923706055,41.630001068115234,52082400,0.007721883216190939,0.4384525528586818,2162808429.562378
2015-02-04,35.790122985839844,41.84000015258789,42.209999084472656,41.36000061035156,41.939998626708984,41614800,0.005752931660713223,0.43866177164584946,1739637353.8833618
2015-02-05,36.31190872192383,42.45000076293945,42.63999938964844,41.86000061035156,42.220001220703125,36548200,0.014473790343882076,0.43960914577896243,1546598005.9613547
2015-02-06,36.277687072753906,42.40999984741211,42.790000915527344,42.150001525878906,42.68000030517578,34616600,-0.0009428803489148763,0.4229575800931213,1469474696.4103699
2015-02-09,36.234928131103516,42.36000061035156,42.7400016784668,42.209999084472656,42.2400016784668,31381100,-0.0011793519372096384,0.42312415278797644,1331709294.6984608
2015-02-10,36.440223693847656,42.599998474121094,42.77000045776367,42.18000030517578,42.7400016784668,29670700,0.005649691914169974,0.4239253764179648,1261499254.1210175
2015-02-11,36.25204086303711,42.380001068115234,42.650001525878906,42.209999084472656,42.650001525878906,38262500,-0.005177531676572311,0.42392566146549826,1622840188.074112
2015-02-12,36.859371185302734,43.09000015258789,43.09000015258789,42.5099983215332,42.65999984741211,33268800,0.01661421316882139,0.4297689255033398,1427120608.770752
2015-02-13,37.526580810546875,43.869998931884766,43.869998931884766,43.150001525878906,43.380001068115234,40264900,0.017939610940827855,0.43493509222251014,1756757578.808085
2015-02-17,37.543819427490234,43.58000183105469,44.0,43.189998626708984,43.970001220703125,33695700,0.0004592653613597619,0.4299014085914137,1468795568.1415558
2015-02-18,37.500755310058594,43.529998779296875,43.70000076293945,43.38999938964844,43.630001068115234,27111700,-0.001147694481826722,0.4294174528144588,1180443408.3471932
2015-02-19,37.474884033203125,43.5,43.529998779296875,43.04999923706055,43.18000030517578,27603400,-0.0006901249021389333,0.4286237811560525,1196883405.74824
2015-02-20,37.785030364990234,43.86000061035156,43.880001068115234,43.290000915527344,43.5099983215332,29721100,0.00824205262492983,0.41808958999166,1298118603.3654532
2015-02-23,38.03487777709961,44.150001525878906,44.189998626708984,43.650001525878906,43.70000076293945,32518800,0.006590572913847126,0.4192426159140698,1430718822.1939087
2015-02-24,37.98316955566406,44.09000015258789,44.29999923706055,43.91999816894531,44.150001525878906,25271700,-0.0013604198272569867,0.4192712111170196,1114566188.433838
2015-02-25,37.89701461791992,43.9900016784668,44.09000015258789,43.79999923706055,43.95000076293945,29759800,-0.0022708161743336674,0.24126318872875313,1308240818.595632
2015-02-26,37.95732879638672,44.060001373291016,44.22999954223633,43.88999938964844,43.9900016784668,28957300,0.0015902633511246655,0.20038554130077074,1275858640.9456887
2015-02-27,37.776405334472656,43.849998474121094,44.20000076293945,43.65999984741211,44.130001068115234,33807700,-0.004777892128806638,0.19356007578886156,1484270712.0160422
2015-03-02,37.80226135253906,43.880001068115234,44.189998626708984,43.54999923706055,43.66999816894531,31924000,0.0006842147449406255,0.12137208334843355,1400612281.967163
2015-03-03,37.28535842895508,43.279998779296875,43.83000183105469,43.09000015258789,43.560001373291016,31748600,-0.013768210806571979,0.12031485072112513,1377889248.0740864
2015-03-04,37.09584045410156,43.060001373291016,43.209999084472656,42.880001068115234,43.0099983215332,25748700,-0.005095867983148761,0.12176487215710319,1108481548.096466
2015-03-05,37.138912200927734,43.11000061035156,43.2400016784668,42.81999969482422,43.06999969482422,23193500,0.0011604201568395922,0.12105366623316771,998634813.6692047
2015-03-06,36.49280548095703,42.36000061035156,43.11000061035156,42.150001525878906,43.0,36248800,-0.017550135295584468,0.12939049437375097,1542023985.1867676
2015-03-09,36.914920806884766,42.849998474121094,43.130001068115234,42.189998626708984,42.189998626708984,32108000,0.011500696177080716,0.1349880914168209,1371760767.0694988
2015-03-10,36.208492279052734,42.029998779296875,42.709999084472656,42.029998779296875,42.349998474121094,39159700,-0.019322142563001687,0.15198386975562217,1654758345.8478293
2015-03-11,36.16543197631836,41.97999954223633,42.369998931884766,41.84000015258789,42.310001373291016,32215300,-0.0011899398369887848,0.15059547358594955,1355082887.5863395
2015-03-12,35.33839416503906,41.02000045776367,41.650001525878906,40.86000061035156,41.33000183105469,59992500,-0.02313371855264279,0.1694401781430057,2470291226.873398
2015-03-13,35.648529052734375,41.380001068115234,41.470001220703125,40.61000061035156,40.70000076293945,58007700,0.008737858942814203,0.16093966849380048,2387210270.0580597
2015-03-16,35.80361557006836,41.560001373291016,41.63999938964844,41.279998779296875,41.470001220703125,35273500,0.004340996668284802,0.14627078131132432,1463615087.9510245
2015-03-17,35.92420196533203,41.70000076293945,41.83000183105469,41.150001525878906,41.369998931884766,31673400,0.003362335925238824,0.14731443655512866,1316346547.4967957
2015-03-18,36.61341857910156,42.5,42.83000183105469,41.33000183105469,41.43000030517578,44194800,0.0190035832503459,0.1646180408953801,1865904509.9487305
2015-03-19,36.43248748779297,42.290000915527344,42.59000015258789,42.220001220703125,42.2599983215332,33879100,-0.0049539110697169875,0.16511273827933307,1435344562.5143685
2015-03-20,36.94076919555664,42.880001068115234,42.97999954223633,42.4900016784668,42.560001373291016,71904500,0.013854907399818206,0.170307417280587,3076314246.525447
2015-03-23,36.923526763916016,42.86000061035156,43.130001068115234,42.779998779296875,42.880001068115234,26246100,-0.00046686783458360637,0.16801116632005114,1126570103.004837
2015-03-24,36.95798873901367,42.900001525878906,43.16999816894531,42.75,42.779998779296875,25513300,0.0009328985027559078,0.16821942388177763,1095541099.404653
2015-03-25,35.71744155883789,41.459999084472656,42.93000030517578,41.439998626708984,42.91999816894531,43469900,-0.034142699507776264,0.20293389642617457,1823272476.9237518
2015-03-26,35.50208282470703,41.209999084472656,41.61000061035156,40.91999816894531,41.220001220703125,37495600,-0.00604776267176188,0.202495291466402,1546568487.966919
2015-03-27,35.295310974121094,40.970001220703125,41.43000030517578,40.83000183105469,41.119998931884766,34401400,-0.005841244357010833,0.20262357404275724,1413094879.1610718
2015-03-30,35.28669738769531,40.959999084472656,41.540000915527344,40.90999984741211,41.099998474121094,35049700,-0.00024407314749064213,0.20241334588464807,1441827823.883947
2015-03-31,35.02825164794922,40.65999984741211,41.029998779296875,40.540000915527344,40.779998779296875,34887200,-0.007351122546070954,0.199485343965878,1421420813.3433025
2015-04-01,35.07994079589844,40.720001220703125,40.7599983215332,40.310001373291016,40.599998474121094,36865300,0.001474553986149374,0.19996094152132146,1496608306.9170632
2015-04-02,34.70949935913086,40.290000915527344,40.7400016784668,40.119998931884766,40.65999984741211,37487500,-0.010616073578812557,0.20117398446612308,1513870227.4004617
2015-04-06,35.79497146606445,41.54999923706055,41.779998779296875,40.18000030517578,40.34000015258789,39223700,0.030794015463631474,0.22624502580395822,1614839707.054774
2015-04-07,35.77775192260742,41.529998779296875,41.90999984741211,41.310001373291016,41.61000061035156,28809400,-0.0004811761513043855,0.22167823427159608,1197990883.3333335
2015-04-08,35.682987213134766,41.41999816894531,41.689998626708984,41.040000915527344,41.459999084472656,24753400,-0.002652218999376732,0.21215056700001733,1024378184.4479879
2015-04-09,35.734676361083984,41.47999954223633,41.619998931884766,41.25,41.25,25723900,0.00144751744562166,0.21227487954450272,1066255641.9161478
2015-04-10,35.94144058227539,41.720001220703125,41.95000076293945,41.40999984741211,41.630001068115234,28022000,0.005769419537262177,0.19658833312529087,1168330603.7699382
2015-04-13,35.97589874267578,41.7599983215332,42.060001373291016,41.38999938964844,41.400001525878906,30276700,0.0009582713532143572,0.19448461575838719,1263648526.426951
2015-04-14,35.881134033203125,41.650001525878906,42.029998779296875,41.38999938964844,41.79999923706055,24244400,-0.002637591916916371,0.19422714450810086,1010749033.5337322
2015-04-15,36.40664291381836,42.2599983215332,42.459999084472656,41.68000030517578,41.7599983215332,27343600,0.014539612656708556,0.20034024874579684,1152076992.4718223
2015-04-16,36.32049560546875,42.15999984741211,42.34000015258789,41.81999969482422,41.95000076293945,22509700,-0.002369056459386343,0.18901872767418174,947808432.3768616
2015-04-17,35.855289459228516,41.619998931884766,41.7400016784668,41.15999984741211,41.66999816894531,42387600,-0.012891098812483737,0.19337194991753565,1759367990.4678345
2015-04-20,36.966617584228516,42.90999984741211,43.16999816894531,41.68000030517578,41.72999954223633,46057700,0.030524177586247703,0.21650436018944388,1961443891.56456
2015-04-21,36.7340202331543,42.63999938964844,43.150001525878906,42.529998779296875,43.0,26013800,-0.006311970430759928,0.21761667056851358,1112696936.020406
2015-04-22,37.03554153442383,42.9900016784668,43.130001068115234,42.54999923706055,42.66999816894531,25064300,0.00817472608399683,0.21954947390120516,1075007843.572871
2015-04-23,37.33705520629883,43.34000015258789,43.61000061035156,42.79999923706055,42.88999938964844,46309500,0.008108237091811965,0.1819505014438105,2002885875.0
2015-04-24,41.23960494995117,47.869998931884766,48.13999938964844,45.650001525878906,45.65999984741211,130933700,0.09941280912591699,0.37982901174011174,6182689307.340367
2015-04-27,41.37746047973633,48.029998779296875,48.130001068115234,47.220001220703125,47.22999954223633,59248200,0.0033372199075336617,0.37708740535779467,2831668993.094635
2015-04-28,42.35094451904297,49.15999984741211,49.209999084472656,47.70000076293945,47.779998779296875,60730800,0.023254423824952575,0.3794109746684729,2956982645.8221436
2015-04-29,42.26478958129883,49.060001373291016,49.310001373291016,48.5,48.720001220703125,47804600,-0.0020363817304853704,0.3769406177095239,2340353911.0997515
2015-04-30,41.9029541015625,48.63999938964844,49.540000915527344,48.599998474121094,48.70000076293945,64725500,-0.008598013751672351,0.3811926350883115,3166802936.99646
2015-05-01,41.920204162597656,48.65999984741211,48.880001068115234,48.400001525878906,48.58000183105469,38937300,0.0004115822318291329,0.375957212485778,1894169885.6872559
2015-05-04,41.558372497558594,48.2400016784668,48.869998931884766,48.18000030517578,48.369998931884766,34039500,-0.008668905136644423,0.37248741615697784,1648532995.388031
2015-05-05,41.00699996948242,47.599998474121094,48.15999984741211,47.310001373291016,47.81999969482422,50369200,-0.013356222060835421,0.3785619016550242,2402107142.87618
2015-05-06,39.869850158691406,46.279998779296875,47.77000045776367,46.02000045776367,47.56999969482422,52433000,-0.028122379955237697,0.3964273663387733,2448096764.6662397
2015-05-07,40.23167037963867,46.70000076293945,47.09000015258789,46.15999984741211,46.27000045776367,32971700,0.009034102707223823,0.39630770543578725,1538129813.3851368
2015-05-08,41.13623046875,47.75,47.97999954223633,47.52000045776367,47.54999923706055,35364900,0.02223474726620589,0.40029952551517795,1688673975.0
2015-05-11,40.808860778808594,47.369998931884766,47.90999984741211,47.369998931884766,47.54999923706055,24609400,-0.007990019330589515,0.4031180578457787,1170176951.2245178
2015-05-12,40.79163360595703,47.349998474121094,47.68000030517578,46.41999816894531,46.849998474121094,29928300,-0.00042223207683722563,0.40257150425906,1411119314.555359
2015-05-13,41.03285217285156,47.630001068115234,48.31999969482422,47.56999969482422,48.189998626708984,34184600,0.005896016660258407,0.4014823115961121,1635391269.216156
2015-05-14,41.97187805175781,48.720001220703125,48.81999969482422,48.029998779296875,48.029998779296875,32980900,0.022626805459444732,0.4042364403938747,1600343200.9783425
2015-05-15,41.610050201416016,48.29999923706055,48.90999984741211,48.04999923706055,48.869998931884766,28642700,-0.008658094355977752,0.4018396894868118,1386879517.9747264
2015-05-18,41.360233306884766,48.0099983215332,48.220001220703125,47.61000061035156,47.97999954223633,24136500,-0.006021858402521563,0.3952279662856261,1157264721.2276459
2015-05-19,41.256168365478516,47.58000183105469,47.810001373291016,47.18000030517578,47.560001373291016,28574800,-0.002519233332301418,0.39400173393257576,1357969778.7612915
2015-05-20,41.256168365478516,47.58000183105469,47.93000030517578,47.27000045776367,47.38999938964844,25047900,0.0,0.39439710559774627,1192113075.6580353
2015-05-21,41.117435455322266,47.41999816894531,47.599998474121094,47.0099983215332,47.279998779296875,22410700,-0.0033683858637596487,0.39540018859671366,1060997202.7177175
2015-05-22,40.66655731201172,46.900001525878906,47.349998474121094,46.81999969482422,47.29999923706055,25720600,-0.011026184857690247,0.19770014478419384,1209468344.7168984
2015-05-26,40.39775466918945,46.59000015258789,46.880001068115234,46.189998626708984,46.83000183105469,29581900,-0.00663186108533198,0.19814340934413882,1377136049.82872
2015-05-27,41.282188415527344,47.61000061035156,47.77000045776367,46.619998931884766,46.81999969482422,27335600,0.02165692778284889,0.1957216774617197,1293885066.6666667
2015-05-28,41.14345169067383,47.45000076293945,48.02000045776367,47.38999938964844,47.5,19283700,-0.0033663519189466307,0.19584066444924764,918289797.9232788
2015-05-29,40.631858825683594,46.86000061035156,47.56999969482422,46.59000015258789,47.43000030517578,36519600,-0.012512322759721695,0.19812233847269275,1716664669.5724487
2015-06-01,40.95268630981445,47.22999954223633,47.77000045776367,46.619998931884766,47.060001373291016,28837300,0.007864948867289723,0.20070879020606533,1361312798.3994803
2015-06-02,40.683895111083984,46.91999816894531,47.349998474121094,46.619998931884766,46.93000030517578,21498300,-0.006585091275513211,0.19985515323031705,1009631797.2896576
2015-06-03,40.623207092285156,46.849998474121094,47.7400016784668,46.81999969482422,47.369998931884766,28002200,-0.00149281006023827,0.19481193418974502,1319930365.9090679
2015-06-04,40.198326110839844,46.36000061035156,47.15999984741211,46.20000076293945,46.790000915527344,27745500,-0.010514150838814018,0.17144369268501344,1292200431.2896729
2015-06-05,40.00756072998047,46.13999938964844,46.52000045776367,45.84000015258789,46.310001373291016,25438100,-0.0047569012224628615,0.1693294382996272,1174392283.3333333
2015-06-08,39.65205383300781,45.72999954223633,46.43000030517578,45.66999816894531,46.29999923706055,22121600,-0.008925708695386003,0.1503861914297242,1016340028.0395508
2015-06-09,39.58268737792969,45.650001525878906,45.939998626708984,45.459999084472656,45.7599983215332,24406100,-0.0017509105662321112,0.1487097706273074,1114951995.4598744
2015-06-10,40.415096282958984,46.61000061035156,46.83000183105469,45.689998626708984,45.790000915527344,28417400,0.02081155029985915,0.16763600844317997,1317904297.4510193
2015-06-11,40.2676887512207,46.439998626708984,46.91999816894531,46.130001068115234,46.65999984741211,27347800,-0.003654006134971688,0.16632198296477907,1271581521.1929321
2015-06-12,39.860164642333984,45.970001220703125,46.470001220703125,45.900001525878906,46.220001220703125,23931000,-0.010171934113747838,0.14512136307793377,1103538211.6470337
2015-06-15,39.43526840209961,45.47999954223633,45.650001525878906,45.02000045776367,45.45000076293945,33254500,-0.010716892274555967,0.14637701496671565,1509200075.2474465
2015-06-16,39.73876190185547,45.83000183105469,46.2400016784668,45.29999923706055,45.349998474121094,27070300,0.00766652866077111,0.1500590134041684,1239549061.7835999
2015-06-17,39.860164642333984,45.970001220703125,46.06999969482422,45.36000061035156,45.72999954223633,28704100,0.0030503636137848567,0.15104997457053018,1314647794.5996604
2015-06-18,40.51047134399414,46.720001220703125,46.79999923706055,46.16999816894531,46.220001220703125,32658300,0.016183047106050008,0.1632569788814254,1520679294.0502167
2015-06-19,39.972862243652344,46.099998474121094,46.83000183105469,45.9900016784668,46.790000915527344,63837000,-0.013359712439290572,0.16871940063662078,2956078722.2099304
2015-06-22,40.08560562133789,46.22999954223633,46.720001220703125,46.15999984741211,46.33000183105469,20318100,0.0028165278507912284,0.16554760606533825,942150301.133728
2015-06-23,39.808128356933594,45.90999984741211,46.279998779296875,45.619998931884766,46.130001068115234,25896500,-0.006946186296843404,0.16569256105806654,1189598867.2587078
2015-06-24,39.57400894165039,45.63999938964844,46.25,45.54999923706055,45.66999816894531,34890900,-0.00589855859415378,0.1448926529937618,1598468416.0282135
2015-06-25,39.58268737792969,45.650001525878906,46.060001373291016,45.5,46.029998779296875,20616000,0.00021927232230689597,0.1450328208114997,942907139.9230957
2015-06-26,39.2445182800293,45.2599983215332,46.279998779296875,45.029998779296875,45.650001525878906,49835300,-0.008580062420615597,0.1420258251927101,2268668905.228297
2015-06-29,38.47280502319336,44.369998931884766,45.22999954223633,44.36000061035156,45.040000915527344,34081700,-0.019860144151625736,0.15054502282836593,1521861500.2657573
2015-06-30,38.28205490112305,44.150001525878906,44.720001220703125,43.939998626708984,44.709999084472656,35945400,-0.0049703827213116725,0.15018039179222778,1591302874.4544983
2015-07-01,38.54216766357422,44.45000076293945,45.22999954223633,44.099998474121094,44.459999084472656,28343900,0.0067716599720997195,0.15393009903195423,1263948969.1335042
2015-07-02,38.49882888793945,44.400001525878906,44.75,44.060001373291016,44.47999954223633,21752000,-0.001125083582670161,0.15127492096771403,965861327.6875813
2015-07-06,38.490150451660156,44.38999938964844,44.47999954223633,43.95000076293945,43.959999084472656,23034000,-0.00022544619737807636,0.15110702679875276,1019791957.6568604
2015-07-07,38.41211700439453,44.29999923706055,44.4900016784668,43.31999969482422,44.34000015258789,36435800,-0.0020294193299883467,0.14895444595898866,1604511186.7462158
2015-07-08,38.36009216308594,44.2400016784668,44.900001525878906,44.029998779296875,44.439998626708984,39785900,-0.0013553042132365967,0.1489552990224039,1766096127.3070018
2015-07-09,38.60287857055664,44.52000045776367,45.220001220703125,44.5,44.75,32424700,0.006309195461602801,0.12855394285704017,1450897260.8079276
2015-07-10,38.68089294433594,44.61000061035156,45.13999938964844,44.56999969482422,45.0099983215332,25465800,0.0020189076891279356,0.12929379896721907,1140188749.4094849
2015-07-13,39.487308502197266,45.540000915527344,45.619998931884766,44.95000076293945,44.97999954223633,28178300,0.02063356078999279,0.1474455932386951,1278449476.73289
2015-07-14,39.556671142578125,45.619998931884766,45.959999084472656,45.310001373291016,45.45000076293945,22880300,0.0017550396246899247,0.14276404602143966,1044028084.344991
2015-07-15,39.678070068359375,45.7599983215332,45.88999938964844,45.43000030517578,45.68000030517578,26629600,0.0030642876828808063,0.14058375572161674,1216795171.7254639
2015-07-16,40.45845413208008,46.65999984741211,46.689998626708984,45.970001220703125,46.0099983215332,26271700,0.01947697985209418,0.15584619711020267,1220057745.3275046
2015-07-17,40.42375946044922,46.619998931884766,46.779998779296875,46.2599983215332,46.54999923706055,29467100,-0.0008579061382665287,0.1453768327055203,1371791689.698537
2015-07-20,40.683895111083984,46.91999816894531,47.130001068115234,46.439998626708984,46.650001525878906,30631900,0.006414599065737825,0.1386039264023483,1434491855.1877341
2015-07-21,40.99604797363281,47.279998779296875,47.33000183105469,46.47999954223633,46.779998779296875,42781900,0.007643354548138692,0.14044674543557778,2012032759.176
2015-07-22,39.487308502197266,45.540000915527344,46.93000030517578,45.20000076293945,45.439998626708984,59152400,-0.0374963546352749,0.1926373726449267,2714503675.1124067
2015-07-23,39.98154830932617,46.11000061035156,46.22999954223633,45.099998474121094,45.27000045776367,33934000,0.012438738882953881,0.1964570823029839,1554629637.799581
2015-07-24,39.83414077758789,45.939998626708984,46.31999969482422,45.79999923706055,45.90999984741211,32333200,-0.003693702354011563,0.1969963308353098,1487973837.6871743
2015-07-27,39.322547912597656,45.349998474121094,46.0099983215332,45.25,45.939998626708984,39701400,-0.012926260480672358,0.20002015778745763,1807869375.5943298
2015-07-28,39.31388854980469,45.34000015258789,45.63999938964844,44.790000915527344,45.58000183105469,34328900,-0.00022023792576364443,0.18640481276193066,1553611589.5715077
2015-07-29,40.13761520385742,46.290000915527344,46.779998779296875,45.2599983215332,45.400001525878906,40945900,0.020736074982898423,0.19681587649688756,1888015421.9259896
2015-07-30,40.64921188354492,46.880001068115234,47.400001525878906,45.93000030517578,46.2599983215332,39777900,0.01266551830566609,0.19951580231946156,1859086491.4409637
2015-07-31,40.493125915527344,46.70000076293945,47.369998931884766,46.5,47.290000915527344,31201500,-0.0038472187213600684,0.20038710730677836,1461998281.8260193
2015-08-03,40.58850860595703,46.810001373291016,47.0,46.45000076293945,46.97999954223633,24125900,0.002352758056534121,0.20013956666846847,1127966261.846161
2015-08-04,41.22147750854492,47.540000915527344,47.709999084472656,46.68000030517578,46.75,33403900,0.015474431995206928,0.20410137746183668,1580338512.3980203
2015-08-05,41.256168365478516,47.58000183105469,48.40999984741211,47.540000915527344,47.97999954223633,26959700,0.0008412184565091962,0.20357983293203594,1289841936.977768
2015-08-06,40.42375946044922,46.619998931884766,47.77000045776367,46.33000183105469,47.709999084472656,27368000,-0.020382920176562624,0.21949264079837727,1283741664.4694011
2015-08-07,40.5278205871582,46.7400016784668,46.779998779296875,46.2599983215332,46.38999938964844,19163000,0.002570948805846296,0.21949189873638392,892868038.8692219
2015-08-10,41.039398193359375,47.33000183105469,47.4900016784668,46.84000015258789,46.95000076293945,23079900,0.012543870487126352,0.21267138334413832,1089832906.173706
2015-08-11,40.24168014526367,46.40999984741211,46.939998626708984,45.900001525878906,46.81999969482422,29237400,-0.019629258817738027,0.22537941398109623,1357102650.0
2015-08-12,40.5278205871582,46.7400016784668,46.900001525878906,45.709999084472656,46.189998626708984,30181400,0.007085388330611675,0.2263027793295415,1401926053.0265808
2015-08-13,40.5191535949707,46.72999954223633,47.099998474121094,46.4900016784668,47.060001373291016,22627200,-0.0002138757753264997,0.21613686528250411,1058349565.6982422
2015-08-14,40.75325012207031,47.0,47.099998474121094,46.52000045776367,46.529998779296875,21473400,0.005760803515174828,0.2169883044626034,1006529828.3546448
2015-08-17,41.03072738647461,47.31999969482422,47.45000076293945,46.56999969482422,46.810001373291016,21099700,0.0067856403554329425,0.2171215213702807,994077200.4065195
2015-08-18,41.257652282714844,47.27000045776367,47.43000030517578,46.70000076293945,46.84000015258789,23574100,0.0055153710012012525,0.21635351544515968,1111125925.3237405
2015-08-19,40.681610107421875,46.61000061035156,47.08000183105469,46.29999923706055,46.779998779296875,31485500,-0.014060455234294,0.17621196730973773,1469218399.2824554
2015-08-20,39.85243606567383,45.65999984741211,46.470001220703125,45.65999984741211,46.06999969482422,36238200,-0.020592615975098205,0.18707489424757032,1664420537.059021
2015-08-21,37.59186553955078,43.06999969482422,45.47999954223633,43.06999969482422,45.29999923706055,70053100,-0.05839584929315178,0.27510716705183114,3073462982.391739
2015-08-24,36.378658294677734,41.68000030517578,42.689998626708984,39.720001220703125,40.45000076293945,88753700,-0.03280539284765771,0.2922987166952461,3671148882.180913
2015-08-25,35.32255935668945,40.470001220703125,43.2400016784668,40.38999938964844,42.56999969482422,70616600,-0.029460457031710963,0.30490673293733944,2921173407.209523
2015-08-26,37.277652740478516,42.709999084472656,42.84000015258789,41.060001373291016,42.0099983215332,63408000,0.053872189787199876,0.35762577857562405,2676028972.9003906
2015-08-27,38.3162841796875,43.900001525878906,43.95000076293945,42.93000030517578,43.22999954223633,50943200,0.02748095536480566,0.3696378411867356,2220783942.715454
2015-08-28,38.34247589111328,43.93000030517578,44.150001525878906,43.38999938964844,43.400001525878906,28246700,0.0006833325355319886,0.3698323803911961,1237864561.1602783
2015-08-31,37.98462677001953,43.52000045776367,43.93000030517578,43.099998474121094,43.560001373291016,34441700,-0.009376793578733,0.3700281755035025,1498787969.574356
2015-09-01,36.5008544921875,41.81999969482422,42.59000015258789,41.65999984741211,42.16999816894531,49688900,-0.03984584812746572,0.38387367229207947,2088093202.6120503
2015-09-02,37.84496307373047,43.36000061035156,43.380001068115234,41.880001068115234,42.36000061035156,37671500,0.036162223977511676,0.4104314923491772,1615102811.155955
2015-09-03,37.96717071533203,43.5,43.97999954223633,43.279998779296875,43.40999984741211,28285200,0.0032239627443573227,0.4068981341048694,1232857568.1747437
2015-09-04,37.19037628173828,42.61000061035156,43.040000915527344,42.20000076293945,42.810001373291016,37138800,-0.02067183207502099,0.41071967443790625,1582731888.3346558
2015-09-08,38.307552337646484,43.88999938964844,44.0,43.20000076293945,43.29999923706055,32469800,0.0295970400137735,0.42356678111488955,1418822028.9848328
2015-09-09,37.59186553955078,43.06999969482422,44.400001525878906,42.90999984741211,44.209999084472656,33469500,-0.018859380762591638,0.42320433493989384,1454584481.9164276
2015-09-10,37.78388595581055,43.290000915527344,43.790000915527344,42.75,43.119998931884766,31366600,0.005095029312304877,0.4226382881447076,1357441911.8113198
2015-09-11,37.949710845947266,43.47999954223633,43.59000015258789,42.939998626708984,43.13999938964844,27132500,0.004379170200367266,0.4233870657032592,1175832093.1529999
2015-09-14,37.56566619873047,43.040000915527344,43.439998626708984,42.86000061035156,43.43000030517578,23656000,-0.010171384246539183,0.42269013897455326,1019889014.5365397
2015-09-15,38.38612365722656,43.97999954223633,44.290000915527344,43.08000183105469,43.189998626708984,28882200,0.021605530969802444,0.4305240035029526,1264559012.0353699
2015-09-16,38.665409088134766,44.29999923706055,44.380001068115234,43.84000015258789,43.970001220703125,23372200,0.0072493471333832105,0.4310144679966444,1032427984.8996481
2015-09-17,38.62178039550781,44.25,45.0,44.08000183105469,44.290000915527344,32768200,-0.0011290020390881672,0.42924412756343466,1456328055.3334556
2015-09-18,37.949710845947266,43.47999954223633,43.9900016784668,43.33000183105469,43.5,63143700,-0.017554491817558304,0.42776550205005826,2753065384.2330933
2015-09-21,38.499576568603516,44.11000061035156,44.470001220703125,43.599998474121094,43.619998931884766,26177200,0.014385358545183635,0.3791740414537812,1153367434.6628823
2015-09-22,38.3162841796875,43.900001525878906,44.04999923706055,43.310001373291016,43.380001068115234,28085900,-0.004772262785218917,0.35939117923965525,1228851764.665985
2015-09-23,38.290103912353516,43.869998931884766,44.16999816894531,43.5099983215332,43.93000030517578,17145200,-0.0006835009195773623,0.340336372104705,751816993.838501
2015-09-24,38.325016021728516,43.90999984741211,44.130001068115234,43.27000045776367,43.45000076293945,27905600,0.000911363496434614,0.28790191380399477,1221428124.77417
2015-09-25,38.35120391845703,43.939998626708984,44.72999954223633,43.7599983215332,44.47999954223633,29384600,0.0006830774330612854,0.27177382537660383,1297134158.2913716
2015-09-28,37.78388595581055,43.290000915527344,44.09000015258789,43.209999084472656,43.83000183105469,27613800,-0.014903205970250522,0.2766197683675103,1202028715.4045105
2015-09-29,37.91481399536133,43.439998626708984,43.56999969482422,43.04999923706055,43.369998931884766,32763600,0.003459192038763881,0.2751271985891746,1420411245.336914
2015-09-30,38.63050079345703,44.2599983215332,44.29999923706055,43.65999984741211,43.880001068115234,34958900,0.018700234134007232,0.24098247764582562,1540755222.4389393
2015-10-01,38.935970306396484,44.61000061035156,44.75,43.75,44.75,28657900,0.007876369462537003,0.2095091744550972,1271551028.8304648
2015-10-02,39.773887634277344,45.56999969482422,45.56999969482422,43.91999816894531,44.27000045776367,41839000,0.02129209747348515,0.22050554629834965,1883591745.9513345
2015-10-05,40.699058532714844,46.630001068115234,46.88999938964844,45.70000076293945,45.75,34369300,0.02299435292826546,0.21480574140014805,1594964662.6515708
2015-10-06,40.80379867553711,46.75,47.18000030517578,46.220001220703125,46.33000183105469,27017200,0.0025702215620349023,0.1944151972891758,1262153540.4083252
2015-10-07,40.84742736816406,46.79999923706055,47.349998474121094,45.95000076293945,47.099998474121094,27711500,0.0010686599306106714,0.17746786536894144,1294127035.9052022
2015-10-08,41.41477584838867,47.45000076293945,47.52000045776367,46.5,46.560001373291016,33772700,0.013793879907120221,0.18057452340317093,1592607970.0754802
2015-10-09,41.118003845214844,47.11000061035156,47.540000915527344,46.91999816894531,47.45000076293945,28600600,-0.007191646358120973,0.18512311119764763,1349662311.0905967
2015-10-12,41.02199172973633,47.0,47.06999969482422,46.5,46.97999954223633,19769100,-0.002337768794197892,0.17945963801504652,926314126.9889832
2015-10-13,40.92598342895508,46.88999938964844,47.130001068115234,46.560001373291016,46.560001373291016,19987800,-0.0023431535561941885,0.16937505982611492,936628320.199585
2015-10-14,40.742698669433594,46.68000030517578,47.099998474121094,46.529998779296875,46.650001525878906,24697800,-0.004488503120822163,0.1707054583996931,1155116085.900879
2015-10-15,41.030731201171875,47.0099983215332,47.029998779296875,46.529998779296875,47.0099983215332,27189400,0.007044677553263323,0.17078805102097086,1274004615.3277078
2015-10-16,41.46712875366211,47.5099983215332,47.540000915527344,46.900001525878906,47.02000045776367,26450300,0.010579707721571463,0.155088843347734,1251540035.0599926
2015-10-19,41.563140869140625,47.619998931884766,47.880001068115234,47.02000045776367,47.41999816894531,29387600,0.002312702553149304,0.1508941108077757,1396106921.8175251
2015-10-20,41.694061279296875,47.77000045776367,47.810001373291016,47.02000045776367,47.439998626708984,30802200,0.003144965593051552,0.14765975521786373,1464131263.5002136
2015-10-21,41.196556091308594,47.20000076293945,47.9900016784668,47.11000061035156,47.91999816894531,25144300,-0.012004040453282627,0.1572814904172626,1192677988.911438
2015-10-22,41.920989990234375,48.029998779296875,48.95000076293945,47.09000015258789,47.529998779296875,56637100,0.017431993068325546,0.16389297758558596,2719902326.5719094
2015-10-23,46.145389556884766,52.869998931884766,54.06999969482422,52.25,52.29999923706055,135227100,0.0960103987859453,0.35567492037325804,7175600621.097946
2015-10-26,47.34986114501953,54.25,54.31999969482422,52.5,52.529998779296875,64633300,0.025766832405310858,0.3486385282742076,3470161870.425161
2015-10-27,46.861083984375,53.689998626708984,54.369998931884766,53.58000183105469,53.9900016784668,50999900,-0.010376321889971951,0.3557644116321604,2747874601.6240435
2015-10-28,47.114200592041016,53.97999954223633,53.97999954223633,52.86000061035156,53.540000915527344,47000800,0.005386889135731376,0.3549221795189094,2519556213.885498
2015-10-29,46.573062896728516,53.36000061035156,53.83000183105469,53.220001220703125,53.540000915527344,30202100,-0.011552129780007192,0.36261801573667846,1614906323.8677979
2015-10-30,45.94464111328125,52.63999938964844,53.9900016784668,52.619998931884766,53.31999969482422,46619800,-0.013585106872550323,0.3677082941046676,2474734383.3333335
2015-11-02,46.46833038330078,53.2400016784668,53.36000061035156,52.619998931884766,52.849998474121094,30285000,0.011333795838373018,0.3635920172134615,1607325912.322998
2015-11-03,47.2625732421875,54.150001525878906,54.38999938964844,52.900001525878906,52.93000030517578,36596900,0.016947705369070754,0.3649701415543022,1969401208.4493
2015-11-04,47.48078918457031,54.400001525878906,54.880001068115234,54.060001373291016,54.18000030517578,37087800,0.00460647210874221,0.36440811508454873,2019307133.0459595
2015-11-05,47.46332550048828,54.380001068115234,54.70000076293945,54.0,54.4900016784668,31468500,-0.00036787291844042613,0.3646318334145427,1710627679.2068481
2015-11-06,47.93463134765625,54.91999816894531,54.97999954223633,53.959999084472656,54.09000015258789,32851200,0.009880917732385974,0.3611354558755776,1794332508.9111328
2015-11-09,47.271297454833984,54.15999984741211,54.869998931884766,53.560001373291016,54.54999923706055,32513100,-0.013934943655837806,0.3673599871586657,1762101644.6537018
2015-11-10,46.7039794921875,53.5099983215332,54.130001068115234,53.27000045776367,54.06999969482422,55283700,-0.01207391716211692,0.3720213222609887,2965233386.1881256
2015-11-11,46.82618713378906,53.650001525878906,54.20000076293945,53.459999084472656,53.70000076293945,36516300,0.002613225562530186,0.370160172207867,1963481467.7158356
2015-11-12,46.53815460205078,53.31999969482422,53.97999954223633,53.189998626708984,53.47999954223633,35361100,-0.0061700953526284685,0.37293445972590483,1891700954.486847
2015-11-13,46.11920166015625,52.84000015258789,53.290000915527344,52.529998779296875,53.06999969482422,36848200,-0.009043120026006601,0.37626017822630475,1948778468.7924705
2015-11-16,46.93091583251953,53.77000045776367,53.88999938964844,52.849998474121094,53.08000183105469,32165200,0.017447259285177097,0.37837536709987685,1720945399.3372598
2015-11-17,46.54429626464844,52.970001220703125,53.529998779296875,52.849998474121094,53.16999816894531,31551300,-0.008272177486583043,0.3815372776464818,1675899868.952179
2015-11-18,47.31755065917969,53.849998474121094,53.97999954223633,52.97999954223633,53.0,29710000,0.01647680956054609,0.37777727333662364,1592555009.1552734
2015-11-19,47.396629333496094,53.939998626708984,54.65999984741211,53.779998779296875,53.9900016784668,28149200,0.001669838511984434,0.37618698256254496,1523622339.561971
2015-11-20,47.61627960205078,54.189998626708984,54.29999923706055,53.27000045776367,54.25,37147600,0.004623596147423026,0.18577883555311567,2002998571.216329
2015-11-23,47.61627960205078,54.189998626708984,54.459999084472656,53.75,54.25,28235900,0.0,0.1635502980425104,1528503365.1243846
2015-11-24,47.66901779174805,54.25,54.439998626708984,53.58000183105469,53.91999816894531,24600000,0.0011069534655390179,0.1588812887147891,1330614003.753662
2015-11-25,47.176944732666016,53.689998626708984,54.22999954223633,53.689998626708984,54.09000015258789,21005100,-0.01037635047496277,0.16253378167147572,1131544714.5641327
2015-11-27,47.38783645629883,53.93000030517578,54.08000183105469,53.790000915527344,53.79999923706055,9009100,0.004460266720952788,0.1574738770060516,485890802.49786377
2015-11-30,47.75688934326172,54.349998474121094,54.959999084472656,54.0,54.540000915527344,56241400,0.007757755035707081,0.14992517798610244,3061594298.8972983
2015-12-01,48.52135467529297,55.220001220703125,55.22999954223633,54.29999923706055,54.40999984741211,39952800,0.015880667662561354,0.15427907131638327,2194074600.0
2015-12-02,48.51255798339844,55.209999084472656,55.959999084472656,55.060001373291016,55.31999969482422,47274900,-0.000181311701808351,0.14467774277896486,2619502201.7864227
2015-12-03,47.62508010864258,54.20000076293945,55.77000045776367,53.93000030517578,55.4900016784668,38627800,-0.018463176403565207,0.1593203530101774,2110365492.9804482
2015-12-04,49.12763595581055,55.90999984741211,56.22999954223633,54.099998474121094,54.119998931884766,43963700,0.031062211366741366,0.1918228540734873,2436175131.3611345
2015-12-07,49.03977584838867,55.810001373291016,55.970001220703125,55.290000915527344,55.790000915527344,30709800,-0.001790006057339255,0.18980834654584952,1710228797.9255676
2015-12-08,49.02219772338867,55.790000915527344,56.099998474121094,54.9900016784668,55.470001220703125,32878000,-0.00035851053263602495,0.181868339228715,1828893558.3724976
2015-12-09,48.31045913696289,54.97999954223633,55.869998931884766,54.5099983215332,55.369998931884766,36373200,-0.014625127798734816,0.18451870354027106,2004890745.149231
2015-12-10,48.565277099609375,55.27000045776367,55.65999984741211,55.0099983215332,55.38999938964844,31775800,0.005260730090429266,0.1849123727072004,1757625402.7875266
2015-12-11,47.50205993652344,54.060001373291016,55.099998474121094,54.0099983215332,54.709999084472656,39549500,-0.022135735400171885,0.20114616203002855,2151097280.860901
2015-12-14,48.45105743408203,55.13999938964844,55.209999084472656,53.68000030517578,54.33000183105469,46768900,0.019781086178484397,0.20758533361932255,2557167536.6363525
2015-12-15,48.50376510620117,55.20000076293945,55.900001525878906,55.09000015258789,55.65999984741211,39843000,0.001087262622538443,0.20029773130499423,2207169422.4243164
2015-12-16,49.32095718383789,56.130001068115234,56.25,54.7599983215332,55.540000915527344,37503300,0.01670765974221622,0.20333112590414334,2089433846.369934
2015-12-17,48.94312286376953,55.70000076293945,56.790000915527344,55.529998779296875,56.36000061035156,41280900,-0.007690219701045553,0.20016113903181948,2312005612.2989655
2015-12-18,47.563575744628906,54.130001068115234,56.0,54.029998779296875,55.77000045776367,84684200,-0.028591613165552143,0.22592165639083994,4633919419.692739
2015-12-21,48.17866897583008,54.83000183105469,55.349998474121094,54.22999954223633,54.880001068115234,37246300,0.012849117871067683,0.22972250063524285,2041221392.4388885
2015-12-22,48.63556671142578,55.349998474121094,55.47999954223633,54.5,54.9900016784668,28322200,0.009438717858156753,0.23173084889062973,1560836423.2729592
2015-12-23,49.04856491088867,55.81999969482422,55.880001068115234,55.439998626708984,55.70000076293945,27279800,0.008455839314406965,0.23314055143336773,1519848585.1165771
2015-12-24,48.916748046875,55.66999816894531,55.959999084472656,55.43000030517578,55.86000061035156,9558500,-0.0026910942166202823,0.2297295585666514,532280995.55460614
2015-12-28,49.16279220581055,55.95000076293945,55.95000076293945,54.97999954223633,55.349998474121094,22458300,0.005017247724366403,0.2298185637667584,1249280375.9960175
2015-12-29,49.69001007080078,56.54999923706055,56.849998474121094,56.060001373291016,56.290000915527344,27731400,0.01066682687380105,0.2309800805680338,1566454339.5370483
2015-12-30,49.4791145324707,56.310001373291016,56.779998779296875,56.290000915527344,56.470001220703125,21704500,-0.004253256386038462,0.22617101823892996,1225436077.7276359
2015-12-31,48.749813079833984,55.47999954223633,56.189998626708984,55.41999816894531,56.040000915527344,27334100,-0.014849288724066323,0.2327164427550473,1522418222.966512
2016-01-04,48.15230178833008,54.79999923706055,54.79999923706055,53.38999938964844,54.31999969482422,53778000,-0.012332421540782068,0.2274130463060615,2921758701.7059326
2016-01-05,48.37196350097656,55.04999923706055,55.38999938964844,54.540000915527344,54.93000030517578,34079700,0.004551437738266717,0.19936258075779056,1874156296.7998505
2016-01-06,47.493282318115234,54.04999923706055,54.400001525878906,53.63999938964844,54.31999969482422,39518900,-0.018332103216804896,0.20843226554032335,2135206169.0100353
2016-01-07,45.84134292602539,52.16999816894531,53.4900016784668,52.06999969482422,52.70000076293945,56564900,-0.03540190823704048,0.23884173647528745,2973993883.7022142
2016-01-08,45.98191833496094,52.33000183105469,53.279998779296875,52.150001525878906,52.369998931884766,48754000,0.0030618716179375838,0.2361491494686982,2563810381.3832603
2016-01-11,45.9555778503418,52.29999923706055,52.849998474121094,51.459999084472656,52.5099983215332,36943800,-0.0005730085423856224,0.23460028723279733,1928589466.5397644
2016-01-12,46.37733840942383,52.779998779296875,53.099998474121094,52.060001373291016,52.7599983215332,36095500,0.009135712583360878,0.22688159544862488,1900307740.143458
2016-01-13,45.37562561035156,51.63999938964844,54.06999969482422,51.29999923706055,53.79999923706055,66883600,-0.021835863533317124,0.2240648944395539,3500464641.2460327
2016-01-14,46.66731262207031,53.11000061035156,53.41999816894531,51.56999969482422,52.0,52381900,0.02806889570097848,0.24877317371949412,2760526103.3571877
2016-01-15,44.80447006225586,50.9900016784668,51.970001220703125,50.34000015258789,51.310001373291016,71820700,-0.04073606312812039,0.27277668759913104,3670037843.059794
2016-01-19,44.42664337158203,50.560001373291016,51.68000030517578,50.060001373291016,51.47999954223633,43564500,-0.00846854721764112,0.2728937899912993,2211624494.316101
2016-01-20,44.628746032714844,50.790000915527344,51.380001068115234,49.099998474121094,49.97999954223633,63273000,0.004538815886198311,0.2603468863812944,3190435579.6546936
2016-01-21,44.35634994506836,50.47999954223633,51.58000183105469,50.29999923706055,51.0,40191200,-0.006122304763420683,0.25381756220469315,2041177085.510254
2016-01-22,45.94677734375,52.290000915527344,52.33000183105469,51.2599983215332,51.40999984741211,37555800,0.03522783584112554,0.28496390686169976,1951399381.3713074
2016-01-25,45.507450103759766,51.790000915527344,52.650001525878906,51.650001525878906,51.939998626708984,34707700,-0.009607661267661438,0.28278371089436155,1805841676.8984475
2016-01-26,45.84134292602539,52.16999816894531,52.439998626708984,51.54999923706055,51.790000915527344,28900800,0.007310316822945584,0.28535946841848214,1504382937.7807617
2016-01-27,45.00657653808594,51.220001220703125,52.20000076293945,51.02000045776367,52.0099983215332,36775200,-0.018377743537393076,0.28828716234377244,1893187325.9277344
2016-01-28,45.74467468261719,52.060001373291016,52.209999084472656,51.25,51.86000061035156,62513800,0.01626676018359241,0.29259764367463525,3240715401.538849
2016-01-29,48.40711975097656,55.09000015258789,55.09000015258789,54.0,54.72999954223633,83611700,0.056571520630480876,0.36016545914687725,4575789643.838756
2016-02-01,48.073219299316406,54.709999084472656,55.09000015258789,54.5,54.880001068115234,44208500,-0.006921654463986293,0.3573845219490017,2421152172.0905304
2016-02-02,46.570648193359375,53.0,54.2599983215332,52.650001525878906,54.16999816894531,56313800,-0.03175477514632963,0.37139346927691996,3001713249.8023987
2016-02-03,45.83253860473633,52.15999984741211,53.38999938964844,51.2599983215332,53.25,57559800,-0.01597618683153401,0.3738432584914351,3008650699.157715
2016-02-04,45.69196319580078,52.0,52.810001373291016,51.369998931884766,52.099998474121094,46987100,-0.0030718663683146907,0.36950429312649347,2446148430.7797747
2016-02-05,44.075157165527344,50.15999984741211,52.0,49.560001373291016,51.939998626708984,62009000,-0.03602612824364515,0.3702223110485687,3136001851.8981934
2016-02-08,43.416133880615234,49.40999984741211,49.56999969482422,48.189998626708984,49.54999923706055,59290500,-0.015065173716884317,0.3724268024495564,2908594258.8119507
2016-02-09,43.301918029785156,49.279998779296875,50.2400016784668,48.66999816894531,49.02000045776367,46740500,-0.002634190099034761,0.3723348265846052,2308824876.93723
2016-02-10,43.67975997924805,49.709999084472656,50.38999938964844,49.52000045776367,49.88999938964844,38237000,0.00868790611368686,0.3721544970113332,1907006633.052826
2016-02-11,43.66218948364258,49.689998626708984,50.11000061035156,48.5099983215332,48.68000030517578,48878600,-0.00040233807352674233,0.36581720374167953,2416395015.555827
2016-02-12,44.373924255371094,50.5,50.68000030517578,49.75,50.25,34243300,0.016169507001811745,0.35570089673486827,1722780426.4834085
2016-02-16,45.21467208862305,51.09000015258789,51.09000015258789,50.130001068115234,50.900001525878906,37291200,0.018769632527138924,0.3340670316338911,1893274241.0705566
2016-02-17,46.39173126220703,52.41999816894531,52.77000045776367,51.45000076293945,51.4900016784668,40789000,0.02569959989943893,0.34335289006827097,2129729645.03479
2016-02-18,46.188175201416016,52.189998626708984,52.95000076293945,52.099998474121094,52.33000183105469,27176000,-0.0043974204897199165,0.34396557396345,1424384727.3152668
2016-02-19,45.860721588134766,51.81999969482422,52.279998779296875,51.529998779296875,51.970001220703125,33559100,-0.0071148054136851435,0.34426760410877255,1740934213.6090596
2016-02-22,46.59528732299805,52.650001525878906,53.0,52.279998779296875,52.279998779296875,25008300,0.015890393717383766,0.32656119034158315,1316520275.5439758
2016-02-23,45.294315338134766,51.18000030517578,52.369998931884766,50.97999954223633,52.34000015258789,28895300,-0.028317870219650043,0.3401367018957187,1488396891.2424724
2016-02-24,45.453636169433594,51.36000061035156,51.5,50.20000076293945,50.689998626708984,33014500,0.0035112857611134807,0.33932787328843245,1684399805.1128387
2016-02-25,46.1085205078125,52.099998474121094,52.099998474121094,50.61000061035156,51.72999954223633,26939500,0.014304938406669798,0.33636742346003595,1390167976.409912
2016-02-26,45.4005241394043,51.29999923706055,52.68000030517578,51.099998474121094,52.599998474121094,35975900,-0.015474109656482327,0.3363907382994679,1859714166.878891
2016-02-29,45.0288200378418,50.880001068115234,51.650001525878906,50.65999984741211,51.349998474121094,31654000,-0.008220919843326513,0.26537661080377123,1616358779.0934243
2016-03-01,46.5333251953125,52.58000183105469,52.59000015258789,50.91999816894531,50.970001220703125,33024500,0.03286599671617951,0.2933611111383045,1718264736.679713
2016-03-02,46.86077880859375,52.95000076293945,52.959999084472656,52.15999984741211,52.40999984741211,29289900,0.007012326068930097,0.27316362065297073,1543284828.0204773
2016-03-03,46.329769134521484,52.349998474121094,52.970001220703125,51.779998779296875,52.970001220703125,24427800,-0.01139633649376437,0.27016614997689614,1279202447.5753784
2016-03-04,46.04656982421875,52.029998779296875,52.45000076293945,51.709999084472656,52.400001525878906,33034200,-0.006131444495962146,0.27088787887485916,1719870550.8781433
2016-03-07,45.16156768798828,51.029998779296875,51.79999923706055,50.58000183105469,51.560001373291016,38407800,-0.0194068190915746,0.24786388934198295,1964046864.0464783
2016-03-08,45.71027755737305,51.650001525878906,52.130001068115234,50.599998474121094,50.79999923706055,33835100,0.012076711700074405,0.24314118323352812,1741154258.0465953
2016-03-09,46.763423919677734,52.84000015258789,52.849998474121094,51.86000061035156,51.88999938964844,28251600,0.022778192722018087,0.25201599661829854,1483679852.8152466
2016-03-10,46.06427001953125,52.04999923706055,52.939998626708984,51.15999984741211,52.93000030517578,38387800,-0.015063761497180028,0.25955016572583983,1998084960.7124329
2016-03-11,46.96696853637695,53.06999969482422,53.06999969482422,52.380001068115234,53.0,32275700,0.019406961847190818,0.2655859444038676,1705447992.924881
2016-03-14,47.05546569824219,53.16999816894531,53.59000015258789,52.630001068115234,52.709999084472656,24083600,0.0018824696195012258,0.26166979302740756,1279561663.100179
2016-03-15,47.42716979980469,53.59000015258789,53.59000015258789,52.7400016784668,52.75,21104800,0.00786823985719165,0.2560141481242201,1125026552.62146
2016-03-16,48.09977340698242,54.349998474121094,54.599998474121094,53.400001525878906,53.45000076293945,31691700,0.014082199216335134,0.24563040050271756,1715049148.8807678
2016-03-17,48.37412643432617,54.65999984741211,55.0,54.0,54.209999084472656,28223900,0.0056876267546779324,0.2448973725966817,1539707823.2311249
2016-03-18,47.338661193847656,53.4900016784668,54.970001220703125,53.45000076293945,54.91999816894531,67625500,-0.02163776994964861,0.25680620512392677,3649748317.550659
2016-03-21,47.66613006591797,53.86000061035156,53.93000030517578,52.93000030517578,53.25,23925700,0.006893761137966692,0.25233951295499163,1281779511.0687256
2016-03-22,47.85197830200195,54.06999969482422,54.25,53.459999084472656,53.61000061035156,23124100,0.0038913766987542786,0.22844332730975248,1247005623.2574463
2016-03-23,47.76348114013672,53.970001220703125,54.2400016784668,53.7400016784668,54.11000061035156,20129000,-0.0018511062468742345,0.2289698956676143,1086630547.3810833
2016-03-24,47.975868225097656,54.209999084472656,54.33000183105469,53.72999954223633,53.84000015258789,19950000,0.004436784556680173,0.22505970348636417,1079095503.0441284
2016-03-28,47.38291931152344,53.540000915527344,54.290000915527344,53.33000183105469,54.209999084472656,17025100,-0.012436327497574506,0.2223191345612685,914588392.7825928
2016-03-29,48.418373107910156,54.709999084472656,54.86000061035156,53.45000076293945,53.65999984741211,23924300,0.021617539675576225,0.2286804288022317,1300046465.6505585
2016-03-30,48.71927261352539,55.04999923706055,55.63999938964844,54.900001525878906,54.93000030517578,23008300,0.006195341997708326,0.20287673858535848,1269981466.8369293
2016-03-31,48.87856674194336,55.22999954223633,55.59000015258789,54.86000061035156,54.95000076293945,26360500,0.003264299105767865,0.2021919818215735,1455802549.3481956
2016-04-01,49.17947006225586,55.56999969482422,55.61000061035156,54.56999969482422,55.04999923706055,24399200,0.006137268797249629,0.19645533690912131,1348055800.0
2016-04-04,49.055580139160156,55.43000030517578,55.65999984741211,55.0,55.43000030517578,18928800,-0.002522317411654207,0.1947344756468792,1047961464.9627686
2016-04-05,48.28562545776367,54.560001373291016,55.29999923706055,54.459999084472656,55.189998626708984,19272300,-0.015820037051802238,0.1898296872489058,1055608110.0395203
2016-04-06,48.78123092651367,55.119998931884766,55.20000076293945,54.209999084472656,54.36000061035156,21188700,0.010211719921368712,0.1888558802052218,1162058928.378296
2016-04-07,48.19712829589844,54.459999084472656,54.90999984741211,54.22999954223633,54.869998931884766,19225100,-0.012046186356877708,0.18178711294046693,1048408776.8882751
2016-04-08,48.16172409057617,54.41999816894531,55.279998779296875,54.31999969482422,54.66999816894531,22167200,-0.0007348407756753161,0.17181282094542596,1211954689.8620605
2016-04-11,48.06436538696289,54.310001373291016,55.150001525878906,54.29999923706055,54.4900016784668,21414200,-0.0020235413776714672,0.16043284701890417,1168929812.581889
2016-04-12,48.365272521972656,54.650001525878906,54.779998779296875,53.7599983215332,54.369998931884766,24944300,0.0062409881075362605,0.16138776069766292,1356886760.914739
2016-04-13,48.98476791381836,55.349998474121094,55.439998626708984,54.88999938964844,55.119998931884766,20818000,0.012727344569736232,0.16469365722302762,1149708722.3129272
2016-04-14,48.993621826171875,55.36000061035156,55.58000183105469,55.06999969482422,55.220001220703125,20877100,0.00018073194305623375,0.15833505166501308,1155269138.5327659
2016-04-15,49.25025939941406,55.650001525878906,55.91999816894531,55.11000061035156,55.29999923706055,28793800,0.005224511772033313,0.15816738812524994,1599783530.9290566
2016-04-18,49.96712112426758,56.459999084472656,56.59000015258789,55.209999084472656,55.4900016784668,23786000,0.014450577017170119,0.14181724061670548,1334077440.0253296
2016-04-19,49.90516662597656,56.38999938964844,56.77000045776367,55.68000030517578,56.630001068115234,29596800,-0.0012406746182289652,0.14157998358000926,1665707905.505371
2016-04-20,49.197174072265625,55.59000015258789,56.5,55.4900016784668,56.290000915527344,36195700,-0.014288352703261342,0.15254422227608083,2021891824.092102
2016-04-21,49.36531448364258,55.779998779296875,56.22999954223633,55.41999816894531,55.79999923706055,38909100,0.003411857329242096,0.15222333218344508,2171516825.482559
2016-04-22,45.8253173828125,51.779998779296875,52.43000030517578,50.77000045776367,51.90999984741211,126834100,-0.07441132194536682,0.3033992956951422,6552249586.646652
2016-04-25,46.11738204956055,52.11000061035156,52.130001068115234,51.630001068115234,51.779998779296875,33226900,0.00635321022639479,0.3024471970675075,1726358998.086802
2016-04-26,45.5244255065918,51.439998626708984,52.349998474121094,51.09000015258789,52.2599983215332,33532600,-0.01294092366438182,0.29285658697499783,1731176331.9666543
2016-04-27,45.08192825317383,50.939998626708984,51.5,50.54999923706055,51.47999954223633,43369300,-0.009767543954368296,0.29169049969465877,2211689704.7843933
2016-04-28,44.16151809692383,49.900001525878906,50.77000045776367,49.560001373291016,50.619998931884766,43134800,-0.020627683711815337,0.2959981817718232,2160047049.6002197
2016-04-29,44.134971618652344,49.869998931884766,50.25,49.349998474121094,49.349998474121094,48411700,-0.0006013031584122253,0.29369135021436277,2412032224.4734445
2016-05-02,44.78986740112305,50.61000061035156,50.75,49.779998779296875,50.0,33114500,0.014729464343270937,0.30178318454414355,1668308503.2628376
2016-05-03,44.05531311035156,49.779998779296875,50.40999984741211,49.599998474121094,50.34000015258789,26460200,-0.01653597920393457,0.30213007518715623,1321157760.429128
2016-05-04,44.134971618652344,49.869998931884766,50.060001373291016,49.459999084472656,49.84000015258789,24257600,0.0018065148606636328,0.29831904013601646,1207947616.398112
2016-05-05,44.19691848754883,49.939998626708984,50.29999923706055,49.72999954223633,49.869998931884766,25390700,0.001402593762626747,0.2979476808977678,1269281071.0455577
2016-05-06,44.59518051147461,50.38999938964844,50.38999938964844,49.65999984741211,49.91999816894531,24787300,0.008970723729242014,0.3012975570275236,1243000459.319941
2016-05-09,44.311973571777344,50.06999969482422,50.59000015258789,50.0,50.4900016784668,17951600,-0.006370868587941114,0.3013414736802828,901529351.0869343
2016-05-10,45.15272521972656,51.02000045776367,51.099998474121094,50.189998626708984,50.33000183105469,22891000,0.018795712964041034,0.309764084537275,1162176051.3712564
2016-05-11,45.17927169799805,51.04999923706055,51.779998779296875,51.0,51.130001068115234,24039100,0.0005877536186846832,0.30458656474674933,1232644901.7716727
2016-05-12,45.58636474609375,51.5099983215332,51.810001373291016,50.91999816894531,51.20000076293945,24102800,0.008970262178281008,0.3076254054643801,1239205273.5036213
2016-05-13,45.2058219909668,51.08000183105469,51.900001525878906,51.040000915527344,51.439998626708984,22592300,-0.008382769425908432,0.3063043909246797,1159888714.1749065
2016-05-16,45.86957931518555,51.83000183105469,51.959999084472656,50.75,50.79999923706055,20032000,0.014576253672842654,0.3064015400116606,1031915099.4466146
2016-05-17,45.0140266418457,50.5099983215332,51.72999954223633,50.36000061035156,51.720001220703125,27803500,-0.018827992973135643,0.3102227868687502,1414271352.5250754
2016-05-18,45.281394958496094,50.810001373291016,51.13999938964844,50.29999923706055,50.47999954223633,24907500,0.0059220964545594335,0.31060764172920624,1264055625.0
2016-05-19,44.844703674316406,50.31999969482422,50.619998931884766,49.81999969482422,50.470001220703125,23842400,-0.009690749034842128,0.3098971938515437,1198160061.3271077
2016-05-20,45.11205291748047,50.619998931884766,51.220001220703125,50.400001525878906,50.47999954223633,23905800,0.005943967755846824,0.17991904992157415,1213139677.3750305
2016-05-23,44.58625411987305,50.029998779296875,50.68000030517578,49.97999954223633,50.599998474121094,26118700,-0.011723851597435164,0.18174421312364064,1311942289.043808
2016-05-24,45.97651672363281,51.59000015258789,51.709999084472656,50.400001525878906,50.70000076293945,34757900,0.03070515219731451,0.20846325421052095,1780763085.5060577
2016-05-25,46.44884490966797,52.119998931884766,52.4900016784668,51.790000915527344,51.91999816894531,24040200,0.0102208374306616,0.207534356485612,1253295772.227478
2016-05-26,46.24386978149414,51.88999938964844,51.97999954223633,51.36000061035156,51.93000030517578,24335200,-0.004422687650673662,0.1928219747826264,1259184361.6200767
2016-05-27,46.62709045410156,52.31999969482422,52.31999969482422,51.77000045776367,51.91999816894531,17721400,0.008252802527065839,0.19357302850970212,923934723.7653097
2016-05-31,47.233097076416016,53.0,53.0,52.08000183105469,52.2599983215332,37653100,0.012913143669666116,0.1922538147118894,1984067372.314962
2016-06-01,47.09941482543945,52.849998474121094,52.95000076293945,52.439998626708984,52.439998626708984,25324800,-0.0028342792484168378,0.18050539433439017,1335798765.9667969
2016-06-02,46.769676208496094,52.47999954223633,52.7400016784668,51.84000015258789,52.63999938964844,22840800,-0.007025528202764697,0.18400375984502976,1195792026.4556885
2016-06-03,46.15476608276367,51.790000915527344,52.41999816894531,51.599998474121094,52.380001068115234,23368300,-0.013234819304906331,0.19228629286607757,1213671588.6494956
2016-06-06,46.457759857177734,52.130001068115234,52.349998474121094,51.88999938964844,51.9900016784668,18243300,0.0065432802395242184,0.19138540360351525,950901600.5046844
2016-06-07,46.4310188293457,52.099998474121094,52.72999954223633,52.099998474121094,52.2400016784668,20866800,-0.0005757644561357189,0.18921207571518034,1091542283.5891724
2016-06-08,46.3775520324707,52.040000915527344,52.439998626708984,51.869998931884766,52.02000045776367,21149400,-0.0011521953693178766,0.17969427269448715,1102236219.242859
2016-06-09,46.00325012207031,51.619998931884766,52.0,51.4900016784668,52.0,20305700,-0.008103500942481912,0.1826433487489211,1049872379.7978718
2016-06-10,45.87848663330078,51.47999954223633,52.04999923706055,51.040000915527344,51.04999923706055,25833200,-0.0027157424283767995,0.18060382920154258,1331012572.0387776
2016-06-13,44.68428039550781,50.13999938964844,50.720001220703125,49.060001373291016,49.58000183105469,83217800,-0.026374535627220475,0.20109193516749524,4158670913.691457
2016-06-14,44.40802764892578,49.83000183105469,50.099998474121094,49.56999969482422,49.900001525878906,42577100,-0.0062015147661407255,0.19408679585069155,2121758816.6666667
2016-06-15,44.28324508666992,49.689998626708984,50.119998931884766,49.689998626708984,49.779998779296875,33757600,-0.00281386523704219,0.1838332490803148,1682253690.4083252
2016-06-16,44.90708923339844,50.38999938964844,50.470001220703125,49.5099983215332,49.52000045776367,31188600,0.01398928090826157,0.1895889190585458,1563276582.8956604
2016-06-17,44.67538070678711,50.130001068115234,50.43000030517578,49.81999969482422,50.40999984741211,45710500,-0.005173088964665062,0.18743602177783927,2291315012.9413605
2016-06-20,44.621910095214844,50.06999969482422,50.83000183105469,50.029998779296875,50.63999938964844,35607900,-0.001197586566909603,0.18611554143243159,1791433452.622223
2016-06-21,45.620025634765625,51.189998626708984,51.43000030517578,50.15999984741211,50.20000076293945,34097800,0.02212178263685871,0.19702142412819032,1736487280.7922363
2016-06-22,45.44179916381836,50.9900016784668,51.459999084472656,50.95000076293945,51.08000183105469,28816800,-0.003914410872306373,0.16545669720023556,1473499054.6569824
2016-06-23,46.26170349121094,51.90999984741211,52.060001373291016,51.150001525878906,51.279998779296875,29028800,0.017882112502453307,0.17367988808404655,1500982511.9099934
2016-06-24,44.40802764892578,49.83000183105469,50.939998626708984,49.52000045776367,49.810001373291016,133503000,-0.04089422440665036,0.22353113395352903,6688055330.741882
2016-06-27,43.16035461425781,48.43000030517578,49.150001525878906,48.040000915527344,49.099998474121094,50216300,-0.028497899371823454,0.23793730910700442,2437499247.9743958
2016-06-28,44.060455322265625,49.439998626708984,49.470001220703125,48.66999816894531,48.91999816894531,38140700,0.020640318834884486,0.24616175130767204,1876268143.4474945
2016-06-29,45.0407600402832,50.540000915527344,50.720001220703125,49.79999923706055,49.90999984741211,31304000,0.02200518301122134,0.2615017278151282,1576260760.9965007
2016-06-30,45.60222244262695,51.16999816894531,51.29999923706055,50.5,50.720001220703125,28527800,0.012388594636280281,0.26561413350164154,1454632497.333018
2016-07-01,45.593299865722656,51.15999984741211,51.720001220703125,51.06999969482422,51.130001068115234,21400400,-0.00019568015417670281,0.2620162719417268,1098197198.7757366
2016-07-05,45.60222244262695,51.16999816894531,51.279998779296875,50.7400016784668,50.83000183105469,24806400,0.00019568015417670281,0.2607494419233497,1266697460.6445312
2016-07-06,45.78938293457031,51.380001068115234,51.540000915527344,50.38999938964844,50.779998779296875,28167500,0.00409579748193023,0.26132953193414205,1439453154.560725
2016-07-07,45.78938293457031,51.380001068115234,51.61000061035156,51.06999969482422,51.41999816894531,19585200,0.0,0.26133458011409344,1005765312.9653931
2016-07-08,46.60926055908203,52.29999923706055,52.36000061035156,51.54999923706055,51.72999954223633,28391000,0.017746995240803365,0.26726677803656934,1478319361.3357544
2016-07-11,46.867706298828125,52.59000015258789,52.83000183105469,52.470001220703125,52.5,22269200,0.005529627393133563,0.2674791085331395,1172028019.7860718
2016-07-12,47.42023849487305,53.209999084472656,53.400001525878906,52.790000915527344,52.939998626708984,27317600,0.011720236814434237,0.250145721524562,1451475160.5611165
2016-07-13,47.687599182128906,53.5099983215332,53.86000061035156,53.18000030517578,53.560001373291016,25356800,0.0056222788375555055,0.24801847696530066,1357011406.8847656
2016-07-14,47.89258575439453,53.7400016784668,53.9900016784668,53.58000183105469,53.84000015258789,24545500,0.0042893176380531806,0.2469326485047904,1319811577.4472556
2016-07-15,47.8569450378418,53.70000076293945,54.0,53.209999084472656,53.95000076293945,32024400,-0.0007444572919346193,0.24461141315972726,1717682066.3711548
2016-07-18,48.0886344909668,53.959999084472656,54.34000015258789,53.54999923706055,53.70000076293945,31433900,0.00482961079836608,0.24274798412748272,1695858889.0118916
2016-07-19,47.31330490112305,53.09000015258789,53.900001525878906,52.93000030517578,53.709999084472656,53336500,-0.016254316527810175,0.25197497167515726,2843191061.9335175
2016-07-20,49.82646179199219,55.90999984741211,56.84000015258789,55.529998779296875,56.150001525878906,89893300,0.05175466069904067,0.29721207432949653,5042414804.755655
2016-07-21,49.72843551635742,55.79999923706055,56.22999954223633,55.7599983215332,55.97999954223633,32776700,-0.001969291515833138,0.29660119553028036,1833200799.3249257
2016-07-22,50.41464614868164,56.56999969482422,56.630001068115234,55.779998779296875,56.08000183105469,32157200,0.01370481837263604,0.29457290816188025,1811307880.426534
2016-07-25,50.55722427368164,56.72999954223633,56.7400016784668,56.2599983215332,56.470001220703125,25610600,0.002824117631301526,0.24466836178303805,1448962375.4254658
2016-07-26,50.583953857421875,56.7599983215332,57.290000915527344,56.5099983215332,56.52000045776367,28079000,0.0005285598775186529,0.2106168408348331,1596384723.815918
2016-07-27,50.075984954833984,56.189998626708984,56.79999923706055,56.11000061035156,56.61000061035156,32327500,-0.010092857608066108,0.21406998156701285,1822193400.22405
2016-07-28,50.09381866455078,56.209999084472656,56.369998931884766,55.720001220703125,56.0,37550400,0.00035606957907141634,0.2071762594933257,2106577430.4504395
2016-07-29,50.51267623901367,56.68000030517578,56.7599983215332,56.04999923706055,56.2599983215332,30558700,0.008326698886545358,0.20590190935023406,1726464665.9065247
2016-08-01,50.423553466796875,56.58000183105469,56.75,56.13999938964844,56.599998474121094,26003400,-0.0017659228135866734,0.20648290703142463,1468932076.5808105
2016-08-02,50.423553466796875,56.58000183105469,56.900001525878906,56.310001373291016,56.849998474121094,35122000,0.0,0.20654179241330797,1987788182.044983
2016-08-03,50.771121978759766,56.970001220703125,57.11000061035156,56.4900016784668,56.68000030517578,22075600,0.006869331359153463,0.20660745273895953,1255145056.4915977
2016-08-04,51.14542007446289,57.38999938964844,57.52000045776367,56.66999816894531,56.79999923706055,26587700,0.007345221315671946,0.20585586198484596,1520639171.086502
2016-08-05,51.65338897705078,57.959999084472656,58.209999084472656,57.45000076293945,57.650001525878906,29335200,0.009882858405642736,0.20173250399913176,1697725797.555542
2016-08-08,51.74251937866211,58.060001373291016,58.09000015258789,57.779998779296875,58.060001373291016,19473500,0.0017240609441175891,0.2020687582759219,1129008620.3142803
2016-08-09,51.867286682128906,58.20000076293945,58.5,58.02000045776367,58.16999816894531,16920700,0.0024084084030091546,0.20069987004512538,985461574.8850504
2016-08-10,51.706871032714844,58.02000045776367,58.31999969482422,57.81999969482422,58.15999984741211,15756900,-0.003097602359910301,0.20233639690391514,914740567.1985626
2016-08-11,51.9564094543457,58.29999923706055,58.45000076293945,58.029998779296875,58.029998779296875,18162300,0.004814412633934229,0.2023525094599384,1058135590.6097412
2016-08-12,51.63557052612305,57.939998626708984,58.189998626708984,57.619998931884766,58.029998779296875,21655200,-0.006194301028863425,0.2048500914864743,1254196972.4639893
2016-08-15,51.79599380493164,58.119998931884766,58.5,57.959999084472656,58.0099983215332,19283900,0.0031020203259215506,0.20482785207385276,1122194407.9158783
2016-08-16,51.50901794433594,57.439998626708984,57.619998931884766,57.27000045776367,57.61000061035156,20523500,-0.005555908545701538,0.1947850269009201,1178938238.0962372
2016-08-17,51.61663818359375,57.560001373291016,57.68000030517578,57.22999954223633,57.540000915527344,18856400,0.002087167875914009,0.08949596943261308,1084054443.6726887
2016-08-18,51.65250778198242,57.599998474121094,57.70000076293945,57.27000045776367,57.41999816894531,14214300,0.0006946818334903071,0.08856519028321061,817653915.5540466
2016-08-19,51.670433044433594,57.619998931884766,57.72999954223633,57.20000076293945,57.43000030517578,17271000,0.00034697546329276463,0.07749368433158642,993370345.6077576
2016-08-22,51.71527862548828,57.66999816894531,57.75,57.2599983215332,57.599998474121094,15221900,0.0008675392980905805,0.07728198553885127,876172546.192805
2016-08-23,51.91255569458008,57.88999938964844,58.18000030517578,57.849998474121094,57.900001525878906,18732400,0.0038074192846755395,0.07779011863979916,1085979657.899984
2016-08-24,51.966365814208984,57.95000076293945,58.040000915527344,57.720001220703125,57.79999923706055,18151500,0.0010360162323661548,0.06587672588231105,1051032372.5414276
2016-08-25,52.16364669799805,58.16999816894531,58.290000915527344,57.779998779296875,57.880001068115234,18552600,0.0037891308195980855,0.06596466618969493,1077534994.7891235
2016-08-26,52.038108825683594,58.029998779296875,58.70000076293945,57.689998626708984,58.279998779296875,20971200,-0.002409516661606048,0.06345056623366546,1219265555.2001953
2016-08-29,52.10088348388672,58.099998474121094,58.599998474121094,58.099998474121094,58.18000030517578,16417200,0.001205593878225386,0.06235412904752344,956575494.9493408
2016-08-30,51.91255569458008,57.88999938964844,58.189998626708984,57.61000061035156,57.97999954223633,16930200,-0.0036212242685835783,0.06476350935338229,980202138.2499695
2016-08-31,51.52696990966797,57.459999084472656,57.79999923706055,57.29999923706055,57.650001525878906,20860300,-0.007455323651618162,0.06852790676012589,1199884439.0238442
2016-09-01,51.64353561401367,57.59000015258789,57.81999969482422,57.0099983215332,57.0099983215332,26075400,0.00225967205169475,0.0644903932353565,1498640140.0848389
2016-09-02,51.71527862548828,57.66999816894531,58.189998626708984,57.41999816894531,57.66999816894531,18900500,0.0013882323152478726,0.0548718213665735,1091692848.2761383
2016-09-06,51.66148376464844,57.61000061035156,57.79999923706055,57.209999084472656,57.779998779296875,16278400,-0.0010407535398058165,0.05464858935260911,936659130.2042643
2016-09-07,51.70631408691406,57.65999984741211,57.84000015258789,57.40999984741211,57.470001220703125,17493400,0.0008673944111832199,0.0540215087205497,1008261263.7769064
2016-09-08,51.50006866455078,57.43000030517578,57.790000915527344,57.18000030517578,57.630001068115234,20146100,-0.003996762436849988,0.05472355495845145,1157729223.5801697
2016-09-09,50.406044006347656,56.209999084472656,57.52000045776367,56.209999084472656,56.790000915527344,35113900,-0.021472052312780487,0.089127917537792,1989085372.5927987
2016-09-12,51.1593017578125,57.04999923706055,57.209999084472656,55.61000061035156,56.0,29303000,0.014833239763849537,0.1037145985280157,1659233526.233673
2016-09-13,50.6929931640625,56.529998779296875,56.650001525878906,56.04999923706055,56.5,30130200,-0.009156629258001647,0.10702385248499792,1699644577.4024963
2016-09-14,50.45086669921875,56.2599983215332,56.630001068115234,56.029998779296875,56.38999938964844,24062500,-0.0047877731320187245,0.10665108992317024,1354879151.980082
2016-09-15,51.28485107421875,57.189998626708984,57.349998474121094,55.97999954223633,56.150001525878906,26847000,0.01639548184729822,0.12227768806020468,1525983449.9588013
2016-09-16,51.338645935058594,57.25,57.630001068115234,56.75,57.630001068115234,44607000,0.001048392762571293,0.12232087576919826,2551966485.8818054
2016-09-19,51.05168533325195,56.93000030517578,57.75,56.849998474121094,57.27000045776367,20937100,-0.005605243182247754,0.12364758350259523,1197113579.1473389
2016-09-20,50.94407272338867,56.810001373291016,57.349998474121094,56.75,57.349998474121094,17384000,-0.002110139712555359,0.12363074180757848,990366479.115804
2016-09-21,51.795989990234375,57.7599983215332,57.849998474121094,57.08000183105469,57.5099983215332,33707300,0.016584315215768086,0.13677148602381622,1940304530.2366893
2016-09-22,51.84979248046875,57.81999969482422,58.0,57.630001068115234,57.91999816894531,19822200,0.0010381994092658609,0.13677171720574516,1146053535.0410461
2016-09-23,51.50006866455078,57.43000030517578,57.90999984741211,57.380001068115234,57.869998931884766,19955300,-0.006767791401149026,0.1378500293949906,1148893146.786499
2016-09-26,51.02478790283203,56.900001525878906,57.13999938964844,56.83000183105469,57.08000183105469,21688700,-0.009271589004167247,0.1409689450155296,1235316076.1899312
2016-09-27,51.966365814208984,57.95000076293945,58.060001373291016,56.68000030517578,56.93000030517578,28065100,0.018285146086681525,0.15590416587379624,1615520729.17277
2016-09-28,52.038108825683594,58.029998779296875,58.060001373291016,57.66999816894531,57.880001068115234,20536400,0.0013796141579920373,0.15545223728924776,1189468276.5101116
2016-09-29,51.473167419433594,57.400001525878906,58.16999816894531,57.209999084472656,57.810001373291016,25463500,-0.010915661292334011,0.15801698112199639,1466527832.9722085
2016-09-30,51.65250778198242,57.599998474121094,57.77000045776367,57.34000015258789,57.56999969482422,29910800,0.0034780968559169345,0.15829757422245305,1721964746.8719482
2016-10-03,51.491092681884766,57.41999816894531,57.54999923706055,57.060001373291016,57.40999984741211,19189500,-0.0031299126876507266,0.15857301736942958,1100389887.1917725
2016-10-04,51.32968521118164,57.2400016784668,57.599998474121094,56.970001220703125,57.27000045776367,20085900,-0.003139591172013567,0.15887633025911985,1150319502.1945953
2016-10-05,51.68837356567383,57.63999938964844,57.959999084472656,57.2599983215332,57.290000915527344,16726400,0.00696362964345365,0.1608393246397873,963775150.1342773
2016-10-06,51.77805709838867,57.7400016784668,57.86000061035156,57.279998779296875,57.7400016784668,16212600,0.0017335778300200388,0.16027382723452455,934278101.7723083
2016-10-07,51.83186721801758,57.79999923706055,57.97999954223633,57.41999816894531,57.849998474121094,20089000,0.0010387059892567052,0.13935617598477903,1159804912.8977456
2016-10-10,52.047080993652344,58.040000915527344,58.38999938964844,57.869998931884766,57.90999984741211,18196500,0.004143555306589164,0.13102623548224804,1057216645.3723907
2016-10-11,51.28485107421875,57.189998626708984,58.02000045776367,56.88999938964844,57.88999938964844,26497400,-0.014753304805397605,0.13767914333775216,1520067499.8560588
2016-10-12,51.21311950683594,57.11000061035156,57.27000045776367,56.400001525878906,57.11000061035156,22177500,-0.001399668280001265,0.13650867557549687,1262491169.1761017
2016-10-13,51.04271697998047,56.91999816894531,57.29999923706055,56.31999969482422,56.70000076293945,25313700,-0.003332869603264843,0.12455967000929719,1438999441.537094
2016-10-14,51.491092681884766,57.41999816894531,57.7400016784668,57.119998931884766,57.119998931884766,27402500,0.008745965091357721,0.12834964686923014,1573634222.1832275
2016-10-17,51.311744689941406,57.220001220703125,57.459999084472656,56.869998931884766,57.36000061035156,23830000,-0.0034891677794366416,0.12735943281722903,1362678827.2730508
2016-10-18,51.70631408691406,57.65999984741211,57.95000076293945,57.40999984741211,57.529998779296875,19149500,0.007660236099848117,0.12954145103447487,1104415499.5886486
2016-10-19,51.589725494384766,57.529998779296875,57.84000015258789,57.400001525878906,57.470001220703125,22878400,-0.002257369062945269,0.11622659772366983,1317567059.4909668
2016-10-20,51.338645935058594,57.25,57.52000045776367,56.65999984741211,57.5,49455600,-0.004878733702986526,0.11723114821507465,2826057841.030884
2016-10-21,53.49980163574219,59.65999984741211,60.45000076293945,59.4900016784668,60.279998779296875,80032200,0.0412341455199825,0.183675813866787,4791261101.059723
2016-10-24,54.70144271850586,61.0,61.0,59.93000030517578,59.939998626708984,54067000,0.02221213803796429,0.19166267678493656,3278803108.833313
2016-10-25,54.69247817993164,60.9900016784668,61.369998931884766,60.79999923706055,60.849998474121094,35137200,-0.00016389463912958036,0.1841877578511028,2145243182.2128296
2016-10-26,54.36963653564453,60.630001068115234,61.20000076293945,60.470001220703125,60.810001373291016,29911600,-0.005920343431954578,0.18649262187872606,1817628257.0943198
2016-10-27,53.894378662109375,60.099998474121094,60.83000183105469,60.09000015258789,60.61000061035156,28479900,-0.008779665625795019,0.1847392534469864,1718477170.3456879
2016-10-28,53.6881103515625,59.869998931884766,60.52000045776367,59.58000183105469,60.0099983215332,33574700,-0.003834612215977806,0.18587974188823297,2014146266.6615803
2016-10-31,53.732940673828125,59.91999816894531,60.41999816894531,59.91999816894531,60.15999984741211,26434700,0.0008346655416300308,0.1850233364754384,1588372958.929952
2016-11-01,53.62533950805664,59.79999923706055,60.02000045776367,59.25,59.970001220703125,24533000,-0.002004525437977467,0.18465725661553406,1464374767.5043743
2016-11-02,53.29355239868164,59.43000030517578,59.93000030517578,59.29999923706055,59.81999969482422,22147000,-0.006206352655946379,0.18598226310250504,1318927672.2068787
2016-11-03,53.09626770019531,59.209999084472656,59.63999938964844,59.11000061035156,59.529998779296875,21600400,-0.0037087180791126606,0.18685795853412554,1281335721.408081
2016-11-04,52.64789581298828,58.709999084472656,59.279998779296875,58.52000045776367,58.650001525878906,28697000,-0.00848036542958619,0.189876006031182,1688435807.2776794
2016-11-07,54.181331634521484,60.41999816894531,60.52000045776367,59.779998779296875,59.779998779296875,31664800,0.0287101421108229,0.2129756978162456,1907487524.620565
2016-11-08,54.226165771484375,60.470001220703125,60.779998779296875,60.150001525878906,60.54999923706055,22935400,0.0008271409375155692,0.20416385645483656,1386827198.3322144
2016-11-09,53.95714569091797,60.16999816894531,60.59000015258789,59.20000076293945,60.0,49632500,-0.004973422082308776,0.20545785440837944,2977288218.186696
2016-11-10,52.6389274597168,58.70000076293945,60.4900016784668,57.630001068115234,60.47999954223633,57822400,-0.024734221377986643,0.22561100522121236,3408052323.642985
2016-11-11,52.92588806152344,59.02000045776367,59.119998931884766,58.0099983215332,58.22999954223633,38767800,0.005436684698593819,0.2245672524600655,2276315960.422516
2016-11-14,52.11881637573242,58.119998931884766,59.08000183105469,57.279998779296875,59.02000045776367,41328400,-0.015366554102304697,0.23146217418079232,2403659737.6937866
2016-11-15,53.148014068603516,58.869998931884766,59.4900016784668,58.31999969482422,58.33000183105469,35904100,0.019554697034798618,0.2394377193042096,2114512132.9856873
2016-11-16,53.852203369140625,59.650001525878906,59.65999984741211,58.810001373291016,58.939998626708984,27332500,0.013162580120116285,0.24241512758580444,1622821658.3569846
2016-11-17,54.745975494384766,60.63999938964844,60.95000076293945,59.970001220703125,60.40999984741211,32132700,0.016460539487652692,0.2458418976990814,1944671018.7091827
2016-11-18,54.48415756225586,60.349998474121094,61.13999938964844,60.29999923706055,60.779998779296875,27686300,-0.004793886562487248,0.2041976277091279,1677697465.5775707
2016-11-21,54.94458770751953,60.86000061035156,60.970001220703125,60.41999816894531,60.5,19652600,0.008415208659608542,0.19123126628667855,1193895450.0
2016-11-22,55.1793212890625,61.119998931884766,61.2599983215332,60.810001373291016,60.97999954223633,23206700,0.00426308762890848,0.19173149007349147,1417078447.0434825
2016-11-23,54.529296875,60.400001525878906,61.099998474121094,60.25,61.0099983215332,21848900,-0.011850154192535545,0.19527610978403703,1323679191.6666667
2016-11-25,54.64665603637695,60.529998779296875,60.529998779296875,60.130001068115234,60.29999923706055,8409600,0.0021499094526089557,0.1926242967736419,507911804.1503906
2016-11-28,54.71888732910156,60.61000061035156,61.02000045776367,60.209999084472656,60.34000015258789,20732600,0.0013209151804920438,0.19192196261678002,1256671995.7211812
2016-11-29,55.15222930908203,61.09000015258789,61.40999984741211,60.52000045776367,60.650001525878906,22366700,0.007888228321791146,0.19341386989601178,1364517814.7462208
2016-11-30,54.40289306640625,60.2599983215332,61.18000030517578,60.220001220703125,60.86000061035156,34655400,-0.013679833715771306,0.20003470489544087,2098499986.2373352
2016-12-01,53.445926666259766,59.20000076293945,60.150001525878906,58.939998626708984,60.11000061035156,34542100,-0.017746907550495017,0.20885969578505184,2052837013.5414124
2016-12-02,53.49106979370117,59.25,59.470001220703125,58.79999923706055,59.08000183105469,25515700,0.0008442939603212629,0.20839531562709304,1509849025.2267203
2016-12-05,54.366798400878906,60.220001220703125,60.59000015258789,59.560001373291016,59.70000076293945,23552700,0.016238923800024008,0.21267209533838854,1416066854.5631409
2016-12-06,54.12302780151367,59.95000076293945,60.459999084472656,59.79999923706055,60.43000030517578,19907000,-0.004493896213973336,0.18907031366353688,1195813483.9248657
2016-12-07,55.40501403808594,61.369998931884766,61.380001068115234,59.79999923706055,60.0099983215332,30809000,0.02341034794898489,0.20580004370154228,1874727642.1648662
2016-12-08,55.08000946044922,61.0099983215332,61.58000183105469,60.84000015258789,61.29999923706055,21220800,-0.005883250141665464,0.20616073899990922,1297510450.1586914
2016-12-09,55.94669723510742,61.970001220703125,61.9900016784668,61.130001068115234,61.18000030517578,27349400,0.015612556746331663,0.18918892110235128,1687366851.5009563
2016-12-12,56.12726593017578,62.16999816894531,62.29999923706055,61.720001220703125,61.81999969482422,20198100,0.0032223158030726395,0.18899154013849384,1253561403.7540436
2016-12-13,56.85854721069336,62.97999954223633,63.41999816894531,62.2400016784668,62.5,35718900,0.012944837441472679,0.17959383608165988,2246004424.732971
2016-12-14,56.58768844604492,62.68000030517578,63.45000076293945,62.529998779296875,63.0,30352700,-0.0047751126822372925,0.17325857928586127,1908780125.7895153
2016-12-15,56.49741744995117,62.58000183105469,63.150001525878906,62.29999923706055,62.70000076293945,27669900,-0.0015965146701244493,0.16999005919856236,1734257122.9251862
2016-12-16,56.244625091552734,62.29999923706055,62.95000076293945,62.119998931884766,62.95000076293945,42453100,-0.004484445666281367,0.16347827648743357,2651479100.5517325
2016-12-19,57.43632507324219,63.619998931884766,63.77000045776367,62.41999816894531,62.560001373291016,34338200,0.020966461572339057,0.1751565023402156,2172577886.055501
2016-12-20,57.36410140991211,63.540000915527344,63.79999923706055,63.029998779296875,63.689998626708984,26028400,-0.0012582474659943443,0.174332069848988,1651675493.3995566
2016-12-21,57.36410140991211,63.540000915527344,63.70000076293945,63.119998931884766,63.43000030517578,17096300,0.0,0.1743063569496617,1084817226.1449177
2016-12-22,57.37311935424805,63.54999923706055,64.0999984741211,63.40999984741211,63.84000015258789,22176600,0.00015719300667171865,0.1671386885307281,1412353713.9526367
2016-12-23,57.09326171875,63.2400016784668,63.540000915527344,62.79999923706055,63.45000076293945,12403800,-0.004889788433801279,0.16910966832043262,783837475.5706787
2016-12-27,57.12936782836914,63.279998779296875,64.06999969482422,63.209999084472656,63.209999084472656,11763200,0.0006322059116463663,0.1691710354801222,747198454.4270833
2016-12-28,56.8675651550293,62.9900016784668,63.400001525878906,62.83000183105469,63.400001525878906,14653300,-0.00459316100462992,0.16935305096938452,924232499.9284109
2016-12-29,56.78630828857422,62.900001525878906,63.20000076293945,62.72999954223633,62.86000061035156,10250600,-0.0014299007651565887,0.16056463657223088,645206938.9231365
2016-12-30,56.10017776489258,62.13999938964844,62.9900016784668,62.029998779296875,62.959999084472656,25579900,-0.01215626417379223,0.15281632187811645,1595844693.3656058
2017-01-03,56.49741744995117,62.58000183105469,62.84000015258789,62.130001068115234,62.790000915527344,20694100,0.007055947018998587,0.15351709582680276,1293726172.717794
2017-01-04,56.244625091552734,62.29999923706055,62.75,62.119998931884766,62.47999954223633,21340000,-0.004484445666281367,0.14715792626675758,1331402586.9750977
2017-01-05,56.244625091552734,62.29999923706055,62.65999984741211,62.029998779296875,62.189998626708984,24876000,0.0,0.14558846083263924,1550521062.286377
2017-01-06,56.73214340209961,62.84000015258789,63.150001525878906,62.040000915527344,62.29999923706055,19922900,0.008630470549141123,0.12572822304822373,1248700979.559962
2017-01-09,56.55158233642578,62.63999938964844,63.08000183105469,62.540000915527344,62.7599983215332,20382700,-0.003187769777166949,0.12415528885155129,1279082381.8473816
2017-01-10,56.53351974487305,62.619998931884766,63.06999969482422,62.279998779296875,62.72999954223633,18593000,-0.0003194513047946046,0.11275602710267615,1164975387.2566223
2017-01-11,57.04811477661133,63.189998626708984,63.22999954223633,62.43000030517578,62.61000061035156,21517300,0.009061298596291678,0.11627293774336613,1354514024.055735
2017-01-12,56.524505615234375,62.61000061035156,63.400001525878906,61.95000076293945,63.060001373291016,20968200,-0.009220758831494535,0.11235779985195275,1313727644.2634583
2017-01-13,56.60573959350586,62.70000076293945,62.869998931884766,62.349998474121094,62.619998931884766,19422300,0.0014361144905707945,0.11128687790894226,1216612860.1455688
2017-01-17,56.4522705078125,62.529998779296875,62.70000076293945,62.029998779296875,62.68000030517578,20664000,-0.002714874953457347,0.1115579845827018,1289846868.4387207
2017-01-18,56.42518615722656,62.5,62.70000076293945,62.119998931884766,62.66999816894531,19670100,-0.0004798894643087692,0.11040211553422405,1228201041.999054
2017-01-19,56.244625091552734,62.29999923706055,62.97999954223633,62.20000076293945,62.2400016784668,18451700,-0.0032051393047813903,0.08067669366271622,1153108235.8511608
2017-01-20,56.64186096191406,62.7400016784668,62.81999969482422,62.369998931884766,62.66999816894531,30213500,0.007037822220705259,0.0853737338471525,1892674354.7401428
2017-01-23,56.84046936035156,62.959999084472656,63.119998931884766,62.56999969482422,62.70000076293945,23097600,0.0035002559543704237,0.08655177001456485,1452454062.3779297
2017-01-24,57.346038818359375,63.52000045776367,63.7400016784668,62.939998626708984,63.20000076293945,24672900,0.008855210124953494,0.09236752951265778,1564261866.274643
2017-01-25,57.49049758911133,63.68000030517578,64.0999984741211,63.45000076293945,63.95000076293945,23672700,0.0025159039356363877,0.0909950700833805,1508976803.3878326
2017-01-26,58.02314758300781,64.2699966430664,64.54000091552734,63.54999923706055,64.12000274658203,43554600,0.009222352360769293,0.09604782671253993,2792720905.478668
2017-01-27,59.38636779785156,65.77999877929688,65.91000366210938,64.88999938964844,65.38999938964844,44818000,0.023222674489709938,0.12133807912785897,2936774174.0214033
2017-01-30,58.799556732177734,65.12999725341797,65.79000091552734,64.80000305175781,65.69000244140625,31651400,-0.009930385369394834,0.12789978838858107,2064937348.8789878
2017-01-31,58.36621856689453,64.6500015258789,65.1500015258789,64.26000213623047,64.86000061035156,25270500,-0.007397043036871942,0.12232183929139427,1634664453.7010193
2017-02-01,57.400211334228516,63.58000183105469,64.62000274658203,63.470001220703125,64.36000061035156,39671500,-0.01668928817116111,0.13665414631958847,2534612211.6762795
2017-02-02,57.030052185058594,63.16999816894531,63.40999984741211,62.75,63.25,45827000,-0.006469624885958147,0.13778796598900375,2892141939.698537
2017-02-03,57.49049758911133,63.68000030517578,63.70000076293945,63.06999969482422,63.5,30301800,0.008041314612906802,0.14006793515726065,1923659277.7061462
2017-02-06,57.45438003540039,63.63999938964844,63.650001525878906,63.13999938964844,63.5,19796400,-0.0006284326130234774,0.13743027501824892,1256609486.013794
2017-02-07,57.26479721069336,63.43000030517578,63.779998779296875,63.22999954223633,63.7400016784668,20277200,-0.0033051666137016156,0.1374719876639548,1287196646.7178345
2017-02-08,57.18354415893555,63.34000015258789,63.810001373291016,63.220001220703125,63.56999969482422,18096400,-0.0014199081338688302,0.1376200559339613,1148337239.2344155
2017-02-09,57.83355712890625,64.05999755859375,64.44000244140625,63.31999969482422,63.52000045776367,22644400,0.011303012909319676,0.13956727578791608,1447882933.6964927
2017-02-10,57.77938461303711,64.0,64.30000305175781,63.97999954223633,64.25,18170700,-0.0009371359125980305,0.1350290940687489,1164620747.711563
2017-02-13,58.42941665649414,64.72000122070312,64.86000061035156,64.12999725341797,64.23999786376953,22920100,0.011187428423620638,0.1394782218658626,1479950850.0053406
2017-02-14,58.64739227294922,64.56999969482422,64.72000122070312,64.0199966430664,64.41000366210938,23108400,0.0037236387002632654,0.13875393137577516,1489028249.194336
2017-02-15,58.61106491088867,64.52999877929688,64.56999969482422,64.16000366210938,64.5,17005200,-0.0006196118232368875,0.13878505949367187,1095474996.1090088
2017-02-16,58.60198211669922,64.5199966430664,65.23999786376953,64.44000244140625,64.73999786376953,20546300,-0.0001549792354680335,0.13776873185055893,1330030465.7658896
2017-02-17,58.69280242919922,64.62000274658203,64.69000244140625,64.30000305175781,64.47000122070312,21248800,0.001548582590459091,0.13656991727483928,1371326781.028239
2017-02-21,58.5747184753418,64.48999786376953,64.94999694824219,64.44999694824219,64.61000061035156,20655900,-0.002013924961624447,0.13702571073781014,1334990760.2668762
2017-02-22,58.4566535949707,64.36000061035156,64.38999938964844,64.05000305175781,64.33000183105469,19292700,-0.002017662757184624,0.13482054137450317,1239877539.6255493
2017-02-23,58.69280242919922,64.62000274658203,64.7300033569336,64.19000244140625,64.41999816894531,20273100,0.004031587718809071,0.13514266535759567,1307885315.7440186
2017-02-24,58.69280242919922,64.62000274658203,64.80000305175781,64.13999938964844,64.52999877929688,21796800,0.0,0.13182872380703547,1406329573.6938477
2017-02-27,58.338592529296875,64.2300033569336,64.54000091552734,64.05000305175781,64.54000091552734,15871500,-0.006053264281904447,0.10454062858468371,1020114248.7487792
2017-02-28,58.111515045166016,63.97999954223633,64.19999694824219,63.7599983215332,64.08000183105469,23239800,-0.0039000010679499653,0.09995107144475399,1486882363.81073
2017-03-01,58.98345184326172,64.94000244140625,64.98999786376953,64.0199966430664,64.12999725341797,26937500,0.014893089563184247,0.11005947898998943,1741509347.5977578
2017-03-02,58.13875961303711,64.01000213623047,64.75,63.880001068115234,64.69000244140625,24539600,-0.014424366913710962,0.10579184452803224,1575769540.877787
2017-03-03,58.356746673583984,64.25,64.27999877929688,63.619998931884766,63.9900016784668,18135900,0.0037424158564851595,0.10300872948499623,1161604381.1634064
2017-03-06,58.37491226196289,64.2699966430664,64.55999755859375,63.810001373291016,63.970001220703125,18750300,0.0003112367063264898,0.09991800623700237,1204019236.3430023
2017-03-07,58.49298095703125,64.4000015258789,64.77999877929688,64.19000244140625,64.19000244140625,18521000,0.0020205504178338884,0.09987340365137681,1193801940.2898154
2017-03-08,59.02886962890625,64.98999786376953,65.08000183105469,64.25,64.26000213623047,21510900,0.009119876575276464,0.10250504354646613,1393332693.811798
2017-03-09,58.7927131652832,64.7300033569336,65.19999694824219,64.4800033569336,65.19000244140625,19846800,-0.004008718509322939,0.1038224738725133,1286138820.2270508
2017-03-10,58.97437286376953,64.93000030517578,65.26000213623047,64.75,65.11000061035156,19538200,0.0030850698389990328,0.09764265577014083,1269592251.9002278
2017-03-13,58.774559020996094,64.70999908447266,65.19000244140625,64.56999969482422,65.01000213623047,20100000,-0.003393899738575179,0.09861450842252378,1302949008.178711
2017-03-14,58.502071380615234,64.41000366210938,64.55000305175781,64.1500015258789,64.52999877929688,14280200,-0.004646929738483685,0.09275051763908666,919216513.2217407
2017-03-15,58.81088638305664,64.75,64.91999816894531,64.25,64.55000305175781,24833800,0.00526481851020133,0.09366586681259527,1605256816.8426514
2017-03-16,58.71098327636719,64.63999938964844,64.76000213623047,64.30000305175781,64.75,20674300,-0.0017001623790289244,0.09385058776458609,1334870668.213145
2017-03-17,58.91988754272461,64.87000274658203,65.23999786376953,64.68000030517578,64.91000366210938,49219700,0.00355186499132909,0.09460431480720641,3195835136.0206604
2017-03-20,58.97437286376953,64.93000030517578,65.18000030517578,64.72000122070312,64.91000366210938,14598100,0.0009243083545573683,0.09452266929466088,948049283.2433064
2017-03-21,58.32041549682617,64.20999908447266,65.5,64.12999725341797,65.19000244140625,26640500,-0.011150779197459215,0.10223803941082697,1721331474.146525
2017-03-22,59.065208435058594,65.02999877929688,65.13999938964844,64.12000274658203,64.12000274658203,20680000,0.012689849197878189,0.1112415529723599,1339305739.6443684
2017-03-23,58.91988754272461,64.87000274658203,65.23999786376953,64.7699966430664,64.94000244140625,19269200,-0.002463378354976342,0.11092576058903167,1251727214.3585205
2017-03-24,59.0197868347168,64.9800033569336,65.44999694824219,64.76000213623047,65.36000061035156,22617100,0.0016940748125886529,0.11104338910875171,1471543934.7391765
2017-03-27,59.12876892089844,65.0999984741211,65.22000122070312,64.3499984741211,64.62999725341797,18614700,0.0018448319811250613,0.10870713338671473,1207907871.6384888
2017-03-28,59.301361083984375,65.29000091552734,65.47000122070312,64.6500015258789,64.95999908447266,20080400,0.0029146685098435654,0.1076469135323108,1307970345.8455405
2017-03-29,59.46485137939453,65.47000122070312,65.5,64.94999694824219,65.12000274658203,13618400,0.0027531466279508976,0.09542439909616006,889372301.0213217
2017-03-30,59.682830810546875,65.70999908447266,65.9800033569336,65.36000061035156,65.41999816894531,15122800,0.003658983042574171,0.0791308959134739,993315928.717041
2017-03-31,59.81905746459961,65.86000061035156,66.19000244140625,65.44999694824219,65.6500015258789,21040300,0.0022799089625724633,0.07872532199696111,1385153083.3333333
2017-04-03,59.537513732910156,65.55000305175781,65.94000244140625,65.19000244140625,65.80999755859375,20400900,-0.004717700098964883,0.08134974118139594,1337483057.9574585
2017-04-04,59.70099639892578,65.7300033569336,65.80999755859375,65.27999877929688,65.38999938964844,12997400,0.002742113571746252,0.08150352076816504,852716088.0111694
2017-04-05,59.54658126831055,65.55999755859375,66.3499984741211,65.44000244140625,66.30000305175781,21448600,-0.0025898256374459194,0.07677621242737209,1410960392.4240112
2017-04-06,59.70099639892578,65.7300033569336,66.05999755859375,65.4800033569336,65.5999984741211,18103500,0.0025898256374459194,0.07534311957783604,1190425840.7821655
2017-04-07,59.655582427978516,65.68000030517578,65.95999908447266,65.44000244140625,65.8499984741211,14108500,-0.0007609798066461337,0.07502622253365052,926834401.9444783
2017-04-10,59.51933670043945,65.52999877929688,65.81999969482422,65.36000061035156,65.61000061035156,17952700,-0.002286484234994113,0.07438330073323673,1177158533.5212708
2017-04-11,59.47393035888672,65.4800033569336,65.61000061035156,64.8499984741211,65.5999984741211,18791500,-0.0007631750077745636,0.07209027355377395,1227335518.6258953
2017-04-12,59.24686050415039,65.2300033569336,65.51000213623047,65.11000061035156,65.41999816894531,17108500,-0.003825279969480455,0.07189422816005087,1116899943.1406658
2017-04-13,58.9925422668457,64.94999694824219,65.86000061035156,64.94999694824219,65.29000091552734,17896500,-0.004301757680213569,0.0733857637579458,1167806247.2305298
2017-04-17,59.47393035888672,65.4800033569336,65.48999786376953,65.01000213623047,65.04000091552734,16689300,0.008127037649694024,0.07757550600030726,1090256356.6749573
2017-04-18,59.392181396484375,65.38999938964844,65.70999908447266,65.16000366210938,65.33000183105469,15155600,-0.001375479925839862,0.07781273548715105,991479362.7919515
2017-04-19,59.07426834106445,65.04000091552734,65.75,64.88999938964844,65.6500015258789,26992800,-0.005367153641948619,0.06912727109733866,1760650370.7458494
2017-04-20,59.49209976196289,65.5,65.75,65.13999938964844,65.45999908447266,22299500,0.00704808888472197,0.05870885807511111,1459799597.1298218
2017-04-21,60.309547424316406,66.4000015258789,66.69999694824219,65.44999694824219,65.66999816894531,32522600,0.013646896652098839,0.07353348522114406,2152454027.041117
2017-04-24,61.33589553833008,67.52999877929688,67.66000366210938,67.0999984741211,67.4800033569336,29770000,0.016874819871635083,0.09147620223273294,2007391109.085083
2017-04-25,61.69010543823242,67.91999816894531,68.04000091552734,67.5999984741211,67.9000015258789,30242700,0.005758309232760439,0.09243024764923924,2052067979.3884277
2017-04-26,61.60837173461914,67.83000183105469,68.30999755859375,67.62000274658203,68.08000183105469,26190800,-0.0013257862945161847,0.0931327156787422,1778879154.6498618
2017-04-27,62.00801467895508,68.2699966430664,68.37999725341797,67.58000183105469,68.1500015258789,34971000,0.006465879617942427,0.09443383250828762,2380709060.195923
2017-04-28,62.18056869506836,68.45999908447266,69.13999938964844,67.69000244140625,68.91000366210938,39548800,0.0027789048311559483,0.09429904473962249,2706324396.069336
2017-05-01,63.0434455871582,69.41000366210938,69.55000305175781,68.5,68.68000030517578,31954400,0.013781550675540544,0.10267647299914678,2209753346.179199
2017-05-02,62.94353103637695,69.30000305175781,69.70999908447266,69.12999725341797,69.70999908447266,23906100,-0.0015861095234699363,0.10040114472173968,1658605213.1362915
2017-05-03,62.743709564208984,69.08000183105469,69.37999725341797,68.70999908447266,69.37999725341797,28928000,-0.0031796646909763027,0.1024989528195464,1997671235.6770835
2017-05-04,62.498477935791016,68.80999755859375,69.08000183105469,68.63999938964844,69.02999877929688,21749400,-0.003916123579754682,0.10342495752369497,1497301185.1501465
2017-05-05,62.67107391357422,69.0,69.02999877929688,68.48999786376953,68.9000015258789,19128800,0.0027577966785399255,0.10343008239372718,1316826570.5952964
2017-05-08,62.61656951904297,68.94000244140625,69.05000305175781,68.41999816894531,68.97000122070312,18566100,-0.0008700682122571024,0.10347313558262565,1277409589.6636963
2017-05-09,62.7073860168457,69.04000091552734,69.27999877929688,68.68000030517578,68.86000061035156,22858400,0.0014493081280591014,0.10212966516137867,1577229600.0
2017-05-10,62.952613830566406,69.30999755859375,69.55999755859375,68.91999816894531,68.98999786376953,17977800,0.003903041943812191,0.10146221216540045,1245202313.7664795
2017-05-11,62.18056869506836,68.45999908447266,68.7300033569336,68.12000274658203,68.36000061035156,28789400,-0.012339731419493738,0.11221836227662858,1970250621.11969
2017-05-12,62.10792922973633,68.37999725341797,68.61000061035156,68.04000091552734,68.61000061035156,18714100,-0.001168884889839461,0.11036326554802563,1278983966.7185466
2017-05-15,62.153358459472656,68.43000030517578,68.4800033569336,67.56999969482422,68.13999938964844,31530300,0.0007311888135905775,0.10862633647156443,2149105283.281708
2017-05-16,63.40482711791992,69.41000366210938,69.44000244140625,68.16000366210938,68.2300033569336,34956000,0.019935141590607053,0.12374911282387525,2412080633.7890625
2017-05-17,61.641788482666016,67.4800033569336,69.0999984741211,67.43000030517578,68.88999938964844,30548800,-0.02819997105187788,0.16285978406984739,2077420251.0864258
2017-05-18,61.85188293457031,67.70999908447266,68.12999725341797,67.13999938964844,67.4000015258789,25201300,0.00340251694170135,0.16195777642412407,1705119922.1094768
2017-05-19,61.8336296081543,67.69000244140625,68.0999984741211,67.43000030517578,67.5,26961100,-0.00029515706687543997,0.15635121194123905,1826344924.9704998
2017-05-22,62.52786636352539,68.44999694824219,68.5,67.5,67.88999938964844,16237600,0.011164934317478448,0.1502910701002247,1106592423.482259
2017-05-23,62.73796463012695,68.68000030517578,68.75,68.37999725341797,68.72000122070312,15425800,0.0033544417011723837,0.1495528285821923,1058261286.7797852
2017-05-24,62.820167541503906,68.7699966430664,68.87999725341797,68.44999694824219,68.87000274658203,14593900,0.001309400222830881,0.14934927023089747,1002600885.4629517
2017-05-25,63.59663009643555,69.62000274658203,69.87999725341797,68.91000366210938,68.97000122070312,21854100,0.012284321921251617,0.15334828776720297,1518204353.6773682
2017-05-26,63.90724563598633,69.95999908447266,70.22000122070312,69.5199966430664,69.80000305175781,19827900,0.004872262152657569,0.15377913512585079,1385970189.830017
2017-05-30,64.31827545166016,70.41000366210938,70.41000366210938,69.7699966430664,69.79000091552734,17072800,0.006411067313661256,0.1483000873212498,1198453673.244222
2017-05-31,63.7976188659668,69.83999633789062,70.73999786376953,69.80999755859375,70.52999877929688,30436400,-0.008127944699274359,0.15143207365697822,2134504648.4039307
2017-06-01,64.03510284423828,70.0999984741211,70.61000061035156,69.44999694824219,70.23999786376953,21603600,0.0037155471354362035,0.1510999079874225,1513404163.4307861
2017-06-02,65.5514907836914,71.76000213623047,71.86000061035156,70.23999786376953,70.44000244140625,34770300,0.023404537706965378,0.16842895480071335,2478658793.0740356
2017-06-05,66.02651977539062,72.27999877929688,72.88999938964844,71.80999755859375,71.97000122070312,33316800,0.007220523452513561,0.1692591700017582,2409693040.551758
2017-06-06,66.24574279785156,72.5199966430664,72.62000274658203,72.2699966430664,72.30000305175781,31511100,0.003314727047388999,0.16879432421545215,2283609375.328827
2017-06-07,66.1269760131836,72.38999938964844,72.7699966430664,71.94999694824219,72.63999938964844,22301800,-0.001794430417439763,0.1694971199254367,1613981213.8209026
2017-06-08,65.72505950927734,71.94999694824219,72.5199966430664,71.5,72.51000213623047,24588300,-0.006096496685210617,0.17208033027511555,1770111664.4737244
2017-06-09,64.2360610961914,70.31999969482422,72.08000183105469,68.58999633789062,72.04000091552734,49187400,-0.02291552372434502,0.18658353863565888,3459349806.9747925
2017-06-12,63.7427978515625,69.77999877929688,69.94000244140625,68.12999725341797,69.25,47761700,-0.007708549540582865,0.18917175886180124,3309089757.37381
2017-06-13,64.53752136230469,70.6500015258789,70.81999969482422,69.95999908447266,70.0199966430664,25258600,0.012390578432847299,0.19299301249046982,1780141935.2361042
2017-06-14,64.1904067993164,70.2699966430664,71.0999984741211,69.43000030517578,70.91000366210938,25510700,-0.005393008483096651,0.1827636003533539,1792551814.4070945
2017-06-15,63.85239791870117,69.9000015258789,70.20999908447266,68.80000305175781,69.2699966430664,26068700,-0.005279635454924936,0.15181293414068028,1815337404.155477
2017-06-16,63.94376754760742,70.0,70.02999877929688,69.22000122070312,69.7300033569336,48345100,0.0014299277938647492,0.1516976599678224,3372070725.0
2017-06-19,64.73851013183594,70.87000274658203,70.94000244140625,70.3499984741211,70.5,23798300,0.01235217006457745,0.15589331707445503,1683015805.0506592
2017-06-20,63.8615608215332,69.91000366210938,70.87000274658203,69.87000274658203,70.81999969482422,21512200,-0.01363860684245477,0.16162607648719615,1510515042.3166912
2017-06-21,64.1904067993164,70.2699966430664,70.62000274658203,69.94000244140625,70.20999908447266,19891100,0.005136144438937507,0.16206238751632748,1397880216.4738975
2017-06-22,64.18128967285156,70.26000213623047,70.58999633789062,69.70999908447266,70.54000091552734,22965700,-0.00014204262669625933,0.16212155183181465,1611885911.977132
2017-06-23,65.04906463623047,71.20999908447266,71.25,69.91999816894531,70.08999633789062,27617300,0.013430095602182668,0.16316512216148862,1955120699.3822732
2017-06-26,64.42790222167969,70.52999877929688,71.70999908447266,70.44000244140625,71.4000015258789,19607000,-0.00959502211395602,0.16662391291660353,1390005588.6611938
2017-06-27,63.22211456298828,69.20999908447266,70.18000030517578,69.18000030517578,70.11000061035156,25215100,-0.01889264967169435,0.17775914744021823,1753037799.7683208
2017-06-28,63.76104736328125,69.80000305175781,69.83999633789062,68.79000091552734,69.20999908447266,25806200,0.00848830707972592,0.17849288415394066,1792928757.9584756
2017-06-29,62.56440734863281,68.48999786376953,69.48999786376953,68.08999633789062,69.37999725341797,28918700,-0.018945917296504078,0.18939007605432187,1986425426.5141807
2017-06-30,62.966339111328125,68.93000030517578,69.37999725341797,68.73999786376953,68.77999877929688,24161100,0.006403740080580533,0.16971613609520975,1667518548.1330872
2017-07-03,62.2720947265625,68.16999816894531,69.5999984741211,68.0199966430664,69.33000183105469,16165500,-0.011086876045705019,0.16898565137183202,1108899378.8223267
2017-07-05,63.103370666503906,69.08000183105469,69.44000244140625,68.22000122070312,68.26000213623047,21176300,0.013260778236534598,0.1769314495526686,1459329459.44163
2017-07-06,62.63747787475586,68.56999969482422,68.77999877929688,68.12000274658203,68.2699966430664,21117600,-0.007410398914188043,0.1777423265963463,1446344432.5927734
2017-07-07,63.450477600097656,69.45999908447266,69.83999633789062,68.69999694824219,68.69999694824219,16878300,0.012895934261394792,0.18517441662150044,1170228757.0762634
2017-07-10,63.92550277709961,69.9800033569336,70.25,69.19999694824219,69.45999908447266,15014500,0.007458664935058756,0.17070649207838132,1048162246.527354
2017-07-11,63.93464279174805,69.98999786376953,70.68000030517578,69.75,70.0,17460000,0.00014296893880949568,0.16852702333104266,1224644389.3432617
2017-07-12,64.99427795410156,71.1500015258789,71.27999877929688,70.55000305175781,70.69000244140625,17750900,0.01643787935104246,0.17275951060368624,1260195580.529531
2017-07-13,65.56061553955078,71.7699966430664,72.04000091552734,71.30999755859375,71.5,20269800,0.008675908236103425,0.1737184111384102,1453479759.008789
2017-07-14,66.48323059082031,72.77999877929688,73.2699966430664,71.95999908447266,72.23999786376953,25868100,0.013974601513218943,0.17759939704537023,1879834779.6340942
2017-07-17,67.00392150878906,73.3499984741211,73.44999694824219,72.72000122070312,72.80000305175781,21803900,0.007801403365478521,0.178697872139951,1595464018.2685852
2017-07-18,66.95824432373047,73.30000305175781,73.38999938964844,72.66000366210938,73.08999633789062,26435300,-0.0006819415996277556,0.17514858575559344,1932861072.1160889
2017-07-19,67.46981048583984,73.86000061035156,74.04000091552734,73.44999694824219,73.5,22416200,0.007611039709365386,0.16696121747740325,1653941945.2651978
2017-07-20,67.79865264892578,74.22000122070312,74.30000305175781,73.27999877929688,74.18000030517578,42361000,0.004862076544350558,0.1669145122655633,3131889976.425171
2017-07-21,67.40587615966797,73.79000091552734,74.29000091552734,73.16999816894531,73.44999694824219,46717100,-0.0058101248182929055,0.1692804743533686,3445386125.0
2017-07-24,67.23231506347656,73.5999984741211,73.75,73.12999725341797,73.52999877929688,21394800,-0.0025781866312035717,0.16520992359332573,1572375137.5305176
2017-07-25,67.77125549316406,74.19000244140625,74.30999755859375,73.5,73.80000305175781,22018700,0.007984133907294577,0.16128116231019216,1629383800.0
2017-07-26,67.64335632324219,74.05000305175781,74.37999725341797,73.80999755859375,74.33999633789062,16252200,-0.0018890015817119021,0.1424541369818125,1203962964.427185
2017-07-27,66.83037567138672,73.16000366210938,74.41999816894531,72.31999969482422,73.76000213623047,36844200,-0.012091440384455865,0.15070978808639995,2700679878.739929
2017-07-28,66.72075653076172,73.04000091552734,73.30999755859375,72.54000091552734,72.66999816894531,18306700,-0.0016416059292776453,0.1304258915929405,1335717850.6088257
2017-07-31,66.41018676757812,72.69999694824219,73.44000244140625,72.41000366210938,73.30000305175781,23600100,-0.00466563698666711,0.1326212262550106,1719267309.0072632
2017-08-01,66.300537109375,72.58000183105469,73.41999816894531,72.48999786376953,73.0999984741211,22132300,-0.0016524615336415138,0.12403603974580743,1611895393.240102
2017-08-02,66.00826263427734,72.26000213623047,72.55999755859375,71.44000244140625,72.55000305175781,26499200,-0.004418072737134793,0.12089092347440739,1910239016.2027993
2017-08-03,65.90776062011719,72.1500015258789,72.44000244140625,71.8499984741211,72.19000244140625,18214400,-0.0015237274612402985,0.1166031931259426,1314108260.15625
2017-08-04,66.39190673828125,72.68000030517578,73.04000091552734,72.23999786376953,72.4000015258789,22579000,0.0073189644241233864,0.11186524384003348,1640439606.4427693
2017-08-07,66.1361312866211,72.4000015258789,72.9000015258789,72.26000213623047,72.80000305175781,18705700,-0.0038599495328375255,0.11209887497119114,1356537396.3483174
2017-08-08,66.49240112304688,72.79000091552734,73.12999725341797,71.75,72.08999633789062,22044600,0.005372459257142914,0.11264252577113439,1599482680.545044
2017-08-09,66.20006561279297,72.47000122070312,72.51000213623047,72.05000305175781,72.25,22213400,-0.004406218233991233,0.10141448828583537,1606991448.1196084
2017-08-10,65.23179626464844,71.41000366210938,72.19000244140625,71.3499984741211,71.9000015258789,24734500,-0.014734431242705348,0.11076522815937022,1772226962.7418518
2017-08-11,66.22749328613281,72.5,72.69999694824219,71.27999877929688,71.61000061035156,21443700,0.01514866033459672,0.112722358298454,1547377361.4608765
2017-08-14,67.22317504882812,73.58999633789062,73.72000122070312,72.94999694824219,73.05999755859375,20096600,0.014922371710089699,0.12144067161275655,1475492335.2020264
2017-08-15,67.24154663085938,73.22000122070312,73.58999633789062,73.04000091552734,73.58999633789062,19181400,0.00027325505033726216,0.12140185868653558,1405676920.2438354
2017-08-16,67.63642120361328,73.6500015258789,74.0999984741211,73.16999816894531,73.33999633789062,18150400,0.005855303238457843,0.12019943136762777,1336595444.921875
2017-08-17,66.48849487304688,72.4000015258789,73.87000274658203,72.4000015258789,73.58000183105469,22977500,-0.01711768989696605,0.13268752874243947,1674830019.4104514
2017-08-18,66.57113647460938,72.48999786376953,72.83999633789062,71.93000030517578,72.2699966430664,18761500,0.001242174074161717,0.1316895514103543,1358707795.6466675
2017-08-21,66.25889587402344,72.1500015258789,72.4800033569336,71.69999694824219,72.47000122070312,17734800,-0.004701364144560571,0.13229022946906824,1278856438.824463
2017-08-22,67.18643951416016,73.16000366210938,73.23999786376953,72.3499984741211,72.3499984741211,14343700,0.013901701026437507,0.1386334135984398,1045894791.6666667
2017-08-23,66.78237915039062,72.72000122070312,73.1500015258789,72.52999877929688,72.95999908447266,13766500,-0.00603217365074471,0.13991669655786343,1002201207.0020039
2017-08-24,66.75481414794922,72.69000244140625,72.86000061035156,72.06999969482422,72.73999786376953,17098300,-0.00041284382503548045,0.1335636363837356,1240310697.6539612
2017-08-25,66.87420654296875,72.81999969482422,73.3499984741211,72.4800033569336,72.86000061035156,12794300,0.0017869236214034245,0.13357770837372884,932491238.1741842
2017-08-28,66.88338470458984,72.83000183105469,73.08999633789062,72.55000305175781,73.05999755859375,14569700,0.00013723574938673266,0.13244065815312944,1061014125.5950928
2017-08-29,67.0854263305664,73.05000305175781,73.16000366210938,72.05000305175781,72.25,11478400,0.0030162509854756436,0.13253397635720332,835091898.6979167
2017-08-30,67.96703338623047,74.01000213623047,74.20999908447266,72.83000183105469,73.01000213623047,16897800,0.013055957374788818,0.1378970597784349,1245086247.189331
2017-08-31,68.66497039794922,74.7699966430664,74.95999908447266,73.80000305175781,74.02999877929688,27652800,0.010216392396464435,0.14064869835335922,2060410116.7480466
2017-09-01,67.90275573730469,73.94000244140625,74.73999786376953,73.63999938964844,74.70999908447266,21736200,-0.011162557900005865,0.1463430052997894,1610797325.7888794
2017-09-05,67.59968566894531,73.61000061035156,73.88999938964844,72.9800033569336,73.33999633789062,21556000,-0.004473285803420879,0.14662137281367474,1584222317.4540203
2017-09-06,67.4068374633789,73.4000015258789,74.04000091552734,73.3499984741211,73.73999786376953,16535800,-0.0028568743532781937,0.14636010111105396,1216979765.7129924
2017-09-07,68.27008056640625,74.33999633789062,74.5999984741211,73.5999984741211,73.68000030517578,17471200,0.012725152726678957,0.15078872017848244,1296013576.9002278
2017-09-08,67.93948364257812,73.9800033569336,74.44000244140625,73.83999633789062,74.33000183105469,14703800,-0.0048542490378347125,0.1409036217051985,1089355539.8035684
2017-09-11,68.65579986572266,74.76000213623047,74.94000244140625,74.30999755859375,74.30999755859375,17910400,0.010488250709244085,0.13628477224477645,1337369580.7535808
2017-09-12,68.58232116699219,74.68000030517578,75.23999786376953,74.37000274658203,74.76000213623047,14394900,-0.0010708206320337865,0.12785446065106418,1076210711.3929749
2017-09-13,69.06907653808594,75.20999908447266,75.2300033569336,74.55000305175781,74.93000030517578,13380800,0.007072320486000372,0.12952004667719377,1003515421.8343099
2017-09-14,68.66497039794922,74.7699966430664,75.48999786376953,74.5199966430664,75.0,15733900,-0.0058679361953499765,0.130716596830065,1178888634.2511494
2017-09-15,69.16085815429688,75.30999755859375,75.38999938964844,74.06999969482422,74.83000183105469,38578400,0.007195892110297031,0.11494558547754348,2890422279.498291
2017-09-18,69.02313995361328,75.16000366210938,75.97000122070312,75.04000091552734,75.2300033569336,23307000,-0.0019932589614777285,0.1157460872969131,1757114775.0473022
2017-09-19,69.28026580810547,75.44000244140625,75.70999908447266,75.01000213623047,75.20999908447266,16093300,0.003718290946214786,0.11342167833574729,1213220262.3118083
2017-09-20,68.82109832763672,74.94000244140625,75.55000305175781,74.30999755859375,75.3499984741211,21587900,-0.006649741301792744,0.10897323936868827,1617653328.6270142
2017-09-21,68.15069580078125,74.20999908447266,75.23999786376953,74.11000061035156,75.11000061035156,19186100,-0.009788991733963748,0.11282275896931197,1429748156.386312
2017-09-22,68.3343734741211,74.41000366210938,74.51000213623047,73.8499984741211,73.98999786376953,14111400,0.0026915439938157704,0.1128392726687991,1047865546.0968018
2017-09-25,67.27830505371094,73.26000213623047,74.25,72.91999816894531,74.08999633789062,24149200,-0.015575089003632137,0.12677033772796506,1774402721.1232502
2017-09-26,67.27830505371094,73.26000213623047,73.80999755859375,72.98999786376953,73.66999816894531,18019600,0.0,0.12677346368296993,1321797710.6689453
2017-09-27,67.8200912475586,73.8499984741211,74.16999816894531,73.16999816894531,73.55000305175781,19565100,0.008020659210577818,0.1292847606170395,1442534789.1654968
2017-09-28,67.83848571777344,73.87000274658203,73.97000122070312,73.30999755859375,73.54000091552734,10883800,0.00027118772346046427,0.12099662294958326,802317462.2024536
2017-09-29,68.4078369140625,74.48999786376953,74.54000091552734,73.87999725341797,73.94000244140625,17079100,0.008357722974951187,0.11915779973395031,1269034037.7474468
2017-10-02,68.51805114746094,74.61000061035156,75.01000213623047,74.30000305175781,74.70999908447266,15304800,0.0016098381213547341,0.11233363220044201,1142350301.5808105
2017-10-03,68.19662475585938,74.26000213623047,74.87999725341797,74.19000244140625,74.66999816894531,12190400,-0.004702157712234367,0.11246276401541025,907494018.1070963
2017-10-04,68.59149169921875,74.69000244140625,74.72000122070312,73.70999908447266,74.08999633789062,13317700,0.005773426090152967,0.11323646792539316,990481753.5260518
2017-10-05,69.76701354980469,75.97000122070312,76.12000274658203,74.95999908447266,75.22000122070312,21195300,0.016992813486787384,0.1196467755927981,1604130976.5609741
2017-10-06,69.7945327758789,76.0,76.02999877929688,75.54000091552734,75.66999816894531,13959800,0.0003943668890951102,0.11772685638290145,1058943893.913269
2017-10-09,70.06086730957031,76.29000091552734,76.55000305175781,75.86000061035156,75.97000122070312,11386500,0.00380871751094336,0.1133797159278875,868030867.3744202
2017-10-10,70.06086730957031,76.29000091552734,76.62999725341797,76.13999938964844,76.33000183105469,13944500,0.0,0.11319211931039451,1064709045.3186035
2017-10-11,70.18022155761719,76.41999816894531,76.45999908447266,75.94999694824219,76.36000061035156,15388900,0.0017021299225143949,0.1111075825406431,1173813965.9233093
2017-10-12,70.82311248779297,77.12000274658203,77.29000091552734,76.37000274658203,76.48999786376953,16876500,0.009118867854031265,0.1118745376561916,1298252926.0520935
2017-10-13,71.16289520263672,77.48999786376953,77.87000274658203,77.29000091552734,77.58999633789062,15335700,0.004786152790612341,0.11064541366993916,1189283542.8001404
2017-10-16,71.30982208251953,77.6500015258789,77.80999755859375,77.3499984741211,77.41999816894531,12380100,0.002062527265126235,0.10995341992840257,960737016.9250488
2017-10-17,71.25472259521484,77.58999633789062,77.62000274658203,77.25,77.47000122070312,16824000,-0.0007729760603902847,0.10997641005765711,1303635674.8657227
2017-10-18,71.27308654785156,77.61000061035156,77.8499984741211,77.37000274658203,77.66999816894531,13300700,0.0002576893989845175,0.10613131109315496,1032267335.118103
2017-10-19,71.54859924316406,77.91000366210938,77.93000030517578,77.3499984741211,77.56999969482422,15092800,0.0038581401072628196,0.09759459542868806,1173163356.282552
2017-10-20,72.37510681152344,78.80999755859375,78.97000122070312,78.22000122070312,78.31999969482422,22866400,0.011485483202403834,0.10250721865434584,1798823466.6666667
2017-10-23,72.39346313476562,78.83000183105469,79.33999633789062,78.76000213623047,78.98999786376953,20627200,0.0002535954226443593,0.07841150177934161,1629067500.7649739
2017-10-24,72.42101287841797,78.86000061035156,79.19999694824219,78.45999908447266,78.9000015258789,17517200,0.00038048328790285524,0.07819824973642639,1381056028.398641
2017-10-25,72.20980072021484,78.62999725341797,79.0999984741211,78.01000213623047,78.58000183105469,20410800,-0.0029207096758163686,0.07969898931779569,1603880649.4659424
2017-10-26,72.32919311523438,78.76000213623047,79.41999816894531,78.75,79.19999694824219,32120700,0.0016520444622685204,0.07921533321852403,2536785820.2674866
2017-10-27,76.96685028076172,83.80999755859375,86.19999694824219,83.61000061035156,84.37000274658203,71066700,0.06214698812491548,0.218843043814655,6007978702.331543
2017-10-30,77.04033660888672,83.88999938964844,84.33000183105469,83.11000061035156,83.69999694824219,31756700,0.0009543234336835127,0.219016431804079,2660470489.716085
2017-10-31,76.3882827758789,83.18000030517578,84.36000061035156,83.11000061035156,84.36000061035156,27086600,-0.008499819151840171,0.2217020387129551,2263085443.776957
2017-11-01,76.3882827758789,83.18000030517578,83.76000213623047,82.87999725341797,83.68000030517578,22307400,0.0,0.2225668101857548,1857611553.730774
2017-11-02,77.18724060058594,84.05000305175781,84.45999908447266,83.12000274658203,83.3499984741211,23992900,0.010404848573752012,0.21938113415757582,2012444514.7176106
2017-11-03,77.26988220214844,84.13999938964844,84.54000091552734,83.4000015258789,84.08000183105469,17633500,0.0010700912712726662,0.21921270089578276,1481684237.429301
2017-11-06,77.57295227050781,84.47000122070312,84.69999694824219,84.08000183105469,84.19999694824219,19860900,0.003914555767536854,0.21920522766787687,1676590975.0
2017-11-07,77.3892822265625,84.2699966430664,84.9000015258789,83.93000030517578,84.7699966430664,17939700,-0.0023705147328332288,0.22005094649648488,1513512680.8753967
2017-11-08,77.65562438964844,84.55999755859375,84.61000061035156,83.83000183105469,84.13999938964844,18034200,0.003435681066711993,0.2198077558405969,1520884200.0
2017-11-09,77.22399139404297,84.08999633789062,84.2699966430664,82.9000015258789,84.11000061035156,21178400,-0.005573801444329618,0.2222542993040499,1773761555.887858
2017-11-10,77.02196502685547,83.87000274658203,84.0999984741211,83.2300033569336,83.79000091552734,19397800,-0.00261953684103311,0.22353440107174913,1624242482.932027
2017-11-13,77.07704162597656,83.93000030517578,83.94000244140625,83.45999908447266,83.66000366210938,14196900,0.0007148209798701899,0.22372678578392388,1189368967.6651
2017-11-14,77.18724060058594,84.05000305175781,84.0999984741211,82.9800033569336,83.5,18801300,0.001428703932804254,0.22327799838854878,1573856853.6010742
2017-11-15,76.58731842041016,82.9800033569336,83.69000244140625,82.69000244140625,83.47000122070312,19383100,-0.0078026590051267775,0.22669497921527973,1611123325.2372742
2017-11-16,76.79035949707031,83.19999694824219,83.41999816894531,82.94000244140625,83.0999984741211,20962800,0.0026475977211681823,0.22671600457051086,1743825438.9404297
2017-11-17,76.05201721191406,82.4000015258789,83.12000274658203,82.23999786376953,83.12000274658203,22079000,-0.009661561727489776,0.229164356789018,1823431029.0552773
2017-11-20,76.17200469970703,82.52999877929688,82.58999633789062,82.25,82.4000015258789,16315000,0.0015764596301659495,0.229048258076517,1345280490.1123047
2017-11-21,77.27030181884766,83.72000122070312,83.83999633789062,82.73999786376953,82.73999786376953,21237500,0.014315685171508719,0.23243888741125762,1771915384.2608132
2017-11-22,76.70730590820312,83.11000061035156,83.9000015258789,83.04000091552734,83.83000183105469,20553100,-0.007312731089307967,0.23439426136189204,1713100905.9076946
2017-11-24,76.84577178955078,83.26000213623047,83.43000030517578,82.77999877929688,83.01000213623047,7425600,0.0018034925897252307,0.2343837013879332,617488147.0214844
2017-11-27,77.40877532958984,83.87000274658203,83.9800033569336,83.30000305175781,83.30999755859375,18265200,0.007299701053248064,0.09609182016274397,1529101715.7409668
2017-11-28,78.3409652709961,84.87999725341797,85.05999755859375,84.0199966430664,84.06999969482422,21926000,0.011970499201233942,0.10426758059207848,1856108924.2146811
2017-11-29,76.91958618164062,83.33999633789062,84.91999816894531,83.18000030517578,84.70999908447266,27381100,-0.01831010886935136,0.11971634443967524,2294901213.9823914
2017-11-30,77.68563842773438,84.16999816894531,84.5199966430664,83.33999633789062,83.51000213623047,33054600,0.009909865817629537,0.12418122244807071,2776916848.487854
2017-12-01,77.76872253417969,84.26000213623047,84.80999755859375,83.22000122070312,83.5999984741211,29532100,0.0010689196989019933,0.11922449991575645,2483551178.6791487
2017-12-04,74.83370208740234,81.08000183105469,84.43000030517578,80.69999694824219,84.41999816894531,39094900,-0.03847098019541395,0.17954714228089702,3208518431.0691833
2017-12-05,75.30442810058594,81.58999633789062,82.68000030517578,80.9800033569336,81.33999633789062,26152300,0.006270593020156312,0.18064090978801223,2137950525.0
2017-12-06,76.40274047851562,82.77999877929688,83.13999938964844,81.43000030517578,81.55000305175781,26162100,0.014479626473280938,0.1888208406404913,2157065131.693268
2017-12-07,76.13506317138672,82.48999786376953,82.80000305175781,82.0,82.54000091552734,23184500,-0.003509655645848042,0.18845986079047375,1911098342.075348
2017-12-08,77.67644500732422,84.16000366210938,84.58000183105469,83.33000183105469,83.62999725341797,24489100,0.02004314833358567,0.20102812017224136,2057655872.121175
2017-12-11,78.66400909423828,85.2300033569336,85.37000274658203,84.12000274658203,84.29000091552734,22857900,0.012633674731957534,0.2051294115077261,1940788163.431549
2017-12-12,78.9870376586914,85.58000183105469,86.05000305175781,85.08000183105469,85.30999755859375,23924100,0.0040980256481608635,0.2053925590952898,2047185290.5410767
2017-12-13,78.77474212646484,85.3499984741211,86.0,85.16999816894531,85.73999786376953,22062700,-0.0026913446420246956,0.20583495673902644,1886507909.9789937
2017-12-14,78.16558837890625,84.69000244140625,85.87000274658203,84.52999877929688,85.43000030517578,19306000,-0.00776290969569704,0.20581353919403458,1641589205.5308025
2017-12-15,80.1591796875,86.8499984741211,87.08999633789062,84.87999725341797,85.26000213623047,53936700,0.025184899447890707,0.22217913802654976,4653298755.345154
2017-12-18,79.72540283203125,86.37999725341797,87.5,86.2300033569336,87.12000274658203,22283800,-0.0054261381921802965,0.2198134724928725,1932079743.8669841
2017-12-19,79.2177734375,85.83000183105469,86.3499984741211,85.2699966430664,86.3499984741211,23524800,-0.006387579919240771,0.22188764932690946,2018819896.069336
2017-12-20,78.93163299560547,85.5199966430664,86.30000305175781,84.70999908447266,86.19999694824219,23674900,-0.0036186130644884074,0.21794544668031235,2024440689.3666584
2017-12-21,78.91319274902344,85.5,86.0999984741211,85.4000015258789,86.05000305175781,17990700,-0.00023365031547850634,0.21588375125713602,1541203300.0
2017-12-22,78.92242431640625,85.51000213623047,85.62999725341797,84.91999816894531,85.4000015258789,14145800,0.0001169769861197878,0.2159246143909732,1207391171.1547852
2017-12-26,78.82089233398438,85.4000015258789,85.52999877929688,85.02999877929688,85.30999755859375,9891200,-0.001287306474836214,0.21497667557493777,843917180.9814453
2017-12-27,79.10700225830078,85.70999908447266,85.9800033569336,85.22000122070312,85.6500015258789,14678000,0.003623302116030125,0.2114737251344136,1256975011.250814
2017-12-28,79.11622619628906,85.72000122070312,85.93000030517578,85.55000305175781,85.9000015258789,10594300,0.00011659398040109181,0.200142932155933,908284669.4989522
2017-12-29,78.95011138916016,85.54000091552734,86.05000305175781,85.5,85.62999725341797,18717400,-0.002101837378159388,0.19801698615333113,1604018813.4190876
2018-01-02,79.32852935791016,85.94999694824219,86.30999755859375,85.5,86.12999725341797,22483800,0.004781677274833029,0.19849485337507533,1931808054.8309326
2018-01-03,79.69770050048828,86.3499984741211,86.51000213623047,85.97000122070312,86.05999755859375,26061400,0.004642904583455731,0.13701745220145548,2248490736.573283
2018-01-04,80.39916229248047,87.11000061035156,87.66000366210938,86.56999969482422,86.58999633789062,21912000,0.008763023441606954,0.13800083756164516,1908827388.9770508
2018-01-05,81.39595794677734,88.19000244140625,88.41000366210938,87.43000030517578,87.66000366210938,23407100,0.012321858219180193,0.13598017253106848,2060058921.0029602
2018-01-08,81.4790267944336,88.27999877929688,88.58000183105469,87.5999984741211,88.19999694824219,22113000,0.0010200320815467734,0.13406815032329336,1949334653.251648
2018-01-09,81.42367553710938,88.22000122070312,88.7300033569336,87.86000061035156,88.6500015258789,19484300,-0.0006795622007755853,0.12007928646197344,1719879194.6947732
2018-01-10,81.05447387695312,87.81999969482422,88.19000244140625,87.41000366210938,87.86000061035156,18652200,-0.004544639349195911,0.11619831267355263,1637787544.0505981
2018-01-11,81.29444885253906,88.08000183105469,88.12999725341797,87.23999786376953,88.12999725341797,17808900,0.0029562887923857417,0.11594312934141929,1563918216.88385
2018-01-12,82.69734191894531,89.5999984741211,89.77999877929688,88.44999694824219,88.66999816894531,24271500,0.017109725840952272,0.12678603475583494,2166878568.0885315
2018-01-16,81.54364776611328,88.3499984741211,90.79000091552734,88.01000213623047,90.0999984741211,36599700,-0.014049027966345662,0.1347676443834139,3259203303.61557
2018-01-17,83.19571685791016,90.13999938964844,90.27999877929688,88.75,89.08000183105469,25621200,0.02005743412819072,0.12448360123724557,2298819452.3620605
2018-01-18,83.15880584716797,90.0999984741211,90.66999816894531,89.66000366210938,89.80000305175781,24159700,-0.0004437632442773065,0.12197790818966617,2177835892.790985
2018-01-19,83.0665283203125,90.0,90.61000061035156,89.66000366210938,90.13999938964844,36875000,-0.001110270426548432,0.11866818082436881,3322068802.5156655
2018-01-22,84.55247497558594,91.61000061035156,91.62000274658203,89.73999786376953,90.0,23601600,0.017730514489164406,0.1277298624522773,2147509593.6035156
2018-01-23,84.82017517089844,91.9000015258789,92.30000305175781,91.54000091552734,91.9000015258789,23412800,0.003161082004630167,0.1270379212162676,2151948533.5367837
2018-01-24,84.74629974365234,91.81999969482422,93.43000030517578,91.58000183105469,92.55000305175781,33277500,-0.0008713447862547241,0.1274256764765663,3070736795.310974
2018-01-25,85.21703338623047,92.33000183105469,93.23999786376953,91.93000030517578,92.47000122070312,26383200,0.005539251761515374,0.12633795022527133,2440446000.0
2018-01-26,86.813720703125,94.05999755859375,94.05999755859375,92.58000183105469,93.12000274658203,29172200,0.01856334556373973,0.1361191721224307,2729545483.657837
2018-01-29,86.68452453613281,93.91999816894531,95.44999694824219,93.72000122070312,95.13999938964844,31569900,-0.0014893083292477627,0.13690392855180886,2979040958.4625244
2018-01-30,85.59541320800781,92.73999786376953,93.66000366210938,92.0999984741211,93.30000305175781,38635100,-0.012643675768122975,0.1477997038011391,3586625116.6666665
2018-01-31,87.69055938720703,95.01000213623047,95.4000015258789,93.51000213623047,93.75,48756300,0.02418254922229046,0.1634393284171307,4614296326.235199
2018-02-01,86.99835205078125,94.26000213623047,96.06999969482422,93.58000183105469,94.79000091552734,47227900,-0.00792507038557222,0.16946872059886797,4469491087.317912
2018-02-02,84.70938873291016,91.77999877929688,93.97000122070312,91.5,93.63999938964844,47867800,-0.02666273410952602,0.19957735118827558,4423782516.666667
2018-02-05,81.22063446044922,88.0,93.23999786376953,88.0,90.55999755859375,51031500,-0.04205710856468858,0.24883766011935032,4579906983.661652
2018-02-06,84.29408264160156,91.33000183105469,91.4800033569336,85.25,86.88999938964844,67998600,0.03714233463836347,0.28029545741335576,6075901689.59198
2018-02-07,82.70653533935547,89.61000061035156,91.7699966430664,89.19999694824219,90.48999786376953,41107600,-0.01901304492724787,0.28928781653652796,3707631389.8813887
2018-02-08,78.4609375,85.01000213623047,89.87999725341797,84.76000213623047,89.70999908447266,55628700,-0.05269773409331879,0.34337403212978523,4814664013.29422
2018-02-09,81.38672637939453,88.18000030517578,88.93000030517578,83.83000183105469,86.30000305175781,63499100,0.036611303645766036,0.36789938618536244,5523151769.675699
2018-02-12,82.2635498046875,89.12999725341797,89.77999877929688,87.93000030517578,88.73999786376953,35720300,0.01071592222468798,0.3648172900623513,3177201573.7294517
2018-02-13,82.90963745117188,89.83000183105469,90.0,87.80000305175781,88.93000030517578,26407700,0.007823193974630271,0.3622422277526834,2355830959.9812827
2018-02-14,84.20783996582031,90.80999755859375,90.98999786376953,88.41000366210938,88.51000213623047,34960900,0.015536718827913631,0.35954652824022165,3148928252.33078
2018-02-15,85.92333984375,92.66000366210938,92.72000122070312,90.62000274658203,91.20999908447266,27823900,0.020167473410380943,0.3658063843194844,2559798870.759837
2018-02-16,85.31131744384766,92.0,93.5,91.80000305175781,92.44999694824219,30596900,-0.007148377737949296,0.3669720274949577,2828173487.791443
2018-02-20,85.97896575927734,92.72000122070312,93.05999755859375,91.01000213623047,91.4800033569336,30911700,0.007795558324314555,0.36296655208952705,2852016490.433502
2018-02-21,84.83838653564453,91.48999786376953,93.36000061035156,91.48999786376953,92.9800033569336,26922500,-0.013354570359500606,0.36611782949367006,2479921183.8022866
2018-02-22,85.06095886230469,91.7300033569336,92.7300033569336,91.36000061035156,92.05000305175781,24392800,0.0026200507537277318,0.3662110994970488,2242674091.5527344
2018-02-23,87.22152709960938,94.05999755859375,94.06999969482422,92.36000061035156,93.5999984741211,26329200,0.025083008318119937,0.37592478672715335,2461692417.251587
2018-02-26,88.482666015625,95.41999816894531,95.44999694824219,94.25,94.4000015258789,30199800,0.014355497743941292,0.37374622171355565,2870188942.8466797
2018-02-27,87.35137176513672,94.19999694824219,95.83999633789062,94.19999694824219,95.73999786376953,25869100,-0.012867927905601206,0.37674405377476394,2451010910.4573565
2018-02-28,86.95265197753906,93.7699966430664,95.70999908447266,93.62999725341797,94.83999633789062,31167300,-0.004575000329776202,0.3742547460243067,2941258028.0784607
2018-03-01,86.09951782226562,92.8499984741211,94.56999969482422,91.83999633789062,93.98999786376953,37135600,-0.009859929152347569,0.3658795436249779,3456829150.6693525
2018-03-02,86.28498840332031,93.05000305175781,93.1500015258789,90.86000061035156,91.58000183105469,32830400,0.0021518250877852196,0.3651072868149467,3031996931.4412436
2018-03-05,86.83210754394531,93.63999938964844,94.2699966430664,92.26000213623047,92.33999633789062,23901600,0.006320819549411993,0.3528543209239425,2232170409.411621
2018-03-06,86.53536224365234,93.31999969482422,94.48999786376953,92.94000244140625,94.33999633789062,22175800,-0.0034233133869330246,0.31657831984756474,2075285283.3333333
2018-03-07,87.03608703613281,93.86000061035156,93.94000244140625,92.43000030517578,93.16000366210938,26716100,0.005769683708008344,0.2917950798805569,2495550930.8947244
2018-03-08,87.56466674804688,94.43000030517578,95.0999984741211,93.7699966430664,94.2699966430664,25887800,0.006054742780475131,0.28221350362269787,2444671207.1650186
2018-03-09,89.52127075195312,96.54000091552734,96.54000091552734,95.0,95.29000091552734,36937300,0.022098690125881504,0.20470221256598745,3546965817.2114058
2018-03-12,89.7345199584961,96.7699966430664,97.20999908447266,96.04000091552734,96.5,26073700,0.0023792738443439987,0.17330690134800633,2520631462.15744
2018-03-13,87.54611206054688,94.41000366210938,97.23999786376953,93.97000122070312,97.0,35387800,-0.02468988339284106,0.19958832110778768,3369154511.0651655
2018-03-14,87.02680969238281,93.8499984741211,95.41000366210938,93.5,95.12000274658203,32132000,-0.005949420960601692,0.20117373100318456,3028548129.547119
2018-03-15,87.33280944824219,94.18000030517578,94.58000183105469,92.83000183105469,93.52999877929688,27611000,0.0035099878231852344,0.19551953910669062,2591660533.180237
2018-03-16,87.72229766845703,94.5999984741211,95.37999725341797,93.91999816894531,94.68000030517578,49081300,0.004449900026770592,0.18417008716434388,4644726923.477173
2018-03-19,86.1366195678711,92.88999938964844,93.9000015258789,92.11000061035156,93.73999786376953,33344100,-0.018241481027220452,0.19411216576684365,3099889846.9596863
2018-03-20,86.35914611816406,93.12999725341797,93.7699966430664,93.0,93.05000305175781,23075200,0.0025800827382784774,0.19246773278480558,2152916113.0533857
2018-03-21,85.75641632080078,92.4800033569336,94.05000305175781,92.20999908447266,92.93000030517578,24457100,-0.0070038089832911155,0.18802671280320105,2272390729.448954
2018-03-22,83.26200103759766,89.79000091552734,91.75,89.66000366210938,91.2699966430664,38604700,-0.029518634066515226,0.21454992355954963,3489864938.9060974
2018-03-23,80.84175872802734,87.18000030517578,90.45999908447266,87.08000183105469,89.5,44068900,-0.029498627114147524,0.21382579013664596,3888639753.9316816
2018-03-26,86.96190643310547,93.77999877929688,94.0,90.4000015258789,90.61000061035156,56396800,0.07297651771181535,0.33715357002659524,5229487280.4036455
2018-03-27,82.96524810791016,89.47000122070312,95.13999938964844,88.51000213623047,94.94000244140625,56569000,-0.04704834305316652,0.3714757024527564,5150041811.790466
2018-03-28,82.89106750488281,89.38999938964844,91.2300033569336,88.87000274658203,89.81999969482422,52501100,-0.0008945165301614821,0.37144437633092114,4716173909.132385
2018-03-29,84.63436889648438,91.2699966430664,92.29000091552734,88.4000015258789,90.18000030517578,45867500,0.020813129752672133,0.37876137830873435,4158041752.6690164
2018-04-02,82.08432006835938,88.5199966430664,90.87999725341797,87.51000213623047,90.47000122070312,48515400,-0.030593423396570785,0.39218776398659005,4316415073.841858
2018-04-03,83.18780517578125,89.70999908447266,90.05000305175781,87.88999938964844,89.58000183105469,37213800,0.01335375222869395,0.3949250654615113,3320091208.9279175
2018-04-04,85.61732482910156,92.33000183105469,92.76000213623047,87.7300033569336,87.8499984741211,35560000,0.028786890854457958,0.4090795272315474,3233826486.8164062
2018-04-05,85.66366577148438,92.37999725341797,93.06999969482422,91.4000015258789,92.44000244140625,29771900,0.0005411101763366233,0.40846397288788844,2747450156.5238953
2018-04-06,83.67000579833984,90.2300033569336,92.45999908447266,89.4800033569336,91.48999786376953,38026000,-0.023548206101086322,0.4149974632346027,3449845546.8292236
2018-04-09,84.17072296142578,90.7699966430664,93.16999816894531,90.62000274658203,91.04000091552734,31533900,0.005966592879518728,0.4067302231830792,2885982502.3376465
2018-04-10,86.12735748291016,92.87999725341797,93.27999877929688,91.63999938964844,92.38999938964844,26812000,0.022979949277988077,0.41634632630895974,2482791159.088135
2018-04-11,85.1814956665039,91.86000061035156,93.29000091552734,91.4800033569336,92.01000213623047,24872100,-0.011042878531227096,0.40961945229838376,2293456381.4819336
2018-04-12,86.77645874023438,93.58000183105469,94.16000366210938,92.43000030517578,92.43000030517578,26758900,0.018551148977495657,0.4149041441520435,2499013722.7190657
2018-04-13,86.31281280517578,93.08000183105469,94.18000030517578,92.44000244140625,94.05000305175781,23346100,-0.005357316947926627,0.4150543623725497,2176634758.9566545
2018-04-16,87.32356262207031,94.16999816894531,94.66000366210938,93.41999816894531,94.06999969482422,20288100,0.01164227519743477,0.4168960736506557,1908772075.0
2018-04-17,89.08541107177734,96.06999969482422,96.54000091552734,94.87999725341797,95.0,26771000,0.019975254041418644,0.4170568902730071,2565464910.936991
2018-04-18,89.42852783203125,96.44000244140625,96.72000122070312,95.5199966430664,96.22000122070312,21043300,0.0038441500411057206,0.4171140740718437,2024926616.8073018
2018-04-19,89.12251281738281,96.11000061035156,97.06999969482422,95.33999633789062,96.44000244140625,23552500,-0.003427762875689133,0.4163516552852346,2265122406.978607
2018-04-20,88.09321594238281,95.0,96.11000061035156,94.05000305175781,95.91000366210938,31154400,-0.01161644574977938,0.4037320819149949,2961329606.0302734
2018-04-23,88.4177474975586,95.3499984741211,96.29000091552734,94.62999725341797,95.73999786376953,22331800,0.003677187122386627,0.38620551038155987,2130974770.3445435
2018-04-24,86.34989929199219,93.12000274658203,96.47000122070312,92.41000366210938,96.23999786376953,34524800,-0.02366507472520052,0.3068108400449399,3245331287.801107
2018-04-25,85.59878540039062,92.30999755859375,93.30000305175781,90.27999877929688,93.30000305175781,33729300,-0.008736544515881128,0.2581087866260736,3101858852.1377563
2018-04-26,87.4070053100586,94.26000213623047,95.1500015258789,93.0999984741211,93.55000305175781,42529000,0.020904337939211537,0.2663803203145979,4004955960.2839155
2018-04-27,88.85359191894531,95.81999969482422,97.9000015258789,93.91000366210938,97.5999984741211,48272800,0.016414548819902564,0.2630153098475346,4628235233.235677
2018-04-30,86.72081756591797,93.5199966430664,96.4000015258789,93.1500015258789,96.33000183105469,41523600,-0.024296015260205195,0.2537926649564132,3918028479.776001
2018-05-01,88.09321594238281,95.0,95.29000091552734,92.79000091552734,93.20999908447266,31408900,0.015701560619786115,0.255155292662638,2963743823.170471
2018-05-02,86.71151733398438,93.51000213623047,95.16999816894531,93.19000244140625,94.98999786376953,27471000,-0.01580880973164156,0.24449593203718387,2581083615.1504517
2018-05-03,87.23081970214844,94.06999969482422,94.93000030517578,92.44999694824219,92.95999908447266,31142500,0.005970989235742685,0.24519041278003248,2921685509.9868774
2018-05-04,88.2415771484375,95.16000366210938,95.37000274658203,92.91999816894531,93.31999969482422,22531300,0.011520542759178909,0.23071167884984972,2128832362.7133687
2018-05-07,89.2245101928711,96.22000122070312,96.70999908447266,95.0999984741211,95.16999816894531,24242000,0.01107753160717273,0.23230679096170984,2327474410.135905
2018-05-08,88.84430694580078,95.80999755859375,96.16000366210938,95.05999755859375,95.8499984741211,23484600,-0.004270302133132731,0.22153250482430964,2246928236.444092
2018-05-09,89.89216613769531,96.94000244140625,96.97000122070312,95.05000305175781,96.01000213623047,27327400,0.011725320288991092,0.21921414719119126,2632175229.1575117
2018-05-10,90.79163360595703,97.91000366210938,97.94999694824219,97.05000305175781,97.45999908447266,22388100,0.009956342514195526,0.21331668952603883,2185899484.3292236
2018-05-11,90.59690856933594,97.69999694824219,97.87000274658203,97.04000091552734,97.80000305175781,16778300,-0.0021470497429421087,0.21215798558481958,1636499457.7468872
2018-05-14,90.90291595458984,98.02999877929688,98.69000244140625,97.30999755859375,97.91999816894531,19454100,0.0033719886617671335,0.2095426996874086,1906696333.0841064
2018-05-15,90.24454498291016,97.31999969482422,97.8499984741211,96.33999633789062,97.23999786376953,24594000,-0.0072689273937252,0.20114110757548706,2389798934.967041
2018-05-16,90.47738647460938,97.1500015258789,97.4000015258789,96.62000274658203,97.36000061035156,17384700,0.0025767942900758456,0.2009349219461153,1687301066.6007996
2018-05-17,89.57398223876953,96.18000030517578,97.54000091552734,95.83000183105469,96.76000213623047,17246700,-0.010035045259701114,0.20387548950706727,1664594012.5442505
2018-05-18,89.74163818359375,96.36000061035156,96.93000030517578,96.01000213623047,96.01000213623047,17865800,0.0018699541432400935,0.199270060852618,1722858664.8406982
2018-05-21,90.89645385742188,97.5999984741211,98.01000213623047,96.80000305175781,97.0,19422500,0.012786133795787968,0.20330529637707995,1893111098.7091064
2018-05-22,90.80332946777344,97.5,98.16999816894531,97.19999694824219,97.68000030517578,15441200,-0.001025035870687141,0.1821488530036484,1507421389.5345054
2018-05-23,91.88362884521484,98.66000366210938,98.7300033569336,96.31999969482422,96.70999908447266,21251200,0.011826919444276385,0.18002653119404693,2080563364.8925781
2018-05-24,91.55768585205078,98.30999755859375,98.94000244140625,96.80999755859375,98.7300033569336,26649300,-0.0035536524224619725,0.1699092749177499,2612164364.312744
2018-05-25,91.60426330566406,98.36000061035156,98.9800033569336,97.86000061035156,98.30000305175781,18363900,0.0005085931311770153,0.16201210191804608,1807007788.0210876
2018-05-29,91.27828979492188,98.01000213623047,98.87999725341797,97.2300033569336,97.83999633789062,28671000,-0.003564843670700313,0.13380271232815197,2810904866.2490845
2018-05-30,92.15371704101562,98.94999694824219,99.25,97.91000366210938,98.30999755859375,22158500,0.009545050590887172,0.1277426028502124,2187117816.174825
2018-05-31,92.0512924194336,98.83999633789062,99.98999786376953,98.61000061035156,99.29000091552734,34140900,-0.0011120721682633672,0.11051807018770889,3384956372.959137
2018-06-01,93.86736297607422,100.79000091552734,100.86000061035156,99.16999816894531,99.27999877929688,28655600,0.01953680567004934,0.12424521310977499,2873392527.7516685
2018-06-04,94.68692779541016,101.66999816894531,101.86000061035156,100.8499984741211,101.26000213623047,27281600,0.008693198943415581,0.1223640012596,2767991111.022949
2018-06-05,95.17119598388672,102.19000244140625,102.33000183105469,101.52999877929688,102.0,23514400,0.0051013802207222625,0.1194279234160993,2398860730.586751
2018-06-06,95.45060729980469,102.48999786376953,102.5999984741211,101.9000015258789,102.4800033569336,21122900,0.0029315798215474587,0.11629006602777876,2161506341.9588723
2018-06-07,93.95118713378906,100.87999725341797,102.69000244140625,100.37999725341797,102.6500015258789,28232200,-0.015833551059243334,0.1302381916268399,2860392367.9473877
2018-06-08,94.64965057373047,101.62999725341797,101.94999694824219,100.54000091552734,101.08999633789062,22165100,0.007406824292313097,0.12861567679051863,2246950034.5906577
2018-06-11,94.1094741821289,101.05000305175781,101.58999633789062,100.66999816894531,101.01000213623047,23490900,-0.005723462289750181,0.13067566908941458,2375008273.8830566
2018-06-12,94.3516616821289,101.30999755859375,101.44999694824219,100.75,101.0999984741211,18325200,0.002570159966488461,0.1305914325706872,1853960450.4455566
2018-06-13,93.92322540283203,100.8499984741211,102.01000213623047,100.55999755859375,101.72000122070312,29492900,-0.0045511860392775105,0.12851923771730497,2982911887.9989624
2018-06-14,94.45406341552734,101.41999816894531,102.02999877929688,101.0,101.6500015258789,25691800,0.005635917377655453,0.1291272734336607,2607289477.198283
2018-06-15,93.25269317626953,100.12999725341797,101.52999877929688,100.06999969482422,101.51000213623047,65738600,-0.012800675537379291,0.1327203019989037,6611769165.711466
2018-06-18,93.93256378173828,100.86000061035156,101.11000061035156,99.41999816894531,100.01000213623047,23586000,0.007264178879782257,0.13395377559920887,2369528175.201416
2018-06-19,93.93256378173828,100.86000061035156,101.0,99.5,99.6500015258789,28653100,0.0,0.1285146900333655,2878299411.162822
2018-06-20,94.8731918334961,101.87000274658203,102.5199966430664,101.12000274658203,101.37000274658203,26180800,0.009964058892196093,0.13123540853211565,2666165421.309407
2018-06-21,94.1933364868164,101.13999938964844,102.45999908447266,100.87999725341797,102.08000183105469,23198200,-0.007191735977319702,0.13013373292189387,2354462612.295532
2018-06-22,93.51346588134766,100.41000366210938,100.7699966430664,99.62999725341797,100.41000366210938,38923100,-0.007243995102282241,0.1324527105093223,3902819205.3243003
2018-06-25,91.6321792602539,98.38999938964844,100.11000061035156,97.30000305175781,100.0,35433300,-0.020322934090271083,0.1517429466153467,3493723416.0446167
2018-06-26,92.27481079101562,99.08000183105469,100.08000183105469,98.75,98.81999969482422,26897200,0.006988686467913396,0.15299341926315976,2670981650.166829
2018-06-27,90.84059143066406,97.54000091552734,100.0199966430664,97.4000015258789,99.58000183105469,31298400,-0.015664970522157873,0.1590454972138391,3077258678.4484863
2018-06-28,91.855712890625,98.62999725341797,99.11000061035156,97.26000213623047,97.37999725341797,26650700,0.011112779872414436,0.164203605602117,2620652166.6666665
2018-06-29,91.83708190917969,98.61000061035156,99.91000366210938,98.33000183105469,98.93000030517578,28053200,-0.0002028493445207502,0.14783675453048775,2775864197.0743814
2018-07-02,93.14092254638672,100.01000213623047,100.05999755859375,98.0,98.0999984741211,19564500,0.014097484018648743,0.1534213576427069,1943863503.0097961
2018-07-03,92.24687194824219,99.05000305175781,100.62999725341797,98.94000244140625,100.4800033569336,14670300,-0.009645268522537442,0.154724006323104,1460281675.4310608
2018-07-05,92.90811157226562,99.76000213623047,99.91999816894531,99.02999877929688,99.5,18977400,0.007142583176813488,0.15693456768981748,1889579712.2085571
2018-07-06,94.21195983886719,101.16000366210938,101.43000030517578,99.66999816894531,99.88999938964844,19234600,0.013936178616934747,0.1561125143279295,1937950079.0298462
2018-07-09,94.85456848144531,101.8499984741211,102.25,101.25,101.6500015258789,18212000,0.006797724830659213,0.15576904586707574,1853678057.4035645
2018-07-10,95.10602569580078,102.12000274658203,102.51000213623047,101.86000061035156,102.0,19293100,0.0026474686744215603,0.15450761446491995,1971047441.6600544
2018-07-11,94.97561645507812,101.9800033569336,102.33999633789062,101.0999984741211,101.1500015258789,19644600,-0.001372139462894495,0.15445266573214866,1999951232.0098877
2018-07-12,97.03382873535156,104.19000244140625,104.41000366210938,102.7300033569336,102.7699966430664,24335900,0.02143947779174571,0.16954296153852857,2525498659.076182
2018-07-13,98.18867492675781,105.43000030517578,105.5999984741211,104.08999633789062,104.37000274658203,24635200,0.011831214545093616,0.17271304342016788,2587681367.9036455
2018-07-16,97.70438385009766,104.91000366210938,105.81999969482422,104.5199966430664,105.4000015258789,21786900,-0.004944453533276771,0.16628439429913872,2289440075.0
2018-07-17,98.67293548583984,105.94999694824219,106.5,104.31999969482422,104.61000061035156,25901700,0.009864270402033526,0.1674951096298758,2734960474.016571
2018-07-18,97.89996337890625,105.12000274658203,106.05000305175781,104.72000122070312,105.94000244140625,29493900,-0.00786452349706046,0.17112228168254126,3105609426.006317
2018-07-19,97.22941589355469,104.4000015258789,105.30999755859375,103.88999938964844,104.93000030517578,40171600,-0.006872877137954703,0.17124861135305017,4199271232.901001
2018-07-20,98.9709701538086,106.2699966430664,108.19999694824219,106.08000183105469,108.08000183105469,56004000,0.017753278032321518,0.17743329262638063,5984027314.544678
2018-07-23,100.55420684814453,107.97000122070312,108.13999938964844,106.12999725341797,106.30000305175781,29707000,0.015870377349437526,0.179491949896193,3190927872.1796675
2018-07-24,100.26551818847656,107.66000366210938,108.81999969482422,107.26000213623047,108.56999969482422,26316600,-0.0028751046091626264,0.15915332838001595,2839912076.187134
2018-07-25,103.2177505493164,110.83000183105469,111.1500015258789,107.5999984741211,107.95999908447266,30702100,0.02901899059906743,0.18033238721127695,3372932724.7390747
2018-07-26,102.09090423583984,109.62000274658203,111.0,109.5,110.73999786376953,31372100,-0.010977205320034322,0.1739837182995165,3452185912.7220154
2018-07-27,100.28413391113281,107.68000030517578,110.18000030517578,106.13999938964844,110.18000030517578,37005300,-0.017856138258308896,0.19095749433552736,3996572400.0
2018-07-30,98.13277435302734,105.37000274658203,107.52999877929688,104.76000213623047,107.19000244140625,34668300,-0.021686094085877627,0.2108919897036333,3670910768.319702
2018-07-31,98.79400634765625,106.08000183105469,106.72000122070312,105.37999725341797,106.48999786376953,27655200,0.006715536376698417,0.20765825447655104,2933110514.8132324
2018-08-01,98.98026275634766,106.27999877929688,106.44999694824219,105.41999816894531,106.02999877929688,23628700,0.0018835257447786802,0.20261980779374775,2505823586.927287
2018-08-02,100.18167877197266,107.56999969482422,108.08999633789062,104.83999633789062,105.4000015258789,26104300,0.012064861184160058,0.20443539991316353,2788809316.946666
2018-08-03,100.61941528320312,108.04000091552734,108.05000305175781,106.81999969482422,107.80000305175781,18659600,0.004359908562190817,0.20109179267416374,2008457168.1111655
2018-08-06,100.70320892333984,108.12999725341797,108.41999816894531,107.55999755859375,108.12000274658203,20265900,0.0008324314796270826,0.20083959726617515,2189460235.584259
2018-08-07,101.40167999267578,108.87999725341797,109.0999984741211,108.16999816894531,108.55999755859375,16080200,0.006911993607934264,0.20128896037373983,1748185710.6180825
2018-08-08,101.96980285644531,109.48999786376953,109.75,108.76000213623047,109.33000183105469,15487500,0.005587060030743274,0.2007343524380736,1693300000.0
2018-08-09,102.13743591308594,109.66999816894531,110.16000366210938,109.5999984741211,109.70999908447266,13677200,0.0016425982277015194,0.1899005081901807,1501893333.391317
2018-08-10,101.5134506225586,109.0,109.69000244140625,108.37999725341797,109.41999816894531,18183700,-0.006128009102485343,0.18901953657666395,1982447584.4835918
2018-08-13,100.7777328491211,108.20999908447266,109.58000183105469,108.0999984741211,109.23999786376953,18472500,-0.007273881191168563,0.19021388964818084,2006667671.2417603
2018-08-14,102.03500366210938,109.55999755859375,109.75,108.04000091552734,108.55999755859375,16788300,0.012398500612032848,0.19180527250342122,1831883326.461029
2018-08-15,100.6513442993164,107.66000366210938,108.98999786376953,106.81999969482422,108.48999786376953,29982800,-0.013653419397151367,0.19642316187315836,3232845450.866699
2018-08-16,100.63265991210938,107.63999938964844,108.86000061035156,107.30000305175781,108.30000305175781,21384300,-0.00018565198296638386,0.1942308048340663,2308078801.753235
2018-08-17,100.57655334472656,107.58000183105469,107.9000015258789,106.69000244140625,107.36000061035156,18061500,-0.0005576938344811211,0.1853126806654174,1939624519.908905
2018-08-20,99.91278076171875,106.87000274658203,107.9000015258789,106.4800033569336,107.51000213623047,17914200,-0.006621549332973764,0.1784854059836955,1918312295.5581665
2018-08-21,99.08069610595703,105.9800033569336,107.3499984741211,105.8499984741211,106.91999816894531,22881900,-0.008362982731741297,0.1804740974961809,2434481616.327667
2018-08-22,100.09041595458984,107.05999755859375,107.33999633789062,105.77999877929688,105.8499984741211,18000600,0.010139306735513998,0.15082582710979003,1921143992.0532227
2018-08-23,100.55785369873047,107.55999755859375,108.18000030517578,106.87000274658203,107.1500015258789,18167700,0.0046592835370944385,0.14817492569800064,1953693902.696228
2018-08-24,101.3431625366211,108.4000015258789,108.55999755859375,107.55999755859375,107.66999816894531,17234000,0.007779186185636,0.13702410323722655,1864259207.3822021
2018-08-27,102.46504211425781,109.5999984741211,109.63999938964844,108.51000213623047,109.2699966430664,19662300,0.011009281112294822,0.11519957584981906,2148106275.0
2018-08-28,103.08209991455078,110.26000213623047,110.5,109.79000091552734,109.94000244140625,19151500,0.006004069410906254,0.1148709080043855,2110176127.8152466
2018-08-29,104.72750854492188,112.0199966430664,112.02999877929688,110.2699966430664,110.44999694824219,20818000,0.015836062912058857,0.12426124937307749,2319957864.939372
2018-08-30,104.66207122802734,111.94999694824219,112.61000061035156,111.44000244140625,111.66999816894531,22798700,-0.0006250293743921276,0.12005298016015203,2553454400.0
2018-08-31,105.01731872558594,112.33000183105469,112.77999877929688,111.5199966430664,111.69000244140625,23222700,0.003388485988488732,0.11987841856539808,2605819145.738983
2018-09-04,104.43769836425781,111.70999908447266,111.95999908447266,110.22000122070312,110.8499984741211,22634600,-0.005534571087701501,0.12274249872646578,2519155526.728312
2018-09-05,101.42732238769531,108.48999786376953,111.41999816894531,108.0999984741211,111.01000213623047,32872400,-0.0292481992956386,0.16148619348365295,3594158581.1421714
2018-09-06,101.66104888916016,108.73999786376953,108.98999786376953,107.51000213623047,108.25,23477600,0.0023017231679416383,0.16045397900551628,2545284857.948812
2018-09-07,101.1655502319336,108.20999908447266,108.72000122070312,107.2300033569336,108.2300033569336,22498600,-0.004885943412783256,0.1611225583918344,2431048752.7974443
2018-09-10,102.25939178466797,109.37999725341797,109.63999938964844,108.36000061035156,108.83999633789062,20727900,0.010754355727773834,0.16422060241787925,2261966615.023041
2018-09-11,103.9983139038086,111.23999786376953,111.58999633789062,108.88999938964844,108.9000015258789,24301800,0.016862044646925867,0.17115675603244201,2687130980.0857544
2018-09-12,104.43769836425781,111.70999908447266,111.8499984741211,110.51000213623047,111.43000030517578,18891100,0.004216019165780516,0.16692462965135257,2103649923.7449646
2018-09-13,105.55957794189453,112.91000366210938,113.7300033569336,112.12000274658203,112.12000274658203,26055600,0.010684807637917793,0.1608307940190705,2942198436.8164062
2018-09-14,105.9896469116211,113.37000274658203,113.7300033569336,112.44000244140625,113.36000061035156,19122300,0.0040659053466258754,0.16064855811823206,2164261968.4661865
2018-09-17,104.83968353271484,112.13999938964844,113.69999694824219,111.86000061035156,113.69000244140625,20736500,-0.010909058820121054,0.16707030148221982,2334238662.2390747
2018-09-18,105.84004211425781,113.20999908447266,113.69999694824219,111.72000122070312,112.19000244140625,22170900,0.009496557834777875,0.1657999159160769,2502577268.701935
2018-09-19,104.42833709716797,111.69999694824219,113.31999969482422,111.04000091552734,113.05000305175781,21728400,-0.013427850959172538,0.17097330635771082,2434015350.317383
2018-09-20,106.17662048339844,113.56999969482422,113.80000305175781,111.93000030517578,112.27999877929688,23714500,0.01660287171238828,0.17594133467326156,2682109974.123637
2018-09-21,106.82170867919922,114.26000213623047,115.29000091552734,113.51000213623047,114.0,71229700,0.006057232192349105,0.17617862544246335,8145353750.51295
2018-09-24,107.20501708984375,114.66999816894531,114.9000015258789,112.22000122070312,113.02999877929688,27334500,0.0035818780956713425,0.17534693233515491,3114219593.3418274
2018-09-25,106.99932098388672,114.44999694824219,115.0999984741211,113.75,114.80000305175781,22668000,-0.0019205602560008472,0.17342609911039228,2593974765.411377
2018-09-26,106.5599365234375,113.9800033569336,115.05999755859375,113.73999786376953,114.47000122070312,19352000,-0.0041148773933477045,0.1741359076546894,2211159512.125651
2018-09-27,106.96192932128906,114.41000366210938,114.91000366210938,114.19999694824219,114.77999877929688,19091300,0.0037653593107505046,0.16659829100203094,2186081152.522278
2018-09-28,106.9245376586914,114.37000274658203,114.56999969482422,113.68000030517578,114.19000244140625,21647800,-0.0003496402882010585,0.16656600918009182,2472323098.48582
2018-10-01,108.08380126953125,115.61000061035156,115.68000030517578,114.7300033569336,114.75,18883100,0.010783533795068578,0.1697970051309485,2177976780.8924356
2018-10-02,107.65377807617188,115.1500015258789,115.83999633789062,114.44000244140625,115.30000305175781,20787200,-0.003986544802966563,0.16907886843391234,2393507500.78125
2018-10-03,107.67243194580078,115.16999816894531,116.18000030517578,114.93000030517578,115.41999816894531,16648000,0.00017326148705887334,0.12704168348437203,1921623139.8925781
2018-10-04,105.44738006591797,112.79000091552734,114.76000213623047,111.62999725341797,114.61000061035156,34821700,-0.02088151926243409,0.1515707510160085,3936941405.542247
2018-10-05,104.8303451538086,112.12999725341797,113.16999816894531,110.63999938964844,112.62999725341797,29068900,-0.00586877837379518,0.15215634083221213,3255135371.730296
2018-10-08,103.63367462158203,110.8499984741211,112.02999877929688,109.33999633789062,111.66000366210938,29640600,-0.011480961349227492,0.15505034887537972,3282399980.680847
2018-10-09,104.95189666748047,112.26000213623047,113.08000183105469,110.80000305175781,111.13999938964844,26198600,0.012639796589229313,0.15010294004812438,2935465862.6296997
2018-10-10,99.2490005493164,106.16000366210938,111.5,105.79000091552734,111.23999786376953,61376300,-0.05587026872440237,0.24505950977576865,6617388171.9861355
2018-10-11,99.01527404785156,105.91000366210938,108.93000030517578,104.19999694824219,105.3499984741211,63904300,-0.002357727938743892,0.24029381957142867,6796009310.168712
2018-10-12,102.43701171875,109.56999969482422,111.23999786376953,107.12000274658203,109.01000213623047,47742100,0.03397396832092081,0.27189048323638204,5218688955.856578
2018-10-15,100.59529113769531,107.5999984741211,109.4800033569336,106.94999694824219,108.91000366210938,32068100,-0.018142641072964594,0.27609526627502284,3463675467.9514565
2018-10-16,103.77391052246094,111.0,111.41000366210938,108.94999694824219,109.54000091552734,31610200,0.03110914663168174,0.296845782579136,3491451963.7644453
2018-10-17,103.50277709960938,110.70999908447266,111.80999755859375,109.55000305175781,111.68000030517578,26548200,-0.002616151199674732,0.2934735188849831,2938620255.2993774
2018-10-18,101.4366683959961,108.5,110.52999877929688,107.83000183105469,110.0999984741211,32506200,-0.020163797175577258,0.29412971865740795,3541658850.6134033
2018-10-19,101.58625793457031,108.66000366210938,110.86000061035156,108.20999908447266,108.93000030517578,32785500,0.0014736223967224404,0.29291699553578104,3581597341.686249
2018-10-22,102.49310302734375,109.62999725341797,110.54000091552734,108.23999786376953,109.31999969482422,26545600,0.008887239329561147,0.2948764013337006,2905946796.8953447
2018-10-23,101.06269836425781,108.0999984741211,108.97000122070312,105.11000061035156,107.7699966430664,43770400,-0.014054408653089823,0.29768188851364824,4700649161.785889
2018-10-24,95.65898132324219,102.31999969482422,108.48999786376953,101.58999633789062,108.41000366210938,63897800,-0.05495151085909722,0.34808696520283294,6653890776.66626
2018-10-25,101.24969482421875,108.30000305175781,109.2699966430664,106.1500015258789,106.55000305175781,61646800,0.056800102636057836,0.40874951154436184,6652100723.7508135
2018-10-26,99.99693298339844,106.95999908447266,108.75,104.76000213623047,105.69000244140625,55523100,-0.012450176548579606,0.40999838502769725,5931162641.592407
2018-10-29,97.08937072753906,103.8499984741211,108.69999694824219,101.62999725341797,108.11000061035156,55162000,-0.029507613322039106,0.4161502325372581,5776932251.993815
2018-10-30,96.97721099853516,103.7300033569336,104.37999725341797,100.11000061035156,103.66000366210938,65350900,-0.0011558892880385585,0.4163834367144749,6714151492.59135
2018-10-31,99.856689453125,106.80999755859375,108.13999938964844,105.38999938964844,105.44000244140625,51062400,0.029260039899884127,0.43296314699499194,5452443009.667969
2018-11-01,99.02461242675781,105.91999816894531,107.31999969482422,105.52999877929688,107.05000305175781,33384200,-0.008367623034099658,0.42887617032323594,3547293773.9771523
2018-11-02,99.2490005493164,106.16000366210938,107.31999969482422,104.9800033569336,106.4800033569336,37680200,0.0022634198770763447,0.4291475410470023,3999878914.993286
2018-11-05,100.5111312866211,107.51000213623047,107.73999786376953,105.9000015258789,106.37000274658203,27922100,0.012636630952134631,0.4310625641643145,2989060819.2019143
2018-11-06,100.70746612548828,107.72000122070312,108.83999633789062,106.27999877929688,107.37999725341797,24340200,0.0019514587985298704,0.4282124438904426,2619330026.287842
2018-11-07,104.67143249511719,111.95999908447266,112.23999786376953,109.4000015258789,109.44000244140625,37901700,0.03860629036118546,0.40262359605323533,4214669020.7221985
2018-11-08,104.47509765625,111.75,112.20999908447266,110.91000366210938,111.80000305175781,25644100,-0.0018774865296382615,0.4025516106037735,2862479945.811208
2018-11-09,102.43701171875,109.56999969482422,111.44999694824219,108.76000213623047,110.8499984741211,32039200,-0.01970065320003478,0.3926955065073611,3521962445.629883
2018-11-12,99.91278076171875,106.87000274658203,109.95999908447266,106.0999984741211,109.41999816894531,33621800,-0.024950476842503733,0.3973374326841711,3619162628.086853
2018-11-13,99.97821807861328,106.94000244140625,108.73999786376953,106.63999938964844,107.55000305175781,35374600,0.0006547300239807541,0.3805822907862201,3800647020.4015093
2018-11-14,98.56043243408203,104.97000122070312,108.26000213623047,104.47000122070312,108.0999984741211,39495100,-0.014282455751464695,0.3830057641785974,4182531150.26474
2018-11-15,100.72936248779297,107.27999877929688,107.80000305175781,103.91000366210938,104.98999786376953,38505200,0.02176745371690547,0.3860285706561516,4094257986.505127
2018-11-16,101.67772674560547,108.29000091552734,108.87999725341797,106.80000305175781,107.08000183105469,33502100,0.009370928670431766,0.387462890926631,3617891792.6320395
2018-11-19,98.23181915283203,104.62000274658203,108.55999755859375,103.55000305175781,108.2699966430664,44773900,-0.03447808284845877,0.4037014194802821,4727079165.76767
2018-11-20,95.4994888305664,101.70999908447266,102.97000122070312,99.3499984741211,101.80000305175781,64052500,-0.028209291922742352,0.4118604483963043,6491293832.270305
2018-11-21,96.81398010253906,103.11000061035156,104.43000030517578,102.23999786376953,103.5999984741211,28130600,0.01367051148864551,0.3685985162140007,2904765744.5536294
2018-11-23,96.77643585205078,103.06999969482422,103.80999755859375,102.0,102.16999816894531,13823100,-0.00038787303363019277,0.30662747971245935,1423226363.344574
2018-11-26,99.96884155273438,106.47000122070312,106.62999725341797,104.58000183105469,104.79000091552734,32336200,0.03245501959504704,0.3265356615356485,3424188008.6227417
2018-11-27,100.59793090820312,107.13999938964844,107.33000183105469,105.36000061035156,106.2699966430664,29124500,0.006273136978325766,0.30879874970360277,3104962962.776184
2018-11-28,104.33489990234375,111.12000274658203,111.33000183105469,107.86000061035156,107.88999938964844,46788500,0.036474226856523906,0.33094894507931305,5151569892.579397
2018-11-29,103.46168518066406,110.19000244140625,111.12000274658203,109.02999877929688,110.33000183105469,28123200,-0.008404564121287095,0.3196976079699856,3096739333.190918
2018-11-30,104.11894226074219,110.88999938964844,110.97000122070312,109.36000061035156,110.69999694824219,33665600,0.006332568550254436,0.31786252648070934,3716906691.031901
2018-12-03,105.24566650390625,112.08999633789062,113.41999816894531,110.7300033569336,113.0,34732800,0.010763377128559348,0.319137841579506,3892852199.267578
2018-12-04,101.89363861083984,108.5199966430664,112.63999938964844,108.20999908447266,111.94000244140625,45197000,-0.03236778783938288,0.33924664106475955,4962178556.437174
2018-12-06,102.52273559570312,109.19000244140625,109.23999786376953,105.0,105.81999969482422,49107400,0.006155074155994811,0.3397560326704921,5294268798.995463
2018-12-07,98.4195785522461,104.81999969482422,109.44999694824219,104.30000305175781,108.37999725341797,45044900,-0.04084483137850814,0.33983329453168,4783317926.417795
2018-12-10,101.02046203613281,107.58999633789062,107.9800033569336,103.88999938964844,104.80000305175781,40801500,0.02608333744555047,0.35453030316494005,4344815717.54837
2018-12-11,101.9593734741211,108.58999633789062,110.94999694824219,107.44000244140625,109.80000305175781,42381900,0.009251343929785882,0.35011205132528134,4619344493.641663
2018-12-12,102.41946411132812,109.08000183105469,111.2699966430664,109.04000091552734,110.88999938964844,36183000,0.004502339086107199,0.3385512802027302,3972772782.63855
2018-12-13,102.76685333251953,109.44999694824219,110.87000274658203,108.62999725341797,109.58000183105469,31333400,0.003386088872180615,0.3386237688277478,3435707278.126017
2018-12-14,99.55570220947266,106.02999877929688,109.26000213623047,105.5,108.25,47043100,-0.031745553903165025,0.353846060816877,5030318697.356415
2018-12-17,96.607421875,102.88999938964844,105.80000305175781,101.70999908447266,105.41000366210938,56957300,-0.03006173945258439,0.35998249631421486,5893182002.303314
2018-12-18,97.62149810791016,103.97000122070312,104.51000213623047,102.5199966430664,103.75,49319200,0.010442167391540025,0.36043099130545164,5112757066.666667
2018-12-19,97.35858917236328,103.69000244140625,106.87999725341797,101.3499984741211,103.6500015258789,68198200,-0.0026967789229193073,0.3406140506380307,7090794139.708455
2018-12-20,95.31169128417969,101.51000213623047,104.30999755859375,98.77999877929688,103.05000305175781,70334200,-0.021248475861444405,0.33425733219953985,7141265737.559509
2018-12-21,92.23199462890625,98.2300033569336,103.0,97.45999908447266,101.62999725341797,111242100,-0.032845398182389296,0.3485510801739482,11075634373.529053
2018-12-24,88.38231658935547,94.12999725341797,97.97000122070312,93.9800033569336,97.68000030517578,43935200,-0.04263517264478889,0.37507914688280575,4189660698.815918
2018-12-26,94.41969299316406,100.55999755859375,100.69000244140625,93.95999908447266,95.13999938964844,51634800,0.06607775255941295,0.43076563164123505,5081036420.24231
2018-12-27,95.00183868408203,101.18000030517578,101.19000244140625,96.4000015258789,99.30000305175781,49498500,0.006146582371854947,0.4307320611029454,4929555685.493469
2018-12-28,94.26009368896484,100.38999938964844,102.41000366210938,99.5199966430664,102.08999633789062,38196300,-0.007838330545522965,0.4063358828074375,3849168468.1144714
2018-12-31,95.36802673339844,101.56999969482422,102.4000015258789,100.44000244140625,101.29000091552734,33173800,0.011685457296985113,0.41018972491812367,3366145526.4953613
2019-01-02,94.94552612304688,101.12000274658203,101.75,98.94000244140625,99.55000305175781,35329300,-0.00444005482648091,0.40843597846996677,3554245405.429332
2019-01-03,91.45264434814453,97.4000015258789,100.19000244140625,97.19999694824219,100.0999984741211,42579100,-0.037482027707993026,0.4195104046339418,4183964309.327443
2019-01-04,95.70604705810547,101.93000030517578,102.51000213623047,98.93000030517578,99.72000122070312,44060600,0.045460193913140934,0.44585571838381394,4455554781.00535
2019-01-07,95.82811737060547,102.05999755859375,103.2699966430664,100.9800033569336,101.63999938964844,35656100,0.001274658538251039,0.44489346442032374,3640606634.649658
2019-01-08,96.52294158935547,102.80000305175781,103.97000122070312,101.70999908447266,103.04000091552734,31514400,0.007224574116404092,0.42450155098096104,3240520739.263916
2019-01-09,97.90316009521484,104.2699966430664,104.87999725341797,103.23999786376953,103.86000061035156,32280800,0.014198111055299556,0.4168799169984846,3361399615.338135
2019-01-10,97.27407836914062,103.5999984741211,103.75,102.37999725341797,103.22000122070312,30067600,-0.006446283485280979,0.4152816534833347,3104279206.512451
2019-01-11,96.52294158935547,102.80000305175781,103.44000244140625,101.63999938964844,103.19000244140625,28314200,-0.007751827570018577,0.4148971422174642,2905792011.417643
2019-01-14,95.81871032714844,102.05000305175781,102.87000274658203,101.26000213623047,101.9000015258789,28437100,-0.0073227447313586325,0.4144858012730251,2902290501.212056
2019-01-15,98.59798431396484,105.01000213623047,105.05000305175781,101.87999725341797,102.51000213623047,31587600,0.02859284630043657,0.41524709917429525,3284478673.7060547
2019-01-16,98.94540405273438,105.37999725341797,106.26000213623047,104.95999908447266,105.26000213623047,29853900,0.0035174054655611187,0.4011208591822267,3150581564.8155212
2019-01-17,99.64021301269531,106.12000274658203,106.62999725341797,104.76000213623047,105.0,28393000,0.0069976044128594594,0.4002965663868873,3005020496.8846636
2019-01-18,101.13310241699219,107.70999908447266,107.9000015258789,105.91000366210938,107.45999908447266,37427600,0.01487166674273599,0.402845959814922,4011240703.96932
2019-01-22,99.22706604003906,105.68000030517578,107.0999984741211,104.86000061035156,106.75,32371300,-0.01902667473608677,0.4013075936988199,3427473237.4140425
2019-01-23,100.1941909790039,106.70999908447266,107.04000091552734,105.33999633789062,106.12000274658203,25874300,0.009699392487293679,0.3812369245265633,2752076764.0818276
2019-01-24,99.7153091430664,106.19999694824219,107.0,105.33999633789062,106.86000061035156,23164800,-0.004790995441951829,0.3433313666185142,2459638412.158203
2019-01-25,100.62608337402344,107.16999816894531,107.87999725341797,106.19999694824219,107.23999786376953,31225600,0.009092284863889688,0.26555587841712347,3343741253.9225264
2019-01-28,98.66370391845703,105.08000183105469,106.4800033569336,104.66000366210938,106.26000213623047,29476700,-0.01969436477906239,0.2767365997504498,3107040778.290558
2019-01-29,96.65438079833984,102.94000244140625,104.97000122070312,102.16999816894531,104.87999725341797,31490500,-0.020575606306085348,0.28574125588215676,3254858099.220276
2019-01-30,99.88431549072266,106.37999725341797,106.37999725341797,104.33000183105469,104.62000274658203,49471900,0.03287114018797599,0.30428545789604133,5229014863.276164
2019-01-31,98.05339050292969,104.43000030517578,105.22000122070312,103.18000030517578,103.80000305175781,55636400,-0.018500539862858822,0.3120080311165182,5801578371.291098
2019-02-01,96.504150390625,102.77999877929688,104.0999984741211,102.3499984741211,103.77999877929688,35535700,-0.01592611472131722,0.28578939699558836,3662901453.0583696
2019-02-04,99.28343200683594,105.73999786376953,105.80000305175781,102.7699966430664,102.87000274658203,31315100,0.028392692614421122,0.25839151015956535,3280883001.5157065
2019-02-05,100.67303466796875,107.22000122070312,107.2699966430664,105.95999908447266,106.05999755859375,27325400,0.01389927573335381,0.261716907200485,2918808115.536499
2019-02-06,99.55570220947266,106.02999877929688,107.0,105.52999877929688,107.0,20609800,-0.01116067627327233,0.2652115456046654,2188485945.894368
2019-02-07,98.84208679199219,105.2699966430664,105.58999633789062,104.29000091552734,105.19000244140625,29760700,-0.00719381499757521,0.262668613464259,3126361474.451701
2019-02-08,99.21768188476562,105.66999816894531,105.77999877929688,104.26000213623047,104.38999938964844,21461100,0.003792749486942526,0.26165488335120535,2258494620.450592
2019-02-11,98.82333374023438,105.25,106.58000183105469,104.97000122070312,106.19999694824219,18914100,-0.003982494883619125,0.26039021105050275,1997328979.2404175
2019-02-12,100.3631820678711,106.88999938964844,107.13999938964844,105.4800033569336,106.13999938964844,25056600,0.015461679201169254,0.2629380091287546,2668611439.842224
2019-02-13,100.28807067871094,106.80999755859375,107.77999877929688,106.70999908447266,107.5,18394900,-0.0007486760400485792,0.24497560302463178,1970093761.93161
2019-02-14,100.3725814819336,106.9000015258789,107.29000091552734,105.66000366210938,106.30999755859375,21784700,0.000842325660855181,0.2447833228485019,2322612142.654419
2019-02-15,101.61197662353516,108.22000122070312,108.30000305175781,107.36000061035156,107.91000366210938,26606900,0.012272331198396103,0.24715759775627205,2872480967.3055015
2019-02-19,101.56502532958984,108.16999816894531,108.66000366210938,107.77999877929688,107.79000091552734,18038500,-0.00046217135137993637,0.2419366472729749,1951825832.0032756
2019-02-20,101.03697967529297,107.1500015258789,107.94000244140625,106.29000091552734,107.86000061035156,21607700,-0.005212651769595844,0.232636894629958,2314760910.5021157
2019-02-21,103.16803741455078,109.41000366210938,109.4800033569336,106.87000274658203,106.9000015258789,29063200,0.020872504871599418,0.24102023274963177,3155876105.2734375
2019-02-22,104.63904571533203,110.97000122070312,111.19999694824219,109.81999969482422,110.05000305175781,27763200,0.014157677873785524,0.24372638210114578,3072368236.2304688
2019-02-25,105.22366333007812,111.58999633789062,112.18000030517578,111.26000213623047,111.76000213623047,23750600,0.005571443632490514,0.24281275789775744,2652387829.6691895
2019-02-26,105.94973754882812,112.36000061035156,113.23999786376953,111.16999816894531,111.26000213623047,21536700,0.006876595981467837,0.2296218238902798,2417638128.9009094
2019-02-27,105.77057647705078,112.16999816894531,112.36000061035156,110.87999725341797,111.69000244140625,21487100,-0.0016924319743845118,0.21332643749649316,2402329375.251516
2019-02-28,105.63855743408203,112.02999877929688,112.87999725341797,111.7300033569336,112.04000091552734,29083900,-0.0012489437678233628,0.18722922580173307,3263601359.4161987
2019-03-01,106.11004638671875,112.52999877929688,113.0199966430664,111.66999816894531,112.88999938964844,23501200,0.004453297196177708,0.17041183993808434,2641691504.4626875
2019-03-04,105.85545349121094,112.26000213623047,113.25,110.80000305175781,113.0199966430664,26608000,-0.0024022118513098434,0.1563848979486692,2982845539.347331
2019-03-05,105.32738494873047,111.69999694824219,112.38999938964844,111.2300033569336,112.25,19538300,-0.005001065872519028,0.13342774164221427,2183860916.679128
2019-03-06,105.37455749511719,111.75,112.66000366210938,111.43000030517578,111.87000274658203,17687000,0.00044776566013293717,0.12751036436228744,1980000716.723124
2019-03-07,104.09212493896484,110.38999938964844,111.55000305175781,109.87000274658203,111.4000015258789,25339000,-0.012244893220513475,0.12899710414272578,2802577907.152812
2019-03-08,104.20529174804688,110.51000213623047,110.70999908447266,108.80000305175781,109.16000366210938,22818400,0.00108658880188095,0.12447880599483625,2510176155.163574
2019-03-11,106.39293670654297,112.83000183105469,112.94999694824219,110.9800033569336,110.98999786376953,26491600,0.02077627780702862,0.13942782577952267,2973770424.1973877
2019-03-12,107.13785552978516,113.62000274658203,113.98999786376953,112.6500015258789,112.81999969482422,26132700,0.006977184296407479,0.1371633704794841,2963970852.60849
2019-03-13,107.9676742553711,114.5,115.0,113.77999877929688,114.12999725341797,35513800,0.0077154952076279315,0.13153822762458492,4063725740.2160645
2019-03-14,108.05253601074219,114.58999633789062,115.19999694824219,114.33000183105469,114.54000091552734,30763400,0.0007856835212969315,0.13099746852579797,3528767019.2626953
2019-03-15,109.29720306396484,115.91000366210938,117.25,114.58999633789062,115.33999633789062,54681100,0.011453251929022024,0.13317770003682172,6338450841.666667
2019-03-18,110.86248779296875,117.56999969482422,117.61000061035156,116.05000305175781,116.16999816894531,31207600,0.0142197792715546,0.1348145102992292,3653681817.5872803
2019-03-19,110.93793487548828,117.6500015258789,118.44000244140625,116.98999786376953,118.08999633789062,37588700,0.0006803150735397168,0.13435715388141556,4423939421.608988
2019-03-20,110.81535339355469,117.5199966430664,118.75,116.70999908447266,117.38999938964844,28113300,-0.0011055664191150782,0.13136763373486177,3307810837.9623413
2019-03-21,113.361328125,120.22000122070312,120.81999969482422,117.08999633789062,117.13999938964844,29854400,0.02271497805975109,0.13436051596593013,3563918730.000814
2019-03-22,110.3721694946289,117.05000305175781,119.58999633789062,117.04000091552734,119.5,33624500,-0.026722297154562646,0.16830035472897398,3964104390.0871277
2019-03-25,110.94737243652344,117.66000366210938,118.01000213623047,116.31999969482422,116.55999755859375,27067100,0.005197952534858885,0.16822408625968147,3175782892.5613403
2019-03-26,111.18312072753906,117.91000366210938,118.70999908447266,116.8499984741211,118.62000274658203,26097700,0.002122611588988299,0.16752112861637575,3074918016.9525146
2019-03-27,110.10814666748047,116.7699966430664,118.20999908447266,115.5199966430664,117.87999725341797,22733400,-0.009715543938332516,0.1722307178476218,2656018842.185974
2019-03-28,110.25899505615234,116.93000030517578,117.58000183105469,116.12999725341797,117.44000244140625,18334800,0.0013690644717154754,0.1718443715742276,2142971420.2697754
2019-03-29,111.21141052246094,117.94000244140625,118.31999969482422,116.95999908447266,118.06999969482422,25399800,0.008600890354470536,0.17314196872626322,2990572462.335205
2019-04-01,112.22978973388672,119.0199966430664,119.11000061035156,118.0999984741211,118.94999694824219,22789100,0.009115474333595053,0.17374513665456645,2706053665.211487
2019-04-02,112.39009857177734,119.19000244140625,119.4800033569336,118.5199966430664,119.05999755859375,18142300,0.001427379083105862,0.1714591649322705,2160082727.097575
2019-04-03,113.1255874633789,119.97000122070312,120.43000030517578,119.1500015258789,119.86000061035156,22860700,0.006522752472121418,0.17149856463882307,2739854918.255107
2019-04-04,112.55036926269531,119.36000061035156,120.2300033569336,118.37999725341797,120.0999984741211,20112800,-0.005097746828788274,0.16485939865601149,2399926346.850586
2019-04-05,113.05015563964844,119.88999938964844,120.2300033569336,119.37000274658203,119.38999938964844,15826200,0.004430727231617304,0.16454442461344215,1896453574.9786377
2019-04-08,113.08787536621094,119.93000030517578,120.0199966430664,118.63999938964844,119.80999755859375,15116200,0.00033359914512853805,0.15320772035720415,1806839367.5476074
2019-04-09,112.4749526977539,119.27999877929688,119.54000091552734,118.58000183105469,118.62999725341797,17612000,-0.0054346204317266,0.1552053166268528,2098176275.6245933
2019-04-10,113.33303833007812,120.19000244140625,120.3499984741211,119.54000091552734,119.76000213623047,16477200,0.007600171799530209,0.15515634412817947,1977703402.0568848
2019-04-11,113.46504974365234,120.33000183105469,120.8499984741211,119.91999816894531,120.54000091552734,14209100,0.0011641317579345056,0.15511148267860458,1710301996.1062112
2019-04-12,114.04967498779297,120.94999694824219,120.9800033569336,120.37000274658203,120.63999938964844,19745100,0.005139241265202266,0.1519975843809211,2384549930.0857544
2019-04-15,114.14398956298828,121.05000305175781,121.58000183105469,120.56999969482422,120.94000244140625,15792600,0.0008266187472942832,0.14549705486608974,1911957464.0975952
2019-04-16,113.87995147705078,120.7699966430664,121.6500015258789,120.0999984741211,121.63999938964844,14071800,-0.0023158814179149445,0.14606713071458519,1700436296.2539673
2019-04-17,114.8228759765625,121.7699966430664,121.8499984741211,120.54000091552734,121.23999786376953,19300900,0.008245895801413994,0.1476937495620359,2342871889.1426086
2019-04-18,116.33163452148438,123.37000274658203,123.5199966430664,121.30000305175781,122.19000244140625,27991000,0.013054298337769055,0.13354054941068344,3435335452.779134
2019-04-22,116.69937133789062,123.76000213623047,124.0,122.56999969482422,122.62000274658203,15648700,0.003156121824265057,0.0861686016717657,1931727699.8845417
2019-04-23,118.28350830078125,125.44000244140625,125.58000183105469,123.83000183105469,124.0999984741211,24025500,0.013483203240188146,0.09354175039740828,3001986273.880005
2019-04-24,117.87804412841797,125.01000213623047,125.8499984741211,124.5199966430664,125.79000091552734,31257000,-0.003433789849294655,0.09628432955761733,3911084191.383362
2019-04-25,121.7818374633789,129.14999389648438,131.3699951171875,128.8300018310547,130.05999755859375,38033900,0.03258066077472854,0.1311983912638661,4936166205.5964155
2019-04-26,122.47964477539062,129.88999938964844,130.52000427246094,129.02000427246094,129.6999969482422,23654900,0.005713624628582714,0.13052671544446248,3070642631.5638227
2019-04-29,122.36648559570312,129.77000427246094,130.17999267578125,129.35000610351562,129.89999389648438,16324200,-0.0009243289863123394,0.13160653360134456,2118337036.6058352
2019-04-30,123.14915466308594,130.60000610351562,130.6999969482422,129.38999938964844,129.80999755859375,24166500,0.006375738163563405,0.13080809726013684,3147203314.666748
2019-05-01,120.58430480957031,127.87999725341797,130.64999389648438,127.69999694824219,130.52999877929688,26821700,-0.021047126973297026,0.15804332285371195,3453114957.2573347
2019-05-02,119.00958251953125,126.20999908447266,128.0,125.5199966430664,127.9800033569336,27350200,-0.013145118039186166,0.16768742228881123,3461897109.7157793
2019-05-03,121.5461196899414,128.89999389648438,129.42999267578125,127.25,127.36000061035156,24911100,0.021089761437787402,0.17689178672195374,3201740534.500122
2019-05-06,120.83892059326172,128.14999389648438,128.55999755859375,126.11000061035156,126.38999938964844,24239800,-0.0058353527314123355,0.18000174735197083,3093160014.555867
2019-05-07,118.35893249511719,125.5199966430664,127.18000030517578,124.22000122070312,126.45999908447266,36017700,-0.02073661559432871,0.19825858822780307,4525263806.016541
2019-05-08,118.3495101928711,125.51000213623047,126.37000274658203,124.75,125.44000244140625,28419000,-7.961103663323144e-05,0.1964916146813545,3567816036.254883
2019-05-09,118.34009552001953,125.5,125.79000091552734,123.56999969482422,124.29000091552734,27235800,-7.955290497996259e-05,0.19579763368939845,3403204001.5411377
2019-05-10,119.8770980834961,127.12999725341797,127.93000030517578,123.81999969482422,124.91000366210938,30915100,0.012904390896914641,0.1992272026401034,3904371001.0297136
2019-05-13,116.31275177001953,123.3499984741211,125.55000305175781,123.04000091552734,124.11000061035156,33944900,-0.03018433631112316,0.22912676810016436,4208488729.62443
2019-05-14,117.61404418945312,124.7300033569336,125.87999725341797,123.69999694824219,123.87000274658203,25266300,0.011125752713853743,0.23179370278832284,3152476230.4382324
2019-05-15,119.2702865600586,126.0199966430664,126.70999908447266,123.69999694824219,124.26000213623047,24722700,0.013983781490270353,0.23524921422624914,3102121926.6418457
2019-05-16,122.0244369506836,128.92999267578125,129.3800048828125,126.45999908447266,126.75,30112200,0.022829094345673262,0.24508855439622584,3862090364.305115
2019-05-17,121.21048736572266,128.07000732421875,130.4600067138672,127.91999816894531,128.30999755859375,25770500,-0.006692728237855938,0.24444516193086044,3319670013.1937666
2019-05-20,119.45958709716797,126.22000122070312,127.58999633789062,125.76000213623047,126.5199966430664,23706900,-0.014550468424509688,0.2510271254659555,2999476008.5884094
2019-05-21,120.10315704345703,126.9000015258789,127.52999877929688,126.58000183105469,127.43000030517578,15293300,0.005372884642859788,0.2475584042765294,1942300088.5566711
2019-05-22,120.83190155029297,127.66999816894531,128.24000549316406,126.5199966430664,126.62000274658203,15396500,0.006049320787198553,0.2477067084879782,1962694499.8995461
2019-05-23,119.42174530029297,126.18000030517578,126.29000091552734,124.73999786376953,126.19999694824219,23603800,-0.01173903049806757,0.22330403023019502,2967863125.463359
2019-05-24,119.478515625,126.23999786376953,127.41999816894531,125.97000122070312,126.91000366210938,14123400,0.00047526382395535194,0.22205798134429586,1787222101.069641
2019-05-28,119.40279388427734,126.16000366210938,128.0,126.05000305175781,126.9800033569336,23128400,-0.0006339695928021527,0.22206546121554502,2931216373.0936685
2019-05-29,118.2481460571289,124.94000244140625,125.38999938964844,124.04000091552734,125.37999725341797,22763100,-0.009717250965223911,0.22210429775583002,2840607269.8402405
2019-05-30,118.99585723876953,125.7300033569336,125.76000213623047,124.77999877929688,125.26000213623047,16829600,0.006303330300631238,0.21255027743296087,2110824554.634603
2019-05-31,117.05561065673828,123.68000030517578,124.62000274658203,123.31999969482422,124.2300033569336,26646800,-0.01643955275127862,0.2152760900167052,3300827963.0625405
2019-06-03,113.42130279541016,119.83999633789062,124.37000274658203,119.01000213623047,123.8499984741211,37983600,-0.03153989764491616,0.22456802302930465,4598801079.455566
2019-06-04,116.56346893310547,123.16000366210938,123.27999877929688,120.6500015258789,121.27999877929688,29382600,0.027326693376660494,0.2482111441086104,3595352916.8563843
2019-06-05,119.09048461914062,125.83000183105469,125.87000274658203,124.20999908447266,124.94999694824219,24926100,0.021447656757295874,0.25055994787248353,3123323447.427368
2019-06-06,120.97388458251953,127.81999969482422,127.97000122070312,125.5999984741211,126.44000244140625,21459000,0.015691113281867786,0.256131478958229,2728082665.6341553
2019-06-07,124.36213684082031,131.39999389648438,132.25,128.25999450683594,129.19000244140625,33885600,0.027623075339343828,0.2719713989210767,4426701701.013184
2019-06-10,125.49786376953125,132.60000610351562,134.0800018310547,132.0,132.39999389648438,26477100,0.009090968925315579,0.2704457709470593,3518630146.0281367
2019-06-11,125.02461242675781,132.10000610351562,134.24000549316406,131.27999877929688,133.8800048828125,23913700,-0.003778119336026009,0.2446980174143848,3169521880.70933
2019-06-12,124.4472885131836,131.49000549316406,131.97000122070312,130.7100067138672,131.39999389648438,17092500,-0.004628376518652111,0.24467275057050977,2245783651.5045166
2019-06-13,125.23287200927734,132.32000732421875,133.0,131.55999755859375,131.97999572753906,17200800,0.0062927393732845616,0.24168123812087958,2275551195.9960938
2019-06-14,125.35588836669922,132.4499969482422,133.7899932861328,131.63999938964844,132.25999450683594,17821700,0.0009818187146093393,0.22999440192920878,2363632603.694153
2019-06-17,125.73448181152344,132.85000610351562,133.72999572753906,132.52999877929688,132.6300048828125,14517800,0.0030155973840075845,0.22816387499630125,1931399722.2869873
2019-06-18,127.92076110839844,135.16000366210938,135.24000549316406,133.57000732421875,134.19000244140625,25934500,0.01723862209856719,0.22590061896246755,3492253464.12913
2019-06-19,128.42239379882812,135.69000244140625,135.92999267578125,133.80999755859375,135.0,23744400,0.003913764195703884,0.2257982005756083,3208897306.0302734
2019-06-20,129.6149139404297,136.9499969482422,137.66000366210938,135.72000122070312,137.4499969482422,33042600,0.009243071416466186,0.2265486163974934,4519456706.167603
2019-06-21,129.63381958007812,136.97000122070312,137.72999572753906,136.4600067138672,136.5800018310547,36727900,0.0001458494274997335,0.22011010872092746,5033681166.167196
2019-06-24,130.40042114257812,137.77999877929688,138.39999389648438,137.0,137.0,20628800,0.005896175682631011,0.2197832833613606,2841135810.970052
2019-06-25,126.283447265625,133.42999267578125,137.58999633789062,132.72999572753906,137.25,33327400,-0.03208091720367978,0.25320015087890924,4485312413.821411
2019-06-26,126.75658416748047,133.92999267578125,135.74000549316406,133.60000610351562,134.35000610351562,23657700,0.003739625312006112,0.24906368857725392,3180146926.6921997
2019-06-27,126.96481323242188,134.14999389648438,134.7100067138672,133.50999450683594,134.13999938964844,16557500,0.0016413996913628992,0.2489186605663408,2220747064.7176104
2019-06-28,126.78504180908203,133.9600067138672,134.60000610351562,133.16000366210938,134.57000732421875,30043000,-0.001416918668876832,0.23918901427192593,4022958151.6977944
2019-07-01,128.41285705566406,135.67999267578125,136.6999969482422,134.97000122070312,136.6300048828125,22613500,0.012757450836030415,0.20257182136544527,3070536339.322408
2019-07-02,129.2646942138672,136.5800018310547,136.58999633789062,135.33999633789062,136.1199951171875,15237800,0.00661167615978453,0.18747527070237816,2074931198.098755
2019-07-03,130.0975799560547,137.4600067138672,137.74000549316406,136.2899932861328,136.8000030517578,13629300,0.006422588696612053,0.17800701356498655,1869440243.955994
2019-07-05,129.718994140625,137.05999755859375,137.3300018310547,135.72000122070312,135.94000244140625,18141100,-0.002914256603425258,0.17477281354515486,2479948844.0241494
2019-07-08,129.62435913085938,136.9600067138672,137.10000610351562,135.3699951171875,136.39999389648438,16779700,-0.0007298048149086966,0.1514100309785648,2290037568.04657
2019-07-09,129.15113830566406,136.4600067138672,136.97000122070312,135.8000030517578,136.0,19953100,-0.003657389183953086,0.15038454919503597,2721802444.0704346
2019-07-10,130.4666748046875,137.85000610351562,138.5800018310547,137.02000427246094,137.1300048828125,24204400,0.010134495340821559,0.1520027041146069,3335769825.1546226
2019-07-11,130.9872283935547,138.39999389648438,139.22000122070312,137.8699951171875,138.1999969482422,22327900,0.0039819965993013184,0.15008577531778897,3092339650.9847007
2019-07-12,131.46043395996094,138.89999389648438,139.1300048828125,138.00999450683594,138.85000610351562,18936800,0.0036060986404500284,0.14953086789012285,2626155381.6202803
2019-07-15,131.46043395996094,138.89999389648438,139.5399932861328,138.4600067138672,139.44000244140625,16651500,0.0,0.14968889196381244,2314003416.1224365
2019-07-16,129.7379608154297,137.0800018310547,139.0500030517578,136.52000427246094,138.9600067138672,22726100,-0.013189193718568859,0.1590265317265141,3125975124.354553
2019-07-17,128.9713134765625,136.27000427246094,137.92999267578125,136.22000122070312,137.6999969482422,20211000,-0.005926726709540198,0.15021482413416887,2764999527.6641846
2019-07-18,129.11326599121094,136.4199981689453,136.6199951171875,134.6699981689453,135.5500030517578,30381800,0.001100046575862379,0.1497021999198245,4128987806.129964
2019-07-19,129.3025665283203,136.6199951171875,140.6699981689453,136.4499969482422,140.22000122070312,48992400,0.0014650849301638402,0.14620461365850834,6756705032.519531
2019-07-22,131.01559448242188,138.42999267578125,139.19000244140625,137.3300018310547,137.41000366210938,25074900,0.013161222979003462,0.15326744693726538,3468276559.4924927
2019-07-23,131.8295135498047,139.2899932861328,139.99000549316406,138.02999877929688,139.75999450683594,18034600,0.006193165815288282,0.15340184601181442,2508672960.6567383
2019-07-24,133.18295288085938,140.72000122070312,140.74000549316406,138.85000610351562,138.89999389648438,20738300,0.010214244758974367,0.10085188437129744,2905505046.2702436
2019-07-25,132.6813201904297,140.19000244140625,140.61000061035156,139.32000732421875,140.42999267578125,18356900,-0.0037736043275700126,0.10316168996908306,2570700339.4902544
2019-07-26,133.76971435546875,141.33999633789062,141.67999267578125,140.3000030517578,140.3699951171875,19037600,0.00816960775099762,0.10510346363320244,2686332226.9816084
2019-07-29,133.47634887695312,141.02999877929688,141.50999450683594,139.3699951171875,141.5,16605900,-0.0021954717895917852,0.10551307742756487,2335398358.808899
2019-07-30,132.83274841308594,140.35000610351562,141.22000122070312,139.8000030517578,140.13999938964844,16846500,-0.0048334940370748924,0.1015957729476843,2366203293.2662964
2019-07-31,128.9713134765625,136.27000427246094,140.49000549316406,135.0800018310547,140.3300018310547,38598800,-0.02950080265605326,0.14647473999240174,5298843413.205974
2019-08-01,130.66542053222656,138.05999755859375,140.94000244140625,136.92999267578125,137.0,40557500,0.01305001085196178,0.15189543024495322,5623026892.649333
2019-08-02,129.5675048828125,136.89999389648438,138.32000732421875,135.25999450683594,138.08999633789062,30791600,-0.008437995783461716,0.15451025235755458,4213111945.4813643
2019-08-05,125.12873077392578,132.2100067138672,133.92999267578125,130.77999877929688,133.3000030517578,42749600,-0.03485896498433494,0.19594257337836413,5656057051.241048
2019-08-06,127.4759292602539,134.69000244140625,135.67999267578125,133.2100067138672,133.8000030517578,32696700,0.018584503093811655,0.20797675585067182,4398578081.956482
2019-08-07,128.03431701660156,135.27999877929688,135.64999389648438,131.8300018310547,133.7899932861328,33414500,0.004370773019251928,0.205146709826387,4486007945.48289
2019-08-08,131.45095825195312,138.88999938964844,138.99000549316406,135.92999267578125,136.60000610351562,27496500,0.026335511329244277,0.22547613994072244,3792775532.6232915
2019-08-09,130.33419799804688,137.7100067138672,139.3800048828125,136.4600067138672,138.61000061035156,23466700,-0.008531935456860928,0.22705522071908252,3234884738.22937
2019-08-12,128.51698303222656,135.7899932861328,137.86000061035156,135.24000549316406,137.07000732421875,20484300,-0.0140408462740238,0.23186566275125453,2791941804.8324585
2019-08-13,131.176513671875,138.60000610351562,138.8000030517578,135.0,136.0500030517578,25154600,0.02048278956085703,0.23896143793091196,3457919090.09908
2019-08-14,127.22621154785156,133.97999572753906,136.9199981689453,133.6699981689453,136.36000061035156,32527300,-0.0305771535330166,0.2615342942639001,4386523167.636618
2019-08-15,126.94132232666016,133.67999267578125,134.5800018310547,132.25,134.38999938964844,28074400,-0.002241744538776125,0.26150308108329673,3748025929.927572
2019-08-16,129.2677764892578,136.1300048828125,136.4600067138672,134.72000122070312,134.8800048828125,24449100,0.018161088865221053,0.26961804519442273,3319454411.4578247
2019-08-19,131.43287658691406,138.41000366210938,138.5500030517578,136.88999938964844,137.85000610351562,24355700,0.016610237459223853,0.27199514907979766,3359868864.551799
2019-08-20,130.34083557128906,137.25999450683594,138.7100067138672,137.24000549316406,138.2100067138672,21170800,-0.008343445502168478,0.2725808609037372,2915995470.04598
2019-08-21,131.79371643066406,138.7899932861328,139.49000549316406,138.0,138.5500030517578,14970300,0.011085114310337651,0.2730311823151397,2077278821.9085696
2019-08-22,130.83462524414062,137.77999877929688,139.1999969482422,136.2899932861328,138.66000366210938,18697000,-0.007303822915909031,0.27383255059561473,2575636328.1962075
2019-08-23,126.66597747802734,133.38999938964844,138.35000610351562,132.8000030517578,137.19000244140625,38508600,-0.03238059990853159,0.2925788866104041,5192756457.684326
2019-08-26,128.6220703125,135.4499969482422,135.55999755859375,133.89999389648438,134.99000549316406,20312600,0.01532489385230651,0.29918557908214155,2741591543.4804277
2019-08-27,128.89747619628906,135.74000549316406,136.72000122070312,134.66000366210938,136.38999938964844,23102100,0.002138913278779242,0.29928266762171957,3135109063.9022827
2019-08-28,128.72653198242188,135.55999755859375,135.75999450683594,133.5500030517578,134.8800048828125,17393300,-0.0013270831407670158,0.28141440261013156,2347341762.023926
2019-08-29,131.15748596191406,138.1199951171875,138.44000244140625,136.91000366210938,137.25,20168700,0.018708537008375714,0.28539751519974493,2779717471.206665
2019-08-30,130.91058349609375,137.86000061035156,139.17999267578125,136.27000427246094,139.14999389648438,23940100,-0.001884262660323266,0.28379792451841657,3298227557.5174966
2019-09-03,129.18235778808594,136.0399932861328,137.1999969482422,135.6999969482422,136.61000061035156,18869300,-0.013289489016014677,0.2586161743768361,2572137100.04832
2019-09-04,130.69223022460938,137.6300048828125,137.69000244140625,136.47999572753906,137.3000030517578,17995900,0.01162013906456405,0.2539311905111087,2470237224.973043
2019-09-05,132.990234375,140.0500030517578,140.3800048828125,138.75999450683594,139.11000061035156,26101800,0.0174305283125733,0.2599058282836111,3647204535.2416997
2019-09-06,132.08810424804688,139.10000610351562,140.17999267578125,138.1999969482422,140.02999877929688,20824500,-0.0068065434130755165,0.24553990968169168,2897937390.3427124
2019-09-09,130.58775329589844,137.52000427246094,139.75,136.4600067138672,139.58999633789062,25773900,-0.011423716535053252,0.24704111004550403,3554478643.386841
2019-09-10,129.22035217285156,136.0800018310547,136.88999938964844,134.50999450683594,136.8000030517578,28903400,-0.010526336325456853,0.2447958693599129,3925852436.170451
2019-09-11,129.25836181640625,136.1199951171875,136.27000427246094,135.08999633789062,135.91000366210938,24726100,0.000294102699924359,0.23349926700527598,3358463707.4529014
2019-09-12,130.58775329589844,137.52000427246094,138.4199981689453,136.8699951171875,137.85000610351562,27010000,0.010232233625532494,0.20921000497837197,3716666011.352539
2019-09-13,130.3978271484375,137.32000732421875,138.05999755859375,136.57000732421875,137.77999877929688,23363100,-0.001455453444323851,0.20905972984335713,3208143110.0646973
2019-09-16,129.45773315429688,136.3300018310547,136.6999969482422,135.66000366210938,135.8300018310547,16731400,-0.007235543426078017,0.20165107056745235,2279318635.6160483
2019-09-17,130.46429443359375,137.38999938964844,137.52000427246094,136.42999267578125,136.9600067138672,17814200,0.007745140497446457,0.19470373282523457,2442564320.9208174
2019-09-18,131.5373077392578,138.52000427246094,138.6699981689453,136.52999877929688,137.36000061035156,23982100,0.008190936970817297,0.19457552679125723,3307291480.4250083
2019-09-19,133.95883178710938,141.07000732421875,142.3699951171875,140.07000732421875,140.3000030517578,35772100,0.018242006854360504,0.20097162192905432,5049947473.445639
2019-09-20,132.4109649658203,139.44000244140625,141.64999389648438,138.25,141.00999450683594,39167300,-0.011622070242003346,0.20370630817605473,5474805146.1883545
2019-09-23,132.12608337402344,139.13999938964844,139.6300048828125,138.44000244140625,139.22999572753906,17139300,-0.0021538132651972575,0.16526293203580483,2383562489.3569946
2019-09-24,130.454833984375,137.3800048828125,140.69000244140625,136.8800048828125,140.36000061035156,29773200,-0.012729576651143049,0.165500473069146,4118129901.1474614
2019-09-25,132.33499145507812,139.36000061035156,139.9600067138672,136.02999877929688,137.5,21382000,0.014309454708000935,0.17205365339702378,2960337943.5017905
2019-09-26,132.50592041015625,139.5399932861328,140.17999267578125,138.44000244140625,139.44000244140625,17456600,0.001290804941030288,0.17178512890872868,2433217217.853801
2019-09-27,130.78713989257812,137.72999572753906,140.36000061035156,136.64999389648438,140.14999389648438,22477700,-0.013056211443452703,0.16664442200799628,3107467026.1637373
2019-09-30,132.02163696289062,139.02999877929688,139.22000122070312,137.77999877929688,138.0500030517578,17280900,0.009394710213682878,0.16969900092271978,2396457601.968384
2019-10-01,130.1604461669922,137.07000732421875,140.25,137.0,139.66000366210938,21466600,-0.014197934799263123,0.17065033612145736,2964680623.075358
2019-10-02,127.8624496459961,134.64999389648438,136.3699951171875,133.5800018310547,136.25,30521700,-0.017812816770469198,0.17649953760169323,4116359846.855163
2019-10-03,129.41024780273438,136.27999877929688,136.75,133.22000122070312,134.9499969482422,24132900,0.012032499727817836,0.17023780709575442,3267996875.0
2019-10-04,131.15748596191406,138.1199951171875,138.25,136.4199981689453,136.75,22897700,0.01341121037610371,0.17635486609508313,3150647143.0892944
2019-10-07,130.2079315185547,137.1199951171875,138.17999267578125,137.02000427246094,137.13999938964844,15303700,-0.0072661381929775,0.17363211195735256,2103340487.5239053
2019-10-08,128.83099365234375,135.6699981689453,137.75999450683594,135.6199951171875,137.0800018310547,25550500,-0.010631227210977201,0.1737114871777787,3483810571.0347495
2019-10-09,131.27145385742188,138.24000549316406,138.6999969482422,136.97000122070312,137.4600067138672,19749900,0.018765927405928196,0.1856531205973998,2724893727.1087646
2019-10-10,132.08810424804688,139.10000610351562,139.6699981689453,138.25,138.49000549316406,17654600,0.006201810285750398,0.18357764843077315,2454107122.4761963
2019-10-11,132.6388702392578,139.67999267578125,141.02999877929688,139.5,140.1199951171875,25446000,0.004161017493165886,0.18382465309151552,3564221147.521973
2019-10-14,132.5154266357422,139.5500030517578,140.2899932861328,139.52000427246094,139.69000244140625,13304300,-0.0009311077654698963,0.18161051103044043,1859763752.0401
2019-10-15,134.43362426757812,141.57000732421875,141.7899932861328,139.80999755859375,140.05999755859375,19695700,0.014371511272756265,0.18602788801030729,2778209777.645365
2019-10-16,133.33204650878906,140.41000366210938,140.99000549316406,139.52999877929688,140.7899932861328,20751600,-0.008227970152231201,0.1872544668918475,2911657050.88501
2019-10-17,132.6483612060547,139.69000244140625,141.4199981689453,139.02000427246094,140.9499969482422,21460600,-0.005140880972008155,0.17680255447935592,3005413994.2626953
2019-10-18,130.48329162597656,137.41000366210938,140.0,136.55999755859375,139.75999450683594,32273500,-0.016456541188872187,0.18136958147608145,4453420278.13212
2019-10-21,131.4518585205078,138.42999267578125,138.5,137.00999450683594,138.4499969482422,20078200,0.007395504639303496,0.18342469300754166,2770389950.216675
2019-10-22,129.4957275390625,136.3699951171875,140.00999450683594,136.25999450683594,138.97000122070312,27431000,-0.014992801068646422,0.18551913857076174,3773042468.231201
2019-10-23,130.3218994140625,137.24000549316406,137.4499969482422,135.61000061035156,136.8800048828125,29844600,0.006359650569061515,0.17953619825989361,4081746490.3594975
2019-10-24,132.88577270507812,139.94000244140625,140.4199981689453,138.6699981689453,139.38999938964844,37029300,0.019482368167630604,0.19271122382994915,5172129177.932739
2019-10-25,133.63592529296875,140.72999572753906,141.13999938964844,139.1999969482422,139.33999633789062,25959700,0.005629219492703896,0.18735440797658154,3643616891.0069785
2019-10-28,136.9215087890625,144.19000244140625,145.6699981689453,143.50999450683594,144.39999389648438,35280100,0.024288706246471392,0.20218486017154852,5096445588.244629
2019-10-29,135.6300811767578,142.8300018310547,144.5,142.64999389648438,144.0800018310547,20589500,-0.009476644604175632,0.19808969689579922,2951024374.010722
2019-10-30,137.3203887939453,144.61000061035156,145.0,142.7899932861328,143.52000427246094,18496600,0.012385611393554541,0.18717287635007904,2665976575.7019043
2019-10-31,136.14283752441406,143.3699951171875,144.92999267578125,142.99000549316406,144.89999389648438,24605100,-0.008612189387251945,0.18902846128682083,3537311137.9348755
2019-11-01,136.47523498535156,143.72000122070312,144.4199981689453,142.97000122070312,144.25999450683594,33128400,0.002438558989109829,0.1848398817731631,4760661514.73999
2019-11-04,137.2633514404297,144.5500030517578,145.0,144.16000366210938,144.8300018310547,16912000,0.005758184426816193,0.182096724559597,2444967877.848307
2019-11-05,137.17788696289062,144.4600067138672,145.02000427246094,143.91000366210938,144.97000122070312,18250200,-0.0006228253508764325,0.17610072351654532,2636484815.1123047
2019-11-06,136.7980499267578,144.05999755859375,144.52000427246094,143.1999969482422,144.3699951171875,16575800,-0.00277277839655099,0.16757848169497291,2385699634.588623
2019-11-07,136.9879913330078,144.25999450683594,144.8800048828125,143.77000427246094,143.83999633789062,17786700,0.0013875173171653543,0.16690634794601095,2566680120.7122803
2019-11-08,138.60232543945312,145.9600067138672,145.99000549316406,143.75999450683594,143.97999572753906,16732700,0.011715597194832839,0.17025369182887087,2430201609.7803755
2019-11-11,138.7447509765625,146.11000061035156,146.4199981689453,144.72999572753906,145.33999633789062,14362600,0.001027056433906992,0.16993458502167127,2093396799.0346274
2019-11-12,139.65634155273438,147.07000732421875,147.57000732421875,146.05999755859375,146.27999877929688,18641600,0.0065487805798492005,0.165015015503646,2738451115.8528643
2019-11-13,139.88421630859375,147.30999755859375,147.4600067138672,146.27999877929688,146.74000549316406,16919200,0.0016303523758978145,0.16085947768729364,2487404403.877767
2019-11-14,140.59645080566406,148.05999755859375,148.41000366210938,147.0,147.02000427246094,19729800,0.005078681787852091,0.15869543523961102,2916524810.028076
2019-11-15,142.41015625,149.97000122070312,149.99000549316406,148.27000427246094,148.92999267578125,23485700,0.012817582559930152,0.1454498804790944,3508998523.007202
2019-11-18,142.76153564453125,150.33999633789062,150.5500030517578,148.97999572753906,150.07000732421875,21534000,0.002464336975545045,0.14515915574845412,3229166824.951172
2019-11-19,142.80899047851562,150.38999938964844,151.3300018310547,150.1999969482422,150.8800048828125,23935700,0.00033235106623497046,0.12844689984193336,3605673833.390808
2019-11-20,142.56124877929688,149.6199951171875,150.83999633789062,148.4600067138672,150.30999755859375,25696800,-0.0017362830973652876,0.13032247786107468,3845269136.315918
2019-11-21,142.42788696289062,149.47999572753906,149.8000030517578,148.5,149.39999389648438,18576100,-0.0009359081411544068,0.11941193471533697,2772668678.4413657
2019-11-22,142.5326690673828,149.58999633789062,150.3000030517578,148.82000732421875,150.07000732421875,15901800,0.0007354148284548501,0.11949588569877116,2378432261.5875244
2019-11-25,144.09530639648438,151.22999572753906,151.35000610351562,149.9199981689453,150.0,22420900,0.010903700578847264,0.09653057251904193,3381819083.3333335
2019-11-26,144.85755920410156,152.02999877929688,152.4199981689453,151.32000732421875,151.36000061035156,24620100,0.00527597865625129,0.0863189138413407,3740367694.062805
2019-11-27,145.13388061523438,152.32000732421875,152.5,151.52000427246094,152.3300018310547,15184400,0.0019057217339453203,0.079773229859927,2309749757.362874
2019-11-29,144.2382354736328,151.3800048828125,152.3000030517578,151.27999877929688,152.10000610351562,11977300,-0.006190285461995515,0.07575939364695346,1816397496.1380005
2019-12-02,142.49456787109375,149.5500030517578,151.8300018310547,148.32000732421875,151.80999755859375,27418400,-0.012162466774423564,0.09196070542412803,4110018271.565755
2019-12-03,142.26585388183594,149.30999755859375,149.42999267578125,146.64999389648438,147.49000549316406,24066000,-0.0016063611440868542,0.09185773459097006,3572918452.697754
2019-12-04,142.7803955078125,149.85000610351562,150.17999267578125,149.1999969482422,150.13999938964844,17574700,0.0036102364858185965,0.09162405989037385,2631694135.3042603
2019-12-05,142.8566131591797,149.92999267578125,150.32000732421875,149.47999572753906,150.0500030517578,17869100,0.0005336679132144084,0.09015558822002319,2678756755.551656
2019-12-06,144.5907745361328,151.75,151.8699951171875,150.27000427246094,150.99000549316406,16403500,0.012066085766726076,0.09634983407206148,2481794868.329366
2019-12-09,144.2191619873047,151.36000061035156,152.2100067138672,150.91000366210938,151.07000732421875,16687400,-0.002573406984418547,0.09209325108492619,2528029911.777751
2019-12-10,144.0000457763672,151.1300048828125,151.88999938964844,150.75999450683594,151.2899932861328,16476100,-0.0015204833491262448,0.09284627495459556,2492174879.295858
2019-12-11,144.5431365966797,151.6999969482422,151.8699951171875,150.3300018310547,151.5399932861328,18856600,0.0037643686963386713,0.09156504148034506,2853003541.636149
2019-12-12,146.01046752929688,153.24000549316406,153.44000244140625,151.02000427246094,151.64999389648438,24612100,0.010100328380759471,0.09604075960104405,3754986156.813558
2019-12-13,147.2396240234375,154.52999877929688,154.88999938964844,152.8300018310547,153.0,23845400,0.008383040468354253,0.0979743106673909,3674178716.666667
2019-12-16,148.19244384765625,155.52999877929688,155.89999389648438,154.82000732421875,155.11000061035156,24144200,0.006450370366149372,0.09164063086023597,3752411083.333333
2019-12-17,147.39205932617188,154.69000244140625,155.7100067138672,154.4499969482422,155.4499969482422,25425600,-0.005415618674800449,0.0951161366833098,3939696771.728516
2019-12-18,147.08714294433594,154.3699951171875,155.47999572753906,154.17999267578125,154.3000030517578,24129200,-0.0020708864222411805,0.09587879194439519,3732224092.7876787
2019-12-19,148.36395263671875,155.7100067138672,155.77000427246094,153.75,154.0,24958900,0.008643174184050473,0.09819436113876866,3870543107.068888
2019-12-20,149.98373413085938,157.41000366210938,158.49000549316406,156.2899932861328,157.35000610351562,53477500,0.010858454622705516,0.1021575951713397,8417180285.186768
2019-12-23,149.98373413085938,157.41000366210938,158.1199951171875,157.27000427246094,158.1199951171875,17718200,0.0,0.10235681261682412,2792388338.023885
2019-12-24,149.95516967773438,157.3800048828125,157.7100067138672,157.1199951171875,157.47999572753906,8989200,-0.00019046847773829256,0.09805152571523948,1414930064.1174316
2019-12-26,151.18429565429688,158.6699981689453,158.72999572753906,157.39999389648438,157.55999755859375,14520600,0.008163213019893867,0.09976343904098885,2298126900.9155273
2019-12-27,151.46063232421875,158.9600067138672,159.5500030517578,158.22000122070312,159.4499969482422,18412800,0.0018261449055945178,0.09976614771741141,2925978115.4296875
2019-12-30,150.1552276611328,157.58999633789062,159.02000427246094,156.72999572753906,158.99000549316406,16348400,-0.00865612845522623,0.1026805597818179,2579450532.043457
2019-12-31,150.26004028320312,157.6999969482422,157.77000427246094,156.4499969482422,156.77000427246094,18369400,0.0006977849497484812,0.08905013315434747,2889629071.4548745
2020-01-02,153.04229736328125,160.6199951171875,160.72999572753906,158.3300018310547,158.77999877929688,22622100,0.018346941510050563,0.10273168698267907,3617122920.7702637
2020-01-03,151.13661193847656,158.6199951171875,159.9499969482422,158.05999755859375,158.32000732421875,21116200,-0.01253019390953991,0.11699855313918682,3354871395.6329346
2020-01-06,151.52734375,159.02999877929688,159.10000610351562,156.50999450683594,157.0800018310547,20813700,0.0025819528308330675,0.1167032075119315,3293004851.765442
2020-01-07,150.14572143554688,157.5800018310547,159.6699981689453,157.32000732421875,159.32000732421875,21634100,-0.00915979670673206,0.11888835704886924,3422298331.817627
2020-01-08,152.5372772216797,160.08999633789062,160.8000030517578,157.9499969482422,158.92999267578125,27746500,0.015802708218992656,0.12693276825911415,4428711319.463095
2020-01-09,154.44296264648438,162.08999633789062,162.22000122070312,161.02999877929688,161.83999633789062,21385000,0.012415847392629686,0.13006962365468713,3459665273.8952637
2020-01-10,153.72833251953125,161.33999633789062,163.22000122070312,161.17999267578125,162.82000732421875,20725900,-0.004637884313920537,0.1330688006920845,3355799487.866211
2020-01-13,155.5767822265625,163.27999877929688,163.30999755859375,161.25999450683594,161.75999450683594,21626500,0.011952416075166283,0.13444702168325606,3516829275.667826
2020-01-14,154.48106384277344,162.1300048828125,163.60000610351562,161.72000122070312,163.38999938964844,23477400,-0.0070678614266963535,0.137495561579753,3814686305.529785
2020-01-15,155.4815216064453,163.17999267578125,163.94000244140625,162.57000732421875,162.6199951171875,21417900,0.006455367743541274,0.13749741731396503,3496043834.4299316
2020-01-16,158.33042907714844,166.1699981689453,166.24000549316406,164.02999877929688,164.35000610351562,23865400,0.018157280082359506,0.14461614864863598,3949246411.4217124
2020-01-17,159.21658325195312,167.10000610351562,167.47000122070312,165.42999267578125,167.4199981689453,34371700,0.005581261613188282,0.1432660794453186,5728616666.666666
2020-01-21,158.64491271972656,166.5,168.19000244140625,166.42999267578125,166.67999267578125,29517200,-0.0035969826848543107,0.14448051127033296,4930553039.957683
2020-01-22,157.88262939453125,165.6999969482422,167.49000549316406,165.67999267578125,167.39999389648438,24138800,-0.00481654641359075,0.14439460213613306,4014041012.711589
2020-01-23,158.8544921875,166.72000122070312,166.8000030517578,165.27000427246094,166.19000244140625,19680800,0.006136734703545699,0.14458120727455206,3272195466.723633
2020-01-24,157.25375366210938,165.0399932861328,167.52999877929688,164.4499969482422,167.50999450683594,24918100,-0.010127873785057417,0.15117199288067634,4128264596.080526
2020-01-27,154.6239776611328,162.27999877929688,163.3800048828125,160.1999969482422,161.14999389648438,32078100,-0.016864547000848162,0.163404377720265,5195155228.526306
2020-01-28,157.65394592285156,165.4600067138672,165.75999450683594,163.07000732421875,163.77999877929688,24899900,0.019406196358458416,0.1752458601319459,4102590594.5892334
2020-01-29,160.11221313476562,168.0399932861328,168.75,165.69000244140625,167.83999633789062,34754500,0.015472486189183954,0.1766302104550278,5821147003.837585
2020-01-30,164.62863159179688,172.77999877929688,174.0500030517578,170.7899932861328,174.0500030517578,51597500,0.0278173180955692,0.19566485835568664,8902632566.019695
2020-01-31,162.19894409179688,170.22999572753906,172.39999389648438,169.5800018310547,172.2100067138672,36142700,-0.014868587858072324,0.19989001306794746,6170884019.387817
2020-02-03,166.1531219482422,174.3800048828125,174.5,170.39999389648438,170.42999267578125,30107000,0.024086152817152318,0.20435728897954164,5211320974.416097
2020-02-04,171.62234497070312,180.1199951171875,180.63999938964844,176.30999755859375,177.13999938964844,36433300,0.032386609461218185,0.22533751308866898,6522410713.972473
2020-02-05,171.41273498535156,179.89999389648438,184.1999969482422,178.41000366210938,184.02999877929688,39186300,-0.0012220908221181048,0.22012147526500228,7086319799.247742
2020-02-06,174.96670532226562,183.6300048828125,183.82000732421875,180.05999755859375,180.97000122070312,27751400,0.020521397319902768,0.2231849201650425,5064723095.003255
2020-02-07,175.21446228027344,183.88999938964844,185.6300048828125,182.47999572753906,182.85000610351562,33529100,0.001415021835948771,0.22297918081472054,6169354400.0
2020-02-10,179.79751586914062,188.6999969482422,188.83999633789062,183.25,183.5800018310547,35844300,0.025820583506594552,0.22895842268380956,6700374918.782043
2020-02-11,175.73854064941406,184.44000244140625,190.6999969482422,183.5,190.64999389648438,53159900,-0.022833979862676657,0.2515848547856842,9899082167.851257
2020-02-12,175.99578857421875,184.7100067138672,185.85000610351562,181.85000610351562,185.5800018310547,47062900,0.0014627401950786378,0.24766272726317545,8666005826.490784
2020-02-13,175.04295349121094,183.7100067138672,186.22999572753906,182.8699951171875,183.0800018310547,35295800,-0.005428673869125156,0.2510906992570415,6503957037.276204
2020-02-14,176.60557556152344,185.35000610351562,185.41000366210938,182.64999389648438,183.25,23149500,0.008887467040381125,0.2474221396903096,4270388293.258667
2020-02-18,178.3968963623047,187.22999572753906,187.6999969482422,185.5,185.61000061035156,27792200,0.010091963554755168,0.2479412201062457,5191860814.147949
2020-02-19,178.9319610595703,187.27999877929688,188.17999267578125,186.47000122070312,188.05999755859375,29997500,0.0029948048474777167,0.24587136806453663,5618831651.763916
2020-02-20,176.1993865966797,184.4199981689453,187.25,181.10000610351562,186.9499969482422,36862400,-0.015389395563880193,0.25431713415201196,6792143001.831055
2020-02-21,170.62930297851562,178.58999633789062,183.5,177.25,183.1699981689453,48572600,-0.03212284766295692,0.2856108806292818,8732381968.707275
2020-02-24,163.27259826660156,170.88999938964844,174.5500030517578,163.22999572753906,167.77000427246094,68311100,-0.04407219860607903,0.3272418291285574,11582602370.639545
2020-02-25,160.57826232910156,168.07000732421875,174.83999633789062,167.64999389648438,174.1999969482422,68073300,-0.016639746455075155,0.327080484717415,11585167960.601807
2020-02-26,162.5846710205078,170.1699981689453,173.25999450683594,168.2100067138672,169.7100067138672,56206100,0.012417479021221034,0.32323563747654804,9585762989.898174
2020-02-27,151.1290740966797,158.17999267578125,167.02999877929688,157.97999572753906,163.32000732421875,93174900,-0.07306465147530794,0.40893318496518133,15007059578.91388
2020-02-28,154.78836059570312,162.00999450683594,163.7100067138672,152.0,152.41000366210938,97012700,0.023924501350787608,0.40545736884695793,15448302387.474567
2020-03-02,165.0878143310547,172.7899932861328,172.9199981689453,162.30999755859375,165.30999755859375,71030800,0.06441877201661139,0.46485929383759805,12028355411.877441
2020-03-03,157.17697143554688,164.50999450683594,175.0,162.25999450683594,173.8000030517578,71677000,-0.04910516327129599,0.48725776659011705,11988455834.177652
2020-03-04,162.94764709472656,170.5500030517578,170.6999969482422,165.6199951171875,168.49000549316406,49814400,0.036056588624572505,0.4907477894089969,8416474894.921875
2020-03-05,158.8584442138672,166.27000427246094,170.8699951171875,165.69000244140625,166.0500030517578,47817300,-0.025415448032942045,0.4969945909619194,8014657682.185364
2020-03-06,154.3679656982422,161.57000732421875,163.11000061035156,156.0,162.61000061035156,72821100,-0.028674377698539644,0.4958002505218212,11667882308.60138
2020-03-09,143.90606689453125,150.6199951171875,157.75,150.0,151.0,70419300,-0.07017836652215426,0.5415897527371696,10759364732.385254
2020-03-10,153.74693298339844,160.9199981689453,161.02999877929688,152.5800018310547,158.16000366210938,65354400,0.06614718491746974,0.5907854060793787,10337541117.407227
2020-03-11,146.7819061279297,153.6300048828125,157.6999969482422,151.14999389648438,157.1300048828125,56371600,-0.046360105087677184,0.603779795564279,8690245775.71818
2020-03-12,132.86135864257812,139.05999755859375,153.47000122070312,138.5800018310547,145.3000030517578,93226400,-0.09964168501764892,0.678413615982591,13396944453.633625
2020-03-13,151.7500762939453,158.8300018310547,161.91000366210938,140.72999572753906,147.5,92727400,0.13292876439336343,0.8482158502072756,14263637797.064209
2020-03-16,129.3836212158203,135.4199981689453,149.35000610351562,135.0,140.0,87905900,-0.1594531334838134,0.9953351022777368,12300086672.858173
2020-03-17,140.03663635253906,146.57000732421875,147.5,135.0,140.0,81059800,0.07912227739090483,1.0451550012467572,11593442993.233236
2020-03-18,134.1416473388672,140.39999389648438,146.0,135.02000427246094,138.0,81593200,-0.04300776526814065,1.0488923987898315,11461668731.532797
2020-03-19,136.34866333007812,142.7100067138672,150.14999389648438,139.0,142.77000427246094,85922700,0.016318994677936516,1.054240937949096,12368859091.481018
2020-03-20,131.2275848388672,137.35000610351562,147.10000610351562,135.86000061035156,146.0,84866200,-0.03828220131039206,1.0558760186787872,11890037869.920858
2020-03-23,129.91864013671875,135.97999572753906,140.57000732421875,132.52000427246094,137.00999450683594,78975200,-0.010024695276112716,1.049857209090527,10768795214.143879
2020-03-24,141.72769165039062,148.33999633789062,149.60000610351562,141.27000427246094,143.75,82516700,0.08699914266424447,1.1032463351522732,12080720120.335388
2020-03-25,140.37100219726562,146.9199981689453,154.3300018310547,144.44000244140625,148.91000366210938,75638200,-0.009618618891385822,1.101182207304671,11237063180.887857
2020-03-26,149.1513671875,156.11000061035156,156.66000366210938,148.3699951171875,148.39999389648438,64568100,0.060672744242248555,1.097819860827038,9924977864.863586
2020-03-27,143.0270538330078,149.6999969482422,154.88999938964844,149.1999969482422,151.75,57042300,-0.04192787743613824,1.1028696965857803,8628408311.341858
2020-03-30,153.08773803710938,160.22999572753906,160.60000610351562,150.00999450683594,152.44000244140625,63420300,0.06797740824545873,1.1057144369278562,9953604606.582642
2020-03-31,150.68003845214844,157.7100067138672,164.77999877929688,156.55999755859375,159.39999389648438,77927200,-0.015852570240452835,1.0944649591468816,12443675132.60498
2020-04-01,145.3296356201172,152.11000061035156,157.75,150.82000732421875,153.0,57969900,-0.036154126638197503,1.0912453390407053,8901857997.322083
2020-04-02,148.33924865722656,155.25999450683594,155.47999572753906,150.36000061035156,151.86000061035156,49630700,0.02049735991464363,1.0923656478274033,7628238438.539124
2020-04-03,146.9729766845703,153.8300018310547,157.3800048828125,152.19000244140625,155.10000610351562,41243300,-0.009253133489249166,1.0887701601355952,6370715199.197896
2020-04-06,157.9030303955078,165.27000427246094,166.5,157.5800018310547,160.32000732421875,67111700,0.071732375140793,1.0882506719356573,10947036934.872437
2020-04-07,156.20240783691406,163.49000549316406,170.0,163.25999450683594,169.58999633789062,62769000,-0.01082846056673592,1.0657888850867356,10393500250.0
2020-04-08,157.76930236816406,165.1300048828125,166.6699981689453,163.5,165.6699981689453,48318200,0.00998120205552766,1.052119715442778,7977334869.151814
2020-04-09,157.77882385253906,165.13999938964844,167.3699951171875,163.3300018310547,166.36000061035156,51385100,6.034885703165571e-05,0.9831207609118008,8492929265.274048
2020-04-13,158.13233947753906,165.50999450683594,165.57000732421875,162.3000030517578,164.35000610351562,41905300,0.0022380707844300574,0.8726346580395968,6891745706.20524
2020-04-14,165.957275390625,173.6999969482422,173.75,168.0,169.0,52874300,0.04829810399160461,0.6576848034639693,9084685924.546814
2020-04-15,164.2184295654297,171.8800048828125,173.57000732421875,169.24000549316406,171.1999969482422,40940800,-0.010532948821676769,0.6149191887833717,7023940358.886719
2020-04-16,169.14840698242188,177.0399932861328,177.27999877929688,172.89999389648438,174.3000030517578,50479600,0.02957904815906076,0.5898775652246819,8871284667.78768
2020-04-17,170.6388397216797,178.60000610351562,180.0,175.8699951171875,179.5,52765600,0.008772797169931401,0.5896936930459726,9400543432.137045
2020-04-20,167.25665283203125,175.05999755859375,178.75,174.99000549316406,176.6300048828125,36669600,-0.0200197985845465,0.5735423398421012,6463628197.302246
2020-04-21,160.33938598632812,167.82000732421875,173.6699981689453,166.11000061035156,173.5,56203700,-0.042236744827615524,0.5994621477982449,9509666154.346722
2020-04-22,165.78530883789062,173.52000427246094,174.0,170.82000732421875,171.38999938964844,34620200,0.033400899882829904,0.5389270482124757,5981678289.826457
2020-04-23,163.77886962890625,171.4199981689453,175.05999755859375,170.91000366210938,174.11000061035156,32790800,-0.012176468989339995,0.5400425704271752,5655210663.995361
2020-04-24,166.76939392089844,174.5500030517578,174.55999755859375,170.7100067138672,172.05999755859375,34277600,0.018094821352401702,0.5064785882821775,5939394094.352214
2020-04-27,166.2916717529297,174.0500030517578,176.89999389648438,173.3000030517578,176.58999633789062,33194400,-0.002868678118306711,0.47751246403241304,5800721400.0
2020-04-28,162.2406768798828,169.80999755859375,175.6699981689453,169.38999938964844,175.58999633789062,34392700,-0.02466241280306214,0.43548044064890057,5902589760.355631
2020-04-29,169.52101135253906,177.42999267578125,177.67999267578125,171.8800048828125,173.22000122070312,51286600,0.04389598743582024,0.45181244974652035,9009174944.384766
2020-04-30,171.2216796875,179.2100067138672,180.39999389648438,176.22999572753906,180.0,53875900,0.009982209458997637,0.4251238751694201,9622954019.566854
2020-05-01,166.78848266601562,174.57000732421875,178.63999938964844,174.00999450683594,175.8000030517578,39370500,-0.026232650603164487,0.43861728816171347,6918971686.019897
2020-05-04,170.86813354492188,178.83999633789062,179.0,173.8000030517578,174.49000549316406,30372900,0.024165671378546527,0.4393458781835594,5382482845.820618
2020-05-05,172.70257568359375,180.75999450683594,183.64999389648438,179.89999389648438,180.6199951171875,36839200,0.010678789094353824,0.3726502482217116,6683981433.312988
2020-05-06,174.4032440185547,182.5399932861328,184.1999969482422,181.6300048828125,182.0800018310547,32139300,0.009799213077028135,0.3687873576664991,5874742594.689941
2020-05-07,175.4159698486328,183.60000610351562,184.5500030517578,182.5800018310547,184.1699981689453,28316000,0.005790011635548709,0.3684321293126366,5198156997.029622
2020-05-08,176.4478302001953,184.67999267578125,185.0,183.36000061035156,184.97999572753906,30877800,0.005865129117544221,0.3679387421885333,5692219434.896851
2020-05-11,178.41600036621094,186.74000549316406,187.50999450683594,182.85000610351562,183.14999389648438,30892700,0.01109265119677616,0.3681971326024092,5736774452.851359
2020-05-12,174.37457275390625,182.50999450683594,187.0399932861328,182.3000030517578,186.8000030517578,32038200,-0.0229122018597554,0.34702373991024016,5893426792.227173
2020-05-13,171.73760986328125,179.75,184.0500030517578,176.5399932861328,182.5500030517578,44711500,-0.015237914449637735,0.34961778457082743,8053137248.753866
2020-05-14,172.4828338623047,180.52999877929688,180.69000244140625,175.67999267578125,177.5399932861328,41873900,0.004329929711690994,0.33536176515768845,7494032218.140666
2020-05-15,174.99560546875,183.16000366210938,187.05999755859375,177.0,179.05999755859375,46610400,0.014463144323197952,0.3375990657648604,8502047714.96582
2020-05-18,176.6676025390625,184.91000366210938,186.1999969482422,183.9600067138672,185.75,35264500,0.00950915325387669,0.3295073892194241,6524755424.428305
2020-05-19,175.44464111328125,183.6300048828125,186.60000610351562,183.49000549316406,185.02999877929688,26799100,-0.006946457361148184,0.2889407365727834,4946399364.545187
2020-05-20,177.87818908691406,185.66000366210938,185.85000610351562,183.94000244140625,184.80999755859375,31261300,0.013775427164572918,0.2716699883981045,5788029822.202555
2020-05-21,175.74163818359375,183.42999267578125,186.6699981689453,183.2899932861328,185.39999389648438,29119500,-0.012084033402199879,0.27160287417060136,5371479880.966187
2020-05-22,175.81829833984375,183.50999450683594,184.4600067138672,182.5399932861328,183.19000244140625,20826900,0.00043611429802403734,0.2664903645116857,3821805534.864807
2020-05-26,173.9595947265625,181.57000732421875,186.5,181.10000610351562,186.33999633789062,36073600,-0.010628007920719718,0.2698431333893063,6603513132.128906
2020-05-27,174.18955993652344,181.80999755859375,181.99000549316406,176.60000610351562,180.1999969482422,39517100,0.001321073110912785,0.25153993062588914,7118347067.263286
2020-05-28,173.79672241210938,181.39999389648438,184.14999389648438,180.3800048828125,180.74000549316406,33810200,-0.0022577768792420017,0.20456965799538668,6152667412.788899
2020-05-29,175.56919860839844,183.25,184.27000427246094,180.41000366210938,182.72999572753906,42130400,0.010146904992244465,0.20465905786966987,7694836802.09554
2020-06-01,175.1668243408203,182.8300018310547,183.0,181.4600067138672,182.5399932861328,22622400,-0.002294457471010425,0.17934225623627367,4127004496.435547
2020-06-02,177.1596221923828,184.91000366210938,185.0,181.35000610351562,184.25,30794600,0.01131234468778608,0.16464384516317823,5658610498.909505
2020-06-03,177.59075927734375,185.36000061035156,185.94000244140625,183.5800018310547,184.82000732421875,27311000,0.0024306516342011975,0.1614871677477582,5051442604.451497
2020-06-04,175.25302124023438,182.9199981689453,185.83999633789062,182.3000030517578,184.3000030517578,28761800,-0.01325103274036099,0.16600158188837244,5283159145.926921
2020-06-05,179.3535919189453,187.1999969482422,187.72999572753906,182.00999450683594,182.6199951171875,39893600,0.023128465836252943,0.1832446634777765,7406113690.889485
2020-06-08,180.46498107910156,188.36000061035156,188.5500030517578,184.44000244140625,185.94000244140625,33211600,0.006177517104079655,0.18334996147055327,6214443954.23584
2020-06-09,181.84463500976562,189.8000030517578,190.6999969482422,187.25999450683594,188.0,29783900,0.007615920406068177,0.18135227050889252,5636702300.130717
2020-06-10,188.58958435058594,196.83999633789062,198.52000427246094,191.00999450683594,191.1300048828125,43872300,0.0364204738230578,0.19835943172128465,8575133445.593262
2020-06-11,178.46261596679688,186.27000427246094,195.75999450683594,186.07000732421875,193.1300048828125,52854700,-0.05519399761189092,0.2788274894588516,10008918464.19983
2020-06-12,179.87098693847656,187.74000549316406,191.72000122070312,185.17999267578125,190.5399932861328,43373600,0.007860709753588324,0.2794787403955009,8163489825.842285
2020-06-15,181.0206756591797,188.94000244140625,190.82000732421875,184.00999450683594,184.5800018310547,32770200,0.006371400224108648,0.2763521939178365,6158285264.6698
2020-06-16,185.45663452148438,193.57000732421875,195.5800018310547,191.4600067138672,192.88999938964844,42556700,0.02420982364980695,0.2860997974851425,8236282087.446086
2020-06-17,186.0985565185547,194.24000549316406,196.32000732421875,193.69000244140625,195.02999877929688,25687800,0.0034553285822651603,0.2840617036015212,5002699180.654907
2020-06-18,188.09133911132812,196.32000732421875,196.49000549316406,194.0,194.0,23061600,0.010651284046339526,0.28276390797122086,4510925930.529785
2020-06-19,186.97042846679688,195.14999389648438,199.2899932861328,194.3699951171875,198.58999633789062,44441100,-0.005977223373190732,0.2794863440892948,8722454434.794617
2020-06-22,192.1632080078125,200.57000732421875,200.75999450683594,195.22999572753906,195.7899932861328,32818900,0.02739458484580215,0.2915551299035726,6526147634.625244
2020-06-23,193.44708251953125,201.91000366210938,203.9499969482422,201.42999267578125,202.08999633789062,30917400,0.006658947063079346,0.28638322545559186,6258609212.808228
2020-06-24,189.54766845703125,197.83999633789062,203.25,196.55999755859375,201.60000610351562,36740600,-0.020363458242016463,0.2997050236333915,7319339788.584392
2020-06-25,191.94288635253906,200.33999633789062,200.61000061035156,195.47000122070312,197.8000030517578,27803900,0.012557319386506727,0.3000502388508787,5527600662.363179
2020-06-26,188.1009979248047,196.3300018310547,199.88999938964844,194.8800048828125,199.72999572753906,54675800,-0.020218819280251488,0.3116128565742302,10772955237.904865
2020-06-29,190.12249755859375,198.44000244140625,198.52999877929688,193.5500030517578,195.77999877929688,26701600,0.010689546826246676,0.31183624794255355,5255942982.027182
2020-06-30,194.98001098632812,203.50999450683594,204.39999389648438,197.74000549316406,197.8800048828125,34310300,0.025228457139188087,0.31951593655055704,6926677661.862183
2020-07-01,196.12013244628906,204.6999969482422,206.35000610351562,201.77000427246094,203.13999938964844,32061200,0.005830346568660438,0.31941580210700293,6549248272.941081
2020-07-02,197.61474609375,206.25999450683594,208.02000427246094,205.0,205.67999267578125,29315800,0.007592016394196044,0.3125062650181603,6051562862.738037
2020-07-06,201.86865234375,210.6999969482422,211.1300048828125,208.08999633789062,208.8300018310547,31897600,0.021297841474208212,0.31130422098215843,6697645377.864584
2020-07-07,199.52134704589844,208.25,214.6699981689453,207.99000549316406,210.4499969482422,33600700,-0.01169601664224551,0.3171988430526181,7066339253.349813
2020-07-08,203.90939331054688,212.8300018310547,213.25999450683594,208.69000244140625,210.07000732421875,33600000,0.02175451139983231,0.3223865528387485,7109535986.328125
2020-07-09,205.3369140625,214.32000732421875,216.3800048828125,211.47000122070312,216.3300018310547,33121700,0.006976368587731763,0.30254854438529116,7089920844.58313
2020-07-10,204.7141571044922,213.6699981689453,214.0800018310547,211.0800018310547,213.6199951171875,26177600,-0.003037462797212065,0.21438883009624166,5574345418.644206
2020-07-13,198.3907928466797,207.07000732421875,215.8000030517578,206.5,214.47999572753906,38135600,-0.03137586378106949,0.2517990896344774,8000467655.89803
2020-07-14,199.61712646484375,208.35000610351562,208.85000610351562,202.02999877929688,206.1300048828125,37591800,0.006162377377350481,0.2517847370623167,7759323575.665283
2020-07-15,199.3201446533203,208.0399932861328,211.3300018310547,205.02999877929688,209.55999755859375,32179400,-0.0014888649814617239,0.2424640868851789,6697605721.19751
2020-07-16,195.37283325195312,203.9199981689453,205.6999969482422,202.30999755859375,205.39999389648438,29940700,-0.020002600668029835,0.25585901542440576,6107204110.569254
2020-07-17,194.37643432617188,202.8800048828125,205.0399932861328,201.38999938964844,204.47000122070312,31635300,-0.005113036402719651,0.25529044776795057,6425234855.255127
2020-07-20,202.73092651367188,211.60000610351562,212.3000030517578,203.00999450683594,205.0,36884800,0.042082952578700095,0.28912240393764554,7707816701.025391
2020-07-21,200.0004119873047,208.75,213.94000244140625,208.02999877929688,213.66000366210938,37990400,-0.013560188172550447,0.2820856108370958,7987101711.458333
2020-07-22,202.87460327148438,211.75,212.3000030517578,208.38999938964844,209.1999969482422,49605700,0.014268643818597049,0.284884380295355,10457543009.702555
2020-07-23,194.05067443847656,202.5399932861328,210.9199981689453,202.14999389648438,207.19000244140625,67457000,-0.04446873690093778,0.3192640761800172,13842400927.286785
2020-07-24,192.86265563964844,201.3000030517578,202.86000061035156,197.50999450683594,200.4199981689453,39827000,-0.006141026633295965,0.3174126175683756,7987570339.024861
2020-07-27,195.30575561523438,203.85000610351562,203.97000122070312,200.86000061035156,201.47000122070312,30160900,0.012588001317701547,0.31099964805902114,6119445617.104593
2020-07-28,193.55250549316406,202.02000427246094,204.6999969482422,201.74000549316406,203.61000061035156,23251400,-0.009017486204490943,0.31143899393263874,4715849000.035604
2020-07-29,195.50694274902344,204.05999755859375,204.64999389648438,202.00999450683594,202.5,19632600,0.010047069697573185,0.3007380500587847,3996673732.131958
2020-07-30,195.35365295410156,203.89999389648438,204.4600067138672,199.57000732421875,201.0,25079600,-0.0007843707166506064,0.3000295718952811,5082213808.998616
2020-07-31,196.41712951660156,205.00999450683594,205.10000610351562,199.00999450683594,204.39999389648438,51044000,0.005429088754177691,0.2994148662083081,10363973676.920574
2020-08-03,207.4638671875,216.5399932861328,217.63999938964844,210.44000244140625,211.52000427246094,78983000,0.05471658085640474,0.3481515358166401,16971340358.113605
2020-08-04,204.35009765625,213.2899932861328,214.77000427246094,210.30999755859375,214.1699981689453,49280100,-0.015122502574141272,0.3499685517269225,10486312398.791504
2020-08-05,204.01475524902344,212.94000244140625,215.0,211.57000732421875,214.89999389648438,28806400,-0.0016423670167471371,0.3419196002955504,6140660381.770834
2020-08-06,207.2818145751953,216.35000610351562,216.3699951171875,211.5500030517578,212.33999633789062,32656800,0.01588696955719371,0.3455721931487675,7013265558.508301
2020-08-07,203.5740203857422,212.47999572753906,215.6999969482422,210.92999267578125,214.85000610351562,27820400,-0.018049615151997322,0.3513476419159558,5926765145.491536
2020-08-10,199.52134704589844,208.25,211.8800048828125,206.35000610351562,211.6699981689453,36716500,-0.020108441943958333,0.34078625509318144,7667384441.126505
2020-08-11,194.85549926757812,203.3800048828125,207.64999389648438,203.13999938964844,207.16000366210938,36446500,-0.02366297887315305,0.3498072571092658,7461448946.088156
2020-08-12,200.4219512939453,209.19000244140625,210.27999877929688,204.75,205.2899932861328,28013100,0.028166646138150675,0.36425484406273523,5828779105.39856
2020-08-13,199.9524688720703,208.6999969482422,211.35000610351562,208.14999389648438,209.44000244140625,22588900,-0.0023452179430529796,0.3569180743235854,4730115637.021383
2020-08-14,200.1440887451172,208.89999389648438,209.58999633789062,207.50999450683594,208.75999450683594,17958900,0.0009578682148090323,0.35619126120011646,3747423708.656311
2020-08-17,201.4662628173828,210.27999877929688,211.19000244140625,208.9199981689453,209.60000610351562,20184800,0.006584386303432943,0.32498952568871514,4241432019.8933916
2020-08-18,202.62554931640625,211.49000549316406,212.36000061035156,209.2100067138672,210.52999877929688,21336200,0.005737753870266538,0.3219218451560979,4502365015.158081
2020-08-19,201.39625549316406,209.6999969482422,212.10000610351562,209.25,211.49000549316406,27627600,-0.006085303328165814,0.31876073934479965,5811465688.104248
2020-08-20,206.0830078125,214.5800018310547,215.0,208.91000366210938,209.5399932861328,26981500,0.023004650448775088,0.28480521355034166,5742472694.404602
2020-08-21,204.58477783203125,213.02000427246094,216.25,212.85000610351562,213.86000061035156,36249300,-0.007296587071135008,0.2853005674658046,7758800297.373962
2020-08-24,205.2282257080078,213.69000244140625,215.52000427246094,212.42999267578125,214.7899932861328,25460100,0.003140204918659961,0.28314352748889887,5445406182.820129
2020-08-25,207.89816284179688,216.47000122070312,216.61000061035156,213.10000610351562,213.10000610351562,23043700,0.012925702064674915,0.2820945146399037,4963459416.280619
2020-08-26,212.39280700683594,221.14999389648438,222.08999633789062,217.36000061035156,217.8800048828125,39600800,0.021389065392996898,0.288039908505461,8720096039.14795
2020-08-27,217.6077880859375,226.5800018310547,231.14999389648438,219.39999389648438,222.88999938964844,57602200,0.024256881699295185,0.29557429807850066,13001392362.773642
2020-08-28,219.84552001953125,228.91000366210938,230.63999938964844,226.5800018310547,228.17999267578125,26292900,0.010230812800480216,0.29604793809172464,6013449201.794434
2020-08-31,216.59939575195312,225.52999877929688,228.6999969482422,224.30999755859375,227.0,28774200,-0.014875573110409768,0.24400631969531988,6508148491.604614
2020-09-01,218.27047729492188,227.27000427246094,227.4499969482422,224.42999267578125,225.50999450683594,25725500,0.007685470399030336,0.23629580609810935,5823824389.328003
2020-09-02,222.47703552246094,231.64999389648438,232.86000061035156,227.35000610351562,227.97000122070312,34080800,0.01908886987813041,0.24166257762518878,7859714102.933757
2020-09-03,208.69529724121094,217.3000030517578,229.30999755859375,214.9600067138672,229.27000427246094,58400300,-0.06394860489846366,0.33383593025403563,12878628966.245525
2020-09-04,205.76602172851562,214.25,218.36000061035156,205.19000244140625,215.10000610351562,59664100,-0.014135573837282145,0.33138495253651096,12684587720.69346
2020-09-08,194.635009765625,202.66000366210938,210.02999877929688,202.1999969482422,206.5,52924300,-0.05561364654002343,0.3786507391389596,10847540931.565857
2020-09-09,202.92323303222656,211.2899932861328,214.83999633789062,206.6999969482422,207.60000610351562,45679000,0.04170168524864604,0.3969677369597664,9635680318.878174
2020-09-10,197.23770141601562,205.3699951171875,214.74000549316406,204.11000061035156,213.39999389648438,35461500,-0.02841813757106415,0.3982938711486792,7378592524.429321
2020-09-11,195.95077514648438,204.02999877929688,208.6300048828125,201.24000549316406,207.1999969482422,33620100,-0.006546127070504504,0.3987640283865901,6879793232.600403
2020-09-14,197.27609252929688,205.41000366210938,209.1999969482422,204.02999877929688,204.24000549316406,30375800,0.006740752018942864,0.3996247501111104,6263894964.486694
2020-09-15,200.5126495361328,208.77999877929688,209.77999877929688,206.92999267578125,208.4199981689453,21823900,0.016273102217407853,0.40324607031123577,4550210332.625326
2020-09-16,196.93032836914062,205.0500030517578,210.64999389648438,204.63999938964844,210.6199951171875,26328100,-0.01802733162867476,0.40717257025775017,5444124485.861206
2020-09-17,194.87509155273438,202.91000366210938,204.3300018310547,199.9600067138672,200.0500030517578,34011300,-0.010491205903448986,0.4080921920206611,6883887258.392334
2020-09-18,192.4549102783203,200.38999938964844,203.64999389648438,196.25,202.8000030517578,55225300,-0.012496903209436638,0.39946528053120967,11050398322.07489
2020-09-21,194.51976013183594,202.5399932861328,202.7100067138672,196.3800048828125,197.19000244140625,39839700,0.010671858435531867,0.40209732107743695,7989586301.843262
2020-09-22,199.20648193359375,207.4199981689453,208.10000610351562,202.0800018310547,205.05999755859375,33517100,0.02380813204208465,0.4120008276220364,6900053721.524048
2020-09-23,192.64700317382812,200.58999633789062,208.10000610351562,200.02999877929688,207.89999389648438,30803800,-0.03348236930395121,0.4226899334862602,6250296391.200766
2020-09-24,195.1439971923828,203.19000244140625,205.57000732421875,199.1999969482422,199.85000610351562,31202500,0.012878218041818101,0.4172881650581071,6323290703.163147
2020-09-25,199.5906982421875,207.82000732421875,209.0399932861328,202.5399932861328,203.5500030517578,29437300,0.022531027612174626,0.41584361429956834,6077821146.776327
2020-09-28,201.14651489257812,209.44000244140625,212.57000732421875,208.05999755859375,210.8800048828125,32004900,0.007764811534183735,0.4148426076971155,6721775859.136963
2020-09-29,199.05282592773438,207.25999450683594,210.07000732421875,206.80999755859375,209.35000610351562,24221900,-0.010463325912266619,0.41372407725185073,5039285550.4053755
2020-09-30,202.00125122070312,210.3300018310547,211.97999572753906,206.5399932861328,207.72999572753906,33829100,0.014703645123591791,0.4169693882297304,7091143075.095113
2020-10-01,204.0469512939453,212.4600067138672,213.99000549316406,211.32000732421875,213.49000549316406,27158400,0.010076229220760347,0.4118503210648414,5773604432.8125
2020-10-02,198.0251922607422,206.19000244140625,210.99000549316406,205.5399932861328,208.0,33154800,-0.029955864523543596,0.36383564678448305,6882052365.490723
2020-10-05,202.04928588867188,210.3800048828125,210.41000366210938,206.97999572753906,207.22000122070312,21331600,0.020117400947341935,0.3694372979510794,4463779541.046143
2020-10-06,197.75631713867188,205.91000366210938,210.17999267578125,204.82000732421875,208.82000732421875,28554300,-0.02147610597548777,0.32151972592046274,5909883505.856323
2020-10-07,201.52108764648438,209.8300018310547,210.11000061035156,206.72000122070312,207.05999755859375,25681100,0.018858478030399972,0.29338270773431985,5364439406.682332
2020-10-08,202.24136352539062,210.5800018310547,211.19000244140625,208.32000732421875,210.50999450683594,19925800,0.003567823807638426,0.2751237050224037,4185015851.0243735
2020-10-09,207.26429748535156,215.80999755859375,215.86000061035156,211.22999572753906,211.22999572753906,26458000,0.024532925245228654,0.2848632208023772,5669949346.171061
2020-10-12,212.63291931152344,221.39999389648438,223.86000061035156,216.80999755859375,218.7899932861328,40461400,0.025572517165439734,0.29539642818666006,8929426258.985392
2020-10-13,214.03509521484375,222.86000061035156,225.2100067138672,220.42999267578125,222.72000122070312,28950800,0.006572702445273748,0.29210216567431746,6451203266.666667
2020-10-14,212.11431884765625,220.86000061035156,224.22000122070312,219.1300048828125,223.0,23421700,-0.009014628725082297,0.28541284364681685,5185642504.750061
2020-10-15,210.96180725097656,219.66000366210938,220.36000061035156,216.00999450683594,217.10000610351562,22733100,-0.005448260379008474,0.2827714699441621,4971198521.749878
2020-10-16,210.96180725097656,219.66000366210938,222.2899932861328,219.32000732421875,220.14999389648438,26057900,0.0,0.27684758792428926,5743769214.77712
2020-10-19,205.73724365234375,214.22000122070312,222.3000030517578,213.72000122070312,220.4199981689453,27625800,-0.025077270427301457,0.2940474827137159,5987800114.584351
2020-10-20,206.15020751953125,214.64999389648438,217.3699951171875,213.08999633789062,215.8000030517578,22753500,0.0020052274201978193,0.28392483378823397,4892836683.898926
2020-10-21,206.2942657470703,214.8000030517578,216.9199981689453,213.1199951171875,213.1199951171875,22724900,0.0006985581950287312,0.25353952862305573,4884641477.592977
2020-10-22,206.38072204589844,214.88999938964844,216.05999755859375,211.6999969482422,213.92999267578125,22351500,0.0004190043140503974,0.2513394015044832,4788063779.525757
2020-10-23,207.6676788330078,216.22999572753906,216.27999877929688,213.16000366210938,215.02999877929688,18879600,0.006216475797834242,0.24134046933272774,4063330432.4768066
2020-10-26,201.76113891601562,210.0800018310547,216.33999633789062,208.10000610351562,213.85000610351562,37111600,-0.0288545869970962,0.262605649872935,7849350863.519287
2020-10-27,204.8056182861328,213.25,214.6699981689453,210.3300018310547,211.58999633789062,36700300,0.014976808721240076,0.26439170151500924,7807988825.0
2020-10-28,194.65420532226562,202.67999267578125,208.83999633789062,202.10000610351562,207.6699981689453,51195600,-0.050836647471166785,0.3152594396349203,10471547940.673828
2020-10-29,196.6134033203125,204.72000122070312,207.36000061035156,203.3699951171875,204.07000732421875,31432600,0.010014702620084748,0.3152301770322927,6448397858.025106
2020-10-30,194.4525146484375,202.47000122070312,204.2899932861328,199.6199951171875,203.5,36953700,-0.011051388349422986,0.3004348516150198,7469328074.189758
2020-11-02,194.3180694580078,202.3300018310547,205.27999877929688,200.1199951171875,204.2899932861328,30842200,-0.0006916428417449438,0.29054711543934375,6247910024.742636
2020-11-03,198.25572204589844,206.42999267578125,208.1199951171875,203.1199951171875,203.88999938964844,27512000,0.020061373092659984,0.29091608597761737,5664445523.274739
2020-11-04,207.82130432128906,216.38999938964844,218.32000732421875,212.4199981689453,214.02000427246094,42311800,0.0471208737343245,0.3279249725067942,9127078446.866861
2020-11-05,214.44805908203125,223.2899932861328,224.1199951171875,221.14999389648438,222.0399932861328,36080100,0.0313889636320317,0.3438342485471886,8040570339.125061
2020-11-06,214.86106872558594,223.72000122070312,224.36000061035156,218.02999877929688,222.25999450683594,25231900,0.0019240670380265001,0.334712747795543,5602406974.80011
2020-11-09,209.74209594726562,218.38999938964844,228.1199951171875,217.8800048828125,224.44000244140625,44395000,-0.024112965851654344,0.334390757616983,9831864674.301147
2020-11-10,202.6543426513672,211.00999450683594,216.5,209.72000122070312,214.5,44045100,-0.03437687926688948,0.35270446711953973,9355619628.27301
2020-11-11,207.9749755859375,216.5500030517578,218.0399932861328,212.1999969482422,212.38999938964844,29440800,0.02591598061745426,0.3653426273375115,6347338278.112793
2020-11-12,206.90890502929688,215.44000244140625,219.11000061035156,214.4600067138672,217.2100067138672,21593900,-0.00513913869764604,0.3652966108773391,4671552416.625977
2020-11-13,207.93653869628906,216.50999450683594,217.4199981689453,214.16000366210938,216.36000061035156,18621100,0.004954306643528916,0.36586406359224244,4022716210.269165
2020-11-16,208.6280517578125,217.22999572753906,217.74000549316406,214.52000427246094,214.8699951171875,24953300,0.0033200791069516455,0.355078062624255,5402306318.02419
2020-11-17,205.9677276611328,214.4600067138672,217.67999267578125,214.0800018310547,216.10000610351562,24154100,-0.012833515155697306,0.3580881690446081,5202954177.161662
2020-11-18,203.2523193359375,211.0800018310547,215.1699981689453,210.92999267578125,213.64999389648438,28372800,-0.013271335067934764,0.36097322319314257,6026193498.730469
2020-11-19,204.54261779785156,212.4199981689453,213.02999877929688,209.92999267578125,211.3800048828125,24792700,0.006328194150351685,0.36179088536547266,5250928489.583841
2020-11-20,202.587890625,210.38999938964844,213.2899932861328,210.0,212.1999969482422,22843100,-0.00960253359852814,0.362259000666009,4825071813.564046
2020-11-23,202.31829833984375,210.11000061035156,212.2899932861328,208.16000366210938,210.9499969482422,25683500,-0.0013316285714628506,0.3480587994349405,5398329232.432048
2020-11-24,205.9292449951172,213.86000061035156,214.25,208.86000061035156,209.58999633789062,33979700,0.01769044730235425,0.34963954787963764,7214683183.493042
2020-11-25,205.9388427734375,213.8699951171875,215.2899932861328,212.4600067138672,215.11000061035156,21012900,4.6606079020072855e-05,0.29614679984238534,4494098931.799316
2020-11-27,207.2484130859375,215.22999572753906,216.27000427246094,214.0399932861328,214.85000610351562,14512200,0.006338892010696817,0.2952930779901862,3122735163.522339
2020-11-30,206.13145446777344,214.07000732421875,214.75999450683594,210.83999633789062,214.10000610351562,33064800,-0.00540404322565724,0.29262972177757435,7050186851.818848
2020-12-01,208.19210815429688,216.2100067138672,217.32000732421875,213.35000610351562,214.50999450683594,30904500,0.009947156587288397,0.2932911258250239,6663834527.4887085
2020-12-02,207.3832244873047,215.3699951171875,215.47000122070312,212.8000030517578,214.8800048828125,23724500,-0.003892842644680705,0.28785355919140804,5090012388.506572
2020-12-03,206.29515075683594,214.24000549316406,216.3800048828125,213.64999389648438,214.61000061035156,25120900,-0.00526049368181436,0.23764202429987638,5394880783.442688
2020-12-04,206.41064453125,214.36000061035156,215.3800048828125,213.17999267578125,214.22000122070312,24666000,0.0005596906016220871,0.20779369805829018,5286088224.945068
2020-12-07,206.34329223632812,214.2899932861328,215.5399932861328,212.99000549316406,214.3699951171875,24620000,-0.000326355678383905,0.20741603007494094,5275409401.550293
2020-12-08,207.99951171875,216.00999450683594,216.9499969482422,212.88999938964844,213.97000122070312,23284100,0.007994483252009132,0.19361712538634115,5012678590.609233
2020-12-09,203.9456024169922,211.8000030517578,215.22999572753906,211.2100067138672,215.16000366210938,32440600,-0.019682428725719348,0.16582201808525088,6901629574.067179
2020-12-10,202.7130584716797,210.52000427246094,213.0800018310547,210.36000061035156,211.77000427246094,26733300,-0.006061829431340371,0.13823526741111256,5649281015.827942
2020-12-11,205.3514862060547,213.25999450683594,213.32000732421875,209.11000061035156,210.0500030517578,30979400,0.012931603769930966,0.14581161454790942,6564431620.544434
2020-12-14,206.25657653808594,214.1999969482422,216.2100067138672,212.8800048828125,213.10000610351562,28798400,0.0043978331462763975,0.14556771991879336,6175240994.026692
2020-12-15,206.189208984375,214.1300048828125,215.4199981689453,212.24000549316406,215.1699981689453,27000600,-0.00032667350073545265,0.1449371056919832,5776238434.906006
2020-12-16,211.14822387695312,219.27999877929688,220.11000061035156,214.72000122070312,214.75,35023300,0.023766132228693948,0.16045796180485006,7636363594.792175
2020-12-17,211.2830352783203,219.4199981689453,220.88999938964844,217.9199981689453,219.8699951171875,32515800,0.0006382643472617744,0.151576447621273,7134291631.692505
2020-12-18,210.48385620117188,218.58999633789062,219.69000244140625,216.02000427246094,218.58999633789062,63354900,-0.0037896764765275037,0.1519253542869824,13817703754.447937
2020-12-21,214.33551025390625,222.58999633789062,224.0,217.27999877929688,217.5500030517578,37181900,0.01813363467316531,0.1567719047383304,8227982590.482585
2020-12-22,215.63543701171875,223.94000244140625,225.6300048828125,221.85000610351562,222.69000244140625,22612200,0.006046597923261565,0.15638870888371317,5060761209.210205
2020-12-23,212.82369995117188,221.02000427246094,223.55999755859375,220.8000030517578,223.11000061035156,18699600,-0.0131250669297307,0.15672171906883842,4147446646.435547
2020-12-24,214.4895477294922,222.75,223.61000061035156,221.1999969482422,221.4199981689453,10550600,0.007796885429872447,0.15801332900355872,2347719503.4138994
2020-12-28,216.61761474609375,224.9600067138672,226.02999877929688,223.02000427246094,224.4499969482422,17933500,0.00987264646417163,0.15969042545790652,4029119503.377279
2020-12-29,215.8376007080078,224.14999389648438,227.17999267578125,223.5800018310547,226.30999755859375,17403200,-0.0036073787808925672,0.15872902398648325,3915197836.7268877
2020-12-30,213.45924377441406,221.67999267578125,225.6300048828125,221.47000122070312,225.22999572753906,20272300,-0.011080357554650533,0.16259046675470137,4519236256.417847
2020-12-31,214.1717529296875,222.4199981689453,223.0,219.67999267578125,221.6999969482422,20942100,0.003332358131705071,0.1616301094560645,4642863506.089783
2021-01-04,209.6171875,217.69000244140625,223.0,214.80999755859375,222.52999877929688,37130100,-0.02149532639104379,0.17913756094559907,8112926850.0
2021-01-05,209.8193817138672,217.89999389648438,218.52000427246094,215.6999969482422,217.25999450683594,23823000,0.0009641230372841036,0.1791362252088266,5178484881.225586
2021-01-06,204.37893676757812,212.25,216.49000549316406,211.94000244140625,212.1699981689453,35930700,-0.026271269616206183,0.20222780587455794,7673360387.031555
2021-01-07,210.19491577148438,218.2899932861328,219.33999633789062,213.7100067138672,214.0399932861328,27694500,0.028059466636804586,0.22360544192821658,6012845176.193237
2021-01-08,211.47560119628906,219.6199951171875,220.5800018310547,217.02999877929688,218.67999267578125,22956200,0.0060743604835860054,0.21171772436345737,5029167742.640178
2021-01-11,209.4246063232422,217.49000549316406,218.91000366210938,216.72999572753906,218.47000122070312,23031300,-0.009745830817908363,0.21381746243377137,5014144360.48584
2021-01-12,206.9595489501953,214.92999267578125,217.10000610351562,213.32000732421875,216.5,23249300,-0.011840441770117671,0.21449334691543326,5001311965.634155
2021-01-13,208.3172607421875,216.33999633789062,216.75999450683594,213.92999267578125,214.02000427246094,20087100,0.006538851185004191,0.2151243880622838,4332318660.658264
2021-01-14,205.120361328125,213.02000427246094,217.4600067138672,212.74000549316406,215.91000366210938,29480800,-0.01546527437887324,0.2221170954594655,6320880220.609537
2021-01-15,204.7640838623047,212.64999389648438,214.50999450683594,212.02999877929688,213.52000427246094,31746500,-0.0017384292559885495,0.20415781599195335,6764014976.030986
2021-01-19,208.41355895996094,216.44000244140625,216.97999572753906,212.6300048828125,213.75,30480900,0.017665863930835357,0.21467082564685355,6564061846.006775
2021-01-20,216.0205841064453,224.33999633789062,225.7899932861328,217.2899932861328,217.6999969482422,37777300,0.035849329982140965,0.2485736911661031,8404441640.130615
2021-01-21,216.627197265625,224.97000122070312,226.3000030517578,222.4199981689453,224.6999969482422,30709400,0.002804191228087838,0.24103565068043795,6896205253.65804
2021-01-22,217.57089233398438,225.9499969482422,230.07000732421875,225.8000030517578,227.0800018310547,30172700,0.004346848025805983,0.24061701380826644,6857450178.330485
2021-01-25,221.01812744140625,229.52999877929688,229.77999877929688,224.22000122070312,229.1199951171875,33152100,0.01571998358895854,0.24081262419358918,7553484957.510376
2021-01-26,223.71429443359375,232.3300018310547,234.17999267578125,230.0800018310547,231.86000061035156,49169600,0.012125043694965143,0.242609399636039,11417017161.311848
2021-01-27,224.26316833496094,232.89999389648438,240.44000244140625,230.13999938964844,238.0,69870600,0.0024504544162917696,0.24096879996361642,16384189796.49353
2021-01-28,230.06951904296875,238.92999267578125,242.63999938964844,235.08999633789062,235.61000061035156,49111200,0.025561299074476906,0.2536212806379998,11732010674.157715
2021-01-29,223.35800170898438,231.9600067138672,238.02000427246094,231.35000610351562,235.99000549316406,42503100,-0.029605646930884078,0.27403452178475335,9936233283.12378
2021-02-01,230.7628173828125,239.64999389648438,242.5,232.42999267578125,235.05999755859375,33314200,0.03261454543086284,0.29350479366909077,7935220196.221924
2021-02-02,230.6280059814453,239.50999450683594,242.30999755859375,238.69000244140625,241.3000030517578,25916300,-0.0005843696856411285,0.27943908717548016,6224317723.545837
2021-02-03,233.9886016845703,243.0,245.08999633789062,239.25999450683594,239.57000732421875,27158100,0.014466354645858104,0.2810184862514819,6584481262.120056
2021-02-04,233.0353240966797,242.00999450683594,243.24000549316406,240.3699951171875,242.66000366210938,25296100,-0.0040823557817075695,0.2590884032743468,6118451986.161295
2021-02-05,233.21826171875,242.1999969482422,243.27999877929688,240.4199981689453,242.22999572753906,18054800,0.0007847130275155934,0.24749711947529573,4368659736.600749
2021-02-08,233.478271484375,242.47000122070312,243.67999267578125,240.80999755859375,243.14999389648438,22211900,0.0011142563701600494,0.24787022639505962,5382387544.733684
2021-02-09,234.7300262451172,243.77000427246094,244.75999450683594,241.3800048828125,241.8699951171875,23565000,0.005347012213039015,0.24202753395884932,5733443078.765869
2021-02-10,233.81524658203125,242.82000732421875,245.9199981689453,240.88999938964844,245.0,22186700,-0.0039047702685692798,0.23626827058695163,5396027343.111165
2021-02-11,235.42333984375,244.49000549316406,245.14999389648438,242.14999389648438,244.77999877929688,15751100,0.006854080647699767,0.2362781584082176,3842165787.749736
2021-02-12,235.90481567382812,244.99000549316406,245.3000030517578,242.72999572753906,243.92999267578125,16561100,0.0020430606231300885,0.2235502838209437,4046539197.5855513
2021-02-16,234.6626434326172,243.6999969482422,246.1300048828125,242.9199981689453,245.02999877929688,26728500,-0.005279477373176356,0.22561878940393482,6528436125.0
2021-02-17,235.68565368652344,244.1999969482422,244.30999755859375,240.94000244140625,241.32000732421875,21653500,0.00435001837295701,0.2222273397149918,5265048502.972921
2021-02-18,235.2899627685547,243.7899932861328,243.92999267578125,240.86000061035156,241.8000030517578,16925600,-0.00168030359638216,0.19533348235679393,4110551140.2425127
2021-02-19,232.56826782226562,240.97000122070312,243.86000061035156,240.17999267578125,243.75,25262600,-0.01163483068624327,0.2029406579967511,6105212495.742798
2021-02-22,226.33352661132812,234.50999450683594,237.92999267578125,232.39999389648438,237.4199981689453,36446900,-0.02717411412694659,0.2290092405488798,8563077435.463969
2021-02-23,225.13674926757812,233.27000427246094,234.8300018310547,228.72999572753906,230.3300018310547,30228700,-0.005301700736215054,0.224617797007976,7021421692.1168
2021-02-24,226.3721466064453,234.5500030517578,235.1999969482422,229.0,230.00999450683594,26339700,0.0054723192969952095,0.22159637118327766,6134955125.0
2021-02-25,221.00596618652344,228.99000549316406,234.58999633789062,227.8800048828125,232.0800018310547,39542200,-0.023990613931381688,0.23713760084706464,9113949959.16036
2021-02-26,224.27780151367188,232.3800048828125,235.3699951171875,229.5399932861328,231.52999877929688,37819200,0.014695771316873163,0.224606641973071,8790316571.362305
2021-03-01,228.6787872314453,236.94000244140625,237.47000122070312,233.14999389648438,235.89999389648438,25324000,0.019432874249026177,0.21029239334448982,5972749792.724609
2021-03-02,225.71583557128906,233.8699951171875,237.3000030517578,233.4499969482422,237.00999450683594,22812500,-0.013041499641165188,0.18167079952145546,5358047879.536946
2021-03-03,219.6258087158203,227.55999755859375,233.5800018310547,227.25999450683594,232.16000366210938,34029500,-0.02735161463914526,0.20304917797494362,7808635864.100139
2021-03-04,218.82479858398438,226.72999572753906,232.49000549316406,224.25999450683594,226.74000549316406,44727800,-0.00365382558332783,0.19348757149179902,10190185517.634075
2021-03-05,223.52500915527344,231.60000610351562,233.27000427246094,226.4600067138672,229.52000427246094,41872800,0.02125190240526109,0.21131152398001563,9649307846.533203
2021-03-08,219.4617919921875,227.38999938964844,233.3699951171875,227.1300048828125,231.3699951171875,35267400,-0.01834515658914526,0.2182897062088307,8086697254.824829
2021-03-09,225.6289520263672,233.77999877929688,235.3800048828125,231.6699981689453,232.8800048828125,33080500,0.027713695849233666,0.24270154714900422,7727935625.190735
2021-03-10,224.31637573242188,232.4199981689453,237.0,232.0399932861328,237.0,29746800,-0.005834397809370451,0.24168606108918453,6955396691.271973
2021-03-11,228.86219787597656,237.1300048828125,239.1699981689453,234.30999755859375,234.9600067138672,29907600,0.020062619395619485,0.25357471449213564,7084213218.084717
2021-03-12,227.5302734375,235.75,235.82000732421875,233.22999572753906,234.00999450683594,22653700,-0.005836766833413165,0.2523759523246094,5322109276.377869
2021-03-15,226.623046875,234.80999755859375,235.19000244140625,231.80999755859375,234.9600067138672,26034900,-0.003995248867228796,0.2521105332833013,6090517701.812744
2021-03-16,229.4219512939453,237.7100067138672,240.05999755859375,235.94000244140625,236.27999877929688,28092200,0.012274839426218875,0.25651645313247334,6683228083.535767
2021-03-17,228.77528381347656,237.0399932861328,238.5500030517578,233.22999572753906,236.14999389648438,29562100,-0.002822661772164281,0.25578530033029273,6984735829.145813
2021-03-18,222.6756591796875,230.72000122070312,234.19000244140625,230.3300018310547,232.55999755859375,34833000,-0.02702395878916075,0.27062394365556086,8072431703.781128
2021-03-19,222.31857299804688,230.35000610351562,232.47000122070312,229.35000610351562,231.02000427246094,46430700,-0.0016049028615006122,0.2686951989056245,10712646080.819702
2021-03-22,227.7619171142578,235.99000549316406,236.89999389648438,230.13999938964844,230.27000427246094,30127000,0.024189493461413747,0.26743306601886013,7060061591.074625
2021-03-23,229.29647827148438,237.5800018310547,241.0500030517578,237.07000732421875,237.49000549316406,31638400,0.006714970948722865,0.26748495523471416,7547867755.403646
2021-03-24,227.2503662109375,235.4600067138672,238.0,235.32000732421875,237.85000610351562,25620100,-0.00896348659365298,0.2690444756050585,6053004945.885721
2021-03-25,224.2391815185547,232.33999633789062,236.94000244140625,231.57000732421875,235.3000030517578,34061900,-0.013339087719975495,0.2593289347788812,7957427607.632446
2021-03-26,228.23480224609375,236.47999572753906,236.7100067138672,231.5500030517578,231.5500030517578,25479900,0.01766167662587126,0.26153563891472603,5985568288.65509
2021-03-29,227.03810119628906,235.24000549316406,236.8000030517578,231.8800048828125,236.58999633789062,25227500,-0.0052570833750476,0.25328035079488614,5919380712.916057
2021-03-30,223.7662353515625,231.85000610351562,233.85000610351562,231.10000610351562,233.52999877929688,24792000,-0.014515935323366591,0.2542600017533217,5758355351.318359
2021-03-31,227.54959106445312,235.77000427246094,239.10000610351562,232.38999938964844,232.91000366210938,43623500,0.016766282584075753,0.24087323962318927,10284385678.670246
2021-04-01,233.90017700195312,242.35000610351562,242.83999633789062,238.0500030517578,238.47000122070312,30338000,0.02752623299472301,0.255721945077058,7313885095.550537
2021-04-05,240.38587951660156,249.07000732421875,249.9600067138672,242.6999969482422,242.75999450683594,36910600,0.027351033152355875,0.2619033700745583,9125899914.503988
2021-04-06,239.2180633544922,247.86000061035156,249.39999389648438,246.8800048828125,247.61000061035156,22931900,-0.004869928562852621,0.25160008894385766,5688181350.667827
2021-04-07,241.1869354248047,249.89999389648438,250.92999267578125,247.19000244140625,247.80999755859375,22719800,0.008196763559258358,0.23738466369122274,5664954848.797607
2021-04-08,244.42013549804688,253.25,254.13999938964844,252.0,252.77000427246094,23625200,0.013316312894723126,0.23731163508148723,5980246871.19344
2021-04-09,246.92947387695312,255.85000610351562,255.99000549316406,252.44000244140625,252.8699951171875,24326800,0.010214153618412602,0.23143838630677666,6197495681.833902
2021-04-12,246.9873809814453,255.91000366210938,257.6700134277344,254.6199951171875,254.7100067138672,27148700,0.000234481185194646,0.22919575117764968,6951877223.801676
2021-04-13,249.4774169921875,258.489990234375,259.19000244140625,256.8299865722656,257.260009765625,23837500,0.010031151858718168,0.22808622536300047,6154127210.108439
2021-04-14,246.6785125732422,255.58999633789062,258.8299865722656,255.16000366210938,257.4800109863281,23070900,-0.011282477715084838,0.23287557290480532,5918300970.736694
2021-04-15,250.4521942138672,259.5,259.92999267578125,257.7300109863281,257.92999267578125,25627500,0.015182140528192889,0.23491577216665202,6638889331.283568
2021-04-16,251.64894104003906,260.739990234375,261.0,257.6000061035156,259.4700012207031,24878600,0.004766964296148757,0.20495629188084113,6462962677.630615
2021-04-19,249.71871948242188,258.739990234375,261.4800109863281,257.82000732421875,260.19000244140625,23209300,-0.0076998627799786945,0.2088961860854169,6019254656.773885
2021-04-20,249.25546264648438,258.260009765625,260.20001220703125,256.8399963378906,257.82000732421875,19722900,-0.0018568374302017077,0.19923673985506343,5097054910.379028
2021-04-21,251.49456787109375,260.5799865722656,260.67999267578125,257.25,258.94000244140625,24030400,0.00894306544771073,0.19969619518230436,6235968735.107422
2021-04-22,248.20346069335938,257.1700134277344,261.7799987792969,255.63999938964844,260.2099914550781,25606200,-0.013172574546920224,0.20379267032988577,6611435584.9823
2021-04-23,252.04464721679688,261.1499938964844,261.510009765625,257.2699890136719,257.8800048828125,21462600,0.015357427476112129,0.19635035944243226,5579775153.601074
2021-04-26,252.43069458007812,261.54998779296875,262.44000244140625,260.1700134277344,261.6600036621094,19763300,0.0015304908155178154,0.19200142696215847,5165863133.458456
2021-04-27,252.8360595703125,261.9700012207031,263.19000244140625,260.1199951171875,261.5799865722656,31014200,0.0016045586766830766,0.18880664141532577,8118276979.380289
2021-04-28,245.68446350097656,254.55999755859375,256.5400085449219,252.9499969482422,256.0799865722656,46903100,-0.028693248892289525,0.21251465453456303,11945437899.378967
2021-04-29,243.7059326171875,252.50999450683594,256.1000061035156,249.0,255.4600067138672,40589000,-0.008085739642757162,0.212088000053642,10250210771.591187
2021-04-30,243.38742065429688,252.17999267578125,253.0800018310547,249.60000610351562,249.74000549316406,30945100,-0.0013078068347640581,0.1934534412961924,7786406068.295797
2021-05-03,243.07858276367188,251.86000061035156,254.35000610351562,251.1199951171875,253.39999389648438,19626600,-0.001269720514679662,0.1701073852050359,4954604337.979126
2021-05-04,239.15049743652344,247.7899932861328,251.2100067138672,245.75999450683594,250.97000122070312,32756100,-0.016291726778286275,0.17905339349216537,8131810952.02179
2021-05-05,237.8765106201172,246.47000122070312,249.5,245.82000732421875,249.05999755859375,21901300,-0.005341374068223104,0.17734925451999298,5415388504.714966
2021-05-06,241.02284240722656,249.72999572753906,249.86000061035156,244.69000244140625,246.4499969482422,26491100,0.013140034697036285,0.17717479070908423,6572265291.88741
2021-05-07,243.65768432617188,252.4600067138672,254.3000030517578,251.1699981689453,252.14999389648438,27032900,0.010872596399847723,0.17769971682181207,6829682037.164815
2021-05-10,238.56178283691406,247.17999267578125,251.72999572753906,247.1199951171875,250.8699951171875,29299900,-0.02113598285611129,0.19120253917503818,7286201304.717508
2021-05-11,237.64486694335938,246.22999572753906,246.60000610351562,242.57000732421875,244.5500030517578,33641600,-0.0038509207173031967,0.1864105275326787,8246677649.332683
2021-05-12,230.66697692871094,239.0,244.3800048828125,238.07000732421875,242.1699981689453,36684400,-0.029802391582983034,0.20733094164976185,8821986942.60254
2021-05-13,234.5564422607422,243.02999877929688,245.60000610351562,241.4199981689453,241.8000030517578,29624300,0.016721238852817955,0.20912547306158363,7209073435.135396
2021-05-14,239.49794006347656,248.14999389648438,249.17999267578125,245.49000549316406,245.5800018310547,23901100,0.020848564958270366,0.22380713028865767,5918071637.451681
2021-05-17,236.63148498535156,245.17999267578125,246.58999633789062,243.52000427246094,246.5500030517578,24970200,-0.012040800500878746,0.22558102967515875,6120112730.117798
2021-05-18,234.60472106933594,243.0800018310547,246.41000366210938,242.89999389648438,246.27000427246094,20168000,-0.008601955398425787,0.226471879672116,4923613835.89681
2021-05-19,235.18511962890625,243.1199951171875,243.22999572753906,238.60000610351562,239.30999755859375,25739800,0.0024708872120315917,0.22324498775458518,6220022643.816122
2021-05-20,238.43544006347656,246.47999572753906,247.9499969482422,243.86000061035156,243.9600067138672,21800700,0.013725634987936886,0.227689133349539,5365079552.210999
2021-05-21,237.168212890625,245.1699981689453,248.3300018310547,244.74000549316406,247.57000732421875,21863100,-0.005328933719591866,0.21888885668714472,5380071688.032532
2021-05-24,242.59510803222656,250.77999877929688,251.16000366210938,247.50999450683594,247.7899932861328,21411500,0.022624183151533472,0.23594231720155417,5348949536.552429
2021-05-25,243.5044708251953,251.72000122070312,252.75,250.82000732421875,251.77000427246094,17704300,0.003741471473494684,0.2364674412838273,4457293632.76062
2021-05-26,243.28196716308594,251.49000549316406,252.94000244140625,250.75,251.42999267578125,17771600,-0.0009141736919566767,0.21536917948342846,4473585676.33667
2021-05-27,241.17312622070312,249.30999755859375,251.47999572753906,249.25,251.1699981689453,24426200,-0.008706087690283582,0.21565530674254577,6106875628.001912
2021-05-28,241.53102111816406,249.67999267578125,252.0800018310547,249.55999755859375,251.0,18270200,0.0014828750281754566,0.2157433569777437,4575588839.6779375
2021-06-01,239.325439453125,247.39999389648438,251.2899932861328,246.9600067138672,251.22999572753906,23213300,-0.009173619628660035,0.21787526450914838,5769665667.77242
2021-06-02,239.22869873046875,247.3000030517578,249.27000427246094,245.83999633789062,248.1300048828125,19406700,-0.0004043041999022279,0.21042782036953558,4802576072.689819
2021-06-03,237.6905975341797,245.7100067138672,246.33999633789062,243.0,245.22000122070312,25307700,-0.006450175285531934,0.21081814036822058,6200808320.744324
2021-06-04,242.6048126220703,250.7899932861328,251.64999389648438,247.50999450683594,247.75999450683594,25281100,0.020464016432554466,0.217987991817323,6319853494.029745
2021-06-07,245.5262451171875,253.80999755859375,254.08999633789062,249.80999755859375,249.97999572753906,23079200,0.011970012278092135,0.21868885333893417,5829113478.263347
2021-06-08,244.3267364501953,252.57000732421875,256.010009765625,252.50999450683594,255.16000366210938,22455000,-0.004897432942660096,0.2053674613843121,5696758736.801147
2021-06-09,245.3134307861328,253.58999633789062,255.52999877929688,253.2100067138672,253.80999755859375,17937600,0.004030288924612435,0.20473728872054014,4558123546.948242
2021-06-10,248.84426879882812,257.239990234375,257.4599914550781,253.6699981689453,254.2899932861328,24563600,0.014290572036282256,0.17409807590063484,6291310945.749918
2021-06-11,249.47308349609375,257.8900146484375,258.489990234375,256.6099853515625,257.989990234375,18999700,0.0025237532995001644,0.16762265927557798,4895525972.485352
2021-06-14,251.40782165527344,259.8900146484375,259.95001220703125,256.79998779296875,257.8999938964844,19150500,0.007725380471135246,0.15583186718249836,4957681533.508301
2021-06-15,249.92776489257812,258.3599853515625,259.989990234375,257.67999267578125,259.7699890136719,18038900,-0.005904472382637138,0.14999041757506187,4666242331.4921055
2021-06-16,248.97975158691406,257.3800048828125,260.5799865722656,254.4199981689453,259.3999938964844,27220000,-0.0038003614511419315,0.14629257649899086,7008061105.855306
2021-06-17,252.38490295410156,260.8999938964844,261.75,256.010009765625,256.07000732421875,27565500,0.013583740678556389,0.15079460325609798,7154717443.649291
2021-06-18,250.96282958984375,259.42999267578125,262.29998779296875,258.75,259.6300048828125,37202200,-0.005650476026652029,0.14917847964793157,9678524109.798176
2021-06-21,254.058349609375,262.6300048828125,263.5199890136719,257.9200134277344,259.82000732421875,26696100,0.012259124625840556,0.14986778048658794,6977203774.176026
2021-06-22,256.84442138671875,265.510009765625,265.7900085449219,262.3999938964844,262.7200012207031,24694100,0.010906573826452437,0.13579027728856122,6533235823.813883
2021-06-23,256.6122131347656,265.2699890136719,266.8299865722656,264.42999267578125,265.989990234375,19518700,-0.0009044902808605926,0.13635779591155237,5182409830.503337
2021-06-24,257.98583984375,266.69000244140625,267.8500061035156,265.4700012207031,266.1600036621094,21446900,0.005338652035442593,0.1360305968823867,5719244892.814127
2021-06-25,256.37042236328125,265.0199890136719,267.25,264.760009765625,266.2300109863281,25611100,-0.006281338094027866,0.13365416798253876,6804271667.245483
2021-06-28,259.94964599609375,268.7200012207031,268.8999938964844,265.9100036621094,266.19000244140625,19590000,0.013864582018584315,0.13859240512506046,5247050892.028809
2021-06-29,262.5421447753906,271.3999938964844,271.6499938964844,267.9800109863281,268.8699951171875,19937800,0.009923677656535013,0.13187195384278938,5390051303.220622
2021-06-30,262.0584716796875,270.8999938964844,271.3599853515625,269.6000061035156,270.69000244140625,21656500,-0.0018439674586003818,0.13265609940987558,5860681924.255371
2021-07-01,262.7356262207031,271.6000061035156,271.8399963378906,269.6000061035156,269.6099853515625,16725300,0.002580649895002729,0.12676276599729538,4532779351.638794
2021-07-02,268.5881652832031,277.6499938964844,278.0,272.5,272.82000732421875,26458000,0.02203091926450451,0.12926115587740128,7303730846.1710615
2021-07-06,268.59783935546875,277.6600036621094,279.3699951171875,274.29998779296875,278.0299987792969,31565600,3.601758863069904e-05,0.12784100837052045,8747143274.71517
2021-07-07,270.793701171875,279.92999267578125,280.69000244140625,277.1499938964844,279.3999938964844,23260000,0.008142040733786438,0.1236677355629435,6495509981.486003
2021-07-08,268.36566162109375,277.4200134277344,278.7300109863281,274.8699951171875,276.8999938964844,24618600,-0.00900682110869866,0.13301736500994424,6819516484.277344
2021-07-09,268.86871337890625,277.94000244140625,278.04998779296875,275.32000732421875,275.7200012207031,23916700,0.0018727465264554155,0.12834621952321346,6627397272.869873
2021-07-12,268.2689514160156,277.32000732421875,279.7699890136719,276.5799865722656,279.1600036621094,18931700,-0.0022331787601421738,0.13001911615113468,5260930005.153402
2021-07-13,271.8094787597656,280.9800109863281,282.8500061035156,277.3900146484375,277.5199890136719,26120100,0.013111347782217564,0.13344583364719304,7324250450.335693
2021-07-14,273.28955078125,282.510009765625,283.6600036621094,280.54998779296875,282.3500061035156,23113700,0.005430483558279242,0.12862657579163428,6523610697.404989
2021-07-15,271.8577880859375,281.0299987792969,282.510009765625,279.8299865722656,282.0,22604200,-0.005252767042149387,0.12989485563877984,6354568014.542644
2021-07-16,271.58697509765625,280.75,284.1000061035156,279.4599914550781,282.07000732421875,26186800,-0.0009966533088352492,0.12665428172793736,7369925681.355794
2021-07-19,267.9690246582031,277.010009765625,280.3699951171875,274.45001220703125,278.92999267578125,32935600,-0.013411044142964457,0.13632415725797883,9132273570.288086
2021-07-20,270.20361328125,279.32000732421875,280.9700012207031,276.260009765625,278.0299987792969,26259700,0.008304403856746134,0.13370290777890384,7322517505.276489
2021-07-21,272.21575927734375,281.3999938964844,281.5199890136719,277.2900085449219,278.8999938964844,24364300,0.007419186436363745,0.13165971636634094,6823709431.602986
2021-07-22,276.80108642578125,286.1400146484375,286.4200134277344,283.4200134277344,283.8399963378906,23384100,0.016704164193888538,0.13912151940972525,6672107629.510498
2021-07-23,280.21588134765625,289.6700134277344,289.989990234375,286.5,287.3699951171875,22768100,0.012261162226338662,0.14212373098026862,6573605859.793091
2021-07-26,279.6161193847656,289.04998779296875,289.69000244140625,286.6400146484375,289.0,23176100,-0.002142650622195319,0.13898937417584195,6685377843.721518
2021-07-27,277.18804931640625,286.5400085449219,289.5799865722656,282.95001220703125,289.42999267578125,33604100,-0.008721506036370563,0.14143215910507392,9622758144.374594
2021-07-28,276.87841796875,286.2200012207031,290.1499938964844,283.8299865722656,288.989990234375,33566900,-0.0011176687208864777,0.1399800766637527,9624748921.790567
2021-07-29,277.1492919921875,286.5,288.6199951171875,286.0799865722656,286.239990234375,18168300,0.0009778357296958973,0.13917462796838923,5215513209.109497
2021-07-30,275.6112060546875,284.9100036621094,286.6600036621094,283.9100036621094,285.1700134277344,20944800,-0.0055651223723520715,0.1421574485553402,5972619244.702148
2021-08-02,275.524169921875,284.82000732421875,286.7699890136719,283.739990234375,286.3599853515625,16267400,-0.00031584302996989777,0.12299164214637845,4637998341.188559
2021-08-03,277.7490539550781,287.1199951171875,287.2300109863281,284.0,285.4200134277344,17879000,0.008042666552905864,0.12507737818265746,5115479919.708252
2021-08-04,277.1590270996094,286.510009765625,287.5899963378906,284.6499938964844,286.2200012207031,16191300,-0.0021265759067885526,0.12342239054082328,4634759625.0
2021-08-05,280.07073974609375,289.5199890136719,289.6300048828125,286.1000061035156,286.8800048828125,13900200,0.01045076670615952,0.12156872082848104,4009049350.0000005
2021-08-06,280.0127258300781,289.4599914550781,289.5,287.6199951171875,288.510009765625,16589300,-0.00020716168138701363,0.12183784461922098,4791985123.747763
2021-08-09,278.91961669921875,288.3299865722656,291.54998779296875,287.80999755859375,289.75,16117600,-0.003911423409698855,0.12271306511830422,4661693297.159831
2021-08-10,277.09130859375,286.44000244140625,289.25,285.20001220703125,288.79998779296875,18616600,-0.006576542337423774,0.11899177964957393,5342281682.2347
2021-08-11,277.5846252441406,286.95001220703125,288.6600036621094,285.8599853515625,287.2099914550781,13955900,0.0017787567491795997,0.11793000290209141,4007529730.0120034
2021-08-12,280.351318359375,289.80999755859375,289.9700012207031,286.3399963378906,286.6300048828125,14561300,0.009917682575127706,0.11981697765958275,4203944361.633301
2021-08-13,283.2920837402344,292.8500061035156,292.8999938964844,289.29998779296875,289.4800109863281,18249000,0.010434938311514763,0.1232482300864883,5322929075.744629
2021-08-16,284.9849548339844,294.6000061035156,294.82000732421875,290.0199890136719,293.19000244140625,22507600,0.005957925400718267,0.11002300297333223,6598027932.983398
2021-08-17,283.5145263671875,293.0799865722656,293.42999267578125,291.0799865722656,292.3900146484375,20075300,-0.005173027573465383,0.1118228083640329,5872627280.277506
2021-08-18,281.77972412109375,290.7300109863281,294.82000732421875,290.2699890136719,292.0400085449219,21813000,-0.006137715678692146,0.11397838938023623,6368087273.254395
2021-08-19,287.63372802734375,296.7699890136719,297.4700012207031,288.6400146484375,288.69000244140625,29850500,0.020562247490699903,0.12093562372229724,8784803195.251465
2021-08-20,294.9900817871094,304.3599853515625,305.8399963378906,298.05999755859375,299.7200012207031,40817600,0.025253841656419418,0.1415348674597171,12357664176.31836
2021-08-23,295.2710876464844,304.6499938964844,305.3999938964844,301.8500061035156,303.25,22830200,0.0009521408324184577,0.14063890967748136,6939619746.885172
2021-08-24,293.3036193847656,302.6199951171875,305.6499938964844,302.0,305.0199890136719,18175800,-0.0066855594251284955,0.13871448282918047,5514961755.438232
2021-08-25,292.71246337890625,302.010009765625,304.5899963378906,300.4200134277344,304.29998779296875,20006100,-0.0020175426025694776,0.13907128285563333,6048644404.248047
2021-08-26,289.8822937011719,299.0899963378906,302.42999267578125,298.95001220703125,300.989990234375,17666100,-0.00971581672035704,0.14558658726975454,5302597696.1883545
2021-08-27,290.492919921875,299.7200012207031,300.8699951171875,296.8299865722656,298.989990234375,22605700,0.002104247154887773,0.1427931821709478,6762268969.22404
2021-08-30,294.2437744140625,303.5899963378906,304.2200012207031,301.05999755859375,301.1199951171875,16348100,0.012829384492014206,0.1465695484687061,4952765855.725098
2021-08-31,292.5863952636719,301.8800048828125,304.5,301.5,304.4200134277344,26285300,-0.0056485969631827615,0.14861191512382918,7954632764.1153965
2021-09-01,292.5378723144531,301.8299865722656,305.19000244140625,301.489990234375,302.8699951171875,18983800,-0.00016585519356659972,0.14797930438585796,5748990581.34969
2021-09-02,291.8788757324219,301.1499938964844,303.3599853515625,300.17999267578125,302.20001220703125,16285600,-0.002255229212857479,0.1461117921690486,4911139668.920898
2021-09-03,291.86920166015625,301.1400146484375,302.6000061035156,300.260009765625,300.989990234375,14747900,-3.3144682239694134e-05,0.14607893435539507,4444034016.690063
2021-09-07,290.938720703125,300.17999267578125,301.0899963378906,298.20001220703125,301.010009765625,17180400,-0.003193099173557812,0.1457288341554184,5151084802.990723
2021-09-08,290.9677734375,300.2099914550781,300.6099853515625,297.4700012207031,299.7799987792969,15046800,9.985361803543924e-05,0.14250989582831647,4505463213.793945
2021-09-09,288.09893798828125,297.25,302.1400146484375,297.0,300.82000732421875,19927000,-0.009908561014920103,0.1487945111090357,5954121273.966472
2021-09-10,286.6063537597656,295.7099914550781,299.9200134277344,295.3800048828125,298.4200134277344,19633400,-0.005194271240681836,0.14766331905487445,5831185308.577475
2021-09-13,287.846923828125,296.989990234375,298.5400085449219,294.0799865722656,297.54998779296875,23652900,0.004319139764104918,0.14427056612888728,7013952007.507324
2021-09-14,290.5607604980469,299.7900085449219,301.3900146484375,298.1000061035156,299.55999755859375,21853400,0.00938388841599025,0.14628742528629965,6550775397.412109
2021-09-15,295.43585205078125,304.82000732421875,305.32000732421875,301.82000732421875,303.260009765625,28356300,0.01663901777944865,0.1540096558664009,8619937323.687744
2021-09-16,295.8234558105469,305.2200012207031,305.30999755859375,300.760009765625,303.760009765625,19550800,0.0013111127728118177,0.15114377966822923,5938816233.02002
2021-09-17,290.6383056640625,299.8699951171875,304.5,299.5299987792969,304.1700134277344,41372500,-0.01768328509090189,0.15125928119616752,12465534165.827435
2021-09-20,285.2397155761719,294.29998779296875,298.7200012207031,289.5199890136719,296.3299865722656,38278700,-0.018749624202764714,0.13648968860637295,11260827685.638428
2021-09-21,285.724365234375,294.79998779296875,297.5400085449219,294.07000732421875,295.69000244140625,22364100,0.0016976541638591414,0.13669509446160966,6607920654.299927
2021-09-22,289.38800048828125,298.5799865722656,300.2200012207031,294.510009765625,296.7300109863281,26626300,0.012740761739948425,0.1439944915203242,7928513329.331462
2021-09-23,290.3377990722656,299.55999755859375,300.8999938964844,297.5299987792969,298.8500061035156,18604600,0.0032767195613097044,0.1445351407628581,5568914857.438151
2021-09-24,290.1343078613281,299.3500061035156,299.79998779296875,296.92999267578125,298.2300109863281,14999000,-0.000701123161105599,0.14052944063050413,4480101239.532471
2021-09-27,285.11376953125,294.1700134277344,296.4700012207031,292.94000244140625,296.1400146484375,23571700,-0.01745565437426322,0.15268377835878352,6942494362.945557
2021-09-28,274.7916259765625,283.5199890136719,290.7799987792969,282.75,289.79998779296875,43186200,-0.03687520522344112,0.18879800343213474,12337577394.274902
2021-09-29,275.25689697265625,284.0,286.7699890136719,283.010009765625,285.1000061035156,26353700,0.0016917456829679267,0.18941319191873202,7500087317.943319
2021-09-30,273.2409362792969,281.9200134277344,287.8299865722656,281.6199951171875,285.7099914550781,32343600,-0.007350875970340454,0.18966442186357138,9178790191.357422
2021-10-01,280.1998291015625,289.1000061035156,289.9800109863281,281.2900085449219,282.1199951171875,30086300,0.02514906754692081,0.21391789869852548,8628450234.085083
2021-10-04,274.3942565917969,283.1099853515625,287.75,280.25,287.3999938964844,31350700,-0.0209370591420468,0.2234576653536423,8894297939.253742
2021-10-05,279.8703308105469,288.760009765625,290.3999938964844,284.04998779296875,284.04998779296875,24993000,0.019760426810546683,0.2370200790170335,7191402438.812256
2021-10-06,284.0863952636719,293.1099853515625,293.6300048828125,285.510009765625,285.7799987792969,28002600,0.014952008918717397,0.24409454391543728,8141755950.0
2021-10-07,285.7728271484375,294.8500061035156,296.6400146484375,293.9200134277344,295.17999267578125,20430500,0.0059187839441525725,0.24311720190062697,6029789901.102701
2021-10-08,285.7728271484375,294.8500061035156,296.6400146484375,293.760009765625,296.2200012207031,17685700,0.0,0.24249140089134189,5218755488.241577
2021-10-11,285.1719055175781,294.2300109863281,297.9700012207031,292.75,292.9200134277344,19298600,-0.0021050088331548977,0.2420191797517236,5692765435.192871
2021-10-12,283.863525390625,292.8800048828125,295.44000244140625,292.3500061035156,295.3399963378906,17974100,-0.00459859742149149,0.2396717554505751,5276416962.783813
2021-10-13,287.1878356933594,296.30999755859375,297.2799987792969,293.489990234375,294.9100036621094,23416300,0.011642903185406617,0.23558364118838762,6924043696.524048
2021-10-14,293.4295959472656,302.75,303.2699890136719,297.8299865722656,299.2099914550781,27262900,0.021501251521900855,0.2485287389914303,8213857166.467285
2021-10-15,294.8446350097656,304.2099914550781,304.45001220703125,300.5199890136719,302.3399963378906,25384800,0.004810823650521989,0.2408934678821554,7693117426.025391
2021-10-18,297.82989501953125,307.2900085449219,308.2099914550781,302.69000244140625,303.57000732421875,22729300,0.010073944820979008,0.23202069771481112,6956605340.830485
2021-10-19,298.7409362792969,308.2300109863281,309.29998779296875,307.2200012207031,308.3500061035156,17682100,0.00305426252907548,0.23203413605780887,5450507325.0
2021-10-20,297.9461975097656,307.4100036621094,309.70001220703125,306.1099853515625,309.2099914550781,16537100,-0.00266383903551759,0.22934498125827354,5089127160.728964
2021-10-21,301.1930236816406,310.760009765625,311.0199890136719,306.3599853515625,307.1700134277344,16918100,0.010838408974057856,0.23158209583242748,5234121688.508097
2021-10-22,299.642333984375,309.1600036621094,311.0899963378906,307.79998779296875,310.3999938964844,17449300,-0.005161790565543889,0.23270917181111012,5397940883.998616
2021-10-25,298.6440734863281,308.1300048828125,309.3999938964844,306.4599914550781,309.3599853515625,17554500,-0.0033370687081291095,0.22305928163219968,5406727427.856445
2021-10-26,300.56304931640625,310.1099853515625,312.3999938964844,308.6000061035156,311.0,28107300,0.006405072027809489,0.17155357785266118,8723662563.757324
2021-10-27,313.2210388183594,323.1700134277344,326.1000061035156,316.0,316.0,52588700,0.04125158894604741,0.2130295888553708,16920765158.707682
2021-10-28,314.3647155761719,324.3500061035156,324.8699951171875,321.3599853515625,324.3299865722656,26297900,0.003644690835737485,0.207369035757755,8508071809.626261
2021-10-29,321.41082763671875,331.6199951171875,332.0,323.8999938964844,324.1300048828125,34766000,0.022166315265548242,0.2043158873792436,11444039979.349771
2021-11-01,319.2301025390625,329.3699951171875,331.489990234375,326.3699951171875,331.3599853515625,27073200,-0.006807974382255999,0.18503252708445497,8909158235.742188
2021-11-02,322.8744201660156,333.1300048828125,333.45001220703125,330.0,330.30999755859375,26487100,0.011351288238576451,0.18027654060256748,8798838190.220135
2021-11-03,323.71759033203125,334.0,334.8999938964844,330.6499938964844,333.8999938964844,21500100,0.0026080453524199854,0.178593414963688,7163474897.515869
2021-11-04,326.0824279785156,336.44000244140625,336.5400085449219,329.510009765625,332.8900146484375,23992200,0.007278695046097461,0.17859678127329556,8017313691.96167
2021-11-05,325.7141418457031,336.05999755859375,338.7900085449219,334.4200134277344,338.510009765625,22570100,-0.001130064774980788,0.17916467842121359,7593108422.607422
2021-11-08,326.6155700683594,336.989990234375,337.6499938964844,334.44000244140625,337.29998779296875,20897000,0.0027637214125419973,0.17698279875978976,7028914826.466879
2021-11-09,325.6075134277344,335.95001220703125,338.7200012207031,334.5299987792969,337.1099853515625,21307400,-0.0030911431036768633,0.1758342666762778,7167809446.700033
2021-11-10,320.6160888671875,330.79998779296875,334.6300048828125,329.9200134277344,334.57000732421875,25500900,-0.015448286968173797,0.190886233951477,8460773656.881715
2021-11-11,322.1958923339844,332.42999267578125,333.7699890136719,330.510009765625,331.25,16849800,0.00491529932138679,0.18178202327762116,5598121338.006592
2021-11-12,326.3539123535156,336.7200012207031,337.2300109863281,333.7900085449219,333.9200134277344,23831000,0.012822691369625439,0.1839572213039359,8005150811.513266
2021-11-15,325.7238464355469,336.07000732421875,337.8800048828125,334.0299987792969,337.5400085449219,16723000,-0.0019324876690198778,0.18453674062510006,5618816574.574788
2021-11-16,329.0579833984375,339.510009765625,340.6700134277344,335.510009765625,335.67999267578125,20886800,0.010184051015358797,0.18549064400075782,7071504860.135904
2021-11-17,329.2812805175781,339.1199951171875,342.19000244140625,338.0,338.94000244140625,19053400,0.0006783649098354161,0.1841442077523373,6473773702.494304
2021-11-18,331.3688659667969,341.2699890136719,342.45001220703125,337.1199951171875,338.17999267578125,22463500,0.006319812107839162,0.18299911013817122,7643879752.578735
2021-11-19,333.155517578125,343.1099853515625,345.1000061035156,342.20001220703125,342.6400146484375,21963400,0.00537724712778509,0.17938618273693863,7543769024.810791
2021-11-22,329.97064208984375,339.8299865722656,349.6700134277344,339.54998779296875,344.6199951171875,31031100,-0.00960571357584783,0.18442973696971457,10644184358.73413
2021-11-23,327.88299560546875,337.67999267578125,339.45001220703125,333.55999755859375,337.04998779296875,30427600,-0.0063468631098011485,0.18842843782450872,10250957039.42871
2021-11-24,328.1063232421875,337.9100036621094,338.1600036621094,333.9100036621094,336.2799987792969,21661300,0.0006808880539068696,0.13221245472001175,7292493337.32605
2021-11-26,320.11517333984375,329.67999267578125,337.92999267578125,328.1199951171875,334.3500061035156,24217200,-0.02465686435673664,0.16162948605296756,8037930694.3359375
2021-11-29,326.863525390625,336.6300048828125,339.0299987792969,334.739990234375,334.94000244140625,28563500,0.02086188250922305,0.15951679213136585,9620186741.887411
2021-11-30,320.99871826171875,330.5899963378906,337.7799987792969,328.989990234375,335.32000732421875,42885600,-0.01810560006763673,0.1707369765714737,14257460462.597656
2021-12-01,320.5035400390625,330.0799865722656,339.2799987792969,329.3900146484375,335.1300048828125,33337600,-0.0015438085044818806,0.16595970391525777,11098642666.666668
2021-12-02,319.9306335449219,329.489990234375,333.489990234375,327.79998779296875,330.29998779296875,30766000,-0.0017891195398114235,0.16566302106630212,10160778834.513348
2021-12-03,313.63861083984375,323.010009765625,332.70001220703125,318.0299987792969,331.989990234375,41779300,-0.019862799925634,0.17573066533156184,13560725483.00069
2021-12-06,316.7264709472656,326.19000244140625,327.45001220703125,319.2300109863281,323.95001220703125,30032600,0.009797131520473457,0.1803747600179789,9739272110.62622
2021-12-07,325.203125,334.9200134277344,335.79998779296875,330.1000061035156,331.6400146484375,31021900,0.026411453380136507,0.20422920630831057,10349112728.403728
2021-12-08,325.2517395019531,334.9700012207031,335.5,330.79998779296875,335.30999755859375,24761000,0.0001494784794360271,0.20396209229841042,8264148732.655844
2021-12-09,323.4359130859375,333.1000061035156,336.489990234375,332.1199951171875,334.4100036621094,22214200,-0.005598476097229188,0.1973345323245192,7417395364.060466
2021-12-10,332.60205078125,342.5400085449219,343.0,334.7900085449219,334.9800109863281,38095700,0.027945743167781423,0.21883418141898744,12956728744.01652
2021-12-13,329.5531005859375,339.3999938964844,343.7900085449219,339.0799865722656,340.67999267578125,28899400,-0.009209236649303065,0.2178575329494464,9847663106.833904
2021-12-14,318.81402587890625,328.3399963378906,334.6400146484375,324.1099853515625,333.2200012207031,44438700,-0.03312955419495189,0.24701113836837152,14621665406.75354
2021-12-15,324.94097900390625,334.6499938964844,335.19000244140625,324.5,328.6099853515625,35381100,0.019035620968687716,0.2538959381327508,11726947614.81018
2021-12-16,315.473876953125,324.8999938964844,336.760009765625,323.0199890136719,335.7099914550781,35034800,-0.029567683100493625,0.2727942682691754,11499355535.799154
2021-12-17,314.40570068359375,323.79998779296875,324.9200134277344,317.25,320.8800048828125,47750300,-0.003391687336564253,0.27106240589599456,15375119116.429647
2021-12-20,310.6286315917969,319.9100036621094,322.79998779296875,317.57000732421875,320.04998779296875,28326500,-0.012086104312194479,0.2712980771472802,9067123795.140585
2021-12-21,317.79449462890625,327.2900085449219,327.7300109863281,319.79998779296875,323.2900085449219,24740600,0.022806842545890937,0.2849409623678117,8039210624.401855
2021-12-22,323.53302001953125,333.20001220703125,333.6099853515625,325.75,328.29998779296875,24831500,0.017896249320157764,0.2923995544694481,8215584526.45874
2021-12-23,324.97979736328125,334.69000244140625,336.3900146484375,332.7300109863281,332.75,19617800,0.004461838548671437,0.2929114522588865,6564181456.264242
2021-12-27,332.5146484375,342.45001220703125,342.4800109863281,335.42999267578125,335.4599914550781,19947000,0.022920896138155733,0.289662440205548,6784373745.513916
2021-12-28,331.3494567871094,341.25,343.80999755859375,340.32000732421875,343.1499938964844,15661500,-0.0035103354367924666,0.2817244334995046,5352996315.490723
2021-12-29,332.0291748046875,341.95001220703125,344.29998779296875,339.67999267578125,341.29998779296875,15042000,0.002049261833528604,0.273292982624428,5144012983.276367
2021-12-30,329.4755554199219,339.32000732421875,343.1300048828125,338.82000732421875,341.9100036621094,15994500,-0.007720676672244409,0.27504364765694284,5444901109.130859
2021-12-31,326.5625915527344,336.32000732421875,339.3599853515625,335.8500061035156,338.510009765625,18000800,-0.008880529355053568,0.2771594639237868,6069449734.008789
