Price,Adj Close,Close,High,Low,Open,Volume
Ticker,MSFT,MSFT,MSFT,MSFT,MSFT,MSFT
Date,,,,,,
2005-01-03,18.48522186279297,26.739999771118164,26.950000762939453,26.649999618530273,26.799999237060547,65002900
2005-01-04,18.554346084594727,26.84000015258789,27.100000381469727,26.65999984741211,26.8700008392334,109442100
2005-01-05,18.512874603271484,26.780000686645508,27.100000381469727,26.760000228881836,26.84000015258789,72463500
2005-01-06,18.49213409423828,26.75,27.059999465942383,26.639999389648438,26.850000381469727,76890500
2005-01-07,18.436832427978516,26.670000076293945,26.889999389648438,26.6200008392334,26.81999969482422,68723300
2005-01-10,18.52670669555664,26.799999237060547,26.860000610351562,26.540000915527344,26.600000381469727,70376600
2005-01-11,18.47831153869629,26.729999542236328,26.81999969482422,26.610000610351562,26.690000534057617,64712000
2005-01-12,18.512874603271484,26.780000686645508,26.850000381469727,26.6200008392334,26.770000457763672,72940600
2005-01-13,18.160316467285156,26.270000457763672,26.799999237060547,26.15999984741211,26.68000030517578,89861600
2005-01-14,18.056625366210938,26.1200008392334,26.450000762939453,26.040000915527344,26.399999618530273,92180800
2005-01-18,18.194873809814453,26.31999969482422,26.350000381469727,25.84000015258789,26.030000686645508,69146400
2005-01-19,17.959836959838867,25.979999542236328,26.260000228881836,25.920000076293945,26.209999084472656,58114100
2005-01-20,17.876882553100586,25.860000610351562,26.100000381469727,25.739999771118164,25.84000015258789,58380100
2005-01-21,17.731714248657227,25.649999618530273,26.1299991607666,25.639999389648438,25.950000762939453,76501000
2005-01-24,17.745532989501953,25.670000076293945,26.0,25.639999389648438,25.760000228881836,69010900
2005-01-25,17.98749542236328,26.020000457763672,26.190000534057617,25.75,25.760000228881836,67580700
2005-01-26,17.98057746887207,26.010000228881836,26.170000076293945,25.899999618530273,26.06999969482422,64974500
2005-01-27,18.049701690673828,26.110000610351562,26.15999984741211,25.850000381469727,25.950000762939453,93204100
2005-01-28,18.098102569580078,26.18000030517578,26.649999618530273,25.959999084472656,26.540000915527344,110466500
2005-01-31,18.16722869873047,26.280000686645508,26.520000457763672,26.15999984741211,26.350000381469727,71442100
2005-02-01,18.24326515197754,26.389999389648438,26.43000030517578,26.219999313354492,26.25,57981700
2005-02-02,18.29166030883789,26.459999084472656,26.5,26.280000686645508,26.420000076293945,79329500
2005-02-03,18.098102569580078,26.18000030517578,26.399999618530273,26.100000381469727,26.3700008392334,62545400
2005-02-04,18.194873809814453,26.31999969482422,26.3700008392334,26.139999389648438,26.170000076293945,61246500
2005-02-07,18.08427619934082,26.15999984741211,26.299999237060547,26.059999465942383,26.270000457763672,57763400
2005-02-08,18.139577865600586,26.239999771118164,26.34000015258789,26.15999984741211,26.190000534057617,61343700
2005-02-09,18.022056579589844,26.06999969482422,26.309999465942383,26.040000915527344,26.25,77874800
2005-02-10,18.015148162841797,26.059999465942383,26.1299991607666,26.0,26.100000381469727,71796400
2005-02-11,17.95292091369629,25.969999313354492,26.1200008392334,25.809999465942383,26.030000686645508,83835900
2005-02-14,17.98057746887207,26.010000228881836,26.1200008392334,25.90999984741211,25.93000030517578,58694000
2005-02-15,17.980573654174805,25.93000030517578,26.079999923706055,25.860000610351562,26.0,76551600
2005-02-16,17.883499145507812,25.790000915527344,25.93000030517578,25.670000076293945,25.8700008392334,57506600
2005-02-17,17.786422729492188,25.649999618530273,25.860000610351562,25.600000381469727,25.709999084472656,67024800
2005-02-18,17.668535232543945,25.479999542236328,25.649999618530273,25.399999618530273,25.639999389648438,77091100
2005-02-22,17.495176315307617,25.229999542236328,25.489999771118164,25.200000762939453,25.25,96419200
2005-02-23,17.474374771118164,25.200000762939453,25.350000381469727,25.170000076293945,25.239999771118164,83689400
2005-02-24,17.592262268066406,25.3700008392334,25.440000534057617,25.149999618530273,25.18000030517578,85236300
2005-02-25,17.509052276611328,25.25,25.3799991607666,25.149999618530273,25.329999923706055,62467700
2005-02-28,17.446638107299805,25.15999984741211,25.3700008392334,25.1299991607666,25.219999313354492,82728000
2005-03-01,17.529848098754883,25.280000686645508,25.40999984741211,25.1299991607666,25.190000534057617,56394800
2005-03-02,17.51598358154297,25.260000228881836,25.479999542236328,25.15999984741211,25.190000534057617,67739000
2005-03-03,17.453571319580078,25.170000076293945,25.309999465942383,25.139999389648438,25.299999237060547,52183600
2005-03-04,17.453571319580078,25.170000076293945,25.299999237060547,25.1299991607666,25.209999084472656,63058200
2005-03-07,17.661598205566406,25.469999313354492,25.790000915527344,25.15999984741211,25.170000076293945,80407400
2005-03-08,17.613059997558594,25.399999618530273,25.6200008392334,25.34000015258789,25.399999618530273,52871800
2005-03-09,17.550657272338867,25.309999465942383,25.56999969482422,25.280000686645508,25.389999389648438,62991800
2005-03-10,17.633867263793945,25.43000030517578,25.479999542236328,25.25,25.43000030517578,59132900
2005-03-11,17.398096084594727,25.09000015258789,25.479999542236328,25.059999465942383,25.450000762939453,60617900
2005-03-14,17.411970138549805,25.110000610351562,25.149999618530273,24.959999084472656,25.079999923706055,65550500
2005-03-15,17.273284912109375,24.90999984741211,25.239999771118164,24.889999389648438,25.100000381469727,71469400
2005-03-16,17.079124450683594,24.6299991607666,24.969999313354492,24.559999465942383,24.81999969482422,74841400
2005-03-17,17.01671600341797,24.540000915527344,24.68000030517578,24.530000686645508,24.639999389648438,60573200
2005-03-18,16.857219696044922,24.309999465942383,24.90999984741211,24.280000686645508,24.530000686645508,135904000
2005-03-21,16.780948638916016,24.200000762939453,24.360000610351562,24.149999618530273,24.350000381469727,71446200
2005-03-22,16.635318756103516,23.989999771118164,24.270000457763672,23.959999084472656,24.190000534057617,102113300
2005-03-23,16.76708221435547,24.18000030517578,24.389999389648438,23.959999084472656,23.989999771118164,79293300
2005-03-24,16.836423873901367,24.280000686645508,24.469999313354492,24.200000762939453,24.239999771118164,78820900
2005-03-28,16.780948638916016,24.200000762939453,24.469999313354492,24.18000030517578,24.399999618530273,49802000
2005-03-29,16.58678436279297,23.920000076293945,24.239999771118164,23.81999969482422,24.139999389648438,74231700
2005-03-30,16.753206253051758,24.15999984741211,24.190000534057617,24.0,24.040000915527344,59585700
2005-03-31,16.760133743286133,24.170000076293945,24.309999465942383,24.1200008392334,24.25,62382300
2005-04-01,16.725481033325195,24.1200008392334,24.350000381469727,24.100000381469727,24.239999771118164,64619600
2005-04-04,16.801746368408203,24.229999542236328,24.260000228881836,23.940000534057617,24.110000610351562,62196400
2005-04-05,16.968172073364258,24.469999313354492,24.5,24.1200008392334,24.219999313354492,73549600
2005-04-06,17.106863021850586,24.670000076293945,24.940000534057617,24.450000762939453,24.469999313354492,78020200
2005-04-07,17.405033111572266,25.100000381469727,25.1299991607666,24.6299991607666,24.65999984741211,77451500
2005-04-08,17.29407501220703,24.940000534057617,25.25,24.90999984741211,25.06999969482422,47956300
2005-04-11,17.31488037109375,24.969999313354492,25.110000610351562,24.860000610351562,25.030000686645508,47791800
2005-04-12,17.557580947875977,25.31999969482422,25.350000381469727,24.799999237060547,24.920000076293945,67517800
2005-04-13,17.363426208496094,25.040000915527344,25.450000762939453,24.989999771118164,25.229999542236328,60929300
2005-04-14,17.22474479675293,24.84000015258789,25.139999389648438,24.829999923706055,25.010000228881836,66754400
2005-04-15,16.96122932434082,24.459999084472656,24.899999618530273,24.40999984741211,24.579999923706055,100251600
2005-04-18,17.09297752380371,24.649999618530273,24.84000015258789,24.399999618530273,24.450000762939453,75766400
2005-04-19,17.079124450683594,24.6299991607666,24.799999237060547,24.450000762939453,24.709999084472656,65956200
2005-04-20,16.864158630371094,24.31999969482422,24.700000762939453,24.299999237060547,24.65999984741211,91923500
2005-04-21,17.529848098754883,25.280000686645508,25.389999389648438,24.469999313354492,24.479999542236328,93562300
2005-04-22,17.321826934814453,24.979999542236328,25.25,24.780000686645508,25.049999237060547,80087500
2005-04-25,17.328758239746094,24.989999771118164,25.280000686645508,24.860000610351562,25.06999969482422,75457900
2005-04-26,17.16925621032715,24.760000228881836,25.25,24.739999771118164,24.950000762939453,60464300
2005-04-27,17.328758239746094,24.989999771118164,25.149999618530273,24.6299991607666,24.65999984741211,47732800
2005-04-28,16.954307556152344,24.450000762939453,24.920000076293945,24.440000534057617,24.81999969482422,83623100
2005-04-29,17.543720245361328,25.299999237060547,25.299999237060547,24.790000915527344,24.8799991607666,98641200
2005-05-02,17.495176315307617,25.229999542236328,25.360000610351562,24.950000762939453,25.229999542236328,54376700
2005-05-03,17.5853214263916,25.360000610351562,25.399999618530273,25.09000015258789,25.1299991607666,67867800
2005-05-04,17.48130989074707,25.209999084472656,25.399999618530273,25.110000610351562,25.34000015258789,86864200
2005-05-05,17.495176315307617,25.229999542236328,25.329999923706055,25.079999923706055,25.200000762939453,59362300
2005-05-06,17.488239288330078,25.219999313354492,25.479999542236328,25.190000534057617,25.329999923706055,64322600
2005-05-09,17.411970138549805,25.110000610351562,25.329999923706055,25.049999237060547,25.229999542236328,61872400
2005-05-10,17.266342163085938,24.899999618530273,25.079999923706055,24.81999969482422,25.040000915527344,62235100
2005-05-11,17.273284912109375,24.90999984741211,24.969999313354492,24.639999389648438,24.889999389648438,59463300
2005-05-12,17.3356990814209,25.0,25.110000610351562,24.829999923706055,24.84000015258789,74540700
2005-05-13,17.543720245361328,25.299999237060547,25.3799991607666,24.989999771118164,25.030000686645508,77204300
2005-05-16,17.731531143188477,25.489999771118164,25.5,25.190000534057617,25.229999542236328,50577300
2005-05-17,17.710668563842773,25.459999084472656,25.5,25.25,25.309999465942383,39983200
2005-05-18,17.87761878967285,25.700000762939453,25.84000015258789,25.420000076293945,25.5,71182400
2005-05-19,18.030649185180664,25.920000076293945,26.049999237060547,25.700000762939453,25.75,52120800
2005-05-20,17.905447006225586,25.739999771118164,25.920000076293945,25.729999542236328,25.8799991607666,64444500
2005-05-23,17.981966018676758,25.850000381469727,26.06999969482422,25.739999771118164,25.739999771118164,75421100
2005-05-24,17.912405014038086,25.75,25.8799991607666,25.719999313354492,25.799999237060547,61287700
2005-05-25,17.88456916809082,25.709999084472656,25.770000457763672,25.5,25.68000030517578,35749000
2005-05-26,18.016738891601562,25.899999618530273,26.0,25.729999542236328,25.75,50579200
2005-05-27,18.1350040435791,26.06999969482422,26.09000015258789,25.809999465942383,25.829999923706055,54978000
2005-05-31,17.94718360900879,25.799999237060547,26.030000686645508,25.75,25.989999771118164,46131100
2005-06-01,17.95414161682129,25.809999465942383,26.0,25.610000610351562,25.729999542236328,54621000
2005-06-02,17.940221786499023,25.790000915527344,25.860000610351562,25.639999389648438,25.709999084472656,27212500
2005-06-03,17.689800262451172,25.43000030517578,25.809999465942383,25.34000015258789,25.700000762939453,79659500
2005-06-06,17.6480655670166,25.3700008392334,25.5,25.309999465942383,25.3799991607666,40756900
2005-06-07,17.74544906616211,25.510000228881836,25.829999923706055,25.309999465942383,25.329999923706055,54511400
2005-06-08,17.668930053710938,25.399999618530273,25.6200008392334,25.34000015258789,25.549999237060547,45369700
2005-06-09,17.74544906616211,25.510000228881836,25.610000610351562,25.350000381469727,25.399999618530273,52767900
2005-06-10,17.689800262451172,25.43000030517578,25.520000457763672,25.34000015258789,25.489999771118164,39459800
2005-06-13,17.606319427490234,25.309999465942383,25.489999771118164,25.260000228881836,25.360000610351562,49104100
2005-06-14,17.64109992980957,25.360000610351562,25.440000534057617,25.239999771118164,25.309999465942383,44243300
2005-06-15,17.57154083251953,25.260000228881836,25.40999984741211,25.110000610351562,25.399999618530273,50764800
2005-06-16,17.418508529663086,25.040000915527344,25.229999542236328,24.950000762939453,25.219999313354492,65918800
2005-06-17,17.418508529663086,25.040000915527344,25.290000915527344,24.920000076293945,25.270000457763672,90821300
2005-06-20,17.467199325561523,25.110000610351562,25.280000686645508,24.93000030517578,24.979999542236328,50538900
2005-06-21,17.495025634765625,25.149999618530273,25.190000534057617,25.040000915527344,25.079999923706055,81084000
2005-06-22,17.439367294311523,25.06999969482422,25.260000228881836,25.030000686645508,25.110000610351562,60492700
2005-06-23,17.606319427490234,25.309999465942383,25.6200008392334,25.149999618530273,25.170000076293945,105159800
2005-06-24,17.418508529663086,25.040000915527344,25.399999618530273,25.040000915527344,25.219999313354492,57970700
2005-06-27,17.425451278686523,25.049999237060547,25.25,25.030000686645508,25.06999969482422,61636200
2005-06-28,17.439367294311523,25.06999969482422,25.200000762939453,25.030000686645508,25.09000015258789,53058100
2005-06-29,17.453283309936523,25.09000015258789,25.31999969482422,25.0,25.219999313354492,55859900
2005-06-30,17.27937889099121,24.84000015258789,25.139999389648438,24.81999969482422,25.059999465942383,82018200
2005-07-01,17.18895149230957,24.709999084472656,24.989999771118164,24.670000076293945,24.850000381469727,69718400
2005-07-05,17.37676429748535,24.979999542236328,25.190000534057617,24.6200008392334,24.65999984741211,61883500
2005-07-06,17.18199348449707,24.700000762939453,25.079999923706055,24.690000534057617,24.969999313354492,64214600
2005-07-07,17.1472110748291,24.649999618530273,24.709999084472656,24.5,24.579999923706055,80082900
2005-07-08,17.453283309936523,25.09000015258789,25.1200008392334,24.6299991607666,24.639999389648438,56104000
2005-07-11,17.5924129486084,25.290000915527344,25.3799991607666,25.110000610351562,25.149999618530273,61525400
2005-07-12,17.81501579284668,25.610000610351562,25.6200008392334,25.200000762939453,25.239999771118164,63384800
2005-07-13,17.849794387817383,25.65999984741211,25.75,25.479999542236328,25.530000686645508,44749200
2005-07-14,18.06543731689453,25.969999313354492,26.100000381469727,25.790000915527344,25.790000915527344,69506800
2005-07-15,17.940221786499023,25.790000915527344,26.100000381469727,25.75,26.040000915527344,56472800
2005-07-18,17.773271560668945,25.549999237060547,25.790000915527344,25.549999237060547,25.709999084472656,39668000
2005-07-19,18.197603225708008,26.15999984741211,26.25,25.75,25.790000915527344,113290100
2005-07-20,18.21847152709961,26.190000534057617,26.229999542236328,25.8799991607666,26.0,71424800
2005-07-21,18.392379760742188,26.440000534057617,26.479999542236328,26.0,26.299999237060547,112932100
2005-07-22,17.863710403442383,25.68000030517578,26.34000015258789,25.6299991607666,25.989999771118164,97558900
2005-07-25,17.87065887451172,25.690000534057617,25.899999618530273,25.649999618530273,25.690000534057617,45174600
2005-07-26,17.766313552856445,25.540000915527344,25.739999771118164,25.530000686645508,25.719999313354492,51476400
2005-07-27,17.891529083251953,25.719999313354492,25.799999237060547,25.530000686645508,25.610000610351562,57977300
2005-07-28,17.912405014038086,25.75,25.850000381469727,25.65999984741211,25.75,44738700
2005-07-29,17.81501579284668,25.610000610351562,26.0,25.59000015258789,25.780000686645508,59524400
2005-08-01,18.030649185180664,25.920000076293945,26.049999237060547,25.760000228881836,25.809999465942383,61346800
2005-08-02,18.649768829345703,26.809999465942383,26.899999618530273,25.8700008392334,25.899999618530273,137510100
2005-08-03,18.955852508544922,27.25,27.43000030517578,26.729999542236328,26.760000228881836,139422400
2005-08-04,19.004526138305664,27.31999969482422,27.5,27.049999237060547,27.15999984741211,91461400
2005-08-05,19.31061553955078,27.760000228881836,27.940000534057617,27.25,27.290000915527344,82212400
2005-08-08,18.872365951538086,27.1299991607666,27.84000015258789,27.079999923706055,27.799999237060547,77207200
2005-08-09,19.025402069091797,27.350000381469727,27.510000228881836,27.010000228881836,27.219999313354492,64761800
2005-08-10,18.747142791748047,26.950000762939453,27.5,26.850000381469727,27.40999984741211,62818800
2005-08-11,18.969757080078125,27.270000457763672,27.299999237060547,26.889999389648438,26.979999542236328,48646800
2005-08-12,18.816713333129883,27.049999237060547,27.139999389648438,26.899999618530273,27.079999923706055,52006500
2005-08-15,18.928342819213867,27.1299991607666,27.299999237060547,26.690000534057617,26.979999542236328,45976600
2005-08-16,18.6562442779541,26.739999771118164,27.139999389648438,26.700000762939453,27.030000686645508,46894600
2005-08-17,18.80275535583496,26.950000762939453,27.149999618530273,26.65999984741211,26.81999969482422,52413100
2005-08-18,18.712060928344727,26.81999969482422,27.079999923706055,26.799999237060547,26.889999389648438,40861900
2005-08-19,18.642290115356445,26.719999313354492,26.90999984741211,26.700000762939453,26.850000381469727,36043500
2005-08-22,18.774845123291016,26.90999984741211,27.170000076293945,26.770000457763672,26.790000915527344,41691700
2005-08-23,18.7469482421875,26.8700008392334,27.06999969482422,26.739999771118164,26.84000015258789,48296700
2005-08-24,18.7050838470459,26.809999465942383,27.15999984741211,26.780000686645508,26.84000015258789,63645000
2005-08-25,18.85857391357422,27.030000686645508,27.09000015258789,26.850000381469727,26.899999618530273,39306300
2005-08-26,18.816713333129883,26.969999313354492,27.079999923706055,26.8700008392334,27.059999465942383,36774600
2005-08-29,18.942293167114258,27.149999618530273,27.229999542236328,26.809999465942383,26.809999465942383,52307700
2005-08-30,18.96323013305664,27.18000030517578,27.229999542236328,26.959999084472656,27.059999465942383,55163200
2005-08-31,19.102773666381836,27.3799991607666,27.440000534057617,27.040000915527344,27.170000076293945,65210200
2005-09-01,18.9771785736084,27.200000762939453,27.389999389648438,27.149999618530273,27.3799991607666,75974500
2005-09-02,18.851600646972656,27.020000457763672,27.270000457763672,26.969999313354492,27.209999084472656,52047500
2005-09-06,18.837642669677734,27.0,27.290000915527344,26.979999542236328,27.059999465942383,46089000
2005-09-07,18.73299217224121,26.850000381469727,27.110000610351562,26.81999969482422,26.940000534057617,44656100
2005-09-08,18.565542221069336,26.610000610351562,26.8799991607666,26.520000457763672,26.799999237060547,52552300
2005-09-09,18.54461097717285,26.579999923706055,26.81999969482422,26.530000686645508,26.6200008392334,41515800
2005-09-12,18.565542221069336,26.610000610351562,26.75,26.520000457763672,26.6200008392334,40550500
2005-09-13,18.47484588623047,26.479999542236328,26.760000228881836,26.3700008392334,26.540000915527344,63422900
2005-09-14,18.356233596801758,26.309999465942383,26.639999389648438,26.299999237060547,26.520000457763672,54969600
2005-09-15,18.32833480834961,26.270000457763672,26.43000030517578,26.219999313354492,26.3700008392334,60357200
2005-09-16,18.188793182373047,26.06999969482422,26.399999618530273,25.969999313354492,26.34000015258789,187384300
2005-09-19,18.13995361328125,26.0,26.270000457763672,25.860000610351562,26.09000015258789,61832300
2005-09-20,18.028329849243164,25.84000015258789,26.219999313354492,25.690000534057617,26.06999969482422,61043400
2005-09-21,17.784128189086914,25.489999771118164,25.899999618530273,25.43000030517578,25.799999237060547,68281800
2005-09-22,17.67948341369629,25.34000015258789,25.600000381469727,25.149999618530273,25.489999771118164,71314900
2005-09-23,17.63064193725586,25.270000457763672,25.540000915527344,25.1200008392334,25.309999465942383,66396800
2005-09-26,17.63064193725586,25.270000457763672,25.489999771118164,25.209999084472656,25.399999618530273,56203700
2005-09-27,17.67948341369629,25.34000015258789,25.450000762939453,25.299999237060547,25.3700008392334,48797900
2005-09-28,17.909717559814453,25.670000076293945,25.8700008392334,25.3799991607666,25.389999389648438,71019400
2005-09-29,18.098094940185547,25.940000534057617,26.0,25.5,25.610000610351562,66807100
2005-09-30,17.95157814025879,25.729999542236328,25.950000762939453,25.610000610351562,25.90999984741211,57644500
2005-10-03,17.791107177734375,25.5,25.729999542236328,25.440000534057617,25.709999084472656,55341300
2005-10-04,17.42830467224121,24.979999542236328,25.389999389648438,24.75,25.360000610351562,151666300
2005-10-05,17.21202278137207,24.670000076293945,25.049999237060547,24.670000076293945,25.040000915527344,73684700
2005-10-06,17.25388526916504,24.729999542236328,24.950000762939453,24.530000686645508,24.65999984741211,81724600
2005-10-07,17.156221389770508,24.59000015258789,24.84000015258789,24.520000457763672,24.770000457763672,50768700
2005-10-10,17.065505981445312,24.459999084472656,24.68000030517578,24.350000381469727,24.670000076293945,48880900
2005-10-11,17.03063201904297,24.40999984741211,24.549999237060547,24.25,24.510000228881836,76567300
2005-10-12,16.953874588012695,24.299999237060547,24.700000762939453,24.270000457763672,24.489999771118164,71294400
2005-10-13,17.156221389770508,24.59000015258789,24.729999542236328,24.270000457763672,24.309999465942383,70192000
2005-10-14,17.21202278137207,24.670000076293945,24.729999542236328,24.5,24.709999084472656,53846700
2005-10-17,17.11435317993164,24.530000686645508,24.690000534057617,24.440000534057617,24.68000030517578,46924400
2005-10-18,17.142261505126953,24.56999969482422,24.829999923706055,24.450000762939453,24.489999771118164,69328200
2005-10-19,17.50506019592285,25.09000015258789,25.09000015258789,24.5,24.559999465942383,66574500
2005-10-20,17.29575538635254,24.790000915527344,25.1299991607666,24.739999771118164,25.049999237060547,58830600
2005-10-21,17.28877067565918,24.780000686645508,25.0,24.56999969482422,24.90999984741211,69431200
2005-10-24,17.51203155517578,25.100000381469727,25.100000381469727,24.68000030517578,24.889999389648438,51868000
2005-10-25,17.463191986083984,25.030000686645508,25.1299991607666,24.829999923706055,24.950000762939453,41310500
2005-10-26,17.519010543823242,25.110000610351562,25.329999923706055,24.93000030517578,24.969999313354492,58178100
2005-10-27,17.33761215209961,24.850000381469727,25.270000457763672,24.850000381469727,25.219999313354492,61566100
2005-10-28,17.81204605102539,25.530000686645508,25.600000381469727,25.100000381469727,25.100000381469727,106559300
2005-10-31,17.930648803710938,25.700000762939453,25.799999237060547,25.5,25.610000610351562,75122100
2005-11-01,18.112041473388672,25.959999084472656,26.100000381469727,25.610000610351562,25.610000610351562,71370400
2005-11-02,18.460887908935547,26.459999084472656,26.5,25.93000030517578,25.93000030517578,75067100
2005-11-03,18.446935653686523,26.440000534057617,26.639999389648438,26.25,26.600000381469727,73421600
2005-11-04,18.600425720214844,26.65999984741211,26.709999084472656,26.450000762939453,26.530000686645508,57464000
2005-11-07,18.844621658325195,27.010000228881836,27.079999923706055,26.700000762939453,26.719999313354492,77104800
2005-11-08,18.872526168823242,27.049999237060547,27.18000030517578,26.770000457763672,26.940000534057617,60091700
2005-11-09,18.809734344482422,26.959999084472656,27.149999618530273,26.940000534057617,26.979999542236328,59562100
2005-11-10,18.90043830871582,27.09000015258789,27.149999618530273,26.639999389648438,26.940000534057617,73314800
2005-11-11,19.033000946044922,27.280000686645508,27.389999389648438,27.1299991607666,27.149999618530273,51945600
2005-11-14,19.095787048339844,27.3700008392334,27.440000534057617,27.200000762939453,27.360000610351562,67152200
2005-11-15,19.242733001708984,27.5,27.540000915527344,27.25,27.329999923706055,65081000
2005-11-16,19.410669326782227,27.739999771118164,27.8799991607666,27.440000534057617,27.479999542236328,86277000
2005-11-17,19.571611404418945,27.969999313354492,28.0,27.760000228881836,27.850000381469727,91351000
2005-11-18,19.641582489013672,28.06999969482422,28.25,27.899999618530273,28.1200008392334,75431200
2005-11-21,19.704559326171875,28.15999984741211,28.239999771118164,27.84000015258789,28.06999969482422,65794400
2005-11-22,19.529621124267578,27.90999984741211,28.079999923706055,27.860000610351562,28.059999465942383,104253300
2005-11-23,19.536623001098633,27.920000076293945,28.09000015258789,27.739999771118164,27.920000076293945,70541300
2005-11-25,19.42466163635254,27.760000228881836,27.940000534057617,27.469999313354492,27.799999237060547,44082500
2005-11-28,19.417665481567383,27.75,27.850000381469727,27.530000686645508,27.790000915527344,57517200
2005-11-29,19.368688583374023,27.68000030517578,27.790000915527344,27.600000381469727,27.790000915527344,62220400
2005-11-30,19.368688583374023,27.68000030517578,27.770000457763672,27.6299991607666,27.68000030517578,55904700
2005-12-01,19.515636444091797,27.889999389648438,28.100000381469727,27.729999542236328,27.729999542236328,61006100
2005-12-02,19.5996036529541,28.010000228881836,28.100000381469727,27.790000915527344,27.81999969482422,42319600
2005-12-05,19.487638473510742,27.850000381469727,28.020000457763672,27.709999084472656,27.93000030517578,47517300
2005-12-06,19.375682830810547,27.690000534057617,27.920000076293945,27.68000030517578,27.899999618530273,65980000
2005-12-07,19.417665481567383,27.75,27.75,27.549999237060547,27.670000076293945,55583200
2005-12-08,19.375682830810547,27.690000534057617,27.809999465942383,27.600000381469727,27.709999084472656,63931600
2005-12-09,19.389677047729492,27.709999084472656,27.829999923706055,27.639999389648438,27.709999084472656,48467000
2005-12-12,19.207746505737305,27.450000762939453,27.75,27.329999923706055,27.700000762939453,63757200
2005-12-13,18.983835220336914,27.1299991607666,27.43000030517578,27.0,27.290000915527344,104285500
2005-12-14,18.955848693847656,27.09000015258789,27.239999771118164,26.850000381469727,27.0,65076200
2005-12-15,18.83688735961914,26.920000076293945,27.110000610351562,26.809999465942383,27.079999923706055,79018100
2005-12-16,18.822895050048828,26.899999618530273,27.079999923706055,26.809999465942383,26.8799991607666,88542500
2005-12-19,18.77391242980957,26.829999923706055,26.8700008392334,26.649999618530273,26.81999969482422,68680100
2005-12-20,18.79490089416504,26.860000610351562,26.8799991607666,26.670000076293945,26.760000228881836,62960600
2005-12-21,18.70393943786621,26.729999542236328,26.90999984741211,26.709999084472656,26.8700008392334,75800900
2005-12-22,18.605976104736328,26.59000015258789,26.780000686645508,26.420000076293945,26.709999084472656,91276900
2005-12-23,18.64095687866211,26.639999389648438,26.670000076293945,26.440000534057617,26.520000457763672,30689200
2005-12-27,18.51500701904297,26.459999084472656,26.850000381469727,26.450000762939453,26.68000030517578,37819000
2005-12-28,18.466022491455078,26.389999389648438,26.65999984741211,26.350000381469727,26.510000228881836,35444400
2005-12-29,18.382055282592773,26.270000457763672,26.5,26.260000228881836,26.40999984741211,34495500
2005-12-30,18.298095703125,26.149999618530273,26.309999465942383,26.100000381469727,26.149999618530273,49044600
2006-01-03,18.78091049194336,26.84000015258789,27.0,26.100000381469727,26.25,79973000
2006-01-04,18.871870040893555,26.969999313354492,27.079999923706055,26.770000457763672,26.770000457763672,57975600
2006-01-05,18.885868072509766,26.989999771118164,27.1299991607666,26.90999984741211,26.959999084472656,48245500
2006-01-06,18.829893112182617,26.90999984741211,27.0,26.489999771118164,26.889999389648438,100963000
2006-01-09,18.79490089416504,26.860000610351562,27.06999969482422,26.760000228881836,26.93000030517578,55625000
2006-01-10,18.892868041992188,27.0,27.020000457763672,26.59000015258789,26.649999618530273,64921900
2006-01-11,19.095787048339844,27.290000915527344,27.389999389648438,26.899999618530273,27.010000228881836,70120700
2006-01-12,18.990819931030273,27.139999389648438,27.260000228881836,26.969999313354492,27.25,45994800
2006-01-13,19.02581787109375,27.190000534057617,27.25,27.010000228881836,27.030000686645508,41418000
2006-01-17,18.885868072509766,26.989999771118164,27.190000534057617,26.899999618530273,26.899999618530273,58566600
2006-01-18,18.77391242980957,26.829999923706055,26.979999542236328,26.700000762939453,26.739999771118164,52376200
2006-01-19,18.906864166259766,27.020000457763672,27.239999771118164,26.850000381469727,26.8700008392334,60367600
2006-01-20,18.480018615722656,26.40999984741211,27.010000228881836,26.260000228881836,27.010000228881836,79165900
2006-01-23,18.438037872314453,26.350000381469727,26.530000686645508,26.299999237060547,26.40999984741211,47925600
2006-01-24,18.389053344726562,26.280000686645508,26.450000762939453,26.219999313354492,26.34000015258789,63040700
2006-01-25,18.4730224609375,26.399999618530273,26.56999969482422,26.229999542236328,26.40999984741211,59072100
2006-01-26,18.542997360229492,26.5,26.719999313354492,26.309999465942383,26.559999465942383,69509300
2006-01-27,19.445667266845703,27.790000915527344,27.950000762939453,27.190000534057617,27.229999542236328,134520700
2006-01-30,19.592601776123047,28.0,28.18000030517578,27.780000686645508,27.81999969482422,103999200
2006-01-31,19.697568893432617,28.149999618530273,28.3799991607666,27.8700008392334,27.90999984741211,94841300
2006-02-01,19.620590209960938,28.040000915527344,28.06999969482422,27.760000228881836,27.959999084472656,68448800
2006-02-02,19.368688583374023,27.68000030517578,27.989999771118164,27.549999237060547,27.969999313354492,55073400
2006-02-03,19.270721435546875,27.540000915527344,27.700000762939453,27.34000015258789,27.479999542236328,75022700
2006-02-06,19.011823654174805,27.170000076293945,27.540000915527344,27.09000015258789,27.510000228881836,60170500
2006-02-07,18.850881576538086,26.940000534057617,27.149999618530273,26.809999465942383,26.950000762939453,72159500
2006-02-08,18.829893112182617,26.90999984741211,27.079999923706055,26.709999084472656,27.010000228881836,51795200
2006-02-09,18.65496063232422,26.65999984741211,27.030000686645508,26.649999618530273,26.959999084472656,52861700
2006-02-10,18.675949096679688,26.690000534057617,26.889999389648438,26.510000228881836,26.6200008392334,52127000
2006-02-13,18.466022491455078,26.389999389648438,26.700000762939453,26.34000015258789,26.6299991607666,46707000
2006-02-14,18.647958755493164,26.649999618530273,26.68000030517578,26.350000381469727,26.40999984741211,58432900
2006-02-15,18.87262725830078,26.8799991607666,26.93000030517578,26.5,26.600000381469727,62808900
2006-02-16,18.823486328125,26.809999465942383,26.899999618530273,26.56999969482422,26.850000381469727,48868500
2006-02-17,18.746252059936523,26.700000762939453,26.809999465942383,26.559999465942383,26.670000076293945,41513200
2006-02-21,18.63392448425293,26.540000915527344,26.719999313354492,26.34000015258789,26.719999313354492,50216100
2006-02-22,18.760295867919922,26.719999313354492,26.860000610351562,26.469999313354492,26.530000686645508,43043100
2006-02-23,18.718177795410156,26.65999984741211,26.889999389648438,26.540000915527344,26.729999542236328,47359100
2006-02-24,18.69710922241211,26.6299991607666,26.739999771118164,26.520000457763672,26.59000015258789,44753800
2006-02-27,18.991989135742188,27.049999237060547,27.260000228881836,26.670000076293945,26.75,51301500
2006-02-28,18.865615844726562,26.8700008392334,27.299999237060547,26.8700008392334,26.950000762939453,65036100
2006-03-01,19.0551815032959,27.139999389648438,27.200000762939453,26.950000762939453,26.979999542236328,53061200
2006-03-02,18.935819625854492,26.969999313354492,27.100000381469727,26.899999618530273,27.020000457763672,41850300
2006-03-03,18.90774154663086,26.93000030517578,27.15999984741211,26.739999771118164,26.809999465942383,45218800
2006-03-06,18.893695831298828,26.90999984741211,27.149999618530273,26.829999923706055,26.920000076293945,53054100
2006-03-07,18.99901580810547,27.059999465942383,27.100000381469727,26.809999465942383,26.899999618530273,51613900
2006-03-08,19.13240623474121,27.25,27.5,26.969999313354492,26.989999771118164,57547400
2006-03-09,18.956893920898438,27.0,27.420000076293945,27.0,27.270000457763672,45360700
2006-03-10,19.07623863220215,27.170000076293945,27.219999313354492,26.8799991607666,27.059999465942383,41297200
2006-03-13,19.03412628173828,27.110000610351562,27.290000915527344,26.940000534057617,27.18000030517578,40342600
2006-03-14,19.118371963500977,27.229999542236328,27.3799991607666,26.989999771118164,27.040000915527344,39821800
2006-03-15,19.209651947021484,27.360000610351562,27.450000762939453,27.010000228881836,27.200000762939453,57152000
2006-03-16,19.146459579467773,27.270000457763672,27.479999542236328,27.219999313354492,27.34000015258789,73793700
2006-03-17,19.30794334411621,27.5,27.65999984741211,27.270000457763672,27.350000381469727,120615000
2006-03-20,19.581762313842773,27.889999389648438,27.989999771118164,27.670000076293945,27.700000762939453,67094100
2006-03-21,19.476442337036133,27.739999771118164,28.219999313354492,27.68000030517578,27.739999771118164,73199600
2006-03-22,19.06220054626465,27.149999618530273,27.5,26.799999237060547,27.079999923706055,145696100
2006-03-23,18.851566314697266,26.850000381469727,27.100000381469727,26.65999984741211,27.079999923706055,73682900
2006-03-24,18.963909149169922,27.010000228881836,27.209999084472656,26.6200008392334,26.709999084472656,69157600
2006-03-27,18.963909149169922,27.010000228881836,27.299999237060547,27.0,27.010000228881836,59908600
2006-03-28,18.886682510375977,26.899999618530273,27.209999084472656,26.809999465942383,27.010000228881836,58520500
2006-03-29,18.970932006835938,27.020000457763672,27.200000762939453,26.920000076293945,26.950000762939453,53150300
2006-03-30,19.118371963500977,27.229999542236328,27.389999389648438,27.0,27.030000686645508,54612000
2006-03-31,19.104328155517578,27.209999084472656,27.540000915527344,27.209999084472656,27.299999237060547,62190500
2006-04-03,19.35006332397461,27.559999465942383,27.729999542236328,27.440000534057617,27.670000076293945,57605300
2006-04-04,19.406240463256836,27.639999389648438,27.799999237060547,27.469999313354492,27.600000381469727,45470000
2006-04-05,19.476442337036133,27.739999771118164,27.940000534057617,27.639999389648438,27.8799991607666,41539300
2006-04-06,19.35006332397461,27.559999465942383,27.719999313354492,27.3700008392334,27.65999984741211,51885500
2006-04-07,19.13240623474121,27.25,27.719999313354492,27.229999542236328,27.610000610351562,47249400
2006-04-10,19.160493850708008,27.290000915527344,27.440000534057617,27.200000762939453,27.229999542236328,39432000
2006-04-11,19.048158645629883,27.1299991607666,27.31999969482422,27.0,27.290000915527344,42953400
2006-04-12,19.097307205200195,27.200000762939453,27.200000762939453,26.969999313354492,27.100000381469727,32183000
2006-04-13,19.006032943725586,27.06999969482422,27.200000762939453,27.0,27.079999923706055,28160000
2006-04-17,18.84454917907715,26.84000015258789,27.049999237060547,26.729999542236328,27.030000686645508,35796200
2006-04-18,19.11134147644043,27.219999313354492,27.5,26.81999969482422,26.940000534057617,56272700
2006-04-19,18.977949142456055,27.030000686645508,27.190000534057617,26.959999084472656,27.110000610351562,45111100
2006-04-20,18.977949142456055,27.030000686645508,27.190000534057617,26.700000762939453,27.049999237060547,45648300
2006-04-21,19.06220054626465,27.149999618530273,27.389999389648438,27.0,27.049999237060547,58528000
2006-04-24,19.03412628173828,27.110000610351562,27.25,26.979999542236328,27.06999969482422,42318400
2006-04-25,19.03412628173828,27.110000610351562,27.209999084472656,27.020000457763672,27.09000015258789,49222500
2006-04-26,19.0270938873291,27.100000381469727,27.229999542236328,27.0,27.079999923706055,39190000
2006-04-27,19.13240623474121,27.25,27.6299991607666,26.940000534057617,26.969999313354492,96509600
2006-04-28,16.955875396728516,24.149999618530273,24.5,24.0,24.229999542236328,591052200
2006-05-01,17.054183959960938,24.290000915527344,25.0,24.09000015258789,24.31999969482422,174800900
2006-05-02,16.857589721679688,24.010000228881836,25.0,23.899999618530273,24.489999771118164,190533500
2006-05-03,16.2678165435791,23.170000076293945,24.020000457763672,23.149999618530273,23.989999771118164,211527100
2006-05-04,16.45738983154297,23.440000534057617,23.670000076293945,23.139999389648438,23.350000381469727,171257400
2006-05-05,16.710140228271484,23.799999237060547,23.950000762939453,23.520000457763672,23.65999984741211,131604300
2006-05-08,16.66098403930664,23.729999542236328,25.0,23.510000228881836,23.850000381469727,80693500
2006-05-09,16.58377456665039,23.6200008392334,24.0,23.489999771118164,23.75,75345900
2006-05-10,16.689085006713867,23.770000457763672,23.790000915527344,23.59000015258789,23.670000076293945,76563300
2006-05-11,16.302921295166016,23.219999313354492,23.790000915527344,23.149999618530273,23.709999084472656,92916700
2006-05-12,16.2678165435791,23.170000076293945,23.3700008392334,23.049999237060547,23.139999389648438,83115900
2006-05-15,16.317148208618164,23.149999618530273,23.229999542236328,23.030000686645508,23.100000381469727,67314800
2006-05-16,16.21847152709961,23.010000228881836,24.0,22.90999984741211,23.15999984741211,82095100
2006-05-17,16.0211181640625,22.729999542236328,23.079999923706055,22.729999542236328,22.889999389648438,98598300
2006-05-18,16.091609954833984,22.829999923706055,23.139999389648438,22.760000228881836,22.84000015258789,95476400
2006-05-19,15.901302337646484,22.559999465942383,22.899999618530273,22.520000457763672,22.790000915527344,100071200
2006-05-22,16.12684440612793,22.8799991607666,23.020000457763672,22.450000762939453,22.479999542236328,87322300
2006-05-23,16.063419342041016,22.790000915527344,23.3799991607666,22.770000457763672,23.110000610351562,79986300
2006-05-24,16.563852310180664,23.5,23.540000915527344,22.979999542236328,22.989999771118164,107356700
2006-05-25,16.733015060424805,23.739999771118164,23.920000076293945,23.540000915527344,23.56999969482422,83052700
2006-05-26,16.71892547607422,23.719999313354492,23.8799991607666,23.559999465942383,23.770000457763672,46861600
2006-05-30,16.317148208618164,23.149999618530273,23.760000228881836,23.139999389648438,23.549999237060547,52497500
2006-05-31,15.964728355407715,22.649999618530273,23.350000381469727,22.649999618530273,23.260000228881836,120202000
2006-06-01,16.084558486938477,22.81999969482422,22.84000015258789,22.6200008392334,22.739999771118164,80230800
2006-06-02,16.042264938354492,22.760000228881836,22.989999771118164,22.670000076293945,22.8700008392334,73935600
2006-06-05,15.859010696411133,22.5,22.729999542236328,22.489999771118164,22.719999313354492,63914100
2006-06-06,15.598217964172363,22.1299991607666,22.559999465942383,21.979999542236328,22.549999237060547,126601300
2006-06-07,15.534777641296387,22.040000915527344,22.389999389648438,22.010000228881836,22.149999618530273,73827500
2006-06-08,15.584121704101562,22.110000610351562,22.209999084472656,21.969999313354492,22.030000686645508,104126900
2006-06-09,15.45019245147705,21.920000076293945,22.190000534057617,21.889999389648438,22.149999618530273,52573800
2006-06-12,15.302175521850586,21.709999084472656,22.100000381469727,21.700000762939453,21.959999084472656,74309700
2006-06-13,15.161211013793945,21.510000228881836,22.030000686645508,21.459999084472656,21.729999542236328,113175300
2006-06-14,15.4219970703125,21.8799991607666,21.940000534057617,21.549999237060547,21.59000015258789,86081500
2006-06-15,15.555925369262695,22.06999969482422,22.1299991607666,21.799999237060547,22.010000228881836,121577300
2006-06-16,15.577073097229004,22.100000381469727,22.280000686645508,21.790000915527344,21.969999313354492,147506500
2006-06-19,15.89425277709961,22.549999237060547,22.600000381469727,22.1200008392334,22.139999389648438,129640900
2006-06-20,15.901302337646484,22.559999465942383,22.760000228881836,22.5,22.540000915527344,90598500
2006-06-21,16.267822265625,23.079999923706055,23.149999618530273,22.530000686645508,22.610000610351562,91660300
2006-06-22,16.12684440612793,22.8799991607666,23.170000076293945,22.780000686645508,23.059999465942383,76590600
2006-06-23,15.859010696411133,22.5,22.8700008392334,22.5,22.850000381469727,60532600
2006-06-26,16.084558486938477,22.81999969482422,22.889999389648438,22.6299991607666,22.649999618530273,53644100
2006-06-27,16.112756729125977,22.860000610351562,23.15999984741211,22.84000015258789,22.889999389648438,84759100
2006-06-28,16.324207305908203,23.15999984741211,23.25,22.90999984741211,22.959999084472656,71906500
2006-06-29,16.542707443237305,23.469999313354492,23.6299991607666,23.219999313354492,23.31999969482422,121395500
2006-06-30,16.42288589477539,23.299999237060547,23.649999618530273,23.299999237060547,23.540000915527344,73048800
2006-07-03,16.70482635498047,23.700000762939453,23.719999313354492,23.450000762939453,23.530000686645508,25711400
2006-07-05,16.45812225341797,23.350000381469727,23.520000457763672,23.299999237060547,23.479999542236328,53093500
2006-07-06,16.54975128173828,23.479999542236328,23.610000610351562,23.420000076293945,23.450000762939453,44775200
2006-07-07,16.42288589477539,23.299999237060547,23.549999237060547,23.299999237060547,23.389999389648438,63168800
2006-07-10,16.563852310180664,23.5,23.65999984741211,23.3799991607666,23.43000030517578,50565100
2006-07-11,16.28191566467285,23.100000381469727,23.3700008392334,22.739999771118164,23.3700008392334,88676300
2006-07-12,15.957681655883789,22.639999389648438,22.8799991607666,22.6200008392334,22.790000915527344,77379300
2006-07-13,15.68984603881836,22.260000228881836,22.610000610351562,22.25,22.3700008392334,73099500
2006-07-14,15.710984230041504,22.290000915527344,22.549999237060547,22.229999542236328,22.280000686645508,67499400
2006-07-17,15.844907760620117,22.479999542236328,22.610000610351562,22.260000228881836,22.290000915527344,37053500
2006-07-18,16.028160095214844,22.739999771118164,22.760000228881836,22.479999542236328,22.59000015258789,65047300
2006-07-19,16.493364334106445,23.399999618530273,23.459999084472656,22.719999313354492,22.81999969482422,82188200
2006-07-20,16.105701446533203,22.850000381469727,23.450000762939453,22.780000686645508,23.440000534057617,76605200
2006-07-21,16.824636459350586,23.8700008392334,24.149999618530273,23.0,24.079999923706055,175483800
2006-07-24,16.9162654876709,24.0,24.110000610351562,23.790000915527344,24.010000228881836,59586700
2006-07-25,17.07134437561035,24.219999313354492,24.290000915527344,23.899999618530273,24.0,60075800
2006-07-26,17.177066802978516,24.3700008392334,24.530000686645508,24.100000381469727,24.1200008392334,54942100
2006-07-27,16.824636459350586,23.8700008392334,24.600000381469727,23.770000457763672,24.579999923706055,85386800
2006-07-28,17.092479705810547,24.25,24.280000686645508,24.059999465942383,24.079999923706055,51705800
2006-07-31,16.958566665649414,24.059999465942383,24.420000076293945,24.010000228881836,24.06999969482422,40254400
2006-08-01,16.909229278564453,23.989999771118164,24.200000762939453,23.850000381469727,24.020000457763672,49168700
2006-08-02,17.127731323242188,24.299999237060547,24.399999618530273,24.030000686645508,24.1200008392334,46462000
2006-08-03,17.06429100036621,24.209999084472656,24.479999542236328,24.149999618530273,24.190000534057617,43155300
2006-08-04,17.120683670043945,24.290000915527344,24.489999771118164,24.149999618530273,24.399999618530273,45690400
2006-08-07,17.07134437561035,24.219999313354492,24.479999542236328,24.190000534057617,24.280000686645508,36862400
2006-08-08,17.155921936035156,24.34000015258789,24.520000457763672,24.200000762939453,24.389999389648438,58171300
2006-08-09,17.226402282714844,24.440000534057617,24.639999389648438,24.34000015258789,24.489999771118164,44405700
2006-08-10,17.24050521850586,24.459999084472656,24.600000381469727,24.34000015258789,24.3700008392334,31753400
2006-08-11,17.219362258911133,24.43000030517578,24.450000762939453,24.200000762939453,24.43000030517578,30255500
2006-08-14,17.289844512939453,24.530000686645508,24.600000381469727,24.350000381469727,24.520000457763672,47831900
2006-08-15,17.417186737060547,24.6200008392334,24.649999618530273,24.440000534057617,24.549999237060547,48994500
2006-08-16,17.473777770996094,24.700000762939453,24.729999542236328,24.469999313354492,24.610000610351562,52373600
2006-08-17,17.473777770996094,24.700000762939453,24.75,24.610000610351562,24.700000762939453,45674800
2006-08-18,18.244882583618164,25.790000915527344,25.799999237060547,24.979999542236328,25.049999237060547,128414800
2006-08-21,18.47834587097168,26.1200008392334,26.1299991607666,25.559999465942383,25.65999984741211,88398300
2006-08-22,18.124624252319336,25.6200008392334,26.25,25.6200008392334,26.010000228881836,89312400
2006-08-23,18.15999412536621,25.670000076293945,25.950000762939453,25.520000457763672,25.649999618530273,44648500
2006-08-24,18.20951271057129,25.739999771118164,25.860000610351562,25.5,25.81999969482422,35933300
2006-08-25,18.287336349487305,25.850000381469727,26.0,25.690000534057617,25.709999084472656,33115900
2006-08-28,18.35807228088379,25.950000762939453,26.0,25.690000534057617,25.84000015258789,34190900
2006-08-29,18.280254364013672,25.84000015258789,25.979999542236328,25.6299991607666,25.920000076293945,42711200
2006-08-30,18.2519588470459,25.799999237060547,25.889999389648438,25.639999389648438,25.850000381469727,30283100
2006-08-31,18.181215286254883,25.700000762939453,25.979999542236328,25.68000030517578,25.8700008392334,26380500
2006-09-01,18.280254364013672,25.84000015258789,25.969999313354492,25.639999389648438,25.889999389648438,31594600
2006-09-05,18.117549896240234,25.610000610351562,25.959999084472656,25.559999465942383,25.690000534057617,44222400
2006-09-06,18.117549896240234,25.610000610351562,25.719999313354492,25.510000228881836,25.510000228881836,50160400
2006-09-07,17.99020767211914,25.43000030517578,25.700000762939453,25.389999389648438,25.479999542236328,51266900
2006-09-08,18.110477447509766,25.600000381469727,25.790000915527344,25.459999084472656,25.530000686645508,36866800
2006-09-11,18.32977867126465,25.90999984741211,25.950000762939453,25.420000076293945,25.43000030517578,55608200
2006-09-12,18.34392738342285,25.93000030517578,25.979999542236328,25.719999313354492,25.899999618530273,52248800
2006-09-13,18.379295349121094,25.979999542236328,26.100000381469727,25.81999969482422,25.81999969482422,37706700
2006-09-14,18.626907348632812,26.329999923706055,26.5,25.979999542236328,25.989999771118164,74324500
2006-09-15,18.99477195739746,26.850000381469727,26.940000534057617,26.489999771118164,26.579999923706055,126057700
2006-09-18,18.95232391357422,26.790000915527344,27.040000915527344,26.670000076293945,26.739999771118164,49135000
2006-09-19,19.00184440612793,26.860000610351562,26.940000534057617,26.719999313354492,26.739999771118164,43039100
2006-09-20,19.22822380065918,27.18000030517578,27.229999542236328,26.989999771118164,27.010000228881836,71676400
2006-09-21,19.0301456451416,26.899999618530273,27.25,26.850000381469727,27.239999771118164,58495100
2006-09-22,18.860363006591797,26.65999984741211,26.850000381469727,26.479999542236328,26.829999923706055,47712500
2006-09-25,19.06551742553711,26.950000762939453,27.190000534057617,26.790000915527344,26.809999465942383,67903900
2006-09-26,19.242372512817383,27.200000762939453,27.31999969482422,26.8799991607666,26.90999984741211,54766500
2006-09-27,19.412160873413086,27.440000534057617,27.469999313354492,27.1200008392334,27.18000030517578,66233900
2006-09-28,19.38387107849121,27.399999618530273,27.520000457763672,27.260000228881836,27.469999313354492,44179700
2006-09-29,19.348495483398438,27.350000381469727,27.420000076293945,27.209999084472656,27.350000381469727,34283500
2006-10-02,19.355567932128906,27.360000610351562,27.489999771118164,27.149999618530273,27.31999969482422,52908100
2006-10-03,19.362642288208008,27.3700008392334,27.479999542236328,27.209999084472656,27.3700008392334,39386200
2006-10-04,19.765884399414062,27.940000534057617,27.959999084472656,27.3700008392334,27.389999389648438,82191200
2006-10-05,19.75174331665039,27.920000076293945,28.110000610351562,27.780000686645508,27.920000076293945,81967200
2006-10-06,19.71636199951172,27.8700008392334,28.0,27.649999618530273,27.760000228881836,36452200
2006-10-09,19.610252380371094,27.719999313354492,27.93000030517578,27.6200008392334,27.799999237060547,33366300
2006-10-10,19.589017868041992,27.690000534057617,27.75,27.440000534057617,27.690000534057617,34598500
2006-10-11,19.482900619506836,27.540000915527344,27.670000076293945,27.420000076293945,27.459999084472656,37219600
2006-10-12,19.963972091674805,28.219999313354492,28.290000915527344,27.540000915527344,27.579999923706055,120174900
2006-10-13,20.07007598876953,28.3700008392334,28.690000534057617,28.309999465942383,28.34000015258789,129751900
2006-10-16,20.126678466796875,28.450000762939453,28.600000381469727,28.329999923706055,28.479999542236328,49744800
2006-10-17,20.119604110717773,28.440000534057617,28.510000228881836,28.170000076293945,28.239999771118164,40122600
2006-10-18,20.176198959350586,28.520000457763672,28.700000762939453,28.260000228881836,28.5,40630800
2006-10-19,20.01348876953125,28.290000915527344,28.450000762939453,28.1200008392334,28.350000381469727,44730800
2006-10-20,20.112529754638672,28.43000030517578,28.489999771118164,28.170000076293945,28.479999542236328,48887800
2006-10-23,20.126678466796875,28.450000762939453,28.690000534057617,28.18000030517578,28.299999237060547,48525000
2006-10-24,20.006406784057617,28.280000686645508,28.43000030517578,28.1299991607666,28.43000030517578,61409600
2006-10-25,20.027637481689453,28.309999465942383,28.459999084472656,28.139999389648438,28.280000686645508,40717100
2006-10-26,20.055938720703125,28.350000381469727,28.40999984741211,28.040000915527344,28.329999923706055,69964200
2006-10-27,20.04886245727539,28.34000015258789,28.790000915527344,28.25,28.489999771118164,89060100
2006-10-30,20.183273315429688,28.530000686645508,28.84000015258789,28.31999969482422,28.350000381469727,47296800
2006-10-31,20.31061363220215,28.709999084472656,28.850000381469727,28.559999465942383,28.65999984741211,61861700
2006-11-01,20.381357192993164,28.809999465942383,28.989999771118164,28.700000762939453,28.780000686645508,75895900
2006-11-02,20.353063583374023,28.770000457763672,28.860000610351562,28.579999923706055,28.709999084472656,58674400
2006-11-03,20.32476806640625,28.729999542236328,28.93000030517578,28.610000610351562,28.850000381469727,41124500
2006-11-06,20.402572631835938,28.84000015258789,29.049999237060547,28.760000228881836,28.770000457763672,60446200
2006-11-07,20.480390548706055,28.950000762939453,29.06999969482422,28.799999237060547,28.860000610351562,56511200
2006-11-08,20.501623153686523,28.979999542236328,29.229999542236328,28.65999984741211,28.780000686645508,77403300
2006-11-09,20.699703216552734,29.260000228881836,29.399999618530273,29.0,29.110000610351562,89407500
2006-11-10,20.685556411743164,29.239999771118164,29.290000915527344,29.149999618530273,29.170000076293945,37855100
2006-11-13,20.763376235961914,29.350000381469727,29.459999084472656,29.15999984741211,29.190000534057617,47271800
2006-11-14,20.74918556213379,29.229999542236328,29.420000076293945,29.06999969482422,29.280000686645508,63012500
2006-11-15,20.67109489440918,29.1200008392334,29.360000610351562,29.110000610351562,29.1299991607666,63943200
2006-11-16,20.919544219970703,29.469999313354492,29.639999389648438,29.1299991607666,29.139999389648438,64328500
2006-11-17,20.869850158691406,29.399999618530273,29.540000915527344,29.280000686645508,29.309999465942383,49356700
2006-11-20,21.21768569946289,29.889999389648438,30.0,29.5,29.520000457763672,85703800
2006-11-21,21.238983154296875,29.920000076293945,30.0,29.790000915527344,29.90999984741211,66446600
2006-11-22,21.238983154296875,29.920000076293945,30.0,29.81999969482422,29.969999313354492,43907200
2006-11-24,21.125410079956055,29.760000228881836,29.84000015258789,29.639999389648438,29.65999984741211,20456700
2006-11-27,20.926645278930664,29.479999542236328,29.739999771118164,29.329999923706055,29.690000534057617,72722100
2006-11-28,20.86275863647461,29.389999389648438,29.420000076293945,29.1299991607666,29.34000015258789,52602300
2006-11-29,20.990516662597656,29.56999969482422,29.780000686645508,29.43000030517578,29.440000534057617,58775100
2006-11-30,20.841459274291992,29.360000610351562,29.56999969482422,29.329999923706055,29.420000076293945,53297400
2006-12-01,20.67109489440918,29.1200008392334,29.299999237060547,28.899999618530273,29.229999542236328,72257000
2006-12-04,20.82016944885254,29.329999923706055,29.520000457763672,29.170000076293945,29.229999542236328,55123400
2006-12-05,20.67818260192871,29.1299991607666,29.399999618530273,29.030000686645508,29.360000610351562,45606000
2006-12-06,20.578813552856445,28.989999771118164,29.1299991607666,28.8700008392334,29.100000381469727,48564100
2006-12-07,20.47943687438965,28.850000381469727,29.06999969482422,28.809999465942383,28.959999084472656,46831100
2006-12-08,20.869850158691406,29.399999618530273,29.399999618530273,28.799999237060547,28.81999969482422,108854900
2006-12-11,20.969236373901367,29.540000915527344,29.75,29.110000610351562,29.190000534057617,107712000
2006-12-12,20.891145706176758,29.43000030517578,29.6299991607666,29.219999313354492,29.559999465942383,68529400
2006-12-13,20.976329803466797,29.549999237060547,29.600000381469727,29.31999969482422,29.600000381469727,46002500
2006-12-14,21.345462799072266,30.06999969482422,30.079999923706055,29.520000457763672,29.540000915527344,85866500
2006-12-15,21.430641174316406,30.190000534057617,30.229999542236328,30.030000686645508,30.139999389648438,102783700
2006-12-18,21.21768569946289,29.889999389648438,30.260000228881836,29.780000686645508,30.190000534057617,56986800
2006-12-19,21.288667678833008,29.989999771118164,30.170000076293945,29.530000686645508,29.709999084472656,53822100
2006-12-20,21.359649658203125,30.09000015258789,30.239999771118164,29.969999313354492,29.989999771118164,31202100
2006-12-21,21.281572341918945,29.979999542236328,30.139999389648438,29.889999389648438,30.1299991607666,32270500
2006-12-22,21.04021453857422,29.639999389648438,29.860000610351562,29.6200008392334,29.829999923706055,37971700
2006-12-26,21.288667678833008,29.989999771118164,30.0,29.399999618530273,29.530000686645508,37098300
2006-12-27,21.309959411621094,30.020000457763672,30.1299991607666,29.90999984741211,29.989999771118164,31248400
2006-12-28,21.281572341918945,29.979999542236328,30.030000686645508,29.809999465942383,29.860000610351562,26690600
2006-12-29,21.19638442993164,29.860000610351562,30.149999618530273,29.829999923706055,29.860000610351562,41739800
2007-01-03,21.19638442993164,29.860000610351562,30.25,29.399999618530273,29.90999984741211,76935100
2007-01-04,21.160886764526367,29.809999465942383,29.969999313354492,29.440000534057617,29.700000762939453,45774500
2007-01-05,21.04021453857422,29.639999389648438,29.75,29.450000762939453,29.6299991607666,44607200
2007-01-08,21.246082305908203,29.93000030517578,30.100000381469727,29.530000686645508,29.649999618530273,50220200
2007-01-09,21.267372131347656,29.959999084472656,30.18000030517578,29.729999542236328,30.0,44636600
2007-01-10,21.05441665649414,29.65999984741211,29.889999389648438,29.43000030517578,29.799999237060547,55017400
2007-01-11,21.79266929626465,30.700000762939453,30.75,29.649999618530273,29.760000228881836,99464300
2007-01-12,22.154705047607422,31.209999084472656,31.389999389648438,30.639999389648438,30.649999618530273,103972500
2007-01-16,22.119199752807617,31.15999984741211,31.450000762939453,31.030000686645508,31.260000228881836,62379600
2007-01-17,22.076616287231445,31.100000381469727,31.440000534057617,31.010000228881836,31.260000228881836,58519600
2007-01-18,22.005624771118164,31.0,31.3700008392334,30.799999237060547,31.149999618530273,56364300
2007-01-19,22.083717346191406,31.110000610351562,31.110000610351562,30.690000534057617,30.729999542236328,75826900
2007-01-22,21.806873321533203,30.719999313354492,31.1200008392334,30.510000228881836,31.059999465942383,56143900
2007-01-23,21.821067810058594,30.739999771118164,30.959999084472656,30.520000457763672,30.6299991607666,49171200
2007-01-24,22.06951141357422,31.09000015258789,31.299999237060547,30.649999618530273,30.780000686645508,58527800
2007-01-25,21.615205764770508,30.450000762939453,31.479999542236328,30.450000762939453,31.079999923706055,97378700
2007-01-26,21.721677780151367,30.600000381469727,31.229999542236328,30.600000381469727,31.219999313354492,96103700
2007-01-29,21.67198944091797,30.530000686645508,30.780000686645508,30.34000015258789,30.649999618530273,57605900
2007-01-30,21.636497497558594,30.479999542236328,30.639999389648438,30.139999389648438,30.56999969482422,61900400
2007-01-31,21.906240463256836,30.860000610351562,31.100000381469727,30.350000381469727,30.40999984741211,73968400
2007-02-01,21.69328498840332,30.559999465942383,30.940000534057617,30.3700008392334,30.84000015258789,55355800
2007-02-02,21.430641174316406,30.190000534057617,30.84000015258789,30.1299991607666,30.81999969482422,60401700
2007-02-05,21.01892852783203,29.610000610351562,30.020000457763672,29.40999984741211,29.969999313354492,99102100
2007-02-06,20.947940826416016,29.510000228881836,29.75,29.219999313354492,29.59000015258789,79281100
2007-02-07,20.84855079650879,29.3700008392334,29.700000762939453,29.25,29.639999389648438,65145500
2007-02-08,20.770475387573242,29.260000228881836,29.799999237060547,29.200000762939453,29.239999771118164,48749000
2007-02-09,20.57171630859375,28.979999542236328,29.399999618530273,28.93000030517578,29.350000381469727,69823100
2007-02-12,20.543319702148438,28.940000534057617,29.09000015258789,28.829999923706055,28.889999389648438,52774400
2007-02-13,20.66440773010254,29.010000228881836,29.200000762939453,28.959999084472656,29.040000915527344,50348100
2007-02-14,20.942216873168945,29.399999618530273,29.690000534057617,29.149999618530273,29.170000076293945,55588600
2007-02-15,20.984952926635742,29.459999084472656,29.649999618530273,29.219999313354492,29.579999923706055,63858100
2007-02-16,20.472084045410156,28.739999771118164,28.940000534057617,28.649999618530273,28.90999984741211,109340300
2007-02-20,20.536190032958984,28.829999923706055,28.860000610351562,28.469999313354492,28.6299991607666,53978200
2007-02-21,20.906600952148438,29.350000381469727,29.389999389648438,28.739999771118164,28.75,68604900
2007-02-22,20.935091018676758,29.389999389648438,29.540000915527344,29.15999984741211,29.309999465942383,57754400
2007-02-23,20.586057662963867,28.899999618530273,29.280000686645508,28.889999389648438,29.219999313354492,63787100
2007-02-26,20.707155227661133,29.06999969482422,29.09000015258789,28.81999969482422,28.959999084472656,63481900
2007-02-27,19.852359771728516,27.8700008392334,28.969999313354492,27.790000915527344,28.709999084472656,87143300
2007-02-28,20.066068649291992,28.170000076293945,28.25,27.920000076293945,27.950000762939453,86333300
2007-03-01,20.00907325744629,28.09000015258789,28.329999923706055,27.729999542236328,27.81999969482422,80175700
2007-03-02,19.774009704589844,27.760000228881836,28.15999984741211,27.760000228881836,28.020000457763672,63254700
2007-03-05,19.624425888061523,27.549999237060547,27.90999984741211,27.40999984741211,27.489999771118164,56454300
2007-03-06,19.823877334594727,27.829999923706055,27.940000534057617,27.649999618530273,27.799999237060547,49361800
2007-03-07,19.66716766357422,27.610000610351562,27.899999618530273,27.549999237060547,27.760000228881836,52044700
2007-03-08,19.46058464050293,27.31999969482422,27.850000381469727,26.600000381469727,27.719999313354492,72175200
2007-03-09,19.439220428466797,27.290000915527344,27.479999542236328,27.030000686645508,27.420000076293945,80125000
2007-03-12,19.54606819152832,27.440000534057617,27.479999542236328,27.1299991607666,27.18000030517578,36516400
2007-03-13,19.033199310302734,26.719999313354492,27.399999618530273,26.709999084472656,27.25,75169500
2007-03-14,19.517574310302734,27.399999618530273,27.399999618530273,26.729999542236328,26.81999969482422,75730300
2007-03-15,19.43210220336914,27.280000686645508,27.469999313354492,27.200000762939453,27.31999969482422,51757100
2007-03-16,19.467710494995117,27.329999923706055,27.479999542236328,27.200000762939453,27.350000381469727,65055300
2007-03-19,19.823877334594727,27.829999923706055,27.829999923706055,27.200000762939453,27.34000015258789,49412000
2007-03-20,19.830991744995117,27.84000015258789,28.15999984741211,27.760000228881836,27.93000030517578,47902400
2007-03-21,20.31537628173828,28.520000457763672,28.520000457763672,27.559999465942383,27.899999618530273,72808200
2007-03-22,20.13729476928711,28.270000457763672,28.549999237060547,28.010000228881836,28.520000457763672,47934900
2007-03-23,19.959213256835938,28.020000457763672,28.270000457763672,27.799999237060547,28.219999313354492,50519800
2007-03-26,20.10167694091797,28.219999313354492,28.219999313354492,27.700000762939453,27.940000534057617,47491500
2007-03-27,19.745519638061523,27.719999313354492,28.15999984741211,27.649999618530273,28.040000915527344,58979800
2007-03-28,19.68853187561035,27.639999389648438,28.0,27.399999618530273,27.579999923706055,46947000
2007-03-29,19.766889572143555,27.75,27.850000381469727,27.489999771118164,27.84000015258789,42629900
2007-03-30,19.852359771728516,27.8700008392334,27.950000762939453,27.5,27.75,47061000
2007-04-02,19.759769439697266,27.739999771118164,27.93000030517578,27.559999465942383,27.889999389648438,41977600
2007-04-03,19.852359771728516,27.8700008392334,28.059999465942383,27.75,27.860000610351562,39821300
2007-04-04,20.301118850708008,28.5,28.780000686645508,27.899999618530273,28.010000228881836,63244200
2007-04-05,20.336748123168945,28.549999237060547,28.649999618530273,28.299999237060547,28.31999969482422,30131200
2007-04-09,20.350990295410156,28.56999969482422,28.719999313354492,28.389999389648438,28.579999923706055,31384600
2007-04-10,20.22989273071289,28.399999618530273,28.639999389648438,28.219999313354492,28.5,38643100
2007-04-11,20.0233211517334,28.110000610351562,28.56999969482422,27.989999771118164,28.299999237060547,44050200
2007-04-12,20.329618453979492,28.540000915527344,28.6200008392334,28.040000915527344,28.059999465942383,43762100
2007-04-13,20.379486083984375,28.610000610351562,28.700000762939453,28.100000381469727,28.43000030517578,36002900
2007-04-16,20.4649715423584,28.729999542236328,28.75,28.209999084472656,28.600000381469727,30740100
2007-04-17,20.550432205200195,28.850000381469727,28.889999389648438,28.559999465942383,28.6299991607666,33170200
2007-04-18,20.372365951538086,28.600000381469727,28.670000076293945,28.360000610351562,28.610000610351562,41778400
2007-04-19,20.436464309692383,28.690000534057617,28.889999389648438,28.260000228881836,28.34000015258789,43648800
2007-04-20,20.671533584594727,29.020000457763672,29.100000381469727,28.700000762939453,28.979999542236328,60311500
2007-04-23,20.500577926635742,28.780000686645508,28.989999771118164,28.670000076293945,28.959999084472656,41739100
2007-04-24,20.507699966430664,28.790000915527344,28.959999084472656,28.59000015258789,28.790000915527344,34236700
2007-04-25,20.650163650512695,28.989999771118164,29.0,28.690000534057617,28.860000610351562,39475000
2007-04-26,20.72852325439453,29.100000381469727,29.350000381469727,28.90999984741211,29.09000015258789,68760300
2007-04-27,21.455089569091797,30.1200008392334,30.739999771118164,30.0,30.170000076293945,128298800
2007-04-30,21.326866149902344,29.940000534057617,30.3700008392334,29.940000534057617,30.1299991607666,67788800
2007-05-01,21.6545352935791,30.399999618530273,30.420000076293945,29.899999618530273,29.940000534057617,73539300
2007-05-02,21.80412483215332,30.610000610351562,30.690000534057617,30.299999237060547,30.389999389648438,80686700
2007-05-03,22.060564041137695,30.969999313354492,31.0,30.530000686645508,30.600000381469727,82036800
2007-05-04,21.76850700378418,30.559999465942383,30.700000762939453,30.290000915527344,30.68000030517578,104385900
2007-05-07,21.875349044799805,30.709999084472656,30.760000228881836,30.479999542236328,30.520000457763672,59889100
2007-05-08,21.903846740722656,30.75,30.940000534057617,30.579999923706055,30.68000030517578,60551700
2007-05-09,21.925220489501953,30.780000686645508,30.93000030517578,30.56999969482422,30.700000762939453,51735000
2007-05-10,21.782756805419922,30.579999923706055,30.93000030517578,30.530000686645508,30.68000030517578,55398600
2007-05-11,22.003576278686523,30.889999389648438,30.979999542236328,30.549999237060547,30.56999969482422,43425300
2007-05-14,22.060564041137695,30.969999313354492,30.989999771118164,30.809999465942383,30.84000015258789,70188500
2007-05-15,22.08199691772461,30.899999618530273,31.09000015258789,30.84000015258789,30.899999618530273,75013900
2007-05-16,22.203487396240234,31.06999969482422,31.09000015258789,30.809999465942383,31.0,45833600
2007-05-17,22.13917350769043,30.979999542236328,31.139999389648438,30.959999084472656,31.030000686645508,41045600
2007-05-18,22.031972885131836,30.829999923706055,30.989999771118164,30.579999923706055,30.969999313354492,58453000
2007-05-21,22.18918800354004,31.049999237060547,31.15999984741211,30.729999542236328,30.729999542236328,41836400
2007-05-22,21.931930541992188,30.690000534057617,30.93000030517578,30.65999984741211,30.899999618530273,39999500
2007-05-23,21.853315353393555,30.579999923706055,30.84000015258789,30.56999969482422,30.84000015258789,46322500
2007-05-24,21.560319900512695,30.170000076293945,30.799999237060547,29.959999084472656,30.540000915527344,64046400
2007-05-25,21.781856536865234,30.479999542236328,30.65999984741211,30.18000030517578,30.280000686645508,47726500
2007-05-29,22.003389358520508,30.790000915527344,30.829999923706055,30.389999389648438,30.489999771118164,42373100
2007-05-30,22.23206901550293,31.110000610351562,31.1299991607666,30.510000228881836,30.549999237060547,57376800
2007-05-31,21.931930541992188,30.690000534057617,31.15999984741211,30.610000610351562,31.1200008392334,85290500
2007-06-01,21.860464096069336,30.59000015258789,30.899999618530273,30.549999237060547,30.790000915527344,39469400
2007-06-04,21.953365325927734,30.719999313354492,30.760000228881836,30.399999618530273,30.420000076293945,41434500
2007-06-05,21.853315353393555,30.579999923706055,30.6299991607666,30.329999923706055,30.6200008392334,44265000
2007-06-06,21.646074295043945,30.290000915527344,30.530000686645508,30.25,30.3700008392334,38217500
2007-06-07,21.167274475097656,29.6200008392334,30.290000915527344,29.59000015258789,30.020000457763672,71971400
2007-06-08,21.47456932067871,30.049999237060547,30.059999465942383,29.40999984741211,29.579999923706055,61346200
2007-06-11,21.453126907348633,30.020000457763672,30.25,29.93000030517578,29.940000534057617,48467400
2007-06-12,21.331632614135742,29.850000381469727,30.239999771118164,29.770000457763672,29.959999084472656,56981800
2007-06-13,21.717544555664062,30.389999389648438,30.40999984741211,29.850000381469727,29.969999313354492,64435600
2007-06-14,21.81043815612793,30.520000457763672,30.709999084472656,30.299999237060547,30.350000381469727,59065700
2007-06-15,21.78900146484375,30.489999771118164,30.8799991607666,30.43000030517578,30.860000610351562,100933000
2007-06-18,21.803293228149414,30.510000228881836,30.719999313354492,30.420000076293945,30.690000534057617,45412600
2007-06-19,21.76756477355957,30.459999084472656,30.65999984741211,30.3799991607666,30.479999542236328,46802600
2007-06-20,21.44598388671875,30.010000228881836,30.510000228881836,29.959999084472656,30.440000534057617,46861600
2007-06-21,21.596057891845703,30.219999313354492,30.299999237060547,29.90999984741211,29.979999542236328,56564800
2007-06-22,21.074369430541992,29.489999771118164,30.100000381469727,29.450000762939453,30.0,86219900
2007-06-25,21.074369430541992,29.489999771118164,29.770000457763672,29.3799991607666,29.469999313354492,53905800
2007-06-26,21.095806121826172,29.520000457763672,29.799999237060547,29.5,29.549999237060547,48340300
2007-06-27,21.345928192138672,29.8700008392334,29.950000762939453,29.360000610351562,29.360000610351562,53468600
2007-06-28,21.317354202270508,29.829999923706055,29.969999313354492,29.68000030517578,29.860000610351562,46055200
2007-06-29,21.060077667236328,29.469999313354492,29.93000030517578,29.040000915527344,29.8700008392334,71193900
2007-07-02,21.253036499023438,29.739999771118164,29.799999237060547,29.489999771118164,29.670000076293945,47316000
2007-07-03,21.453126907348633,30.020000457763672,30.219999313354492,29.780000686645508,29.790000915527344,35202600
2007-07-05,21.431684494018555,29.989999771118164,30.219999313354492,29.829999923706055,30.049999237060547,47838500
2007-07-06,21.417383193969727,29.969999313354492,30.040000915527344,29.65999984741211,29.90999984741211,57541000
2007-07-09,21.345928192138672,29.8700008392334,29.950000762939453,29.809999465942383,29.860000610351562,33831400
2007-07-10,20.960041046142578,29.329999923706055,29.989999771118164,29.18000030517578,29.700000762939453,66013500
2007-07-11,21.074369430541992,29.489999771118164,29.649999618530273,29.209999084472656,29.239999771118164,48017000
2007-07-12,21.488853454589844,30.06999969482422,30.110000610351562,29.440000534057617,29.559999465942383,54302400
2007-07-13,21.310199737548828,29.81999969482422,30.020000457763672,29.65999984741211,29.940000534057617,42173000
2007-07-16,21.460268020629883,30.030000686645508,30.239999771118164,29.719999313354492,29.760000228881836,48023200
2007-07-17,21.996240615844727,30.780000686645508,30.8799991607666,30.010000228881836,30.020000457763672,77539600
2007-07-18,22.096296310424805,30.920000076293945,30.969999313354492,30.5,30.510000228881836,64414400
2007-07-19,22.517925262451172,31.510000228881836,31.84000015258789,30.93000030517578,31.049999237060547,121159300
2007-07-20,22.267789840698242,31.15999984741211,31.200000762939453,30.790000915527344,31.149999618530273,98292600
2007-07-23,22.28924560546875,31.190000534057617,31.520000457763672,31.1200008392334,31.360000610351562,48910600
2007-07-24,22.010534286499023,30.799999237060547,31.479999542236328,30.709999084472656,31.010000228881836,59729300
2007-07-25,21.94622230529785,30.709999084472656,31.299999237060547,30.3700008392334,30.989999771118164,54950100
2007-07-26,21.424537658691406,29.979999542236328,30.530000686645508,29.510000228881836,30.239999771118164,87025300
2007-07-27,21.002904891967773,29.389999389648438,30.0,29.360000610351562,29.93000030517578,69214600
2007-07-30,21.010053634643555,29.399999618530273,29.489999771118164,28.950000762939453,29.40999984741211,67499600
2007-07-31,20.717058181762695,28.989999771118164,29.719999313354492,28.979999542236328,29.709999084472656,66554000
2007-08-01,20.9385986328125,29.299999237060547,29.549999237060547,28.81999969482422,28.950000762939453,80006300
2007-08-02,21.095806121826172,29.520000457763672,29.790000915527344,29.020000457763672,29.190000534057617,47938300
2007-08-03,20.69562339782715,28.959999084472656,29.780000686645508,28.899999618530273,29.450000762939453,61535500
2007-08-06,21.110107421875,29.540000915527344,29.540000915527344,28.75,29.049999237060547,59530500
2007-08-07,21.117250442504883,29.549999237060547,29.790000915527344,29.049999237060547,29.329999923706055,49163000
2007-08-08,21.438827514648438,30.0,30.010000228881836,29.209999084472656,29.719999313354492,52898600
2007-08-09,20.9385986328125,29.299999237060547,30.100000381469727,28.920000076293945,29.639999389648438,72964500
2007-08-10,20.516963958740234,28.709999084472656,29.049999237060547,28.260000228881836,28.899999618530273,76576200
2007-08-13,20.459794998168945,28.6299991607666,28.989999771118164,28.440000534057617,28.940000534057617,55492300
2007-08-14,20.27333641052246,28.270000457763672,28.889999389648438,28.200000762939453,28.770000457763672,42944100
2007-08-15,20.151437759399414,28.100000381469727,28.989999771118164,28.049999237060547,28.239999771118164,48117700
2007-08-16,19.94345474243164,27.809999465942383,28.350000381469727,27.510000228881836,27.8799991607666,81447400
2007-08-17,20.258996963500977,28.25,28.25,27.81999969482422,28.09000015258789,76747700
2007-08-20,20.26616859436035,28.260000228881836,28.489999771118164,28.079999923706055,28.18000030517578,49952000
2007-08-21,20.12990951538086,28.06999969482422,28.31999969482422,27.8700008392334,28.100000381469727,50786200
2007-08-22,20.237478256225586,28.219999313354492,28.31999969482422,28.010000228881836,28.270000457763672,44763500
2007-08-23,20.294851303100586,28.299999237060547,28.329999923706055,28.100000381469727,28.280000686645508,33886600
2007-08-24,20.66058921813965,28.809999465942383,28.84000015258789,28.06999969482422,28.209999084472656,45158900
2007-08-27,20.431102752685547,28.489999771118164,28.770000457763672,28.399999618530273,28.610000610351562,32789500
2007-08-28,20.029512405395508,27.93000030517578,28.489999771118164,27.90999984741211,28.299999237060547,43924400
2007-08-29,20.50282096862793,28.59000015258789,28.610000610351562,27.81999969482422,28.1299991607666,45753700
2007-08-30,20.402420043945312,28.450000762939453,28.93000030517578,28.31999969482422,28.420000076293945,33690700
2007-08-31,20.603212356567383,28.729999542236328,28.920000076293945,28.360000610351562,28.700000762939453,42511900
2007-09-04,20.66058921813965,28.809999465942383,29.100000381469727,28.479999542236328,28.5,45689600
2007-09-05,20.423938751220703,28.479999542236328,28.729999542236328,28.420000076293945,28.649999618530273,47669800
2007-09-06,20.7322998046875,28.90999984741211,29.010000228881836,28.549999237060547,28.559999465942383,45430800
2007-09-07,20.39525032043457,28.440000534057617,28.829999923706055,28.31999969482422,28.6200008392334,52160900
2007-09-10,20.423938751220703,28.479999542236328,28.75,28.40999984741211,28.670000076293945,37247600
2007-09-11,20.746646881103516,28.93000030517578,28.950000762939453,28.579999923706055,28.6299991607666,34380800
2007-09-12,20.746646881103516,28.93000030517578,29.170000076293945,28.799999237060547,28.809999465942383,42364700
2007-09-13,20.911582946777344,29.15999984741211,29.260000228881836,28.959999084472656,29.1200008392334,35288600
2007-09-14,20.825531005859375,29.040000915527344,29.110000610351562,28.8799991607666,28.979999542236328,33496600
2007-09-17,20.603212356567383,28.729999542236328,28.8799991607666,28.6200008392334,28.790000915527344,39536500
2007-09-18,20.746646881103516,28.93000030517578,28.969999313354492,28.270000457763672,28.700000762939453,77462400
2007-09-19,20.5601863861084,28.670000076293945,28.90999984741211,28.299999237060547,28.8700008392334,94242200
2007-09-20,20.380905151367188,28.420000076293945,28.579999923706055,28.34000015258789,28.479999542236328,67168900
2007-09-21,20.54584312438965,28.649999618530273,28.809999465942383,28.440000534057617,28.690000534057617,135636100
2007-09-24,20.854215621948242,29.079999923706055,29.610000610351562,28.799999237060547,28.809999465942383,104459800
2007-09-25,21.198434829711914,29.559999465942383,29.559999465942383,29.110000610351562,29.139999389648438,75621000
2007-09-26,21.155406951904297,29.5,29.850000381469727,29.479999542236328,29.68000030517578,60337000
2007-09-27,21.14823341369629,29.489999771118164,29.719999313354492,29.440000534057617,29.700000762939453,43407100
2007-09-28,21.126731872558594,29.459999084472656,29.690000534057617,29.229999542236328,29.489999771118164,45819100
2007-10-01,21.349040985107422,29.770000457763672,29.790000915527344,29.40999984741211,29.459999084472656,43875100
2007-10-02,21.298843383789062,29.700000762939453,29.850000381469727,29.56999969482422,29.700000762939453,33700900
2007-10-03,21.119558334350586,29.450000762939453,29.850000381469727,29.290000915527344,29.709999084472656,37633900
2007-10-04,21.306015014648438,29.709999084472656,29.770000457763672,29.440000534057617,29.559999465942383,37868000
2007-10-05,21.399240493774414,29.84000015258789,29.989999771118164,29.729999542236328,29.889999389648438,45012300
2007-10-08,21.399240493774414,29.84000015258789,29.850000381469727,29.600000381469727,29.65999984741211,30265400
2007-10-09,21.585689544677734,30.100000381469727,30.389999389648438,30.0,30.030000686645508,63603100
2007-10-10,21.678918838500977,30.229999542236328,30.3700008392334,30.030000686645508,30.040000915527344,32251500
2007-10-11,21.449438095092773,29.90999984741211,30.6299991607666,29.790000915527344,30.299999237060547,50788400
2007-10-12,21.635887145996094,30.170000076293945,30.399999618530273,29.950000762939453,30.030000686645508,31121100
2007-10-15,21.542667388916016,30.040000915527344,30.329999923706055,30.0,30.100000381469727,47150500
2007-10-16,21.74346160888672,30.31999969482422,30.579999923706055,30.229999542236328,30.239999771118164,56286200
2007-10-17,22.28847312927246,31.079999923706055,31.229999542236328,30.649999618530273,30.75,86092400
2007-10-18,22.34584617614746,31.15999984741211,31.229999542236328,30.6299991607666,31.219999313354492,49208600
2007-10-19,21.635887145996094,30.170000076293945,31.09000015258789,30.110000610351562,31.09000015258789,75200200
2007-10-22,21.879716873168945,30.510000228881836,30.700000762939453,30.1200008392334,30.1200008392334,58785100
2007-10-23,22.159393310546875,30.899999618530273,31.1200008392334,30.709999084472656,30.709999084472656,49956200
2007-10-24,22.4103946685791,31.25,31.299999237060547,30.5,30.850000381469727,77979200
2007-10-25,22.941068649291992,31.989999771118164,32.220001220703125,31.489999771118164,31.56999969482422,169588700
2007-10-26,25.12114906311035,35.029998779296875,36.029998779296875,34.560001373291016,36.0099983215332,288121200
2007-10-29,24.791269302368164,34.56999969482422,35.290000915527344,34.45000076293945,34.849998474121094,114655600
2007-10-30,25.508405685424805,35.56999969482422,35.59000015258789,34.349998474121094,34.369998931884766,107297300
2007-10-31,26.39763832092285,36.810001373291016,37.0,35.5099983215332,35.52000045776367,185635800
2007-11-01,26.576927185058594,37.060001373291016,37.4900016784668,36.36000061035156,36.529998779296875,152078800
2007-11-02,26.576927185058594,37.060001373291016,37.5,36.41999816894531,37.220001220703125,96389800
2007-11-05,26.340282440185547,36.72999954223633,37.099998474121094,36.630001068115234,36.7599983215332,75485400
2007-11-06,26.110795974731445,36.40999984741211,36.65999984741211,35.869998931884766,36.59000015258789,100966700
2007-11-07,25.472558975219727,35.52000045776367,36.15999984741211,35.45000076293945,36.040000915527344,74897800
2007-11-08,24.91318702697754,34.7400016784668,35.900001525878906,34.400001525878906,35.599998474121094,133742400
2007-11-09,24.188879013061523,33.72999954223633,34.540000915527344,33.650001525878906,34.18000030517578,125136900
2007-11-12,23.937877655029297,33.380001068115234,33.709999084472656,33.02000045776367,33.31999969482422,84865200
2007-11-13,24.794097900390625,34.459999084472656,34.66999816894531,33.380001068115234,33.540000915527344,104311500
2007-11-14,24.412750244140625,33.93000030517578,34.75,33.75,34.619998931884766,84063100
2007-11-15,24.290443420410156,33.7599983215332,34.099998474121094,33.54999923706055,33.7599983215332,64014100
2007-11-16,24.527868270874023,34.09000015258789,34.2599983215332,33.709999084472656,33.86000061035156,71113800
2007-11-19,24.434335708618164,33.959999084472656,34.2400016784668,33.869998931884766,33.959999084472656,63026200
2007-11-20,24.880434036254883,34.58000183105469,34.970001220703125,34.099998474121094,34.22999954223633,100009400
2007-11-21,24.628612518310547,34.22999954223633,34.72999954223633,34.18000030517578,34.400001525878906,89518700
2007-11-23,24.542272567749023,34.11000061035156,34.439998626708984,33.709999084472656,34.36000061035156,33467200
2007-11-26,23.722034454345703,32.970001220703125,34.369998931884766,32.93000030517578,34.09000015258789,80335000
2007-11-27,23.78679847717285,33.060001373291016,33.599998474121094,32.68000030517578,33.27000045776367,84178400
2007-11-28,24.247276306152344,33.70000076293945,33.88999938964844,32.900001525878906,33.380001068115234,88585000
2007-11-29,24.168127059936523,33.59000015258789,33.93000030517578,33.310001373291016,33.58000183105469,53633600
2007-11-30,24.175323486328125,33.599998474121094,34.119998931884766,33.189998626708984,33.91999816894531,71027800
2007-12-03,23.68606185913086,32.91999816894531,33.63999938964844,32.68000030517578,33.5,61770600
2007-12-04,23.57813835144043,32.77000045776367,33.2400016784668,32.630001068115234,32.7400016784668,54801500
2007-12-05,24.571048736572266,34.150001525878906,34.52000045776367,33.029998779296875,33.13999938964844,84894700
2007-12-06,24.858842849731445,34.54999923706055,34.61000061035156,33.869998931884766,34.2599983215332,49209700
2007-12-07,24.84445571899414,34.529998779296875,34.70000076293945,34.220001220703125,34.61000061035156,40771000
2007-12-10,25.009944915771484,34.7599983215332,34.95000076293945,34.470001220703125,34.63999938964844,36083500
2007-12-11,24.535064697265625,34.099998474121094,34.9900016784668,33.93000030517578,34.72999954223633,55070700
2007-12-12,24.801284790039062,34.470001220703125,35.09000015258789,33.93000030517578,34.61000061035156,63345400
2007-12-13,25.340923309326172,35.220001220703125,35.45000076293945,34.279998779296875,34.47999954223633,73913200
2007-12-14,25.405672073364258,35.310001373291016,35.84000015258789,35.0099983215332,35.04999923706055,71126200
2007-12-17,24.743730545043945,34.38999938964844,35.130001068115234,34.36000061035156,35.029998779296875,58121200
2007-12-18,24.99555778503418,34.7400016784668,35.0,34.209999084472656,34.63999938964844,52791800
2007-12-19,25.031526565551758,34.790000915527344,35.13999938964844,34.380001068115234,34.689998626708984,58469100
2007-12-20,25.55677604675293,35.52000045776367,35.790000915527344,35.08000183105469,35.290000915527344,59345000
2007-12-21,25.945310592651367,36.060001373291016,36.060001373291016,35.75,35.900001525878906,83240500
2007-12-24,26.31944465637207,36.58000183105469,36.720001220703125,36.04999923706055,36.130001068115234,29622600
2007-12-26,26.341032028198242,36.61000061035156,36.63999938964844,36.2599983215332,36.40999984741211,30252400
2007-12-27,25.88055419921875,35.970001220703125,36.54999923706055,35.939998626708984,36.349998474121094,33311100
2007-12-28,25.988473892211914,36.119998931884766,36.22999954223633,35.66999816894531,36.099998474121094,33447200
2007-12-31,25.614328384399414,35.599998474121094,35.9900016784668,35.52000045776367,35.900001525878906,35229700
2008-01-02,25.340923309326172,35.220001220703125,35.959999084472656,35.0,35.790000915527344,63004200
2008-01-03,25.448848724365234,35.369998931884766,35.650001525878906,34.86000061035156,35.220001220703125,49599600
2008-01-04,24.736536026000977,34.380001068115234,35.20000076293945,34.09000015258789,35.189998626708984,72090800
2008-01-07,24.902013778686523,34.61000061035156,34.79999923706055,34.25,34.54999923706055,80164300
2008-01-08,24.067394256591797,33.45000076293945,34.709999084472656,33.400001525878906,34.709999084472656,79148300
2008-01-09,24.77970314025879,34.439998626708984,34.540000915527344,33.349998474121094,33.36000061035156,74305500
2008-01-10,24.7005615234375,34.33000183105469,34.5,33.779998779296875,34.349998474121094,72446000
2008-01-11,24.398366928100586,33.90999984741211,34.2400016784668,33.720001220703125,34.13999938964844,55187900
2008-01-14,24.743730545043945,34.38999938964844,34.56999969482422,34.08000183105469,34.459999084472656,52792200
2008-01-15,24.46312141418457,34.0,34.380001068115234,34.0,34.029998779296875,61606200
2008-01-16,23.90910530090332,33.22999954223633,33.650001525878906,32.5099983215332,33.41999816894531,120778500
2008-01-17,23.822769165039062,33.11000061035156,33.79999923706055,32.970001220703125,33.540000915527344,94247800
2008-01-18,23.750816345214844,33.0099983215332,34.0,32.970001220703125,33.15999984741211,117062000
2008-01-22,22.995328903198242,31.959999084472656,32.529998779296875,31.5,31.540000915527344,108521400
2008-01-23,22.973752975463867,31.93000030517578,32.04999923706055,31.040000915527344,31.479999542236328,137597400
2008-01-24,23.923500061035156,33.25,33.36000061035156,32.119998931884766,32.349998474121094,155640400
2008-01-25,23.700458526611328,32.939998626708984,35.0,32.869998931884766,34.900001525878906,196992300
2008-01-28,23.542156219482422,32.720001220703125,33.099998474121094,32.41999816894531,33.02000045776367,81019000
2008-01-29,23.455821990966797,32.599998474121094,32.88999938964844,32.349998474121094,32.849998474121094,68023000
2008-01-30,23.16801643371582,32.20000076293945,32.79999923706055,32.04999923706055,32.560001373291016,106432600
2008-01-31,23.455821990966797,32.599998474121094,32.7400016784668,31.719999313354492,31.90999984741211,103642200
2008-02-01,21.90888023376465,30.450000762939453,33.25,30.25,31.059999465942383,291138900
2008-02-04,21.72181510925293,30.190000534057617,30.719999313354492,30.110000610351562,30.489999771118164,119998600
2008-02-05,20.915979385375977,29.06999969482422,29.940000534057617,28.889999389648438,29.90999984741211,137534100
2008-02-06,20.520244598388672,28.520000457763672,29.350000381469727,28.290000915527344,29.280000686645508,138315600
2008-02-07,20.232444763183594,28.1200008392334,28.780000686645508,27.899999618530273,28.34000015258789,164964900
2008-02-08,20.549030303955078,28.559999465942383,29.079999923706055,28.239999771118164,28.290000915527344,124872000
2008-02-11,20.297195434570312,28.209999084472656,28.610000610351562,27.90999984741211,28.520000457763672,156814100
2008-02-12,20.390735626220703,28.34000015258789,28.6200008392334,28.110000610351562,28.43000030517578,84365900
2008-02-13,20.836820602416992,28.959999084472656,29.049999237060547,28.530000686645508,28.6200008392334,88986200
2008-02-14,20.5058536529541,28.5,29.040000915527344,28.459999084472656,28.8799991607666,69113500
2008-02-15,20.448287963867188,28.420000076293945,28.639999389648438,28.25,28.309999465942383,68166100
2008-02-19,20.347171783447266,28.170000076293945,28.84000015258789,28.06999969482422,28.799999237060547,68261200
2008-02-20,20.383283615112305,28.219999313354492,28.260000228881836,27.920000076293945,28.149999618530273,93056200
2008-02-21,20.296611785888672,28.100000381469727,28.959999084472656,27.959999084472656,28.6200008392334,98776500
2008-02-22,19.993247985839844,27.68000030517578,28.389999389648438,27.200000762939453,28.239999771118164,125705400
2008-02-25,20.108808517456055,27.84000015258789,28.239999771118164,27.479999542236328,27.649999618530273,109974300
2008-02-26,20.49884605407715,28.3799991607666,28.860000610351562,27.670000076293945,27.739999771118164,108923500
2008-02-27,20.41217613220215,28.260000228881836,28.68000030517578,28.100000381469727,28.190000534057617,75199500
2008-02-28,20.173818588256836,27.93000030517578,28.270000457763672,27.799999237060547,28.020000457763672,83002900
2008-02-29,19.646543502807617,27.200000762939453,27.829999923706055,27.020000457763672,27.690000534057617,117411400
2008-03-03,19.494857788085938,26.989999771118164,27.389999389648438,26.8700008392334,27.239999771118164,76544300
2008-03-04,19.92823028564453,27.59000015258789,27.6299991607666,26.959999084472656,27.020000457763672,86925600
2008-03-05,20.311054229736328,28.1200008392334,28.40999984741211,27.700000762939453,27.75,106489800
2008-03-06,19.913787841796875,27.56999969482422,28.170000076293945,27.5,28.059999465942383,91127700
2008-03-07,20.13047981262207,27.8700008392334,28.06999969482422,27.31999969482422,27.34000015258789,77597600
2008-03-10,20.26051139831543,28.049999237060547,28.260000228881836,27.75,27.829999923706055,72175100
2008-03-11,21.1489315032959,29.280000686645508,29.34000015258789,28.3799991607666,28.399999618530273,98740700
2008-03-12,20.679428100585938,28.6299991607666,29.489999771118164,28.540000915527344,29.43000030517578,75993800
2008-03-13,20.672195434570312,28.6200008392334,28.989999771118164,28.15999984741211,28.540000915527344,84552200
2008-03-14,20.195493698120117,27.959999084472656,29.010000228881836,27.639999389648438,28.719999313354492,105214900
2008-03-17,20.441064834594727,28.299999237060547,28.729999542236328,27.280000686645508,27.299999237060547,84490100
2008-03-18,21.25004005432129,29.420000076293945,29.479999542236328,28.670000076293945,28.670000076293945,83695300
2008-03-19,20.672195434570312,28.6200008392334,29.59000015258789,28.6200008392334,29.3799991607666,61442100
2008-03-20,21.076690673828125,29.18000030517578,29.219999313354492,28.59000015258789,28.739999771118164,60170200
2008-03-24,21.06946563720703,29.170000076293945,29.399999618530273,29.059999465942383,29.329999923706055,48294700
2008-03-25,21.047801971435547,29.139999389648438,29.3700008392334,28.940000534057617,29.329999923706055,49149000
2008-03-26,20.628875732421875,28.559999465942383,29.06999969482422,28.3799991607666,29.030000686645508,45868100
2008-03-27,20.26051139831543,28.049999237060547,28.489999771118164,28.0,28.479999542236328,47894400
2008-03-28,20.159372329711914,27.90999984741211,28.43000030517578,27.829999923706055,28.229999542236328,49244000
2008-03-31,20.49884605407715,28.3799991607666,28.59000015258789,27.84000015258789,27.8799991607666,46780600
2008-04-01,21.307825088500977,29.5,29.540000915527344,28.6299991607666,28.829999923706055,65796200
2008-04-02,21.062240600585938,29.15999984741211,29.579999923706055,29.0,29.56999969482422,49499400
2008-04-03,20.94667625427246,29.0,29.31999969482422,28.799999237060547,29.0,38961400
2008-04-04,21.062240600585938,29.15999984741211,29.260000228881836,28.739999771118164,29.1299991607666,43860800
2008-04-07,21.062240600585938,29.15999984741211,29.59000015258789,29.030000686645508,29.549999237060547,44428600
2008-04-08,20.766098022460938,28.75,29.0,28.540000915527344,28.940000534057617,44733500
2008-04-09,20.867225646972656,28.889999389648438,29.040000915527344,28.540000915527344,28.719999313354492,45839300
2008-04-10,21.026132583618164,29.110000610351562,29.399999618530273,28.799999237060547,28.829999923706055,65591600
2008-04-11,20.426616668701172,28.280000686645508,29.010000228881836,28.209999084472656,28.8700008392334,54373700
2008-04-14,20.267715454101562,28.059999465942383,28.309999465942383,27.93000030517578,28.239999771118164,43418100
2008-04-15,20.404953002929688,28.25,28.479999542236328,28.030000686645508,28.1200008392334,34310000
2008-04-16,20.910572052001953,28.950000762939453,29.049999237060547,28.3799991607666,28.56999969482422,54107400
2008-04-17,21.105579376220703,29.219999313354492,29.34000015258789,28.899999618530273,29.1200008392334,48743300
2008-04-18,21.668973922729492,30.0,30.100000381469727,29.610000610351562,30.010000228881836,73658900
2008-04-21,21.97234535217285,30.420000076293945,30.600000381469727,30.1200008392334,30.190000534057617,54411700
2008-04-22,21.849550247192383,30.25,30.700000762939453,29.969999313354492,30.639999389648438,67387500
2008-04-23,22.716310501098633,31.450000762939453,31.459999084472656,30.299999237060547,30.450000762939453,98351500
2008-04-24,22.969118118286133,31.799999237060547,32.099998474121094,31.15999984741211,31.6299991607666,115416700
2008-04-25,21.546186447143555,29.829999923706055,30.389999389648438,29.600000381469727,30.049999237060547,145194900
2008-04-28,20.93946647644043,28.989999771118164,29.84000015258789,28.81999969482422,29.799999237060547,97473000
2008-04-29,20.686647415161133,28.639999389648438,28.899999618530273,28.450000762939453,28.799999237060547,84428900
2008-04-30,20.59998321533203,28.520000457763672,29.209999084472656,28.510000228881836,28.739999771118164,74733600
2008-05-01,21.235595703125,29.399999618530273,29.489999771118164,28.479999542236328,28.5,71699400
2008-05-02,21.120037078857422,29.239999771118164,29.6200008392334,28.860000610351562,29.59000015258789,66024200
2008-05-05,21.00446128845215,29.079999923706055,30.229999542236328,28.989999771118164,29.93000030517578,119687700
2008-05-06,21.452293395996094,29.700000762939453,29.860000610351562,28.93000030517578,29.0,93582000
2008-05-07,21.098363876342773,29.209999084472656,30.139999389648438,29.079999923706055,29.690000534057617,88775000
2008-05-08,21.14170265197754,29.270000457763672,29.389999389648438,29.0,29.280000686645508,69589900
2008-05-09,21.228378295898438,29.389999389648438,29.549999237060547,28.950000762939453,29.209999084472656,51621200
2008-05-12,21.661754608154297,29.989999771118164,30.059999465942383,29.350000381469727,29.399999618530273,64278800
2008-05-13,21.58926010131836,29.780000686645508,30.1299991607666,29.530000686645508,30.0,70934700
2008-05-14,21.6980037689209,29.93000030517578,30.260000228881836,29.729999542236328,29.889999389648438,66730400
2008-05-15,22.074981689453125,30.450000762939453,30.530000686645508,29.940000534057617,29.979999542236328,53355800
2008-05-16,21.74150276184082,29.989999771118164,30.479999542236328,29.920000076293945,30.469999313354492,81538200
2008-05-19,21.357271194458008,29.459999084472656,29.889999389648438,29.309999465942383,29.8700008392334,59615000
2008-05-20,20.84980583190918,28.760000228881836,29.309999465942383,28.6299991607666,29.299999237060547,75767600
2008-05-21,20.480072021484375,28.25,29.049999237060547,28.190000534057617,28.809999465942383,60125100
2008-05-22,20.639556884765625,28.469999313354492,28.700000762939453,28.18000030517578,28.280000686645508,52203100
2008-05-23,20.335092544555664,28.049999237060547,28.329999923706055,27.950000762939453,28.260000228881836,48890700
2008-05-27,20.617813110351562,28.440000534057617,28.5,28.049999237060547,28.110000610351562,47334500
2008-05-28,20.42933464050293,28.18000030517578,28.56999969482422,28.040000915527344,28.559999465942383,52318500
2008-05-29,20.523576736450195,28.309999465942383,28.68000030517578,28.139999389648438,28.209999084472656,47699200
2008-05-30,20.530818939208984,28.31999969482422,28.700000762939453,28.200000762939453,28.3799991607666,63399200
2008-06-02,20.153841018676758,27.799999237060547,28.360000610351562,27.549999237060547,28.239999771118164,77028400
2008-06-03,19.79861068725586,27.309999465942383,28.309999465942383,27.270000457763672,27.90999984741211,86616700
2008-06-04,19.965351104736328,27.540000915527344,27.639999389648438,27.200000762939453,27.280000686645508,79567400
2008-06-05,20.51631736755371,28.299999237060547,28.299999237060547,27.600000381469727,27.719999313354492,76063400
2008-06-06,19.92909812927246,27.489999771118164,28.170000076293945,27.489999771118164,27.989999771118164,78500800
2008-06-09,20.088594436645508,27.709999084472656,27.90999984741211,27.299999237060547,27.649999618530273,66787100
2008-06-10,20.21908950805664,27.889999389648438,28.290000915527344,27.31999969482422,27.360000610351562,77433900
2008-06-11,19.660869598388672,27.1200008392334,27.940000534057617,27.110000610351562,27.850000381469727,59330800
2008-06-12,20.472822189331055,28.239999771118164,28.549999237060547,27.190000534057617,27.399999618530273,113996300
2008-06-13,21.074539184570312,29.06999969482422,29.56999969482422,28.5,28.6299991607666,131969100
2008-06-16,20.973045349121094,28.93000030517578,29.110000610351562,28.639999389648438,29.020000457763672,74718900
2008-06-17,20.878795623779297,28.799999237060547,29.1200008392334,28.790000915527344,29.040000915527344,44256700
2008-06-18,20.632314682006836,28.459999084472656,28.860000610351562,28.459999084472656,28.549999237060547,49677800
2008-06-19,20.973045349121094,28.93000030517578,29.190000534057617,28.329999923706055,28.549999237060547,62037800
2008-06-20,20.4655704498291,28.229999542236328,28.920000076293945,28.100000381469727,28.899999618530273,97480400
2008-06-23,20.277082443237305,27.969999313354492,28.40999984741211,27.790000915527344,28.299999237060547,57145300
2008-06-24,20.10309410095215,27.729999542236328,28.010000228881836,27.510000228881836,27.920000076293945,65218300
2008-06-25,20.552566528320312,28.350000381469727,28.670000076293945,27.760000228881836,27.809999465942383,64280200
2008-06-26,20.117591857910156,27.75,28.200000762939453,27.75,28.030000686645508,67049100
2008-06-27,20.03059959411621,27.6299991607666,27.90999984741211,27.459999084472656,27.68000030517578,73450200
2008-06-30,19.943605422973633,27.510000228881836,27.979999542236328,27.489999771118164,27.729999542236328,57830500
2008-07-01,19.479631423950195,26.8700008392334,27.3799991607666,26.440000534057617,27.270000457763672,100327800
2008-07-02,18.761919021606445,25.8799991607666,27.0,25.8799991607666,26.899999618530273,84669000
2008-07-03,18.83441162109375,25.979999542236328,26.100000381469727,25.600000381469727,25.969999313354492,37074500
2008-07-07,18.870670318603516,26.030000686645508,26.389999389648438,25.450000762939453,26.110000610351562,71527600
2008-07-08,18.740175247192383,25.850000381469727,26.200000762939453,25.510000228881836,25.93000030517578,65553200
2008-07-09,18.29070472717285,25.229999542236328,25.850000381469727,25.18000030517578,25.790000915527344,54255800
2008-07-10,18.450193405151367,25.450000762939453,25.670000076293945,24.979999542236328,25.200000762939453,57830600
2008-07-11,18.30520248413086,25.25,25.639999389648438,24.8700008392334,25.15999984741211,69532600
2008-07-14,18.232694625854492,25.149999618530273,25.809999465942383,25.06999969482422,25.479999542236328,51216200
2008-07-15,18.957658767700195,26.149999618530273,26.639999389648438,24.93000030517578,24.93000030517578,92719300
2008-07-16,19.762365341186523,27.260000228881836,27.290000915527344,25.920000076293945,26.1299991607666,82060400
2008-07-17,19.950851440429688,27.520000457763672,27.90999984741211,27.110000610351562,27.579999923706055,96526100
2008-07-18,18.74742317199707,25.860000610351562,26.469999313354492,25.110000610351562,26.360000610351562,150277000
2008-07-21,18.58793067932129,25.639999389648438,26.170000076293945,25.530000686645508,25.65999984741211,77575600
2008-07-22,18.70392417907715,25.799999237060547,25.940000534057617,25.479999542236328,25.540000915527344,88657200
2008-07-23,19.1606502532959,26.43000030517578,26.84000015258789,25.850000381469727,25.860000610351562,79408800
2008-07-24,18.442934036254883,25.440000534057617,26.170000076293945,25.440000534057617,26.09000015258789,81092600
2008-07-25,18.96491241455078,26.15999984741211,26.219999313354492,25.5,25.639999389648438,58682300
2008-07-28,18.48644256591797,25.5,26.110000610351562,25.34000015258789,26.059999465942383,59707800
2008-07-29,18.92865753173828,26.110000610351562,26.190000534057617,25.399999618530273,25.520000457763672,66368200
2008-07-30,19.015649795532227,26.229999542236328,26.489999771118164,25.899999618530273,26.200000762939453,51977700
2008-07-31,18.645931243896484,25.719999313354492,26.280000686645508,25.709999084472656,25.850000381469727,60461000
2008-08-01,18.442934036254883,25.440000534057617,25.950000762939453,25.06999969482422,25.920000076293945,82720200
2008-08-04,18.32695198059082,25.280000686645508,25.549999237060547,25.110000610351562,25.389999389648438,60588300
2008-08-05,19.001155853271484,26.209999084472656,26.280000686645508,25.5,25.639999389648438,84297600
2008-08-06,19.588375091552734,27.020000457763672,27.15999984741211,26.3799991607666,26.729999542236328,95550000
2008-08-07,19.856616973876953,27.389999389648438,27.75,26.729999542236328,26.899999618530273,82565800
2008-08-08,20.393083572387695,28.1299991607666,28.229999542236328,27.190000534057617,27.350000381469727,80814100
2008-08-11,20.226335525512695,27.899999618530273,28.399999618530273,27.65999984741211,27.860000610351562,68743800
2008-08-12,20.385828018188477,28.1200008392334,28.360000610351562,27.579999923706055,27.780000686645508,62813000
2008-08-13,20.233585357666016,27.90999984741211,28.5,27.760000228881836,28.06999969482422,51165200
2008-08-14,20.233585357666016,27.90999984741211,28.280000686645508,27.559999465942383,27.81999969482422,49732300
2008-08-15,20.16109275817871,27.809999465942383,28.149999618530273,27.579999923706055,27.979999542236328,47267400
2008-08-18,20.074094772338867,27.690000534057617,28.049999237060547,27.549999237060547,27.780000686645508,38078200
2008-08-19,19.884851455688477,27.31999969482422,27.75,27.270000457763672,27.540000915527344,40332900
2008-08-20,19.863021850585938,27.290000915527344,27.579999923706055,27.170000076293945,27.540000915527344,41497200
2008-08-21,19.782960891723633,27.18000030517578,27.229999542236328,26.860000610351562,27.100000381469727,43614200
2008-08-22,20.263338088989258,27.84000015258789,27.8799991607666,27.219999313354492,27.229999542236328,47930400
2008-08-25,20.132322311401367,27.65999984741211,27.84000015258789,27.459999084472656,27.610000610351562,51381300
2008-08-26,19.848464965820312,27.270000457763672,27.719999313354492,27.170000076293945,27.579999923706055,44774400
2008-08-27,20.059541702270508,27.559999465942383,27.790000915527344,27.1299991607666,27.34000015258789,33975300
2008-08-28,20.336118698120117,27.940000534057617,28.010000228881836,27.600000381469727,27.610000610351562,48372600
2008-08-29,19.863021850585938,27.290000915527344,27.780000686645508,27.290000915527344,27.68000030517578,50735500
2008-09-02,19.7247257232666,27.100000381469727,27.760000228881836,27.059999465942383,27.670000076293945,66079200
2008-09-03,19.579160690307617,26.899999618530273,27.18000030517578,26.84000015258789,27.0,57127700
2008-09-04,19.178834915161133,26.350000381469727,26.889999389648438,26.350000381469727,26.739999771118164,66141900
2008-09-05,18.66935157775879,25.649999618530273,26.219999313354492,25.6299991607666,26.030000686645508,82305200
2008-09-08,19.011436462402344,26.1200008392334,26.329999923706055,25.670000076293945,26.209999084472656,62110800
2008-09-09,18.996883392333984,26.100000381469727,26.600000381469727,26.049999237060547,26.200000762939453,85735700
2008-09-10,19.244346618652344,26.440000534057617,26.860000610351562,26.25,26.520000457763672,75064900
2008-09-11,19.8994083404541,27.34000015258789,27.459999084472656,26.030000686645508,26.100000381469727,72913300
2008-09-12,20.103208541870117,27.6200008392334,27.739999771118164,26.940000534057617,27.139999389648438,75628500
2008-09-15,19.520931243896484,26.81999969482422,27.489999771118164,26.729999542236328,26.920000076293945,82349400
2008-09-16,18.91680908203125,25.989999771118164,26.489999771118164,25.520000457763672,26.09000015258789,111729700
2008-09-17,17.883272171020508,24.56999969482422,25.8700008392334,24.5,25.729999542236328,106972100
2008-09-18,18.385486602783203,25.260000228881836,25.350000381469727,24.010000228881836,24.799999237060547,132291300
2008-09-19,18.31269073486328,25.15999984741211,26.399999618530273,23.5,26.3700008392334,134926100
2008-09-22,18.487380981445312,25.399999618530273,26.31999969482422,25.31999969482422,26.219999313354492,105207700
2008-09-23,18.516494750976562,25.440000534057617,26.170000076293945,25.34000015258789,25.65999984741211,92181300
2008-09-24,18.720293045043945,25.719999313354492,26.09000015258789,25.459999084472656,25.579999923706055,80250300
2008-09-25,19.36808204650879,26.610000610351562,26.8799991607666,25.739999771118164,25.81999969482422,96203500
2008-09-26,19.943084716796875,27.399999618530273,27.559999465942383,26.139999389648438,26.170000076293945,100744300
2008-09-29,18.203523635864258,25.010000228881836,27.65999984741211,25.010000228881836,26.940000534057617,134383100
2008-09-30,19.426311492919922,26.690000534057617,26.690000534057617,25.540000915527344,25.770000457763672,107192700
2008-10-01,19.27345085144043,26.479999542236328,26.989999771118164,26.280000686645508,26.3799991607666,88957000
2008-10-02,19.106054306030273,26.25,26.530000686645508,25.700000762939453,26.18000030517578,93819800
2008-10-03,19.157005310058594,26.31999969482422,27.469999313354492,26.239999771118164,26.3700008392334,114289400
2008-10-06,18.130733489990234,24.90999984741211,25.989999771118164,24.139999389648438,25.6299991607666,146374600
2008-10-07,16.907949447631836,23.229999542236328,25.209999084472656,23.139999389648438,24.979999542236328,145941200
2008-10-08,16.747819900512695,23.010000228881836,24.299999237060547,22.5,22.899999618530273,171598600
2008-10-09,16.23104476928711,22.299999237060547,23.90999984741211,22.06999969482422,23.770000457763672,131948700
2008-10-10,15.648762702941895,21.5,22.350000381469727,20.649999618530273,21.790000915527344,228467500
2008-10-13,18.5601749420166,25.5,25.5,22.6299991607666,22.860000610351562,144935400
2008-10-14,17.541181564331055,24.100000381469727,25.729999542236328,23.600000381469727,25.639999389648438,165674900
2008-10-15,16.493074417114258,22.65999984741211,24.25,22.479999542236328,23.780000686645508,113280200
2008-10-16,17.606685638427734,24.190000534057617,24.190000534057617,21.309999465942383,22.940000534057617,161147800
2008-10-17,17.41744613647461,23.93000030517578,25.110000610351562,23.309999465942383,23.56999969482422,133673100
2008-10-20,17.99245262145996,24.719999313354492,24.75,23.010000228881836,24.200000762939453,93484300
2008-10-21,17.002565383911133,23.360000610351562,25.010000228881836,23.270000457763672,24.299999237060547,100385600
2008-10-22,15.670601844787598,21.530000686645508,23.059999465942383,20.899999618530273,23.040000915527344,150054800
2008-10-23,16.245609283447266,22.31999969482422,22.59000015258789,20.889999389648438,21.549999237060547,154774100
2008-10-24,15.983576774597168,21.959999084472656,22.860000610351562,20.950000762939453,21.059999465942383,153919700
2008-10-27,15.415862083435059,21.18000030517578,21.959999084472656,21.020000457763672,21.670000076293945,117683900
2008-10-28,16.813329696655273,23.100000381469727,23.209999084472656,21.34000015258789,21.639999389648438,134088800
2008-10-29,16.74054527282715,23.0,23.969999313354492,22.700000762939453,23.1299991607666,111701800
2008-10-30,16.47123908996582,22.6299991607666,23.8799991607666,22.389999389648438,23.690000534057617,95323000
2008-10-31,16.252885818481445,22.329999923706055,22.90999984741211,22.1200008392334,22.530000686645508,93055200
2008-11-03,16.463964462280273,22.6200008392334,22.90999984741211,22.209999084472656,22.479999542236328,61923500
2008-11-04,17.126300811767578,23.530000686645508,23.65999984741211,22.8700008392334,23.1299991607666,72123000
2008-11-05,16.070924758911133,22.079999923706055,23.34000015258789,22.049999237060547,23.329999923706055,81179700
2008-11-06,15.197500228881836,20.8799991607666,22.079999923706055,20.860000610351562,21.8700008392334,95509700
2008-11-07,15.648762702941895,21.5,21.540000915527344,21.0,21.31999969482422,71256300
2008-11-10,15.503202438354492,21.299999237060547,21.969999313354492,21.190000534057617,21.850000381469727,67106800
2008-11-11,15.430415153503418,21.200000762939453,21.299999237060547,20.790000915527344,21.290000915527344,78014500
2008-11-12,14.775350570678711,20.299999237060547,21.0,20.280000686645508,20.889999389648438,90162300
2008-11-13,15.466806411743164,21.25,21.25,18.739999771118164,20.149999618530273,148413700
2008-11-14,14.600665092468262,20.059999465942383,21.34000015258789,19.649999618530273,20.559999465942383,96624500
2008-11-17,14.062060356140137,19.31999969482422,20.239999771118164,19.149999618530273,19.739999771118164,97289000
2008-11-18,14.377154350280762,19.6200008392334,19.65999984741211,18.75,19.5,108966500
2008-11-19,13.402554512023926,18.290000915527344,19.950000762939453,18.25,19.6299991607666,103010500
2008-11-20,12.845643997192383,17.530000686645508,18.84000015258789,17.5,18.1200008392334,139532800
2008-11-21,14.42111873626709,19.68000030517578,19.700000762939453,17.979999542236328,18.020000457763672,157231900
2008-11-24,15.161223411560059,20.690000534057617,20.940000534057617,19.8700008392334,19.889999389648438,125289900
2008-11-25,14.648280143737793,19.989999771118164,20.93000030517578,19.549999237060547,20.860000610351562,92948100
2008-11-26,15.014664649963379,20.489999771118164,20.68000030517578,19.729999542236328,19.729999542236328,79678300
2008-11-28,14.816814422607422,20.219999313354492,20.309999465942383,20.020000457763672,20.229999542236328,28650800
2008-12-01,13.637042999267578,18.610000610351562,19.950000762939453,18.600000381469727,19.8799991607666,79639900
2008-12-02,14.032746315002441,19.149999618530273,19.309999465942383,18.559999465942383,18.989999771118164,79689800
2008-12-03,14.560347557067871,19.8700008392334,19.899999618530273,18.600000381469727,18.649999618530273,80961500
2008-12-04,14.003436088562012,19.110000610351562,19.920000076293945,18.790000915527344,19.399999618530273,78719200
2008-12-05,14.560347557067871,19.8700008392334,19.979999542236328,18.469999313354492,18.90999984741211,91996200
2008-12-08,15.39571475982666,21.010000228881836,21.25,20.139999389648438,20.350000381469727,107225000
2008-12-09,15.09527587890625,20.600000381469727,21.25,20.459999084472656,20.6200008392334,80484900
2008-12-10,15.102607727050781,20.610000610351562,20.959999084472656,20.299999237060547,20.81999969482422,61499000
2008-12-11,14.252579689025879,19.450000762939453,20.1200008392334,19.309999465942383,20.110000610351562,83564300
2008-12-12,14.186634063720703,19.360000610351562,19.850000381469727,18.700000762939453,19.149999618530273,78112600
2008-12-15,13.952143669128418,19.040000915527344,19.440000534057617,18.889999389648438,19.34000015258789,59925900
2008-12-16,14.736210823059082,20.110000610351562,20.18000030517578,19.0,19.209999084472656,97688700
2008-12-17,14.406466484069824,19.65999984741211,20.049999237060547,19.5,19.809999465942383,78922700
2008-12-18,14.142661094665527,19.299999237060547,20.020000457763672,18.989999771118164,19.860000610351562,80759200
2008-12-19,14.010760307312012,19.1200008392334,19.799999237060547,19.110000610351562,19.420000076293945,113530400
2008-12-22,14.054728507995605,19.18000030517578,19.290000915527344,18.889999389648438,19.239999771118164,58575400
2008-12-23,14.128009796142578,19.280000686645508,19.56999969482422,19.010000228881836,19.280000686645508,47511400
2008-12-24,14.047399520874023,19.170000076293945,19.450000762939453,19.100000381469727,19.260000228881836,16880400
2008-12-26,14.018086433410645,19.1299991607666,19.329999923706055,19.09000015258789,19.200000762939453,23101000
2008-12-29,13.89351749420166,18.959999084472656,19.209999084472656,18.639999389648438,19.149999618530273,58512800
2008-12-30,14.171972274780273,19.34000015258789,19.489999771118164,19.0,19.010000228881836,43224100
2008-12-31,14.245253562927246,19.440000534057617,19.68000030517578,19.270000457763672,19.309999465942383,46419000
2009-01-02,14.897422790527344,20.329999923706055,20.399999618530273,19.3700008392334,19.530000686645508,50084000
2009-01-05,15.036660194396973,20.520000457763672,20.670000076293945,20.059999465942383,20.200000762939453,61475200
2009-01-06,15.212520599365234,20.760000228881836,21.0,20.610000610351562,20.75,58083400
2009-01-07,14.29654598236084,19.510000228881836,20.290000915527344,19.479999542236328,20.190000534057617,72709900
2009-01-08,14.743549346923828,20.1200008392334,20.190000534057617,19.549999237060547,19.6299991607666,70255400
2009-01-09,14.303877830505371,19.520000457763672,20.299999237060547,19.40999984741211,20.170000076293945,49815300
2009-01-12,14.267232894897461,19.469999313354492,19.790000915527344,19.299999237060547,19.709999084472656,52163500
2009-01-13,14.52370834350586,19.81999969482422,19.989999771118164,19.520000457763672,19.520000457763672,65843500
2009-01-14,13.988777160644531,19.09000015258789,19.68000030517578,19.010000228881836,19.530000686645508,80257500
2009-01-15,14.098695755004883,19.239999771118164,19.299999237060547,18.520000457763672,19.06999969482422,96169800
2009-01-16,14.443103790283203,19.709999084472656,19.90999984741211,19.149999618530273,19.6299991607666,79634100
2009-01-20,13.541779518127441,18.479999542236328,19.6200008392334,18.3700008392334,19.459999084472656,89873000
2009-01-21,14.20128345489502,19.3799991607666,19.450000762939453,18.459999084472656,18.8700008392334,68340900
2009-01-22,12.537873268127441,17.110000610351562,18.18000030517578,17.06999969482422,18.049999237060547,222436600
2009-01-23,12.603827476501465,17.200000762939453,17.489999771118164,16.75,16.969999313354492,117020600
2009-01-26,12.91891860961914,17.6299991607666,17.809999465942383,17.229999542236328,17.290000915527344,92476500
2009-01-27,12.940903663635254,17.65999984741211,17.969999313354492,17.43000030517578,17.780000686645508,61695000
2009-01-28,13.219364166259766,18.040000915527344,18.309999465942383,17.760000228881836,17.799999237060547,64145500
2009-01-29,12.889610290527344,17.59000015258789,17.959999084472656,17.559999465942383,17.780000686645508,49192800
2009-01-30,12.530546188354492,17.100000381469727,17.790000915527344,17.100000381469727,17.739999771118164,62370900
2009-02-02,13.065472602844238,17.829999923706055,18.1299991607666,17.0,17.030000686645508,88871700
2009-02-03,13.556438446044922,18.5,18.610000610351562,17.600000381469727,17.850000381469727,86865100
2009-02-04,13.65169620513916,18.6299991607666,19.0,18.5,18.540000915527344,75618000
2009-02-05,13.952143669128418,19.040000915527344,19.139999389648438,18.25,18.510000228881836,75195200
2009-02-06,14.406466484069824,19.65999984741211,19.93000030517578,19.059999465942383,19.15999984741211,86746000
2009-02-09,14.245253562927246,19.440000534057617,19.770000457763672,19.260000228881836,19.639999389648438,52196400
2009-02-10,13.776273727416992,18.799999237060547,19.799999237060547,18.700000762939453,19.25,83953200
2009-02-11,14.076708793640137,19.209999084472656,19.489999771118164,18.920000076293945,18.940000534057617,58599000
2009-02-12,14.113353729248047,19.260000228881836,19.31999969482422,18.540000915527344,18.969999313354492,75323200
2009-02-13,13.988777160644531,19.09000015258789,19.469999313354492,19.040000915527344,19.270000457763672,47416000
2009-02-17,13.34688949584961,18.09000015258789,18.5,17.889999389648438,18.489999771118164,75853300
2009-02-18,13.369025230407715,18.1200008392334,18.450000762939453,18.0,18.219999313354492,54946900
2009-02-19,13.214081764221191,17.90999984741211,18.3799991607666,17.809999465942383,18.299999237060547,49195600
2009-02-20,13.280488967895508,18.0,18.190000534057617,17.65999984741211,17.770000457763672,69413800
2009-02-23,12.697616577148438,17.209999084472656,18.149999618530273,17.15999984741211,18.020000457763672,70803400
2009-02-24,12.668108940124512,17.170000076293945,17.350000381469727,16.360000610351562,17.030000686645508,122674500
2009-02-25,12.51317024230957,16.959999084472656,17.239999771118164,16.459999084472656,17.010000228881836,105894600
2009-02-26,12.114755630493164,16.420000076293945,17.079999923706055,16.420000076293945,17.049999237060547,83219500
2009-02-27,11.915546417236328,16.149999618530273,16.520000457763672,16.100000381469727,16.290000915527344,93428000
2009-03-02,11.64993667602539,15.789999961853027,16.25,15.720000267028809,15.960000038146973,80602100
2009-03-03,11.716341972351074,15.880000114440918,16.239999771118164,15.640000343322754,16.030000686645508,80476600
2009-03-04,11.893411636352539,16.1200008392334,16.399999618530273,15.890000343322754,16.1200008392334,69285100
2009-03-05,11.266280174255371,15.270000457763672,15.880000114440918,15.270000457763672,15.859999656677246,89708500
2009-03-06,11.273658752441406,15.279999732971191,15.619999885559082,14.869999885559082,15.350000381469727,92821400
2009-03-09,11.177740097045898,15.149999618530273,15.739999771118164,15.100000381469727,15.199999809265137,66479100
2009-03-10,12.15902042388916,16.479999542236328,16.6200008392334,15.25,15.369999885559082,95184200
2009-03-11,12.62384033203125,17.110000610351562,17.200000762939453,16.43000030517578,16.6299991607666,84522200
2009-03-12,12.550063133239746,17.010000228881836,17.040000915527344,16.479999542236328,17.010000228881836,93694100
2009-03-13,12.284449577331543,16.649999618530273,17.049999237060547,16.18000030517578,16.979999542236328,82965800
2009-03-16,11.989326477050781,16.25,16.959999084472656,16.239999771118164,16.81999969482422,67028900
2009-03-17,12.468899726867676,16.899999618530273,16.899999618530273,16.260000228881836,16.31999969482422,62481000
2009-03-18,12.51317024230957,16.959999084472656,17.219999313354492,16.600000381469727,17.030000686645508,70710700
2009-03-19,12.645973205566406,17.139999389648438,17.450000762939453,16.920000076293945,17.3700008392334,58994600
2009-03-20,12.58695125579834,17.059999465942383,17.649999618530273,16.8799991607666,17.31999969482422,81725500
2009-03-23,13.523961067199707,18.329999923706055,18.59000015258789,17.309999465942383,17.3700008392334,71600000
2009-03-24,13.228839874267578,17.93000030517578,18.209999084472656,17.84000015258789,18.040000915527344,50044100
2009-03-25,13.191946983337402,17.8799991607666,18.309999465942383,17.520000457763672,17.979999542236328,73927100
2009-03-26,13.892865180969238,18.829999923706055,18.8799991607666,18.1200008392334,18.170000076293945,63775100
2009-03-27,13.376399993896484,18.1299991607666,18.6200008392334,18.049999237060547,18.540000915527344,47670400
2009-03-30,12.896825790405273,17.479999542236328,17.760000228881836,17.270000457763672,17.739999771118164,49633000
2009-03-31,13.553473472595215,18.3700008392334,18.790000915527344,17.780000686645508,17.829999923706055,92423300
2009-04-01,14.247005462646484,19.309999465942383,19.360000610351562,18.18000030517578,18.229999542236328,96438900
2009-04-02,14.232257843017578,19.290000915527344,19.889999389648438,19.0,19.5,99082300
2009-04-03,13.833839416503906,18.75,19.149999618530273,18.43000030517578,19.1299991607666,81858400
2009-04-06,13.841224670410156,18.760000228881836,18.760000228881836,18.270000457763672,18.540000915527344,47476100
2009-04-07,13.841224670410156,18.760000228881836,19.139999389648438,18.6299991607666,18.760000228881836,65815200
2009-04-08,14.158474922180176,19.190000534057617,19.6200008392334,18.959999084472656,18.969999313354492,56408900
2009-04-09,14.512621879577637,19.670000076293945,19.700000762939453,19.219999313354492,19.450000762939453,55759600
2009-04-13,14.453601837158203,19.59000015258789,19.850000381469727,19.3700008392334,19.690000534057617,44444700
2009-04-14,14.276516914367676,19.350000381469727,19.549999237060547,19.0,19.440000534057617,63796300
2009-04-15,13.892865180969238,18.829999923706055,19.25,18.510000228881836,19.209999084472656,72725500
2009-04-16,14.579020500183105,19.760000228881836,19.780000686645508,18.989999771118164,19.15999984741211,67688700
2009-04-17,14.165849685668945,19.200000762939453,19.690000534057617,19.0,19.690000534057617,61398500
2009-04-20,13.730549812316895,18.610000610351562,18.950000762939453,18.56999969482422,18.889999389648438,62937200
2009-04-21,13.996160507202148,18.969999313354492,19.079999923706055,18.56999969482422,18.59000015258789,60928300
2009-04-22,13.855975151062012,18.780000686645508,19.190000534057617,18.700000762939453,18.760000228881836,59401000
2009-04-23,13.959274291992188,18.920000076293945,18.940000534057617,18.469999313354492,18.920000076293945,86116300
2009-04-24,15.42750358581543,20.90999984741211,21.200000762939453,19.5,19.81999969482422,168478500
2009-04-27,15.051214218139648,20.399999618530273,20.81999969482422,20.280000686645508,20.549999237060547,68219600
2009-04-28,14.704446792602539,19.93000030517578,20.270000457763672,19.790000915527344,20.25,76685200
2009-04-29,14.940542221069336,20.25,20.889999389648438,20.059999465942383,20.110000610351562,79301600
2009-04-30,14.947920799255371,20.260000228881836,21.100000381469727,20.010000228881836,20.600000381469727,87439900
2009-05-01,14.933168411254883,20.239999771118164,20.350000381469727,19.860000610351562,20.190000534057617,63224500
2009-05-04,14.896271705627441,20.190000534057617,20.399999618530273,19.979999542236328,20.3700008392334,54313400
2009-05-05,14.601160049438477,19.790000915527344,20.239999771118164,19.639999389648438,20.139999389648438,66835500
2009-05-06,14.601160049438477,19.790000915527344,20.06999969482422,19.610000610351562,20.059999465942383,59639100
2009-05-07,14.254386901855469,19.31999969482422,19.989999771118164,19.139999389648438,19.959999084472656,68727200
2009-05-08,14.328170776367188,19.420000076293945,19.639999389648438,19.139999389648438,19.459999084472656,67597600
2009-05-11,14.254386901855469,19.31999969482422,19.729999542236328,19.010000228881836,19.200000762939453,63762600
2009-05-12,14.674935340881348,19.889999389648438,20.059999465942383,19.469999313354492,19.510000228881836,71966800
2009-05-13,14.57164192199707,19.75,20.0,19.670000076293945,19.920000076293945,49281700
2009-05-14,14.800358772277832,20.059999465942383,20.229999542236328,19.799999237060547,19.829999923706055,54539500
2009-05-15,14.918403625488281,20.219999313354492,20.5,19.979999542236328,20.1299991607666,61289900
2009-05-18,15.198777198791504,20.600000381469727,20.600000381469727,20.239999771118164,20.360000610351562,46073800
2009-05-19,15.079980850219727,20.309999465942383,20.739999771118164,20.25,20.510000228881836,51368300
2009-05-20,15.131957054138184,20.3799991607666,20.690000534057617,20.219999313354492,20.40999984741211,47450700
2009-05-21,14.716158866882324,19.81999969482422,20.229999542236328,19.510000228881836,20.139999389648438,58232800
2009-05-22,14.664182662963867,19.75,20.170000076293945,19.469999313354492,19.93000030517578,37318700
2009-05-26,15.102256774902344,20.34000015258789,20.450000762939453,19.450000762939453,19.540000915527344,44991700
2009-05-27,14.946334838867188,20.1299991607666,20.600000381469727,20.06999969482422,20.25,42892900
2009-05-28,15.183928489685059,20.450000762939453,20.6299991607666,20.049999237060547,20.31999969482422,45480800
2009-05-29,15.510627746582031,20.889999389648438,20.940000534057617,20.299999237060547,20.559999465942383,46134900
2009-06-01,15.88929271697998,21.399999618530273,21.5,20.860000610351562,21.0,57317100
2009-06-02,15.88929271697998,21.399999618530273,21.979999542236328,21.200000762939453,21.360000610351562,48935700
2009-06-03,16.134309768676758,21.729999542236328,21.760000228881836,21.290000915527344,21.309999465942383,56039600
2009-06-04,16.208559036254883,21.829999923706055,21.899999618530273,21.579999923706055,21.770000457763672,42330000
2009-06-05,16.438730239868164,22.139999389648438,22.309999465942383,21.809999465942383,21.959999084472656,59579200
2009-06-08,16.37191390991211,22.049999237060547,22.31999969482422,21.6299991607666,21.979999542236328,49000600
2009-06-09,16.394187927246094,22.079999923706055,22.31999969482422,21.8799991607666,22.059999465942383,50887700
2009-06-10,16.7431640625,22.549999237060547,22.6200008392334,22.1200008392334,22.170000076293945,61297200
2009-06-11,16.95105743408203,22.829999923706055,23.260000228881836,22.56999969482422,22.59000015258789,65124600
2009-06-12,17.322298049926758,23.329999923706055,23.3799991607666,22.739999771118164,22.899999618530273,50963500
2009-06-15,17.38912582397461,23.420000076293945,23.540000915527344,23.020000457763672,23.229999542236328,69089600
2009-06-16,17.41139793395996,23.450000762939453,24.110000610351562,23.440000534057617,23.469999313354492,105295600
2009-06-17,17.582170486450195,23.68000030517578,23.81999969482422,23.170000076293945,23.5,86483100
2009-06-18,17.448524475097656,23.5,23.690000534057617,23.299999237060547,23.6200008392334,58852200
2009-06-19,17.871749877929688,24.06999969482422,24.34000015258789,23.75,24.040000915527344,115459000
2009-06-22,17.285175323486328,23.280000686645508,23.950000762939453,23.25,23.950000762939453,71291600
2009-06-23,17.329729080200195,23.34000015258789,23.65999984741211,23.209999084472656,23.3799991607666,56752700
2009-06-24,17.42624855041504,23.469999313354492,23.75,23.360000610351562,23.450000762939453,54287700
2009-06-25,17.663848876953125,23.790000915527344,23.920000076293945,23.200000762939453,23.43000030517578,57724300
2009-06-26,17.3371524810791,23.350000381469727,23.690000534057617,23.31999969482422,23.56999969482422,65126400
2009-06-29,17.71582794189453,23.860000610351562,24.030000686645508,23.549999237060547,23.600000381469727,62854900
2009-06-30,17.648998260498047,23.770000457763672,24.239999771118164,23.6299991607666,23.969999313354492,66452400
2009-07-01,17.84947395324707,24.040000915527344,24.299999237060547,23.959999084472656,24.049999237060547,54908400
2009-07-02,17.352001190185547,23.3700008392334,24.040000915527344,23.209999084472656,23.760000228881836,65422200
2009-07-06,17.225780487060547,23.200000762939453,23.280000686645508,22.8700008392334,23.209999084472656,49207700
2009-07-07,16.728307723999023,22.530000686645508,23.139999389648438,22.459999084472656,23.079999923706055,52842500
2009-07-08,16.750579833984375,22.559999465942383,22.690000534057617,22.0,22.309999465942383,73023400
2009-07-09,16.66147804260254,22.440000534057617,22.809999465942383,22.3700008392334,22.649999618530273,46981200
2009-07-10,16.62435531616211,22.389999389648438,22.540000915527344,22.149999618530273,22.190000534057617,43229200
2009-07-13,17.248048782348633,23.229999542236328,23.290000915527344,22.139999389648438,22.420000076293945,67584000
2009-07-14,17.158952713012695,23.110000610351562,23.219999313354492,22.860000610351562,23.200000762939453,45448700
2009-07-15,17.908870697021484,24.1200008392334,24.1200008392334,23.559999465942383,23.75,67238700
2009-07-16,18.14647102355957,24.440000534057617,24.440000534057617,23.860000610351562,23.93000030517578,64555100
2009-07-17,18.035093307495117,24.290000915527344,24.450000762939453,24.100000381469727,24.399999618530273,52860100
2009-07-20,18.213287353515625,24.530000686645508,24.530000686645508,24.149999618530273,24.440000534057617,47798000
2009-07-21,18.43603515625,24.829999923706055,24.829999923706055,24.3700008392334,24.690000534057617,52028400
2009-07-22,18.41376495361328,24.799999237060547,24.899999618530273,24.510000228881836,24.700000762939453,66192500
2009-07-23,18.97805404663086,25.559999465942383,25.719999313354492,24.84000015258789,24.93000030517578,106060500
2009-07-24,17.41139793395996,23.450000762939453,23.889999389648438,22.809999465942383,23.610000610351562,215135700
2009-07-27,17.158952713012695,23.110000610351562,23.450000762939453,22.899999618530273,23.440000534057617,80950000
2009-07-28,17.42624855041504,23.469999313354492,23.549999237060547,22.899999618530273,22.989999771118164,70288400
2009-07-29,17.671266555786133,23.799999237060547,23.90999984741211,23.34000015258789,23.729999542236328,73626900
2009-07-30,17.678693771362305,23.809999465942383,24.43000030517578,23.709999084472656,24.200000762939453,67820000
2009-07-31,17.46337890625,23.520000457763672,24.06999969482422,23.5,23.770000457763672,54258200
2009-08-03,17.693546295166016,23.829999923706055,23.860000610351562,23.5,23.81999969482422,46902900
2009-08-04,17.648998260498047,23.770000457763672,23.790000915527344,23.530000686645508,23.68000030517578,49218300
2009-08-05,17.678693771362305,23.809999465942383,24.25,23.790000915527344,23.84000015258789,53310300
2009-08-06,17.418827056884766,23.459999084472656,23.979999542236328,23.270000457763672,23.93000030517578,59686000
2009-08-07,17.493072509765625,23.559999465942383,23.81999969482422,23.5,23.75,46169700
2009-08-10,17.38912582397461,23.420000076293945,23.549999237060547,23.299999237060547,23.459999084472656,35261900
2009-08-11,17.17380714416504,23.1299991607666,23.399999618530273,23.049999237060547,23.31999969482422,33615800
2009-08-12,17.47080421447754,23.530000686645508,23.899999618530273,23.030000686645508,23.1299991607666,61972300
2009-08-13,17.537628173828125,23.6200008392334,23.850000381469727,23.399999618530273,23.6299991607666,38954500
2009-08-14,17.589595794677734,23.690000534057617,23.799999237060547,23.510000228881836,23.6200008392334,46330200
2009-08-17,17.262903213500977,23.25,23.600000381469727,23.229999542236328,23.31999969482422,42474400
2009-08-18,17.606365203857422,23.579999923706055,23.649999618530273,23.270000457763672,23.290000915527344,38878900
2009-08-19,17.658632278442383,23.649999618530273,23.719999313354492,23.25,23.25,41821300
2009-08-20,17.673568725585938,23.670000076293945,23.8700008392334,23.540000915527344,23.600000381469727,39505900
2009-08-21,18.226102828979492,24.40999984741211,24.420000076293945,23.770000457763672,23.93000030517578,69011400
2009-08-24,18.397836685180664,24.639999389648438,24.729999542236328,24.280000686645508,24.40999984741211,54180900
2009-08-25,18.397836685180664,24.639999389648438,24.81999969482422,24.459999084472656,24.600000381469727,43980300
2009-08-26,18.330623626708984,24.549999237060547,24.75,24.420000076293945,24.59000015258789,41079000
2009-08-27,18.43517303466797,24.690000534057617,24.780000686645508,24.299999237060547,24.40999984741211,45495600
2009-08-28,18.427698135375977,24.68000030517578,25.489999771118164,24.610000610351562,25.06999969482422,55808000
2009-08-31,18.405302047729492,24.649999618530273,24.850000381469727,24.290000915527344,24.56999969482422,49592800
2009-09-01,17.919967651367188,24.0,24.739999771118164,23.899999618530273,24.350000381469727,62608500
2009-09-02,17.815439224243164,23.860000610351562,24.139999389648438,23.780000686645508,23.81999969482422,40771300
2009-09-03,18.002098083496094,24.110000610351562,24.139999389648438,23.760000228881836,23.90999984741211,34120000
2009-09-04,18.382902145385742,24.6200008392334,24.799999237060547,24.079999923706055,24.09000015258789,44999700
2009-09-08,18.5322265625,24.81999969482422,24.84000015258789,24.40999984741211,24.6200008392334,53737100
2009-09-09,18.502361297607422,24.780000686645508,24.950000762939453,24.670000076293945,24.739999771118164,49900300
2009-09-10,18.666627883911133,25.0,25.049999237060547,24.649999618530273,24.799999237060547,46256000
2009-09-11,18.562101364135742,24.860000610351562,25.170000076293945,24.809999465942383,24.93000030517578,54303500
2009-09-14,18.666627883911133,25.0,25.09000015258789,24.639999389648438,24.649999618530273,42806800
2009-09-15,18.815956115722656,25.200000762939453,25.270000457763672,24.860000610351562,24.969999313354492,44716600
2009-09-16,18.815956115722656,25.200000762939453,25.350000381469727,24.950000762939453,25.25,50055800
2009-09-17,18.890634536743164,25.299999237060547,25.3799991607666,25.059999465942383,25.059999465942383,42428800
2009-09-18,18.860763549804688,25.260000228881836,25.479999542236328,25.100000381469727,25.459999084472656,68016500
2009-09-21,18.890634536743164,25.299999237060547,25.3700008392334,25.100000381469727,25.110000610351562,28878700
2009-09-22,19.241567611694336,25.770000457763672,25.81999969482422,25.290000915527344,25.399999618530273,61376700
2009-09-23,19.196760177612305,25.709999084472656,26.25,25.639999389648438,25.920000076293945,60599900
2009-09-24,19.36849594116211,25.940000534057617,26.110000610351562,25.65999984741211,25.920000076293945,56302900
2009-09-25,19.077301025390625,25.549999237060547,25.81999969482422,25.520000457763672,25.690000534057617,50158900
2009-09-28,19.286361694335938,25.829999923706055,26.15999984741211,25.600000381469727,25.600000381469727,44358000
2009-09-29,19.226640701293945,25.75,25.959999084472656,25.690000534057617,25.90999984741211,39050300
2009-09-30,19.204233169555664,25.719999313354492,25.989999771118164,25.3799991607666,25.760000228881836,63533400
2009-10-01,18.5770320892334,24.8799991607666,25.469999313354492,24.799999237060547,25.40999984741211,75958100
2009-10-02,18.636768341064453,24.959999084472656,25.09000015258789,24.43000030517578,24.459999084472656,51219700
2009-10-05,18.397836685180664,24.639999389648438,25.059999465942383,24.520000457763672,24.979999542236328,60804900
2009-10-06,18.74876594543457,25.110000610351562,25.209999084472656,24.65999984741211,24.68000030517578,48795300
2009-10-07,18.741300582885742,25.100000381469727,25.18000030517578,24.8799991607666,24.989999771118164,38472700
2009-10-08,19.166894912719727,25.670000076293945,25.899999618530273,25.219999313354492,25.440000534057617,60521300
2009-10-09,19.077301025390625,25.549999237060547,25.790000915527344,25.459999084472656,25.56999969482422,39520000
2009-10-12,19.204233169555664,25.719999313354492,25.889999389648438,25.549999237060547,25.65999984741211,29145800
2009-10-13,19.271432876586914,25.809999465942383,25.940000534057617,25.520000457763672,25.59000015258789,37749000
2009-10-14,19.38343048095703,25.959999084472656,26.200000762939453,25.81999969482422,26.139999389648438,45365500
2009-10-15,19.94342803955078,26.709999084472656,26.709999084472656,25.899999618530273,25.899999618530273,65620100
2009-10-16,19.786636352539062,26.5,26.6299991607666,26.100000381469727,26.450000762939453,56500900
2009-10-19,19.682098388671875,26.360000610351562,26.579999923706055,26.25,26.489999771118164,48143200
2009-10-20,19.68956184387207,26.3700008392334,26.510000228881836,25.940000534057617,26.420000076293945,54604700
2009-10-21,19.846363067626953,26.579999923706055,26.75,26.389999389648438,26.459999084472656,61672700
2009-10-22,19.853830337524414,26.59000015258789,26.719999313354492,26.1299991607666,26.559999465942383,61600000
2009-10-23,20.921560287475586,28.020000457763672,29.350000381469727,27.8799991607666,29.200000762939453,281761000
2009-10-26,21.41436767578125,28.68000030517578,29.020000457763672,28.110000610351562,28.1299991607666,124149700
2009-10-27,21.34716033935547,28.59000015258789,28.8799991607666,28.440000534057617,28.729999542236328,69685800
2009-10-28,20.921560287475586,28.020000457763672,28.770000457763672,27.950000762939453,28.239999771118164,73542400
2009-10-29,21.070892333984375,28.219999313354492,28.40999984741211,27.850000381469727,28.06999969482422,65225500
2009-10-30,20.70503044128418,27.729999542236328,28.399999618530273,27.65999984741211,28.030000686645508,73371800
2009-11-02,20.81702423095703,27.8799991607666,28.049999237060547,27.40999984741211,27.700000762939453,62428900
2009-11-03,20.55569076538086,27.530000686645508,27.739999771118164,27.43000030517578,27.639999389648438,50294800
2009-11-04,20.9514217376709,28.059999465942383,28.389999389648438,27.6200008392334,27.690000534057617,63898400
2009-11-05,21.257558822631836,28.469999313354492,28.739999771118164,28.280000686645508,28.520000457763672,52681700
2009-11-06,21.294891357421875,28.520000457763672,28.6299991607666,28.200000762939453,28.3799991607666,38908500
2009-11-09,21.645835876464844,28.989999771118164,29.0,28.530000686645508,28.6200008392334,57518000
2009-11-10,21.660755157470703,29.010000228881836,29.280000686645508,28.809999465942383,28.899999618530273,65881100
2009-11-11,21.742891311645508,29.1200008392334,29.299999237060547,29.020000457763672,29.079999923706055,49693400
2009-11-12,21.92209243774414,29.360000610351562,29.489999771118164,29.0,29.010000228881836,55352400
2009-11-13,22.12369728088379,29.6299991607666,29.790000915527344,29.3700008392334,29.469999313354492,53037600
2009-11-16,22.05649185180664,29.540000915527344,29.799999237060547,29.3700008392334,29.610000610351562,54129500
2009-11-17,22.498971939086914,30.0,30.0,29.469999313354492,29.5,75648900
2009-11-18,22.581466674804688,30.110000610351562,30.139999389648438,29.809999465942383,30.0,59431200
2009-11-19,22.333980560302734,29.780000686645508,30.0,29.700000762939453,29.989999771118164,51967700
2009-11-20,22.2139835357666,29.6200008392334,29.770000457763672,29.43000030517578,29.65999984741211,42647100
2009-11-23,22.4539737701416,29.940000534057617,30.010000228881836,29.700000762939453,29.84000015258789,41832700
2009-11-24,22.43147850036621,29.90999984741211,29.989999771118164,29.75,29.950000762939453,37341400
2009-11-25,22.34148406982422,29.790000915527344,29.860000610351562,29.579999923706055,29.809999465942383,32033500
2009-11-27,21.91399383544922,29.219999313354492,29.389999389648438,28.75,29.110000610351562,29357900
2009-11-30,22.05649185180664,29.40999984741211,29.450000762939453,29.0,29.149999618530273,44172000
2009-12-01,22.506471633911133,30.010000228881836,30.049999237060547,29.40999984741211,29.520000457763672,49904200
2009-12-02,22.333980560302734,29.780000686645508,29.989999771118164,29.649999618530273,29.899999618530273,36308600
2009-12-03,22.371475219726562,29.829999923706055,30.200000762939453,29.760000228881836,29.84000015258789,43095200
2009-12-04,22.48396873474121,29.979999542236328,30.3700008392334,29.829999923706055,30.049999237060547,58810700
2009-12-07,22.34148406982422,29.790000915527344,30.079999923706055,29.68000030517578,29.780000686645508,38082700
2009-12-08,22.17648696899414,29.56999969482422,29.739999771118164,29.3799991607666,29.520000457763672,37402200
2009-12-09,22.281476974487305,29.709999084472656,29.809999465942383,29.25,29.469999313354492,44713300
2009-12-10,22.401477813720703,29.8700008392334,29.959999084472656,29.65999984741211,29.709999084472656,45940200
2009-12-11,22.386474609375,29.850000381469727,30.0,29.790000915527344,29.969999313354492,43744200
2009-12-14,22.581466674804688,30.110000610351562,30.15999984741211,29.899999618530273,29.90999984741211,34651200
2009-12-15,22.51396369934082,30.020000457763672,30.209999084472656,29.8799991607666,29.889999389648438,49473200
2009-12-16,22.5739688873291,30.100000381469727,30.40999984741211,30.040000915527344,30.06999969482422,55737800
2009-12-17,22.198991775512695,29.600000381469727,29.959999084472656,29.56999969482422,29.950000762939453,43691200
2009-12-18,22.768970489501953,30.360000610351562,30.450000762939453,29.799999237060547,29.84000015258789,94118000
2009-12-21,22.88896369934082,30.520000457763672,30.84000015258789,30.3700008392334,30.399999618530273,40129100
2009-12-22,23.113941192626953,30.81999969482422,30.93000030517578,30.540000915527344,30.600000381469727,36321000
2009-12-23,23.188949584960938,30.920000076293945,30.950000762939453,30.690000534057617,30.709999084472656,28362700
2009-12-24,23.248931884765625,31.0,31.0,30.760000228881836,30.8799991607666,11083900
2009-12-28,23.376426696777344,31.170000076293945,31.18000030517578,30.889999389648438,31.0,25384000
2009-12-29,23.541427612304688,31.389999389648438,31.5,31.229999542236328,31.350000381469727,29716200
2009-12-30,23.218936920166016,30.959999084472656,31.290000915527344,30.799999237060547,31.149999618530273,42006200
2009-12-31,22.858959197998047,30.479999542236328,30.989999771118164,30.479999542236328,30.979999542236328,31929700
2010-01-04,23.21143913269043,30.950000762939453,31.100000381469727,30.59000015258789,30.6200008392334,38409100
2010-01-05,23.218936920166016,30.959999084472656,31.100000381469727,30.639999389648438,30.850000381469727,49749600
2010-01-06,23.076444625854492,30.770000457763672,31.079999923706055,30.520000457763672,30.8799991607666,58182400
2010-01-07,22.836462020874023,30.450000762939453,30.700000762939453,30.190000534057617,30.6299991607666,50559700
2010-01-08,22.993955612182617,30.65999984741211,30.8799991607666,30.239999771118164,30.280000686645508,51197400
2010-01-11,22.701459884643555,30.270000457763672,30.760000228881836,30.1200008392334,30.709999084472656,68754700
2010-01-12,22.551475524902344,30.06999969482422,30.399999618530273,29.90999984741211,30.149999618530273,65912100
2010-01-13,22.761455535888672,30.350000381469727,30.520000457763672,30.010000228881836,30.260000228881836,51863500
2010-01-14,23.218936920166016,30.959999084472656,31.100000381469727,30.260000228881836,30.309999465942383,63228100
2010-01-15,23.143939971923828,30.860000610351562,31.239999771118164,30.709999084472656,31.079999923706055,79913200
2010-01-19,23.323936462402344,31.100000381469727,31.239999771118164,30.68000030517578,30.75,46575700
2010-01-20,22.941450119018555,30.59000015258789,30.940000534057617,30.309999465942383,30.809999465942383,54849500
2010-01-21,22.506471633911133,30.010000228881836,30.719999313354492,30.0,30.610000610351562,73086700
2010-01-22,21.719005584716797,28.959999084472656,30.200000762939453,28.84000015258789,30.0,102004600
2010-01-25,21.98899269104004,29.31999969482422,29.65999984741211,29.100000381469727,29.239999771118164,63373000
2010-01-26,22.123985290527344,29.5,29.850000381469727,29.09000015258789,29.200000762939453,66639900
2010-01-27,22.25148582458496,29.670000076293945,29.81999969482422,29.020000457763672,29.350000381469727,63949500
2010-01-28,21.869001388549805,29.15999984741211,29.8700008392334,28.889999389648438,29.84000015258789,117513700
2010-01-29,21.134035110473633,28.18000030517578,29.920000076293945,27.65999984741211,29.899999618530273,193888500
2010-02-01,21.306522369384766,28.40999984741211,28.479999542236328,27.920000076293945,28.389999389648438,85931100
2010-02-02,21.344030380249023,28.459999084472656,28.5,28.139999389648438,28.3700008392334,54413700
2010-02-03,21.471519470214844,28.6299991607666,28.790000915527344,28.1200008392334,28.260000228881836,61397900
2010-02-04,20.87904167175293,27.84000015258789,28.5,27.809999465942383,28.3799991607666,77850000
2010-02-05,21.0140380859375,28.020000457763672,28.280000686645508,27.56999969482422,28.0,80960100
2010-02-08,20.7890567779541,27.719999313354492,28.079999923706055,27.56999969482422,28.010000228881836,52820600
2010-02-09,21.006542205810547,28.010000228881836,28.34000015258789,27.75,27.969999313354492,59195800
2010-02-10,20.991539001464844,27.989999771118164,28.239999771118164,27.84000015258789,28.030000686645508,48591300
2010-02-11,21.08903694152832,28.1200008392334,28.399999618530273,27.700000762939453,27.93000030517578,65993700
2010-02-12,20.946542739868164,27.93000030517578,28.059999465942383,27.579999923706055,27.809999465942383,81117200
2010-02-16,21.360952377319336,28.350000381469727,28.3700008392334,28.020000457763672,28.1299991607666,51935600
2010-02-17,21.541786193847656,28.59000015258789,28.649999618530273,28.360000610351562,28.530000686645508,45882900
2010-02-18,21.828107833862305,28.969999313354492,29.030000686645508,28.510000228881836,28.59000015258789,42856500
2010-02-19,21.67741584777832,28.770000457763672,28.920000076293945,28.690000534057617,28.790000915527344,44451800
2010-02-22,21.647275924682617,28.729999542236328,28.940000534057617,28.649999618530273,28.84000015258789,36707100
2010-02-23,21.34588050842285,28.329999923706055,28.829999923706055,28.09000015258789,28.68000030517578,52266200
2010-02-24,21.57192611694336,28.6299991607666,28.790000915527344,28.3799991607666,28.520000457763672,43165900
2010-02-25,21.549325942993164,28.600000381469727,28.649999618530273,28.020000457763672,28.270000457763672,48735300
2010-02-26,21.602066040039062,28.670000076293945,28.850000381469727,28.510000228881836,28.649999618530273,40370600
2010-03-01,21.86578369140625,29.020000457763672,29.049999237060547,28.530000686645508,28.770000457763672,43805400
2010-03-02,21.443838119506836,28.459999084472656,29.299999237060547,28.239999771118164,29.079999923706055,93123900
2010-03-03,21.443838119506836,28.459999084472656,28.610000610351562,28.350000381469727,28.510000228881836,48442100
2010-03-04,21.57192611694336,28.6299991607666,28.649999618530273,28.270000457763672,28.459999084472656,42890600
2010-03-05,21.541786193847656,28.59000015258789,28.68000030517578,28.420000076293945,28.65999984741211,56001800
2010-03-08,21.57192611694336,28.6299991607666,28.93000030517578,28.5,28.520000457763672,39414500
2010-03-09,21.700010299682617,28.799999237060547,29.110000610351562,28.549999237060547,28.559999465942383,50271600
2010-03-10,21.828107833862305,28.969999313354492,29.110000610351562,28.799999237060547,28.860000610351562,44891400
2010-03-11,21.986328125,29.18000030517578,29.190000534057617,28.850000381469727,28.889999389648438,35349700
2010-03-12,22.054147720336914,29.270000457763672,29.3799991607666,29.040000915527344,29.31999969482422,31700200
2010-03-15,22.0692195892334,29.290000915527344,29.3700008392334,29.010000228881836,29.18000030517578,37512000
2010-03-16,22.129497528076172,29.3700008392334,29.489999771118164,29.200000762939453,29.420000076293945,36723500
2010-03-17,22.32539939880371,29.6299991607666,29.8700008392334,29.399999618530273,29.5,50385700
2010-03-18,22.310327529907227,29.610000610351562,29.719999313354492,29.5,29.6299991607666,43845200
2010-03-19,22.295259475708008,29.59000015258789,29.899999618530273,29.350000381469727,29.760000228881836,81332100
2010-03-22,22.302799224853516,29.600000381469727,29.700000762939453,29.389999389648438,29.5,37718200
2010-03-23,22.513771057128906,29.8799991607666,29.899999618530273,29.40999984741211,29.59000015258789,42026600
2010-03-24,22.340465545654297,29.649999618530273,29.850000381469727,29.600000381469727,29.719999313354492,33987700
2010-03-25,22.611717224121094,30.010000228881836,30.56999969482422,29.799999237060547,29.829999923706055,73168700
2010-03-26,22.348005294799805,29.65999984741211,30.200000762939453,29.59000015258789,30.09000015258789,55595500
2010-03-29,22.295259475708008,29.59000015258789,29.81999969482422,29.549999237060547,29.709999084472656,33336000
2010-03-30,22.43088722229004,29.770000457763672,29.860000610351562,29.5,29.6299991607666,34954800
2010-03-31,22.0692195892334,29.290000915527344,29.719999313354492,29.170000076293945,29.639999389648438,63760000
2010-04-01,21.971267700195312,29.15999984741211,29.540000915527344,28.6200008392334,29.350000381469727,74768100
2010-04-05,22.054147720336914,29.270000457763672,29.43000030517578,29.030000686645508,29.1299991607666,34331200
2010-04-06,22.091821670532227,29.31999969482422,29.579999923706055,28.979999542236328,29.149999618530273,47366800
2010-04-07,22.114425659179688,29.350000381469727,29.559999465942383,29.139999389648438,29.15999984741211,58318800
2010-04-08,22.543903350830078,29.920000076293945,29.979999542236328,29.299999237060547,29.31999969482422,63713800
2010-04-09,22.860363006591797,30.34000015258789,30.40999984741211,29.899999618530273,29.950000762939453,54752500
2010-04-12,22.845293045043945,30.31999969482422,30.489999771118164,30.209999084472656,30.25,37068800
2010-04-13,22.94324493408203,30.450000762939453,30.5,30.1299991607666,30.149999618530273,41374600
2010-04-14,23.222030639648438,30.81999969482422,31.0,30.65999984741211,30.790000915527344,68941200
2010-04-15,23.259700775146484,30.8700008392334,30.950000762939453,30.709999084472656,30.81999969482422,52745400
2010-04-16,23.109012603759766,30.670000076293945,30.979999542236328,30.600000381469727,30.790000915527344,88703100
2010-04-19,23.387798309326172,31.040000915527344,31.25,30.760000228881836,30.770000457763672,64970300
2010-04-20,23.628904342651367,31.360000610351562,31.440000534057617,31.1299991607666,31.219999313354492,52199500
2010-04-21,23.60630226135254,31.329999923706055,31.5,31.229999542236328,31.329999923706055,55343100
2010-04-22,23.65151023864746,31.389999389648438,31.530000686645508,30.899999618530273,31.040000915527344,84847600
2010-04-23,23.3275146484375,30.959999084472656,31.579999923706055,30.649999618530273,31.1200008392334,126766600
2010-04-26,23.440536499023438,31.110000610351562,31.280000686645508,30.860000610351562,31.0,63649300
2010-04-27,23.244632720947266,30.850000381469727,31.25,30.75,30.950000762939453,68730900
2010-04-28,23.28983497619629,30.90999984741211,31.0,30.6200008392334,30.920000076293945,64557900
2010-04-29,23.357654571533203,31.0,31.43000030517578,30.670000076293945,30.93000030517578,52665200
2010-04-30,23.011056900024414,30.540000915527344,31.079999923706055,30.520000457763672,31.06999969482422,63214800
2010-05-03,23.252164840698242,30.860000610351562,31.059999465942383,30.579999923706055,30.670000076293945,43989500
2010-05-04,22.702138900756836,30.1299991607666,30.549999237060547,29.75,30.520000457763672,82085600
2010-05-05,22.491161346435547,29.850000381469727,30.09000015258789,29.690000534057617,29.770000457763672,66833800
2010-05-06,21.83563995361328,28.979999542236328,29.8799991607666,27.90999984741211,29.59000015258789,128613000
2010-05-07,21.255464553833008,28.209999084472656,28.950000762939453,27.31999969482422,28.93000030517578,173718100
2010-05-10,21.805503845214844,28.940000534057617,29.479999542236328,28.709999084472656,29.010000228881836,86653300
2010-05-11,21.760295867919922,28.8799991607666,29.649999618530273,28.56999969482422,28.68000030517578,63789400
2010-05-12,22.1822452545166,29.440000534057617,29.579999923706055,28.920000076293945,28.979999542236328,47146800
2010-05-13,22.031539916992188,29.239999771118164,29.729999542236328,29.18000030517578,29.260000228881836,45188800
2010-05-14,21.797971725463867,28.93000030517578,29.209999084472656,28.639999389648438,29.200000762939453,63334000
2010-05-17,21.805503845214844,28.940000534057617,29.229999542236328,28.450000762939453,29.1200008392334,46053300
2010-05-18,21.646564483642578,28.600000381469727,29.0,28.399999618530273,28.8700008392334,52690600
2010-05-19,21.374088287353516,28.239999771118164,28.690000534057617,27.790000915527344,28.520000457763672,61746700
2010-05-20,20.518827438354492,27.110000610351562,27.84000015258789,27.040000915527344,27.649999618530273,87991100
2010-05-21,20.314455032348633,26.84000015258789,27.110000610351562,26.440000534057617,26.6299991607666,117596300
2010-05-24,19.88304901123047,26.270000457763672,26.860000610351562,26.260000228881836,26.850000381469727,73711700
2010-05-25,19.731666564941406,26.06999969482422,26.329999923706055,25.3799991607666,25.649999618530273,98373600
2010-05-26,18.92938232421875,25.010000228881836,26.610000610351562,24.559999465942383,26.229999542236328,176684100
2010-05-27,19.678688049316406,26.0,26.360000610351562,25.729999542236328,25.729999542236328,136433600
2010-05-28,19.527320861816406,25.799999237060547,26.1200008392334,25.65999984741211,25.84000015258789,67496900
2010-06-01,19.59543228149414,25.889999389648438,26.309999465942383,25.520000457763672,25.530000686645508,76152400
2010-06-02,20.02684783935547,26.459999084472656,26.479999542236328,25.729999542236328,26.059999465942383,65718800
2010-06-03,20.329601287841797,26.860000610351562,26.93000030517578,26.40999984741211,26.549999237060547,67837000
2010-06-04,19.51974868774414,25.790000915527344,26.56999969482422,25.6200008392334,26.100000381469727,89832200
2010-06-07,19.141307830810547,25.290000915527344,25.829999923706055,25.239999771118164,25.81999969482422,80456200
2010-06-08,19.005064010620117,25.110000610351562,25.260000228881836,24.649999618530273,25.25,87355000
2010-06-09,18.762874603271484,24.790000915527344,25.520000457763672,24.75,25.219999313354492,87794000
2010-06-10,18.921815872192383,25.0,25.149999618530273,24.780000686645508,25.1299991607666,78930900
2010-06-11,19.42135238647461,25.65999984741211,25.719999313354492,24.770000457763672,25.040000915527344,68057700
2010-06-14,19.300254821777344,25.5,25.959999084472656,25.469999313354492,25.860000610351562,50972400
2010-06-15,20.117677688598633,26.579999923706055,26.649999618530273,25.739999771118164,25.75,81641500
2010-06-16,19.920888900756836,26.31999969482422,26.579999923706055,26.229999542236328,26.469999313354492,48698000
2010-06-17,19.95872688293457,26.3700008392334,26.670000076293945,26.040000915527344,26.559999465942383,47995500
2010-06-18,20.0117130279541,26.440000534057617,26.530000686645508,26.170000076293945,26.3700008392334,52075600
2010-06-21,19.640844345092773,25.950000762939453,26.889999389648438,25.889999389648438,26.780000686645508,54625300
2010-06-22,19.50461196899414,25.770000457763672,26.450000762939453,25.760000228881836,26.15999984741211,55985400
2010-06-23,19.156444549560547,25.309999465942383,25.780000686645508,25.219999313354492,25.780000686645508,61466200
2010-06-24,18.921815872192383,25.0,25.719999313354492,24.93000030517578,25.459999084472656,85243400
2010-06-25,18.566085815429688,24.530000686645508,25.110000610351562,24.309999465942383,25.049999237060547,156256700
2010-06-28,18.39957046508789,24.309999465942383,24.610000610351562,24.1200008392334,24.510000228881836,73784800
2010-06-29,17.642702102661133,23.309999465942383,24.200000762939453,23.110000610351562,24.1299991607666,119882100
2010-06-30,17.415634155273438,23.010000228881836,23.68000030517578,22.950000762939453,23.299999237060547,81050500
2010-07-01,17.5291690826416,23.15999984741211,23.31999969482422,22.729999542236328,23.09000015258789,92239400
2010-07-02,17.612424850463867,23.270000457763672,23.479999542236328,23.049999237060547,23.360000610351562,62485100
2010-07-06,18.028709411621094,23.81999969482422,24.09000015258789,23.579999923706055,23.700000762939453,73592000
2010-07-07,18.392013549804688,24.299999237060547,24.31999969482422,23.610000610351562,23.81999969482422,79965300
2010-07-08,18.475265502929688,24.40999984741211,24.6200008392334,23.969999313354492,24.600000381469727,50758100
2010-07-09,18.369295120239258,24.270000457763672,24.40999984741211,24.149999618530273,24.329999923706055,53806100
2010-07-12,18.793149948120117,24.829999923706055,24.889999389648438,24.420000076293945,24.43000030517578,49854200
2010-07-13,19.020204544067383,25.1299991607666,25.299999237060547,24.899999618530273,25.139999389648438,61928700
2010-07-14,19.254837036132812,25.440000534057617,25.610000610351562,25.1200008392334,25.5,72808100
2010-07-15,19.307823181152344,25.510000228881836,25.59000015258789,24.979999542236328,25.5,56934700
2010-07-16,18.838558197021484,24.889999389648438,25.639999389648438,24.8799991607666,25.510000228881836,65064800
2010-07-19,19.095903396606445,25.229999542236328,25.299999237060547,24.90999984741211,24.959999084472656,38181800
2010-07-20,19.285114288330078,25.479999542236328,25.479999542236328,24.700000762939453,24.860000610351562,45530700
2010-07-21,19.01264762878418,25.1200008392334,25.649999618530273,24.979999542236328,25.600000381469727,73297300
2010-07-22,19.55759620666504,25.84000015258789,25.989999771118164,25.469999313354492,25.510000228881836,73016400
2010-07-23,19.53488540649414,25.809999465942383,26.020000457763672,25.25,25.84000015258789,108520100
2010-07-26,19.754379272460938,26.100000381469727,26.200000762939453,25.799999237060547,25.860000610351562,67249900
2010-07-27,19.799787521362305,26.15999984741211,26.239999771118164,25.959999084472656,26.139999389648438,60672100
2010-07-28,19.640844345092773,25.950000762939453,26.190000534057617,25.829999923706055,26.06999969482422,69704800
2010-07-29,19.701396942138672,26.030000686645508,26.40999984741211,25.600000381469727,26.1299991607666,69446200
2010-07-30,19.53488540649414,25.809999465942383,25.84000015258789,25.350000381469727,25.75,83534800
2010-08-02,19.92845916748047,26.329999923706055,26.3799991607666,25.75,25.989999771118164,55044600
2010-08-03,19.799787521362305,26.15999984741211,26.350000381469727,25.969999313354492,26.200000762939453,56877700
2010-08-04,19.474332809448242,25.729999542236328,26.239999771118164,25.440000534057617,26.149999618530273,78531900
2010-08-05,19.20186424255371,25.3700008392334,25.579999923706055,25.209999084472656,25.489999771118164,64922100
2010-08-06,19.338102340698242,25.549999237060547,25.559999465942383,25.020000457763672,25.18000030517578,55982100
2010-08-09,19.383508682250977,25.610000610351562,25.729999542236328,25.3700008392334,25.549999237060547,57096500
2010-08-10,18.97479820251465,25.06999969482422,25.34000015258789,24.8799991607666,25.329999923706055,87257700
2010-08-11,18.815853118896484,24.860000610351562,24.899999618530273,24.559999465942383,24.68000030517578,76746900
2010-08-12,18.53581428527832,24.489999771118164,24.68000030517578,24.360000610351562,24.420000076293945,70240500
2010-08-13,18.46769142150879,24.399999618530273,24.670000076293945,24.239999771118164,24.350000381469727,45263500
2010-08-16,18.54338264465332,24.5,24.610000610351562,24.299999237060547,24.360000610351562,40909700
2010-08-17,18.802091598510742,24.709999084472656,24.959999084472656,24.600000381469727,24.709999084472656,52912600
2010-08-18,18.885784149169922,24.81999969482422,24.950000762939453,24.40999984741211,24.68000030517578,46818900
2010-08-19,18.596643447875977,24.440000534057617,24.739999771118164,24.209999084472656,24.6200008392334,54064600
2010-08-20,18.43684959411621,24.229999542236328,24.399999618530273,24.200000762939453,24.309999465942383,49560100
2010-08-23,18.474899291992188,24.280000686645508,24.639999389648438,24.239999771118164,24.440000534057617,51643000
2010-08-24,18.292280197143555,24.040000915527344,24.350000381469727,24.0,24.09000015258789,66522500
2010-08-25,18.33793830871582,24.100000381469727,24.219999313354492,23.8700008392334,24.0,47404800
2010-08-26,18.1248722076416,23.81999969482422,24.190000534057617,23.790000915527344,24.09000015258789,49105300
2010-08-27,18.20859146118164,23.93000030517578,24.020000457763672,23.510000228881836,23.8799991607666,60939400
2010-08-30,17.987916946411133,23.639999389648438,23.81999969482422,23.600000381469727,23.739999771118164,45453100
2010-08-31,17.858556747436523,23.469999313354492,23.729999542236328,23.31999969482422,23.600000381469727,66074600
2010-09-01,18.185752868652344,23.899999618530273,23.950000762939453,23.540000915527344,23.670000076293945,65235900
2010-09-02,18.216190338134766,23.940000534057617,23.950000762939453,23.709999084472656,23.8799991607666,48837100
2010-09-03,18.482505798339844,24.290000915527344,24.450000762939453,24.200000762939453,24.239999771118164,64189100
2010-09-07,18.231412887573242,23.959999084472656,24.299999237060547,23.920000076293945,24.100000381469727,51928700
2010-09-08,18.20859146118164,23.93000030517578,24.200000762939453,23.739999771118164,24.06999969482422,65512400
2010-09-09,18.26944923400879,24.010000228881836,24.209999084472656,23.989999771118164,24.190000534057617,46028900
2010-09-10,18.1477108001709,23.850000381469727,24.030000686645508,23.790000915527344,23.979999542236328,58284300
2010-09-13,19.106449127197266,25.110000610351562,25.290000915527344,24.09000015258789,24.200000762939453,114680400
2010-09-14,19.04557991027832,25.030000686645508,25.350000381469727,24.889999389648438,25.040000915527344,87160400
2010-09-15,19.11406707763672,25.1200008392334,25.219999313354492,24.920000076293945,25.100000381469727,56201900
2010-09-16,19.27385711669922,25.329999923706055,25.3700008392334,25.049999237060547,25.059999465942383,44548300
2010-09-17,19.190153121948242,25.219999313354492,25.530000686645508,25.079999923706055,25.399999618530273,70341600
2010-09-20,19.34994125366211,25.43000030517578,25.520000457763672,25.110000610351562,25.280000686645508,49838700
2010-09-21,19.13688850402832,25.149999618530273,25.420000076293945,25.079999923706055,25.420000076293945,52675700
2010-09-22,18.726001739501953,24.610000610351562,24.969999313354492,24.360000610351562,24.889999389648438,94299400
2010-09-23,18.589038848876953,24.43000030517578,24.59000015258789,24.360000610351562,24.510000228881836,46201800
2010-09-24,18.855344772338867,24.780000686645508,24.799999237060547,24.579999923706055,24.639999389648438,51948800
2010-09-27,18.81730842590332,24.729999542236328,24.989999771118164,24.59000015258789,24.850000381469727,43603300
2010-09-28,18.779268264770508,24.68000030517578,24.899999618530273,24.350000381469727,24.799999237060547,56041200
2010-09-29,18.64229393005371,24.5,24.65999984741211,24.399999618530273,24.6299991607666,44318900
2010-09-30,18.63469123840332,24.489999771118164,24.829999923706055,24.360000610351562,24.610000610351562,61262700
2010-10-01,18.550989151000977,24.3799991607666,24.81999969482422,24.299999237060547,24.770000457763672,62672300
2010-10-04,18.193355560302734,23.90999984741211,23.989999771118164,23.780000686645508,23.959999084472656,98143400
2010-10-05,18.528167724609375,24.350000381469727,24.450000762939453,23.90999984741211,24.059999465942383,78152900
2010-10-06,18.589038848876953,24.43000030517578,24.540000915527344,24.1299991607666,24.31999969482422,50489700
2010-10-07,18.665124893188477,24.530000686645508,24.75,24.280000686645508,24.6200008392334,50096100
2010-10-08,18.695568084716797,24.56999969482422,24.649999618530273,24.3700008392334,24.6200008392334,41327800
2010-10-11,18.710779190063477,24.59000015258789,24.739999771118164,24.5,24.739999771118164,27587800
2010-10-12,18.893396377563477,24.829999923706055,24.93000030517578,24.43000030517578,24.649999618530273,50141500
2010-10-13,19.281461715698242,25.34000015258789,25.540000915527344,24.889999389648438,25.020000457763672,75336500
2010-10-14,19.197769165039062,25.229999542236328,25.34000015258789,25.0,25.290000915527344,51949100
2010-10-15,19.43364906311035,25.540000915527344,25.549999237060547,25.229999542236328,25.360000610351562,68954800
2010-10-18,19.646703720092773,25.81999969482422,25.950000762939453,25.450000762939453,25.59000015258789,48330500
2010-10-19,19.098846435546875,25.100000381469727,25.3700008392334,24.950000762939453,25.270000457763672,66150900
2010-10-20,19.258634567260742,25.309999465942383,25.399999618530273,25.100000381469727,25.260000228881836,56283600
2010-10-21,19.342334747314453,25.420000076293945,25.540000915527344,25.049999237060547,25.399999618530273,50032400
2010-10-22,19.31190299987793,25.3799991607666,25.540000915527344,25.270000457763672,25.520000457763672,25837900
2010-10-25,19.167329788208008,25.190000534057617,25.350000381469727,25.170000076293945,25.239999771118164,50912400
2010-10-26,19.70756721496582,25.899999618530273,25.969999313354492,25.059999465942383,25.1200008392334,69304200
2010-10-27,19.821706771850586,26.049999237060547,26.110000610351562,25.6200008392334,25.790000915527344,64805500
2010-10-28,19.996721267700195,26.280000686645508,26.3799991607666,25.920000076293945,26.209999084472656,80730300
2010-10-29,20.293479919433594,26.670000076293945,27.200000762939453,26.479999542236328,27.149999618530273,114193200
2010-11-01,20.506532669067383,26.950000762939453,27.219999313354492,26.700000762939453,26.8799991607666,61912100
2010-11-02,20.84132957458496,27.389999389648438,27.420000076293945,27.020000457763672,27.059999465942383,54402100
2010-11-03,20.567398071289062,27.030000686645508,27.489999771118164,26.959999084472656,27.459999084472656,110255300
2010-11-04,20.65110206604004,27.139999389648438,27.43000030517578,27.010000228881836,27.40999984741211,93599300
2010-11-05,20.430438995361328,26.850000381469727,27.190000534057617,26.530000686645508,27.170000076293945,110953700
2010-11-08,20.399995803833008,26.809999465942383,28.8700008392334,26.579999923706055,26.68000030517578,71670800
2010-11-09,20.506532669067383,26.950000762939453,27.110000610351562,26.709999084472656,26.809999465942383,58538600
2010-11-10,20.49892234802246,26.940000534057617,27.079999923706055,26.809999465942383,27.010000228881836,52277300
2010-11-11,20.301084518432617,26.68000030517578,26.719999313354492,26.280000686645508,26.68000030517578,62073100
2010-11-12,19.98911476135254,26.270000457763672,26.520000457763672,26.100000381469727,26.469999313354492,64962200
2010-11-15,19.93584632873535,26.200000762939453,26.5,26.170000076293945,26.329999923706055,51794600
2010-11-16,19.7597599029541,25.809999465942383,26.040000915527344,25.649999618530273,26.040000915527344,65339200
2010-11-17,19.576017379760742,25.56999969482422,25.90999984741211,25.549999237060547,25.899999618530273,58299700
2010-11-18,19.78273582458496,25.84000015258789,26.079999923706055,25.610000610351562,25.709999084472656,59514000
2010-11-19,19.667892456054688,25.690000534057617,25.829999923706055,25.600000381469727,25.799999237060547,52423200
2010-11-22,19.698509216308594,25.729999542236328,25.739999771118164,25.440000534057617,25.649999618530273,53350500
2010-11-23,19.231515884399414,25.1200008392334,25.600000381469727,25.09000015258789,25.56999969482422,69742500
2010-11-24,19.42290687561035,25.3700008392334,25.459999084472656,25.15999984741211,25.200000762939453,56825900
2010-11-26,19.33103370666504,25.25,25.40999984741211,25.170000076293945,25.209999084472656,21356500
2010-11-29,19.376970291137695,25.309999465942383,25.420000076293945,24.93000030517578,25.190000534057617,56603600
2010-11-30,19.338693618774414,25.260000228881836,25.469999313354492,25.0,25.049999237060547,75282100
2010-12-01,19.935850143432617,26.040000915527344,26.25,25.559999465942383,25.56999969482422,74123500
2010-12-02,20.586597442626953,26.889999389648438,26.979999542236328,26.200000762939453,26.239999771118164,91759200
2010-12-03,20.686124801635742,27.020000457763672,27.059999465942383,26.780000686645508,26.809999465942383,52622000
2010-12-06,20.548311233520508,26.84000015258789,26.979999542236328,26.760000228881836,26.93000030517578,36264200
2010-12-07,20.5712833404541,26.8700008392334,27.1299991607666,26.850000381469727,27.079999923706055,57860500
2010-12-08,20.84688949584961,27.229999542236328,27.239999771118164,26.799999237060547,26.829999923706055,41666800
2010-12-09,20.7320556640625,27.079999923706055,27.34000015258789,27.010000228881836,27.280000686645508,47148300
2010-12-10,20.931110382080078,27.34000015258789,27.399999618530273,27.110000610351562,27.190000534057617,37625800
2010-12-13,20.86220359802246,27.25,27.450000762939453,27.170000076293945,27.270000457763672,47943900
2010-12-14,21.145471572875977,27.6200008392334,27.75,27.260000228881836,27.309999465942383,64070500
2010-12-15,21.32155990600586,27.850000381469727,27.989999771118164,27.530000686645508,27.530000686645508,69634200
2010-12-16,21.42873191833496,27.989999771118164,27.989999771118164,27.65999984741211,27.760000228881836,57680200
2010-12-17,21.359834671020508,27.899999618530273,28.09000015258789,27.75,27.920000076293945,87456500
2010-12-20,21.290935516357422,27.809999465942383,27.989999771118164,27.68000030517578,27.950000762939453,52811000
2010-12-21,21.489990234375,28.06999969482422,28.139999389648438,27.760000228881836,27.850000381469727,38153000
2010-12-22,21.58184814453125,28.190000534057617,28.399999618530273,27.979999542236328,28.010000228881836,42252300
2010-12-23,21.666074752807617,28.299999237060547,28.31999969482422,27.959999084472656,27.969999313354492,24902500
2010-12-27,21.489990234375,28.06999969482422,28.200000762939453,27.8799991607666,28.1200008392334,21652800
2010-12-28,21.444053649902344,28.010000228881836,28.170000076293945,27.959999084472656,27.969999313354492,23042200
2010-12-29,21.413423538208008,27.969999313354492,28.1200008392334,27.8799991607666,27.940000534057617,19502500
2010-12-30,21.32155990600586,27.850000381469727,28.0,27.780000686645508,27.920000076293945,20786100
2010-12-31,21.367490768432617,27.90999984741211,27.920000076293945,27.6299991607666,27.799999237060547,24752000
2011-01-03,21.421079635620117,27.979999542236328,28.18000030517578,27.920000076293945,28.049999237060547,53443800
2011-01-04,21.505294799804688,28.09000015258789,28.170000076293945,27.850000381469727,27.940000534057617,54405600
2011-01-05,21.436399459838867,28.0,28.010000228881836,27.770000457763672,27.899999618530273,58998700
2011-01-06,22.06417465209961,28.81999969482422,28.850000381469727,27.860000610351562,28.040000915527344,88026300
2011-01-07,21.895748138427734,28.600000381469727,28.739999771118164,28.25,28.639999389648438,73762000
2011-01-10,21.604822158813477,28.219999313354492,28.399999618530273,28.040000915527344,28.260000228881836,57573600
2011-01-11,21.520606994628906,28.110000610351562,28.25,28.049999237060547,28.200000762939453,50298900
2011-01-12,21.857463836669922,28.549999237060547,28.59000015258789,28.06999969482422,28.1200008392334,52631100
2011-01-13,21.58184814453125,28.190000534057617,28.389999389648438,28.010000228881836,28.329999923706055,67077600
2011-01-14,21.666074752807617,28.299999237060547,28.3799991607666,27.90999984741211,28.079999923706055,62688400
2011-01-18,21.941673278808594,28.65999984741211,28.739999771118164,28.139999389648438,28.15999984741211,53322700
2011-01-19,21.796215057373047,28.469999313354492,28.68000030517578,28.270000457763672,28.459999084472656,50005900
2011-01-20,21.704341888427734,28.350000381469727,28.549999237060547,28.1299991607666,28.5,58613600
2011-01-21,21.45170783996582,28.020000457763672,28.43000030517578,28.020000457763672,28.399999618530273,58080300
2011-01-24,21.727312088012695,28.3799991607666,28.559999465942383,27.989999771118164,28.020000457763672,52047800
2011-01-25,21.780908584594727,28.450000762939453,28.450000762939453,28.1200008392334,28.139999389648438,42436600
2011-01-26,22.033546447753906,28.780000686645508,28.989999771118164,28.5,28.510000228881836,74628800
2011-01-27,22.10245704650879,28.8700008392334,29.459999084472656,28.489999771118164,28.75,146938600
2011-01-28,21.244998931884766,27.75,28.93000030517578,27.450000762939453,28.899999618530273,141249400
2011-01-31,21.22968101501465,27.729999542236328,27.899999618530273,27.420000076293945,27.770000457763672,65029000
2011-02-01,21.42873191833496,27.989999771118164,28.059999465942383,27.610000610351562,27.799999237060547,62810700
2011-02-02,21.390459060668945,27.940000534057617,28.110000610351562,27.8799991607666,27.93000030517578,45824000
2011-02-03,21.168439865112305,27.649999618530273,27.969999313354492,27.540000915527344,27.969999313354492,60340100
2011-02-04,21.260313034057617,27.770000457763672,27.84000015258789,27.510000228881836,27.700000762939453,40412200
2011-02-07,21.589515686035156,28.200000762939453,28.34000015258789,27.790000915527344,27.799999237060547,68980900
2011-02-08,21.650760650634766,28.280000686645508,28.34000015258789,28.049999237060547,28.100000381469727,34904200
2011-02-09,21.413423538208008,27.969999313354492,28.260000228881836,27.90999984741211,28.190000534057617,52905100
2011-02-10,21.053600311279297,27.5,27.940000534057617,27.290000915527344,27.93000030517578,76672400
2011-02-11,20.86220359802246,27.25,27.809999465942383,27.06999969482422,27.760000228881836,83939700
2011-02-14,20.84688949584961,27.229999542236328,27.270000457763672,26.950000762939453,27.209999084472656,56766200
2011-02-15,20.762182235717773,26.959999084472656,27.329999923706055,26.950000762939453,27.040000915527344,44116500
2011-02-16,20.808391571044922,27.020000457763672,27.06999969482422,26.600000381469727,27.049999237060547,70817900
2011-02-17,20.954708099365234,27.209999084472656,27.3700008392334,26.90999984741211,26.969999313354492,57207300
2011-02-18,20.839187622070312,27.059999465942383,27.209999084472656,26.989999771118164,27.1299991607666,68667800
2011-02-22,20.47724151611328,26.59000015258789,27.100000381469727,26.520000457763672,26.780000686645508,60889000
2011-02-23,20.47724151611328,26.59000015258789,26.860000610351562,26.43000030517578,26.530000686645508,60234100
2011-02-24,20.615861892700195,26.770000457763672,27.059999465942383,26.5,26.639999389648438,64494200
2011-02-25,20.446430206298828,26.549999237060547,26.950000762939453,26.5,26.90999984741211,53006300
2011-02-28,20.469541549682617,26.579999923706055,26.860000610351562,26.510000228881836,26.690000534057617,51379900
2011-03-01,20.146093368530273,26.15999984741211,26.780000686645508,26.149999618530273,26.600000381469727,60055000
2011-03-02,20.084484100341797,26.079999923706055,26.3700008392334,26.040000915527344,26.110000610351562,48658200
2011-03-03,20.176889419555664,26.200000762939453,26.399999618530273,26.18000030517578,26.260000228881836,68271500
2011-03-04,19.98436737060547,25.950000762939453,26.239999771118164,25.799999237060547,26.219999313354492,70437200
2011-03-07,19.8072452545166,25.719999313354492,26.270000457763672,25.549999237060547,26.1299991607666,64980400
2011-03-08,19.953561782836914,25.90999984741211,26.020000457763672,25.649999618530273,25.770000457763672,50549800
2011-03-09,19.938156127929688,25.889999389648438,25.979999542236328,25.65999984741211,25.809999465942383,39789100
2011-03-10,19.568506240844727,25.40999984741211,25.709999084472656,25.350000381469727,25.6200008392334,66549500
2011-03-11,19.776439666748047,25.68000030517578,25.850000381469727,25.360000610351562,25.40999984741211,49905800
2011-03-14,19.78414535522461,25.690000534057617,25.760000228881836,25.350000381469727,25.489999771118164,54473400
2011-03-15,19.5531063079834,25.389999389648438,25.469999313354492,25.0,25.079999923706055,76067300
2011-03-16,19.091041564941406,24.790000915527344,25.280000686645508,24.68000030517578,25.219999313354492,100725400
2011-03-17,19.083335876464844,24.780000686645508,25.219999313354492,24.75,25.059999465942383,62497000
2011-03-18,19.098737716674805,24.799999237060547,25.18000030517578,24.799999237060547,25.059999465942383,85486700
2011-03-21,19.50690269470215,25.329999923706055,25.579999923706055,25.149999618530273,25.18000030517578,46878100
2011-03-22,19.483802795410156,25.299999237060547,25.459999084472656,25.229999542236328,25.299999237060547,30895600
2011-03-23,19.668624877929688,25.540000915527344,25.610000610351562,25.18000030517578,25.229999542236328,43969000
2011-03-24,19.876548767089844,25.809999465942383,25.8700008392334,25.5,25.600000381469727,38696700
2011-03-25,19.730236053466797,25.6200008392334,25.950000762939453,25.59000015258789,25.93000030517578,57029800
2011-03-28,19.568506240844727,25.40999984741211,25.719999313354492,25.3799991607666,25.65999984741211,48973200
2011-03-29,19.630123138427734,25.489999771118164,25.520000457763672,25.299999237060547,25.34000015258789,40763500
2011-03-30,19.7225341796875,25.610000610351562,25.719999313354492,25.5,25.600000381469727,41999300
2011-03-31,19.5531063079834,25.389999389648438,25.68000030517578,25.34000015258789,25.600000381469727,63233700
2011-04-01,19.622419357299805,25.479999542236328,25.530000686645508,25.309999465942383,25.530000686645508,63114200
2011-04-04,19.67633056640625,25.549999237060547,25.65999984741211,25.40999984741211,25.450000762939453,35433700
2011-04-05,19.85344886779785,25.780000686645508,26.18000030517578,25.739999771118164,25.81999969482422,73651100
2011-04-06,20.13839340209961,26.149999618530273,26.309999465942383,25.860000610351562,25.979999542236328,65581400
2011-04-07,20.176889419555664,26.200000762939453,26.260000228881836,25.969999313354492,26.190000534057617,46134700
2011-04-08,20.07677459716797,26.06999969482422,26.280000686645508,25.959999084472656,26.170000076293945,39887600
2011-04-11,20.007474899291992,25.979999542236328,26.25,25.799999237060547,26.190000534057617,34286300
2011-04-12,19.745637893676758,25.639999389648438,25.850000381469727,25.549999237060547,25.829999923706055,36920400
2011-04-13,19.73793601989746,25.6299991607666,25.8700008392334,25.559999465942383,25.649999618530273,38144700
2011-04-14,19.576210021972656,25.420000076293945,25.440000534057617,25.09000015258789,25.420000076293945,55239900
2011-04-15,19.537700653076172,25.3700008392334,25.559999465942383,25.18000030517578,25.459999084472656,65080400
2011-04-18,19.314369201660156,25.079999923706055,25.280000686645508,24.719999313354492,25.100000381469727,58045100
2011-04-19,19.368276596069336,25.149999618530273,25.170000076293945,24.8700008392334,25.0,38892400
2011-04-20,19.83804702758789,25.760000228881836,26.0,25.510000228881836,25.540000915527344,61608600
2011-04-21,19.653217315673828,25.520000457763672,25.889999389648438,25.360000610351562,25.790000915527344,46892300
2011-04-25,19.7225341796875,25.610000610351562,25.6200008392334,25.34000015258789,25.559999465942383,33525100
2011-04-26,20.16919708251953,26.190000534057617,26.440000534057617,25.670000076293945,25.739999771118164,69200000
2011-04-27,20.315515518188477,26.3799991607666,26.389999389648438,26.1299991607666,26.299999237060547,52689000
2011-04-28,20.56965446472168,26.709999084472656,26.8700008392334,26.399999618530273,26.459999084472656,80200000
2011-04-29,19.96126937866211,25.920000076293945,26.639999389648438,25.360000610351562,26.549999237060547,319317900
2011-05-02,19.76103401184082,25.65999984741211,26.0,25.479999542236328,25.940000534057617,89825600
2011-05-03,19.876548767089844,25.809999465942383,25.850000381469727,25.489999771118164,25.600000381469727,71892900
2011-05-04,20.069076538085938,26.059999465942383,26.25,25.790000915527344,25.850000381469727,73292300
2011-05-05,19.86115264892578,25.790000915527344,26.079999923706055,25.68000030517578,26.049999237060547,55600000
2011-05-06,19.922761917114258,25.8700008392334,26.219999313354492,25.75,26.06999969482422,55993000
2011-05-09,19.891963958740234,25.829999923706055,25.959999084472656,25.670000076293945,25.799999237060547,38696400
2011-05-10,19.768735885620117,25.670000076293945,25.850000381469727,25.25,25.3799991607666,120798700
2011-05-11,19.530000686645508,25.360000610351562,25.65999984741211,25.209999084472656,25.649999618530273,78600000
2011-05-12,19.49920082092285,25.31999969482422,25.389999389648438,25.100000381469727,25.350000381469727,77400000
2011-05-13,19.27586555480957,25.030000686645508,25.31999969482422,24.950000762939453,25.280000686645508,66812300
2011-05-16,18.921615600585938,24.56999969482422,25.06999969482422,24.5,24.959999084472656,91350900
2011-05-17,19.006887435913086,24.520000457763672,24.700000762939453,24.270000457763672,24.399999618530273,82882100
2011-05-18,19.138662338256836,24.690000534057617,24.739999771118164,24.25,24.530000686645508,53931100
2011-05-19,19.16192054748535,24.719999313354492,24.8799991607666,24.5,24.850000381469727,37783600
2011-05-20,18.98362922668457,24.489999771118164,24.8700008392334,24.440000534057617,24.719999313354492,45451500
2011-05-23,18.735586166381836,24.170000076293945,24.25,24.030000686645508,24.209999084472656,52692500
2011-05-24,18.72007179260254,24.149999618530273,24.290000915527344,24.040000915527344,24.200000762939453,47691800
2011-05-25,18.75108528137207,24.190000534057617,24.309999465942383,24.15999984741211,24.170000076293945,34904200
2011-05-26,19.12315559387207,24.670000076293945,25.030000686645508,24.31999969482422,24.350000381469727,78016600
2011-05-27,19.192922592163086,24.760000228881836,24.899999618530273,24.649999618530273,24.68000030517578,50251000
2011-05-31,19.386707305908203,25.010000228881836,25.059999465942383,24.700000762939453,24.959999084472656,60196300
2011-06-01,18.937122344970703,24.43000030517578,25.100000381469727,24.3700008392334,24.989999771118164,74033500
2011-06-02,18.77433967590332,24.219999313354492,24.649999618530273,24.18000030517578,24.489999771118164,51487800
2011-06-03,18.53403091430664,23.90999984741211,24.139999389648438,23.84000015258789,24.049999237060547,60697700
2011-06-06,18.611549377441406,24.010000228881836,24.25,23.770000457763672,23.889999389648438,54778700
2011-06-07,18.65030860900879,24.059999465942383,24.170000076293945,23.899999618530273,24.09000015258789,41112600
2011-06-08,18.557289123535156,23.940000534057617,24.020000457763672,23.860000610351562,23.899999618530273,42205000
2011-06-09,18.572795867919922,23.959999084472656,24.040000915527344,23.81999969482422,24.010000228881836,42878700
2011-06-10,18.379003524780273,23.709999084472656,24.020000457763672,23.690000534057617,24.020000457763672,49327200
2011-06-13,18.63480567932129,24.040000915527344,24.190000534057617,23.700000762939453,23.790000915527344,47572500
2011-06-14,18.77433967590332,24.219999313354492,24.450000762939453,24.190000534057617,24.299999237060547,42894500
2011-06-15,18.402252197265625,23.739999771118164,24.010000228881836,23.670000076293945,24.0,49410200
2011-06-16,18.60379981994629,24.0,24.100000381469727,23.649999618530273,23.75,57184100
2011-06-17,18.805339813232422,24.260000228881836,24.299999237060547,23.979999542236328,24.219999313354492,83320400
2011-06-20,18.968120574951172,24.469999313354492,24.65999984741211,24.15999984741211,24.170000076293945,54338400
2011-06-21,19.192922592163086,24.760000228881836,24.860000610351562,24.399999618530273,24.520000457763672,49708700
2011-06-22,19.107650756835938,24.649999618530273,24.809999465942383,24.59000015258789,24.600000381469727,44287300
2011-06-23,19.092153549194336,24.6299991607666,24.649999618530273,24.200000762939453,24.440000534057617,59470400
2011-06-24,18.836347579956055,24.299999237060547,24.540000915527344,24.190000534057617,24.510000228881836,101387200
2011-06-27,19.53398323059082,25.200000762939453,25.459999084472656,24.229999542236328,24.229999542236328,92044200
2011-06-28,19.999088287353516,25.799999237060547,25.920000076293945,25.15999984741211,25.299999237060547,81032100
2011-06-29,19.859561920166016,25.6200008392334,25.709999084472656,25.360000610351562,25.709999084472656,66051000
2011-06-30,20.154123306274414,26.0,26.0,25.65999984741211,25.739999771118164,52535400
2011-07-01,20.16962242126465,26.020000457763672,26.170000076293945,25.84000015258789,25.93000030517578,52906200
2011-07-05,20.1773681640625,26.030000686645508,26.149999618530273,25.899999618530273,26.100000381469727,37805300
2011-07-06,20.409914016723633,26.329999923706055,26.3700008392334,25.959999084472656,25.969999313354492,48744200
2011-07-07,20.750988006591797,26.770000457763672,26.8799991607666,26.360000610351562,26.489999771118164,51946500
2011-07-08,20.867263793945312,26.920000076293945,26.979999542236328,26.510000228881836,26.540000915527344,58320700
2011-07-11,20.6424617767334,26.6299991607666,26.799999237060547,26.489999771118164,26.6200008392334,43999800
2011-07-12,20.572694778442383,26.540000915527344,26.790000915527344,26.34000015258789,26.549999237060547,47319300
2011-07-13,20.6424617767334,26.6299991607666,26.959999084472656,26.510000228881836,26.600000381469727,40861800
2011-07-14,20.5184383392334,26.469999313354492,27.010000228881836,26.360000610351562,26.6200008392334,46382300
2011-07-15,20.758745193481445,26.780000686645508,26.93000030517578,26.469999313354492,26.469999313354492,49132400
2011-07-18,20.611459732055664,26.59000015258789,26.899999618530273,26.260000228881836,26.6299991607666,44501900
2011-07-19,21.34786605834961,27.540000915527344,27.639999389648438,26.780000686645508,26.809999465942383,86730600
2011-07-20,20.97578239440918,27.059999465942383,27.350000381469727,26.979999542236328,27.280000686645508,49795400
2011-07-21,21.00679588317871,27.100000381469727,27.309999465942383,26.649999618530273,27.040000915527344,81737400
2011-07-22,21.340103149414062,27.530000686645508,27.549999237060547,26.68000030517578,26.860000610351562,76380600
2011-07-25,21.634672164916992,27.90999984741211,28.09000015258789,27.190000534057617,27.260000228881836,108482400
2011-07-26,21.766448974609375,28.079999923706055,28.149999618530273,27.780000686645508,27.81999969482422,74636500
2011-07-27,21.185077667236328,27.329999923706055,27.989999771118164,27.200000762939453,27.8799991607666,71488700
2011-07-28,21.48738670349121,27.719999313354492,28.06999969482422,27.209999084472656,27.290000915527344,83761400
2011-07-29,21.239341735839844,27.399999618530273,27.709999084472656,27.260000228881836,27.520000457763672,104394800
2011-08-01,21.138574600219727,27.270000457763672,27.690000534057617,26.75,27.510000228881836,61838400
2011-08-02,20.77424430847168,26.799999237060547,27.450000762939453,26.760000228881836,26.979999542236328,63883100
2011-08-03,20.867263793945312,26.920000076293945,27.0,26.479999542236328,26.829999923706055,64581200
2011-08-04,20.107606887817383,25.940000534057617,26.8700008392334,25.93000030517578,26.530000686645508,92949500
2011-08-05,19.906064987182617,25.68000030517578,26.100000381469727,25.229999542236328,25.969999313354492,112071700
2011-08-08,18.975872039794922,24.479999542236328,25.600000381469727,24.389999389648438,25.020000457763672,134257200
2011-08-09,19.82855987548828,25.579999923706055,25.6200008392334,24.030000686645508,24.709999084472656,126268900
2011-08-10,18.758834838867188,24.200000762939453,25.09000015258789,24.100000381469727,24.950000762939453,127819900
2011-08-11,19.5262451171875,25.190000534057617,25.3799991607666,24.399999618530273,24.5,90690100
2011-08-12,19.45647621154785,25.100000381469727,25.34000015258789,24.649999618530273,25.1299991607666,64787100
2011-08-15,19.774288177490234,25.510000228881836,25.579999923706055,25.149999618530273,25.239999771118164,56529400
2011-08-16,19.7742919921875,25.350000381469727,25.59000015258789,25.049999237060547,25.219999313354492,54251500
2011-08-17,19.696285247802734,25.25,25.700000762939453,24.93000030517578,25.25,50923700
2011-08-18,19.243854522705078,24.670000076293945,25.09000015258789,24.030000686645508,24.56999969482422,105714200
2011-08-19,18.760231018066406,24.049999237060547,24.6200008392334,23.90999984741211,24.40999984741211,77397900
2011-08-22,18.705617904663086,23.979999542236328,24.489999771118164,23.790000915527344,24.420000076293945,54721000
2011-08-23,19.282859802246094,24.719999313354492,24.75,24.030000686645508,24.030000686645508,59670600
2011-08-24,19.42326545715332,24.899999618530273,24.93000030517578,24.420000076293945,24.649999618530273,45329700
2011-08-25,19.165849685668945,24.56999969482422,25.15999984741211,24.5,25.079999923706055,48192000
2011-08-26,19.696285247802734,25.25,25.34000015258789,24.420000076293945,24.510000228881836,71957000
2011-08-29,20.15651512145996,25.84000015258789,25.860000610351562,25.3700008392334,25.530000686645508,38863200
2011-08-30,20.460737228393555,26.229999542236328,26.43000030517578,25.700000762939453,25.729999542236328,57341400
2011-08-31,20.749353408813477,26.600000381469727,26.709999084472656,26.260000228881836,26.290000915527344,59300800
2011-09-01,20.445133209228516,26.209999084472656,26.860000610351562,26.209999084472656,26.459999084472656,60510800
2011-09-02,20.125314712524414,25.799999237060547,26.0,25.65999984741211,25.780000686645508,43894400
2011-09-06,19.899093627929688,25.510000228881836,25.59000015258789,25.110000610351562,25.200000762939453,54929300
2011-09-07,20.281322479248047,26.0,26.0,25.56999969482422,25.690000534057617,41961000
2011-09-08,20.452938079833984,26.219999313354492,26.65999984741211,25.950000762939453,26.0,65811900
2011-09-09,20.07851219177246,25.739999771118164,26.18000030517578,25.5,26.0,64529200
2011-09-12,20.195512771606445,25.889999389648438,25.93000030517578,25.270000457763672,25.440000534057617,55046100
2011-09-13,20.312528610229492,26.040000915527344,26.190000534057617,25.809999465942383,25.920000076293945,48792300
2011-09-14,20.671348571777344,26.5,26.799999237060547,25.889999389648438,26.170000076293945,66739200
2011-09-15,21.05356788635254,26.989999771118164,27.030000686645508,26.309999465942383,26.729999542236328,67808300
2011-09-16,21.15497398376465,27.1200008392334,27.270000457763672,26.829999923706055,27.049999237060547,89681500
2011-09-19,21.22518539428711,27.209999084472656,27.309999465942383,26.600000381469727,26.799999237060547,52324900
2011-09-20,21.045772552490234,26.979999542236328,27.5,26.93000030517578,27.309999465942383,49211900
2011-09-21,20.27352523803711,25.989999771118164,27.059999465942383,25.969999313354492,27.049999237060547,72750700
2011-09-22,19.548072814941406,25.059999465942383,25.649999618530273,24.600000381469727,25.299999237060547,96278300
2011-09-23,19.548072814941406,25.059999465942383,25.149999618530273,24.690000534057617,24.899999618530273,64768100
2011-09-26,19.844491958618164,25.440000534057617,25.520000457763672,24.729999542236328,25.190000534057617,51057600
2011-09-27,20.023906707763672,25.670000076293945,25.920000076293945,25.450000762939453,25.65999984741211,55620700
2011-09-28,19.953704833984375,25.579999923706055,26.3700008392334,25.510000228881836,25.93000030517578,60736200
2011-09-29,19.852296829223633,25.450000762939453,26.170000076293945,25.09000015258789,25.979999542236328,63407300
2011-09-30,19.415470123291016,24.889999389648438,25.5,24.8799991607666,25.200000762939453,54060500
2011-10-03,19.134645462036133,24.530000686645508,25.34000015258789,24.520000457763672,24.719999313354492,64592500
2011-10-04,19.766496658325195,25.34000015258789,25.389999389648438,24.260000228881836,24.299999237060547,83485400
2011-10-05,20.195512771606445,25.889999389648438,26.15999984741211,25.15999984741211,25.420000076293945,94061300
2011-10-06,20.546537399291992,26.34000015258789,26.399999618530273,25.700000762939453,25.899999618530273,55111400
2011-10-07,20.47633934020996,26.25,26.510000228881836,26.200000762939453,26.34000015258789,52741600
2011-10-10,21.01457405090332,26.940000534057617,26.969999313354492,26.469999313354492,26.579999923706055,41815300
2011-10-11,21.061378479003906,27.0,27.06999969482422,26.719999313354492,26.860000610351562,38826200
2011-10-12,21.030170440673828,26.959999084472656,27.309999465942383,26.899999618530273,27.18000030517578,52489800
2011-10-13,21.201784133911133,27.18000030517578,27.200000762939453,26.6200008392334,26.760000228881836,43823500
2011-10-14,21.271995544433594,27.270000457763672,27.5,27.020000457763672,27.309999465942383,50947700
2011-10-17,21.045772552490234,26.979999542236328,27.420000076293945,26.850000381469727,27.110000610351562,39453300
2011-10-18,21.303190231323242,27.309999465942383,27.399999618530273,26.799999237060547,26.940000534057617,52487900
2011-10-19,21.162782669067383,27.1299991607666,27.469999313354492,27.010000228881836,27.3700008392334,42880000
2011-10-20,21.09257698059082,27.040000915527344,27.34000015258789,26.399999618530273,27.260000228881836,76300200
2011-10-21,21.18617820739746,27.15999984741211,27.190000534057617,26.799999237060547,27.149999618530273,76620600
2011-10-24,21.209575653076172,27.190000534057617,27.399999618530273,27.040000915527344,27.059999465942383,56897800
2011-10-25,20.91316032409668,26.809999465942383,27.229999542236328,26.719999313354492,27.079999923706055,53554600
2011-10-26,20.741561889648438,26.59000015258789,27.059999465942383,26.100000381469727,27.030000686645508,63029900
2011-10-27,21.256383895874023,27.25,27.399999618530273,26.649999618530273,27.1299991607666,74512400
2011-10-28,21.045772552490234,26.979999542236328,27.190000534057617,26.790000915527344,27.139999389648438,57712100
2011-10-31,20.772754669189453,26.6299991607666,27.0,26.6200008392334,26.760000228881836,46799000
2011-11-01,20.27352523803711,25.989999771118164,26.31999969482422,25.860000610351562,26.190000534057617,61182600
2011-11-02,20.28912353515625,26.010000228881836,26.200000762939453,25.700000762939453,26.100000381469727,53533100
2011-11-03,20.69474983215332,26.530000686645508,26.59000015258789,25.979999542236328,26.239999771118164,65836100
2011-11-04,20.47633934020996,26.25,26.399999618530273,26.0,26.3799991607666,36549200
2011-11-07,20.905364990234375,26.799999237060547,26.81999969482422,26.1299991607666,26.209999084472656,42589700
2011-11-08,21.18617820739746,27.15999984741211,27.200000762939453,26.690000534057617,27.010000228881836,47822500
2011-11-09,20.437335968017578,26.200000762939453,26.75,26.059999465942383,26.59000015258789,62950900
2011-11-10,20.499731063842773,26.280000686645508,26.5,26.1200008392334,26.469999313354492,32514400
2011-11-11,20.991168975830078,26.90999984741211,27.079999923706055,26.56999969482422,26.579999923706055,37903000
2011-11-14,20.874164581298828,26.760000228881836,27.0,26.649999618530273,26.8799991607666,34199200
2011-11-15,21.01563262939453,26.739999771118164,26.940000534057617,26.399999618530273,26.559999465942383,43874200
2011-11-16,20.48906135559082,26.06999969482422,26.510000228881836,26.040000915527344,26.469999313354492,53262800
2011-11-17,20.072521209716797,25.540000915527344,26.040000915527344,25.440000534057617,26.010000228881836,70977500
2011-11-18,19.883901596069336,25.299999237060547,25.5,25.149999618530273,25.479999542236328,47626200
2011-11-21,19.648113250732422,25.0,25.25,24.899999618530273,25.239999771118164,61882500
2011-11-22,19.483076095581055,24.790000915527344,24.959999084472656,24.649999618530273,24.889999389648438,49204500
2011-11-23,19.23158073425293,24.469999313354492,24.790000915527344,24.469999313354492,24.610000610351562,49099700
2011-11-25,19.09797477722168,24.299999237060547,24.670000076293945,24.299999237060547,24.3799991607666,26164600
2011-11-28,19.54595375061035,24.8700008392334,24.969999313354492,24.690000534057617,24.940000534057617,46766700
2011-11-29,19.522371292114258,24.84000015258789,25.040000915527344,24.75,24.81999969482422,40917100
2011-11-30,20.103958129882812,25.579999923706055,25.59000015258789,25.139999389648438,25.3700008392334,81350900
2011-12-01,19.868175506591797,25.280000686645508,25.6299991607666,25.200000762939453,25.559999465942383,48545400
2011-12-02,19.82102394104004,25.219999313354492,25.6200008392334,25.15999984741211,25.59000015258789,52293800
2011-12-05,20.198265075683594,25.700000762939453,25.799999237060547,25.5,25.780000686645508,56818400
2011-12-06,20.166828155517578,25.65999984741211,25.8700008392334,25.610000610351562,25.809999465942383,46175300
2011-12-07,20.119670867919922,25.600000381469727,25.760000228881836,25.34000015258789,25.670000076293945,62667000
2011-12-08,19.962482452392578,25.399999618530273,25.719999313354492,25.3700008392334,25.479999542236328,60522200
2011-12-09,20.198265075683594,25.700000762939453,25.8700008392334,25.5,25.520000457763672,53788500
2011-12-12,20.04893684387207,25.510000228881836,25.56999969482422,25.290000915527344,25.40999984741211,38945900
2011-12-13,20.245420455932617,25.760000228881836,26.100000381469727,25.649999618530273,25.75,54581100
2011-12-14,20.11181640625,25.59000015258789,25.860000610351562,25.56999969482422,25.719999313354492,47926400
2011-12-15,20.088239669799805,25.559999465942383,25.8799991607666,25.540000915527344,25.719999313354492,46213900
2011-12-16,20.434045791625977,26.0,26.170000076293945,25.6299991607666,25.670000076293945,101408100
2011-12-19,20.06466293334961,25.530000686645508,26.1200008392334,25.459999084472656,26.020000457763672,52258300
2011-12-20,20.45762062072754,26.030000686645508,26.100000381469727,25.809999465942383,25.860000610351562,60767600
2011-12-21,20.245420455932617,25.760000228881836,26.190000534057617,25.440000534057617,26.010000228881836,64132500
2011-12-22,20.28471565246582,25.809999465942383,25.860000610351562,25.479999542236328,25.81999969482422,35794100
2011-12-23,20.45762062072754,26.030000686645508,26.040000915527344,25.729999542236328,25.90999984741211,23205800
2011-12-27,20.465484619140625,26.040000915527344,26.139999389648438,25.93000030517578,25.959999084472656,21287200
2011-12-28,20.292579650878906,25.81999969482422,26.149999618530273,25.760000228881836,26.110000610351562,29822500
2011-12-29,20.449764251708984,26.020000457763672,26.049999237060547,25.860000610351562,25.950000762939453,22616900
2011-12-30,20.402603149414062,25.959999084472656,26.1200008392334,25.90999984741211,26.0,27395700
2012-01-03,21.03920555114746,26.770000457763672,26.959999084472656,26.389999389648438,26.549999237060547,64731500
2012-01-04,21.534334182739258,27.399999618530273,27.469999313354492,26.780000686645508,26.81999969482422,80516100
2012-01-05,21.7544002532959,27.68000030517578,27.729999542236328,27.290000915527344,27.3799991607666,56081400
2012-01-06,22.092348098754883,28.110000610351562,28.190000534057617,27.530000686645508,27.530000686645508,99455500
2012-01-09,21.801551818847656,27.739999771118164,28.100000381469727,27.719999313354492,28.049999237060547,59706800
2012-01-10,21.880142211914062,27.84000015258789,28.149999618530273,27.75,27.93000030517578,60014400
2012-01-11,21.78583526611328,27.719999313354492,27.979999542236328,27.3700008392334,27.43000030517578,65582400
2012-01-12,22.005891799926758,28.0,28.020000457763672,27.649999618530273,27.8700008392334,49370800
2012-01-13,22.20237159729004,28.25,28.25,27.790000915527344,27.93000030517578,60196100
2012-01-17,22.210235595703125,28.260000228881836,28.649999618530273,28.170000076293945,28.399999618530273,72395300
2012-01-18,22.1866512298584,28.229999542236328,28.399999618530273,27.969999313354492,28.309999465942383,64860600
2012-01-19,22.100204467773438,28.1200008392334,28.440000534057617,28.030000686645508,28.15999984741211,74053500
2012-01-20,23.349821090698242,29.709999084472656,29.739999771118164,28.75,28.81999969482422,165902900
2012-01-23,23.36554527282715,29.729999542236328,29.950000762939453,29.350000381469727,29.549999237060547,76078100
2012-01-24,23.05902671813965,29.34000015258789,29.56999969482422,29.18000030517578,29.469999313354492,51703300
2012-01-25,23.23193359375,29.559999465942383,29.649999618530273,29.06999969482422,29.06999969482422,59231700
2012-01-26,23.184778213500977,29.5,29.700000762939453,29.399999618530273,29.610000610351562,49102800
2012-01-27,22.972578048706055,29.229999542236328,29.530000686645508,29.170000076293945,29.450000762939453,44187700
2012-01-30,23.2712345123291,29.610000610351562,29.6200008392334,28.829999923706055,28.969999313354492,51114800
2012-01-31,23.208354949951172,29.530000686645508,29.700000762939453,29.229999542236328,29.65999984741211,50572400
2012-02-01,23.491291046142578,29.889999389648438,30.049999237060547,29.760000228881836,29.790000915527344,67409900
2012-02-02,23.53844451904297,29.950000762939453,30.170000076293945,29.709999084472656,29.899999618530273,52223300
2012-02-03,23.76636505126953,30.239999771118164,30.399999618530273,30.09000015258789,30.139999389648438,41838500
2012-02-06,23.73493194580078,30.200000762939453,30.219999313354492,29.969999313354492,30.040000915527344,28039700
2012-02-07,23.852819442749023,30.350000381469727,30.489999771118164,30.049999237060547,30.149999618530273,39242400
2012-02-08,24.096454620361328,30.65999984741211,30.670000076293945,30.219999313354492,30.260000228881836,49659100
2012-02-09,24.182905197143555,30.770000457763672,30.799999237060547,30.479999542236328,30.68000030517578,50481600
2012-02-10,23.970701217651367,30.5,30.799999237060547,30.360000610351562,30.639999389648438,44605300
2012-02-13,24.03357696533203,30.579999923706055,30.770000457763672,30.43000030517578,30.6299991607666,33319800
2012-02-14,23.930736541748047,30.25,30.459999084472656,29.850000381469727,30.329999923706055,59644000
2012-02-15,23.772512435913086,30.049999237060547,30.389999389648438,30.030000686645508,30.329999923706055,43311300
2012-02-16,24.753477096557617,31.290000915527344,31.549999237060547,30.299999237060547,30.309999465942383,94705100
2012-02-17,24.721837997436523,31.25,31.31999969482422,30.950000762939453,31.200000762939453,70036500
2012-02-21,24.872148513793945,31.440000534057617,31.610000610351562,31.149999618530273,31.18000030517578,50829900
2012-02-22,24.73765754699707,31.270000457763672,31.68000030517578,31.18000030517578,31.450000762939453,49253200
2012-02-23,24.8167667388916,31.3700008392334,31.59000015258789,31.0,31.200000762939453,35034700
2012-02-24,24.90378189086914,31.479999542236328,31.5,31.239999771118164,31.479999542236328,35575400
2012-02-27,24.800949096679688,31.350000381469727,31.5,31.100000381469727,31.239999771118164,34568400
2012-02-28,25.212318420410156,31.8700008392334,31.93000030517578,31.3799991607666,31.40999984741211,45230600
2012-02-29,25.109477996826172,31.739999771118164,32.0,31.610000610351562,31.889999389648438,59323600
2012-03-01,25.544578552246094,32.290000915527344,32.38999938964844,31.850000381469727,31.93000030517578,77344100
2012-03-02,25.378454208374023,32.08000183105469,32.439998626708984,32.0,32.310001373291016,47314200
2012-03-05,25.156940460205078,31.799999237060547,32.04999923706055,31.6200008392334,32.0099983215332,45240000
2012-03-06,24.967077255249023,31.559999465942383,31.979999542236328,31.489999771118164,31.540000915527344,51932900
2012-03-07,25.18858528137207,31.84000015258789,31.920000076293945,31.530000686645508,31.670000076293945,34340400
2012-03-08,25.323068618774414,32.0099983215332,32.209999084472656,31.899999618530273,32.040000915527344,36747400
2012-03-09,25.307252883911133,31.989999771118164,32.15999984741211,31.920000076293945,32.099998474121094,34628400
2012-03-12,25.346799850463867,32.040000915527344,32.20000076293945,31.81999969482422,31.969999313354492,34073600
2012-03-13,25.845195770263672,32.66999816894531,32.689998626708984,32.150001525878906,32.2400016784668,48951700
2012-03-14,25.92430305480957,32.77000045776367,32.880001068115234,32.4900016784668,32.529998779296875,41986900
2012-03-15,25.987590789794922,32.849998474121094,32.939998626708984,32.58000183105469,32.790000915527344,49068300
2012-03-16,25.789817810058594,32.599998474121094,32.95000076293945,32.5,32.90999984741211,65626400
2012-03-19,25.473384857177734,32.20000076293945,32.61000061035156,32.150001525878906,32.540000915527344,44789200
2012-03-20,25.307252883911133,31.989999771118164,32.150001525878906,31.739999771118164,32.099998474121094,41566800
2012-03-21,25.24395751953125,31.90999984741211,32.150001525878906,31.81999969482422,31.959999084472656,37928600
2012-03-22,25.315162658691406,32.0,32.09000015258789,31.790000915527344,31.809999465942383,31749500
2012-03-23,25.323068618774414,32.0099983215332,32.11000061035156,31.719999313354492,32.099998474121094,35912200
2012-03-26,25.781898498535156,32.59000015258789,32.61000061035156,32.150001525878906,32.189998626708984,36758300
2012-03-27,25.726531982421875,32.52000045776367,32.70000076293945,32.400001525878906,32.650001525878906,36274900
2012-03-28,25.4654598236084,32.189998626708984,32.70000076293945,32.040000915527344,32.52000045776367,41344800
2012-03-29,25.410099029541016,32.119998931884766,32.189998626708984,31.809999465942383,32.060001373291016,37038500
2012-03-30,25.52084732055664,32.2599983215332,32.40999984741211,32.040000915527344,32.400001525878906,31749400
2012-04-02,25.544578552246094,32.290000915527344,32.459999084472656,31.950000762939453,32.220001220703125,35853600
2012-04-03,25.267696380615234,31.940000534057617,32.189998626708984,31.65999984741211,32.15999984741211,42752100
2012-04-04,24.69019317626953,31.209999084472656,31.690000534057617,31.049999237060547,31.65999984741211,49455900
2012-04-05,24.93543243408203,31.520000457763672,31.6299991607666,31.049999237060547,31.149999618530273,50368600
2012-04-09,24.603174209594727,31.100000381469727,31.399999618530273,30.969999313354492,31.219999313354492,31056400
2012-04-10,24.104778289794922,30.469999313354492,31.190000534057617,30.299999237060547,31.059999465942383,54131300
2012-04-11,24.009843826293945,30.350000381469727,30.530000686645508,30.229999542236328,30.43000030517578,43014000
2012-04-12,24.508241653442383,30.979999542236328,31.040000915527344,30.420000076293945,30.479999542236328,38304000
2012-04-13,24.37375259399414,30.809999465942383,31.15999984741211,30.719999313354492,30.889999389648438,39749200
2012-04-16,24.587352752685547,31.079999923706055,31.190000534057617,30.770000457763672,30.989999771118164,38124800
2012-04-17,24.872148513793945,31.440000534057617,31.610000610351562,31.200000762939453,31.270000457763672,34361500
2012-04-18,24.634817123413086,31.139999389648438,31.309999465942383,31.040000915527344,31.280000686645508,40552900
2012-04-19,24.531972885131836,31.010000228881836,31.68000030517578,30.940000534057617,31.1299991607666,54781200
2012-04-20,25.647422790527344,32.41999816894531,32.88999938964844,32.04999923706055,32.150001525878906,106045000
2012-04-23,25.410099029541016,32.119998931884766,32.5,32.029998779296875,32.310001373291016,61398200
2012-04-24,25.25186538696289,31.920000076293945,32.52000045776367,31.829999923706055,32.209999084472656,40871100
2012-04-25,25.473384857177734,32.20000076293945,32.31999969482422,31.8700008392334,31.920000076293945,62495500
2012-04-26,25.402183532714844,32.11000061035156,32.22999954223633,31.920000076293945,32.119998931884766,40308100
2012-04-27,25.299335479736328,31.979999542236328,32.220001220703125,31.8799991607666,32.119998931884766,41419100
2012-04-30,25.330982208251953,32.02000045776367,32.11000061035156,31.920000076293945,31.979999542236328,35697200
2012-05-01,25.323068618774414,32.0099983215332,32.34000015258789,31.950000762939453,32.04999923706055,43832300
2012-05-02,25.156940460205078,31.799999237060547,31.93000030517578,31.639999389648438,31.850000381469727,37385300
2012-05-03,25.125293731689453,31.760000228881836,31.899999618530273,31.610000610351562,31.8799991607666,31501300
2012-05-04,24.508241653442383,30.979999542236328,31.56999969482422,30.920000076293945,31.450000762939453,57927200
2012-05-07,24.24717903137207,30.649999618530273,30.860000610351562,30.56999969482422,30.700000762939453,48641400
2012-05-08,24.128511428833008,30.5,30.780000686645508,30.170000076293945,30.479999542236328,46328300
2012-05-09,24.334192276000977,30.760000228881836,30.829999923706055,30.100000381469727,30.190000534057617,50309300
2012-05-10,24.31838035583496,30.739999771118164,31.020000457763672,30.450000762939453,30.860000610351562,43839200
2012-05-11,24.650632858276367,31.15999984741211,31.540000915527344,30.690000534057617,30.690000534057617,43459300
2012-05-14,24.27090072631836,30.68000030517578,31.040000915527344,30.639999389648438,30.81999969482422,40528900
2012-05-15,24.055912017822266,30.209999084472656,30.799999237060547,30.149999618530273,30.639999389648438,61822800
2012-05-16,23.809059143066406,29.899999618530273,30.31999969482422,29.739999771118164,30.309999465942383,60083700
2012-05-17,23.665725708007812,29.719999313354492,30.209999084472656,29.709999084472656,29.989999771118164,48484000
2012-05-18,23.307403564453125,29.270000457763672,29.809999465942383,29.170000076293945,29.790000915527344,56205300
2012-05-21,23.689619064331055,29.75,29.790000915527344,29.059999465942383,29.100000381469727,38787900
2012-05-22,23.697582244873047,29.760000228881836,29.8799991607666,29.5,29.690000534057617,39504900
2012-05-23,23.17999267578125,29.110000610351562,29.399999618530273,28.639999389648438,29.350000381469727,65171000
2012-05-24,23.14813804626465,29.06999969482422,29.299999237060547,28.760000228881836,29.15999984741211,52575000
2012-05-25,23.140174865722656,29.059999465942383,29.360000610351562,29.010000228881836,29.200000762939453,29507200
2012-05-29,23.53832244873047,29.559999465942383,29.719999313354492,29.219999313354492,29.3799991607666,37758800
2012-05-30,23.363142013549805,29.34000015258789,29.479999542236328,29.1200008392334,29.350000381469727,41585500
2012-05-31,23.24370002746582,29.190000534057617,29.420000076293945,28.940000534057617,29.299999237060547,39134000
2012-06-01,22.654436111450195,28.450000762939453,28.959999084472656,28.440000534057617,28.760000228881836,56634300
2012-06-04,22.734071731567383,28.549999237060547,28.780000686645508,28.31999969482422,28.6200008392334,47926300
2012-06-05,22.702213287353516,28.510000228881836,28.75,28.389999389648438,28.510000228881836,45715400
2012-06-06,23.371103286743164,29.350000381469727,29.3700008392334,28.809999465942383,28.8799991607666,46860500
2012-06-07,23.275545120239258,29.229999542236328,29.700000762939453,29.170000076293945,29.639999389648438,37792800
2012-06-08,23.60999298095703,29.649999618530273,29.68000030517578,29.049999237060547,29.209999084472656,42551100
2012-06-11,23.012775421142578,28.899999618530273,29.809999465942383,28.81999969482422,29.729999542236328,46361900
2012-06-12,23.323322296142578,29.290000915527344,29.299999237060547,28.84000015258789,29.100000381469727,35337900
2012-06-13,23.19591522216797,29.1299991607666,29.440000534057617,29.049999237060547,29.219999313354492,32984600
2012-06-14,23.363142013549805,29.34000015258789,29.459999084472656,28.8799991607666,29.329999923706055,39458900
2012-06-15,23.904611587524414,30.020000457763672,30.079999923706055,29.489999771118164,29.59000015258789,62314400
2012-06-18,23.761287689208984,29.84000015258789,30.030000686645508,29.709999084472656,29.989999771118164,58679900
2012-06-19,24.446090698242188,30.700000762939453,31.110000610351562,30.049999237060547,30.190000534057617,75725800
2012-06-20,24.629241943359375,30.93000030517578,31.049999237060547,30.639999389648438,30.93000030517578,36257100
2012-06-21,24.000171661376953,30.139999389648438,31.139999389648438,30.059999465942383,30.959999084472656,48456600
2012-06-22,24.446090698242188,30.700000762939453,30.729999542236328,30.030000686645508,30.299999237060547,45098100
2012-06-25,23.785173416137695,29.8700008392334,30.31999969482422,29.6200008392334,30.299999237060547,42217200
2012-06-26,23.904611587524414,30.020000457763672,30.270000457763672,29.940000534057617,30.0,38421300
2012-06-27,24.024057388305664,30.170000076293945,30.5,30.030000686645508,30.190000534057617,33781700
2012-06-28,23.817026138305664,29.90999984741211,30.049999237060547,29.420000076293945,29.979999542236328,45328400
2012-06-29,24.358497619628906,30.59000015258789,30.690000534057617,30.139999389648438,30.450000762939453,55227200
2012-07-02,24.334617614746094,30.559999465942383,30.6200008392334,30.209999084472656,30.6200008392334,30589100
2012-07-03,24.493864059448242,30.760000228881836,30.760000228881836,30.170000076293945,30.229999542236328,20938100
2012-07-05,24.446090698242188,30.700000762939453,30.780000686645508,30.3799991607666,30.59000015258789,28801900
2012-07-06,24.039989471435547,30.190000534057617,30.700000762939453,29.950000762939453,30.610000610351562,38294800
2012-07-09,23.88869285583496,30.0,30.229999542236328,29.780000686645508,30.1200008392334,30680800
2012-07-10,23.681655883789062,29.739999771118164,30.219999313354492,29.510000228881836,30.079999923706055,37534100
2012-07-11,23.331287384033203,29.299999237060547,29.739999771118164,29.110000610351562,29.709999084472656,39184900
2012-07-12,22.797775268554688,28.6299991607666,29.18000030517578,28.540000915527344,29.149999618530273,63523600
2012-07-13,23.402952194213867,29.389999389648438,29.479999542236328,28.719999313354492,28.760000228881836,39085000
2012-07-16,23.44277000427246,29.440000534057617,29.530000686645508,29.040000915527344,29.479999542236328,27900600
2012-07-17,23.61794662475586,29.65999984741211,29.860000610351562,29.200000762939453,29.639999389648438,33771300
2012-07-18,24.24702262878418,30.450000762939453,30.450000762939453,29.459999084472656,29.600000381469727,41090400
2012-07-19,24.422210693359375,30.670000076293945,30.799999237060547,30.3799991607666,30.510000228881836,46663200
2012-07-20,23.984249114990234,30.1200008392334,31.049999237060547,30.049999237060547,31.0,64021700
2012-07-23,23.31536293029785,29.280000686645508,29.579999923706055,29.010000228881836,29.56999969482422,55151900
2012-07-24,23.211841583251953,29.149999618530273,29.360000610351562,28.899999618530273,29.239999771118164,47723300
2012-07-25,22.95703125,28.829999923706055,29.329999923706055,28.780000686645508,29.239999771118164,45579500
2012-07-26,23.219806671142578,29.15999984741211,29.5,29.09000015258789,29.229999542236328,45301400
2012-07-27,23.697582244873047,29.760000228881836,29.850000381469727,29.18000030517578,29.479999542236328,44242600
2012-07-30,23.60202407836914,29.639999389648438,29.81999969482422,29.459999084472656,29.75,28905000
2012-07-31,23.466655731201172,29.469999313354492,29.709999084472656,29.329999923706055,29.479999542236328,37620900
2012-08-01,23.41887855529785,29.40999984741211,29.649999618530273,29.209999084472656,29.59000015258789,31721800
2012-08-02,23.24370002746582,29.190000534057617,29.530000686645508,28.969999313354492,29.209999084472656,39520500
2012-08-03,23.689619064331055,29.75,29.940000534057617,29.479999542236328,29.530000686645508,35859400
2012-08-06,23.848875045776367,29.950000762939453,30.110000610351562,29.809999465942383,30.0,27471800
2012-08-07,24.095722198486328,30.260000228881836,30.350000381469727,29.8700008392334,30.06999969482422,28002900
2012-08-08,24.151458740234375,30.329999923706055,30.469999313354492,30.110000610351562,30.209999084472656,26257600
2012-08-09,24.28683853149414,30.5,30.649999618530273,30.299999237060547,30.389999389648438,24920800
2012-08-10,24.22313690185547,30.420000076293945,30.6200008392334,30.25,30.5,27810300
2012-08-13,24.19924545288086,30.389999389648438,30.459999084472656,30.15999984741211,30.350000381469727,23049100
2012-08-14,24.151147842407227,30.1299991607666,30.389999389648438,30.010000228881836,30.299999237060547,34551400
2012-08-15,24.207258224487305,30.200000762939453,30.280000686645508,30.020000457763672,30.110000610351562,24351000
2012-08-16,24.672163009643555,30.780000686645508,30.940000534057617,30.260000228881836,30.360000610351562,35787200
2012-08-17,24.768362045288086,30.899999618530273,30.920000076293945,30.59000015258789,30.920000076293945,32589900
2012-08-20,24.640108108520508,30.739999771118164,30.850000381469727,30.579999923706055,30.81999969482422,23737700
2012-08-21,24.688199996948242,30.799999237060547,30.959999084472656,30.610000610351562,30.760000228881836,28822700
2012-08-22,24.47978973388672,30.540000915527344,30.760000228881836,30.469999313354492,30.59000015258789,33437400
2012-08-23,24.255355834960938,30.260000228881836,30.399999618530273,30.079999923706055,30.389999389648438,28355600
2012-08-24,24.495820999145508,30.559999465942383,30.6299991607666,30.18000030517578,30.25,22943300
2012-08-27,24.600027084350586,30.690000534057617,30.959999084472656,30.59000015258789,30.93000030517578,34691100
2012-08-28,24.55193328857422,30.6299991607666,30.799999237060547,30.520000457763672,30.700000762939453,23947900
2012-08-29,24.567968368530273,30.649999618530273,30.75,30.440000534057617,30.649999618530273,23346800
2012-08-30,24.30345344543457,30.31999969482422,30.610000610351562,30.219999313354492,30.530000686645508,23982100
2012-08-31,24.704235076904297,30.81999969482422,30.959999084472656,30.3799991607666,30.600000381469727,36590100
2012-09-04,24.35955810546875,30.389999389648438,30.65999984741211,30.149999618530273,30.450000762939453,48556700
2012-09-05,24.35955810546875,30.389999389648438,30.530000686645508,30.209999084472656,30.219999313354492,33650000
2012-09-06,25.129058837890625,31.350000381469727,31.360000610351562,30.459999084472656,30.5,48371700
2012-09-07,24.808433532714844,30.950000762939453,31.06999969482422,30.729999542236328,31.040000915527344,42649100
2012-09-10,24.624073028564453,30.719999313354492,30.899999618530273,30.510000228881836,30.829999923706055,40524000
2012-09-11,24.68018341064453,30.790000915527344,30.90999984741211,30.610000610351562,30.690000534057617,25191800
2012-09-12,24.672163009643555,30.780000686645508,31.18000030517578,30.729999542236328,30.940000534057617,32775800
2012-09-13,24.800418853759766,30.940000534057617,31.18000030517578,30.399999618530273,30.889999389648438,45047300
2012-09-14,25.0168399810791,31.209999084472656,31.25,30.809999465942383,31.010000228881836,51422800
2012-09-17,25.0168399810791,31.209999084472656,31.260000228881836,31.040000915527344,31.190000534057617,36488500
2012-09-18,24.9927921295166,31.18000030517578,31.209999084472656,31.030000686645508,31.100000381469727,34542700
2012-09-19,24.888586044311523,31.049999237060547,31.190000534057617,31.040000915527344,31.09000015258789,48871900
2012-09-20,25.20921516418457,31.450000762939453,31.479999542236328,30.90999984741211,30.950000762939453,45543000
2012-09-21,25.000812530517578,31.190000534057617,31.610000610351562,31.09000015258789,31.43000030517578,102348900
2012-09-24,24.672163009643555,30.780000686645508,31.06999969482422,30.639999389648438,31.0,46825900
2012-09-25,24.35955810546875,30.389999389648438,31.0,30.360000610351562,30.950000762939453,54266400
2012-09-26,24.18321418762207,30.170000076293945,30.600000381469727,30.040000915527344,30.280000686645508,54672000
2012-09-27,24.17519760131836,30.15999984741211,30.399999618530273,29.889999389648438,30.170000076293945,47129900
2012-09-28,23.85456657409668,29.760000228881836,30.260000228881836,29.739999771118164,30.18000030517578,54229300
2012-10-01,23.638151168823242,29.489999771118164,29.979999542236328,29.420000076293945,29.809999465942383,54042700
2012-10-02,23.7744140625,29.65999984741211,29.889999389648438,29.5,29.68000030517578,43338900
2012-10-03,23.934724807739258,29.860000610351562,29.989999771118164,29.670000076293945,29.75,46655900
2012-10-04,24.070999145507812,30.030000686645508,30.030000686645508,29.56999969482422,29.969999313354492,43634900
2012-10-05,23.92671012878418,29.850000381469727,30.25,29.739999771118164,30.229999542236328,41133900
2012-10-08,23.87060546875,29.780000686645508,29.920000076293945,29.549999237060547,29.639999389648438,29752000
2012-10-09,23.469818115234375,29.280000686645508,29.739999771118164,29.18000030517578,29.68000030517578,45121100
2012-10-10,23.229341506958008,28.979999542236328,29.309999465942383,28.950000762939453,29.149999618530273,47227100
2012-10-11,23.205303192138672,28.950000762939453,29.25,28.8700008392334,29.219999313354492,41488500
2012-10-12,23.405698776245117,29.200000762939453,29.31999969482422,28.799999237060547,28.969999313354492,46464700
2012-10-15,23.654172897338867,29.510000228881836,29.719999313354492,29.25,29.3700008392334,42440200
2012-10-16,23.638151168823242,29.489999771118164,29.739999771118164,29.31999969482422,29.450000762939453,47739400
2012-10-17,23.718305587768555,29.59000015258789,29.639999389648438,29.09000015258789,29.299999237060547,44206100
2012-10-18,23.646162033081055,29.5,29.729999542236328,29.260000228881836,29.649999618530273,59238500
2012-10-19,22.956817626953125,28.639999389648438,29.079999923706055,28.5,29.049999237060547,90470800
2012-10-22,22.443811416625977,28.0,28.829999923706055,27.829999923706055,28.729999542236328,83374000
2012-10-23,22.483888626098633,28.049999237060547,28.200000762939453,27.760000228881836,27.770000457763672,64414800
2012-10-24,22.363666534423828,27.899999618530273,28.200000762939453,27.8700008392334,28.15999984741211,53320400
2012-10-25,22.347623825073242,27.8799991607666,28.200000762939453,27.860000610351562,28.190000534057617,54084300
2012-10-26,22.61214256286621,28.209999084472656,28.34000015258789,27.84000015258789,27.860000610351562,57790000
2012-10-31,22.876665115356445,28.540000915527344,28.8799991607666,28.5,28.549999237060547,69464100
2012-11-01,23.662195205688477,29.520000457763672,29.559999465942383,28.81999969482422,28.84000015258789,72047900
2012-11-02,23.646162033081055,29.5,29.770000457763672,29.329999923706055,29.59000015258789,57131600
2012-11-05,23.75035858154297,29.6299991607666,29.739999771118164,29.329999923706055,29.6200008392334,38070800
2012-11-06,23.934724807739258,29.860000610351562,30.200000762939453,29.610000610351562,29.81999969482422,43401500
2012-11-07,23.30950927734375,29.079999923706055,29.829999923706055,29.049999237060547,29.530000686645508,57871800
2012-11-08,23.093088150024414,28.809999465942383,29.3700008392334,28.799999237060547,29.1200008392334,49841800
2012-11-09,23.109113693237305,28.829999923706055,29.190000534057617,28.809999465942383,28.8799991607666,43291200
2012-11-12,22.62016487121582,28.219999313354492,29.010000228881836,28.209999084472656,28.940000534057617,61112300
2012-11-13,21.892826080322266,27.09000015258789,27.299999237060547,26.75,27.020000457763672,131689200
2012-11-14,21.690786361694336,26.84000015258789,27.290000915527344,26.799999237060547,27.239999771118164,76086100
2012-11-15,21.545320510864258,26.65999984741211,26.969999313354492,26.6299991607666,26.8799991607666,50955600
2012-11-16,21.432180404663086,26.520000457763672,26.700000762939453,26.34000015258789,26.670000076293945,64083300
2012-11-19,21.601890563964844,26.729999542236328,26.799999237060547,26.469999313354492,26.799999237060547,57179300
2012-11-20,21.585729598999023,26.709999084472656,26.799999237060547,26.459999084472656,26.760000228881836,47070400
2012-11-21,21.77968406677246,26.950000762939453,27.170000076293945,26.670000076293945,26.709999084472656,66360300
2012-11-23,22.385801315307617,27.700000762939453,27.770000457763672,27.200000762939453,27.229999542236328,57845700
2012-11-26,22.13526725769043,27.389999389648438,27.579999923706055,27.170000076293945,27.540000915527344,85198700
2012-11-27,21.88473892211914,27.079999923706055,27.3799991607666,27.040000915527344,27.360000610351562,45018600
2012-11-28,22.111024856567383,27.360000610351562,27.389999389648438,26.770000457763672,27.010000228881836,53018400
2012-11-29,21.77968406677246,26.950000762939453,27.360000610351562,26.860000610351562,27.110000610351562,69551400
2012-11-30,21.51300048828125,26.6200008392334,27.1299991607666,26.489999771118164,27.049999237060547,83690200
2012-12-03,21.359439849853516,26.43000030517578,26.81999969482422,26.399999618530273,26.780000686645508,53173800
2012-12-04,21.310955047607422,26.3700008392334,26.6299991607666,26.34000015258789,26.5,49777500
2012-12-05,21.553401947021484,26.670000076293945,26.93000030517578,26.260000228881836,26.3799991607666,68283800
2012-12-06,21.601890563964844,26.729999542236328,26.979999542236328,26.610000610351562,26.809999465942383,39182300
2012-12-07,21.383691787719727,26.459999084472656,26.81999969482422,26.3700008392334,26.81999969482422,46162100
2012-12-10,21.771602630615234,26.940000534057617,26.969999313354492,26.520000457763672,26.559999465942383,47031100
2012-12-11,22.07869529724121,27.31999969482422,27.489999771118164,27.049999237060547,27.049999237060547,52282800
2012-12-12,22.014049530029297,27.239999771118164,27.6200008392334,27.079999923706055,27.530000686645508,43966300
2012-12-13,21.90898323059082,27.110000610351562,27.520000457763672,26.950000762939453,27.31999969482422,45080100
2012-12-14,21.666536331176758,26.809999465942383,27.1299991607666,26.700000762939453,27.110000610351562,42077500
2012-12-17,21.90090560913086,27.100000381469727,27.219999313354492,26.68000030517578,26.790000915527344,42046100
2012-12-18,22.27265167236328,27.559999465942383,27.6299991607666,27.139999389648438,27.25,50486900
2012-12-19,22.070621490478516,27.309999465942383,27.729999542236328,27.25,27.690000534057617,53519900
2012-12-20,22.369638442993164,27.68000030517578,27.68000030517578,27.149999618530273,27.360000610351562,52607300
2012-12-21,22.183759689331055,27.450000762939453,27.489999771118164,27.0,27.450000762939453,98776500
2012-12-24,21.86857795715332,27.059999465942383,27.25,27.0,27.200000762939453,20842400
2012-12-26,21.70694923400879,26.860000610351562,27.200000762939453,26.700000762939453,27.030000686645508,31631100
2012-12-27,21.78775978088379,26.959999084472656,27.09000015258789,26.56999969482422,26.889999389648438,39394000
2012-12-28,21.45642852783203,26.549999237060547,26.899999618530273,26.549999237060547,26.709999084472656,28239900
2012-12-31,21.585729598999023,26.709999084472656,26.770000457763672,26.3700008392334,26.59000015258789,42749500
2013-01-02,22.321144104003906,27.6200008392334,27.729999542236328,27.149999618530273,27.25,52899300
2013-01-03,22.022125244140625,27.25,27.649999618530273,27.15999984741211,27.6299991607666,48294400
2013-01-04,21.609975814819336,26.739999771118164,27.34000015258789,26.729999542236328,27.270000457763672,52521100
2013-01-07,21.569570541381836,26.690000534057617,26.8799991607666,26.639999389648438,26.770000457763672,37110400
2013-01-08,21.45642852783203,26.549999237060547,26.790000915527344,26.459999084472656,26.75,44703100
2013-01-09,21.57764434814453,26.700000762939453,26.75,26.559999465942383,26.719999313354492,49047900
2013-01-10,21.383691787719727,26.459999084472656,26.979999542236328,26.290000915527344,26.649999618530273,71431300
2013-01-11,21.68271255493164,26.829999923706055,26.93000030517578,26.280000686645508,26.489999771118164,55512100
2013-01-14,21.7311954498291,26.889999389648438,27.079999923706055,26.760000228881836,26.899999618530273,48324400
2013-01-15,21.98980140686035,27.209999084472656,27.290000915527344,26.829999923706055,26.829999923706055,48244500
2013-01-16,21.8524112701416,27.040000915527344,27.229999542236328,27.010000228881836,27.149999618530273,41077400
2013-01-17,22.022125244140625,27.25,27.469999313354492,27.059999465942383,27.190000534057617,51685900
2013-01-18,22.022125244140625,27.25,27.290000915527344,27.040000915527344,27.100000381469727,52167700
2013-01-22,21.941308975219727,27.149999618530273,27.450000762939453,27.0,27.299999237060547,58650600
2013-01-23,22.313068389892578,27.610000610351562,27.639999389648438,27.200000762939453,27.200000762939453,50387700
2013-01-24,22.3292236328125,27.6299991607666,28.06999969482422,27.469999313354492,27.700000762939453,101739300
2013-01-25,22.5312557220459,27.8799991607666,28.229999542236328,27.389999389648438,27.579999923706055,81847700
2013-01-28,22.555505752563477,27.90999984741211,28.229999542236328,27.760000228881836,28.010000228881836,56056500
2013-01-29,22.636320114135742,28.010000228881836,28.1299991607666,27.600000381469727,27.81999969482422,49242600
2013-01-30,22.50701904296875,27.850000381469727,28.190000534057617,27.760000228881836,28.010000228881836,43580500
2013-01-31,22.183759689331055,27.450000762939453,27.969999313354492,27.399999618530273,27.790000915527344,50530000
2013-02-01,22.571672439575195,27.93000030517578,28.049999237060547,27.549999237060547,27.670000076293945,55565900
2013-02-04,22.17568016052246,27.440000534057617,28.020000457763672,27.420000076293945,27.8700008392334,50540000
2013-02-05,22.224166870117188,27.5,27.65999984741211,27.360000610351562,27.6200008392334,35410400
2013-02-06,22.094863891601562,27.34000015258789,27.540000915527344,27.25,27.3799991607666,41889600
2013-02-07,22.046369552612305,27.280000686645508,27.389999389648438,27.100000381469727,27.350000381469727,38028300
2013-02-08,22.264572143554688,27.549999237060547,27.709999084472656,27.309999465942383,27.350000381469727,33318500
2013-02-11,22.51510238647461,27.860000610351562,27.920000076293945,27.5,27.649999618530273,32247700
2013-02-12,22.5312557220459,27.8799991607666,28.0,27.75,27.8799991607666,35990900
2013-02-13,22.652482986450195,28.030000686645508,28.110000610351562,27.8799991607666,27.93000030517578,41715600
2013-02-14,22.660572052001953,28.040000915527344,28.059999465942383,27.8700008392334,27.920000076293945,32663200
2013-02-15,22.636320114135742,28.010000228881836,28.15999984741211,27.8799991607666,28.040000915527344,49650900
2013-02-19,22.856334686279297,28.049999237060547,28.09000015258789,27.799999237060547,27.8799991607666,38781400
2013-02-20,22.70966148376465,27.8700008392334,28.200000762939453,27.829999923706055,28.1299991607666,44110200
2013-02-21,22.4000244140625,27.489999771118164,27.739999771118164,27.229999542236328,27.739999771118164,49078500
2013-02-22,22.620027542114258,27.760000228881836,27.760000228881836,27.479999542236328,27.68000030517578,31425900
2013-02-25,22.302242279052734,27.3700008392334,28.049999237060547,27.3700008392334,27.969999313354492,48011800
2013-02-26,22.302242279052734,27.3700008392334,27.600000381469727,27.34000015258789,27.3799991607666,49923300
2013-02-27,22.660768508911133,27.809999465942383,28.0,27.329999923706055,27.420000076293945,36394700
2013-02-28,22.652618408203125,27.799999237060547,27.969999313354492,27.739999771118164,27.8799991607666,35840200
2013-03-01,22.77484703063965,27.950000762939453,27.979999542236328,27.520000457763672,27.719999313354492,34849700
2013-03-04,22.937820434570312,28.149999618530273,28.149999618530273,27.700000762939453,27.850000381469727,38157500
2013-03-05,23.100780487060547,28.350000381469727,28.540000915527344,28.15999984741211,28.290000915527344,41432200
2013-03-06,22.888931274414062,28.09000015258789,28.229999542236328,27.780000686645508,28.209999084472656,51448500
2013-03-07,22.92966079711914,28.139999389648438,28.280000686645508,28.010000228881836,28.110000610351562,29196700
2013-03-08,22.81558609008789,28.0,28.329999923706055,27.959999084472656,28.25,37667800
2013-03-11,22.70966148376465,27.8700008392334,27.969999313354492,27.670000076293945,27.940000534057617,36627500
2013-03-12,22.74225425720215,27.90999984741211,27.950000762939453,27.639999389648438,27.84000015258789,39255200
2013-03-13,22.750404357910156,27.920000076293945,28.020000457763672,27.75,27.8700008392334,29093400
2013-03-14,22.92966079711914,28.139999389648438,28.15999984741211,27.93000030517578,28.0,55914800
2013-03-15,22.848182678222656,28.040000915527344,28.15999984741211,27.979999542236328,28.030000686645508,92710300
2013-03-18,22.89707374572754,28.100000381469727,28.280000686645508,27.809999465942383,27.8799991607666,44809400
2013-03-19,22.962257385253906,28.18000030517578,28.219999313354492,28.030000686645508,28.1200008392334,51901600
2013-03-20,23.07633399963379,28.31999969482422,28.489999771118164,28.18000030517578,28.34000015258789,35447800
2013-03-21,22.90522575378418,28.110000610351562,28.360000610351562,28.049999237060547,28.110000610351562,34233200
2013-03-22,23.019290924072266,28.25,28.34000015258789,28.100000381469727,28.190000534057617,28720900
2013-03-25,22.94597053527832,28.15999984741211,28.350000381469727,27.959999084472656,28.299999237060547,44154000
2013-03-26,22.94597053527832,28.15999984741211,28.34000015258789,28.110000610351562,28.239999771118164,27824300
2013-03-27,23.11707305908203,28.3700008392334,28.450000762939453,28.079999923706055,28.139999389648438,36047400
2013-03-28,23.31264305114746,28.610000610351562,28.65999984741211,28.260000228881836,28.31999969482422,55453800
2013-04-01,23.31264305114746,28.610000610351562,28.65999984741211,28.360000610351562,28.639999389648438,29201100
2013-04-02,23.467458724975586,28.799999237060547,28.850000381469727,28.520000457763672,28.59000015258789,28456500
2013-04-03,23.27190399169922,28.559999465942383,28.950000762939453,28.540000915527344,28.75,35062800
2013-04-04,23.304494857788086,28.600000381469727,28.610000610351562,28.270000457763672,28.389999389648438,45263200
2013-04-05,23.38597869873047,28.700000762939453,28.780000686645508,28.110000610351562,28.219999313354492,50927300
2013-04-08,23.296344757080078,28.59000015258789,28.729999542236328,28.469999313354492,28.729999542236328,34759500
2013-04-09,24.127485275268555,29.610000610351562,29.81999969482422,28.68000030517578,28.729999542236328,77733800
2013-04-10,24.67342758178711,30.280000686645508,30.31999969482422,29.520000457763672,29.56999969482422,71116700
2013-04-11,23.581541061401367,28.940000534057617,29.200000762939453,28.729999542236328,29.100000381469727,130923200
2013-04-12,23.45931053161621,28.790000915527344,29.020000457763672,28.65999984741211,28.850000381469727,62886300
2013-04-15,23.377830505371094,28.690000534057617,28.979999542236328,28.510000228881836,28.649999618530273,56332900
2013-04-16,23.605985641479492,28.969999313354492,29.139999389648438,28.700000762939453,28.899999618530273,52797300
2013-04-17,23.491910934448242,28.829999923706055,29.040000915527344,28.600000381469727,28.850000381469727,52840700
2013-04-18,23.45931053161621,28.790000915527344,28.979999542236328,28.5,28.950000762939453,56906600
2013-04-19,24.257856369018555,29.770000457763672,30.239999771118164,29.610000610351562,29.6200008392334,99790700
2013-04-22,25.12158966064453,30.829999923706055,31.18000030517578,30.270000457763672,30.299999237060547,137904000
2013-04-23,24.93417739868164,30.600000381469727,30.899999618530273,30.3799991607666,30.700000762939453,59126900
2013-04-24,25.879392623901367,31.760000228881836,31.920000076293945,30.600000381469727,30.6200008392334,90946600
2013-04-25,26.02606964111328,31.940000534057617,32.84000015258789,31.540000915527344,31.709999084472656,110700200
2013-04-26,25.903844833374023,31.790000915527344,31.979999542236328,31.450000762939453,31.899999618530273,47799300
2013-04-29,26.57201385498047,32.61000061035156,32.68000030517578,31.770000457763672,31.799999237060547,59116400
2013-04-30,26.97127914428711,33.099998474121094,33.11000061035156,32.279998779296875,32.560001373291016,75165200
2013-05-01,26.661643981933594,32.720001220703125,33.08000183105469,32.599998474121094,32.93000030517578,54330900
2013-05-02,27.02017593383789,33.15999984741211,33.16999816894531,32.38999938964844,32.630001068115234,46059500
2013-05-03,27.289073944091797,33.4900016784668,33.52000045776367,33.08000183105469,33.22999954223633,46784600
2013-05-06,27.500932693481445,33.75,33.90999984741211,33.25,33.41999816894531,40978300
2013-05-07,27.142404556274414,33.310001373291016,33.790000915527344,33.2400016784668,33.650001525878906,43078300
2013-05-08,26.881656646728516,32.9900016784668,33.2400016784668,32.650001525878906,33.06999969482422,51595700
2013-05-09,26.61275291442871,32.65999984741211,33.0,32.59000015258789,32.849998474121094,46417800
2013-05-10,26.637197494506836,32.689998626708984,32.720001220703125,32.31999969482422,32.66999816894531,36394900
2013-05-13,26.914249420166016,33.029998779296875,33.06999969482422,32.54999923706055,32.61000061035156,36027600
2013-05-14,27.51325798034668,33.529998779296875,33.529998779296875,32.79999923706055,32.86000061035156,56870100
2013-05-15,27.775836944580078,33.849998474121094,33.900001525878906,33.43000030517578,33.45000076293945,46303900
2013-05-16,27.964553833007812,34.08000183105469,34.150001525878906,33.54999923706055,33.63999938964844,59382900
2013-05-17,28.612808227539062,34.869998931884766,34.869998931884766,34.099998474121094,34.130001068115234,60666700
2013-05-20,28.785106658935547,35.08000183105469,35.099998474121094,34.68000030517578,34.72999954223633,54020800
2013-05-21,28.596378326416016,34.849998474121094,35.27000045776367,34.720001220703125,35.099998474121094,48702400
2013-05-22,28.399444580078125,34.61000061035156,34.84000015258789,34.36000061035156,34.790000915527344,66047500
2013-05-23,28.022003173828125,34.150001525878906,34.54999923706055,33.900001525878906,34.22999954223633,51102700
2013-05-24,28.12046241760254,34.27000045776367,34.279998779296875,33.900001525878906,33.91999816894531,33174400
2013-05-28,28.735877990722656,35.02000045776367,35.18000030517578,34.40999984741211,34.41999816894531,48212100
2013-05-29,28.62100601196289,34.880001068115234,35.02000045776367,34.56999969482422,34.7400016784668,38412200
2013-05-30,28.744075775146484,35.029998779296875,35.25,34.810001373291016,34.849998474121094,51131000
2013-05-31,28.637414932250977,34.900001525878906,35.279998779296875,34.790000915527344,34.81999969482422,56165700
2013-06-03,29.20359992980957,35.59000015258789,35.630001068115234,34.83000183105469,34.91999816894531,51252600
2013-06-04,28.71126937866211,34.9900016784668,35.7400016784668,34.77000045776367,35.619998931884766,65529500
2013-06-05,28.538955688476562,34.779998779296875,34.88999938964844,34.43000030517578,34.599998474121094,46025100
2013-06-06,28.6866455078125,34.959999084472656,35.11000061035156,34.4900016784668,34.84000015258789,37618500
2013-06-07,29.269241333007812,35.66999816894531,35.779998779296875,35.060001373291016,35.25,40757300
2013-06-10,29.105134963989258,35.470001220703125,35.650001525878906,35.13999938964844,35.5099983215332,35994500
2013-06-11,28.588180541992188,34.84000015258789,35.18000030517578,34.68000030517578,35.04999923706055,39435900
2013-06-12,28.7194766998291,35.0,35.27000045776367,34.849998474121094,35.13999938964844,37372700
2013-06-13,28.48972511291504,34.720001220703125,35.02000045776367,34.59000015258789,34.9900016784668,45654900
2013-06-14,28.22713851928711,34.400001525878906,34.689998626708984,34.25,34.54999923706055,53192600
2013-06-17,28.7194766998291,35.0,35.15999984741211,34.630001068115234,34.689998626708984,49670100
2013-06-18,28.70306396484375,34.97999954223633,35.16999816894531,34.900001525878906,34.970001220703125,28616500
2013-06-19,28.383039474487305,34.59000015258789,35.09000015258789,34.59000015258789,34.959999084472656,30816200
2013-06-20,27.480430603027344,33.4900016784668,34.33000183105469,33.369998931884766,34.2599983215332,54493700
2013-06-21,27.299911499023438,33.27000045776367,33.72999954223633,33.04999923706055,33.65999984741211,85338500
2013-06-24,27.66916275024414,33.720001220703125,34.20000076293945,32.56999969482422,32.939998626708984,56109000
2013-06-25,27.628137588500977,33.66999816894531,34.380001068115234,33.459999084472656,34.08000183105469,44073400
2013-06-26,28.18610954284668,34.349998474121094,34.47999954223633,33.88999938964844,34.119998931884766,48665900
2013-06-27,28.407657623291016,34.619998931884766,34.779998779296875,34.5,34.52000045776367,28993100
2013-06-28,28.342012405395508,34.540000915527344,34.790000915527344,34.34000015258789,34.380001068115234,65545500
2013-07-01,28.194320678710938,34.36000061035156,34.9900016784668,34.33000183105469,34.75,31055400
2013-07-02,27.849672317504883,33.939998626708984,34.439998626708984,33.630001068115234,34.40999984741211,37630000
2013-07-03,27.907121658325195,34.0099983215332,34.369998931884766,33.599998474121094,33.65999984741211,15994400
2013-07-05,28.07122230529785,34.209999084472656,34.2400016784668,33.58000183105469,34.09000015258789,26085900
2013-07-08,28.16970443725586,34.33000183105469,34.59000015258789,33.97999954223633,34.349998474121094,32396900
2013-07-09,28.18610954284668,34.349998474121094,34.599998474121094,34.13999938964844,34.58000183105469,25318500
2013-07-10,28.473295211791992,34.70000076293945,34.810001373291016,34.31999969482422,34.34000015258789,29658800
2013-07-11,29.285648345947266,35.689998626708984,35.77000045776367,34.900001525878906,35.0,53638300
2013-07-12,29.269241333007812,35.66999816894531,35.72999954223633,35.279998779296875,35.58000183105469,35501200
2013-07-15,29.679519653320312,36.16999816894531,36.220001220703125,35.58000183105469,35.65999984741211,34142600
2013-07-16,29.76157569885254,36.27000045776367,36.43000030517578,35.959999084472656,36.0099983215332,36378500
2013-07-17,29.32668113708496,35.7400016784668,36.38999938964844,35.4900016784668,36.34000015258789,37285100
2013-07-18,29.08051109313965,35.439998626708984,35.88999938964844,35.220001220703125,35.720001220703125,49547100
2013-07-19,25.765466690063477,31.399999618530273,32.66999816894531,31.020000457763672,32.400001525878906,248428500
2013-07-22,26.266006469726562,32.0099983215332,32.0099983215332,31.600000381469727,31.700000762939453,79040700
2013-07-23,26.11009407043457,31.81999969482422,32.040000915527344,31.709999084472656,31.90999984741211,65810400
2013-07-24,26.2249813079834,31.959999084472656,32.189998626708984,31.889999389648438,32.040000915527344,52803100
2013-07-25,25.757259368896484,31.389999389648438,31.649999618530273,31.25,31.6200008392334,63213000
2013-07-26,25.94599151611328,31.6200008392334,31.6200008392334,31.209999084472656,31.260000228881836,38633600
2013-07-29,25.88034439086914,31.540000915527344,31.600000381469727,31.399999618530273,31.469999313354492,28870700
2013-07-30,26.13471794128418,31.850000381469727,32.119998931884766,31.549999237060547,31.780000686645508,45799500
2013-07-31,26.12651824951172,31.84000015258789,32.04999923706055,31.709999084472656,31.969999313354492,43898400
2013-08-01,25.987018585205078,31.670000076293945,32.09000015258789,31.600000381469727,32.060001373291016,42557900
2013-08-02,26.167537689208984,31.889999389648438,31.899999618530273,31.56999969482422,31.690000534057617,29199900
2013-08-05,26.011638641357422,31.700000762939453,32.0,31.639999389648438,31.899999618530273,30984000
2013-08-06,25.913162231445312,31.579999923706055,31.670000076293945,31.3799991607666,31.549999237060547,36331500
2013-08-07,26.307031631469727,32.060001373291016,32.099998474121094,31.25,31.540000915527344,38078600
2013-08-08,26.98809814453125,32.88999938964844,33.06999969482422,32.04999923706055,32.2400016784668,59034400
2013-08-09,26.83220100402832,32.70000076293945,32.900001525878906,32.470001220703125,32.77000045776367,26800700
2013-08-12,26.971683502197266,32.869998931884766,32.970001220703125,32.459999084472656,32.459999084472656,25493700
2013-08-13,26.632890701293945,32.22999954223633,32.54999923706055,32.209999084472656,32.5099983215332,39464100
2013-08-14,26.73204803466797,32.349998474121094,33.36000061035156,31.700000762939453,32.13999938964844,48519600
2013-08-15,26.269302368164062,31.790000915527344,32.18000030517578,30.84000015258789,32.0,33338000
2013-08-16,26.27756690979004,31.799999237060547,31.989999771118164,31.65999984741211,31.790000915527344,32866300
2013-08-19,25.93876075744629,31.389999389648438,31.969999313354492,31.3799991607666,31.760000228881836,27902500
2013-08-20,26.128822326660156,31.6200008392334,31.899999618530273,31.3700008392334,31.440000534057617,22979600
2013-08-21,26.120559692382812,31.610000610351562,32.0099983215332,31.540000915527344,31.610000610351562,37409100
2013-08-22,26.76509666442871,32.38999938964844,32.4900016784668,32.099998474121094,32.189998626708984,31169900
2013-08-23,28.71525764465332,34.75,35.20000076293945,34.0,35.16999816894531,225493800
2013-08-26,28.219463348388672,34.150001525878906,34.66999816894531,34.029998779296875,34.400001525878906,72786800
2013-08-27,27.484012603759766,33.2599983215332,34.099998474121094,33.150001525878906,33.52000045776367,58522300
2013-08-28,27.285694122314453,33.02000045776367,33.599998474121094,33.0,33.38999938964844,44257400
2013-08-29,27.723651885986328,33.54999923706055,33.599998474121094,32.79999923706055,32.93000030517578,45284700
2013-08-30,27.599702835083008,33.400001525878906,33.47999954223633,33.09000015258789,33.369998931884766,42790200
2013-09-03,26.34366798400879,31.8799991607666,32.06999969482422,31.290000915527344,31.75,154507000
2013-09-04,25.78175926208496,31.200000762939453,31.469999313354492,31.110000610351562,31.389999389648438,142320600
2013-09-05,25.80654525756836,31.229999542236328,31.440000534057617,30.950000762939453,31.100000381469727,71644900
2013-09-06,25.740440368652344,31.149999618530273,31.389999389648438,31.1299991607666,31.309999465942383,75434900
2013-09-09,26.161874771118164,31.65999984741211,31.790000915527344,31.200000762939453,31.219999313354492,49628500
2013-09-10,26.76509666442871,32.38999938964844,32.400001525878906,31.790000915527344,31.899999618530273,56881200
2013-09-11,27.054325103759766,32.7400016784668,32.93000030517578,32.529998779296875,32.56999969482422,39087500
2013-09-12,27.013002395629883,32.689998626708984,32.779998779296875,32.59000015258789,32.720001220703125,32860200
2013-09-13,27.293956756591797,33.029998779296875,33.06999969482422,32.5099983215332,32.77000045776367,40899000
2013-09-16,27.10390853881836,32.79999923706055,33.5,32.72999954223633,33.380001068115234,52839700
2013-09-17,27.211320877075195,32.93000030517578,33.470001220703125,32.900001525878906,33.41999816894531,84716500
2013-09-18,27.53359603881836,33.31999969482422,33.400001525878906,32.83000183105469,32.9900016784668,64099900
2013-09-19,27.798025131225586,33.63999938964844,33.68000030517578,33.31999969482422,33.47999954223633,42026600
2013-09-20,27.09563446044922,32.790000915527344,33.47999954223633,32.689998626708984,33.40999984741211,102904900
2013-09-23,27.054325103759766,32.7400016784668,32.970001220703125,32.5,32.540000915527344,39826100
2013-09-24,26.814682006835938,32.45000076293945,32.869998931884766,32.150001525878906,32.869998931884766,40685000
2013-09-25,26.864259719848633,32.5099983215332,32.79999923706055,32.400001525878906,32.4900016784668,28907500
2013-09-26,27.079111099243164,32.77000045776367,33.0,32.59000015258789,32.63999938964844,28504000
2013-09-27,27.492284774780273,33.27000045776367,33.75,32.869998931884766,32.880001068115234,55348000
2013-09-30,27.500539779663086,33.279998779296875,33.310001373291016,32.70000076293945,33.0,39839500
2013-10-01,27.748445510864258,33.58000183105469,33.61000061035156,33.29999923706055,33.349998474121094,36718700
2013-10-02,28.029399871826172,33.91999816894531,34.029998779296875,33.290000915527344,33.36000061035156,46946800
2013-10-03,27.97981834411621,33.86000061035156,34.0,33.41999816894531,33.880001068115234,38703800
2013-10-04,27.996349334716797,33.880001068115234,33.9900016784668,33.619998931884766,33.689998626708984,33008100
2013-10-07,27.517074584960938,33.29999923706055,33.709999084472656,33.20000076293945,33.599998474121094,35069300
2013-10-08,27.277429580688477,33.0099983215332,33.33000183105469,32.79999923706055,33.310001373291016,41017600
2013-10-09,27.32701301574707,33.06999969482422,33.349998474121094,32.959999084472656,33.06999969482422,35878600
2013-10-10,27.897186279296875,33.7599983215332,33.88999938964844,33.2599983215332,33.310001373291016,42875100
2013-10-11,28.202930450439453,34.130001068115234,34.13999938964844,33.68000030517578,33.68000030517578,30033300
2013-10-14,28.46735954284668,34.45000076293945,34.5,33.779998779296875,33.900001525878906,27757900
2013-10-15,28.50041961669922,34.4900016784668,34.9900016784668,34.470001220703125,34.66999816894531,47097800
2013-10-16,28.624357223510742,34.63999938964844,34.900001525878906,34.560001373291016,34.599998474121094,35111600
2013-10-17,28.855737686157227,34.91999816894531,34.9900016784668,34.369998931884766,34.45000076293945,31359200
2013-10-18,28.888792037963867,34.959999084472656,34.9900016784668,34.33000183105469,34.81999969482422,41811700
2013-10-21,28.91358757019043,34.9900016784668,35.20000076293945,34.90999984741211,34.97999954223633,27433500
2013-10-22,28.574792861938477,34.58000183105469,35.099998474121094,34.52000045776367,35.02000045776367,40438500
2013-10-23,27.897186279296875,33.7599983215332,34.4900016784668,33.66999816894531,34.349998474121094,58600500
2013-10-24,27.8641357421875,33.720001220703125,34.099998474121094,33.56999969482422,33.81999969482422,53209700
2013-10-25,29.525068283081055,35.72999954223633,36.290000915527344,35.470001220703125,35.880001068115234,113494000
2013-10-28,29.392850875854492,35.56999969482422,35.72999954223633,35.27000045776367,35.61000061035156,38383600
2013-10-29,29.351543426513672,35.52000045776367,35.720001220703125,35.2599983215332,35.630001068115234,31702200
2013-10-30,29.368070602416992,35.540000915527344,35.790000915527344,35.43000030517578,35.529998779296875,36997700
2013-10-31,29.260650634765625,35.40999984741211,35.689998626708984,35.34000015258789,35.65999984741211,41682300
2013-11-01,29.359817504882812,35.529998779296875,35.689998626708984,35.38999938964844,35.66999816894531,40264600
2013-11-04,29.6986026763916,35.939998626708984,35.97999954223633,35.54999923706055,35.59000015258789,28060700
2013-11-05,30.277036666870117,36.63999938964844,36.709999084472656,35.77000045776367,35.790000915527344,51681900
2013-11-06,31.54960060119629,38.18000030517578,38.220001220703125,37.060001373291016,37.2400016784668,88948800
2013-11-07,30.987699508666992,37.5,38.0099983215332,37.43000030517578,37.959999084472656,60437400
2013-11-08,31.219079971313477,37.779998779296875,37.779998779296875,37.34000015258789,37.66999816894531,36737800
2013-11-11,31.062061309814453,37.59000015258789,37.779998779296875,37.349998474121094,37.689998626708984,26872500
2013-11-12,30.87201499938965,37.36000061035156,37.599998474121094,37.20000076293945,37.380001068115234,31651600
2013-11-13,31.533077239990234,38.15999984741211,38.15999984741211,36.900001525878906,36.97999954223633,44957600
2013-11-14,31.417387008666992,38.02000045776367,38.130001068115234,37.720001220703125,37.869998931884766,46183700
2013-11-15,31.268646240234375,37.84000015258789,38.02000045776367,37.720001220703125,37.95000076293945,50601300
2013-11-18,30.73978614807129,37.20000076293945,37.58000183105469,37.06999969482422,37.349998474121094,53277500
2013-11-19,30.58992576599121,36.7400016784668,37.22999954223633,36.66999816894531,36.849998474121094,44275000
2013-11-20,30.873003005981445,37.08000183105469,37.40999984741211,36.86000061035156,36.91999816894531,32229900
2013-11-21,31.13943862915039,37.400001525878906,37.529998779296875,37.2599983215332,37.27000045776367,23064700
2013-11-22,31.280982971191406,37.56999969482422,37.68000030517578,37.33000183105469,37.529998779296875,27982000
2013-11-25,31.339275360107422,37.63999938964844,37.95000076293945,37.56999969482422,37.93000030517578,30646800
2013-11-26,31.09780502319336,37.349998474121094,37.650001525878906,37.349998474121094,37.56999969482422,34465300
2013-11-27,31.30596160888672,37.599998474121094,37.7599983215332,37.4900016784668,37.56999969482422,26002100
2013-11-29,31.74724769592285,38.130001068115234,38.290000915527344,37.81999969482422,37.81999969482422,22090400
2013-12-02,32.013675689697266,38.45000076293945,38.779998779296875,38.060001373291016,38.09000015258789,42950400
2013-12-03,31.89712905883789,38.310001373291016,38.4900016784668,38.08000183105469,38.13999938964844,52109800
2013-12-04,32.42164611816406,38.939998626708984,38.97999954223633,38.119998931884766,38.209999084472656,51983600
2013-12-05,31.638994216918945,38.0,38.880001068115234,37.18000030517578,38.849998474121094,116305000
2013-12-06,31.938751220703125,38.36000061035156,38.54999923706055,37.9900016784668,38.41999816894531,36457300
2013-12-09,32.23015594482422,38.709999084472656,38.869998931884766,38.369998931884766,38.560001373291016,30286000
2013-12-10,31.730600357055664,38.11000061035156,38.900001525878906,38.02000045776367,38.61000061035156,37828600
2013-12-11,31.31428337097168,37.61000061035156,38.29999923706055,37.38999938964844,38.060001373291016,39853400
2013-12-12,30.98957633972168,37.220001220703125,37.63999938964844,37.18000030517578,37.63999938964844,36012800
2013-12-13,30.548288345336914,36.689998626708984,37.45000076293945,36.619998931884766,37.41999816894531,40066100
2013-12-16,30.71479606628418,36.88999938964844,37.0,36.540000915527344,36.72999954223633,31734200
2013-12-17,30.406747817993164,36.52000045776367,37.11000061035156,36.33000183105469,36.939998626708984,45687700
2013-12-18,30.456701278686523,36.58000183105469,36.599998474121094,35.529998779296875,36.36000061035156,63192100
2013-12-19,30.181943893432617,36.25,36.54999923706055,36.08000183105469,36.5099983215332,34160100
2013-12-20,30.639883041381836,36.79999923706055,36.93000030517578,36.189998626708984,36.20000076293945,62649100
2013-12-23,30.490018844604492,36.619998931884766,36.88999938964844,36.54999923706055,36.810001373291016,25128700
2013-12-24,30.873003005981445,37.08000183105469,37.16999816894531,36.63999938964844,36.720001220703125,14243000
2013-12-26,31.172748565673828,37.439998626708984,37.4900016784668,37.16999816894531,37.20000076293945,17612800
2013-12-27,31.047849655151367,37.290000915527344,37.619998931884766,37.16999816894531,37.58000183105469,14563000
2013-12-30,31.047849655151367,37.290000915527344,37.380001068115234,36.900001525878906,37.220001220703125,16290500
2013-12-31,31.147764205932617,37.40999984741211,37.58000183105469,37.220001220703125,37.400001525878906,17503500
2014-01-02,30.939607620239258,37.15999984741211,37.400001525878906,37.099998474121094,37.349998474121094,30632200
2014-01-03,30.731468200683594,36.90999984741211,37.220001220703125,36.599998474121094,37.20000076293945,31134800
2014-01-06,30.082035064697266,36.130001068115234,36.88999938964844,36.11000061035156,36.849998474121094,43603700
2014-01-07,30.315162658691406,36.40999984741211,36.4900016784668,36.209999084472656,36.33000183105469,35802800
2014-01-08,29.773958206176758,35.7599983215332,36.13999938964844,35.58000183105469,36.0,59971700
2014-01-09,29.58247947692871,35.529998779296875,35.90999984741211,35.400001525878906,35.880001068115234,36516300
2014-01-10,30.007091522216797,36.040000915527344,36.150001525878906,35.75,35.900001525878906,40548800
2014-01-13,29.124540328979492,34.97999954223633,36.02000045776367,34.83000183105469,35.9900016784668,45901900
2014-01-14,29.79060935974121,35.779998779296875,35.880001068115234,34.630001068115234,34.72999954223633,41623300
2014-01-15,30.60658073425293,36.7599983215332,36.790000915527344,35.849998474121094,35.900001525878906,44812600
2014-01-16,30.71479606628418,36.88999938964844,37.0,36.310001373291016,36.689998626708984,38018700
2014-01-17,30.290180206298828,36.380001068115234,36.83000183105469,36.150001525878906,36.83000183105469,46267500
2014-01-21,30.115331649780273,36.16999816894531,36.81999969482422,36.060001373291016,36.81999969482422,31567300
2014-01-22,29.915508270263672,35.93000030517578,36.31999969482422,35.75,36.2599983215332,21904300
2014-01-23,30.02375030517578,36.060001373291016,36.130001068115234,35.52000045776367,36.09000015258789,43954000
2014-01-24,30.648210525512695,36.810001373291016,37.54999923706055,36.529998779296875,37.45000076293945,76395500
2014-01-27,29.998764038085938,36.029998779296875,36.88999938964844,35.97999954223633,36.869998931884766,44420800
2014-01-28,30.198596954345703,36.27000045776367,36.38999938964844,35.75,36.119998931884766,36205500
2014-01-29,30.5233097076416,36.65999984741211,36.880001068115234,35.900001525878906,35.97999954223633,52745900
2014-01-30,30.689834594726562,36.86000061035156,36.880001068115234,36.22999954223633,36.790000915527344,35036300
2014-01-31,31.505783081054688,37.84000015258789,37.88999938964844,36.560001373291016,36.95000076293945,93162300
2014-02-03,30.37344741821289,36.47999954223633,37.9900016784668,36.43000030517578,37.7400016784668,64063100
2014-02-04,30.26520347595215,36.349998474121094,37.189998626708984,36.25,36.970001220703125,54697900
2014-02-05,29.823932647705078,35.81999969482422,36.470001220703125,35.79999923706055,36.290000915527344,55814400
2014-02-06,30.123659133911133,36.18000030517578,36.25,35.689998626708984,35.79999923706055,35351800
2014-02-07,30.440053939819336,36.560001373291016,36.59000015258789,36.0099983215332,36.31999969482422,33260500
2014-02-10,30.639883041381836,36.79999923706055,36.79999923706055,36.290000915527344,36.630001068115234,26767000
2014-02-11,30.947940826416016,37.16999816894531,37.2599983215332,36.86000061035156,36.880001068115234,32141400
2014-02-12,31.197721481323242,37.470001220703125,37.599998474121094,37.29999923706055,37.349998474121094,27051800
2014-02-13,31.31428337097168,37.61000061035156,37.86000061035156,37.33000183105469,37.33000183105469,37635500
2014-02-14,31.322612762451172,37.619998931884766,37.779998779296875,37.33000183105469,37.38999938964844,31407500
2014-02-18,31.389711380004883,37.41999816894531,37.779998779296875,37.40999984741211,37.630001068115234,32834000
2014-02-19,31.46521759033203,37.5099983215332,37.75,37.209999084472656,37.220001220703125,29750400
2014-02-20,31.666555404663086,37.75,37.869998931884766,37.400001525878906,37.56999969482422,27526100
2014-02-21,31.859468460083008,37.97999954223633,38.349998474121094,37.86000061035156,37.939998626708984,38021300
2014-02-24,31.616209030151367,37.689998626708984,37.97999954223633,37.540000915527344,37.689998626708984,32085100
2014-02-25,31.49037742614746,37.540000915527344,37.849998474121094,37.349998474121094,37.61000061035156,30736500
2014-02-26,31.431659698486328,37.470001220703125,37.7400016784668,37.189998626708984,37.58000183105469,41041800
2014-02-27,31.75880241394043,37.86000061035156,37.88999938964844,37.22999954223633,37.45000076293945,33903400
2014-02-28,32.136314392089844,38.310001373291016,38.459999084472656,37.81999969482422,37.97999954223633,41215000
2014-03-03,31.69171905517578,37.779998779296875,38.130001068115234,37.4900016784668,37.91999816894531,29717500
2014-03-04,32.220184326171875,38.40999984741211,38.47999954223633,38.06999969482422,38.20000076293945,26802400
2014-03-05,31.968536376953125,38.11000061035156,38.27000045776367,37.93000030517578,38.25,20520100
2014-03-06,32.002079010009766,38.150001525878906,38.2400016784668,37.88999938964844,38.13999938964844,23582200
2014-03-07,31.792367935180664,37.900001525878906,38.36000061035156,37.689998626708984,38.279998779296875,26591600
2014-03-10,31.725269317626953,37.81999969482422,38.0099983215332,37.720001220703125,37.9900016784668,19006600
2014-03-11,31.893033981323242,38.02000045776367,38.22999954223633,37.720001220703125,37.869998931884766,25216400
2014-03-12,32.10273361206055,38.27000045776367,38.43000030517578,37.790000915527344,37.79999923706055,30494100
2014-03-13,31.783977508544922,37.88999938964844,38.45000076293945,37.63999938964844,38.41999816894531,32169700
2014-03-14,31.624603271484375,37.70000076293945,38.13999938964844,37.5099983215332,37.650001525878906,27195600
2014-03-17,31.918193817138672,38.04999923706055,38.40999984741211,37.790000915527344,37.900001525878906,20479600
2014-03-18,33.17646026611328,39.54999923706055,39.900001525878906,38.220001220703125,38.2599983215332,64063900
2014-03-19,32.94160079956055,39.27000045776367,39.54999923706055,38.90999984741211,39.470001220703125,35597200
2014-03-20,33.830772399902344,40.33000183105469,40.650001525878906,39.2400016784668,39.25,59269800
2014-03-21,33.68816375732422,40.15999984741211,40.939998626708984,40.0099983215332,40.720001220703125,80721800
2014-03-24,33.97336959838867,40.5,40.63999938964844,39.86000061035156,40.34000015258789,46098400
2014-03-25,33.83915710449219,40.34000015258789,40.9900016784668,39.959999084472656,40.65999984741211,43193100
2014-03-26,33.37778091430664,39.790000915527344,40.709999084472656,39.599998474121094,40.47999954223633,41977500
2014-03-27,33.017086029052734,39.36000061035156,39.970001220703125,39.34000015258789,39.7400016784668,35369200
2014-03-28,33.805606842041016,40.29999923706055,40.63999938964844,39.68000030517578,39.790000915527344,43472700
2014-03-31,34.384403228759766,40.9900016784668,41.5,40.400001525878906,40.43000030517578,46886300
2014-04-01,34.74510955810547,41.41999816894531,41.59000015258789,41.06999969482422,41.150001525878906,32605000
2014-04-02,34.6864013671875,41.349998474121094,41.65999984741211,41.16999816894531,41.439998626708984,28666700
2014-04-03,34.40117645263672,41.0099983215332,41.290000915527344,40.709999084472656,41.290000915527344,30139600
2014-04-04,33.44489669799805,39.869998931884766,41.38999938964844,39.63999938964844,41.25,51409600
2014-04-07,33.386192321777344,39.79999923706055,40.27000045776367,39.7400016784668,39.959999084472656,37559600
2014-04-08,33.40296173095703,39.81999969482422,39.93000030517578,39.20000076293945,39.75,35918600
2014-04-09,33.94822311401367,40.470001220703125,40.54999923706055,39.880001068115234,39.93000030517578,27398700
2014-04-10,33.017086029052734,39.36000061035156,40.689998626708984,39.09000015258789,40.439998626708984,45960800
2014-04-11,32.89125442504883,39.209999084472656,39.790000915527344,39.0,39.0,34330200
2014-04-14,32.8660888671875,39.18000030517578,39.40999984741211,38.900001525878906,39.11000061035156,32006600
2014-04-15,33.34423065185547,39.75,39.959999084472656,39.04999923706055,39.34000015258789,33968700
2014-04-16,33.88949203491211,40.400001525878906,40.41999816894531,39.90999984741211,40.060001373291016,30615800
2014-04-17,33.562339782714844,40.0099983215332,40.20000076293945,39.5099983215332,40.0099983215332,36688400
2014-04-21,33.50362014770508,39.939998626708984,40.150001525878906,39.790000915527344,40.130001068115234,22221200
2014-04-22,33.54558181762695,39.9900016784668,40.13999938964844,39.83000183105469,39.959999084472656,27056700
2014-04-23,33.293907165527344,39.689998626708984,39.9900016784668,39.470001220703125,39.9900016784668,24602800
2014-04-24,33.436519622802734,39.86000061035156,39.970001220703125,39.29999923706055,39.7400016784668,42381600
2014-04-25,33.47844696044922,39.90999984741211,40.68000030517578,39.75,40.290000915527344,56876800
2014-04-28,34.28374481201172,40.869998931884766,41.290000915527344,40.09000015258789,40.13999938964844,50610200
2014-04-29,33.98175048828125,40.5099983215332,41.189998626708984,40.38999938964844,41.099998474121094,29636200
2014-04-30,33.88949203491211,40.400001525878906,40.5,40.16999816894531,40.400001525878906,35458700
2014-05-01,33.553958892822266,40.0,40.36000061035156,39.95000076293945,40.2400016784668,28787400
2014-05-02,33.293907165527344,39.689998626708984,40.34000015258789,39.65999984741211,40.310001373291016,43416600
2014-05-05,33.075801849365234,39.43000030517578,39.63999938964844,39.29999923706055,39.52000045776367,22460900
2014-05-06,32.76542663574219,39.060001373291016,39.349998474121094,38.95000076293945,39.290000915527344,27112400
2014-05-07,33.067413330078125,39.41999816894531,39.5099983215332,38.5099983215332,39.220001220703125,41744500
2014-05-08,33.251956939697266,39.63999938964844,39.900001525878906,38.970001220703125,39.34000015258789,32120400
2014-05-09,33.16807556152344,39.540000915527344,39.849998474121094,39.369998931884766,39.540000915527344,29647600
2014-05-12,33.5287971496582,39.970001220703125,40.02000045776367,39.650001525878906,39.7400016784668,22782600
2014-05-13,34.14547348022461,40.41999816894531,40.5,39.849998474121094,39.91999816894531,27004800
2014-05-14,33.993408203125,40.2400016784668,40.45000076293945,40.04999923706055,40.29999923706055,18818700
2014-05-15,33.452754974365234,39.599998474121094,40.400001525878906,39.5099983215332,40.09000015258789,37793200
2014-05-16,33.647056579589844,39.83000183105469,39.84000015258789,39.27000045776367,39.66999816894531,29867100
2014-05-19,33.5794677734375,39.75,39.81999969482422,39.459999084472656,39.61000061035156,24537400
2014-05-20,33.520328521728516,39.68000030517578,39.939998626708984,39.459999084472656,39.68000030517578,21320900
2014-05-21,34.08633804321289,40.349998474121094,40.349998474121094,39.7400016784668,39.79999923706055,22398700
2014-05-22,33.875125885009766,40.099998474121094,40.349998474121094,39.849998474121094,40.290000915527344,20201800
2014-05-23,33.89203643798828,40.119998931884766,40.369998931884766,40.0,40.369998931884766,18020000
2014-05-27,33.951171875,40.189998626708984,40.2599983215332,39.810001373291016,40.2599983215332,26160600
2014-05-28,33.79912185668945,40.0099983215332,40.189998626708984,39.81999969482422,40.13999938964844,25711500
2014-05-29,34.077877044677734,40.34000015258789,40.349998474121094,39.90999984741211,40.150001525878906,19888200
2014-05-30,34.58475112915039,40.939998626708984,40.970001220703125,40.25,40.45000076293945,34567600
2014-06-02,34.458030700683594,40.790000915527344,41.09000015258789,40.68000030517578,40.95000076293945,18504300
2014-06-03,34.03565216064453,40.290000915527344,40.68000030517578,40.25,40.599998474121094,18068900
2014-06-04,34.06098937988281,40.31999969482422,40.369998931884766,39.86000061035156,40.209999084472656,23209000
2014-06-05,34.81282424926758,41.209999084472656,41.25,40.400001525878906,40.59000015258789,31865200
2014-06-06,35.04092025756836,41.47999954223633,41.65999984741211,41.2400016784668,41.47999954223633,24060500
2014-06-09,34.863521575927734,41.27000045776367,41.47999954223633,41.02000045776367,41.38999938964844,15019200
2014-06-10,34.72835159301758,41.11000061035156,41.15999984741211,40.86000061035156,41.029998779296875,15117700
2014-06-11,34.51716232299805,40.86000061035156,41.06999969482422,40.77000045776367,40.93000030517578,18040000
2014-06-12,34.2806282043457,40.58000183105469,40.880001068115234,40.290000915527344,40.810001373291016,29818900
2014-06-13,34.82972717285156,41.22999954223633,41.56999969482422,40.86000061035156,41.099998474121094,26310000
2014-06-16,35.05781936645508,41.5,41.61000061035156,41.040000915527344,41.040000915527344,24205300
2014-06-17,35.20988082885742,41.68000030517578,41.90999984741211,40.34000015258789,41.290000915527344,22518600
2014-06-18,35.184539794921875,41.650001525878906,41.7400016784668,41.18000030517578,41.61000061035156,27097000
2014-06-19,35.06625747680664,41.5099983215332,41.77000045776367,41.33000183105469,41.56999969482422,19828200
2014-06-20,35.20988082885742,41.68000030517578,41.83000183105469,41.380001068115234,41.45000076293945,47764900
2014-06-23,35.47174835205078,41.9900016784668,42.0,41.689998626708984,41.72999954223633,18743900
2014-06-24,35.26900863647461,41.75,41.939998626708984,41.560001373291016,41.83000183105469,26509100
2014-06-25,35.50554275512695,42.029998779296875,42.04999923706055,41.459999084472656,41.70000076293945,20049100
2014-06-26,35.24365997314453,41.720001220703125,41.939998626708984,41.43000030517578,41.93000030517578,23604400
2014-06-27,35.691375732421875,42.25,42.290000915527344,41.5099983215332,41.61000061035156,74640000
2014-06-30,35.22675704956055,41.70000076293945,42.209999084472656,41.70000076293945,42.16999816894531,30793100
2014-07-01,35.37037658691406,41.869998931884766,42.150001525878906,41.689998626708984,41.86000061035156,26917000
2014-07-02,35.39570617675781,41.900001525878906,41.900001525878906,41.529998779296875,41.72999954223633,20208100
2014-07-03,35.31124496459961,41.79999923706055,41.9900016784668,41.560001373291016,41.90999984741211,15969300
2014-07-07,35.47174835205078,41.9900016784668,42.119998931884766,41.709999084472656,41.75,21952400
2014-07-08,35.29436111450195,41.779998779296875,42.0,41.61000061035156,41.869998931884766,31218200
2014-07-09,35.20142364501953,41.66999816894531,41.9900016784668,41.529998779296875,41.97999954223633,18445900
2014-07-10,35.21831512451172,41.689998626708984,42.0,41.04999923706055,41.369998931884766,21854700
2014-07-11,35.55622482299805,42.09000015258789,42.09000015258789,41.47999954223633,41.70000076293945,24083000
2014-07-14,35.59846115112305,42.13999938964844,42.45000076293945,42.040000915527344,42.220001220703125,21881100
2014-07-15,35.8603401184082,42.45000076293945,42.470001220703125,42.029998779296875,42.33000183105469,28748700
2014-07-16,37.23731994628906,44.08000183105469,44.310001373291016,42.47999954223633,42.5099983215332,63318000
2014-07-17,37.617454528808594,44.529998779296875,45.709999084472656,44.25,45.45000076293945,82180300
2014-07-18,37.75260925292969,44.689998626708984,44.84000015258789,44.25,44.650001525878906,43407500
2014-07-21,37.87933349609375,44.84000015258789,45.15999984741211,44.220001220703125,44.560001373291016,37604400
2014-07-22,37.87089538574219,44.83000183105469,45.150001525878906,44.59000015258789,45.0,43095800
2014-07-23,37.90468215942383,44.869998931884766,45.45000076293945,44.619998931884766,45.45000076293945,52362900
2014-07-24,37.507633209228516,44.400001525878906,45.0,44.31999969482422,44.93000030517578,30725300
2014-07-25,37.59211349487305,44.5,44.65999984741211,44.29999923706055,44.29999923706055,26737700
2014-07-28,37.144378662109375,43.970001220703125,44.5099983215332,43.93000030517578,44.36000061035156,29684200
2014-07-29,37.07679748535156,43.88999938964844,44.09000015258789,43.63999938964844,43.90999984741211,27763100
2014-07-30,36.81492233276367,43.58000183105469,44.099998474121094,43.290000915527344,44.06999969482422,31921400
2014-07-31,36.46013641357422,43.15999984741211,43.689998626708984,43.08000183105469,43.380001068115234,31537500
2014-08-01,36.20669174194336,42.86000061035156,43.25,42.599998474121094,43.209999084472656,31170300
2014-08-04,36.63752365112305,43.369998931884766,43.470001220703125,42.810001373291016,42.970001220703125,34277400
2014-08-05,36.39254379272461,43.08000183105469,43.459999084472656,42.83000183105469,43.310001373291016,26266400
2014-08-06,36.10531234741211,42.7400016784668,43.16999816894531,42.209999084472656,42.7400016784668,24634000
2014-08-07,36.519248962402344,43.22999954223633,43.45000076293945,42.650001525878906,42.84000015258789,30314900
2014-08-08,36.49391555786133,43.20000076293945,43.31999969482422,42.90999984741211,43.22999954223633,28942700
2014-08-11,36.49391555786133,43.20000076293945,43.45000076293945,43.02000045776367,43.2599983215332,20351600
2014-08-12,36.764244079589844,43.52000045776367,43.59000015258789,43.0,43.040000915527344,21431100
2014-08-13,37.23731994628906,44.08000183105469,44.18000030517578,43.52000045776367,43.68000030517578,22889500
2014-08-14,37.3978157043457,44.27000045776367,44.41999816894531,44.0099983215332,44.08000183105469,19313200
2014-08-15,37.837093353271484,44.790000915527344,44.900001525878906,44.400001525878906,44.58000183105469,41611300
2014-08-18,38.107425689697266,45.11000061035156,45.11000061035156,44.68000030517578,44.939998626708984,26891100
2014-08-19,38.532447814941406,45.33000183105469,45.34000015258789,44.83000183105469,44.970001220703125,28139500
2014-08-20,38.20943069458008,44.95000076293945,45.400001525878906,44.900001525878906,45.34000015258789,24770500
2014-08-21,38.43894577026367,45.220001220703125,45.25,44.83000183105469,44.84000015258789,22285500
2014-08-22,38.379432678222656,45.150001525878906,45.470001220703125,45.06999969482422,45.349998474121094,18294500
2014-08-25,38.39643096923828,45.16999816894531,45.439998626708984,45.040000915527344,45.400001525878906,16910000
2014-08-26,38.260440826416016,45.0099983215332,45.400001525878906,44.939998626708984,45.310001373291016,14873100
2014-08-27,38.141422271728516,44.869998931884766,45.0,44.7599983215332,44.900001525878906,21287900
2014-08-28,38.149925231933594,44.880001068115234,44.97999954223633,44.61000061035156,44.75,17657600
2014-08-29,38.617454528808594,45.43000030517578,45.439998626708984,44.86000061035156,45.09000015258789,21607600
2014-09-02,38.32844161987305,45.09000015258789,45.459999084472656,44.849998474121094,45.43000030517578,22976800
2014-09-03,38.217926025390625,44.959999084472656,45.11000061035156,44.529998779296875,44.529998779296875,33684500
2014-09-04,38.472938537597656,45.2599983215332,45.27000045776367,44.720001220703125,44.7400016784668,26475500
2014-09-05,39.025474548339844,45.90999984741211,45.93000030517578,45.11000061035156,45.11000061035156,36939400
2014-09-08,39.50148010253906,46.470001220703125,46.79999923706055,45.9900016784668,46.02000045776367,45736700
2014-09-09,39.748008728027344,46.7599983215332,46.970001220703125,46.41999816894531,46.470001220703125,40302400
2014-09-10,39.816017150878906,46.84000015258789,46.939998626708984,46.279998779296875,46.81999969482422,27302400
2014-09-11,39.952022552490234,47.0,47.0,46.470001220703125,46.7400016784668,29216400
2014-09-12,39.6970100402832,46.70000076293945,47.02000045776367,46.599998474121094,46.90999984741211,38244700
2014-09-15,39.305973052978516,46.2400016784668,46.709999084472656,46.099998474121094,46.540000915527344,37667600
2014-09-16,39.748008728027344,46.7599983215332,46.849998474121094,46.290000915527344,46.38999938964844,27910600
2014-09-17,39.54398727416992,46.52000045776367,46.689998626708984,46.22999954223633,46.2599983215332,38311900
2014-09-18,39.68000793457031,46.68000030517578,46.83000183105469,46.459999084472656,46.59000015258789,35556600
2014-09-19,40.39402770996094,47.52000045776367,47.56999969482422,46.599998474121094,46.810001373291016,202522400
2014-09-22,40.003013610839844,47.060001373291016,47.380001068115234,46.97999954223633,47.29999923706055,38686100
2014-09-23,39.57798385620117,46.560001373291016,46.97999954223633,46.470001220703125,46.849998474121094,33430300
2014-09-24,40.020023345947266,47.08000183105469,47.11000061035156,46.34000015258789,46.630001068115234,26582700
2014-09-25,39.13597106933594,46.040000915527344,47.09000015258789,46.029998779296875,46.880001068115234,33077400
2014-09-26,39.45048904418945,46.40999984741211,46.619998931884766,45.7599983215332,45.93000030517578,27078800
2014-09-29,39.47599411010742,46.439998626708984,46.560001373291016,45.7599983215332,45.97999954223633,26091000
2014-09-30,39.40798568725586,46.36000061035156,46.47999954223633,46.0099983215332,46.369998931884766,33033100
2014-10-01,39.016971588134766,45.900001525878906,46.529998779296875,45.849998474121094,46.27000045776367,38088400
2014-10-02,38.89796447753906,45.7599983215332,46.099998474121094,45.63999938964844,45.83000183105469,25119400
2014-10-03,39.178466796875,46.09000015258789,46.29999923706055,45.61000061035156,45.97999954223633,32453200
2014-10-06,39.178466796875,46.09000015258789,46.29999923706055,45.91999816894531,46.119998931884766,20604000
2014-10-07,38.70244598388672,45.529998779296875,45.93000030517578,45.41999816894531,45.86000061035156,25723700
2014-10-08,39.765010833740234,46.779998779296875,46.88999938964844,45.34000015258789,45.47999954223633,33031000
2014-10-09,38.97447204589844,45.849998474121094,46.79999923706055,45.7400016784668,46.5,34422800
2014-10-10,37.4273796081543,44.029998779296875,46.119998931884766,43.95000076293945,45.599998474121094,51978100
2014-10-13,37.10437774658203,43.650001525878906,44.560001373291016,43.4900016784668,43.81999969482422,37100200
2014-10-14,37.17238235473633,43.72999954223633,44.380001068115234,43.560001373291016,43.869998931884766,38115700
2014-10-15,36.73884582519531,43.220001220703125,43.38999938964844,42.099998474121094,43.0,60218700
2014-10-16,36.33082580566406,42.7400016784668,43.08000183105469,42.220001220703125,42.529998779296875,49040400
2014-10-17,37.08736801147461,43.630001068115234,43.939998626708984,42.790000915527344,43.20000076293945,40683300
2014-10-20,37.46989059448242,44.08000183105469,44.13999938964844,42.810001373291016,43.060001373291016,34527900
2014-10-21,38.149925231933594,44.880001068115234,44.97999954223633,44.189998626708984,44.36000061035156,36433800
2014-10-22,37.72491455078125,44.380001068115234,45.06999969482422,44.22999954223633,45.0,33570900
2014-10-23,38.2689323425293,45.02000045776367,45.45000076293945,44.529998779296875,44.619998931884766,45451900
2014-10-24,39.21247100830078,46.130001068115234,46.900001525878906,45.18000030517578,46.83000183105469,61076700
2014-10-27,39.025474548339844,45.90999984741211,46.099998474121094,45.709999084472656,45.709999084472656,30371300
2014-10-28,39.518497467041016,46.4900016784668,46.5,45.77000045776367,45.86000061035156,29049800
2014-10-29,39.629005432128906,46.619998931884766,46.70000076293945,46.34000015258789,46.439998626708984,30276100
2014-10-30,39.144466400146484,46.04999923706055,46.31999969482422,45.77000045776367,46.31999969482422,30073900
2014-10-31,39.90951156616211,46.95000076293945,46.970001220703125,46.47999954223633,46.939998626708984,35849700
2014-11-03,40.326026916503906,47.439998626708984,47.459999084472656,46.72999954223633,46.88999938964844,23130400
2014-11-04,40.4365348815918,47.56999969482422,47.72999954223633,47.25,47.29999923706055,21530800
2014-11-05,40.68305587768555,47.86000061035156,47.900001525878906,47.2599983215332,47.79999923706055,22449600
2014-11-06,41.39707946777344,48.70000076293945,48.86000061035156,47.790000915527344,47.86000061035156,33037800
2014-11-07,41.380088806152344,48.68000030517578,48.91999816894531,48.290000915527344,48.91999816894531,28000600
2014-11-10,41.558597564697266,48.88999938964844,49.150001525878906,48.54999923706055,48.650001525878906,36370100
2014-11-11,41.541595458984375,48.869998931884766,48.95000076293945,48.650001525878906,48.849998474121094,23445200
2014-11-12,41.4650993347168,48.779998779296875,48.91999816894531,48.52000045776367,48.560001373291016,22722100
2014-11-13,42.17062759399414,49.61000061035156,49.650001525878906,48.709999084472656,48.810001373291016,26210400
2014-11-14,42.145118713378906,49.58000183105469,50.04999923706055,49.38999938964844,49.7400016784668,29081700
2014-11-17,42.04310989379883,49.459999084472656,49.709999084472656,49.13999938964844,49.40999984741211,30318600
2014-11-18,41.692413330078125,48.7400016784668,49.33000183105469,48.70000076293945,49.130001068115234,23995500
2014-11-19,41.24759292602539,48.220001220703125,48.75,47.93000030517578,48.65999984741211,26177500
2014-11-20,41.65818786621094,48.70000076293945,48.70000076293945,47.869998931884766,48.0,21510600
2014-11-21,41.04228973388672,47.97999954223633,49.04999923706055,47.56999969482422,49.02000045776367,42884800
2014-11-24,40.70869445800781,47.59000015258789,48.0,47.38999938964844,47.9900016784668,35434200
2014-11-25,40.60603332519531,47.470001220703125,47.970001220703125,47.45000076293945,47.65999984741211,28008000
2014-11-26,40.845550537109375,47.75,47.9900016784668,47.279998779296875,47.4900016784668,27163600
2014-11-28,40.89687728881836,47.810001373291016,48.20000076293945,47.61000061035156,47.95000076293945,21534400
2014-12-01,41.589744567871094,48.619998931884766,48.779998779296875,47.709999084472656,47.880001068115234,31191600
2014-12-02,41.452884674072266,48.459999084472656,49.04999923706055,48.20000076293945,48.84000015258789,25773500
2014-12-03,41.12782287597656,48.08000183105469,48.5,47.810001373291016,48.439998626708984,23534800
2014-12-04,41.777957916259766,48.84000015258789,49.060001373291016,48.20000076293945,48.38999938964844,30320400
2014-12-05,41.41868209838867,48.41999816894531,48.970001220703125,48.380001068115234,48.81999969482422,27313400
2014-12-08,40.80278396606445,47.70000076293945,48.349998474121094,47.45000076293945,48.2599983215332,26663100
2014-12-09,40.70869445800781,47.59000015258789,47.91999816894531,47.04999923706055,47.11000061035156,24330500
2014-12-10,40.11846923828125,46.900001525878906,47.65999984741211,46.70000076293945,47.58000183105469,30431800
2014-12-11,40.349422454833984,47.16999816894531,47.7400016784668,46.68000030517578,47.08000183105469,29060400
2014-12-12,40.161224365234375,46.95000076293945,47.72999954223633,46.66999816894531,46.779998779296875,34248400
2014-12-15,39.92171096801758,46.66999816894531,47.66999816894531,46.54999923706055,47.20000076293945,29247800
2014-12-16,38.63005065917969,45.15999984741211,46.34000015258789,45.130001068115234,45.900001525878906,47801400
2014-12-17,39.12618637084961,45.7400016784668,45.95000076293945,44.900001525878906,45.04999923706055,34970900
2014-12-18,40.64881134033203,47.52000045776367,47.52000045776367,46.34000015258789,46.58000183105469,40105600
2014-12-19,40.76857376098633,47.65999984741211,48.099998474121094,47.16999816894531,47.630001068115234,64551200
2014-12-22,41.04228973388672,47.97999954223633,48.119998931884766,47.709999084472656,47.779998779296875,26566000
2014-12-23,41.4443359375,48.45000076293945,48.79999923706055,48.130001068115234,48.369998931884766,23648100
2014-12-24,41.17915344238281,48.13999938964844,48.63999938964844,48.08000183105469,48.63999938964844,11437800
2014-12-26,40.956756591796875,47.880001068115234,48.40999984741211,47.81999969482422,48.40999984741211,13197800
2014-12-29,40.588924407958984,47.45000076293945,47.779998779296875,47.2599983215332,47.70000076293945,14439500
2014-12-30,40.22111892700195,47.02000045776367,47.619998931884766,46.84000015258789,47.439998626708984,16384700
2014-12-31,39.733543395996094,46.45000076293945,47.439998626708984,46.45000076293945,46.72999954223633,21552500
2015-01-02,39.998714447021484,46.7599983215332,47.41999816894531,46.540000915527344,46.65999984741211,27913900
2015-01-05,39.63087844848633,46.33000183105469,46.72999954223633,46.25,46.369998931884766,39673900
2015-01-06,39.04921340942383,45.650001525878906,46.75,45.540000915527344,46.380001068115234,36447900
2015-01-07,39.54534149169922,46.22999954223633,46.459999084472656,45.4900016784668,45.97999954223633,29114100
2015-01-08,40.70869445800781,47.59000015258789,47.75,46.720001220703125,46.75,29645200
2015-01-09,40.366512298583984,47.189998626708984,47.81999969482422,46.900001525878906,47.61000061035156,23944200
2015-01-12,39.8618278503418,46.599998474121094,47.540000915527344,46.36000061035156,47.41999816894531,23651900
2015-01-13,39.656532287597656,46.36000061035156,47.90999984741211,46.060001373291016,46.970001220703125,35270600
2015-01-14,39.31438446044922,45.959999084472656,46.2400016784668,45.619998931884766,45.959999084472656,29719600
2015-01-15,38.90378952026367,45.47999954223633,46.380001068115234,45.40999984741211,46.220001220703125,32750800
2015-01-16,39.55390167236328,46.2400016784668,46.279998779296875,45.16999816894531,45.310001373291016,35695300
2015-01-20,39.682193756103516,46.38999938964844,46.650001525878906,45.56999969482422,46.29999923706055,36161900
2015-01-21,39.2801628112793,45.91999816894531,46.13999938964844,45.47999954223633,45.939998626708984,39081100
2015-01-22,40.315189361572266,47.130001068115234,47.13999938964844,46.08000183105469,46.380001068115234,35898000
2015-01-23,40.35797119140625,47.18000030517578,47.38999938964844,46.79999923706055,47.36000061035156,26211600
2015-01-26,40.21255874633789,47.0099983215332,47.130001068115234,46.2400016784668,47.0,42525500
2015-01-27,36.49154281616211,42.65999984741211,43.20000076293945,42.11000061035156,42.95000076293945,169164000
2015-01-28,35.234100341796875,41.189998626708984,42.790000915527344,41.15999984741211,42.7400016784668,84507100
2015-01-29,35.93552780151367,42.0099983215332,42.119998931884766,40.790000915527344,40.93000030517578,63585300
2015-01-30,34.558326721191406,40.400001525878906,41.58000183105469,40.349998474121094,41.54999923706055,78004900
2015-02-02,35.311092376708984,41.279998779296875,41.369998931884766,40.22999954223633,40.59000015258789,50352500
2015-02-03,35.584815979003906,41.599998474121094,41.93000030517578,41.04999923706055,41.630001068115234,52082400
2015-02-04,35.790122985839844,41.84000015258789,42.209999084472656,41.36000061035156,41.939998626708984,41614800
2015-02-05,36.31190872192383,42.45000076293945,42.63999938964844,41.86000061035156,42.220001220703125,36548200
2015-02-06,36.277687072753906,42.40999984741211,42.790000915527344,42.150001525878906,42.68000030517578,34616600
2015-02-09,36.234928131103516,42.36000061035156,42.7400016784668,42.209999084472656,42.2400016784668,31381100
2015-02-10,36.440223693847656,42.599998474121094,42.77000045776367,42.18000030517578,42.7400016784668,29670700
2015-02-11,36.25204086303711,42.380001068115234,42.650001525878906,42.209999084472656,42.650001525878906,38262500
2015-02-12,36.859371185302734,43.09000015258789,43.09000015258789,42.5099983215332,42.65999984741211,33268800
2015-02-13,37.526580810546875,43.869998931884766,43.869998931884766,43.150001525878906,43.380001068115234,40264900
2015-02-17,37.543819427490234,43.58000183105469,44.0,43.189998626708984,43.970001220703125,33695700
2015-02-18,37.500755310058594,43.529998779296875,43.70000076293945,43.38999938964844,43.630001068115234,27111700
2015-02-19,37.474884033203125,43.5,43.529998779296875,43.04999923706055,43.18000030517578,27603400
2015-02-20,37.785030364990234,43.86000061035156,43.880001068115234,43.290000915527344,43.5099983215332,29721100
2015-02-23,38.03487777709961,44.150001525878906,44.189998626708984,43.650001525878906,43.70000076293945,32518800
2015-02-24,37.98316955566406,44.09000015258789,44.29999923706055,43.91999816894531,44.150001525878906,25271700
2015-02-25,37.89701461791992,43.9900016784668,44.09000015258789,43.79999923706055,43.95000076293945,29759800
2015-02-26,37.95732879638672,44.060001373291016,44.22999954223633,43.88999938964844,43.9900016784668,28957300
2015-02-27,37.776405334472656,43.849998474121094,44.20000076293945,43.65999984741211,44.130001068115234,33807700
2015-03-02,37.80226135253906,43.880001068115234,44.189998626708984,43.54999923706055,43.66999816894531,31924000
2015-03-03,37.28535842895508,43.279998779296875,43.83000183105469,43.09000015258789,43.560001373291016,31748600
2015-03-04,37.09584045410156,43.060001373291016,43.209999084472656,42.880001068115234,43.0099983215332,25748700
2015-03-05,37.138912200927734,43.11000061035156,43.2400016784668,42.81999969482422,43.06999969482422,23193500
2015-03-06,36.49280548095703,42.36000061035156,43.11000061035156,42.150001525878906,43.0,36248800
2015-03-09,36.914920806884766,42.849998474121094,43.130001068115234,42.189998626708984,42.189998626708984,32108000
2015-03-10,36.208492279052734,42.029998779296875,42.709999084472656,42.029998779296875,42.349998474121094,39159700
2015-03-11,36.16543197631836,41.97999954223633,42.369998931884766,41.84000015258789,42.310001373291016,32215300
2015-03-12,35.33839416503906,41.02000045776367,41.650001525878906,40.86000061035156,41.33000183105469,59992500
2015-03-13,35.648529052734375,41.380001068115234,41.470001220703125,40.61000061035156,40.70000076293945,58007700
2015-03-16,35.80361557006836,41.560001373291016,41.63999938964844,41.279998779296875,41.470001220703125,35273500
2015-03-17,35.92420196533203,41.70000076293945,41.83000183105469,41.150001525878906,41.369998931884766,31673400
2015-03-18,36.61341857910156,42.5,42.83000183105469,41.33000183105469,41.43000030517578,44194800
2015-03-19,36.43248748779297,42.290000915527344,42.59000015258789,42.220001220703125,42.2599983215332,33879100
2015-03-20,36.94076919555664,42.880001068115234,42.97999954223633,42.4900016784668,42.560001373291016,71904500
2015-03-23,36.923526763916016,42.86000061035156,43.130001068115234,42.779998779296875,42.880001068115234,26246100
2015-03-24,36.95798873901367,42.900001525878906,43.16999816894531,42.75,42.779998779296875,25513300
2015-03-25,35.71744155883789,41.459999084472656,42.93000030517578,41.439998626708984,42.91999816894531,43469900
2015-03-26,35.50208282470703,41.209999084472656,41.61000061035156,40.91999816894531,41.220001220703125,37495600
2015-03-27,35.295310974121094,40.970001220703125,41.43000030517578,40.83000183105469,41.119998931884766,34401400
2015-03-30,35.28669738769531,40.959999084472656,41.540000915527344,40.90999984741211,41.099998474121094,35049700
2015-03-31,35.02825164794922,40.65999984741211,41.029998779296875,40.540000915527344,40.779998779296875,34887200
2015-04-01,35.07994079589844,40.720001220703125,40.7599983215332,40.310001373291016,40.599998474121094,36865300
2015-04-02,34.70949935913086,40.290000915527344,40.7400016784668,40.119998931884766,40.65999984741211,37487500
2015-04-06,35.79497146606445,41.54999923706055,41.779998779296875,40.18000030517578,40.34000015258789,39223700
2015-04-07,35.77775192260742,41.529998779296875,41.90999984741211,41.310001373291016,41.61000061035156,28809400
2015-04-08,35.682987213134766,41.41999816894531,41.689998626708984,41.040000915527344,41.459999084472656,24753400
2015-04-09,35.734676361083984,41.47999954223633,41.619998931884766,41.25,41.25,25723900
2015-04-10,35.94144058227539,41.720001220703125,41.95000076293945,41.40999984741211,41.630001068115234,28022000
2015-04-13,35.97589874267578,41.7599983215332,42.060001373291016,41.38999938964844,41.400001525878906,30276700
2015-04-14,35.881134033203125,41.650001525878906,42.029998779296875,41.38999938964844,41.79999923706055,24244400
2015-04-15,36.40664291381836,42.2599983215332,42.459999084472656,41.68000030517578,41.7599983215332,27343600
2015-04-16,36.32049560546875,42.15999984741211,42.34000015258789,41.81999969482422,41.95000076293945,22509700
2015-04-17,35.855289459228516,41.619998931884766,41.7400016784668,41.15999984741211,41.66999816894531,42387600
2015-04-20,36.966617584228516,42.90999984741211,43.16999816894531,41.68000030517578,41.72999954223633,46057700
2015-04-21,36.7340202331543,42.63999938964844,43.150001525878906,42.529998779296875,43.0,26013800
2015-04-22,37.03554153442383,42.9900016784668,43.130001068115234,42.54999923706055,42.66999816894531,25064300
2015-04-23,37.33705520629883,43.34000015258789,43.61000061035156,42.79999923706055,42.88999938964844,46309500
2015-04-24,41.23960494995117,47.869998931884766,48.13999938964844,45.650001525878906,45.65999984741211,130933700
2015-04-27,41.37746047973633,48.029998779296875,48.130001068115234,47.220001220703125,47.22999954223633,59248200
2015-04-28,42.35094451904297,49.15999984741211,49.209999084472656,47.70000076293945,47.779998779296875,60730800
2015-04-29,42.26478958129883,49.060001373291016,49.310001373291016,48.5,48.720001220703125,47804600
2015-04-30,41.9029541015625,48.63999938964844,49.540000915527344,48.599998474121094,48.70000076293945,64725500
2015-05-01,41.920204162597656,48.65999984741211,48.880001068115234,48.400001525878906,48.58000183105469,38937300
2015-05-04,41.558372497558594,48.2400016784668,48.869998931884766,48.18000030517578,48.369998931884766,34039500
2015-05-05,41.00699996948242,47.599998474121094,48.15999984741211,47.310001373291016,47.81999969482422,50369200
2015-05-06,39.869850158691406,46.279998779296875,47.77000045776367,46.02000045776367,47.56999969482422,52433000
2015-05-07,40.23167037963867,46.70000076293945,47.09000015258789,46.15999984741211,46.27000045776367,32971700
2015-05-08,41.13623046875,47.75,47.97999954223633,47.52000045776367,47.54999923706055,35364900
2015-05-11,40.808860778808594,47.369998931884766,47.90999984741211,47.369998931884766,47.54999923706055,24609400
2015-05-12,40.79163360595703,47.349998474121094,47.68000030517578,46.41999816894531,46.849998474121094,29928300
2015-05-13,41.03285217285156,47.630001068115234,48.31999969482422,47.56999969482422,48.189998626708984,34184600
2015-05-14,41.97187805175781,48.720001220703125,48.81999969482422,48.029998779296875,48.029998779296875,32980900
2015-05-15,41.610050201416016,48.29999923706055,48.90999984741211,48.04999923706055,48.869998931884766,28642700
2015-05-18,41.360233306884766,48.0099983215332,48.220001220703125,47.61000061035156,47.97999954223633,24136500
2015-05-19,41.256168365478516,47.58000183105469,47.810001373291016,47.18000030517578,47.560001373291016,28574800
2015-05-20,41.256168365478516,47.58000183105469,47.93000030517578,47.27000045776367,47.38999938964844,25047900
2015-05-21,41.117435455322266,47.41999816894531,47.599998474121094,47.0099983215332,47.279998779296875,22410700
2015-05-22,40.66655731201172,46.900001525878906,47.349998474121094,46.81999969482422,47.29999923706055,25720600
2015-05-26,40.39775466918945,46.59000015258789,46.880001068115234,46.189998626708984,46.83000183105469,29581900
2015-05-27,41.282188415527344,47.61000061035156,47.77000045776367,46.619998931884766,46.81999969482422,27335600
2015-05-28,41.14345169067383,47.45000076293945,48.02000045776367,47.38999938964844,47.5,19283700
2015-05-29,40.631858825683594,46.86000061035156,47.56999969482422,46.59000015258789,47.43000030517578,36519600
2015-06-01,40.95268630981445,47.22999954223633,47.77000045776367,46.619998931884766,47.060001373291016,28837300
2015-06-02,40.683895111083984,46.91999816894531,47.349998474121094,46.619998931884766,46.93000030517578,21498300
2015-06-03,40.623207092285156,46.849998474121094,47.7400016784668,46.81999969482422,47.369998931884766,28002200
2015-06-04,40.198326110839844,46.36000061035156,47.15999984741211,46.20000076293945,46.790000915527344,27745500
2015-06-05,40.00756072998047,46.13999938964844,46.52000045776367,45.84000015258789,46.310001373291016,25438100
2015-06-08,39.65205383300781,45.72999954223633,46.43000030517578,45.66999816894531,46.29999923706055,22121600
2015-06-09,39.58268737792969,45.650001525878906,45.939998626708984,45.459999084472656,45.7599983215332,24406100
2015-06-10,40.415096282958984,46.61000061035156,46.83000183105469,45.689998626708984,45.790000915527344,28417400
2015-06-11,40.2676887512207,46.439998626708984,46.91999816894531,46.130001068115234,46.65999984741211,27347800
2015-06-12,39.860164642333984,45.970001220703125,46.470001220703125,45.900001525878906,46.220001220703125,23931000
2015-06-15,39.43526840209961,45.47999954223633,45.650001525878906,45.02000045776367,45.45000076293945,33254500
2015-06-16,39.73876190185547,45.83000183105469,46.2400016784668,45.29999923706055,45.349998474121094,27070300
2015-06-17,39.860164642333984,45.970001220703125,46.06999969482422,45.36000061035156,45.72999954223633,28704100
2015-06-18,40.51047134399414,46.720001220703125,46.79999923706055,46.16999816894531,46.220001220703125,32658300
2015-06-19,39.972862243652344,46.099998474121094,46.83000183105469,45.9900016784668,46.790000915527344,63837000
2015-06-22,40.08560562133789,46.22999954223633,46.720001220703125,46.15999984741211,46.33000183105469,20318100
2015-06-23,39.808128356933594,45.90999984741211,46.279998779296875,45.619998931884766,46.130001068115234,25896500
2015-06-24,39.57400894165039,45.63999938964844,46.25,45.54999923706055,45.66999816894531,34890900
2015-06-25,39.58268737792969,45.650001525878906,46.060001373291016,45.5,46.029998779296875,20616000
2015-06-26,39.2445182800293,45.2599983215332,46.279998779296875,45.029998779296875,45.650001525878906,49835300
2015-06-29,38.47280502319336,44.369998931884766,45.22999954223633,44.36000061035156,45.040000915527344,34081700
2015-06-30,38.28205490112305,44.150001525878906,44.720001220703125,43.939998626708984,44.709999084472656,35945400
2015-07-01,38.54216766357422,44.45000076293945,45.22999954223633,44.099998474121094,44.459999084472656,28343900
2015-07-02,38.49882888793945,44.400001525878906,44.75,44.060001373291016,44.47999954223633,21752000
2015-07-06,38.490150451660156,44.38999938964844,44.47999954223633,43.95000076293945,43.959999084472656,23034000
2015-07-07,38.41211700439453,44.29999923706055,44.4900016784668,43.31999969482422,44.34000015258789,36435800
2015-07-08,38.36009216308594,44.2400016784668,44.900001525878906,44.029998779296875,44.439998626708984,39785900
2015-07-09,38.60287857055664,44.52000045776367,45.220001220703125,44.5,44.75,32424700
2015-07-10,38.68089294433594,44.61000061035156,45.13999938964844,44.56999969482422,45.0099983215332,25465800
2015-07-13,39.487308502197266,45.540000915527344,45.619998931884766,44.95000076293945,44.97999954223633,28178300
2015-07-14,39.556671142578125,45.619998931884766,45.959999084472656,45.310001373291016,45.45000076293945,22880300
2015-07-15,39.678070068359375,45.7599983215332,45.88999938964844,45.43000030517578,45.68000030517578,26629600
2015-07-16,40.45845413208008,46.65999984741211,46.689998626708984,45.970001220703125,46.0099983215332,26271700
2015-07-17,40.42375946044922,46.619998931884766,46.779998779296875,46.2599983215332,46.54999923706055,29467100
2015-07-20,40.683895111083984,46.91999816894531,47.130001068115234,46.439998626708984,46.650001525878906,30631900
2015-07-21,40.99604797363281,47.279998779296875,47.33000183105469,46.47999954223633,46.779998779296875,42781900
2015-07-22,39.487308502197266,45.540000915527344,46.93000030517578,45.20000076293945,45.439998626708984,59152400
2015-07-23,39.98154830932617,46.11000061035156,46.22999954223633,45.099998474121094,45.27000045776367,33934000
2015-07-24,39.83414077758789,45.939998626708984,46.31999969482422,45.79999923706055,45.90999984741211,32333200
2015-07-27,39.322547912597656,45.349998474121094,46.0099983215332,45.25,45.939998626708984,39701400
2015-07-28,39.31388854980469,45.34000015258789,45.63999938964844,44.790000915527344,45.58000183105469,34328900
2015-07-29,40.13761520385742,46.290000915527344,46.779998779296875,45.2599983215332,45.400001525878906,40945900
2015-07-30,40.64921188354492,46.880001068115234,47.400001525878906,45.93000030517578,46.2599983215332,39777900
2015-07-31,40.493125915527344,46.70000076293945,47.369998931884766,46.5,47.290000915527344,31201500
2015-08-03,40.58850860595703,46.810001373291016,47.0,46.45000076293945,46.97999954223633,24125900
2015-08-04,41.22147750854492,47.540000915527344,47.709999084472656,46.68000030517578,46.75,33403900
2015-08-05,41.256168365478516,47.58000183105469,48.40999984741211,47.540000915527344,47.97999954223633,26959700
2015-08-06,40.42375946044922,46.619998931884766,47.77000045776367,46.33000183105469,47.709999084472656,27368000
2015-08-07,40.5278205871582,46.7400016784668,46.779998779296875,46.2599983215332,46.38999938964844,19163000
2015-08-10,41.039398193359375,47.33000183105469,47.4900016784668,46.84000015258789,46.95000076293945,23079900
2015-08-11,40.24168014526367,46.40999984741211,46.939998626708984,45.900001525878906,46.81999969482422,29237400
2015-08-12,40.5278205871582,46.7400016784668,46.900001525878906,45.709999084472656,46.189998626708984,30181400
2015-08-13,40.5191535949707,46.72999954223633,47.099998474121094,46.4900016784668,47.060001373291016,22627200
2015-08-14,40.75325012207031,47.0,47.099998474121094,46.52000045776367,46.529998779296875,21473400
2015-08-17,41.03072738647461,47.31999969482422,47.45000076293945,46.56999969482422,46.810001373291016,21099700
2015-08-18,41.257652282714844,47.27000045776367,47.43000030517578,46.70000076293945,46.84000015258789,23574100
2015-08-19,40.681610107421875,46.61000061035156,47.08000183105469,46.29999923706055,46.779998779296875,31485500
2015-08-20,39.85243606567383,45.65999984741211,46.470001220703125,45.65999984741211,46.06999969482422,36238200
2015-08-21,37.59186553955078,43.06999969482422,45.47999954223633,43.06999969482422,45.29999923706055,70053100
2015-08-24,36.378658294677734,41.68000030517578,42.689998626708984,39.720001220703125,40.45000076293945,88753700
2015-08-25,35.32255935668945,40.470001220703125,43.2400016784668,40.38999938964844,42.56999969482422,70616600
2015-08-26,37.277652740478516,42.709999084472656,42.84000015258789,41.060001373291016,42.0099983215332,63408000
2015-08-27,38.3162841796875,43.900001525878906,43.95000076293945,42.93000030517578,43.22999954223633,50943200
2015-08-28,38.34247589111328,43.93000030517578,44.150001525878906,43.38999938964844,43.400001525878906,28246700
2015-08-31,37.98462677001953,43.52000045776367,43.93000030517578,43.099998474121094,43.560001373291016,34441700
2015-09-01,36.5008544921875,41.81999969482422,42.59000015258789,41.65999984741211,42.16999816894531,49688900
2015-09-02,37.84496307373047,43.36000061035156,43.380001068115234,41.880001068115234,42.36000061035156,37671500
2015-09-03,37.96717071533203,43.5,43.97999954223633,43.279998779296875,43.40999984741211,28285200
2015-09-04,37.19037628173828,42.61000061035156,43.040000915527344,42.20000076293945,42.810001373291016,37138800
2015-09-08,38.307552337646484,43.88999938964844,44.0,43.20000076293945,43.29999923706055,32469800
2015-09-09,37.59186553955078,43.06999969482422,44.400001525878906,42.90999984741211,44.209999084472656,33469500
2015-09-10,37.78388595581055,43.290000915527344,43.790000915527344,42.75,43.119998931884766,31366600
2015-09-11,37.949710845947266,43.47999954223633,43.59000015258789,42.939998626708984,43.13999938964844,27132500
2015-09-14,37.56566619873047,43.040000915527344,43.439998626708984,42.86000061035156,43.43000030517578,23656000
2015-09-15,38.38612365722656,43.97999954223633,44.290000915527344,43.08000183105469,43.189998626708984,28882200
2015-09-16,38.665409088134766,44.29999923706055,44.380001068115234,43.84000015258789,43.970001220703125,23372200
2015-09-17,38.62178039550781,44.25,45.0,44.08000183105469,44.290000915527344,32768200
2015-09-18,37.949710845947266,43.47999954223633,43.9900016784668,43.33000183105469,43.5,63143700
2015-09-21,38.499576568603516,44.11000061035156,44.470001220703125,43.599998474121094,43.619998931884766,26177200
2015-09-22,38.3162841796875,43.900001525878906,44.04999923706055,43.310001373291016,43.380001068115234,28085900
2015-09-23,38.290103912353516,43.869998931884766,44.16999816894531,43.5099983215332,43.93000030517578,17145200
2015-09-24,38.325016021728516,43.90999984741211,44.130001068115234,43.27000045776367,43.45000076293945,27905600
2015-09-25,38.35120391845703,43.939998626708984,44.72999954223633,43.7599983215332,44.47999954223633,29384600
2015-09-28,37.78388595581055,43.290000915527344,44.09000015258789,43.209999084472656,43.83000183105469,27613800
2015-09-29,37.91481399536133,43.439998626708984,43.56999969482422,43.04999923706055,43.369998931884766,32763600
2015-09-30,38.63050079345703,44.2599983215332,44.29999923706055,43.65999984741211,43.880001068115234,34958900
2015-10-01,38.935970306396484,44.61000061035156,44.75,43.75,44.75,28657900
2015-10-02,39.773887634277344,45.56999969482422,45.56999969482422,43.91999816894531,44.27000045776367,41839000
2015-10-05,40.699058532714844,46.630001068115234,46.88999938964844,45.70000076293945,45.75,34369300
2015-10-06,40.80379867553711,46.75,47.18000030517578,46.220001220703125,46.33000183105469,27017200
2015-10-07,40.84742736816406,46.79999923706055,47.349998474121094,45.95000076293945,47.099998474121094,27711500
2015-10-08,41.41477584838867,47.45000076293945,47.52000045776367,46.5,46.560001373291016,33772700
2015-10-09,41.118003845214844,47.11000061035156,47.540000915527344,46.91999816894531,47.45000076293945,28600600
2015-10-12,41.02199172973633,47.0,47.06999969482422,46.5,46.97999954223633,19769100
2015-10-13,40.92598342895508,46.88999938964844,47.130001068115234,46.560001373291016,46.560001373291016,19987800
2015-10-14,40.742698669433594,46.68000030517578,47.099998474121094,46.529998779296875,46.650001525878906,24697800
2015-10-15,41.030731201171875,47.0099983215332,47.029998779296875,46.529998779296875,47.0099983215332,27189400
2015-10-16,41.46712875366211,47.5099983215332,47.540000915527344,46.900001525878906,47.02000045776367,26450300
2015-10-19,41.563140869140625,47.619998931884766,47.880001068115234,47.02000045776367,47.41999816894531,29387600
2015-10-20,41.694061279296875,47.77000045776367,47.810001373291016,47.02000045776367,47.439998626708984,30802200
2015-10-21,41.196556091308594,47.20000076293945,47.9900016784668,47.11000061035156,47.91999816894531,25144300
2015-10-22,41.920989990234375,48.029998779296875,48.95000076293945,47.09000015258789,47.529998779296875,56637100
2015-10-23,46.145389556884766,52.869998931884766,54.06999969482422,52.25,52.29999923706055,135227100
2015-10-26,47.34986114501953,54.25,54.31999969482422,52.5,52.529998779296875,64633300
2015-10-27,46.861083984375,53.689998626708984,54.369998931884766,53.58000183105469,53.9900016784668,50999900
2015-10-28,47.114200592041016,53.97999954223633,53.97999954223633,52.86000061035156,53.540000915527344,47000800
2015-10-29,46.573062896728516,53.36000061035156,53.83000183105469,53.220001220703125,53.540000915527344,30202100
2015-10-30,45.94464111328125,52.63999938964844,53.9900016784668,52.619998931884766,53.31999969482422,46619800
2015-11-02,46.46833038330078,53.2400016784668,53.36000061035156,52.619998931884766,52.849998474121094,30285000
2015-11-03,47.2625732421875,54.150001525878906,54.38999938964844,52.900001525878906,52.93000030517578,36596900
2015-11-04,47.48078918457031,54.400001525878906,54.880001068115234,54.060001373291016,54.18000030517578,37087800
2015-11-05,47.46332550048828,54.380001068115234,54.70000076293945,54.0,54.4900016784668,31468500
2015-11-06,47.93463134765625,54.91999816894531,54.97999954223633,53.959999084472656,54.09000015258789,32851200
2015-11-09,47.271297454833984,54.15999984741211,54.869998931884766,53.560001373291016,54.54999923706055,32513100
2015-11-10,46.7039794921875,53.5099983215332,54.130001068115234,53.27000045776367,54.06999969482422,55283700
2015-11-11,46.82618713378906,53.650001525878906,54.20000076293945,53.459999084472656,53.70000076293945,36516300
2015-11-12,46.53815460205078,53.31999969482422,53.97999954223633,53.189998626708984,53.47999954223633,35361100
2015-11-13,46.11920166015625,52.84000015258789,53.290000915527344,52.529998779296875,53.06999969482422,36848200
2015-11-16,46.93091583251953,53.77000045776367,53.88999938964844,52.849998474121094,53.08000183105469,32165200
2015-11-17,46.54429626464844,52.970001220703125,53.529998779296875,52.849998474121094,53.16999816894531,31551300
2015-11-18,47.31755065917969,53.849998474121094,53.97999954223633,52.97999954223633,53.0,29710000
2015-11-19,47.396629333496094,53.939998626708984,54.65999984741211,53.779998779296875,53.9900016784668,28149200
2015-11-20,47.61627960205078,54.189998626708984,54.29999923706055,53.27000045776367,54.25,37147600
2015-11-23,47.61627960205078,54.189998626708984,54.459999084472656,53.75,54.25,28235900
2015-11-24,47.66901779174805,54.25,54.439998626708984,53.58000183105469,53.91999816894531,24600000
2015-11-25,47.176944732666016,53.689998626708984,54.22999954223633,53.689998626708984,54.09000015258789,21005100
2015-11-27,47.38783645629883,53.93000030517578,54.08000183105469,53.790000915527344,53.79999923706055,9009100
2015-11-30,47.75688934326172,54.349998474121094,54.959999084472656,54.0,54.540000915527344,56241400
2015-12-01,48.52135467529297,55.220001220703125,55.22999954223633,54.29999923706055,54.40999984741211,39952800
2015-12-02,48.51255798339844,55.209999084472656,55.959999084472656,55.060001373291016,55.31999969482422,47274900
2015-12-03,47.62508010864258,54.20000076293945,55.77000045776367,53.93000030517578,55.4900016784668,38627800
2015-12-04,49.12763595581055,55.90999984741211,56.22999954223633,54.099998474121094,54.119998931884766,43963700
2015-12-07,49.03977584838867,55.810001373291016,55.970001220703125,55.290000915527344,55.790000915527344,30709800
2015-12-08,49.02219772338867,55.790000915527344,56.099998474121094,54.9900016784668,55.470001220703125,32878000
2015-12-09,48.31045913696289,54.97999954223633,55.869998931884766,54.5099983215332,55.369998931884766,36373200
2015-12-10,48.565277099609375,55.27000045776367,55.65999984741211,55.0099983215332,55.38999938964844,31775800
2015-12-11,47.50205993652344,54.060001373291016,55.099998474121094,54.0099983215332,54.709999084472656,39549500
2015-12-14,48.45105743408203,55.13999938964844,55.209999084472656,53.68000030517578,54.33000183105469,46768900
2015-12-15,48.50376510620117,55.20000076293945,55.900001525878906,55.09000015258789,55.65999984741211,39843000
2015-12-16,49.32095718383789,56.130001068115234,56.25,54.7599983215332,55.540000915527344,37503300
2015-12-17,48.94312286376953,55.70000076293945,56.790000915527344,55.529998779296875,56.36000061035156,41280900
2015-12-18,47.563575744628906,54.130001068115234,56.0,54.029998779296875,55.77000045776367,84684200
2015-12-21,48.17866897583008,54.83000183105469,55.349998474121094,54.22999954223633,54.880001068115234,37246300
2015-12-22,48.63556671142578,55.349998474121094,55.47999954223633,54.5,54.9900016784668,28322200
2015-12-23,49.04856491088867,55.81999969482422,55.880001068115234,55.439998626708984,55.70000076293945,27279800
2015-12-24,48.916748046875,55.66999816894531,55.959999084472656,55.43000030517578,55.86000061035156,9558500
2015-12-28,49.16279220581055,55.95000076293945,55.95000076293945,54.97999954223633,55.349998474121094,22458300
2015-12-29,49.69001007080078,56.54999923706055,56.849998474121094,56.060001373291016,56.290000915527344,27731400
2015-12-30,49.4791145324707,56.310001373291016,56.779998779296875,56.290000915527344,56.470001220703125,21704500
2015-12-31,48.749813079833984,55.47999954223633,56.189998626708984,55.41999816894531,56.040000915527344,27334100
2016-01-04,48.15230178833008,54.79999923706055,54.79999923706055,53.38999938964844,54.31999969482422,53778000
2016-01-05,48.37196350097656,55.04999923706055,55.38999938964844,54.540000915527344,54.93000030517578,34079700
2016-01-06,47.493282318115234,54.04999923706055,54.400001525878906,53.63999938964844,54.31999969482422,39518900
2016-01-07,45.84134292602539,52.16999816894531,53.4900016784668,52.06999969482422,52.70000076293945,56564900
2016-01-08,45.98191833496094,52.33000183105469,53.279998779296875,52.150001525878906,52.369998931884766,48754000
2016-01-11,45.9555778503418,52.29999923706055,52.849998474121094,51.459999084472656,52.5099983215332,36943800
2016-01-12,46.37733840942383,52.779998779296875,53.099998474121094,52.060001373291016,52.7599983215332,36095500
2016-01-13,45.37562561035156,51.63999938964844,54.06999969482422,51.29999923706055,53.79999923706055,66883600
2016-01-14,46.66731262207031,53.11000061035156,53.41999816894531,51.56999969482422,52.0,52381900
2016-01-15,44.80447006225586,50.9900016784668,51.970001220703125,50.34000015258789,51.310001373291016,71820700
2016-01-19,44.42664337158203,50.560001373291016,51.68000030517578,50.060001373291016,51.47999954223633,43564500
2016-01-20,44.628746032714844,50.790000915527344,51.380001068115234,49.099998474121094,49.97999954223633,63273000
2016-01-21,44.35634994506836,50.47999954223633,51.58000183105469,50.29999923706055,51.0,40191200
2016-01-22,45.94677734375,52.290000915527344,52.33000183105469,51.2599983215332,51.40999984741211,37555800
2016-01-25,45.507450103759766,51.790000915527344,52.650001525878906,51.650001525878906,51.939998626708984,34707700
2016-01-26,45.84134292602539,52.16999816894531,52.439998626708984,51.54999923706055,51.790000915527344,28900800
2016-01-27,45.00657653808594,51.220001220703125,52.20000076293945,51.02000045776367,52.0099983215332,36775200
2016-01-28,45.74467468261719,52.060001373291016,52.209999084472656,51.25,51.86000061035156,62513800
2016-01-29,48.40711975097656,55.09000015258789,55.09000015258789,54.0,54.72999954223633,83611700
2016-02-01,48.073219299316406,54.709999084472656,55.09000015258789,54.5,54.880001068115234,44208500
2016-02-02,46.570648193359375,53.0,54.2599983215332,52.650001525878906,54.16999816894531,56313800
2016-02-03,45.83253860473633,52.15999984741211,53.38999938964844,51.2599983215332,53.25,57559800
2016-02-04,45.69196319580078,52.0,52.810001373291016,51.369998931884766,52.099998474121094,46987100
2016-02-05,44.075157165527344,50.15999984741211,52.0,49.560001373291016,51.939998626708984,62009000
2016-02-08,43.416133880615234,49.40999984741211,49.56999969482422,48.189998626708984,49.54999923706055,59290500
2016-02-09,43.301918029785156,49.279998779296875,50.2400016784668,48.66999816894531,49.02000045776367,46740500
2016-02-10,43.67975997924805,49.709999084472656,50.38999938964844,49.52000045776367,49.88999938964844,38237000
2016-02-11,43.66218948364258,49.689998626708984,50.11000061035156,48.5099983215332,48.68000030517578,48878600
2016-02-12,44.373924255371094,50.5,50.68000030517578,49.75,50.25,34243300
2016-02-16,45.21467208862305,51.09000015258789,51.09000015258789,50.130001068115234,50.900001525878906,37291200
2016-02-17,46.39173126220703,52.41999816894531,52.77000045776367,51.45000076293945,51.4900016784668,40789000
2016-02-18,46.188175201416016,52.189998626708984,52.95000076293945,52.099998474121094,52.33000183105469,27176000
2016-02-19,45.860721588134766,51.81999969482422,52.279998779296875,51.529998779296875,51.970001220703125,33559100
2016-02-22,46.59528732299805,52.650001525878906,53.0,52.279998779296875,52.279998779296875,25008300
2016-02-23,45.294315338134766,51.18000030517578,52.369998931884766,50.97999954223633,52.34000015258789,28895300
2016-02-24,45.453636169433594,51.36000061035156,51.5,50.20000076293945,50.689998626708984,33014500
2016-02-25,46.1085205078125,52.099998474121094,52.099998474121094,50.61000061035156,51.72999954223633,26939500
2016-02-26,45.4005241394043,51.29999923706055,52.68000030517578,51.099998474121094,52.599998474121094,35975900
2016-02-29,45.0288200378418,50.880001068115234,51.650001525878906,50.65999984741211,51.349998474121094,31654000
2016-03-01,46.5333251953125,52.58000183105469,52.59000015258789,50.91999816894531,50.970001220703125,33024500
2016-03-02,46.86077880859375,52.95000076293945,52.959999084472656,52.15999984741211,52.40999984741211,29289900
2016-03-03,46.329769134521484,52.349998474121094,52.970001220703125,51.779998779296875,52.970001220703125,24427800
2016-03-04,46.04656982421875,52.029998779296875,52.45000076293945,51.709999084472656,52.400001525878906,33034200
2016-03-07,45.16156768798828,51.029998779296875,51.79999923706055,50.58000183105469,51.560001373291016,38407800
2016-03-08,45.71027755737305,51.650001525878906,52.130001068115234,50.599998474121094,50.79999923706055,33835100
2016-03-09,46.763423919677734,52.84000015258789,52.849998474121094,51.86000061035156,51.88999938964844,28251600
2016-03-10,46.06427001953125,52.04999923706055,52.939998626708984,51.15999984741211,52.93000030517578,38387800
2016-03-11,46.96696853637695,53.06999969482422,53.06999969482422,52.380001068115234,53.0,32275700
2016-03-14,47.05546569824219,53.16999816894531,53.59000015258789,52.630001068115234,52.709999084472656,24083600
2016-03-15,47.42716979980469,53.59000015258789,53.59000015258789,52.7400016784668,52.75,21104800
2016-03-16,48.09977340698242,54.349998474121094,54.599998474121094,53.400001525878906,53.45000076293945,31691700
2016-03-17,48.37412643432617,54.65999984741211,55.0,54.0,54.209999084472656,28223900
2016-03-18,47.338661193847656,53.4900016784668,54.970001220703125,53.45000076293945,54.91999816894531,67625500
2016-03-21,47.66613006591797,53.86000061035156,53.93000030517578,52.93000030517578,53.25,23925700
2016-03-22,47.85197830200195,54.06999969482422,54.25,53.459999084472656,53.61000061035156,23124100
2016-03-23,47.76348114013672,53.970001220703125,54.2400016784668,53.7400016784668,54.11000061035156,20129000
2016-03-24,47.975868225097656,54.209999084472656,54.33000183105469,53.72999954223633,53.84000015258789,19950000
2016-03-28,47.38291931152344,53.540000915527344,54.290000915527344,53.33000183105469,54.209999084472656,17025100
2016-03-29,48.418373107910156,54.709999084472656,54.86000061035156,53.45000076293945,53.65999984741211,23924300
2016-03-30,48.71927261352539,55.04999923706055,55.63999938964844,54.900001525878906,54.93000030517578,23008300
2016-03-31,48.87856674194336,55.22999954223633,55.59000015258789,54.86000061035156,54.95000076293945,26360500
2016-04-01,49.17947006225586,55.56999969482422,55.61000061035156,54.56999969482422,55.04999923706055,24399200
2016-04-04,49.055580139160156,55.43000030517578,55.65999984741211,55.0,55.43000030517578,18928800
2016-04-05,48.28562545776367,54.560001373291016,55.29999923706055,54.459999084472656,55.189998626708984,19272300
2016-04-06,48.78123092651367,55.119998931884766,55.20000076293945,54.209999084472656,54.36000061035156,21188700
2016-04-07,48.19712829589844,54.459999084472656,54.90999984741211,54.22999954223633,54.869998931884766,19225100
2016-04-08,48.16172409057617,54.41999816894531,55.279998779296875,54.31999969482422,54.66999816894531,22167200
2016-04-11,48.06436538696289,54.310001373291016,55.150001525878906,54.29999923706055,54.4900016784668,21414200
2016-04-12,48.365272521972656,54.650001525878906,54.779998779296875,53.7599983215332,54.369998931884766,24944300
2016-04-13,48.98476791381836,55.349998474121094,55.439998626708984,54.88999938964844,55.119998931884766,20818000
2016-04-14,48.993621826171875,55.36000061035156,55.58000183105469,55.06999969482422,55.220001220703125,20877100
2016-04-15,49.25025939941406,55.650001525878906,55.91999816894531,55.11000061035156,55.29999923706055,28793800
2016-04-18,49.96712112426758,56.459999084472656,56.59000015258789,55.209999084472656,55.4900016784668,23786000
2016-04-19,49.90516662597656,56.38999938964844,56.77000045776367,55.68000030517578,56.630001068115234,29596800
2016-04-20,49.197174072265625,55.59000015258789,56.5,55.4900016784668,56.290000915527344,36195700
2016-04-21,49.36531448364258,55.779998779296875,56.22999954223633,55.41999816894531,55.79999923706055,38909100
2016-04-22,45.8253173828125,51.779998779296875,52.43000030517578,50.77000045776367,51.90999984741211,126834100
2016-04-25,46.11738204956055,52.11000061035156,52.130001068115234,51.630001068115234,51.779998779296875,33226900
2016-04-26,45.5244255065918,51.439998626708984,52.349998474121094,51.09000015258789,52.2599983215332,33532600
2016-04-27,45.08192825317383,50.939998626708984,51.5,50.54999923706055,51.47999954223633,43369300
2016-04-28,44.16151809692383,49.900001525878906,50.77000045776367,49.560001373291016,50.619998931884766,43134800
2016-04-29,44.134971618652344,49.869998931884766,50.25,49.349998474121094,49.349998474121094,48411700
2016-05-02,44.78986740112305,50.61000061035156,50.75,49.779998779296875,50.0,33114500
2016-05-03,44.05531311035156,49.779998779296875,50.40999984741211,49.599998474121094,50.34000015258789,26460200
2016-05-04,44.134971618652344,49.869998931884766,50.060001373291016,49.459999084472656,49.84000015258789,24257600
2016-05-05,44.19691848754883,49.939998626708984,50.29999923706055,49.72999954223633,49.869998931884766,25390700
2016-05-06,44.59518051147461,50.38999938964844,50.38999938964844,49.65999984741211,49.91999816894531,24787300
2016-05-09,44.311973571777344,50.06999969482422,50.59000015258789,50.0,50.4900016784668,17951600
2016-05-10,45.15272521972656,51.02000045776367,51.099998474121094,50.189998626708984,50.33000183105469,22891000
2016-05-11,45.17927169799805,51.04999923706055,51.779998779296875,51.0,51.130001068115234,24039100
2016-05-12,45.58636474609375,51.5099983215332,51.810001373291016,50.91999816894531,51.20000076293945,24102800
2016-05-13,45.2058219909668,51.08000183105469,51.900001525878906,51.040000915527344,51.439998626708984,22592300
2016-05-16,45.86957931518555,51.83000183105469,51.959999084472656,50.75,50.79999923706055,20032000
2016-05-17,45.0140266418457,50.5099983215332,51.72999954223633,50.36000061035156,51.720001220703125,27803500
2016-05-18,45.281394958496094,50.810001373291016,51.13999938964844,50.29999923706055,50.47999954223633,24907500
2016-05-19,44.844703674316406,50.31999969482422,50.619998931884766,49.81999969482422,50.470001220703125,23842400
2016-05-20,45.11205291748047,50.619998931884766,51.220001220703125,50.400001525878906,50.47999954223633,23905800
2016-05-23,44.58625411987305,50.029998779296875,50.68000030517578,49.97999954223633,50.599998474121094,26118700
2016-05-24,45.97651672363281,51.59000015258789,51.709999084472656,50.400001525878906,50.70000076293945,34757900
2016-05-25,46.44884490966797,52.119998931884766,52.4900016784668,51.790000915527344,51.91999816894531,24040200
2016-05-26,46.24386978149414,51.88999938964844,51.97999954223633,51.36000061035156,51.93000030517578,24335200
2016-05-27,46.62709045410156,52.31999969482422,52.31999969482422,51.77000045776367,51.91999816894531,17721400
2016-05-31,47.233097076416016,53.0,53.0,52.08000183105469,52.2599983215332,37653100
2016-06-01,47.09941482543945,52.849998474121094,52.95000076293945,52.439998626708984,52.439998626708984,25324800
2016-06-02,46.769676208496094,52.47999954223633,52.7400016784668,51.84000015258789,52.63999938964844,22840800
2016-06-03,46.15476608276367,51.790000915527344,52.41999816894531,51.599998474121094,52.380001068115234,23368300
2016-06-06,46.457759857177734,52.130001068115234,52.349998474121094,51.88999938964844,51.9900016784668,18243300
2016-06-07,46.4310188293457,52.099998474121094,52.72999954223633,52.099998474121094,52.2400016784668,20866800
2016-06-08,46.3775520324707,52.040000915527344,52.439998626708984,51.869998931884766,52.02000045776367,21149400
2016-06-09,46.00325012207031,51.619998931884766,52.0,51.4900016784668,52.0,20305700
2016-06-10,45.87848663330078,51.47999954223633,52.04999923706055,51.040000915527344,51.04999923706055,25833200
2016-06-13,44.68428039550781,50.13999938964844,50.720001220703125,49.060001373291016,49.58000183105469,83217800
2016-06-14,44.40802764892578,49.83000183105469,50.099998474121094,49.56999969482422,49.900001525878906,42577100
2016-06-15,44.28324508666992,49.689998626708984,50.119998931884766,49.689998626708984,49.779998779296875,33757600
2016-06-16,44.90708923339844,50.38999938964844,50.470001220703125,49.5099983215332,49.52000045776367,31188600
2016-06-17,44.67538070678711,50.130001068115234,50.43000030517578,49.81999969482422,50.40999984741211,45710500
2016-06-20,44.621910095214844,50.06999969482422,50.83000183105469,50.029998779296875,50.63999938964844,35607900
2016-06-21,45.620025634765625,51.189998626708984,51.43000030517578,50.15999984741211,50.20000076293945,34097800
2016-06-22,45.44179916381836,50.9900016784668,51.459999084472656,50.95000076293945,51.08000183105469,28816800
2016-06-23,46.26170349121094,51.90999984741211,52.060001373291016,51.150001525878906,51.279998779296875,29028800
2016-06-24,44.40802764892578,49.83000183105469,50.939998626708984,49.52000045776367,49.810001373291016,133503000
2016-06-27,43.16035461425781,48.43000030517578,49.150001525878906,48.040000915527344,49.099998474121094,50216300
2016-06-28,44.060455322265625,49.439998626708984,49.470001220703125,48.66999816894531,48.91999816894531,38140700
2016-06-29,45.0407600402832,50.540000915527344,50.720001220703125,49.79999923706055,49.90999984741211,31304000
2016-06-30,45.60222244262695,51.16999816894531,51.29999923706055,50.5,50.720001220703125,28527800
2016-07-01,45.593299865722656,51.15999984741211,51.720001220703125,51.06999969482422,51.130001068115234,21400400
2016-07-05,45.60222244262695,51.16999816894531,51.279998779296875,50.7400016784668,50.83000183105469,24806400
2016-07-06,45.78938293457031,51.380001068115234,51.540000915527344,50.38999938964844,50.779998779296875,28167500
2016-07-07,45.78938293457031,51.380001068115234,51.61000061035156,51.06999969482422,51.41999816894531,19585200
2016-07-08,46.60926055908203,52.29999923706055,52.36000061035156,51.54999923706055,51.72999954223633,28391000
2016-07-11,46.867706298828125,52.59000015258789,52.83000183105469,52.470001220703125,52.5,22269200
2016-07-12,47.42023849487305,53.209999084472656,53.400001525878906,52.790000915527344,52.939998626708984,27317600
2016-07-13,47.687599182128906,53.5099983215332,53.86000061035156,53.18000030517578,53.560001373291016,25356800
2016-07-14,47.89258575439453,53.7400016784668,53.9900016784668,53.58000183105469,53.84000015258789,24545500
2016-07-15,47.8569450378418,53.70000076293945,54.0,53.209999084472656,53.95000076293945,32024400
2016-07-18,48.0886344909668,53.959999084472656,54.34000015258789,53.54999923706055,53.70000076293945,31433900
2016-07-19,47.31330490112305,53.09000015258789,53.900001525878906,52.93000030517578,53.709999084472656,53336500
2016-07-20,49.82646179199219,55.90999984741211,56.84000015258789,55.529998779296875,56.150001525878906,89893300
2016-07-21,49.72843551635742,55.79999923706055,56.22999954223633,55.7599983215332,55.97999954223633,32776700
2016-07-22,50.41464614868164,56.56999969482422,56.630001068115234,55.779998779296875,56.08000183105469,32157200
2016-07-25,50.55722427368164,56.72999954223633,56.7400016784668,56.2599983215332,56.470001220703125,25610600
2016-07-26,50.583953857421875,56.7599983215332,57.290000915527344,56.5099983215332,56.52000045776367,28079000
2016-07-27,50.075984954833984,56.189998626708984,56.79999923706055,56.11000061035156,56.61000061035156,32327500
2016-07-28,50.09381866455078,56.209999084472656,56.369998931884766,55.720001220703125,56.0,37550400
2016-07-29,50.51267623901367,56.68000030517578,56.7599983215332,56.04999923706055,56.2599983215332,30558700
2016-08-01,50.423553466796875,56.58000183105469,56.75,56.13999938964844,56.599998474121094,26003400
2016-08-02,50.423553466796875,56.58000183105469,56.900001525878906,56.310001373291016,56.849998474121094,35122000
2016-08-03,50.771121978759766,56.970001220703125,57.11000061035156,56.4900016784668,56.68000030517578,22075600
2016-08-04,51.14542007446289,57.38999938964844,57.52000045776367,56.66999816894531,56.79999923706055,26587700
2016-08-05,51.65338897705078,57.959999084472656,58.209999084472656,57.45000076293945,57.650001525878906,29335200
2016-08-08,51.74251937866211,58.060001373291016,58.09000015258789,57.779998779296875,58.060001373291016,19473500
2016-08-09,51.867286682128906,58.20000076293945,58.5,58.02000045776367,58.16999816894531,16920700
2016-08-10,51.706871032714844,58.02000045776367,58.31999969482422,57.81999969482422,58.15999984741211,15756900
2016-08-11,51.9564094543457,58.29999923706055,58.45000076293945,58.029998779296875,58.029998779296875,18162300
2016-08-12,51.63557052612305,57.939998626708984,58.189998626708984,57.619998931884766,58.029998779296875,21655200
2016-08-15,51.79599380493164,58.119998931884766,58.5,57.959999084472656,58.0099983215332,19283900
2016-08-16,51.50901794433594,57.439998626708984,57.619998931884766,57.27000045776367,57.61000061035156,20523500
2016-08-17,51.61663818359375,57.560001373291016,57.68000030517578,57.22999954223633,57.540000915527344,18856400
2016-08-18,51.65250778198242,57.599998474121094,57.70000076293945,57.27000045776367,57.41999816894531,14214300
2016-08-19,51.670433044433594,57.619998931884766,57.72999954223633,57.20000076293945,57.43000030517578,17271000
2016-08-22,51.71527862548828,57.66999816894531,57.75,57.2599983215332,57.599998474121094,15221900
2016-08-23,51.91255569458008,57.88999938964844,58.18000030517578,57.849998474121094,57.900001525878906,18732400
2016-08-24,51.966365814208984,57.95000076293945,58.040000915527344,57.720001220703125,57.79999923706055,18151500
2016-08-25,52.16364669799805,58.16999816894531,58.290000915527344,57.779998779296875,57.880001068115234,18552600
2016-08-26,52.038108825683594,58.029998779296875,58.70000076293945,57.689998626708984,58.279998779296875,20971200
2016-08-29,52.10088348388672,58.099998474121094,58.599998474121094,58.099998474121094,58.18000030517578,16417200
2016-08-30,51.91255569458008,57.88999938964844,58.189998626708984,57.61000061035156,57.97999954223633,16930200
2016-08-31,51.52696990966797,57.459999084472656,57.79999923706055,57.29999923706055,57.650001525878906,20860300
2016-09-01,51.64353561401367,57.59000015258789,57.81999969482422,57.0099983215332,57.0099983215332,26075400
2016-09-02,51.71527862548828,57.66999816894531,58.189998626708984,57.41999816894531,57.66999816894531,18900500
2016-09-06,51.66148376464844,57.61000061035156,57.79999923706055,57.209999084472656,57.779998779296875,16278400
2016-09-07,51.70631408691406,57.65999984741211,57.84000015258789,57.40999984741211,57.470001220703125,17493400
2016-09-08,51.50006866455078,57.43000030517578,57.790000915527344,57.18000030517578,57.630001068115234,20146100
2016-09-09,50.406044006347656,56.209999084472656,57.52000045776367,56.209999084472656,56.790000915527344,35113900
2016-09-12,51.1593017578125,57.04999923706055,57.209999084472656,55.61000061035156,56.0,29303000
2016-09-13,50.6929931640625,56.529998779296875,56.650001525878906,56.04999923706055,56.5,30130200
2016-09-14,50.45086669921875,56.2599983215332,56.630001068115234,56.029998779296875,56.38999938964844,24062500
2016-09-15,51.28485107421875,57.189998626708984,57.349998474121094,55.97999954223633,56.150001525878906,26847000
2016-09-16,51.338645935058594,57.25,57.630001068115234,56.75,57.630001068115234,44607000
2016-09-19,51.05168533325195,56.93000030517578,57.75,56.849998474121094,57.27000045776367,20937100
2016-09-20,50.94407272338867,56.810001373291016,57.349998474121094,56.75,57.349998474121094,17384000
2016-09-21,51.795989990234375,57.7599983215332,57.849998474121094,57.08000183105469,57.5099983215332,33707300
2016-09-22,51.84979248046875,57.81999969482422,58.0,57.630001068115234,57.91999816894531,19822200
2016-09-23,51.50006866455078,57.43000030517578,57.90999984741211,57.380001068115234,57.869998931884766,19955300
2016-09-26,51.02478790283203,56.900001525878906,57.13999938964844,56.83000183105469,57.08000183105469,21688700
2016-09-27,51.966365814208984,57.95000076293945,58.060001373291016,56.68000030517578,56.93000030517578,28065100
2016-09-28,52.038108825683594,58.029998779296875,58.060001373291016,57.66999816894531,57.880001068115234,20536400
2016-09-29,51.473167419433594,57.400001525878906,58.16999816894531,57.209999084472656,57.810001373291016,25463500
2016-09-30,51.65250778198242,57.599998474121094,57.77000045776367,57.34000015258789,57.56999969482422,29910800
2016-10-03,51.491092681884766,57.41999816894531,57.54999923706055,57.060001373291016,57.40999984741211,19189500
2016-10-04,51.32968521118164,57.2400016784668,57.599998474121094,56.970001220703125,57.27000045776367,20085900
2016-10-05,51.68837356567383,57.63999938964844,57.959999084472656,57.2599983215332,57.290000915527344,16726400
2016-10-06,51.77805709838867,57.7400016784668,57.86000061035156,57.279998779296875,57.7400016784668,16212600
2016-10-07,51.83186721801758,57.79999923706055,57.97999954223633,57.41999816894531,57.849998474121094,20089000
2016-10-10,52.047080993652344,58.040000915527344,58.38999938964844,57.869998931884766,57.90999984741211,18196500
2016-10-11,51.28485107421875,57.189998626708984,58.02000045776367,56.88999938964844,57.88999938964844,26497400
2016-10-12,51.21311950683594,57.11000061035156,57.27000045776367,56.400001525878906,57.11000061035156,22177500
2016-10-13,51.04271697998047,56.91999816894531,57.29999923706055,56.31999969482422,56.70000076293945,25313700
2016-10-14,51.491092681884766,57.41999816894531,57.7400016784668,57.119998931884766,57.119998931884766,27402500
2016-10-17,51.311744689941406,57.220001220703125,57.459999084472656,56.869998931884766,57.36000061035156,23830000
2016-10-18,51.70631408691406,57.65999984741211,57.95000076293945,57.40999984741211,57.529998779296875,19149500
2016-10-19,51.589725494384766,57.529998779296875,57.84000015258789,57.400001525878906,57.470001220703125,22878400
2016-10-20,51.338645935058594,57.25,57.52000045776367,56.65999984741211,57.5,49455600
2016-10-21,53.49980163574219,59.65999984741211,60.45000076293945,59.4900016784668,60.279998779296875,80032200
2016-10-24,54.70144271850586,61.0,61.0,59.93000030517578,59.939998626708984,54067000
2016-10-25,54.69247817993164,60.9900016784668,61.369998931884766,60.79999923706055,60.849998474121094,35137200
2016-10-26,54.36963653564453,60.630001068115234,61.20000076293945,60.470001220703125,60.810001373291016,29911600
2016-10-27,53.894378662109375,60.099998474121094,60.83000183105469,60.09000015258789,60.61000061035156,28479900
2016-10-28,53.6881103515625,59.869998931884766,60.52000045776367,59.58000183105469,60.0099983215332,33574700
2016-10-31,53.732940673828125,59.91999816894531,60.41999816894531,59.91999816894531,60.15999984741211,26434700
2016-11-01,53.62533950805664,59.79999923706055,60.02000045776367,59.25,59.970001220703125,24533000
2016-11-02,53.29355239868164,59.43000030517578,59.93000030517578,59.29999923706055,59.81999969482422,22147000
2016-11-03,53.09626770019531,59.209999084472656,59.63999938964844,59.11000061035156,59.529998779296875,21600400
2016-11-04,52.64789581298828,58.709999084472656,59.279998779296875,58.52000045776367,58.650001525878906,28697000
2016-11-07,54.181331634521484,60.41999816894531,60.52000045776367,59.779998779296875,59.779998779296875,31664800
2016-11-08,54.226165771484375,60.470001220703125,60.779998779296875,60.150001525878906,60.54999923706055,22935400
2016-11-09,53.95714569091797,60.16999816894531,60.59000015258789,59.20000076293945,60.0,49632500
2016-11-10,52.6389274597168,58.70000076293945,60.4900016784668,57.630001068115234,60.47999954223633,57822400
2016-11-11,52.92588806152344,59.02000045776367,59.119998931884766,58.0099983215332,58.22999954223633,38767800
2016-11-14,52.11881637573242,58.119998931884766,59.08000183105469,57.279998779296875,59.02000045776367,41328400
2016-11-15,53.148014068603516,58.869998931884766,59.4900016784668,58.31999969482422,58.33000183105469,35904100
2016-11-16,53.852203369140625,59.650001525878906,59.65999984741211,58.810001373291016,58.939998626708984,27332500
2016-11-17,54.745975494384766,60.63999938964844,60.95000076293945,59.970001220703125,60.40999984741211,32132700
2016-11-18,54.48415756225586,60.349998474121094,61.13999938964844,60.29999923706055,60.779998779296875,27686300
2016-11-21,54.94458770751953,60.86000061035156,60.970001220703125,60.41999816894531,60.5,19652600
2016-11-22,55.1793212890625,61.119998931884766,61.2599983215332,60.810001373291016,60.97999954223633,23206700
2016-11-23,54.529296875,60.400001525878906,61.099998474121094,60.25,61.0099983215332,21848900
2016-11-25,54.64665603637695,60.529998779296875,60.529998779296875,60.130001068115234,60.29999923706055,8409600
2016-11-28,54.71888732910156,60.61000061035156,61.02000045776367,60.209999084472656,60.34000015258789,20732600
2016-11-29,55.15222930908203,61.09000015258789,61.40999984741211,60.52000045776367,60.650001525878906,22366700
2016-11-30,54.40289306640625,60.2599983215332,61.18000030517578,60.220001220703125,60.86000061035156,34655400
2016-12-01,53.445926666259766,59.20000076293945,60.150001525878906,58.939998626708984,60.11000061035156,34542100
2016-12-02,53.49106979370117,59.25,59.470001220703125,58.79999923706055,59.08000183105469,25515700
2016-12-05,54.366798400878906,60.220001220703125,60.59000015258789,59.560001373291016,59.70000076293945,23552700
2016-12-06,54.12302780151367,59.95000076293945,60.459999084472656,59.79999923706055,60.43000030517578,19907000
2016-12-07,55.40501403808594,61.369998931884766,61.380001068115234,59.79999923706055,60.0099983215332,30809000
2016-12-08,55.08000946044922,61.0099983215332,61.58000183105469,60.84000015258789,61.29999923706055,21220800
2016-12-09,55.94669723510742,61.970001220703125,61.9900016784668,61.130001068115234,61.18000030517578,27349400
2016-12-12,56.12726593017578,62.16999816894531,62.29999923706055,61.720001220703125,61.81999969482422,20198100
2016-12-13,56.85854721069336,62.97999954223633,63.41999816894531,62.2400016784668,62.5,35718900
2016-12-14,56.58768844604492,62.68000030517578,63.45000076293945,62.529998779296875,63.0,30352700
2016-12-15,56.49741744995117,62.58000183105469,63.150001525878906,62.29999923706055,62.70000076293945,27669900
2016-12-16,56.244625091552734,62.29999923706055,62.95000076293945,62.119998931884766,62.95000076293945,42453100
2016-12-19,57.43632507324219,63.619998931884766,63.77000045776367,62.41999816894531,62.560001373291016,34338200
2016-12-20,57.36410140991211,63.540000915527344,63.79999923706055,63.029998779296875,63.689998626708984,26028400
2016-12-21,57.36410140991211,63.540000915527344,63.70000076293945,63.119998931884766,63.43000030517578,17096300
2016-12-22,57.37311935424805,63.54999923706055,64.0999984741211,63.40999984741211,63.84000015258789,22176600
2016-12-23,57.09326171875,63.2400016784668,63.540000915527344,62.79999923706055,63.45000076293945,12403800
2016-12-27,57.12936782836914,63.279998779296875,64.06999969482422,63.209999084472656,63.209999084472656,11763200
2016-12-28,56.8675651550293,62.9900016784668,63.400001525878906,62.83000183105469,63.400001525878906,14653300
2016-12-29,56.78630828857422,62.900001525878906,63.20000076293945,62.72999954223633,62.86000061035156,10250600
2016-12-30,56.10017776489258,62.13999938964844,62.9900016784668,62.029998779296875,62.959999084472656,25579900
2017-01-03,56.49741744995117,62.58000183105469,62.84000015258789,62.130001068115234,62.790000915527344,20694100
2017-01-04,56.244625091552734,62.29999923706055,62.75,62.119998931884766,62.47999954223633,21340000
2017-01-05,56.244625091552734,62.29999923706055,62.65999984741211,62.029998779296875,62.189998626708984,24876000
2017-01-06,56.73214340209961,62.84000015258789,63.150001525878906,62.040000915527344,62.29999923706055,19922900
2017-01-09,56.55158233642578,62.63999938964844,63.08000183105469,62.540000915527344,62.7599983215332,20382700
2017-01-10,56.53351974487305,62.619998931884766,63.06999969482422,62.279998779296875,62.72999954223633,18593000
2017-01-11,57.04811477661133,63.189998626708984,63.22999954223633,62.43000030517578,62.61000061035156,21517300
2017-01-12,56.524505615234375,62.61000061035156,63.400001525878906,61.95000076293945,63.060001373291016,20968200
2017-01-13,56.60573959350586,62.70000076293945,62.869998931884766,62.349998474121094,62.619998931884766,19422300
2017-01-17,56.4522705078125,62.529998779296875,62.70000076293945,62.029998779296875,62.68000030517578,20664000
2017-01-18,56.42518615722656,62.5,62.70000076293945,62.119998931884766,62.66999816894531,19670100
2017-01-19,56.244625091552734,62.29999923706055,62.97999954223633,62.20000076293945,62.2400016784668,18451700
2017-01-20,56.64186096191406,62.7400016784668,62.81999969482422,62.369998931884766,62.66999816894531,30213500
2017-01-23,56.84046936035156,62.959999084472656,63.119998931884766,62.56999969482422,62.70000076293945,23097600
2017-01-24,57.346038818359375,63.52000045776367,63.7400016784668,62.939998626708984,63.20000076293945,24672900
2017-01-25,57.49049758911133,63.68000030517578,64.0999984741211,63.45000076293945,63.95000076293945,23672700
2017-01-26,58.02314758300781,64.2699966430664,64.54000091552734,63.54999923706055,64.12000274658203,43554600
2017-01-27,59.38636779785156,65.77999877929688,65.91000366210938,64.88999938964844,65.38999938964844,44818000
2017-01-30,58.799556732177734,65.12999725341797,65.79000091552734,64.80000305175781,65.69000244140625,31651400
2017-01-31,58.36621856689453,64.6500015258789,65.1500015258789,64.26000213623047,64.86000061035156,25270500
2017-02-01,57.400211334228516,63.58000183105469,64.62000274658203,63.470001220703125,64.36000061035156,39671500
2017-02-02,57.030052185058594,63.16999816894531,63.40999984741211,62.75,63.25,45827000
2017-02-03,57.49049758911133,63.68000030517578,63.70000076293945,63.06999969482422,63.5,30301800
2017-02-06,57.45438003540039,63.63999938964844,63.650001525878906,63.13999938964844,63.5,19796400
2017-02-07,57.26479721069336,63.43000030517578,63.779998779296875,63.22999954223633,63.7400016784668,20277200
2017-02-08,57.18354415893555,63.34000015258789,63.810001373291016,63.220001220703125,63.56999969482422,18096400
2017-02-09,57.83355712890625,64.05999755859375,64.44000244140625,63.31999969482422,63.52000045776367,22644400
2017-02-10,57.77938461303711,64.0,64.30000305175781,63.97999954223633,64.25,18170700
2017-02-13,58.42941665649414,64.72000122070312,64.86000061035156,64.12999725341797,64.23999786376953,22920100
2017-02-14,58.64739227294922,64.56999969482422,64.72000122070312,64.0199966430664,64.41000366210938,23108400
2017-02-15,58.61106491088867,64.52999877929688,64.56999969482422,64.16000366210938,64.5,17005200
2017-02-16,58.60198211669922,64.5199966430664,65.23999786376953,64.44000244140625,64.73999786376953,20546300
2017-02-17,58.69280242919922,64.62000274658203,64.69000244140625,64.30000305175781,64.47000122070312,21248800
2017-02-21,58.5747184753418,64.48999786376953,64.94999694824219,64.44999694824219,64.61000061035156,20655900
2017-02-22,58.4566535949707,64.36000061035156,64.38999938964844,64.05000305175781,64.33000183105469,19292700
2017-02-23,58.69280242919922,64.62000274658203,64.7300033569336,64.19000244140625,64.41999816894531,20273100
2017-02-24,58.69280242919922,64.62000274658203,64.80000305175781,64.13999938964844,64.52999877929688,21796800
2017-02-27,58.338592529296875,64.2300033569336,64.54000091552734,64.05000305175781,64.54000091552734,15871500
2017-02-28,58.111515045166016,63.97999954223633,64.19999694824219,63.7599983215332,64.08000183105469,23239800
2017-03-01,58.98345184326172,64.94000244140625,64.98999786376953,64.0199966430664,64.12999725341797,26937500
2017-03-02,58.13875961303711,64.01000213623047,64.75,63.880001068115234,64.69000244140625,24539600
2017-03-03,58.356746673583984,64.25,64.27999877929688,63.619998931884766,63.9900016784668,18135900
2017-03-06,58.37491226196289,64.2699966430664,64.55999755859375,63.810001373291016,63.970001220703125,18750300
2017-03-07,58.49298095703125,64.4000015258789,64.77999877929688,64.19000244140625,64.19000244140625,18521000
2017-03-08,59.02886962890625,64.98999786376953,65.08000183105469,64.25,64.26000213623047,21510900
2017-03-09,58.7927131652832,64.7300033569336,65.19999694824219,64.4800033569336,65.19000244140625,19846800
2017-03-10,58.97437286376953,64.93000030517578,65.26000213623047,64.75,65.11000061035156,19538200
2017-03-13,58.774559020996094,64.70999908447266,65.19000244140625,64.56999969482422,65.01000213623047,20100000
2017-03-14,58.502071380615234,64.41000366210938,64.55000305175781,64.1500015258789,64.52999877929688,14280200
2017-03-15,58.81088638305664,64.75,64.91999816894531,64.25,64.55000305175781,24833800
2017-03-16,58.71098327636719,64.63999938964844,64.76000213623047,64.30000305175781,64.75,20674300
2017-03-17,58.91988754272461,64.87000274658203,65.23999786376953,64.68000030517578,64.91000366210938,49219700
2017-03-20,58.97437286376953,64.93000030517578,65.18000030517578,64.72000122070312,64.91000366210938,14598100
2017-03-21,58.32041549682617,64.20999908447266,65.5,64.12999725341797,65.19000244140625,26640500
2017-03-22,59.065208435058594,65.02999877929688,65.13999938964844,64.12000274658203,64.12000274658203,20680000
2017-03-23,58.91988754272461,64.87000274658203,65.23999786376953,64.7699966430664,64.94000244140625,19269200
2017-03-24,59.0197868347168,64.9800033569336,65.44999694824219,64.76000213623047,65.36000061035156,22617100
2017-03-27,59.12876892089844,65.0999984741211,65.22000122070312,64.3499984741211,64.62999725341797,18614700
2017-03-28,59.301361083984375,65.29000091552734,65.47000122070312,64.6500015258789,64.95999908447266,20080400
2017-03-29,59.46485137939453,65.47000122070312,65.5,64.94999694824219,65.12000274658203,13618400
2017-03-30,59.682830810546875,65.70999908447266,65.9800033569336,65.36000061035156,65.41999816894531,15122800
2017-03-31,59.81905746459961,65.86000061035156,66.19000244140625,65.44999694824219,65.6500015258789,21040300
2017-04-03,59.537513732910156,65.55000305175781,65.94000244140625,65.19000244140625,65.80999755859375,20400900
2017-04-04,59.70099639892578,65.7300033569336,65.80999755859375,65.27999877929688,65.38999938964844,12997400
2017-04-05,59.54658126831055,65.55999755859375,66.3499984741211,65.44000244140625,66.30000305175781,21448600
2017-04-06,59.70099639892578,65.7300033569336,66.05999755859375,65.4800033569336,65.5999984741211,18103500
2017-04-07,59.655582427978516,65.68000030517578,65.95999908447266,65.44000244140625,65.8499984741211,14108500
2017-04-10,59.51933670043945,65.52999877929688,65.81999969482422,65.36000061035156,65.61000061035156,17952700
2017-04-11,59.47393035888672,65.4800033569336,65.61000061035156,64.8499984741211,65.5999984741211,18791500
2017-04-12,59.24686050415039,65.2300033569336,65.51000213623047,65.11000061035156,65.41999816894531,17108500
2017-04-13,58.9925422668457,64.94999694824219,65.86000061035156,64.94999694824219,65.29000091552734,17896500
2017-04-17,59.47393035888672,65.4800033569336,65.48999786376953,65.01000213623047,65.04000091552734,16689300
2017-04-18,59.392181396484375,65.38999938964844,65.70999908447266,65.16000366210938,65.33000183105469,15155600
2017-04-19,59.07426834106445,65.04000091552734,65.75,64.88999938964844,65.6500015258789,26992800
2017-04-20,59.49209976196289,65.5,65.75,65.13999938964844,65.45999908447266,22299500
2017-04-21,60.309547424316406,66.4000015258789,66.69999694824219,65.44999694824219,65.66999816894531,32522600
2017-04-24,61.33589553833008,67.52999877929688,67.66000366210938,67.0999984741211,67.4800033569336,29770000
2017-04-25,61.69010543823242,67.91999816894531,68.04000091552734,67.5999984741211,67.9000015258789,30242700
2017-04-26,61.60837173461914,67.83000183105469,68.30999755859375,67.62000274658203,68.08000183105469,26190800
2017-04-27,62.00801467895508,68.2699966430664,68.37999725341797,67.58000183105469,68.1500015258789,34971000
2017-04-28,62.18056869506836,68.45999908447266,69.13999938964844,67.69000244140625,68.91000366210938,39548800
2017-05-01,63.0434455871582,69.41000366210938,69.55000305175781,68.5,68.68000030517578,31954400
2017-05-02,62.94353103637695,69.30000305175781,69.70999908447266,69.12999725341797,69.70999908447266,23906100
2017-05-03,62.743709564208984,69.08000183105469,69.37999725341797,68.70999908447266,69.37999725341797,28928000
2017-05-04,62.498477935791016,68.80999755859375,69.08000183105469,68.63999938964844,69.02999877929688,21749400
2017-05-05,62.67107391357422,69.0,69.02999877929688,68.48999786376953,68.9000015258789,19128800
2017-05-08,62.61656951904297,68.94000244140625,69.05000305175781,68.41999816894531,68.97000122070312,18566100
2017-05-09,62.7073860168457,69.04000091552734,69.27999877929688,68.68000030517578,68.86000061035156,22858400
2017-05-10,62.952613830566406,69.30999755859375,69.55999755859375,68.91999816894531,68.98999786376953,17977800
2017-05-11,62.18056869506836,68.45999908447266,68.7300033569336,68.12000274658203,68.36000061035156,28789400
2017-05-12,62.10792922973633,68.37999725341797,68.61000061035156,68.04000091552734,68.61000061035156,18714100
2017-05-15,62.153358459472656,68.43000030517578,68.4800033569336,67.56999969482422,68.13999938964844,31530300
2017-05-16,63.40482711791992,69.41000366210938,69.44000244140625,68.16000366210938,68.2300033569336,34956000
2017-05-17,61.641788482666016,67.4800033569336,69.0999984741211,67.43000030517578,68.88999938964844,30548800
2017-05-18,61.85188293457031,67.70999908447266,68.12999725341797,67.13999938964844,67.4000015258789,25201300
2017-05-19,61.8336296081543,67.69000244140625,68.0999984741211,67.43000030517578,67.5,26961100
2017-05-22,62.52786636352539,68.44999694824219,68.5,67.5,67.88999938964844,16237600
2017-05-23,62.73796463012695,68.68000030517578,68.75,68.37999725341797,68.72000122070312,15425800
2017-05-24,62.820167541503906,68.7699966430664,68.87999725341797,68.44999694824219,68.87000274658203,14593900
2017-05-25,63.59663009643555,69.62000274658203,69.87999725341797,68.91000366210938,68.97000122070312,21854100
2017-05-26,63.90724563598633,69.95999908447266,70.22000122070312,69.5199966430664,69.80000305175781,19827900
2017-05-30,64.31827545166016,70.41000366210938,70.41000366210938,69.7699966430664,69.79000091552734,17072800
2017-05-31,63.7976188659668,69.83999633789062,70.73999786376953,69.80999755859375,70.52999877929688,30436400
2017-06-01,64.03510284423828,70.0999984741211,70.61000061035156,69.44999694824219,70.23999786376953,21603600
2017-06-02,65.5514907836914,71.76000213623047,71.86000061035156,70.23999786376953,70.44000244140625,34770300
2017-06-05,66.02651977539062,72.27999877929688,72.88999938964844,71.80999755859375,71.97000122070312,33316800
2017-06-06,66.24574279785156,72.5199966430664,72.62000274658203,72.2699966430664,72.30000305175781,31511100
2017-06-07,66.1269760131836,72.38999938964844,72.7699966430664,71.94999694824219,72.63999938964844,22301800
2017-06-08,65.72505950927734,71.94999694824219,72.5199966430664,71.5,72.51000213623047,24588300
2017-06-09,64.2360610961914,70.31999969482422,72.08000183105469,68.58999633789062,72.04000091552734,49187400
2017-06-12,63.7427978515625,69.77999877929688,69.94000244140625,68.12999725341797,69.25,47761700
2017-06-13,64.53752136230469,70.6500015258789,70.81999969482422,69.95999908447266,70.0199966430664,25258600
2017-06-14,64.1904067993164,70.2699966430664,71.0999984741211,69.43000030517578,70.91000366210938,25510700
2017-06-15,63.85239791870117,69.9000015258789,70.20999908447266,68.80000305175781,69.2699966430664,26068700
2017-06-16,63.94376754760742,70.0,70.02999877929688,69.22000122070312,69.7300033569336,48345100
2017-06-19,64.73851013183594,70.87000274658203,70.94000244140625,70.3499984741211,70.5,23798300
2017-06-20,63.8615608215332,69.91000366210938,70.87000274658203,69.87000274658203,70.81999969482422,21512200
2017-06-21,64.1904067993164,70.2699966430664,70.62000274658203,69.94000244140625,70.20999908447266,19891100
2017-06-22,64.18128967285156,70.26000213623047,70.58999633789062,69.70999908447266,70.54000091552734,22965700
2017-06-23,65.04906463623047,71.20999908447266,71.25,69.91999816894531,70.08999633789062,27617300
2017-06-26,64.42790222167969,70.52999877929688,71.70999908447266,70.44000244140625,71.4000015258789,19607000
2017-06-27,63.22211456298828,69.20999908447266,70.18000030517578,69.18000030517578,70.11000061035156,25215100
2017-06-28,63.76104736328125,69.80000305175781,69.83999633789062,68.79000091552734,69.20999908447266,25806200
2017-06-29,62.56440734863281,68.48999786376953,69.48999786376953,68.08999633789062,69.37999725341797,28918700
2017-06-30,62.966339111328125,68.93000030517578,69.37999725341797,68.73999786376953,68.77999877929688,24161100
2017-07-03,62.2720947265625,68.16999816894531,69.5999984741211,68.0199966430664,69.33000183105469,16165500
2017-07-05,63.103370666503906,69.08000183105469,69.44000244140625,68.22000122070312,68.26000213623047,21176300
2017-07-06,62.63747787475586,68.56999969482422,68.77999877929688,68.12000274658203,68.2699966430664,21117600
2017-07-07,63.450477600097656,69.45999908447266,69.83999633789062,68.69999694824219,68.69999694824219,16878300
2017-07-10,63.92550277709961,69.9800033569336,70.25,69.19999694824219,69.45999908447266,15014500
2017-07-11,63.93464279174805,69.98999786376953,70.68000030517578,69.75,70.0,17460000
2017-07-12,64.99427795410156,71.1500015258789,71.27999877929688,70.55000305175781,70.69000244140625,17750900
2017-07-13,65.56061553955078,71.7699966430664,72.04000091552734,71.30999755859375,71.5,20269800
2017-07-14,66.48323059082031,72.77999877929688,73.2699966430664,71.95999908447266,72.23999786376953,25868100
2017-07-17,67.00392150878906,73.3499984741211,73.44999694824219,72.72000122070312,72.80000305175781,21803900
2017-07-18,66.95824432373047,73.30000305175781,73.38999938964844,72.66000366210938,73.08999633789062,26435300
2017-07-19,67.46981048583984,73.86000061035156,74.04000091552734,73.44999694824219,73.5,22416200
2017-07-20,67.79865264892578,74.22000122070312,74.30000305175781,73.27999877929688,74.18000030517578,42361000
2017-07-21,67.40587615966797,73.79000091552734,74.29000091552734,73.16999816894531,73.44999694824219,46717100
2017-07-24,67.23231506347656,73.5999984741211,73.75,73.12999725341797,73.52999877929688,21394800
2017-07-25,67.77125549316406,74.19000244140625,74.30999755859375,73.5,73.80000305175781,22018700
2017-07-26,67.64335632324219,74.05000305175781,74.37999725341797,73.80999755859375,74.33999633789062,16252200
2017-07-27,66.83037567138672,73.16000366210938,74.41999816894531,72.31999969482422,73.76000213623047,36844200
2017-07-28,66.72075653076172,73.04000091552734,73.30999755859375,72.54000091552734,72.66999816894531,18306700
2017-07-31,66.41018676757812,72.69999694824219,73.44000244140625,72.41000366210938,73.30000305175781,23600100
2017-08-01,66.300537109375,72.58000183105469,73.41999816894531,72.48999786376953,73.0999984741211,22132300
2017-08-02,66.00826263427734,72.26000213623047,72.55999755859375,71.44000244140625,72.55000305175781,26499200
2017-08-03,65.90776062011719,72.1500015258789,72.44000244140625,71.8499984741211,72.19000244140625,18214400
2017-08-04,66.39190673828125,72.68000030517578,73.04000091552734,72.23999786376953,72.4000015258789,22579000
2017-08-07,66.1361312866211,72.4000015258789,72.9000015258789,72.26000213623047,72.80000305175781,18705700
2017-08-08,66.49240112304688,72.79000091552734,73.12999725341797,71.75,72.08999633789062,22044600
2017-08-09,66.20006561279297,72.47000122070312,72.51000213623047,72.05000305175781,72.25,22213400
2017-08-10,65.23179626464844,71.41000366210938,72.19000244140625,71.3499984741211,71.9000015258789,24734500
2017-08-11,66.22749328613281,72.5,72.69999694824219,71.27999877929688,71.61000061035156,21443700
2017-08-14,67.22317504882812,73.58999633789062,73.72000122070312,72.94999694824219,73.05999755859375,20096600
2017-08-15,67.24154663085938,73.22000122070312,73.58999633789062,73.04000091552734,73.58999633789062,19181400
2017-08-16,67.63642120361328,73.6500015258789,74.0999984741211,73.16999816894531,73.33999633789062,18150400
2017-08-17,66.48849487304688,72.4000015258789,73.87000274658203,72.4000015258789,73.58000183105469,22977500
2017-08-18,66.57113647460938,72.48999786376953,72.83999633789062,71.93000030517578,72.2699966430664,18761500
2017-08-21,66.25889587402344,72.1500015258789,72.4800033569336,71.69999694824219,72.47000122070312,17734800
2017-08-22,67.18643951416016,73.16000366210938,73.23999786376953,72.3499984741211,72.3499984741211,14343700
2017-08-23,66.78237915039062,72.72000122070312,73.1500015258789,72.52999877929688,72.95999908447266,13766500
2017-08-24,66.75481414794922,72.69000244140625,72.86000061035156,72.06999969482422,72.73999786376953,17098300
2017-08-25,66.87420654296875,72.81999969482422,73.3499984741211,72.4800033569336,72.86000061035156,12794300
2017-08-28,66.88338470458984,72.83000183105469,73.08999633789062,72.55000305175781,73.05999755859375,14569700
2017-08-29,67.0854263305664,73.05000305175781,73.16000366210938,72.05000305175781,72.25,11478400
2017-08-30,67.96703338623047,74.01000213623047,74.20999908447266,72.83000183105469,73.01000213623047,16897800
2017-08-31,68.66497039794922,74.7699966430664,74.95999908447266,73.80000305175781,74.02999877929688,27652800
2017-09-01,67.90275573730469,73.94000244140625,74.73999786376953,73.63999938964844,74.70999908447266,21736200
2017-09-05,67.59968566894531,73.61000061035156,73.88999938964844,72.9800033569336,73.33999633789062,21556000
2017-09-06,67.4068374633789,73.4000015258789,74.04000091552734,73.3499984741211,73.73999786376953,16535800
2017-09-07,68.27008056640625,74.33999633789062,74.5999984741211,73.5999984741211,73.68000030517578,17471200
2017-09-08,67.93948364257812,73.9800033569336,74.44000244140625,73.83999633789062,74.33000183105469,14703800
2017-09-11,68.65579986572266,74.76000213623047,74.94000244140625,74.30999755859375,74.30999755859375,17910400
2017-09-12,68.58232116699219,74.68000030517578,75.23999786376953,74.37000274658203,74.76000213623047,14394900
2017-09-13,69.06907653808594,75.20999908447266,75.2300033569336,74.55000305175781,74.93000030517578,13380800
2017-09-14,68.66497039794922,74.7699966430664,75.48999786376953,74.5199966430664,75.0,15733900
2017-09-15,69.16085815429688,75.30999755859375,75.38999938964844,74.06999969482422,74.83000183105469,38578400
2017-09-18,69.02313995361328,75.16000366210938,75.97000122070312,75.04000091552734,75.2300033569336,23307000
2017-09-19,69.28026580810547,75.44000244140625,75.70999908447266,75.01000213623047,75.20999908447266,16093300
2017-09-20,68.82109832763672,74.94000244140625,75.55000305175781,74.30999755859375,75.3499984741211,21587900
2017-09-21,68.15069580078125,74.20999908447266,75.23999786376953,74.11000061035156,75.11000061035156,19186100
2017-09-22,68.3343734741211,74.41000366210938,74.51000213623047,73.8499984741211,73.98999786376953,14111400
2017-09-25,67.27830505371094,73.26000213623047,74.25,72.91999816894531,74.08999633789062,24149200
2017-09-26,67.27830505371094,73.26000213623047,73.80999755859375,72.98999786376953,73.66999816894531,18019600
2017-09-27,67.8200912475586,73.8499984741211,74.16999816894531,73.16999816894531,73.55000305175781,19565100
2017-09-28,67.83848571777344,73.87000274658203,73.97000122070312,73.30999755859375,73.54000091552734,10883800
2017-09-29,68.4078369140625,74.48999786376953,74.54000091552734,73.87999725341797,73.94000244140625,17079100
2017-10-02,68.51805114746094,74.61000061035156,75.01000213623047,74.30000305175781,74.70999908447266,15304800
2017-10-03,68.19662475585938,74.26000213623047,74.87999725341797,74.19000244140625,74.66999816894531,12190400
2017-10-04,68.59149169921875,74.69000244140625,74.72000122070312,73.70999908447266,74.08999633789062,13317700
2017-10-05,69.76701354980469,75.97000122070312,76.12000274658203,74.95999908447266,75.22000122070312,21195300
2017-10-06,69.7945327758789,76.0,76.02999877929688,75.54000091552734,75.66999816894531,13959800
2017-10-09,70.06086730957031,76.29000091552734,76.55000305175781,75.86000061035156,75.97000122070312,11386500
2017-10-10,70.06086730957031,76.29000091552734,76.62999725341797,76.13999938964844,76.33000183105469,13944500
2017-10-11,70.18022155761719,76.41999816894531,76.45999908447266,75.94999694824219,76.36000061035156,15388900
2017-10-12,70.82311248779297,77.12000274658203,77.29000091552734,76.37000274658203,76.48999786376953,16876500
2017-10-13,71.16289520263672,77.48999786376953,77.87000274658203,77.29000091552734,77.58999633789062,15335700
2017-10-16,71.30982208251953,77.6500015258789,77.80999755859375,77.3499984741211,77.41999816894531,12380100
2017-10-17,71.25472259521484,77.58999633789062,77.62000274658203,77.25,77.47000122070312,16824000
2017-10-18,71.27308654785156,77.61000061035156,77.8499984741211,77.37000274658203,77.66999816894531,13300700
2017-10-19,71.54859924316406,77.91000366210938,77.93000030517578,77.3499984741211,77.56999969482422,15092800
2017-10-20,72.37510681152344,78.80999755859375,78.97000122070312,78.22000122070312,78.31999969482422,22866400
2017-10-23,72.39346313476562,78.83000183105469,79.33999633789062,78.76000213623047,78.98999786376953,20627200
2017-10-24,72.42101287841797,78.86000061035156,79.19999694824219,78.45999908447266,78.9000015258789,17517200
2017-10-25,72.20980072021484,78.62999725341797,79.0999984741211,78.01000213623047,78.58000183105469,20410800
2017-10-26,72.32919311523438,78.76000213623047,79.41999816894531,78.75,79.19999694824219,32120700
2017-10-27,76.96685028076172,83.80999755859375,86.19999694824219,83.61000061035156,84.37000274658203,71066700
2017-10-30,77.04033660888672,83.88999938964844,84.33000183105469,83.11000061035156,83.69999694824219,31756700
2017-10-31,76.3882827758789,83.18000030517578,84.36000061035156,83.11000061035156,84.36000061035156,27086600
2017-11-01,76.3882827758789,83.18000030517578,83.76000213623047,82.87999725341797,83.68000030517578,22307400
2017-11-02,77.18724060058594,84.05000305175781,84.45999908447266,83.12000274658203,83.3499984741211,23992900
2017-11-03,77.26988220214844,84.13999938964844,84.54000091552734,83.4000015258789,84.08000183105469,17633500
2017-11-06,77.57295227050781,84.47000122070312,84.69999694824219,84.08000183105469,84.19999694824219,19860900
2017-11-07,77.3892822265625,84.2699966430664,84.9000015258789,83.93000030517578,84.7699966430664,17939700
2017-11-08,77.65562438964844,84.55999755859375,84.61000061035156,83.83000183105469,84.13999938964844,18034200
2017-11-09,77.22399139404297,84.08999633789062,84.2699966430664,82.9000015258789,84.11000061035156,21178400
2017-11-10,77.02196502685547,83.87000274658203,84.0999984741211,83.2300033569336,83.79000091552734,19397800
2017-11-13,77.07704162597656,83.93000030517578,83.94000244140625,83.45999908447266,83.66000366210938,14196900
2017-11-14,77.18724060058594,84.05000305175781,84.0999984741211,82.9800033569336,83.5,18801300
2017-11-15,76.58731842041016,82.9800033569336,83.69000244140625,82.69000244140625,83.47000122070312,19383100
2017-11-16,76.79035949707031,83.19999694824219,83.41999816894531,82.94000244140625,83.0999984741211,20962800
2017-11-17,76.05201721191406,82.4000015258789,83.12000274658203,82.23999786376953,83.12000274658203,22079000
2017-11-20,76.17200469970703,82.52999877929688,82.58999633789062,82.25,82.4000015258789,16315000
2017-11-21,77.27030181884766,83.72000122070312,83.83999633789062,82.73999786376953,82.73999786376953,21237500
2017-11-22,76.70730590820312,83.11000061035156,83.9000015258789,83.04000091552734,83.83000183105469,20553100
2017-11-24,76.84577178955078,83.26000213623047,83.43000030517578,82.77999877929688,83.01000213623047,7425600
2017-11-27,77.40877532958984,83.87000274658203,83.9800033569336,83.30000305175781,83.30999755859375,18265200
2017-11-28,78.3409652709961,84.87999725341797,85.05999755859375,84.0199966430664,84.06999969482422,21926000
2017-11-29,76.91958618164062,83.33999633789062,84.91999816894531,83.18000030517578,84.70999908447266,27381100
2017-11-30,77.68563842773438,84.16999816894531,84.5199966430664,83.33999633789062,83.51000213623047,33054600
2017-12-01,77.76872253417969,84.26000213623047,84.80999755859375,83.22000122070312,83.5999984741211,29532100
2017-12-04,74.83370208740234,81.08000183105469,84.43000030517578,80.69999694824219,84.41999816894531,39094900
2017-12-05,75.30442810058594,81.58999633789062,82.68000030517578,80.9800033569336,81.33999633789062,26152300
2017-12-06,76.40274047851562,82.77999877929688,83.13999938964844,81.43000030517578,81.55000305175781,26162100
2017-12-07,76.13506317138672,82.48999786376953,82.80000305175781,82.0,82.54000091552734,23184500
2017-12-08,77.67644500732422,84.16000366210938,84.58000183105469,83.33000183105469,83.62999725341797,24489100
2017-12-11,78.66400909423828,85.2300033569336,85.37000274658203,84.12000274658203,84.29000091552734,22857900
2017-12-12,78.9870376586914,85.58000183105469,86.05000305175781,85.08000183105469,85.30999755859375,23924100
2017-12-13,78.77474212646484,85.3499984741211,86.0,85.16999816894531,85.73999786376953,22062700
2017-12-14,78.16558837890625,84.69000244140625,85.87000274658203,84.52999877929688,85.43000030517578,19306000
2017-12-15,80.1591796875,86.8499984741211,87.08999633789062,84.87999725341797,85.26000213623047,53936700
2017-12-18,79.72540283203125,86.37999725341797,87.5,86.2300033569336,87.12000274658203,22283800
2017-12-19,79.2177734375,85.83000183105469,86.3499984741211,85.2699966430664,86.3499984741211,23524800
2017-12-20,78.93163299560547,85.5199966430664,86.30000305175781,84.70999908447266,86.19999694824219,23674900
2017-12-21,78.91319274902344,85.5,86.0999984741211,85.4000015258789,86.05000305175781,17990700
2017-12-22,78.92242431640625,85.51000213623047,85.62999725341797,84.91999816894531,85.4000015258789,14145800
2017-12-26,78.82089233398438,85.4000015258789,85.52999877929688,85.02999877929688,85.30999755859375,9891200
2017-12-27,79.10700225830078,85.70999908447266,85.9800033569336,85.22000122070312,85.6500015258789,14678000
2017-12-28,79.11622619628906,85.72000122070312,85.93000030517578,85.55000305175781,85.9000015258789,10594300
2017-12-29,78.95011138916016,85.54000091552734,86.05000305175781,85.5,85.62999725341797,18717400
2018-01-02,79.32852935791016,85.94999694824219,86.30999755859375,85.5,86.12999725341797,22483800
2018-01-03,79.69770050048828,86.3499984741211,86.51000213623047,85.97000122070312,86.05999755859375,26061400
2018-01-04,80.39916229248047,87.11000061035156,87.66000366210938,86.56999969482422,86.58999633789062,21912000
2018-01-05,81.39595794677734,88.19000244140625,88.41000366210938,87.43000030517578,87.66000366210938,23407100
2018-01-08,81.4790267944336,88.27999877929688,88.58000183105469,87.5999984741211,88.19999694824219,22113000
2018-01-09,81.42367553710938,88.22000122070312,88.7300033569336,87.86000061035156,88.6500015258789,19484300
2018-01-10,81.05447387695312,87.81999969482422,88.19000244140625,87.41000366210938,87.86000061035156,18652200
2018-01-11,81.29444885253906,88.08000183105469,88.12999725341797,87.23999786376953,88.12999725341797,17808900
2018-01-12,82.69734191894531,89.5999984741211,89.77999877929688,88.44999694824219,88.66999816894531,24271500
2018-01-16,81.54364776611328,88.3499984741211,90.79000091552734,88.01000213623047,90.0999984741211,36599700
2018-01-17,83.19571685791016,90.13999938964844,90.27999877929688,88.75,89.08000183105469,25621200
2018-01-18,83.15880584716797,90.0999984741211,90.66999816894531,89.66000366210938,89.80000305175781,24159700
2018-01-19,83.0665283203125,90.0,90.61000061035156,89.66000366210938,90.13999938964844,36875000
2018-01-22,84.55247497558594,91.61000061035156,91.62000274658203,89.73999786376953,90.0,23601600
2018-01-23,84.82017517089844,91.9000015258789,92.30000305175781,91.54000091552734,91.9000015258789,23412800
2018-01-24,84.74629974365234,91.81999969482422,93.43000030517578,91.58000183105469,92.55000305175781,33277500
2018-01-25,85.21703338623047,92.33000183105469,93.23999786376953,91.93000030517578,92.47000122070312,26383200
2018-01-26,86.813720703125,94.05999755859375,94.05999755859375,92.58000183105469,93.12000274658203,29172200
2018-01-29,86.68452453613281,93.91999816894531,95.44999694824219,93.72000122070312,95.13999938964844,31569900
2018-01-30,85.59541320800781,92.73999786376953,93.66000366210938,92.0999984741211,93.30000305175781,38635100
2018-01-31,87.69055938720703,95.01000213623047,95.4000015258789,93.51000213623047,93.75,48756300
2018-02-01,86.99835205078125,94.26000213623047,96.06999969482422,93.58000183105469,94.79000091552734,47227900
2018-02-02,84.70938873291016,91.77999877929688,93.97000122070312,91.5,93.63999938964844,47867800
2018-02-05,81.22063446044922,88.0,93.23999786376953,88.0,90.55999755859375,51031500
2018-02-06,84.29408264160156,91.33000183105469,91.4800033569336,85.25,86.88999938964844,67998600
2018-02-07,82.70653533935547,89.61000061035156,91.7699966430664,89.19999694824219,90.48999786376953,41107600
2018-02-08,78.4609375,85.01000213623047,89.87999725341797,84.76000213623047,89.70999908447266,55628700
2018-02-09,81.38672637939453,88.18000030517578,88.93000030517578,83.83000183105469,86.30000305175781,63499100
2018-02-12,82.2635498046875,89.12999725341797,89.77999877929688,87.93000030517578,88.73999786376953,35720300
2018-02-13,82.90963745117188,89.83000183105469,90.0,87.80000305175781,88.93000030517578,26407700
2018-02-14,84.20783996582031,90.80999755859375,90.98999786376953,88.41000366210938,88.51000213623047,34960900
2018-02-15,85.92333984375,92.66000366210938,92.72000122070312,90.62000274658203,91.20999908447266,27823900
2018-02-16,85.31131744384766,92.0,93.5,91.80000305175781,92.44999694824219,30596900
2018-02-20,85.97896575927734,92.72000122070312,93.05999755859375,91.01000213623047,91.4800033569336,30911700
2018-02-21,84.83838653564453,91.48999786376953,93.36000061035156,91.48999786376953,92.9800033569336,26922500
2018-02-22,85.06095886230469,91.7300033569336,92.7300033569336,91.36000061035156,92.05000305175781,24392800
2018-02-23,87.22152709960938,94.05999755859375,94.06999969482422,92.36000061035156,93.5999984741211,26329200
2018-02-26,88.482666015625,95.41999816894531,95.44999694824219,94.25,94.4000015258789,30199800
2018-02-27,87.35137176513672,94.19999694824219,95.83999633789062,94.19999694824219,95.73999786376953,25869100
2018-02-28,86.95265197753906,93.7699966430664,95.70999908447266,93.62999725341797,94.83999633789062,31167300
2018-03-01,86.09951782226562,92.8499984741211,94.56999969482422,91.83999633789062,93.98999786376953,37135600
2018-03-02,86.28498840332031,93.05000305175781,93.1500015258789,90.86000061035156,91.58000183105469,32830400
2018-03-05,86.83210754394531,93.63999938964844,94.2699966430664,92.26000213623047,92.33999633789062,23901600
2018-03-06,86.53536224365234,93.31999969482422,94.48999786376953,92.94000244140625,94.33999633789062,22175800
2018-03-07,87.03608703613281,93.86000061035156,93.94000244140625,92.43000030517578,93.16000366210938,26716100
2018-03-08,87.56466674804688,94.43000030517578,95.0999984741211,93.7699966430664,94.2699966430664,25887800
2018-03-09,89.52127075195312,96.54000091552734,96.54000091552734,95.0,95.29000091552734,36937300
2018-03-12,89.7345199584961,96.7699966430664,97.20999908447266,96.04000091552734,96.5,26073700
2018-03-13,87.54611206054688,94.41000366210938,97.23999786376953,93.97000122070312,97.0,35387800
2018-03-14,87.02680969238281,93.8499984741211,95.41000366210938,93.5,95.12000274658203,32132000
2018-03-15,87.33280944824219,94.18000030517578,94.58000183105469,92.83000183105469,93.52999877929688,27611000
2018-03-16,87.72229766845703,94.5999984741211,95.37999725341797,93.91999816894531,94.68000030517578,49081300
2018-03-19,86.1366195678711,92.88999938964844,93.9000015258789,92.11000061035156,93.73999786376953,33344100
2018-03-20,86.35914611816406,93.12999725341797,93.7699966430664,93.0,93.05000305175781,23075200
2018-03-21,85.75641632080078,92.4800033569336,94.05000305175781,92.20999908447266,92.93000030517578,24457100
2018-03-22,83.26200103759766,89.79000091552734,91.75,89.66000366210938,91.2699966430664,38604700
2018-03-23,80.84175872802734,87.18000030517578,90.45999908447266,87.08000183105469,89.5,44068900
2018-03-26,86.96190643310547,93.77999877929688,94.0,90.4000015258789,90.61000061035156,56396800
2018-03-27,82.96524810791016,89.47000122070312,95.13999938964844,88.51000213623047,94.94000244140625,56569000
2018-03-28,82.89106750488281,89.38999938964844,91.2300033569336,88.87000274658203,89.81999969482422,52501100
2018-03-29,84.63436889648438,91.2699966430664,92.29000091552734,88.4000015258789,90.18000030517578,45867500
2018-04-02,82.08432006835938,88.5199966430664,90.87999725341797,87.51000213623047,90.47000122070312,48515400
2018-04-03,83.18780517578125,89.70999908447266,90.05000305175781,87.88999938964844,89.58000183105469,37213800
2018-04-04,85.61732482910156,92.33000183105469,92.76000213623047,87.7300033569336,87.8499984741211,35560000
2018-04-05,85.66366577148438,92.37999725341797,93.06999969482422,91.4000015258789,92.44000244140625,29771900
2018-04-06,83.67000579833984,90.2300033569336,92.45999908447266,89.4800033569336,91.48999786376953,38026000
2018-04-09,84.17072296142578,90.7699966430664,93.16999816894531,90.62000274658203,91.04000091552734,31533900
2018-04-10,86.12735748291016,92.87999725341797,93.27999877929688,91.63999938964844,92.38999938964844,26812000
2018-04-11,85.1814956665039,91.86000061035156,93.29000091552734,91.4800033569336,92.01000213623047,24872100
2018-04-12,86.77645874023438,93.58000183105469,94.16000366210938,92.43000030517578,92.43000030517578,26758900
2018-04-13,86.31281280517578,93.08000183105469,94.18000030517578,92.44000244140625,94.05000305175781,23346100
2018-04-16,87.32356262207031,94.16999816894531,94.66000366210938,93.41999816894531,94.06999969482422,20288100
2018-04-17,89.08541107177734,96.06999969482422,96.54000091552734,94.87999725341797,95.0,26771000
2018-04-18,89.42852783203125,96.44000244140625,96.72000122070312,95.5199966430664,96.22000122070312,21043300
2018-04-19,89.12251281738281,96.11000061035156,97.06999969482422,95.33999633789062,96.44000244140625,23552500
2018-04-20,88.09321594238281,95.0,96.11000061035156,94.05000305175781,95.91000366210938,31154400
2018-04-23,88.4177474975586,95.3499984741211,96.29000091552734,94.62999725341797,95.73999786376953,22331800
2018-04-24,86.34989929199219,93.12000274658203,96.47000122070312,92.41000366210938,96.23999786376953,34524800
2018-04-25,85.59878540039062,92.30999755859375,93.30000305175781,90.27999877929688,93.30000305175781,33729300
2018-04-26,87.4070053100586,94.26000213623047,95.1500015258789,93.0999984741211,93.55000305175781,42529000
2018-04-27,88.85359191894531,95.81999969482422,97.9000015258789,93.91000366210938,97.5999984741211,48272800
2018-04-30,86.72081756591797,93.5199966430664,96.4000015258789,93.1500015258789,96.33000183105469,41523600
2018-05-01,88.09321594238281,95.0,95.29000091552734,92.79000091552734,93.20999908447266,31408900
2018-05-02,86.71151733398438,93.51000213623047,95.16999816894531,93.19000244140625,94.98999786376953,27471000
2018-05-03,87.23081970214844,94.06999969482422,94.93000030517578,92.44999694824219,92.95999908447266,31142500
2018-05-04,88.2415771484375,95.16000366210938,95.37000274658203,92.91999816894531,93.31999969482422,22531300
2018-05-07,89.2245101928711,96.22000122070312,96.70999908447266,95.0999984741211,95.16999816894531,24242000
2018-05-08,88.84430694580078,95.80999755859375,96.16000366210938,95.05999755859375,95.8499984741211,23484600
2018-05-09,89.89216613769531,96.94000244140625,96.97000122070312,95.05000305175781,96.01000213623047,27327400
2018-05-10,90.79163360595703,97.91000366210938,97.94999694824219,97.05000305175781,97.45999908447266,22388100
2018-05-11,90.59690856933594,97.69999694824219,97.87000274658203,97.04000091552734,97.80000305175781,16778300
2018-05-14,90.90291595458984,98.02999877929688,98.69000244140625,97.30999755859375,97.91999816894531,19454100
2018-05-15,90.24454498291016,97.31999969482422,97.8499984741211,96.33999633789062,97.23999786376953,24594000
2018-05-16,90.47738647460938,97.1500015258789,97.4000015258789,96.62000274658203,97.36000061035156,17384700
2018-05-17,89.57398223876953,96.18000030517578,97.54000091552734,95.83000183105469,96.76000213623047,17246700
2018-05-18,89.74163818359375,96.36000061035156,96.93000030517578,96.01000213623047,96.01000213623047,17865800
2018-05-21,90.89645385742188,97.5999984741211,98.01000213623047,96.80000305175781,97.0,19422500
2018-05-22,90.80332946777344,97.5,98.16999816894531,97.19999694824219,97.68000030517578,15441200
2018-05-23,91.88362884521484,98.66000366210938,98.7300033569336,96.31999969482422,96.70999908447266,21251200
2018-05-24,91.55768585205078,98.30999755859375,98.94000244140625,96.80999755859375,98.7300033569336,26649300
2018-05-25,91.60426330566406,98.36000061035156,98.9800033569336,97.86000061035156,98.30000305175781,18363900
2018-05-29,91.27828979492188,98.01000213623047,98.87999725341797,97.2300033569336,97.83999633789062,28671000
2018-05-30,92.15371704101562,98.94999694824219,99.25,97.91000366210938,98.30999755859375,22158500
2018-05-31,92.0512924194336,98.83999633789062,99.98999786376953,98.61000061035156,99.29000091552734,34140900
2018-06-01,93.86736297607422,100.79000091552734,100.86000061035156,99.16999816894531,99.27999877929688,28655600
2018-06-04,94.68692779541016,101.66999816894531,101.86000061035156,100.8499984741211,101.26000213623047,27281600
2018-06-05,95.17119598388672,102.19000244140625,102.33000183105469,101.52999877929688,102.0,23514400
2018-06-06,95.45060729980469,102.48999786376953,102.5999984741211,101.9000015258789,102.4800033569336,21122900
2018-06-07,93.95118713378906,100.87999725341797,102.69000244140625,100.37999725341797,102.6500015258789,28232200
2018-06-08,94.64965057373047,101.62999725341797,101.94999694824219,100.54000091552734,101.08999633789062,22165100
2018-06-11,94.1094741821289,101.05000305175781,101.58999633789062,100.66999816894531,101.01000213623047,23490900
2018-06-12,94.3516616821289,101.30999755859375,101.44999694824219,100.75,101.0999984741211,18325200
2018-06-13,93.92322540283203,100.8499984741211,102.01000213623047,100.55999755859375,101.72000122070312,29492900
2018-06-14,94.45406341552734,101.41999816894531,102.02999877929688,101.0,101.6500015258789,25691800
2018-06-15,93.25269317626953,100.12999725341797,101.52999877929688,100.06999969482422,101.51000213623047,65738600
2018-06-18,93.93256378173828,100.86000061035156,101.11000061035156,99.41999816894531,100.01000213623047,23586000
2018-06-19,93.93256378173828,100.86000061035156,101.0,99.5,99.6500015258789,28653100
2018-06-20,94.8731918334961,101.87000274658203,102.5199966430664,101.12000274658203,101.37000274658203,26180800
2018-06-21,94.1933364868164,101.13999938964844,102.45999908447266,100.87999725341797,102.08000183105469,23198200
2018-06-22,93.51346588134766,100.41000366210938,100.7699966430664,99.62999725341797,100.41000366210938,38923100
2018-06-25,91.6321792602539,98.38999938964844,100.11000061035156,97.30000305175781,100.0,35433300
2018-06-26,92.27481079101562,99.08000183105469,100.08000183105469,98.75,98.81999969482422,26897200
2018-06-27,90.84059143066406,97.54000091552734,100.0199966430664,97.4000015258789,99.58000183105469,31298400
2018-06-28,91.855712890625,98.62999725341797,99.11000061035156,97.26000213623047,97.37999725341797,26650700
2018-06-29,91.83708190917969,98.61000061035156,99.91000366210938,98.33000183105469,98.93000030517578,28053200
2018-07-02,93.14092254638672,100.01000213623047,100.05999755859375,98.0,98.0999984741211,19564500
2018-07-03,92.24687194824219,99.05000305175781,100.62999725341797,98.94000244140625,100.4800033569336,14670300
2018-07-05,92.90811157226562,99.76000213623047,99.91999816894531,99.02999877929688,99.5,18977400
2018-07-06,94.21195983886719,101.16000366210938,101.43000030517578,99.66999816894531,99.88999938964844,19234600
2018-07-09,94.85456848144531,101.8499984741211,102.25,101.25,101.6500015258789,18212000
2018-07-10,95.10602569580078,102.12000274658203,102.51000213623047,101.86000061035156,102.0,19293100
2018-07-11,94.97561645507812,101.9800033569336,102.33999633789062,101.0999984741211,101.1500015258789,19644600
2018-07-12,97.03382873535156,104.19000244140625,104.41000366210938,102.7300033569336,102.7699966430664,24335900
2018-07-13,98.18867492675781,105.43000030517578,105.5999984741211,104.08999633789062,104.37000274658203,24635200
2018-07-16,97.70438385009766,104.91000366210938,105.81999969482422,104.5199966430664,105.4000015258789,21786900
2018-07-17,98.67293548583984,105.94999694824219,106.5,104.31999969482422,104.61000061035156,25901700
2018-07-18,97.89996337890625,105.12000274658203,106.05000305175781,104.72000122070312,105.94000244140625,29493900
2018-07-19,97.22941589355469,104.4000015258789,105.30999755859375,103.88999938964844,104.93000030517578,40171600
2018-07-20,98.9709701538086,106.2699966430664,108.19999694824219,106.08000183105469,108.08000183105469,56004000
2018-07-23,100.55420684814453,107.97000122070312,108.13999938964844,106.12999725341797,106.30000305175781,29707000
2018-07-24,100.26551818847656,107.66000366210938,108.81999969482422,107.26000213623047,108.56999969482422,26316600
2018-07-25,103.2177505493164,110.83000183105469,111.1500015258789,107.5999984741211,107.95999908447266,30702100
2018-07-26,102.09090423583984,109.62000274658203,111.0,109.5,110.73999786376953,31372100
2018-07-27,100.28413391113281,107.68000030517578,110.18000030517578,106.13999938964844,110.18000030517578,37005300
2018-07-30,98.13277435302734,105.37000274658203,107.52999877929688,104.76000213623047,107.19000244140625,34668300
2018-07-31,98.79400634765625,106.08000183105469,106.72000122070312,105.37999725341797,106.48999786376953,27655200
2018-08-01,98.98026275634766,106.27999877929688,106.44999694824219,105.41999816894531,106.02999877929688,23628700
2018-08-02,100.18167877197266,107.56999969482422,108.08999633789062,104.83999633789062,105.4000015258789,26104300
2018-08-03,100.61941528320312,108.04000091552734,108.05000305175781,106.81999969482422,107.80000305175781,18659600
2018-08-06,100.70320892333984,108.12999725341797,108.41999816894531,107.55999755859375,108.12000274658203,20265900
2018-08-07,101.40167999267578,108.87999725341797,109.0999984741211,108.16999816894531,108.55999755859375,16080200
2018-08-08,101.96980285644531,109.48999786376953,109.75,108.76000213623047,109.33000183105469,15487500
2018-08-09,102.13743591308594,109.66999816894531,110.16000366210938,109.5999984741211,109.70999908447266,13677200
2018-08-10,101.5134506225586,109.0,109.69000244140625,108.37999725341797,109.41999816894531,18183700
2018-08-13,100.7777328491211,108.20999908447266,109.58000183105469,108.0999984741211,109.23999786376953,18472500
2018-08-14,102.03500366210938,109.55999755859375,109.75,108.04000091552734,108.55999755859375,16788300
2018-08-15,100.6513442993164,107.66000366210938,108.98999786376953,106.81999969482422,108.48999786376953,29982800
2018-08-16,100.63265991210938,107.63999938964844,108.86000061035156,107.30000305175781,108.30000305175781,21384300
2018-08-17,100.57655334472656,107.58000183105469,107.9000015258789,106.69000244140625,107.36000061035156,18061500
2018-08-20,99.91278076171875,106.87000274658203,107.9000015258789,106.4800033569336,107.51000213623047,17914200
2018-08-21,99.08069610595703,105.9800033569336,107.3499984741211,105.8499984741211,106.91999816894531,22881900
2018-08-22,100.09041595458984,107.05999755859375,107.33999633789062,105.77999877929688,105.8499984741211,18000600
2018-08-23,100.55785369873047,107.55999755859375,108.18000030517578,106.87000274658203,107.1500015258789,18167700
2018-08-24,101.3431625366211,108.4000015258789,108.55999755859375,107.55999755859375,107.66999816894531,17234000
2018-08-27,102.46504211425781,109.5999984741211,109.63999938964844,108.51000213623047,109.2699966430664,19662300
2018-08-28,103.08209991455078,110.26000213623047,110.5,109.79000091552734,109.94000244140625,19151500
2018-08-29,104.72750854492188,112.0199966430664,112.02999877929688,110.2699966430664,110.44999694824219,20818000
2018-08-30,104.66207122802734,111.94999694824219,112.61000061035156,111.44000244140625,111.66999816894531,22798700
2018-08-31,105.01731872558594,112.33000183105469,112.77999877929688,111.5199966430664,111.69000244140625,23222700
2018-09-04,104.43769836425781,111.70999908447266,111.95999908447266,110.22000122070312,110.8499984741211,22634600
2018-09-05,101.42732238769531,108.48999786376953,111.41999816894531,108.0999984741211,111.01000213623047,32872400
2018-09-06,101.66104888916016,108.73999786376953,108.98999786376953,107.51000213623047,108.25,23477600
2018-09-07,101.1655502319336,108.20999908447266,108.72000122070312,107.2300033569336,108.2300033569336,22498600
2018-09-10,102.25939178466797,109.37999725341797,109.63999938964844,108.36000061035156,108.83999633789062,20727900
2018-09-11,103.9983139038086,111.23999786376953,111.58999633789062,108.88999938964844,108.9000015258789,24301800
2018-09-12,104.43769836425781,111.70999908447266,111.8499984741211,110.51000213623047,111.43000030517578,18891100
2018-09-13,105.55957794189453,112.91000366210938,113.7300033569336,112.12000274658203,112.12000274658203,26055600
2018-09-14,105.9896469116211,113.37000274658203,113.7300033569336,112.44000244140625,113.36000061035156,19122300
2018-09-17,104.83968353271484,112.13999938964844,113.69999694824219,111.86000061035156,113.69000244140625,20736500
2018-09-18,105.84004211425781,113.20999908447266,113.69999694824219,111.72000122070312,112.19000244140625,22170900
2018-09-19,104.42833709716797,111.69999694824219,113.31999969482422,111.04000091552734,113.05000305175781,21728400
2018-09-20,106.17662048339844,113.56999969482422,113.80000305175781,111.93000030517578,112.27999877929688,23714500
2018-09-21,106.82170867919922,114.26000213623047,115.29000091552734,113.51000213623047,114.0,71229700
2018-09-24,107.20501708984375,114.66999816894531,114.9000015258789,112.22000122070312,113.02999877929688,27334500
2018-09-25,106.99932098388672,114.44999694824219,115.0999984741211,113.75,114.80000305175781,22668000
2018-09-26,106.5599365234375,113.9800033569336,115.05999755859375,113.73999786376953,114.47000122070312,19352000
2018-09-27,106.96192932128906,114.41000366210938,114.91000366210938,114.19999694824219,114.77999877929688,19091300
2018-09-28,106.9245376586914,114.37000274658203,114.56999969482422,113.68000030517578,114.19000244140625,21647800
2018-10-01,108.08380126953125,115.61000061035156,115.68000030517578,114.7300033569336,114.75,18883100
2018-10-02,107.65377807617188,115.1500015258789,115.83999633789062,114.44000244140625,115.30000305175781,20787200
2018-10-03,107.67243194580078,115.16999816894531,116.18000030517578,114.93000030517578,115.41999816894531,16648000
2018-10-04,105.44738006591797,112.79000091552734,114.76000213623047,111.62999725341797,114.61000061035156,34821700
2018-10-05,104.8303451538086,112.12999725341797,113.16999816894531,110.63999938964844,112.62999725341797,29068900
2018-10-08,103.63367462158203,110.8499984741211,112.02999877929688,109.33999633789062,111.66000366210938,29640600
2018-10-09,104.95189666748047,112.26000213623047,113.08000183105469,110.80000305175781,111.13999938964844,26198600
2018-10-10,99.2490005493164,106.16000366210938,111.5,105.79000091552734,111.23999786376953,61376300
2018-10-11,99.01527404785156,105.91000366210938,108.93000030517578,104.19999694824219,105.3499984741211,63904300
2018-10-12,102.43701171875,109.56999969482422,111.23999786376953,107.12000274658203,109.01000213623047,47742100
2018-10-15,100.59529113769531,107.5999984741211,109.4800033569336,106.94999694824219,108.91000366210938,32068100
2018-10-16,103.77391052246094,111.0,111.41000366210938,108.94999694824219,109.54000091552734,31610200
2018-10-17,103.50277709960938,110.70999908447266,111.80999755859375,109.55000305175781,111.68000030517578,26548200
2018-10-18,101.4366683959961,108.5,110.52999877929688,107.83000183105469,110.0999984741211,32506200
2018-10-19,101.58625793457031,108.66000366210938,110.86000061035156,108.20999908447266,108.93000030517578,32785500
2018-10-22,102.49310302734375,109.62999725341797,110.54000091552734,108.23999786376953,109.31999969482422,26545600
2018-10-23,101.06269836425781,108.0999984741211,108.97000122070312,105.11000061035156,107.7699966430664,43770400
2018-10-24,95.65898132324219,102.31999969482422,108.48999786376953,101.58999633789062,108.41000366210938,63897800
2018-10-25,101.24969482421875,108.30000305175781,109.2699966430664,106.1500015258789,106.55000305175781,61646800
2018-10-26,99.99693298339844,106.95999908447266,108.75,104.76000213623047,105.69000244140625,55523100
2018-10-29,97.08937072753906,103.8499984741211,108.69999694824219,101.62999725341797,108.11000061035156,55162000
2018-10-30,96.97721099853516,103.7300033569336,104.37999725341797,100.11000061035156,103.66000366210938,65350900
2018-10-31,99.856689453125,106.80999755859375,108.13999938964844,105.38999938964844,105.44000244140625,51062400
2018-11-01,99.02461242675781,105.91999816894531,107.31999969482422,105.52999877929688,107.05000305175781,33384200
2018-11-02,99.2490005493164,106.16000366210938,107.31999969482422,104.9800033569336,106.4800033569336,37680200
2018-11-05,100.5111312866211,107.51000213623047,107.73999786376953,105.9000015258789,106.37000274658203,27922100
2018-11-06,100.70746612548828,107.72000122070312,108.83999633789062,106.27999877929688,107.37999725341797,24340200
2018-11-07,104.67143249511719,111.95999908447266,112.23999786376953,109.4000015258789,109.44000244140625,37901700
2018-11-08,104.47509765625,111.75,112.20999908447266,110.91000366210938,111.80000305175781,25644100
2018-11-09,102.43701171875,109.56999969482422,111.44999694824219,108.76000213623047,110.8499984741211,32039200
2018-11-12,99.91278076171875,106.87000274658203,109.95999908447266,106.0999984741211,109.41999816894531,33621800
2018-11-13,99.97821807861328,106.94000244140625,108.73999786376953,106.63999938964844,107.55000305175781,35374600
2018-11-14,98.56043243408203,104.97000122070312,108.26000213623047,104.47000122070312,108.0999984741211,39495100
2018-11-15,100.72936248779297,107.27999877929688,107.80000305175781,103.91000366210938,104.98999786376953,38505200
2018-11-16,101.67772674560547,108.29000091552734,108.87999725341797,106.80000305175781,107.08000183105469,33502100
2018-11-19,98.23181915283203,104.62000274658203,108.55999755859375,103.55000305175781,108.2699966430664,44773900
2018-11-20,95.4994888305664,101.70999908447266,102.97000122070312,99.3499984741211,101.80000305175781,64052500
2018-11-21,96.81398010253906,103.11000061035156,104.43000030517578,102.23999786376953,103.5999984741211,28130600
2018-11-23,96.77643585205078,103.06999969482422,103.80999755859375,102.0,102.16999816894531,13823100
2018-11-26,99.96884155273438,106.47000122070312,106.62999725341797,104.58000183105469,104.79000091552734,32336200
2018-11-27,100.59793090820312,107.13999938964844,107.33000183105469,105.36000061035156,106.2699966430664,29124500
2018-11-28,104.33489990234375,111.12000274658203,111.33000183105469,107.86000061035156,107.88999938964844,46788500
2018-11-29,103.46168518066406,110.19000244140625,111.12000274658203,109.02999877929688,110.33000183105469,28123200
2018-11-30,104.11894226074219,110.88999938964844,110.97000122070312,109.36000061035156,110.69999694824219,33665600
2018-12-03,105.24566650390625,112.08999633789062,113.41999816894531,110.7300033569336,113.0,34732800
2018-12-04,101.89363861083984,108.5199966430664,112.63999938964844,108.20999908447266,111.94000244140625,45197000
2018-12-06,102.52273559570312,109.19000244140625,109.23999786376953,105.0,105.81999969482422,49107400
2018-12-07,98.4195785522461,104.81999969482422,109.44999694824219,104.30000305175781,108.37999725341797,45044900
2018-12-10,101.02046203613281,107.58999633789062,107.9800033569336,103.88999938964844,104.80000305175781,40801500
2018-12-11,101.9593734741211,108.58999633789062,110.94999694824219,107.44000244140625,109.80000305175781,42381900
2018-12-12,102.41946411132812,109.08000183105469,111.2699966430664,109.04000091552734,110.88999938964844,36183000
2018-12-13,102.76685333251953,109.44999694824219,110.87000274658203,108.62999725341797,109.58000183105469,31333400
2018-12-14,99.55570220947266,106.02999877929688,109.26000213623047,105.5,108.25,47043100
2018-12-17,96.607421875,102.88999938964844,105.80000305175781,101.70999908447266,105.41000366210938,56957300
2018-12-18,97.62149810791016,103.97000122070312,104.51000213623047,102.5199966430664,103.75,49319200
2018-12-19,97.35858917236328,103.69000244140625,106.87999725341797,101.3499984741211,103.6500015258789,68198200
2018-12-20,95.31169128417969,101.51000213623047,104.30999755859375,98.77999877929688,103.05000305175781,70334200
2018-12-21,92.23199462890625,98.2300033569336,103.0,97.45999908447266,101.62999725341797,111242100
2018-12-24,88.38231658935547,94.12999725341797,97.97000122070312,93.9800033569336,97.68000030517578,43935200
2018-12-26,94.41969299316406,100.55999755859375,100.69000244140625,93.95999908447266,95.13999938964844,51634800
2018-12-27,95.00183868408203,101.18000030517578,101.19000244140625,96.4000015258789,99.30000305175781,49498500
2018-12-28,94.26009368896484,100.38999938964844,102.41000366210938,99.5199966430664,102.08999633789062,38196300
2018-12-31,95.36802673339844,101.56999969482422,102.4000015258789,100.44000244140625,101.29000091552734,33173800
2019-01-02,94.94552612304688,101.12000274658203,101.75,98.94000244140625,99.55000305175781,35329300
2019-01-03,91.45264434814453,97.4000015258789,100.19000244140625,97.19999694824219,100.0999984741211,42579100
2019-01-04,95.70604705810547,101.93000030517578,102.51000213623047,98.93000030517578,99.72000122070312,44060600
2019-01-07,95.82811737060547,102.05999755859375,103.2699966430664,100.9800033569336,101.63999938964844,35656100
2019-01-08,96.52294158935547,102.80000305175781,103.97000122070312,101.70999908447266,103.04000091552734,31514400
2019-01-09,97.90316009521484,104.2699966430664,104.87999725341797,103.23999786376953,103.86000061035156,32280800
2019-01-10,97.27407836914062,103.5999984741211,103.75,102.37999725341797,103.22000122070312,30067600
2019-01-11,96.52294158935547,102.80000305175781,103.44000244140625,101.63999938964844,103.19000244140625,28314200
2019-01-14,95.81871032714844,102.05000305175781,102.87000274658203,101.26000213623047,101.9000015258789,28437100
2019-01-15,98.59798431396484,105.01000213623047,105.05000305175781,101.87999725341797,102.51000213623047,31587600
2019-01-16,98.94540405273438,105.37999725341797,106.26000213623047,104.95999908447266,105.26000213623047,29853900
2019-01-17,99.64021301269531,106.12000274658203,106.62999725341797,104.76000213623047,105.0,28393000
2019-01-18,101.13310241699219,107.70999908447266,107.9000015258789,105.91000366210938,107.45999908447266,37427600
2019-01-22,99.22706604003906,105.68000030517578,107.0999984741211,104.86000061035156,106.75,32371300
2019-01-23,100.1941909790039,106.70999908447266,107.04000091552734,105.33999633789062,106.12000274658203,25874300
2019-01-24,99.7153091430664,106.19999694824219,107.0,105.33999633789062,106.86000061035156,23164800
2019-01-25,100.62608337402344,107.16999816894531,107.87999725341797,106.19999694824219,107.23999786376953,31225600
2019-01-28,98.66370391845703,105.08000183105469,106.4800033569336,104.66000366210938,106.26000213623047,29476700
2019-01-29,96.65438079833984,102.94000244140625,104.97000122070312,102.16999816894531,104.87999725341797,31490500
2019-01-30,99.88431549072266,106.37999725341797,106.37999725341797,104.33000183105469,104.62000274658203,49471900
2019-01-31,98.05339050292969,104.43000030517578,105.22000122070312,103.18000030517578,103.80000305175781,55636400
2019-02-01,96.504150390625,102.77999877929688,104.0999984741211,102.3499984741211,103.77999877929688,35535700
2019-02-04,99.28343200683594,105.73999786376953,105.80000305175781,102.7699966430664,102.87000274658203,31315100
2019-02-05,100.67303466796875,107.22000122070312,107.2699966430664,105.95999908447266,106.05999755859375,27325400
2019-02-06,99.55570220947266,106.02999877929688,107.0,105.52999877929688,107.0,20609800
2019-02-07,98.84208679199219,105.2699966430664,105.58999633789062,104.29000091552734,105.19000244140625,29760700
2019-02-08,99.21768188476562,105.66999816894531,105.77999877929688,104.26000213623047,104.38999938964844,21461100
2019-02-11,98.82333374023438,105.25,106.58000183105469,104.97000122070312,106.19999694824219,18914100
2019-02-12,100.3631820678711,106.88999938964844,107.13999938964844,105.4800033569336,106.13999938964844,25056600
2019-02-13,100.28807067871094,106.80999755859375,107.77999877929688,106.70999908447266,107.5,18394900
2019-02-14,100.3725814819336,106.9000015258789,107.29000091552734,105.66000366210938,106.30999755859375,21784700
2019-02-15,101.61197662353516,108.22000122070312,108.30000305175781,107.36000061035156,107.91000366210938,26606900
2019-02-19,101.56502532958984,108.16999816894531,108.66000366210938,107.77999877929688,107.79000091552734,18038500
2019-02-20,101.03697967529297,107.1500015258789,107.94000244140625,106.29000091552734,107.86000061035156,21607700
2019-02-21,103.16803741455078,109.41000366210938,109.4800033569336,106.87000274658203,106.9000015258789,29063200
2019-02-22,104.63904571533203,110.97000122070312,111.19999694824219,109.81999969482422,110.05000305175781,27763200
2019-02-25,105.22366333007812,111.58999633789062,112.18000030517578,111.26000213623047,111.76000213623047,23750600
2019-02-26,105.94973754882812,112.36000061035156,113.23999786376953,111.16999816894531,111.26000213623047,21536700
2019-02-27,105.77057647705078,112.16999816894531,112.36000061035156,110.87999725341797,111.69000244140625,21487100
2019-02-28,105.63855743408203,112.02999877929688,112.87999725341797,111.7300033569336,112.04000091552734,29083900
2019-03-01,106.11004638671875,112.52999877929688,113.0199966430664,111.66999816894531,112.88999938964844,23501200
2019-03-04,105.85545349121094,112.26000213623047,113.25,110.80000305175781,113.0199966430664,26608000
2019-03-05,105.32738494873047,111.69999694824219,112.38999938964844,111.2300033569336,112.25,19538300
2019-03-06,105.37455749511719,111.75,112.66000366210938,111.43000030517578,111.87000274658203,17687000
2019-03-07,104.09212493896484,110.38999938964844,111.55000305175781,109.87000274658203,111.4000015258789,25339000
2019-03-08,104.20529174804688,110.51000213623047,110.70999908447266,108.80000305175781,109.16000366210938,22818400
2019-03-11,106.39293670654297,112.83000183105469,112.94999694824219,110.9800033569336,110.98999786376953,26491600
2019-03-12,107.13785552978516,113.62000274658203,113.98999786376953,112.6500015258789,112.81999969482422,26132700
2019-03-13,107.9676742553711,114.5,115.0,113.77999877929688,114.12999725341797,35513800
2019-03-14,108.05253601074219,114.58999633789062,115.19999694824219,114.33000183105469,114.54000091552734,30763400
2019-03-15,109.29720306396484,115.91000366210938,117.25,114.58999633789062,115.33999633789062,54681100
2019-03-18,110.86248779296875,117.56999969482422,117.61000061035156,116.05000305175781,116.16999816894531,31207600
2019-03-19,110.93793487548828,117.6500015258789,118.44000244140625,116.98999786376953,118.08999633789062,37588700
2019-03-20,110.81535339355469,117.5199966430664,118.75,116.70999908447266,117.38999938964844,28113300
2019-03-21,113.361328125,120.22000122070312,120.81999969482422,117.08999633789062,117.13999938964844,29854400
2019-03-22,110.3721694946289,117.05000305175781,119.58999633789062,117.04000091552734,119.5,33624500
2019-03-25,110.94737243652344,117.66000366210938,118.01000213623047,116.31999969482422,116.55999755859375,27067100
2019-03-26,111.18312072753906,117.91000366210938,118.70999908447266,116.8499984741211,118.62000274658203,26097700
2019-03-27,110.10814666748047,116.7699966430664,118.20999908447266,115.5199966430664,117.87999725341797,22733400
2019-03-28,110.25899505615234,116.93000030517578,117.58000183105469,116.12999725341797,117.44000244140625,18334800
2019-03-29,111.21141052246094,117.94000244140625,118.31999969482422,116.95999908447266,118.06999969482422,25399800
2019-04-01,112.22978973388672,119.0199966430664,119.11000061035156,118.0999984741211,118.94999694824219,22789100
2019-04-02,112.39009857177734,119.19000244140625,119.4800033569336,118.5199966430664,119.05999755859375,18142300
2019-04-03,113.1255874633789,119.97000122070312,120.43000030517578,119.1500015258789,119.86000061035156,22860700
2019-04-04,112.55036926269531,119.36000061035156,120.2300033569336,118.37999725341797,120.0999984741211,20112800
2019-04-05,113.05015563964844,119.88999938964844,120.2300033569336,119.37000274658203,119.38999938964844,15826200
2019-04-08,113.08787536621094,119.93000030517578,120.0199966430664,118.63999938964844,119.80999755859375,15116200
2019-04-09,112.4749526977539,119.27999877929688,119.54000091552734,118.58000183105469,118.62999725341797,17612000
2019-04-10,113.33303833007812,120.19000244140625,120.3499984741211,119.54000091552734,119.76000213623047,16477200
2019-04-11,113.46504974365234,120.33000183105469,120.8499984741211,119.91999816894531,120.54000091552734,14209100
2019-04-12,114.04967498779297,120.94999694824219,120.9800033569336,120.37000274658203,120.63999938964844,19745100
2019-04-15,114.14398956298828,121.05000305175781,121.58000183105469,120.56999969482422,120.94000244140625,15792600
2019-04-16,113.87995147705078,120.7699966430664,121.6500015258789,120.0999984741211,121.63999938964844,14071800
2019-04-17,114.8228759765625,121.7699966430664,121.8499984741211,120.54000091552734,121.23999786376953,19300900
2019-04-18,116.33163452148438,123.37000274658203,123.5199966430664,121.30000305175781,122.19000244140625,27991000
2019-04-22,116.69937133789062,123.76000213623047,124.0,122.56999969482422,122.62000274658203,15648700
2019-04-23,118.28350830078125,125.44000244140625,125.58000183105469,123.83000183105469,124.0999984741211,24025500
2019-04-24,117.87804412841797,125.01000213623047,125.8499984741211,124.5199966430664,125.79000091552734,31257000
2019-04-25,121.7818374633789,129.14999389648438,131.3699951171875,128.8300018310547,130.05999755859375,38033900
2019-04-26,122.47964477539062,129.88999938964844,130.52000427246094,129.02000427246094,129.6999969482422,23654900
2019-04-29,122.36648559570312,129.77000427246094,130.17999267578125,129.35000610351562,129.89999389648438,16324200
2019-04-30,123.14915466308594,130.60000610351562,130.6999969482422,129.38999938964844,129.80999755859375,24166500
2019-05-01,120.58430480957031,127.87999725341797,130.64999389648438,127.69999694824219,130.52999877929688,26821700
2019-05-02,119.00958251953125,126.20999908447266,128.0,125.5199966430664,127.9800033569336,27350200
2019-05-03,121.5461196899414,128.89999389648438,129.42999267578125,127.25,127.36000061035156,24911100
2019-05-06,120.83892059326172,128.14999389648438,128.55999755859375,126.11000061035156,126.38999938964844,24239800
2019-05-07,118.35893249511719,125.5199966430664,127.18000030517578,124.22000122070312,126.45999908447266,36017700
2019-05-08,118.3495101928711,125.51000213623047,126.37000274658203,124.75,125.44000244140625,28419000
2019-05-09,118.34009552001953,125.5,125.79000091552734,123.56999969482422,124.29000091552734,27235800
2019-05-10,119.8770980834961,127.12999725341797,127.93000030517578,123.81999969482422,124.91000366210938,30915100
2019-05-13,116.31275177001953,123.3499984741211,125.55000305175781,123.04000091552734,124.11000061035156,33944900
2019-05-14,117.61404418945312,124.7300033569336,125.87999725341797,123.69999694824219,123.87000274658203,25266300
2019-05-15,119.2702865600586,126.0199966430664,126.70999908447266,123.69999694824219,124.26000213623047,24722700
2019-05-16,122.0244369506836,128.92999267578125,129.3800048828125,126.45999908447266,126.75,30112200
2019-05-17,121.21048736572266,128.07000732421875,130.4600067138672,127.91999816894531,128.30999755859375,25770500
2019-05-20,119.45958709716797,126.22000122070312,127.58999633789062,125.76000213623047,126.5199966430664,23706900
2019-05-21,120.10315704345703,126.9000015258789,127.52999877929688,126.58000183105469,127.43000030517578,15293300
2019-05-22,120.83190155029297,127.66999816894531,128.24000549316406,126.5199966430664,126.62000274658203,15396500
2019-05-23,119.42174530029297,126.18000030517578,126.29000091552734,124.73999786376953,126.19999694824219,23603800
2019-05-24,119.478515625,126.23999786376953,127.41999816894531,125.97000122070312,126.91000366210938,14123400
2019-05-28,119.40279388427734,126.16000366210938,128.0,126.05000305175781,126.9800033569336,23128400
2019-05-29,118.2481460571289,124.94000244140625,125.38999938964844,124.04000091552734,125.37999725341797,22763100
2019-05-30,118.99585723876953,125.7300033569336,125.76000213623047,124.77999877929688,125.26000213623047,16829600
2019-05-31,117.05561065673828,123.68000030517578,124.62000274658203,123.31999969482422,124.2300033569336,26646800
2019-06-03,113.42130279541016,119.83999633789062,124.37000274658203,119.01000213623047,123.8499984741211,37983600
2019-06-04,116.56346893310547,123.16000366210938,123.27999877929688,120.6500015258789,121.27999877929688,29382600
2019-06-05,119.09048461914062,125.83000183105469,125.87000274658203,124.20999908447266,124.94999694824219,24926100
2019-06-06,120.97388458251953,127.81999969482422,127.97000122070312,125.5999984741211,126.44000244140625,21459000
2019-06-07,124.36213684082031,131.39999389648438,132.25,128.25999450683594,129.19000244140625,33885600
2019-06-10,125.49786376953125,132.60000610351562,134.0800018310547,132.0,132.39999389648438,26477100
2019-06-11,125.02461242675781,132.10000610351562,134.24000549316406,131.27999877929688,133.8800048828125,23913700
2019-06-12,124.4472885131836,131.49000549316406,131.97000122070312,130.7100067138672,131.39999389648438,17092500
2019-06-13,125.23287200927734,132.32000732421875,133.0,131.55999755859375,131.97999572753906,17200800
2019-06-14,125.35588836669922,132.4499969482422,133.7899932861328,131.63999938964844,132.25999450683594,17821700
2019-06-17,125.73448181152344,132.85000610351562,133.72999572753906,132.52999877929688,132.6300048828125,14517800
2019-06-18,127.92076110839844,135.16000366210938,135.24000549316406,133.57000732421875,134.19000244140625,25934500
2019-06-19,128.42239379882812,135.69000244140625,135.92999267578125,133.80999755859375,135.0,23744400
2019-06-20,129.6149139404297,136.9499969482422,137.66000366210938,135.72000122070312,137.4499969482422,33042600
2019-06-21,129.63381958007812,136.97000122070312,137.72999572753906,136.4600067138672,136.5800018310547,36727900
2019-06-24,130.40042114257812,137.77999877929688,138.39999389648438,137.0,137.0,20628800
2019-06-25,126.283447265625,133.42999267578125,137.58999633789062,132.72999572753906,137.25,33327400
2019-06-26,126.75658416748047,133.92999267578125,135.74000549316406,133.60000610351562,134.35000610351562,23657700
2019-06-27,126.96481323242188,134.14999389648438,134.7100067138672,133.50999450683594,134.13999938964844,16557500
2019-06-28,126.78504180908203,133.9600067138672,134.60000610351562,133.16000366210938,134.57000732421875,30043000
2019-07-01,128.41285705566406,135.67999267578125,136.6999969482422,134.97000122070312,136.6300048828125,22613500
2019-07-02,129.2646942138672,136.5800018310547,136.58999633789062,135.33999633789062,136.1199951171875,15237800
2019-07-03,130.0975799560547,137.4600067138672,137.74000549316406,136.2899932861328,136.8000030517578,13629300
2019-07-05,129.718994140625,137.05999755859375,137.3300018310547,135.72000122070312,135.94000244140625,18141100
2019-07-08,129.62435913085938,136.9600067138672,137.10000610351562,135.3699951171875,136.39999389648438,16779700
2019-07-09,129.15113830566406,136.4600067138672,136.97000122070312,135.8000030517578,136.0,19953100
2019-07-10,130.4666748046875,137.85000610351562,138.5800018310547,137.02000427246094,137.1300048828125,24204400
2019-07-11,130.9872283935547,138.39999389648438,139.22000122070312,137.8699951171875,138.1999969482422,22327900
2019-07-12,131.46043395996094,138.89999389648438,139.1300048828125,138.00999450683594,138.85000610351562,18936800
2019-07-15,131.46043395996094,138.89999389648438,139.5399932861328,138.4600067138672,139.44000244140625,16651500
2019-07-16,129.7379608154297,137.0800018310547,139.0500030517578,136.52000427246094,138.9600067138672,22726100
2019-07-17,128.9713134765625,136.27000427246094,137.92999267578125,136.22000122070312,137.6999969482422,20211000
2019-07-18,129.11326599121094,136.4199981689453,136.6199951171875,134.6699981689453,135.5500030517578,30381800
2019-07-19,129.3025665283203,136.6199951171875,140.6699981689453,136.4499969482422,140.22000122070312,48992400
2019-07-22,131.01559448242188,138.42999267578125,139.19000244140625,137.3300018310547,137.41000366210938,25074900
2019-07-23,131.8295135498047,139.2899932861328,139.99000549316406,138.02999877929688,139.75999450683594,18034600
2019-07-24,133.18295288085938,140.72000122070312,140.74000549316406,138.85000610351562,138.89999389648438,20738300
2019-07-25,132.6813201904297,140.19000244140625,140.61000061035156,139.32000732421875,140.42999267578125,18356900
2019-07-26,133.76971435546875,141.33999633789062,141.67999267578125,140.3000030517578,140.3699951171875,19037600
2019-07-29,133.47634887695312,141.02999877929688,141.50999450683594,139.3699951171875,141.5,16605900
2019-07-30,132.83274841308594,140.35000610351562,141.22000122070312,139.8000030517578,140.13999938964844,16846500
2019-07-31,128.9713134765625,136.27000427246094,140.49000549316406,135.0800018310547,140.3300018310547,38598800
2019-08-01,130.66542053222656,138.05999755859375,140.94000244140625,136.92999267578125,137.0,40557500
2019-08-02,129.5675048828125,136.89999389648438,138.32000732421875,135.25999450683594,138.08999633789062,30791600
2019-08-05,125.12873077392578,132.2100067138672,133.92999267578125,130.77999877929688,133.3000030517578,42749600
2019-08-06,127.4759292602539,134.69000244140625,135.67999267578125,133.2100067138672,133.8000030517578,32696700
2019-08-07,128.03431701660156,135.27999877929688,135.64999389648438,131.8300018310547,133.7899932861328,33414500
2019-08-08,131.45095825195312,138.88999938964844,138.99000549316406,135.92999267578125,136.60000610351562,27496500
2019-08-09,130.33419799804688,137.7100067138672,139.3800048828125,136.4600067138672,138.61000061035156,23466700
2019-08-12,128.51698303222656,135.7899932861328,137.86000061035156,135.24000549316406,137.07000732421875,20484300
2019-08-13,131.176513671875,138.60000610351562,138.8000030517578,135.0,136.0500030517578,25154600
2019-08-14,127.22621154785156,133.97999572753906,136.9199981689453,133.6699981689453,136.36000061035156,32527300
2019-08-15,126.94132232666016,133.67999267578125,134.5800018310547,132.25,134.38999938964844,28074400
2019-08-16,129.2677764892578,136.1300048828125,136.4600067138672,134.72000122070312,134.8800048828125,24449100
2019-08-19,131.43287658691406,138.41000366210938,138.5500030517578,136.88999938964844,137.85000610351562,24355700
2019-08-20,130.34083557128906,137.25999450683594,138.7100067138672,137.24000549316406,138.2100067138672,21170800
2019-08-21,131.79371643066406,138.7899932861328,139.49000549316406,138.0,138.5500030517578,14970300
2019-08-22,130.83462524414062,137.77999877929688,139.1999969482422,136.2899932861328,138.66000366210938,18697000
2019-08-23,126.66597747802734,133.38999938964844,138.35000610351562,132.8000030517578,137.19000244140625,38508600
2019-08-26,128.6220703125,135.4499969482422,135.55999755859375,133.89999389648438,134.99000549316406,20312600
2019-08-27,128.89747619628906,135.74000549316406,136.72000122070312,134.66000366210938,136.38999938964844,23102100
2019-08-28,128.72653198242188,135.55999755859375,135.75999450683594,133.5500030517578,134.8800048828125,17393300
2019-08-29,131.15748596191406,138.1199951171875,138.44000244140625,136.91000366210938,137.25,20168700
2019-08-30,130.91058349609375,137.86000061035156,139.17999267578125,136.27000427246094,139.14999389648438,23940100
2019-09-03,129.18235778808594,136.0399932861328,137.1999969482422,135.6999969482422,136.61000061035156,18869300
2019-09-04,130.69223022460938,137.6300048828125,137.69000244140625,136.47999572753906,137.3000030517578,17995900
2019-09-05,132.990234375,140.0500030517578,140.3800048828125,138.75999450683594,139.11000061035156,26101800
2019-09-06,132.08810424804688,139.10000610351562,140.17999267578125,138.1999969482422,140.02999877929688,20824500
2019-09-09,130.58775329589844,137.52000427246094,139.75,136.4600067138672,139.58999633789062,25773900
2019-09-10,129.22035217285156,136.0800018310547,136.88999938964844,134.50999450683594,136.8000030517578,28903400
2019-09-11,129.25836181640625,136.1199951171875,136.27000427246094,135.08999633789062,135.91000366210938,24726100
2019-09-12,130.58775329589844,137.52000427246094,138.4199981689453,136.8699951171875,137.85000610351562,27010000
2019-09-13,130.3978271484375,137.32000732421875,138.05999755859375,136.57000732421875,137.77999877929688,23363100
2019-09-16,129.45773315429688,136.3300018310547,136.6999969482422,135.66000366210938,135.8300018310547,16731400
2019-09-17,130.46429443359375,137.38999938964844,137.52000427246094,136.42999267578125,136.9600067138672,17814200
2019-09-18,131.5373077392578,138.52000427246094,138.6699981689453,136.52999877929688,137.36000061035156,23982100
2019-09-19,133.95883178710938,141.07000732421875,142.3699951171875,140.07000732421875,140.3000030517578,35772100
2019-09-20,132.4109649658203,139.44000244140625,141.64999389648438,138.25,141.00999450683594,39167300
2019-09-23,132.12608337402344,139.13999938964844,139.6300048828125,138.44000244140625,139.22999572753906,17139300
2019-09-24,130.454833984375,137.3800048828125,140.69000244140625,136.8800048828125,140.36000061035156,29773200
2019-09-25,132.33499145507812,139.36000061035156,139.9600067138672,136.02999877929688,137.5,21382000
2019-09-26,132.50592041015625,139.5399932861328,140.17999267578125,138.44000244140625,139.44000244140625,17456600
2019-09-27,130.78713989257812,137.72999572753906,140.36000061035156,136.64999389648438,140.14999389648438,22477700
2019-09-30,132.02163696289062,139.02999877929688,139.22000122070312,137.77999877929688,138.0500030517578,17280900
2019-10-01,130.1604461669922,137.07000732421875,140.25,137.0,139.66000366210938,21466600
2019-10-02,127.8624496459961,134.64999389648438,136.3699951171875,133.5800018310547,136.25,30521700
2019-10-03,129.41024780273438,136.27999877929688,136.75,133.22000122070312,134.9499969482422,24132900
2019-10-04,131.15748596191406,138.1199951171875,138.25,136.4199981689453,136.75,22897700
2019-10-07,130.2079315185547,137.1199951171875,138.17999267578125,137.02000427246094,137.13999938964844,15303700
2019-10-08,128.83099365234375,135.6699981689453,137.75999450683594,135.6199951171875,137.0800018310547,25550500
2019-10-09,131.27145385742188,138.24000549316406,138.6999969482422,136.97000122070312,137.4600067138672,19749900
2019-10-10,132.08810424804688,139.10000610351562,139.6699981689453,138.25,138.49000549316406,17654600
2019-10-11,132.6388702392578,139.67999267578125,141.02999877929688,139.5,140.1199951171875,25446000
2019-10-14,132.5154266357422,139.5500030517578,140.2899932861328,139.52000427246094,139.69000244140625,13304300
2019-10-15,134.43362426757812,141.57000732421875,141.7899932861328,139.80999755859375,140.05999755859375,19695700
2019-10-16,133.33204650878906,140.41000366210938,140.99000549316406,139.52999877929688,140.7899932861328,20751600
2019-10-17,132.6483612060547,139.69000244140625,141.4199981689453,139.02000427246094,140.9499969482422,21460600
2019-10-18,130.48329162597656,137.41000366210938,140.0,136.55999755859375,139.75999450683594,32273500
2019-10-21,131.4518585205078,138.42999267578125,138.5,137.00999450683594,138.4499969482422,20078200
2019-10-22,129.4957275390625,136.3699951171875,140.00999450683594,136.25999450683594,138.97000122070312,27431000
2019-10-23,130.3218994140625,137.24000549316406,137.4499969482422,135.61000061035156,136.8800048828125,29844600
2019-10-24,132.88577270507812,139.94000244140625,140.4199981689453,138.6699981689453,139.38999938964844,37029300
2019-10-25,133.63592529296875,140.72999572753906,141.13999938964844,139.1999969482422,139.33999633789062,25959700
2019-10-28,136.9215087890625,144.19000244140625,145.6699981689453,143.50999450683594,144.39999389648438,35280100
2019-10-29,135.6300811767578,142.8300018310547,144.5,142.64999389648438,144.0800018310547,20589500
2019-10-30,137.3203887939453,144.61000061035156,145.0,142.7899932861328,143.52000427246094,18496600
2019-10-31,136.14283752441406,143.3699951171875,144.92999267578125,142.99000549316406,144.89999389648438,24605100
2019-11-01,136.47523498535156,143.72000122070312,144.4199981689453,142.97000122070312,144.25999450683594,33128400
2019-11-04,137.2633514404297,144.5500030517578,145.0,144.16000366210938,144.8300018310547,16912000
2019-11-05,137.17788696289062,144.4600067138672,145.02000427246094,143.91000366210938,144.97000122070312,18250200
2019-11-06,136.7980499267578,144.05999755859375,144.52000427246094,143.1999969482422,144.3699951171875,16575800
2019-11-07,136.9879913330078,144.25999450683594,144.8800048828125,143.77000427246094,143.83999633789062,17786700
2019-11-08,138.60232543945312,145.9600067138672,145.99000549316406,143.75999450683594,143.97999572753906,16732700
2019-11-11,138.7447509765625,146.11000061035156,146.4199981689453,144.72999572753906,145.33999633789062,14362600
2019-11-12,139.65634155273438,147.07000732421875,147.57000732421875,146.05999755859375,146.27999877929688,18641600
2019-11-13,139.88421630859375,147.30999755859375,147.4600067138672,146.27999877929688,146.74000549316406,16919200
2019-11-14,140.59645080566406,148.05999755859375,148.41000366210938,147.0,147.02000427246094,19729800
2019-11-15,142.41015625,149.97000122070312,149.99000549316406,148.27000427246094,148.92999267578125,23485700
2019-11-18,142.76153564453125,150.33999633789062,150.5500030517578,148.97999572753906,150.07000732421875,21534000
2019-11-19,142.80899047851562,150.38999938964844,151.3300018310547,150.1999969482422,150.8800048828125,23935700
2019-11-20,142.56124877929688,149.6199951171875,150.83999633789062,148.4600067138672,150.30999755859375,25696800
2019-11-21,142.42788696289062,149.47999572753906,149.8000030517578,148.5,149.39999389648438,18576100
2019-11-22,142.5326690673828,149.58999633789062,150.3000030517578,148.82000732421875,150.07000732421875,15901800
2019-11-25,144.09530639648438,151.22999572753906,151.35000610351562,149.9199981689453,150.0,22420900
2019-11-26,144.85755920410156,152.02999877929688,152.4199981689453,151.32000732421875,151.36000061035156,24620100
2019-11-27,145.13388061523438,152.32000732421875,152.5,151.52000427246094,152.3300018310547,15184400
2019-11-29,144.2382354736328,151.3800048828125,152.3000030517578,151.27999877929688,152.10000610351562,11977300
2019-12-02,142.49456787109375,149.5500030517578,151.8300018310547,148.32000732421875,151.80999755859375,27418400
2019-12-03,142.26585388183594,149.30999755859375,149.42999267578125,146.64999389648438,147.49000549316406,24066000
2019-12-04,142.7803955078125,149.85000610351562,150.17999267578125,149.1999969482422,150.13999938964844,17574700
2019-12-05,142.8566131591797,149.92999267578125,150.32000732421875,149.47999572753906,150.0500030517578,17869100
2019-12-06,144.5907745361328,151.75,151.8699951171875,150.27000427246094,150.99000549316406,16403500
2019-12-09,144.2191619873047,151.36000061035156,152.2100067138672,150.91000366210938,151.07000732421875,16687400
2019-12-10,144.0000457763672,151.1300048828125,151.88999938964844,150.75999450683594,151.2899932861328,16476100
2019-12-11,144.5431365966797,151.6999969482422,151.8699951171875,150.3300018310547,151.5399932861328,18856600
2019-12-12,146.01046752929688,153.24000549316406,153.44000244140625,151.02000427246094,151.64999389648438,24612100
2019-12-13,147.2396240234375,154.52999877929688,154.88999938964844,152.8300018310547,153.0,23845400
2019-12-16,148.19244384765625,155.52999877929688,155.89999389648438,154.82000732421875,155.11000061035156,24144200
2019-12-17,147.39205932617188,154.69000244140625,155.7100067138672,154.4499969482422,155.4499969482422,25425600
2019-12-18,147.08714294433594,154.3699951171875,155.47999572753906,154.17999267578125,154.3000030517578,24129200
2019-12-19,148.36395263671875,155.7100067138672,155.77000427246094,153.75,154.0,24958900
2019-12-20,149.98373413085938,157.41000366210938,158.49000549316406,156.2899932861328,157.35000610351562,53477500
2019-12-23,149.98373413085938,157.41000366210938,158.1199951171875,157.27000427246094,158.1199951171875,17718200
2019-12-24,149.95516967773438,157.3800048828125,157.7100067138672,157.1199951171875,157.47999572753906,8989200
2019-12-26,151.18429565429688,158.6699981689453,158.72999572753906,157.39999389648438,157.55999755859375,14520600
2019-12-27,151.46063232421875,158.9600067138672,159.5500030517578,158.22000122070312,159.4499969482422,18412800
2019-12-30,150.1552276611328,157.58999633789062,159.02000427246094,156.72999572753906,158.99000549316406,16348400
2019-12-31,150.26004028320312,157.6999969482422,157.77000427246094,156.4499969482422,156.77000427246094,18369400
2020-01-02,153.04229736328125,160.6199951171875,160.72999572753906,158.3300018310547,158.77999877929688,22622100
2020-01-03,151.13661193847656,158.6199951171875,159.9499969482422,158.05999755859375,158.32000732421875,21116200
2020-01-06,151.52734375,159.02999877929688,159.10000610351562,156.50999450683594,157.0800018310547,20813700
2020-01-07,150.14572143554688,157.5800018310547,159.6699981689453,157.32000732421875,159.32000732421875,21634100
2020-01-08,152.5372772216797,160.08999633789062,160.8000030517578,157.9499969482422,158.92999267578125,27746500
2020-01-09,154.44296264648438,162.08999633789062,162.22000122070312,161.02999877929688,161.83999633789062,21385000
2020-01-10,153.72833251953125,161.33999633789062,163.22000122070312,161.17999267578125,162.82000732421875,20725900
2020-01-13,155.5767822265625,163.27999877929688,163.30999755859375,161.25999450683594,161.75999450683594,21626500
2020-01-14,154.48106384277344,162.1300048828125,163.60000610351562,161.72000122070312,163.38999938964844,23477400
2020-01-15,155.4815216064453,163.17999267578125,163.94000244140625,162.57000732421875,162.6199951171875,21417900
2020-01-16,158.33042907714844,166.1699981689453,166.24000549316406,164.02999877929688,164.35000610351562,23865400
2020-01-17,159.21658325195312,167.10000610351562,167.47000122070312,165.42999267578125,167.4199981689453,34371700
2020-01-21,158.64491271972656,166.5,168.19000244140625,166.42999267578125,166.67999267578125,29517200
2020-01-22,157.88262939453125,165.6999969482422,167.49000549316406,165.67999267578125,167.39999389648438,24138800
2020-01-23,158.8544921875,166.72000122070312,166.8000030517578,165.27000427246094,166.19000244140625,19680800
2020-01-24,157.25375366210938,165.0399932861328,167.52999877929688,164.4499969482422,167.50999450683594,24918100
2020-01-27,154.6239776611328,162.27999877929688,163.3800048828125,160.1999969482422,161.14999389648438,32078100
2020-01-28,157.65394592285156,165.4600067138672,165.75999450683594,163.07000732421875,163.77999877929688,24899900
2020-01-29,160.11221313476562,168.0399932861328,168.75,165.69000244140625,167.83999633789062,34754500
2020-01-30,164.62863159179688,172.77999877929688,174.0500030517578,170.7899932861328,174.0500030517578,51597500
2020-01-31,162.19894409179688,170.22999572753906,172.39999389648438,169.5800018310547,172.2100067138672,36142700
2020-02-03,166.1531219482422,174.3800048828125,174.5,170.39999389648438,170.42999267578125,30107000
2020-02-04,171.62234497070312,180.1199951171875,180.63999938964844,176.30999755859375,177.13999938964844,36433300
2020-02-05,171.41273498535156,179.89999389648438,184.1999969482422,178.41000366210938,184.02999877929688,39186300
2020-02-06,174.96670532226562,183.6300048828125,183.82000732421875,180.05999755859375,180.97000122070312,27751400
2020-02-07,175.21446228027344,183.88999938964844,185.6300048828125,182.47999572753906,182.85000610351562,33529100
2020-02-10,179.79751586914062,188.6999969482422,188.83999633789062,183.25,183.5800018310547,35844300
2020-02-11,175.73854064941406,184.44000244140625,190.6999969482422,183.5,190.64999389648438,53159900
2020-02-12,175.99578857421875,184.7100067138672,185.85000610351562,181.85000610351562,185.5800018310547,47062900
2020-02-13,175.04295349121094,183.7100067138672,186.22999572753906,182.8699951171875,183.0800018310547,35295800
2020-02-14,176.60557556152344,185.35000610351562,185.41000366210938,182.64999389648438,183.25,23149500
2020-02-18,178.3968963623047,187.22999572753906,187.6999969482422,185.5,185.61000061035156,27792200
2020-02-19,178.9319610595703,187.27999877929688,188.17999267578125,186.47000122070312,188.05999755859375,29997500
2020-02-20,176.1993865966797,184.4199981689453,187.25,181.10000610351562,186.9499969482422,36862400
2020-02-21,170.62930297851562,178.58999633789062,183.5,177.25,183.1699981689453,48572600
2020-02-24,163.27259826660156,170.88999938964844,174.5500030517578,163.22999572753906,167.77000427246094,68311100
2020-02-25,160.57826232910156,168.07000732421875,174.83999633789062,167.64999389648438,174.1999969482422,68073300
2020-02-26,162.5846710205078,170.1699981689453,173.25999450683594,168.2100067138672,169.7100067138672,56206100
2020-02-27,151.1290740966797,158.17999267578125,167.02999877929688,157.97999572753906,163.32000732421875,93174900
2020-02-28,154.78836059570312,162.00999450683594,163.7100067138672,152.0,152.41000366210938,97012700
2020-03-02,165.0878143310547,172.7899932861328,172.9199981689453,162.30999755859375,165.30999755859375,71030800
2020-03-03,157.17697143554688,164.50999450683594,175.0,162.25999450683594,173.8000030517578,71677000
2020-03-04,162.94764709472656,170.5500030517578,170.6999969482422,165.6199951171875,168.49000549316406,49814400
2020-03-05,158.8584442138672,166.27000427246094,170.8699951171875,165.69000244140625,166.0500030517578,47817300
2020-03-06,154.3679656982422,161.57000732421875,163.11000061035156,156.0,162.61000061035156,72821100
2020-03-09,143.90606689453125,150.6199951171875,157.75,150.0,151.0,70419300
2020-03-10,153.74693298339844,160.9199981689453,161.02999877929688,152.5800018310547,158.16000366210938,65354400
2020-03-11,146.7819061279297,153.6300048828125,157.6999969482422,151.14999389648438,157.1300048828125,56371600
2020-03-12,132.86135864257812,139.05999755859375,153.47000122070312,138.5800018310547,145.3000030517578,93226400
2020-03-13,151.7500762939453,158.8300018310547,161.91000366210938,140.72999572753906,147.5,92727400
2020-03-16,129.3836212158203,135.4199981689453,149.35000610351562,135.0,140.0,87905900
2020-03-17,140.03663635253906,146.57000732421875,147.5,135.0,140.0,81059800
2020-03-18,134.1416473388672,140.39999389648438,146.0,135.02000427246094,138.0,81593200
2020-03-19,136.34866333007812,142.7100067138672,150.14999389648438,139.0,142.77000427246094,85922700
2020-03-20,131.2275848388672,137.35000610351562,147.10000610351562,135.86000061035156,146.0,84866200
2020-03-23,129.91864013671875,135.97999572753906,140.57000732421875,132.52000427246094,137.00999450683594,78975200
2020-03-24,141.72769165039062,148.33999633789062,149.60000610351562,141.27000427246094,143.75,82516700
2020-03-25,140.37100219726562,146.9199981689453,154.3300018310547,144.44000244140625,148.91000366210938,75638200
2020-03-26,149.1513671875,156.11000061035156,156.66000366210938,148.3699951171875,148.39999389648438,64568100
2020-03-27,143.0270538330078,149.6999969482422,154.88999938964844,149.1999969482422,151.75,57042300
2020-03-30,153.08773803710938,160.22999572753906,160.60000610351562,150.00999450683594,152.44000244140625,63420300
2020-03-31,150.68003845214844,157.7100067138672,164.77999877929688,156.55999755859375,159.39999389648438,77927200
2020-04-01,145.3296356201172,152.11000061035156,157.75,150.82000732421875,153.0,57969900
2020-04-02,148.33924865722656,155.25999450683594,155.47999572753906,150.36000061035156,151.86000061035156,49630700
2020-04-03,146.9729766845703,153.8300018310547,157.3800048828125,152.19000244140625,155.10000610351562,41243300
2020-04-06,157.9030303955078,165.27000427246094,166.5,157.5800018310547,160.32000732421875,67111700
2020-04-07,156.20240783691406,163.49000549316406,170.0,163.25999450683594,169.58999633789062,62769000
2020-04-08,157.76930236816406,165.1300048828125,166.6699981689453,163.5,165.6699981689453,48318200
2020-04-09,157.77882385253906,165.13999938964844,167.3699951171875,163.3300018310547,166.36000061035156,51385100
2020-04-13,158.13233947753906,165.50999450683594,165.57000732421875,162.3000030517578,164.35000610351562,41905300
2020-04-14,165.957275390625,173.6999969482422,173.75,168.0,169.0,52874300
2020-04-15,164.2184295654297,171.8800048828125,173.57000732421875,169.24000549316406,171.1999969482422,40940800
2020-04-16,169.14840698242188,177.0399932861328,177.27999877929688,172.89999389648438,174.3000030517578,50479600
2020-04-17,170.6388397216797,178.60000610351562,180.0,175.8699951171875,179.5,52765600
2020-04-20,167.25665283203125,175.05999755859375,178.75,174.99000549316406,176.6300048828125,36669600
2020-04-21,160.33938598632812,167.82000732421875,173.6699981689453,166.11000061035156,173.5,56203700
2020-04-22,165.78530883789062,173.52000427246094,174.0,170.82000732421875,171.38999938964844,34620200
2020-04-23,163.77886962890625,171.4199981689453,175.05999755859375,170.91000366210938,174.11000061035156,32790800
2020-04-24,166.76939392089844,174.5500030517578,174.55999755859375,170.7100067138672,172.05999755859375,34277600
2020-04-27,166.2916717529297,174.0500030517578,176.89999389648438,173.3000030517578,176.58999633789062,33194400
2020-04-28,162.2406768798828,169.80999755859375,175.6699981689453,169.38999938964844,175.58999633789062,34392700
2020-04-29,169.52101135253906,177.42999267578125,177.67999267578125,171.8800048828125,173.22000122070312,51286600
2020-04-30,171.2216796875,179.2100067138672,180.39999389648438,176.22999572753906,180.0,53875900
2020-05-01,166.78848266601562,174.57000732421875,178.63999938964844,174.00999450683594,175.8000030517578,39370500
2020-05-04,170.86813354492188,178.83999633789062,179.0,173.8000030517578,174.49000549316406,30372900
2020-05-05,172.70257568359375,180.75999450683594,183.64999389648438,179.89999389648438,180.6199951171875,36839200
2020-05-06,174.4032440185547,182.5399932861328,184.1999969482422,181.6300048828125,182.0800018310547,32139300
2020-05-07,175.4159698486328,183.60000610351562,184.5500030517578,182.5800018310547,184.1699981689453,28316000
2020-05-08,176.4478302001953,184.67999267578125,185.0,183.36000061035156,184.97999572753906,30877800
2020-05-11,178.41600036621094,186.74000549316406,187.50999450683594,182.85000610351562,183.14999389648438,30892700
2020-05-12,174.37457275390625,182.50999450683594,187.0399932861328,182.3000030517578,186.8000030517578,32038200
2020-05-13,171.73760986328125,179.75,184.0500030517578,176.5399932861328,182.5500030517578,44711500
2020-05-14,172.4828338623047,180.52999877929688,180.69000244140625,175.67999267578125,177.5399932861328,41873900
2020-05-15,174.99560546875,183.16000366210938,187.05999755859375,177.0,179.05999755859375,46610400
2020-05-18,176.6676025390625,184.91000366210938,186.1999969482422,183.9600067138672,185.75,35264500
2020-05-19,175.44464111328125,183.6300048828125,186.60000610351562,183.49000549316406,185.02999877929688,26799100
2020-05-20,177.87818908691406,185.66000366210938,185.85000610351562,183.94000244140625,184.80999755859375,31261300
2020-05-21,175.74163818359375,183.42999267578125,186.6699981689453,183.2899932861328,185.39999389648438,29119500
2020-05-22,175.81829833984375,183.50999450683594,184.4600067138672,182.5399932861328,183.19000244140625,20826900
2020-05-26,173.9595947265625,181.57000732421875,186.5,181.10000610351562,186.33999633789062,36073600
2020-05-27,174.18955993652344,181.80999755859375,181.99000549316406,176.60000610351562,180.1999969482422,39517100
2020-05-28,173.79672241210938,181.39999389648438,184.14999389648438,180.3800048828125,180.74000549316406,33810200
2020-05-29,175.56919860839844,183.25,184.27000427246094,180.41000366210938,182.72999572753906,42130400
2020-06-01,175.1668243408203,182.8300018310547,183.0,181.4600067138672,182.5399932861328,22622400
2020-06-02,177.1596221923828,184.91000366210938,185.0,181.35000610351562,184.25,30794600
2020-06-03,177.59075927734375,185.36000061035156,185.94000244140625,183.5800018310547,184.82000732421875,27311000
2020-06-04,175.25302124023438,182.9199981689453,185.83999633789062,182.3000030517578,184.3000030517578,28761800
2020-06-05,179.3535919189453,187.1999969482422,187.72999572753906,182.00999450683594,182.6199951171875,39893600
2020-06-08,180.46498107910156,188.36000061035156,188.5500030517578,184.44000244140625,185.94000244140625,33211600
2020-06-09,181.84463500976562,189.8000030517578,190.6999969482422,187.25999450683594,188.0,29783900
2020-06-10,188.58958435058594,196.83999633789062,198.52000427246094,191.00999450683594,191.1300048828125,43872300
2020-06-11,178.46261596679688,186.27000427246094,195.75999450683594,186.07000732421875,193.1300048828125,52854700
2020-06-12,179.87098693847656,187.74000549316406,191.72000122070312,185.17999267578125,190.5399932861328,43373600
2020-06-15,181.0206756591797,188.94000244140625,190.82000732421875,184.00999450683594,184.5800018310547,32770200
2020-06-16,185.45663452148438,193.57000732421875,195.5800018310547,191.4600067138672,192.88999938964844,42556700
2020-06-17,186.0985565185547,194.24000549316406,196.32000732421875,193.69000244140625,195.02999877929688,25687800
2020-06-18,188.09133911132812,196.32000732421875,196.49000549316406,194.0,194.0,23061600
2020-06-19,186.97042846679688,195.14999389648438,199.2899932861328,194.3699951171875,198.58999633789062,44441100
2020-06-22,192.1632080078125,200.57000732421875,200.75999450683594,195.22999572753906,195.7899932861328,32818900
2020-06-23,193.44708251953125,201.91000366210938,203.9499969482422,201.42999267578125,202.08999633789062,30917400
2020-06-24,189.54766845703125,197.83999633789062,203.25,196.55999755859375,201.60000610351562,36740600
2020-06-25,191.94288635253906,200.33999633789062,200.61000061035156,195.47000122070312,197.8000030517578,27803900
2020-06-26,188.1009979248047,196.3300018310547,199.88999938964844,194.8800048828125,199.72999572753906,54675800
2020-06-29,190.12249755859375,198.44000244140625,198.52999877929688,193.5500030517578,195.77999877929688,26701600
2020-06-30,194.98001098632812,203.50999450683594,204.39999389648438,197.74000549316406,197.8800048828125,34310300
2020-07-01,196.12013244628906,204.6999969482422,206.35000610351562,201.77000427246094,203.13999938964844,32061200
2020-07-02,197.61474609375,206.25999450683594,208.02000427246094,205.0,205.67999267578125,29315800
2020-07-06,201.86865234375,210.6999969482422,211.1300048828125,208.08999633789062,208.8300018310547,31897600
2020-07-07,199.52134704589844,208.25,214.6699981689453,207.99000549316406,210.4499969482422,33600700
2020-07-08,203.90939331054688,212.8300018310547,213.25999450683594,208.69000244140625,210.07000732421875,33600000
2020-07-09,205.3369140625,214.32000732421875,216.3800048828125,211.47000122070312,216.3300018310547,33121700
2020-07-10,204.7141571044922,213.6699981689453,214.0800018310547,211.0800018310547,213.6199951171875,26177600
2020-07-13,198.3907928466797,207.07000732421875,215.8000030517578,206.5,214.47999572753906,38135600
2020-07-14,199.61712646484375,208.35000610351562,208.85000610351562,202.02999877929688,206.1300048828125,37591800
2020-07-15,199.3201446533203,208.0399932861328,211.3300018310547,205.02999877929688,209.55999755859375,32179400
2020-07-16,195.37283325195312,203.9199981689453,205.6999969482422,202.30999755859375,205.39999389648438,29940700
2020-07-17,194.37643432617188,202.8800048828125,205.0399932861328,201.38999938964844,204.47000122070312,31635300
2020-07-20,202.73092651367188,211.60000610351562,212.3000030517578,203.00999450683594,205.0,36884800
2020-07-21,200.0004119873047,208.75,213.94000244140625,208.02999877929688,213.66000366210938,37990400
2020-07-22,202.87460327148438,211.75,212.3000030517578,208.38999938964844,209.1999969482422,49605700
2020-07-23,194.05067443847656,202.5399932861328,210.9199981689453,202.14999389648438,207.19000244140625,67457000
2020-07-24,192.86265563964844,201.3000030517578,202.86000061035156,197.50999450683594,200.4199981689453,39827000
2020-07-27,195.30575561523438,203.85000610351562,203.97000122070312,200.86000061035156,201.47000122070312,30160900
2020-07-28,193.55250549316406,202.02000427246094,204.6999969482422,201.74000549316406,203.61000061035156,23251400
2020-07-29,195.50694274902344,204.05999755859375,204.64999389648438,202.00999450683594,202.5,19632600
2020-07-30,195.35365295410156,203.89999389648438,204.4600067138672,199.57000732421875,201.0,25079600
2020-07-31,196.41712951660156,205.00999450683594,205.10000610351562,199.00999450683594,204.39999389648438,51044000
2020-08-03,207.4638671875,216.5399932861328,217.63999938964844,210.44000244140625,211.52000427246094,78983000
2020-08-04,204.35009765625,213.2899932861328,214.77000427246094,210.30999755859375,214.1699981689453,49280100
2020-08-05,204.01475524902344,212.94000244140625,215.0,211.57000732421875,214.89999389648438,28806400
2020-08-06,207.2818145751953,216.35000610351562,216.3699951171875,211.5500030517578,212.33999633789062,32656800
2020-08-07,203.5740203857422,212.47999572753906,215.6999969482422,210.92999267578125,214.85000610351562,27820400
2020-08-10,199.52134704589844,208.25,211.8800048828125,206.35000610351562,211.6699981689453,36716500
2020-08-11,194.85549926757812,203.3800048828125,207.64999389648438,203.13999938964844,207.16000366210938,36446500
2020-08-12,200.4219512939453,209.19000244140625,210.27999877929688,204.75,205.2899932861328,28013100
2020-08-13,199.9524688720703,208.6999969482422,211.35000610351562,208.14999389648438,209.44000244140625,22588900
2020-08-14,200.1440887451172,208.89999389648438,209.58999633789062,207.50999450683594,208.75999450683594,17958900
2020-08-17,201.4662628173828,210.27999877929688,211.19000244140625,208.9199981689453,209.60000610351562,20184800
2020-08-18,202.62554931640625,211.49000549316406,212.36000061035156,209.2100067138672,210.52999877929688,21336200
2020-08-19,201.39625549316406,209.6999969482422,212.10000610351562,209.25,211.49000549316406,27627600
2020-08-20,206.0830078125,214.5800018310547,215.0,208.91000366210938,209.5399932861328,26981500
2020-08-21,204.58477783203125,213.02000427246094,216.25,212.85000610351562,213.86000061035156,36249300
2020-08-24,205.2282257080078,213.69000244140625,215.52000427246094,212.42999267578125,214.7899932861328,25460100
2020-08-25,207.89816284179688,216.47000122070312,216.61000061035156,213.10000610351562,213.10000610351562,23043700
2020-08-26,212.39280700683594,221.14999389648438,222.08999633789062,217.36000061035156,217.8800048828125,39600800
2020-08-27,217.6077880859375,226.5800018310547,231.14999389648438,219.39999389648438,222.88999938964844,57602200
2020-08-28,219.84552001953125,228.91000366210938,230.63999938964844,226.5800018310547,228.17999267578125,26292900
2020-08-31,216.59939575195312,225.52999877929688,228.6999969482422,224.30999755859375,227.0,28774200
2020-09-01,218.27047729492188,227.27000427246094,227.4499969482422,224.42999267578125,225.50999450683594,25725500
2020-09-02,222.47703552246094,231.64999389648438,232.86000061035156,227.35000610351562,227.97000122070312,34080800
2020-09-03,208.69529724121094,217.3000030517578,229.30999755859375,214.9600067138672,229.27000427246094,58400300
2020-09-04,205.76602172851562,214.25,218.36000061035156,205.19000244140625,215.10000610351562,59664100
2020-09-08,194.635009765625,202.66000366210938,210.02999877929688,202.1999969482422,206.5,52924300
2020-09-09,202.92323303222656,211.2899932861328,214.83999633789062,206.6999969482422,207.60000610351562,45679000
2020-09-10,197.23770141601562,205.3699951171875,214.74000549316406,204.11000061035156,213.39999389648438,35461500
2020-09-11,195.95077514648438,204.02999877929688,208.6300048828125,201.24000549316406,207.1999969482422,33620100
2020-09-14,197.27609252929688,205.41000366210938,209.1999969482422,204.02999877929688,204.24000549316406,30375800
2020-09-15,200.5126495361328,208.77999877929688,209.77999877929688,206.92999267578125,208.4199981689453,21823900
2020-09-16,196.93032836914062,205.0500030517578,210.64999389648438,204.63999938964844,210.6199951171875,26328100
2020-09-17,194.87509155273438,202.91000366210938,204.3300018310547,199.9600067138672,200.0500030517578,34011300
2020-09-18,192.4549102783203,200.38999938964844,203.64999389648438,196.25,202.8000030517578,55225300
2020-09-21,194.51976013183594,202.5399932861328,202.7100067138672,196.3800048828125,197.19000244140625,39839700
2020-09-22,199.20648193359375,207.4199981689453,208.10000610351562,202.0800018310547,205.05999755859375,33517100
2020-09-23,192.64700317382812,200.58999633789062,208.10000610351562,200.02999877929688,207.89999389648438,30803800
2020-09-24,195.1439971923828,203.19000244140625,205.57000732421875,199.1999969482422,199.85000610351562,31202500
2020-09-25,199.5906982421875,207.82000732421875,209.0399932861328,202.5399932861328,203.5500030517578,29437300
2020-09-28,201.14651489257812,209.44000244140625,212.57000732421875,208.05999755859375,210.8800048828125,32004900
2020-09-29,199.05282592773438,207.25999450683594,210.07000732421875,206.80999755859375,209.35000610351562,24221900
2020-09-30,202.00125122070312,210.3300018310547,211.97999572753906,206.5399932861328,207.72999572753906,33829100
2020-10-01,204.0469512939453,212.4600067138672,213.99000549316406,211.32000732421875,213.49000549316406,27158400
2020-10-02,198.0251922607422,206.19000244140625,210.99000549316406,205.5399932861328,208.0,33154800
2020-10-05,202.04928588867188,210.3800048828125,210.41000366210938,206.97999572753906,207.22000122070312,21331600
2020-10-06,197.75631713867188,205.91000366210938,210.17999267578125,204.82000732421875,208.82000732421875,28554300
2020-10-07,201.52108764648438,209.8300018310547,210.11000061035156,206.72000122070312,207.05999755859375,25681100
2020-10-08,202.24136352539062,210.5800018310547,211.19000244140625,208.32000732421875,210.50999450683594,19925800
2020-10-09,207.26429748535156,215.80999755859375,215.86000061035156,211.22999572753906,211.22999572753906,26458000
2020-10-12,212.63291931152344,221.39999389648438,223.86000061035156,216.80999755859375,218.7899932861328,40461400
2020-10-13,214.03509521484375,222.86000061035156,225.2100067138672,220.42999267578125,222.72000122070312,28950800
2020-10-14,212.11431884765625,220.86000061035156,224.22000122070312,219.1300048828125,223.0,23421700
2020-10-15,210.96180725097656,219.66000366210938,220.36000061035156,216.00999450683594,217.10000610351562,22733100
2020-10-16,210.96180725097656,219.66000366210938,222.2899932861328,219.32000732421875,220.14999389648438,26057900
2020-10-19,205.73724365234375,214.22000122070312,222.3000030517578,213.72000122070312,220.4199981689453,27625800
2020-10-20,206.15020751953125,214.64999389648438,217.3699951171875,213.08999633789062,215.8000030517578,22753500
2020-10-21,206.2942657470703,214.8000030517578,216.9199981689453,213.1199951171875,213.1199951171875,22724900
2020-10-22,206.38072204589844,214.88999938964844,216.05999755859375,211.6999969482422,213.92999267578125,22351500
2020-10-23,207.6676788330078,216.22999572753906,216.27999877929688,213.16000366210938,215.02999877929688,18879600
2020-10-26,201.76113891601562,210.0800018310547,216.33999633789062,208.10000610351562,213.85000610351562,37111600
2020-10-27,204.8056182861328,213.25,214.6699981689453,210.3300018310547,211.58999633789062,36700300
2020-10-28,194.65420532226562,202.67999267578125,208.83999633789062,202.10000610351562,207.6699981689453,51195600
2020-10-29,196.6134033203125,204.72000122070312,207.36000061035156,203.3699951171875,204.07000732421875,31432600
2020-10-30,194.4525146484375,202.47000122070312,204.2899932861328,199.6199951171875,203.5,36953700
2020-11-02,194.3180694580078,202.3300018310547,205.27999877929688,200.1199951171875,204.2899932861328,30842200
2020-11-03,198.25572204589844,206.42999267578125,208.1199951171875,203.1199951171875,203.88999938964844,27512000
2020-11-04,207.82130432128906,216.38999938964844,218.32000732421875,212.4199981689453,214.02000427246094,42311800
2020-11-05,214.44805908203125,223.2899932861328,224.1199951171875,221.14999389648438,222.0399932861328,36080100
2020-11-06,214.86106872558594,223.72000122070312,224.36000061035156,218.02999877929688,222.25999450683594,25231900
2020-11-09,209.74209594726562,218.38999938964844,228.1199951171875,217.8800048828125,224.44000244140625,44395000
2020-11-10,202.6543426513672,211.00999450683594,216.5,209.72000122070312,214.5,44045100
2020-11-11,207.9749755859375,216.5500030517578,218.0399932861328,212.1999969482422,212.38999938964844,29440800
2020-11-12,206.90890502929688,215.44000244140625,219.11000061035156,214.4600067138672,217.2100067138672,21593900
2020-11-13,207.93653869628906,216.50999450683594,217.4199981689453,214.16000366210938,216.36000061035156,18621100
2020-11-16,208.6280517578125,217.22999572753906,217.74000549316406,214.52000427246094,214.8699951171875,24953300
2020-11-17,205.9677276611328,214.4600067138672,217.67999267578125,214.0800018310547,216.10000610351562,24154100
2020-11-18,203.2523193359375,211.0800018310547,215.1699981689453,210.92999267578125,213.64999389648438,28372800
2020-11-19,204.54261779785156,212.4199981689453,213.02999877929688,209.92999267578125,211.3800048828125,24792700
2020-11-20,202.587890625,210.38999938964844,213.2899932861328,210.0,212.1999969482422,22843100
2020-11-23,202.31829833984375,210.11000061035156,212.2899932861328,208.16000366210938,210.9499969482422,25683500
2020-11-24,205.9292449951172,213.86000061035156,214.25,208.86000061035156,209.58999633789062,33979700
2020-11-25,205.9388427734375,213.8699951171875,215.2899932861328,212.4600067138672,215.11000061035156,21012900
2020-11-27,207.2484130859375,215.22999572753906,216.27000427246094,214.0399932861328,214.85000610351562,14512200
2020-11-30,206.13145446777344,214.07000732421875,214.75999450683594,210.83999633789062,214.10000610351562,33064800
2020-12-01,208.19210815429688,216.2100067138672,217.32000732421875,213.35000610351562,214.50999450683594,30904500
2020-12-02,207.3832244873047,215.3699951171875,215.47000122070312,212.8000030517578,214.8800048828125,23724500
2020-12-03,206.29515075683594,214.24000549316406,216.3800048828125,213.64999389648438,214.61000061035156,25120900
2020-12-04,206.41064453125,214.36000061035156,215.3800048828125,213.17999267578125,214.22000122070312,24666000
2020-12-07,206.34329223632812,214.2899932861328,215.5399932861328,212.99000549316406,214.3699951171875,24620000
2020-12-08,207.99951171875,216.00999450683594,216.9499969482422,212.88999938964844,213.97000122070312,23284100
2020-12-09,203.9456024169922,211.8000030517578,215.22999572753906,211.2100067138672,215.16000366210938,32440600
2020-12-10,202.7130584716797,210.52000427246094,213.0800018310547,210.36000061035156,211.77000427246094,26733300
2020-12-11,205.3514862060547,213.25999450683594,213.32000732421875,209.11000061035156,210.0500030517578,30979400
2020-12-14,206.25657653808594,214.1999969482422,216.2100067138672,212.8800048828125,213.10000610351562,28798400
2020-12-15,206.189208984375,214.1300048828125,215.4199981689453,212.24000549316406,215.1699981689453,27000600
2020-12-16,211.14822387695312,219.27999877929688,220.11000061035156,214.72000122070312,214.75,35023300
2020-12-17,211.2830352783203,219.4199981689453,220.88999938964844,217.9199981689453,219.8699951171875,32515800
2020-12-18,210.48385620117188,218.58999633789062,219.69000244140625,216.02000427246094,218.58999633789062,63354900
2020-12-21,214.33551025390625,222.58999633789062,224.0,217.27999877929688,217.5500030517578,37181900
2020-12-22,215.63543701171875,223.94000244140625,225.6300048828125,221.85000610351562,222.69000244140625,22612200
2020-12-23,212.82369995117188,221.02000427246094,223.55999755859375,220.8000030517578,223.11000061035156,18699600
2020-12-24,214.4895477294922,222.75,223.61000061035156,221.1999969482422,221.4199981689453,10550600
2020-12-28,216.61761474609375,224.9600067138672,226.02999877929688,223.02000427246094,224.4499969482422,17933500
2020-12-29,215.8376007080078,224.14999389648438,227.17999267578125,223.5800018310547,226.30999755859375,17403200
2020-12-30,213.45924377441406,221.67999267578125,225.6300048828125,221.47000122070312,225.22999572753906,20272300
2020-12-31,214.1717529296875,222.4199981689453,223.0,219.67999267578125,221.6999969482422,20942100
2021-01-04,209.6171875,217.69000244140625,223.0,214.80999755859375,222.52999877929688,37130100
2021-01-05,209.8193817138672,217.89999389648438,218.52000427246094,215.6999969482422,217.25999450683594,23823000
2021-01-06,204.37893676757812,212.25,216.49000549316406,211.94000244140625,212.1699981689453,35930700
2021-01-07,210.19491577148438,218.2899932861328,219.33999633789062,213.7100067138672,214.0399932861328,27694500
2021-01-08,211.47560119628906,219.6199951171875,220.5800018310547,217.02999877929688,218.67999267578125,22956200
2021-01-11,209.4246063232422,217.49000549316406,218.91000366210938,216.72999572753906,218.47000122070312,23031300
2021-01-12,206.9595489501953,214.92999267578125,217.10000610351562,213.32000732421875,216.5,23249300
2021-01-13,208.3172607421875,216.33999633789062,216.75999450683594,213.92999267578125,214.02000427246094,20087100
2021-01-14,205.120361328125,213.02000427246094,217.4600067138672,212.74000549316406,215.91000366210938,29480800
2021-01-15,204.7640838623047,212.64999389648438,214.50999450683594,212.02999877929688,213.52000427246094,31746500
2021-01-19,208.41355895996094,216.44000244140625,216.97999572753906,212.6300048828125,213.75,30480900
2021-01-20,216.0205841064453,224.33999633789062,225.7899932861328,217.2899932861328,217.6999969482422,37777300
2021-01-21,216.627197265625,224.97000122070312,226.3000030517578,222.4199981689453,224.6999969482422,30709400
2021-01-22,217.57089233398438,225.9499969482422,230.07000732421875,225.8000030517578,227.0800018310547,30172700
2021-01-25,221.01812744140625,229.52999877929688,229.77999877929688,224.22000122070312,229.1199951171875,33152100
2021-01-26,223.71429443359375,232.3300018310547,234.17999267578125,230.0800018310547,231.86000061035156,49169600
2021-01-27,224.26316833496094,232.89999389648438,240.44000244140625,230.13999938964844,238.0,69870600
2021-01-28,230.06951904296875,238.92999267578125,242.63999938964844,235.08999633789062,235.61000061035156,49111200
2021-01-29,223.35800170898438,231.9600067138672,238.02000427246094,231.35000610351562,235.99000549316406,42503100
2021-02-01,230.7628173828125,239.64999389648438,242.5,232.42999267578125,235.05999755859375,33314200
2021-02-02,230.6280059814453,239.50999450683594,242.30999755859375,238.69000244140625,241.3000030517578,25916300
2021-02-03,233.9886016845703,243.0,245.08999633789062,239.25999450683594,239.57000732421875,27158100
2021-02-04,233.0353240966797,242.00999450683594,243.24000549316406,240.3699951171875,242.66000366210938,25296100
2021-02-05,233.21826171875,242.1999969482422,243.27999877929688,240.4199981689453,242.22999572753906,18054800
2021-02-08,233.478271484375,242.47000122070312,243.67999267578125,240.80999755859375,243.14999389648438,22211900
2021-02-09,234.7300262451172,243.77000427246094,244.75999450683594,241.3800048828125,241.8699951171875,23565000
2021-02-10,233.81524658203125,242.82000732421875,245.9199981689453,240.88999938964844,245.0,22186700
2021-02-11,235.42333984375,244.49000549316406,245.14999389648438,242.14999389648438,244.77999877929688,15751100
2021-02-12,235.90481567382812,244.99000549316406,245.3000030517578,242.72999572753906,243.92999267578125,16561100
2021-02-16,234.6626434326172,243.6999969482422,246.1300048828125,242.9199981689453,245.02999877929688,26728500
2021-02-17,235.68565368652344,244.1999969482422,244.30999755859375,240.94000244140625,241.32000732421875,21653500
2021-02-18,235.2899627685547,243.7899932861328,243.92999267578125,240.86000061035156,241.8000030517578,16925600
2021-02-19,232.56826782226562,240.97000122070312,243.86000061035156,240.17999267578125,243.75,25262600
2021-02-22,226.33352661132812,234.50999450683594,237.92999267578125,232.39999389648438,237.4199981689453,36446900
2021-02-23,225.13674926757812,233.27000427246094,234.8300018310547,228.72999572753906,230.3300018310547,30228700
2021-02-24,226.3721466064453,234.5500030517578,235.1999969482422,229.0,230.00999450683594,26339700
2021-02-25,221.00596618652344,228.99000549316406,234.58999633789062,227.8800048828125,232.0800018310547,39542200
2021-02-26,224.27780151367188,232.3800048828125,235.3699951171875,229.5399932861328,231.52999877929688,37819200
2021-03-01,228.6787872314453,236.94000244140625,237.47000122070312,233.14999389648438,235.89999389648438,25324000
2021-03-02,225.71583557128906,233.8699951171875,237.3000030517578,233.4499969482422,237.00999450683594,22812500
2021-03-03,219.6258087158203,227.55999755859375,233.5800018310547,227.25999450683594,232.16000366210938,34029500
2021-03-04,218.82479858398438,226.72999572753906,232.49000549316406,224.25999450683594,226.74000549316406,44727800
2021-03-05,223.52500915527344,231.60000610351562,233.27000427246094,226.4600067138672,229.52000427246094,41872800
2021-03-08,219.4617919921875,227.38999938964844,233.3699951171875,227.1300048828125,231.3699951171875,35267400
2021-03-09,225.6289520263672,233.77999877929688,235.3800048828125,231.6699981689453,232.8800048828125,33080500
2021-03-10,224.31637573242188,232.4199981689453,237.0,232.0399932861328,237.0,29746800
2021-03-11,228.86219787597656,237.1300048828125,239.1699981689453,234.30999755859375,234.9600067138672,29907600
2021-03-12,227.5302734375,235.75,235.82000732421875,233.22999572753906,234.00999450683594,22653700
2021-03-15,226.623046875,234.80999755859375,235.19000244140625,231.80999755859375,234.9600067138672,26034900
2021-03-16,229.4219512939453,237.7100067138672,240.05999755859375,235.94000244140625,236.27999877929688,28092200
2021-03-17,228.77528381347656,237.0399932861328,238.5500030517578,233.22999572753906,236.14999389648438,29562100
2021-03-18,222.6756591796875,230.72000122070312,234.19000244140625,230.3300018310547,232.55999755859375,34833000
2021-03-19,222.31857299804688,230.35000610351562,232.47000122070312,229.35000610351562,231.02000427246094,46430700
2021-03-22,227.7619171142578,235.99000549316406,236.89999389648438,230.13999938964844,230.27000427246094,30127000
2021-03-23,229.29647827148438,237.5800018310547,241.0500030517578,237.07000732421875,237.49000549316406,31638400
2021-03-24,227.2503662109375,235.4600067138672,238.0,235.32000732421875,237.85000610351562,25620100
2021-03-25,224.2391815185547,232.33999633789062,236.94000244140625,231.57000732421875,235.3000030517578,34061900
2021-03-26,228.23480224609375,236.47999572753906,236.7100067138672,231.5500030517578,231.5500030517578,25479900
2021-03-29,227.03810119628906,235.24000549316406,236.8000030517578,231.8800048828125,236.58999633789062,25227500
2021-03-30,223.7662353515625,231.85000610351562,233.85000610351562,231.10000610351562,233.52999877929688,24792000
2021-03-31,227.54959106445312,235.77000427246094,239.10000610351562,232.38999938964844,232.91000366210938,43623500
2021-04-01,233.90017700195312,242.35000610351562,242.83999633789062,238.0500030517578,238.47000122070312,30338000
2021-04-05,240.38587951660156,249.07000732421875,249.9600067138672,242.6999969482422,242.75999450683594,36910600
2021-04-06,239.2180633544922,247.86000061035156,249.39999389648438,246.8800048828125,247.61000061035156,22931900
2021-04-07,241.1869354248047,249.89999389648438,250.92999267578125,247.19000244140625,247.80999755859375,22719800
2021-04-08,244.42013549804688,253.25,254.13999938964844,252.0,252.77000427246094,23625200
2021-04-09,246.92947387695312,255.85000610351562,255.99000549316406,252.44000244140625,252.8699951171875,24326800
2021-04-12,246.9873809814453,255.91000366210938,257.6700134277344,254.6199951171875,254.7100067138672,27148700
2021-04-13,249.4774169921875,258.489990234375,259.19000244140625,256.8299865722656,257.260009765625,23837500
2021-04-14,246.6785125732422,255.58999633789062,258.8299865722656,255.16000366210938,257.4800109863281,23070900
2021-04-15,250.4521942138672,259.5,259.92999267578125,257.7300109863281,257.92999267578125,25627500
2021-04-16,251.64894104003906,260.739990234375,261.0,257.6000061035156,259.4700012207031,24878600
2021-04-19,249.71871948242188,258.739990234375,261.4800109863281,257.82000732421875,260.19000244140625,23209300
2021-04-20,249.25546264648438,258.260009765625,260.20001220703125,256.8399963378906,257.82000732421875,19722900
2021-04-21,251.49456787109375,260.5799865722656,260.67999267578125,257.25,258.94000244140625,24030400
2021-04-22,248.20346069335938,257.1700134277344,261.7799987792969,255.63999938964844,260.2099914550781,25606200
2021-04-23,252.04464721679688,261.1499938964844,261.510009765625,257.2699890136719,257.8800048828125,21462600
2021-04-26,252.43069458007812,261.54998779296875,262.44000244140625,260.1700134277344,261.6600036621094,19763300
2021-04-27,252.8360595703125,261.9700012207031,263.19000244140625,260.1199951171875,261.5799865722656,31014200
2021-04-28,245.68446350097656,254.55999755859375,256.5400085449219,252.9499969482422,256.0799865722656,46903100
2021-04-29,243.7059326171875,252.50999450683594,256.1000061035156,249.0,255.4600067138672,40589000
2021-04-30,243.38742065429688,252.17999267578125,253.0800018310547,249.60000610351562,249.74000549316406,30945100
2021-05-03,243.07858276367188,251.86000061035156,254.35000610351562,251.1199951171875,253.39999389648438,19626600
2021-05-04,239.15049743652344,247.7899932861328,251.2100067138672,245.75999450683594,250.97000122070312,32756100
2021-05-05,237.8765106201172,246.47000122070312,249.5,245.82000732421875,249.05999755859375,21901300
2021-05-06,241.02284240722656,249.72999572753906,249.86000061035156,244.69000244140625,246.4499969482422,26491100
2021-05-07,243.65768432617188,252.4600067138672,254.3000030517578,251.1699981689453,252.14999389648438,27032900
2021-05-10,238.56178283691406,247.17999267578125,251.72999572753906,247.1199951171875,250.8699951171875,29299900
2021-05-11,237.64486694335938,246.22999572753906,246.60000610351562,242.57000732421875,244.5500030517578,33641600
2021-05-12,230.66697692871094,239.0,244.3800048828125,238.07000732421875,242.1699981689453,36684400
2021-05-13,234.5564422607422,243.02999877929688,245.60000610351562,241.4199981689453,241.8000030517578,29624300
2021-05-14,239.49794006347656,248.14999389648438,249.17999267578125,245.49000549316406,245.5800018310547,23901100
2021-05-17,236.63148498535156,245.17999267578125,246.58999633789062,243.52000427246094,246.5500030517578,24970200
2021-05-18,234.60472106933594,243.0800018310547,246.41000366210938,242.89999389648438,246.27000427246094,20168000
2021-05-19,235.18511962890625,243.1199951171875,243.22999572753906,238.60000610351562,239.30999755859375,25739800
2021-05-20,238.43544006347656,246.47999572753906,247.9499969482422,243.86000061035156,243.9600067138672,21800700
2021-05-21,237.168212890625,245.1699981689453,248.3300018310547,244.74000549316406,247.57000732421875,21863100
2021-05-24,242.59510803222656,250.77999877929688,251.16000366210938,247.50999450683594,247.7899932861328,21411500
2021-05-25,243.5044708251953,251.72000122070312,252.75,250.82000732421875,251.77000427246094,17704300
2021-05-26,243.28196716308594,251.49000549316406,252.94000244140625,250.75,251.42999267578125,17771600
2021-05-27,241.17312622070312,249.30999755859375,251.47999572753906,249.25,251.1699981689453,24426200
2021-05-28,241.53102111816406,249.67999267578125,252.0800018310547,249.55999755859375,251.0,18270200
2021-06-01,239.325439453125,247.39999389648438,251.2899932861328,246.9600067138672,251.22999572753906,23213300
2021-06-02,239.22869873046875,247.3000030517578,249.27000427246094,245.83999633789062,248.1300048828125,19406700
2021-06-03,237.6905975341797,245.7100067138672,246.33999633789062,243.0,245.22000122070312,25307700
2021-06-04,242.6048126220703,250.7899932861328,251.64999389648438,247.50999450683594,247.75999450683594,25281100
2021-06-07,245.5262451171875,253.80999755859375,254.08999633789062,249.80999755859375,249.97999572753906,23079200
2021-06-08,244.3267364501953,252.57000732421875,256.010009765625,252.50999450683594,255.16000366210938,22455000
2021-06-09,245.3134307861328,253.58999633789062,255.52999877929688,253.2100067138672,253.80999755859375,17937600
2021-06-10,248.84426879882812,257.239990234375,257.4599914550781,253.6699981689453,254.2899932861328,24563600
2021-06-11,249.47308349609375,257.8900146484375,258.489990234375,256.6099853515625,257.989990234375,18999700
2021-06-14,251.40782165527344,259.8900146484375,259.95001220703125,256.79998779296875,257.8999938964844,19150500
2021-06-15,249.92776489257812,258.3599853515625,259.989990234375,257.67999267578125,259.7699890136719,18038900
2021-06-16,248.97975158691406,257.3800048828125,260.5799865722656,254.4199981689453,259.3999938964844,27220000
2021-06-17,252.38490295410156,260.8999938964844,261.75,256.010009765625,256.07000732421875,27565500
2021-06-18,250.96282958984375,259.42999267578125,262.29998779296875,258.75,259.6300048828125,37202200
2021-06-21,254.058349609375,262.6300048828125,263.5199890136719,257.9200134277344,259.82000732421875,26696100
2021-06-22,256.84442138671875,265.510009765625,265.7900085449219,262.3999938964844,262.7200012207031,24694100
2021-06-23,256.6122131347656,265.2699890136719,266.8299865722656,264.42999267578125,265.989990234375,19518700
2021-06-24,257.98583984375,266.69000244140625,267.8500061035156,265.4700012207031,266.1600036621094,21446900
2021-06-25,256.37042236328125,265.0199890136719,267.25,264.760009765625,266.2300109863281,25611100
2021-06-28,259.94964599609375,268.7200012207031,268.8999938964844,265.9100036621094,266.19000244140625,19590000
2021-06-29,262.5421447753906,271.3999938964844,271.6499938964844,267.9800109863281,268.8699951171875,19937800
2021-06-30,262.0584716796875,270.8999938964844,271.3599853515625,269.6000061035156,270.69000244140625,21656500
2021-07-01,262.7356262207031,271.6000061035156,271.8399963378906,269.6000061035156,269.6099853515625,16725300
2021-07-02,268.5881652832031,277.6499938964844,278.0,272.5,272.82000732421875,26458000
2021-07-06,268.59783935546875,277.6600036621094,279.3699951171875,274.29998779296875,278.0299987792969,31565600
2021-07-07,270.793701171875,279.92999267578125,280.69000244140625,277.1499938964844,279.3999938964844,23260000
2021-07-08,268.36566162109375,277.4200134277344,278.7300109863281,274.8699951171875,276.8999938964844,24618600
2021-07-09,268.86871337890625,277.94000244140625,278.04998779296875,275.32000732421875,275.7200012207031,23916700
2021-07-12,268.2689514160156,277.32000732421875,279.7699890136719,276.5799865722656,279.1600036621094,18931700
2021-07-13,271.8094787597656,280.9800109863281,282.8500061035156,277.3900146484375,277.5199890136719,26120100
2021-07-14,273.28955078125,282.510009765625,283.6600036621094,280.54998779296875,282.3500061035156,23113700
2021-07-15,271.8577880859375,281.0299987792969,282.510009765625,279.8299865722656,282.0,22604200
2021-07-16,271.58697509765625,280.75,284.1000061035156,279.4599914550781,282.07000732421875,26186800
2021-07-19,267.9690246582031,277.010009765625,280.3699951171875,274.45001220703125,278.92999267578125,32935600
2021-07-20,270.20361328125,279.32000732421875,280.9700012207031,276.260009765625,278.0299987792969,26259700
2021-07-21,272.21575927734375,281.3999938964844,281.5199890136719,277.2900085449219,278.8999938964844,24364300
2021-07-22,276.80108642578125,286.1400146484375,286.4200134277344,283.4200134277344,283.8399963378906,23384100
2021-07-23,280.21588134765625,289.6700134277344,289.989990234375,286.5,287.3699951171875,22768100
2021-07-26,279.6161193847656,289.04998779296875,289.69000244140625,286.6400146484375,289.0,23176100
2021-07-27,277.18804931640625,286.5400085449219,289.5799865722656,282.95001220703125,289.42999267578125,33604100
2021-07-28,276.87841796875,286.2200012207031,290.1499938964844,283.8299865722656,288.989990234375,33566900
2021-07-29,277.1492919921875,286.5,288.6199951171875,286.0799865722656,286.239990234375,18168300
2021-07-30,275.6112060546875,284.9100036621094,286.6600036621094,283.9100036621094,285.1700134277344,20944800
2021-08-02,275.524169921875,284.82000732421875,286.7699890136719,283.739990234375,286.3599853515625,16267400
2021-08-03,277.7490539550781,287.1199951171875,287.2300109863281,284.0,285.4200134277344,17879000
2021-08-04,277.1590270996094,286.510009765625,287.5899963378906,284.6499938964844,286.2200012207031,16191300
2021-08-05,280.07073974609375,289.5199890136719,289.6300048828125,286.1000061035156,286.8800048828125,13900200
2021-08-06,280.0127258300781,289.4599914550781,289.5,287.6199951171875,288.510009765625,16589300
2021-08-09,278.91961669921875,288.3299865722656,291.54998779296875,287.80999755859375,289.75,16117600
2021-08-10,277.09130859375,286.44000244140625,289.25,285.20001220703125,288.79998779296875,18616600
2021-08-11,277.5846252441406,286.95001220703125,288.6600036621094,285.8599853515625,287.2099914550781,13955900
2021-08-12,280.351318359375,289.80999755859375,289.9700012207031,286.3399963378906,286.6300048828125,14561300
2021-08-13,283.2920837402344,292.8500061035156,292.8999938964844,289.29998779296875,289.4800109863281,18249000
2021-08-16,284.9849548339844,294.6000061035156,294.82000732421875,290.0199890136719,293.19000244140625,22507600
2021-08-17,283.5145263671875,293.0799865722656,293.42999267578125,291.0799865722656,292.3900146484375,20075300
2021-08-18,281.77972412109375,290.7300109863281,294.82000732421875,290.2699890136719,292.0400085449219,21813000
2021-08-19,287.63372802734375,296.7699890136719,297.4700012207031,288.6400146484375,288.69000244140625,29850500
2021-08-20,294.9900817871094,304.3599853515625,305.8399963378906,298.05999755859375,299.7200012207031,40817600
2021-08-23,295.2710876464844,304.6499938964844,305.3999938964844,301.8500061035156,303.25,22830200
2021-08-24,293.3036193847656,302.6199951171875,305.6499938964844,302.0,305.0199890136719,18175800
2021-08-25,292.71246337890625,302.010009765625,304.5899963378906,300.4200134277344,304.29998779296875,20006100
2021-08-26,289.8822937011719,299.0899963378906,302.42999267578125,298.95001220703125,300.989990234375,17666100
2021-08-27,290.492919921875,299.7200012207031,300.8699951171875,296.8299865722656,298.989990234375,22605700
2021-08-30,294.2437744140625,303.5899963378906,304.2200012207031,301.05999755859375,301.1199951171875,16348100
2021-08-31,292.5863952636719,301.8800048828125,304.5,301.5,304.4200134277344,26285300
2021-09-01,292.5378723144531,301.8299865722656,305.19000244140625,301.489990234375,302.8699951171875,18983800
2021-09-02,291.8788757324219,301.1499938964844,303.3599853515625,300.17999267578125,302.20001220703125,16285600
2021-09-03,291.86920166015625,301.1400146484375,302.6000061035156,300.260009765625,300.989990234375,14747900
2021-09-07,290.938720703125,300.17999267578125,301.0899963378906,298.20001220703125,301.010009765625,17180400
2021-09-08,290.9677734375,300.2099914550781,300.6099853515625,297.4700012207031,299.7799987792969,15046800
2021-09-09,288.09893798828125,297.25,302.1400146484375,297.0,300.82000732421875,19927000
2021-09-10,286.6063537597656,295.7099914550781,299.9200134277344,295.3800048828125,298.4200134277344,19633400
2021-09-13,287.846923828125,296.989990234375,298.5400085449219,294.0799865722656,297.54998779296875,23652900
2021-09-14,290.5607604980469,299.7900085449219,301.3900146484375,298.1000061035156,299.55999755859375,21853400
2021-09-15,295.43585205078125,304.82000732421875,305.32000732421875,301.82000732421875,303.260009765625,28356300
2021-09-16,295.8234558105469,305.2200012207031,305.30999755859375,300.760009765625,303.760009765625,19550800
2021-09-17,290.6383056640625,299.8699951171875,304.5,299.5299987792969,304.1700134277344,41372500
2021-09-20,285.2397155761719,294.29998779296875,298.7200012207031,289.5199890136719,296.3299865722656,38278700
2021-09-21,285.724365234375,294.79998779296875,297.5400085449219,294.07000732421875,295.69000244140625,22364100
2021-09-22,289.38800048828125,298.5799865722656,300.2200012207031,294.510009765625,296.7300109863281,26626300
2021-09-23,290.3377990722656,299.55999755859375,300.8999938964844,297.5299987792969,298.8500061035156,18604600
2021-09-24,290.1343078613281,299.3500061035156,299.79998779296875,296.92999267578125,298.2300109863281,14999000
2021-09-27,285.11376953125,294.1700134277344,296.4700012207031,292.94000244140625,296.1400146484375,23571700
2021-09-28,274.7916259765625,283.5199890136719,290.7799987792969,282.75,289.79998779296875,43186200
2021-09-29,275.25689697265625,284.0,286.7699890136719,283.010009765625,285.1000061035156,26353700
2021-09-30,273.2409362792969,281.9200134277344,287.8299865722656,281.6199951171875,285.7099914550781,32343600
2021-10-01,280.1998291015625,289.1000061035156,289.9800109863281,281.2900085449219,282.1199951171875,30086300
2021-10-04,274.3942565917969,283.1099853515625,287.75,280.25,287.3999938964844,31350700
2021-10-05,279.8703308105469,288.760009765625,290.3999938964844,284.04998779296875,284.04998779296875,24993000
2021-10-06,284.0863952636719,293.1099853515625,293.6300048828125,285.510009765625,285.7799987792969,28002600
2021-10-07,285.7728271484375,294.8500061035156,296.6400146484375,293.9200134277344,295.17999267578125,20430500
2021-10-08,285.7728271484375,294.8500061035156,296.6400146484375,293.760009765625,296.2200012207031,17685700
2021-10-11,285.1719055175781,294.2300109863281,297.9700012207031,292.75,292.9200134277344,19298600
2021-10-12,283.863525390625,292.8800048828125,295.44000244140625,292.3500061035156,295.3399963378906,17974100
2021-10-13,287.1878356933594,296.30999755859375,297.2799987792969,293.489990234375,294.9100036621094,23416300
2021-10-14,293.4295959472656,302.75,303.2699890136719,297.8299865722656,299.2099914550781,27262900
2021-10-15,294.8446350097656,304.2099914550781,304.45001220703125,300.5199890136719,302.3399963378906,25384800
2021-10-18,297.82989501953125,307.2900085449219,308.2099914550781,302.69000244140625,303.57000732421875,22729300
2021-10-19,298.7409362792969,308.2300109863281,309.29998779296875,307.2200012207031,308.3500061035156,17682100
2021-10-20,297.9461975097656,307.4100036621094,309.70001220703125,306.1099853515625,309.2099914550781,16537100
2021-10-21,301.1930236816406,310.760009765625,311.0199890136719,306.3599853515625,307.1700134277344,16918100
2021-10-22,299.642333984375,309.1600036621094,311.0899963378906,307.79998779296875,310.3999938964844,17449300
2021-10-25,298.6440734863281,308.1300048828125,309.3999938964844,306.4599914550781,309.3599853515625,17554500
2021-10-26,300.56304931640625,310.1099853515625,312.3999938964844,308.6000061035156,311.0,28107300
2021-10-27,313.2210388183594,323.1700134277344,326.1000061035156,316.0,316.0,52588700
2021-10-28,314.3647155761719,324.3500061035156,324.8699951171875,321.3599853515625,324.3299865722656,26297900
2021-10-29,321.41082763671875,331.6199951171875,332.0,323.8999938964844,324.1300048828125,34766000
2021-11-01,319.2301025390625,329.3699951171875,331.489990234375,326.3699951171875,331.3599853515625,27073200
2021-11-02,322.8744201660156,333.1300048828125,333.45001220703125,330.0,330.30999755859375,26487100
2021-11-03,323.71759033203125,334.0,334.8999938964844,330.6499938964844,333.8999938964844,21500100
2021-11-04,326.0824279785156,336.44000244140625,336.5400085449219,329.510009765625,332.8900146484375,23992200
2021-11-05,325.7141418457031,336.05999755859375,338.7900085449219,334.4200134277344,338.510009765625,22570100
2021-11-08,326.6155700683594,336.989990234375,337.6499938964844,334.44000244140625,337.29998779296875,20897000
2021-11-09,325.6075134277344,335.95001220703125,338.7200012207031,334.5299987792969,337.1099853515625,21307400
2021-11-10,320.6160888671875,330.79998779296875,334.6300048828125,329.9200134277344,334.57000732421875,25500900
2021-11-11,322.1958923339844,332.42999267578125,333.7699890136719,330.510009765625,331.25,16849800
2021-11-12,326.3539123535156,336.7200012207031,337.2300109863281,333.7900085449219,333.9200134277344,23831000
2021-11-15,325.7238464355469,336.07000732421875,337.8800048828125,334.0299987792969,337.5400085449219,16723000
2021-11-16,329.0579833984375,339.510009765625,340.6700134277344,335.510009765625,335.67999267578125,20886800
2021-11-17,329.2812805175781,339.1199951171875,342.19000244140625,338.0,338.94000244140625,19053400
2021-11-18,331.3688659667969,341.2699890136719,342.45001220703125,337.1199951171875,338.17999267578125,22463500
2021-11-19,333.155517578125,343.1099853515625,345.1000061035156,342.20001220703125,342.6400146484375,21963400
2021-11-22,329.97064208984375,339.8299865722656,349.6700134277344,339.54998779296875,344.6199951171875,31031100
2021-11-23,327.88299560546875,337.67999267578125,339.45001220703125,333.55999755859375,337.04998779296875,30427600
2021-11-24,328.1063232421875,337.9100036621094,338.1600036621094,333.9100036621094,336.2799987792969,21661300
2021-11-26,320.11517333984375,329.67999267578125,337.92999267578125,328.1199951171875,334.3500061035156,24217200
2021-11-29,326.863525390625,336.6300048828125,339.0299987792969,334.739990234375,334.94000244140625,28563500
2021-11-30,320.99871826171875,330.5899963378906,337.7799987792969,328.989990234375,335.32000732421875,42885600
2021-12-01,320.5035400390625,330.0799865722656,339.2799987792969,329.3900146484375,335.1300048828125,33337600
2021-12-02,319.9306335449219,329.489990234375,333.489990234375,327.79998779296875,330.29998779296875,30766000
2021-12-03,313.63861083984375,323.010009765625,332.70001220703125,318.0299987792969,331.989990234375,41779300
2021-12-06,316.7264709472656,326.19000244140625,327.45001220703125,319.2300109863281,323.95001220703125,30032600
2021-12-07,325.203125,334.9200134277344,335.79998779296875,330.1000061035156,331.6400146484375,31021900
2021-12-08,325.2517395019531,334.9700012207031,335.5,330.79998779296875,335.30999755859375,24761000
2021-12-09,323.4359130859375,333.1000061035156,336.489990234375,332.1199951171875,334.4100036621094,22214200
2021-12-10,332.60205078125,342.5400085449219,343.0,334.7900085449219,334.9800109863281,38095700
2021-12-13,329.5531005859375,339.3999938964844,343.7900085449219,339.0799865722656,340.67999267578125,28899400
2021-12-14,318.81402587890625,328.3399963378906,334.6400146484375,324.1099853515625,333.2200012207031,44438700
2021-12-15,324.94097900390625,334.6499938964844,335.19000244140625,324.5,328.6099853515625,35381100
2021-12-16,315.473876953125,324.8999938964844,336.760009765625,323.0199890136719,335.7099914550781,35034800
2021-12-17,314.40570068359375,323.79998779296875,324.9200134277344,317.25,320.8800048828125,47750300
2021-12-20,310.6286315917969,319.9100036621094,322.79998779296875,317.57000732421875,320.04998779296875,28326500
2021-12-21,317.79449462890625,327.2900085449219,327.7300109863281,319.79998779296875,323.2900085449219,24740600
2021-12-22,323.53302001953125,333.20001220703125,333.6099853515625,325.75,328.29998779296875,24831500
2021-12-23,324.97979736328125,334.69000244140625,336.3900146484375,332.7300109863281,332.75,19617800
2021-12-27,332.5146484375,342.45001220703125,342.4800109863281,335.42999267578125,335.4599914550781,19947000
2021-12-28,331.3494567871094,341.25,343.80999755859375,340.32000732421875,343.1499938964844,15661500
2021-12-29,332.0291748046875,341.95001220703125,344.29998779296875,339.67999267578125,341.29998779296875,15042000
2021-12-30,329.4755554199219,339.32000732421875,343.1300048828125,338.82000732421875,341.9100036621094,15994500
2021-12-31,326.5625915527344,336.32000732421875,339.3599853515625,335.8500061035156,338.510009765625,18000800
