Price,AAPL_log_ret,AAPL_sigma20,AAPL_TurnUSD,MSFT_log_ret,MSFT_sigma20,MSFT_TurnUSD,GOOG_log_ret,GOOG_sigma20,GOOG_TurnUSD
2018-01-02,-0.007273958365602212,0.15713561506087814,3074752260.260302,0.011452989875569364,0.1562200717367383,1423355147.7697268,-0.004727799012022443,0.14251736330617423,1056264197.2317235
2018-01-03,-0.006079274295861997,0.1641591643391677,3103287249.5060472,0.011833606798848872,0.1668063234000049,1448320580.9041722,-0.00453418706867513,0.14774375656584315,1108037153.6902726
2018-01-04,-0.006893075318245345,0.1614109786125817,3078529480.909314,0.012264669088175195,0.16660998164089352,1459807537.69498,-0.004032176666541487,0.13989019874302733,1099152876.4539857
2018-01-05,-0.010200810174452485,0.16205168806304981,3006139132.9153643,0.01216447697112355,0.1561892937899506,1444043395.097879,-0.005685974652179598,0.14140343032586228,1086146392.1593797
2018-01-08,-0.006909214792100438,0.1635710492450484,3070204371.0540185,0.011190812746318751,0.159180348245605,1435413106.4591572,-0.004108986216593405,0.1445782748174795,1093175992.4946682
2018-01-09,-0.006400029949963915,0.1633262369056935,3103383192.376661,0.012405894575732018,0.14215204455667282,1432507480.8542829,-0.004300868363513746,0.13589379992561246,1083619577.2303283
2018-01-10,-0.007676478350920696,0.1629195321129877,3102343334.520871,0.01302879152677161,0.14292841295991332,1449680269.0356166,-0.004651518551857539,0.13487451201761627,1093217851.2918458
2018-01-11,-0.007571330744358368,0.16229819209734644,3109502758.185967,0.009249548471922026,0.13919096785747773,1404668481.5414772,-0.005182370707678158,0.13540690187070337,1065383291.7810988
2018-01-12,-0.009341630602783951,0.15515812020766132,3044050459.6411147,0.012526603192445251,0.14052216503654058,1442500174.4912589,-0.005372998582442806,0.13380637756987604,1085151929.4007618
2018-01-16,-0.010734376525207229,0.15331047951431687,3000322882.9202,0.011789462484684876,0.14014030348490908,1446662054.258997,-0.0050209154883380375,0.13731207887603536,1123365177.2148488
2018-01-17,-0.008920315231615156,0.15480417633821447,3073996810.9589806,0.012475713354261786,0.13467212259935712,1464206644.0948238,-0.005038078943311264,0.1279103779723577,1100265053.6296978
2018-01-18,-0.006960694436517839,0.16242110886581876,3117651680.2030854,0.015339183177540988,0.1377324408331241,1509292787.5850792,-0.004946539542997369,0.14011997126203735,1139265685.9976268
2018-01-19,-0.007626192716722879,0.16207349802670193,3105665034.4887457,0.013714247853859801,0.14167025003921846,1487253012.452885,-0.005459105317477814,0.13698501463991572,1110745511.3119538
2018-01-22,-0.007827111574298967,0.16197429696228527,3101736406.9425607,0.016265885340264186,0.1320033291357119,1509760372.8423882,-0.0040726610322194545,0.13325616810894303,1093936816.1523833
2018-01-23,-0.007767318274205515,0.16205269397322608,3089528005.430375,0.015431031642543142,0.1425444620194104,1490457183.9499092,-0.004282449517110626,0.1340181973319001,1122686351.3821256
2018-01-24,-0.008640035939289942,0.16148558275106764,3077056377.3795094,0.014802089319772532,0.13406347461734558,1478524421.9641123,-0.003988875854927285,0.1337707917689906,1117232933.9732687
2018-01-25,-0.007566303621325626,0.1624403424899632,3150308388.593317,0.01612434128318893,0.14142578594903193,1490694501.3665755,-0.004315115623404586,0.13548089375383557,1107688026.4099634
2018-01-26,-0.006541975155486102,0.16322846829651752,3226433405.852041,0.017447839893765943,0.14369088012057224,1517915349.0944629,-0.004469823237296194,0.13542462383333773,1107441182.7540777
2018-01-29,-0.00553567062119098,0.16413543940871583,3241683848.123301,0.017006451429180475,0.1429389956136068,1508459820.6466875,-0.003912562775592807,0.13422252396543746,1108780115.2719712
2018-01-30,-0.006695540784002807,0.15640765729995504,3245798853.192237,0.015951263302051766,0.13958270577396298,1512738659.346642,-0.0054046476112062924,0.134994764322569,1105872280.271232
2018-01-31,-0.006263765119648518,0.16373199452405907,3293919187.606498,0.01799224298608529,0.13850892097607154,1555579139.7814238,-0.0054099431766303635,0.12666099963821265,1106452805.420115
2018-02-01,-0.005059489674113904,0.15746077219534865,3320047200.736049,0.02135987631052913,0.14762208891308604,1611650726.4306664,-0.005165219576906008,0.12726374582715952,1112553565.9268289
2018-02-02,-0.0036488845398241765,0.15906046595410683,3388373466.5182095,0.022785450413806807,0.14667367840840173,1640977912.978504,-0.0047389827407499086,0.14189804138664847,1133458320.790905
2018-02-05,-0.001795174978647729,0.17039498513752185,3576083601.5089197,0.022679963579320922,0.15539064615004372,1650606179.321671,-0.005791649606402466,0.14149614308921732,1220607683.9470186
2018-02-06,-0.00033707280580577703,0.17029965631165384,3649968755.7753873,0.02410816432158694,0.15934445919771817,1699734032.3591287,-0.006323641243320327,0.15530337517437717,1319895191.5543704
2018-02-07,0.0022776135670145303,0.16708829743036763,3788697155.2672563,0.028987906491620058,0.18177538349837025,1787607026.2025995,-0.0046033855478831015,0.17480229635159109,1358784343.306065
2018-02-08,0.0037260858134243735,0.17047428884562701,3816102654.553014,0.03151723651127264,0.18564331954966437,1774524614.0354965,-0.004881307179046515,0.17592822468723956,1394617265.9408982
2018-02-09,0.0054717693562268965,0.18144775931639126,3905956290.646951,0.03254498301619532,0.18989576697672803,1789835825.513041,-0.004518061427826278,0.20825288244700893,1384019410.3204267
2018-02-12,0.007362795331604111,0.20265958560805183,4114409914.380337,0.040072111904191327,0.21363109139967698,1935984101.8879366,-0.002629551724957435,0.22121185310775518,1509387197.9004729
2018-02-13,0.010399419532013315,0.2045374042868002,4237151051.656908,0.04171602886287892,0.2106361634693676,1906269162.3989878,-0.0021962472077082795,0.23429247224936384,1427016210.4544687
2018-02-14,0.011854325408914873,0.19788289078373358,4051562433.358322,0.04564354093917014,0.2320251257728375,1933404241.8715208,-0.0027334820576076085,0.25504298445485535,1432766994.3873272
2018-02-15,0.014299522262468028,0.22179081669842368,4143638909.4027586,0.046067807350016726,0.23702375084628927,1955344358.5382977,-0.0011159692668328697,0.2556761590320309,1456917023.7366922
2018-02-16,0.0173978984696731,0.2149891422798605,4382916220.489256,0.04880544564208919,0.2542472523742204,1944494035.1809266,0.002193421276024357,0.2589726316469564,1489201836.203289
2018-02-20,0.016966254808844172,0.21115802660886415,4312847910.537208,0.051666310150937284,0.2592479642873049,1959220537.2052364,0.0019529656345838725,0.26802290458216954,1459018602.6971493
2018-02-21,0.01787887473617364,0.22376564831792722,4199673796.073874,0.050780080900129365,0.25965055330224285,1936690702.4207141,0.004099149723089238,0.26436435712419687,1487197671.5047786
2018-02-22,0.021102919435146333,0.22972879326965107,4438012711.663107,0.050482957458357736,0.26558654558911865,1939643242.812245,0.0054256324401778105,0.2706578413745868,1516737333.0925968
2018-02-23,0.021123741770940757,0.24045595690062652,4286180377.612675,0.05048235396133338,0.2684633458425102,1922512781.295683,0.0026588745496140404,0.28250822342020826,1453667326.89313
2018-02-26,0.02257018088391355,0.2389911539327072,4135767513.600478,0.053599967367390144,0.2771347947983096,1943658750.126862,0.003934238757452482,0.2823957696896978,1459774251.5211391
2018-02-27,0.024662326991260725,0.23723273895672342,4267747348.1270976,0.055474885996450896,0.25557024544991447,1975502597.822128,0.004177255571833363,0.29381796598845716,1486423944.7938828
2018-02-28,0.027733012531312246,0.23364673138141112,4335802933.923066,0.056531822034088464,0.2766778959038381,1962171135.21971,0.005866114252095253,0.30520018677659017,1475956939.1027749
2018-03-01,0.027365457065987836,0.2701796128468872,4383544649.094582,0.059022345264647,0.29020586866518927,1986281441.4073288,0.004210033409097189,0.2891359374024187,1539257861.423112
2018-03-02,0.028609689578035585,0.2633961747432994,4425990409.810147,0.05897180251781001,0.2710006803583943,1995385583.327726,0.003037458610466545,0.29459153190615933,1602522997.6001008
2018-03-05,0.03255175256319934,0.23819986815219074,4746401179.270676,0.0627262911764902,0.25665933514922246,2027124554.2166846,0.006534148023499484,0.2886067264184506,1603585556.6983275
2018-03-06,0.03176820575611547,0.24233631914624545,4395059921.705946,0.06064819092268245,0.24049615264352794,1995496357.468443,0.005281561311972979,0.27489545970494084,1526937493.493746
2018-03-07,0.03177364889502701,0.23014605019116255,4166012685.9091525,0.06032994381192458,0.23332017696522814,1981062216.2920988,0.003868572708082954,0.2740214786146665,1520063883.2490456
2018-03-08,0.0331544478915905,0.24221385091593486,4350265505.4344635,0.06304729172491494,0.24383265552762035,2023309061.5087028,0.006826796092746654,0.2778182982813636,1530014483.7321799
2018-03-09,0.032571349321316695,0.2260114087978068,4265652538.588047,0.06171850621413766,0.22766334977009128,1980994695.7269433,0.006049452377516154,0.26106239778072265,1503191873.4443722
2018-03-12,0.03156382209530767,0.2255765618211285,4349686629.134508,0.06509710950407416,0.22111916780854043,2000032778.7962844,0.009532999943229994,0.2626701598030799,1573023482.6735795
2018-03-13,0.0340862317807103,0.22249662289836447,4155216662.895359,0.06582324756136271,0.23787478513015345,1998669820.4560802,0.00720573940274101,0.26007109660245714,1485362944.3721821
2018-03-14,0.035282284429991595,0.2162373772219227,4492396867.7773,0.07065989115363333,0.24706063351832222,2079433265.029484,0.009431001554911458,0.2585074151557134,1560475087.0621107
2018-03-15,0.035586520638022257,0.21338990091130258,4348165542.543123,0.0688258137193759,0.20266453556985653,2022502974.2604442,0.00959151005485652,0.2448488108793876,1585603031.7113302
2018-03-16,0.035702346885925634,0.21159027290884763,4147866704.523828,0.06829623727068496,0.20220011841918106,2014051735.1358845,0.008197764255239812,0.251965459539579,1541976265.8065608
2018-03-19,0.035027445645336885,0.21252327700526935,4167021300.479859,0.06942881915033755,0.22504817032681182,2060355551.0564976,0.010469792112579271,0.26174175425808915,1582483965.542481
2018-03-20,0.03545197545175535,0.20501811628355915,4223215270.8516636,0.06892924373483075,0.19696593266605858,2074296318.4202268,0.009608437071699324,0.2505125703513915,1634077914.5022433
2018-03-21,0.03480049379393291,0.17812761023763937,4174873085.7956743,0.06536231302426118,0.19705443804508407,2004975076.2089972,0.01287768592691034,0.2638104967873644,1687480861.9344962
2018-03-22,0.03395611532468237,0.19566811586970384,4163574452.9172006,0.06453631604154372,0.18496254649161037,1962045836.0156605,0.014746740589400634,0.25025874655935765,1612151672.948676
2018-03-23,0.03305081971119775,0.20716655343152376,4007092507.412006,0.06697151901642556,0.20395018231849882,2058513163.7115834,0.013484776669363416,0.25517464210545454,1651923497.2536917
2018-03-26,0.029222088601935592,0.2040998574485138,4049985575.705991,0.060066454282732995,0.19250261244611858,1962012630.2665877,0.009045097938849542,0.23859297643620422,1575821020.3272748
2018-03-27,0.028300517377768092,0.19888357336807666,4077212681.9436674,0.06739989577938271,0.22912224286432273,2047854559.0185633,0.011030538138126336,0.25955681303518097,1654502911.2607286
2018-03-28,0.029595635941049303,0.20694717073924598,4055493880.6781993,0.06867921725286127,0.23529530265897017,2057288353.7682066,0.009574095267474117,0.2429544337810391,1632360842.7421257
2018-03-29,0.028077350029618448,0.20113462481870062,4059117224.0358,0.06517653799538667,0.22299383405971945,2093902575.1443431,0.015223267592399156,0.26126405138230374,1746499244.5068982
2018-04-02,0.027834588484300288,0.1922381809993739,4061313957.1916313,0.06879376698250197,0.2577771297022865,2122258771.5817392,0.013826562372219062,0.274374765528973,1763979787.607911
2018-04-03,0.02622611406349762,0.20737249133346844,4163988881.2684956,0.07020091697473926,0.25558469358824293,2169702326.4228644,0.00932784867744478,0.2892552278106095,1710873139.4675367
2018-04-04,0.02599563769128818,0.21672414970399992,4075803973.360149,0.0693386346814957,0.2711285136905486,2132633999.373927,0.015878811619627967,0.3195996947399887,1774497876.6091325
2018-04-05,0.02370495454493246,0.19368119947555373,4001807945.522867,0.07112520257150992,0.2816306261192695,2148821172.326931,0.015713729304738563,0.29898962031249154,1717870710.835207
2018-04-06,0.02269580791063755,0.1935774594275726,3964786395.485324,0.069897719696981,0.2905517781964603,2161440547.349047,0.015886221965692407,0.30319237422072576,1757864307.4114342
2018-04-09,0.021715358318557032,0.2029832701029547,4022888528.5673137,0.07169616391037834,0.34251442185999115,2134710917.4790444,0.015023499038733831,0.33619789447938886,1713584856.9356844
2018-04-10,0.022382517653700446,0.21663587393047304,3998081808.054011,0.07112408918898622,0.317336116331873,2149729684.5903573,0.01900940556848131,0.3138093625909032,1794615872.3000104
2018-04-11,0.021855513346534267,0.19944532672677073,3933434959.4331903,0.07094780467677128,0.30425552505870623,2128435884.2595885,0.014181476065515272,0.33108618212523805,1774434034.1082237
2018-04-12,0.020333527265642415,0.21765010710587399,3878461118.731891,0.07144835601745333,0.3138338397778453,2107393583.18758,0.01460623803775217,0.3160084188842751,1614723519.4162903
2018-04-13,0.016420533678436905,0.21647983700951015,3663194630.1944366,0.06673832491263154,0.3009854604632687,2055336088.5131857,0.014225222014637787,0.3071090987531344,1667786714.2742548
2018-04-16,0.015431365410536912,0.20352975775837334,3625090605.469924,0.0672734594760665,0.31531182272402103,2079359863.0897448,0.014403040230738254,0.29716783949689757,1763999429.3986797
2018-04-17,0.015860887337423385,0.20908897706519786,3580787996.439406,0.06767051253988535,0.2983043760831463,2038566051.791964,0.00997220615337334,0.2807956114796877,1598086533.5050712
2018-04-18,0.013710551129948567,0.20980147117414508,3448971564.2489824,0.06670214113693507,0.30056238290887693,1991960978.2744157,0.01462721549563363,0.27210085786795446,1589777204.9467614
2018-04-19,0.012173571245774895,0.21742233770269714,3515143789.334293,0.06434911189340745,0.3078044654946188,1999494225.016838,0.014928382044822344,0.28076110090759876,1619909370.2508633
2018-04-20,0.01221433732581867,0.21007874841393462,3547544291.9141216,0.06257308724168456,0.30919793303878196,1986346684.15652,0.011491176178691179,0.28682291228355916,1616543934.7211053
2018-04-23,0.014222257761335788,0.21576059820099888,3710057588.7359195,0.06249043975322119,0.30208815673083556,2050196620.0809693,0.012262518637982209,0.29576596018860013,1596056240.909169
2018-04-24,0.012844729288869344,0.20867385658584822,3542110345.7952905,0.060900442510951114,0.27440518586627516,1959491685.5317094,0.01317165498537011,0.2744574795193829,1648640008.5881302
2018-04-25,0.01426970939417066,0.2136189065596092,3718151359.351189,0.06088770406053082,0.265468697974227,1989816672.6060061,0.014790636318008879,0.26904239783080675,1711639338.3860116
2018-04-26,0.013793017430924093,0.21501054619530832,3655675451.36891,0.06469851790220077,0.2798500767368108,2022739822.7249787,0.007836095349898584,0.2640643289677949,1671682928.5158055
2018-04-27,0.011196648675191545,0.20543821197636036,3504717947.976635,0.06115400993871098,0.24411638048404755,2033685259.011754,0.009775787802744004,0.2679055140929014,1673549147.1369088
2018-04-30,0.012084395947265875,0.206874007442199,3540612518.0271654,0.06823041386269676,0.2490574696705028,2059974071.9607246,0.01241764326721799,0.2616844028727115,1596706801.4379926
2018-05-01,0.014204338731477667,0.20199160896863216,3786748295.405487,0.07207022145436875,0.25602266773490456,2123311514.586231,0.012653599169957078,0.2747129207764975,1631321304.6686883
2018-05-02,0.01635420335512175,0.2139712633625192,3670976972.536632,0.06871092067205431,0.24101298023286846,2062631333.9690769,0.01391751255040817,0.2533200053463983,1594950652.6865904
2018-05-03,0.021057269633098924,0.22265078754272216,3892795268.24384,0.07129464727573517,0.25560706879976824,2049028922.4807937,0.013799428993347504,0.2664243370618346,1588103433.4716427
2018-05-04,0.023062063526598148,0.22674033727236126,4029842731.940811,0.07138795463896624,0.24093763489553355,2072091775.8736262,0.014326540654011996,0.25111835630944773,1619720073.9670696
2018-05-07,0.026591610877454402,0.22225799801602658,4347347375.288656,0.0695020476368535,0.22559999495337257,2071995297.031036,0.014999916714410325,0.27160454414385315,1667481593.3499193
2018-05-08,0.02752720055323571,0.21746617996703801,4051708334.085742,0.07015162261391955,0.23171217502352473,2032468345.189473,0.014750152743512726,0.2605070399079133,1536068751.3058138
2018-05-09,0.02849342227451901,0.22270150571662967,4047036723.911791,0.07240093217730703,0.22735949643930023,2091635888.8039412,0.014954972078909126,0.26912583736436196,1571028951.944903
2018-05-10,0.02960057868215077,0.21733597526663423,3901635983.5223017,0.07083963827378292,0.22913198327127055,2042693953.7859309,0.018475833088807694,0.2631274218875881,1640444024.111425
2018-05-11,0.028987225990809135,0.20762715519309335,4033202865.4122877,0.06894146128334325,0.2279696478863884,2018237160.6913068,0.016100049873328567,0.25648633585994596,1628170860.3856099
2018-05-14,0.02901745707979081,0.23113862251709938,4019467532.6817427,0.06535222618929501,0.2195064105798895,1933085291.9225478,0.019377070033709518,0.26020335784581333,1599224672.4985428
2018-05-15,0.02577806389400575,0.22049021726673912,3900547805.8643894,0.06297279091919114,0.22075313389845816,1916157205.3263202,0.018060034686075657,0.24499404821818518,1569477740.847291
2018-05-16,0.02700323237173588,0.2361037306907302,3797838849.279874,0.059822714270205246,0.21064280693419518,1884976686.2375846,0.015248605250184052,0.25166424768871026,1549479748.3082974
2018-05-17,0.026613107767128635,0.22314582409367725,3808590084.969012,0.05887247104758386,0.20570296376676742,1857186052.1862438,0.016336527549649413,0.2321422290897924,1491603532.658862
2018-05-18,0.02604447135408794,0.2321836605598211,3703664217.424994,0.05458358561912935,0.20693395127284447,1787019524.962405,0.013484956458687372,0.25176261663309074,1475360083.3426764
2018-05-21,0.025133928279930468,0.21721021172947166,3544120848.2520924,0.053088123401378445,0.2040326119032681,1799248891.7640147,0.010590177360188482,0.2227275632283857,1449892852.0709565
2018-05-22,0.025061470407997832,0.2281302279961777,3515687857.9344883,0.04983208084337462,0.19392475174711044,1772048717.5152931,0.01174389802590077,0.21660101425522452,1485241900.9752636
2018-05-23,0.023958066822027224,0.2135123617672824,3489174678.299421,0.048377945428837554,0.18841760977793412,1734354273.5711567,0.013122023335762387,0.20782870909051726,1422677706.2584817
2018-05-24,0.021518908724091623,0.2182289379483394,3437529804.3622284,0.04575429551276247,0.18675129235579482,1722887821.0800252,0.012651217879968576,0.20283164642829743,1443137662.8314092
2018-05-25,0.020372429599478437,0.21711916091960998,3469600538.7305403,0.04490238936585361,0.1828521951644553,1731957033.8354359,0.010403628461645067,0.20400687187145322,1362258726.6185496
2018-05-29,0.01973265266798646,0.20526433830360916,3454976915.732438,0.04388751792159132,0.18107695973682605,1728401958.434203,0.01143922926316622,0.2130737126072237,1375785417.520377
2018-05-30,0.021873091831854624,0.2021963700474666,3730498755.654235,0.0416458148495529,0.18021957199919125,1719740198.90026,0.010606260089894001,0.1940215732427768,1348476023.7858088
2018-05-31,0.021388905218449245,0.20036848703891108,3535979614.7617254,0.03960281808074553,0.1697365637495762,1687009371.2446523,0.01152079295264806,0.19231823100612438,1353304285.3457098
2018-06-01,0.020662678798408357,0.19999981343421336,3649474885.0978956,0.041300512232306213,0.16078271175150455,1756616760.5868835,0.011039318133667833,0.20490508793447426,1437777733.3096607
2018-06-04,0.018186077686039415,0.19695500334588467,3505555936.4761524,0.040377092267568665,0.15410544381417896,1747186135.6289034,0.010828016490883843,0.1990239319123765,1439605571.4239218
2018-06-05,0.018057924994075103,0.19253914016904145,3633814546.5345182,0.03946489486989996,0.15962628563965375,1712610144.906236,0.01122358529840041,0.1997528561186116,1409777412.8586903
2018-06-06,0.01825912636577748,0.19217317216026691,3607833978.092491,0.03825224220413406,0.1615225596903301,1731166934.5959148,0.010817511404124638,0.21287454449773346,1521515337.1386971
2018-06-07,0.017436220439873085,0.18023100838582534,3570644990.396598,0.03637411095211146,0.15679015609107377,1694060294.2221112,0.008157350670351712,0.18821501627781512,1393306610.80458
2018-06-08,0.015610973824809776,0.1862661795665425,3502709294.290932,0.034969318290173135,0.14895869766103298,1711971379.5752475,0.008806527029402114,0.1859482646051979,1382749807.4034295
2018-06-11,0.015031492649253325,0.1835098404328028,3497322690.0096774,0.0334028245940427,0.14112406600749855,1657665898.2058766,0.008866144646987803,0.1849877291534747,1396189777.2329366
2018-06-12,0.014021807655256319,0.18025361844677468,3430184534.4271445,0.033069935409771406,0.14327574984302902,1693946499.6454172,0.008292442198385638,0.1799853595255937,1302167335.0805373
2018-06-13,0.013079896349623588,0.17008140928277826,3430333114.429065,0.029466753464042622,0.14465956604540847,1611864898.7022908,0.006888649350342682,0.18083147445922668,1287039390.7987309
2018-06-14,0.007086131574689319,0.1664163758168392,3227585046.0734735,0.026892487157154338,0.14840339529399552,1630380600.2370932,0.00622157265310723,0.1828368831080085,1330976084.5000756
2018-06-15,0.008392009583878451,0.16614992506407877,3192882755.6050353,0.026196159439231592,0.14428644323073614,1603717055.2844868,0.008312324449330874,0.18742376775615194,1304160538.9888296
2018-06-18,0.00743187118873212,0.16809707572405036,3352085403.3037148,0.02978511531915065,0.15531475690926239,1695283263.8837695,0.007874424017709533,0.18557381635251047,1365814456.3670635
2018-06-19,0.0032514468148115705,0.16367197230517908,3309796110.2024636,0.02862700003970378,0.14586809009742815,1648667345.8797503,0.008290176084312997,0.18199156834569108,1306749506.8843634
2018-06-20,-0.00014429403632504334,0.16820321227013368,3163479745.730104,0.025624821427355032,0.1493720084574009,1617914461.5482395,0.008344706157183815,0.18548329081742776,1291573729.013317
2018-06-21,-0.0008943213647440718,0.16074093004700618,3249378420.372613,0.026759984633106,0.13927294617930938,1659483301.9674757,0.00663382117605156,0.18153731933181896,1303825149.6632743
2018-06-22,-0.006224902055645798,0.16304515846450668,2989300904.2108507,0.024810903980196114,0.1436480951509813,1602205060.518634,0.005936451069832885,0.17593677930430351,1247714447.8289409
2018-06-25,-0.005512215609223131,0.1624663101935544,3084281346.7837725,0.028055879323173966,0.14870857712909397,1671692362.8528092,0.006102251805827921,0.18001537649036878,1292331039.7135406
2018-06-26,-0.006852034013651337,0.16170372954894804,3059638501.075747,0.02708976373100369,0.1470859606292331,1659021373.651179,0.004810832320070166,0.17886351466358874,1371088565.2903671
2018-06-27,-0.0078943295317207,0.1549278285817243,3126568434.482323,0.026966987040566215,0.14856683143275035,1672792353.8812544,0.004128188336091118,0.18001980526061379,1351406327.264774
2018-06-28,-0.009117095582857365,0.15279473708296942,3028007816.2240868,0.026156434457365957,0.14750295395493962,1651792413.7021089,0.0025988118212252193,0.17517685717963183,1351096823.3253067
2018-06-29,-0.009377133955578099,0.14657240625213894,3038762458.4958344,0.028704635638731574,0.14521289990977404,1686591258.210978,0.0027828033151269943,0.1846896136573501,1329108315.1921692
2018-07-02,-0.01274117693069235,0.14968061981837827,3028363998.867084,0.028770984130654487,0.1645623901645219,1704845540.2471285,0.003039328521708587,0.1910145494992088,1304397752.8663259
2018-07-03,-0.013341744113309018,0.15089920837964932,2971154999.914296,0.029132982080333047,0.157433179773241,1677956274.156225,0.002075812392995799,0.17668809794738874,1291371368.4817514
2018-07-05,-0.01659320473788181,0.1551477940207574,2881698725.990718,0.028889712306050308,0.1450946739280634,1663872034.0610526,0.00203783076364715,0.16783808238056322,1245302039.8986838
2018-07-06,-0.013850130683236678,0.14796311875034684,2916576752.562877,0.028690030608900713,0.14307181269301017,1636638614.579178,0.0018484564678905718,0.15956944002567014,1225611813.8087788
2018-07-09,-0.016047659503915013,0.14552922207446034,2884629875.4670844,0.02715408346667894,0.15013923291241157,1634324480.803111,0.0025807363214287032,0.17200500082107506,1247291160.2533255
2018-07-10,-0.013877300932786135,0.1480546636221553,2917180083.7041173,0.028852986940936465,0.14880421859614112,1619001921.6288874,0.0032408634976441725,0.1707405154445861,1237752558.69556
2018-07-11,-0.016926779233630562,0.1526237797093739,2887356206.58284,0.028228026357875996,0.1493098964781848,1640325508.9935908,0.0020164808521922067,0.1746399202559239,1156618525.5944684
2018-07-12,-0.01712328470449348,0.146754261135692,2870471949.2637544,0.02770365951580825,0.14794655114934896,1625856782.6311202,0.0020314932123732116,0.16831904693116675,1220881351.1232986
2018-07-13,-0.01897834798378481,0.15174882235577508,2829892870.8450413,0.026089708442074533,0.1492154180164778,1635753457.7978747,0.0031675131577772603,0.16946003581304206,1247303555.5633335
2018-07-16,-0.01857548708089088,0.14535088794054057,2825097909.5763083,0.025703039084971457,0.1384176409980937,1598130732.8731203,0.003288536525881444,0.1613343092514154,1222070522.624529
2018-07-17,-0.017935290997208142,0.1524133736888395,2854730754.5081635,0.02696582917805382,0.13678929594582354,1629058519.145415,0.002902190374700145,0.17492299039690462,1272654706.5247476
2018-07-18,-0.017813503007834075,0.152415327313321,2850409562.6088843,0.026314165047785693,0.14815209539880675,1623421024.915905,0.0025524743953822954,0.17100630753083207,1237494066.999362
2018-07-19,-0.020303832547029832,0.15122631338373416,2791738593.7153015,0.027141677101723355,0.14383107459659755,1651275320.6055799,0.0015075611708724734,0.16293856884175464,1185807779.30256
2018-07-20,-0.021013173183279082,0.15107936405585393,2788522699.6555195,0.02988134312619345,0.15350003551750596,1718314918.832481,0.0005938023122700892,0.16724092557387935,1249390179.9953144
2018-07-23,-0.018797671325950976,0.15285428619130442,2850714734.3324885,0.03410352480381293,0.15226559316569654,1783774177.0405588,-0.0002751114604507138,0.16969921881486735,1158603672.965921
2018-07-24,-0.021177397636787082,0.15072495876704695,2769172468.401922,0.03567330402700214,0.14446627879313734,1749735958.277729,0.0006573229103292721,0.1684255650941733,1270368536.3035219
2018-07-25,-0.02288627816174918,0.15003297160382656,2733396783.0367656,0.03584694652545023,0.15736841167002502,1767958581.7379007,0.0031031352489588188,0.17950928883846315,1308697468.381042
2018-07-26,-0.017755673415516066,0.1530583571665521,2809011792.8213553,0.03772829533913974,0.143275563503645,1791471513.9587855,0.0035749710893610426,0.17578144297217513,1306810789.5951622
2018-07-27,-0.020033773187925125,0.1518824483942422,2761448550.9941382,0.03844801153815383,0.1510034018723252,1799652045.8674963,0.004908502027179282,0.17874343706419224,1374402228.3738086
2018-07-30,-0.01718974687234401,0.14728088336478398,2859887401.493212,0.04023412426743714,0.15399833487118555,1834950690.39169,0.004264670182702782,0.1835059176239691,1377571108.950567
2018-07-31,-0.018141775732063797,0.1531667680532307,2713201714.1741285,0.04057994526753364,0.1490397550225016,1799116773.330434,0.0038047725058226317,0.16857273170967038,1298383472.3321004
2018-08-01,-0.014957848966788423,0.15545796899165448,2938284345.7131724,0.042251660965363896,0.15526853045686798,1862802055.0442693,0.005127380963531672,0.18301121643370144,1331185902.4399035
2018-08-02,-0.010982613089453863,0.15978018089336488,3065579446.1473637,0.03905379555008043,0.15731878776141445,1787350354.7857027,0.003683618231695704,0.17493024533353088,1235209318.5103953
2018-08-03,-0.008100946945027138,0.17057154186118614,3192321430.348911,0.040723427506877796,0.1523247625829075,1799791999.1035972,0.005404526195575868,0.19640975676087344,1371684587.9525325
2018-08-06,-0.006938352823097876,0.17050719901294642,3184646427.4740677,0.040091958830962005,0.1642354527273946,1788367802.21909,0.004640370485871639,0.1941443589041726,1278860062.0537074
2018-08-07,-0.005820153292331903,0.1591014140119277,3137766078.4980464,0.03901353989293502,0.1660395900016134,1754401232.670792,0.004254583169610707,0.18917012852012105,1317845177.011728
2018-08-08,-0.004233505995387188,0.17018549831685018,3223714723.845539,0.038604307136113875,0.16139796564681444,1734694458.8768656,0.005823161475961389,0.22034193075156228,1380366758.4550028
2018-08-09,-0.0055430995931669,0.17093681959208118,3170789619.6830564,0.03503354219696822,0.16576742241981235,1684279906.2952785,0.0052214193060378805,0.2083248553813497,1341175088.3065314
2018-08-10,-0.004450907556989653,0.17794633508914307,3061771881.1876936,0.03464832991012001,0.1688108352318355,1668566830.9670062,0.005151892204209238,0.18906915888727657,1275073987.5268621
2018-08-13,-0.0056441937630341,0.17271042628304492,3192081841.0574903,0.03392544057688662,0.16074352015291393,1660544032.915117,0.005711519933744261,0.18600838531067845,1264513705.4000885
2018-08-14,-0.003414717978266313,0.17116476073125714,3225886463.6415367,0.03366164246069628,0.17984550406221156,1669703326.4560182,0.005986445817833322,0.18411304625122343,1235886806.4401476
2018-08-15,-0.0031756020027175758,0.1828122021115252,3106722469.981443,0.03321504344717699,0.16549044159402784,1652011051.04721,0.005647295976171571,0.18482938843467583,1272025379.0335376
2018-08-16,-0.0018721638607211988,0.18491820920289861,3279979751.67629,0.03285835186440192,0.16764448709083168,1668422246.9085474,0.005361348858548401,0.19350803683983084,1372991537.6637132
2018-08-17,-0.001220554990222722,0.19162100957832112,3279019491.5393143,0.03318039721116525,0.15002881743413604,1660591676.972792,0.005589731273671419,0.19463698875432994,1398630737.9073093
2018-08-20,0.0027468179386826164,0.1953961084346919,3395139211.605513,0.03448240118142218,0.1726612173060664,1684476260.5204792,0.006398248220490163,0.19119709604099835,1387637533.3710446
2018-08-21,0.004433894719561321,0.20127894163587046,3399016496.0944133,0.03352734923834269,0.1564261122368487,1671646051.0027192,0.005908542830080146,0.18198269949248105,1392807027.556563
2018-08-22,0.006162784716463615,0.20293667730718204,3219459727.9835787,0.03367273042524105,0.1535381755836602,1669313237.3675945,0.00462031985369217,0.17083554924873656,1291895415.5923808
2018-08-23,0.006997005723280714,0.1911133207749588,3451412409.934829,0.03312867053037935,0.15425242929045255,1657422600.680935,0.004070082308570908,0.1561592966678642,1233942171.3643503
2018-08-24,0.004906008487988833,0.19734255768847145,3385254355.8458905,0.03409862152159804,0.15466012509288699,1661709387.570043,0.004637290548282838,0.1611333494145881,1262678001.2689388
2018-08-27,0.006341579942262976,0.19159911230023263,3438033489.3469753,0.03535462534450165,0.15668497310363752,1671332874.5966015,0.004767869286437146,0.15972625431312387,1266738584.7164743
2018-08-28,0.005458985213720985,0.18446963086075463,3458327722.1889353,0.0341062178484573,0.14599004758994177,1661501827.565626,0.004619146373416164,0.16550065869823477,1286682781.7383738
2018-08-29,0.0064777372024054924,0.1827309871463329,3452129461.860779,0.032738618106384315,0.1439740122698455,1667600303.5894966,0.004619310969847565,0.15329286901209388,1325377310.631875
2018-08-30,0.008798715185763556,0.18810366215419078,3563835351.5926685,0.03283102757010456,0.14374025512635435,1650453894.8702004,0.004144287429211732,0.15794311123572352,1236666956.9574122
2018-08-31,0.009342026460148117,0.1821285430367854,3647456226.862276,0.031116760337161514,0.14257572162407592,1643093726.6693242,0.004422527182647587,0.16349338534048385,1288547472.135081
2018-09-04,0.01387041335007097,0.18089579921237747,3692985342.8024716,0.03084610468966678,0.14230912155120373,1627996802.1096647,0.004039489371574764,0.1649224170204637,1344913135.8738084
2018-09-05,0.014515022594813298,0.18027540327647046,3797933641.299985,0.031028668593991005,0.14372624575780435,1657425315.7696688,0.002991213727066469,0.16084546991206963,1313564562.3653548
2018-09-06,0.016242255360439772,0.1660012981795379,3824855210.546596,0.028442323395472008,0.14971447543046604,1633426382.3778033,0.004137857910527135,0.15061008232746295,1369703486.632488
2018-09-07,0.01786469310597638,0.16604852658452235,3789027681.7941966,0.02726670625215863,0.137420145490165,1626273655.0138507,0.0021088212630983455,0.1641986120534508,1324420193.537639
2018-09-10,0.018316062606310857,0.1844371339265944,3928305348.973905,0.026723440583537428,0.14586582113352753,1615533130.1622417,0.0002746015857607448,0.15788533976317884,1330845137.039888
2018-09-11,0.01955355244427881,0.18518542940082916,3946077819.8473573,0.02563122168844037,0.13786115862526377,1611810149.125176,-0.0002668835196653341,0.1564135202929938,1251040377.5211222
2018-09-12,0.020560686476143175,0.17553400676615555,4018514986.594216,0.023853560119353023,0.14503838880381523,1589964262.297538,-0.0014086864968005514,0.15437815506820438,1278445425.4923737
2018-09-13,0.019988427568295275,0.16549100672175224,4039511581.2873497,0.022095105934657105,0.13667000253908157,1561587760.8529842,-0.0021347456627724692,0.14867441211516177,1197767333.4392445
2018-09-14,0.023054245305384996,0.17009954736648603,4215821824.4012,0.022759751188555832,0.15294933419633477,1582331730.6580803,-0.001056802063145748,0.15192403944962007,1248914168.8659377
2018-09-17,0.021302430527569888,0.17810884739363486,4172805873.367717,0.020831155623856457,0.1480987644602281,1549224359.8145764,-0.002286888117346522,0.16268175212028885,1184525942.1063786
2018-09-18,0.02144220716631312,0.18839947619787414,4179925306.4432855,0.02194571536688908,0.14472472703640676,1574135773.582911,-0.0024717689891360223,0.14826875879958876,1145204692.6541908
2018-09-19,0.020653195705835653,0.17982276183065243,4138403394.2844105,0.02141576767383624,0.14362697760564272,1566426587.1006768,-0.0022860003106450894,0.17056128745240112,1195878999.5287898
2018-09-20,0.019222861014647014,0.1777266050679172,3981557509.5935698,0.02175581037770702,0.14482468701710108,1558943492.9070053,-0.0022668153497489713,0.15322399371933237,1141149067.6137254
2018-09-21,0.018957357369063066,0.18039580230002122,4059864960.1906743,0.02275368879976411,0.14538547389630657,1580529668.2563055,-0.0019126010400643129,0.1688339639562886,1166337996.86321
2018-09-24,0.024472079676752106,0.18686388899679446,4605002209.139827,0.029108263235917614,0.16996963010833072,1727820447.2536316,-0.001594976711540172,0.18032308973039313,1296818903.0929494
2018-09-25,0.022606371893257038,0.19477946237864596,4363751532.21049,0.02957510654041151,0.16535427579152467,1725009545.3645642,-0.0014990184374087112,0.1682870655237488,1296276519.9259567
2018-09-26,0.01901148580152659,0.187610949886163,4127856323.534199,0.02861092134841539,0.16087097201004785,1674870892.438522,-0.001383351288457249,0.1743530242868025,1271715865.7089913
2018-09-27,0.021360543137234206,0.18705864995922206,4469537070.311913,0.02934439545657974,0.14416126560643117,1688107984.436224,-0.0019249910966076256,0.17495922555291615,1315806235.0246277
2018-09-28,0.020971655483980223,0.18533762185890254,4246243884.878513,0.028735760334476668,0.1566190176198992,1671661687.3576338,-0.002123990895945685,0.1626375948764504,1262531862.0029576
2018-10-01,0.01961454923280523,0.18249029879196144,4302441037.78088,0.030743001272072273,0.15404153202636675,1667629614.0993216,-0.002137502527268423,0.15282833286177433,1243794513.727863
2018-10-02,0.02095205465092015,0.1929808085523271,4114727407.912288,0.028403555149625087,0.15551603014413645,1650727552.6301873,-0.0017492826266164857,0.15469364905268268,1219183329.9377184
2018-10-03,0.020644123108953194,0.1928021979307003,4460049790.558723,0.026471766213020526,0.15539475211785542,1627409058.6795812,-0.002875837334364195,0.14931613855619896,1168611551.8073497
2018-10-04,0.020161349923217248,0.18357866964753747,4131022662.8134975,0.02746093013791348,0.14916317911275317,1628063675.7227232,-0.0015011558964483085,0.143825107616607,1204584889.3031507
2018-10-05,0.02075113659608266,0.1998916513029331,4355301019.653983,0.029647364097646095,0.14813359989729596,1666837034.3575263,-0.0018505547877167017,0.15986109512646796,1199522013.4279544
2018-10-08,0.02042783721441585,0.2085651880128243,4386643186.512613,0.031775369430478734,0.15748271478141485,1706492694.4486735,-0.002766026276342301,0.15940383194043806,1217792603.8330183
2018-10-09,0.020889315706953432,0.20526097529213316,4281681331.631812,0.033217170311244826,0.16675210334430177,1712806254.6813865,-0.002588633755236519,0.15829599221429608,1220364267.9457233
2018-10-10,0.018774382140942264,0.1911032571383637,4130394663.194434,0.03234817076571411,0.14436641283793913,1700572597.1965277,-0.0024087243191761865,0.15910678468051817,1186692543.9204087
2018-10-11,0.021043696013515106,0.198275997770354,4328225556.067172,0.03748989392068472,0.16248739831234754,1790618781.759229,-0.002125931374980447,0.15818429913697496,1228364289.3951643
2018-10-12,0.022803162963210777,0.2027833459138798,4861158573.100987,0.043157831452611234,0.18486840455509584,1923660881.9761994,-0.00037815036911134636,0.17918547877559057,1415984914.7064662
2018-10-15,0.025371868534749764,0.1829020208014195,4453009177.411549,0.04794380466486681,0.17754045591742273,1928610720.9392517,0.0009236880169539996,0.1994441576282193,1364351997.6047413
2018-10-16,0.02458058318471329,0.19825302839875045,4461277573.884034,0.04764186382959387,0.18638459672627983,1964940233.1104631,-0.0005349670852974192,0.18355902897590431,1309374759.817246
2018-10-17,0.024999941267664028,0.2019499104961915,4355637812.54554,0.05184800216138585,0.19882470810265696,2001775268.5857644,0.001635976735121794,0.21243821124345527,1414762108.979299
2018-10-18,0.02185621029348586,0.1874690059059666,4356483487.385765,0.050125125462476994,0.20361802583185917,1978973653.553585,0.0006594195939292335,0.20183760081434868,1427905847.4794626
2018-10-19,0.022683782808395864,0.2058681650803283,4490579658.932508,0.053849724343386585,0.20701030343245228,2017117509.1517954,0.0016497935782464196,0.20586303921895796,1383829033.1389935
2018-10-22,0.026298312078354008,0.20361062174837696,4417597929.452471,0.056188455880439386,0.21027198734542782,2039226667.2470725,0.0021011263632636917,0.20669137203069693,1356531051.9926472
2018-10-23,0.026164480727185746,0.20599697105417197,4384759366.875224,0.053805317086872834,0.21826541121067622,2021660460.191572,0.0023561547771450003,0.21309377989777056,1403834818.665484
2018-10-24,0.028873439140418483,0.21176257509887753,4769382954.877349,0.05700542279945561,0.24270214972426116,2053219166.1112378,0.0029136987708234113,0.22422899547083813,1446917525.0352411
2018-10-25,0.029448691673628874,0.20812502403695357,4584805953.158616,0.062118897767060616,0.24492487687412395,2116519477.8287594,0.00264744587880765,0.23244835584955814,1401072240.0277345
2018-10-26,0.030092336492795635,0.22072928983374632,4706271505.509688,0.0683483403712333,0.27844278295275116,2240590788.9291925,0.001296649714310899,0.2338127696164916,1522653953.631297
2018-10-29,0.030506362871431214,0.2255156794819586,4478019397.921219,0.07227205831561975,0.30827940491634565,2290134908.052962,0.004531711291660009,0.2617710455674785,1549636800.80766
2018-10-30,0.03220367807305699,0.24185639183393637,4623012061.529146,0.07714610238829533,0.29914024417023877,2314699516.259541,0.0015238260186933028,0.26631054245543184,1541699744.5807793
2018-10-31,0.0329479067961603,0.23498701081077772,4508290737.829166,0.08051392855134543,0.35265363442351205,2404535519.9282303,0.004958829332621609,0.3023118467560976,1716721364.7235727
2018-11-01,0.03383194873654222,0.2464264246667179,4661612014.603591,0.0819933131056487,0.36099126985259034,2463703068.536235,0.006377408347928035,0.2946301843413493,1673840745.7712085
2018-11-02,0.03725315716033148,0.23371370183264958,4746554581.175104,0.0877887824705273,0.3210847109844841,2461571516.8803387,0.0028032384072823185,0.3141068466257451,1560202089.6175592
2018-11-05,0.03827654169148606,0.2660068810807917,5037272013.845248,0.08539369066164548,0.33901201744343723,2383792402.2143383,0.005176039029817933,0.29705286600545083,1539068225.5756798
2018-11-06,0.041124562229758715,0.26803184868839963,5152876808.121035,0.08943630598333763,0.3200238200552541,2428966166.0513783,0.003640417215972594,0.2987278858589858,1690888548.3908255
2018-11-07,0.03912916620067733,0.267606016002117,5092086551.206296,0.08006884280144208,0.3086860873107058,2302317483.8120823,0.005263065636270228,0.3143127486947516,1635041888.71724
2018-11-08,0.040746301080933606,0.2550595224673246,5114713754.224999,0.0830435538910407,0.3527872096576051,2383981632.9012766,0.006716001195191099,0.3358335346054623,1631713433.1824236
2018-11-09,0.04105747406628635,0.24250105192005084,4877044678.042642,0.08648084855138383,0.32863286626187516,2359510849.66948,0.005055422023093378,0.29682179465307884,1599152244.0592473
2018-11-12,0.04336141419136441,0.27202144519046134,5096488135.720692,0.08854571497512212,0.3449793171467904,2379200364.217477,0.004396225116740302,0.344212823218207,1498520064.4624612
2018-11-13,0.042645334771601845,0.2865105666894041,5169730763.997908,0.09350785927574407,0.3419442860278832,2400848848.4424324,0.003015469216025121,0.30758747165446493,1578512705.5085604
2018-11-14,0.043891135399611925,0.2960617799411507,4953758655.743981,0.09236807450774631,0.36076634785879413,2463693889.0077047,0.009127384994630658,0.3239811752338244,1646311828.8574827
2018-11-15,0.04671478251174921,0.29352901183195,5176460862.998035,0.09441650719641909,0.3425900482549793,2456840880.8401756,0.00671870106028237,0.3106971329932071,1573888843.0887463
2018-11-16,0.04894150780328582,0.32292532286364484,5506257868.965847,0.10160062784981627,0.3488088610946072,2480553923.811657,0.0054738922861612,0.32761653233435506,1513974326.7622545
2018-11-19,0.04846764494926448,0.318452934611972,5415789772.283496,0.1053572405996222,0.3332005121140853,2464156447.1613207,0.00331209557064345,0.3487472906534188,1626728560.1111312
2018-11-20,0.05011715127927341,0.3160780554476036,5021001840.923077,0.10345111151931613,0.34291467270027876,2525868766.036803,0.01009792130258437,0.32875503287428715,1656420454.669617
2018-11-21,0.05203434296912163,0.321862037527632,5393198800.826725,0.10258657552426437,0.3588195863380247,2588462614.496011,0.009699287556782663,0.31007494149079945,1664028306.5493453
2018-11-23,0.05238498376114692,0.3122157338033603,5374703091.940629,0.10045399920831355,0.32302209250385716,2556357174.2363496,0.004817457053116911,0.3231857711664644,1619777521.0535157
2018-11-26,0.05301764692646718,0.3500029456879937,5389721614.71645,0.10094110542078372,0.3298742668999063,2461742100.414631,0.005614934111048783,0.3083076145717742,1565570848.6233225
2018-11-27,0.054608838397330134,0.31292567163349827,5424349005.294322,0.10905929311992468,0.28768854005771005,2513420563.520285,0.01209407782676862,0.2941150583196348,1580465056.0810618
2018-11-28,0.05471215003288851,0.2805413618910201,4934105951.427796,0.10489541016476678,0.2746714955307033,2467033205.6943808,0.013056855483555854,0.281677266755545,1603811399.4960682
2018-11-29,0.053132578713852435,0.31845769526483925,4991170656.847496,0.09659750928457012,0.25550471186773416,2435528486.734084,0.010337214509312173,0.30039754572281396,1657602786.0719466
2018-11-30,0.056654503786153304,0.33625174958692394,4949432366.779754,0.10735408627553605,0.29042206869195486,2446746274.132675,0.010228806775113439,0.27367973958570035,1537635300.1572387
2018-12-03,0.054493913200657024,0.31943783875008497,5366284148.086566,0.10526043525625689,0.3073058567611199,2530085780.069261,0.00982613012882684,0.30069777706167067,1614035352.2953546
2018-12-04,0.05775932534684877,0.2878159964937934,5456666466.23001,0.1077505651080996,0.29972893493479347,2534408936.143496,0.013200236632254544,0.27937232053472016,1692476382.0736213
2018-12-06,0.060166478097866655,0.3126991262860567,5077477108.590857,0.11218343038180745,0.3035235760655438,2563643221.6205993,0.009484571358662083,0.30522054577591223,1595555680.2861238
2018-12-07,0.06078309246411842,0.3549900991647952,5514273460.816671,0.10973203706714979,0.30624729067600454,2613795317.4273896,0.015171297368445788,0.29162536856279403,1804904777.9249117
2018-12-10,0.060480514254838996,0.30777404211677983,5210024861.291256,0.11183636346219417,0.31908242020470867,2604903591.9609284,0.01074743041825503,0.2995485578560382,1634724591.8333087
2018-12-11,0.058603836704795825,0.33597887600609,5189194027.6154,0.1115853644131014,0.3311606903784592,2651978318.7637014,0.016601699978346166,0.30892100561879837,1779337585.252435
2018-12-12,0.06254339333286849,0.3231321459037779,5297028655.430636,0.11428583136181142,0.31498023486332216,2625652905.084432,0.015388705100911351,0.3039448413933729,1709243040.1511152
2018-12-13,0.06273480122630962,0.31984467112121595,5765532529.481014,0.10984608645693028,0.3054414300342405,2607963696.6778407,0.01435509953558857,0.288821296815358,1651383723.5932152
2018-12-14,0.0627948451135871,0.335052272228881,5307710662.958491,0.10692943179609266,0.31664845584283585,2518628226.5744486,0.013104385098469853,0.30849959977843894,1664020364.5672362
2018-12-17,0.06112780159028483,0.2960787779646946,5019730007.482307,0.10513748927639222,0.30926490521708627,2557984599.964197,0.013441476980406972,0.32263434767938115,1608064618.7460923
2018-12-18,0.059120489198105336,0.3158205237866819,4971936291.506089,0.10363127506303144,0.29154663388982754,2548268560.826713,0.01372765134281291,0.2936097526655829,1613087228.1291327
2018-12-19,0.05981125423468689,0.3116498242466312,4880168661.912049,0.10191102762882459,0.313417141452514,2495994270.433287,0.01014196497988977,0.3148958485317208,1576989312.586957
2018-12-20,0.058623192241080396,0.320508365740937,4673286748.301358,0.10616534601029881,0.35816313987591175,2637450610.4567275,0.009705207918618022,0.3155567311714028,1649177184.4272985
2018-12-21,0.05729929468546782,0.2967511876256793,4707973916.537874,0.11026120342074786,0.3240046789711384,2688377582.497819,0.00885681930218106,0.2929161831073164,1618140359.571182
2018-12-24,0.058760431013541975,0.3121339887454617,4863299601.206276,0.11080357755940012,0.3934227215789846,2847242580.4731574,0.014392597220982586,0.3238146428792084,1795149633.9363534
2018-12-26,0.05751551400673119,0.30684250355005305,5323705145.881901,0.12003506542877396,0.35530533526109853,2837096222.906002,0.01566731690252908,0.26995870475635847,1682679532.428398
2018-12-27,0.05927962571255316,0.3306644938352452,5123568608.189937,0.11566810954085988,0.41328717241384705,2815253824.126209,0.014431470041873298,0.31521486876377347,1778147824.6054647
2018-12-28,0.05818270047992477,0.3143393664936522,5105509703.567537,0.11498094554287941,0.4160927199082137,2836752373.775685,0.010252800482267191,0.3303132437632159,1688323037.7395196
2018-12-31,0.05989144742242977,0.31235324294659034,4951351100.0111265,0.1206963715818225,0.41711930429900035,2768930356.7015934,0.013721484970870626,0.33584431097951184,1727284552.427293
2019-01-02,0.06021497006794793,0.32334595471574024,4982007845.121549,0.11914621377664725,0.392215546395405,2734353891.908162,0.015056883529672535,0.33684275515292766,1751764399.2421148
2019-01-03,0.059428454211786136,0.3183990174655454,4939465549.528259,0.1184911890453238,0.40492647211831945,2733492078.0872583,0.017377017420376076,0.31365520138892367,1643476889.0945141
2019-01-04,0.05857387418969898,0.3286243996186613,5110773462.7109995,0.11475270170488988,0.41744415765454057,2721014972.6645517,0.013673924780120875,0.3108776315207515,1600495768.8736355
2019-01-07,0.056884687466690925,0.3480965750597771,5498998721.264694,0.1184312930218892,0.3687711171284993,2778724958.7287197,0.017375953009934483,0.3144984686134138,1706215902.925168
2019-01-08,0.05783711731442617,0.35419002268561917,5253480166.650519,0.11065413719699951,0.4072957632399442,2700809416.009514,0.011414665497765,0.3252251489259062,1727488037.55239
2019-01-09,0.06008166385507943,0.3866029986917765,5037835439.336962,0.11532156112286501,0.42924694965908206,2694541857.4235635,0.015251147129869538,0.3250416122025637,1710629618.0061414
2019-01-10,0.05950882358798562,0.35819936099486704,4928719481.538107,0.11475078705110237,0.3662001197313314,2618198149.085613,0.01856840572103223,0.3062487670163696,1645476573.4970484
2019-01-11,0.05969272286895974,0.3539456728416611,5229635301.354145,0.11284610052682686,0.366012581648515,2636182336.4565578,0.014869229294898242,0.3093185919221723,1729552131.0166228
2019-01-14,0.06285465815342076,0.3854628076727806,4732071451.472036,0.11583251928282201,0.3699668245756339,2635935640.2364635,0.013990256565465778,0.3213484540865313,1700015654.4510152
2019-01-15,0.06282205362057333,0.3974745216358615,4824995228.306187,0.1165906437632212,0.3906039838990163,2627380014.4150305,0.012736438421169047,0.3229959466992187,1612521359.71122
2019-01-16,0.061950514253990424,0.37055715944901246,4877264482.301692,0.12030653479082809,0.3287289390032011,2599360205.8914046,0.017375386714588922,0.2951159301774638,1654790900.2798257
2019-01-17,0.06091948632792568,0.3659976616156423,4158413616.3568897,0.11040516156979607,0.3505299311367547,2533743543.659601,0.011827932162375224,0.28206589798075954,1464817697.8583877
2019-01-18,0.057264158471593135,0.38815207738377133,4628887863.268519,0.11236196081171668,0.34322748246852397,2575196198.0828376,0.015476084663991765,0.2890341359487416,1541317292.2659497
2019-01-22,0.0598520238340384,0.3629155389911405,4555133858.992969,0.11134576494570753,0.3486532669536704,2611111501.8307533,0.014545621731357969,0.30473832441652526,1598150838.3484366
2019-01-23,0.05551190020921179,0.37304262514125286,4373456745.887112,0.11041054370232573,0.3250589894144704,2601993883.160739,0.008933246657197733,0.2765941118419537,1599007766.3538506
2019-01-24,0.05754055574348496,0.339481719686595,4396577960.293596,0.10999354082123469,0.2837913165423086,2539544455.0921392,0.012280125399140848,0.2836322952167639,1604215799.614842
2019-01-25,0.05726545196878305,0.4054332207601169,4292690601.733389,0.10957580804752137,0.2931402028789241,2510967421.1715884,0.008495030208125046,0.28464262332401274,1523222962.764003
2019-01-28,0.057807545522055054,0.35258073831885206,4171734809.9868393,0.11183943512672556,0.2691916493202788,2518602841.1419115,0.012013084461720211,0.2533561646742529,1507542901.3574684
2019-01-29,0.05743713138853199,0.364521773989648,3986220446.589393,0.1084243152893124,0.2770064120297573,2455176126.8812437,0.013127619459701659,0.25995017649775,1474997384.6294143
2019-01-30,0.050739805840775754,0.337414645731584,4267039708.771731,0.10228857240428968,0.27447759031815255,2465583221.081106,0.01354378446014963,0.25451661906114487,1458982040.5409517
2019-01-31,0.06009362780010516,0.3426624812563309,4198794799.5182276,0.10462935603230195,0.2585561749029627,2457323726.1639957,0.010909769797936383,0.2595528336900702,1458558980.5762296
2019-02-01,0.06214955373028033,0.35484563167234684,4371443008.7658,0.10885214641988988,0.3040621019812436,2574117496.9627256,0.012923207641950693,0.2653101528046745,1507242294.3519309
2019-02-04,0.055516902669318996,0.33022533683941024,4439022032.7625675,0.1075423273727884,0.3075796834328892,2560981251.00653,0.009202248947873373,0.2680973828969991,1478109302.890513
2019-02-05,0.06094040100785561,0.34496416462686574,4182347279.4404593,0.10677570537929848,0.27917848227421493,2503557517.33377,0.014778880129473634,0.24707777783744705,1519137264.4507937
2019-02-06,0.06193412127761541,0.34010957076243487,4301325014.8738785,0.10342005889108685,0.2665963808514562,2530164211.2314777,0.016810371975270647,0.2607560741968416,1559732430.7712994
2019-02-07,0.062481963391077006,0.3113159042570428,4263828068.071155,0.09614110573634538,0.2624420972696462,2421029985.901985,0.012233771965755688,0.24913094206392583,1498226764.77229
2019-02-08,0.05892838931094588,0.2844080648730125,3577574149.8355427,0.093709772585431,0.24895153629453018,2308696642.999985,0.008949250954876295,0.24495886305199022,1482340215.6416867
2019-02-11,0.06021634910660559,0.3137818978062187,3974344665.362074,0.09316448272758582,0.268241805295623,2295125454.5654287,0.012115962010875683,0.2403967293209962,1551147647.562394
2019-02-12,0.06117402358894905,0.29719251335182684,3825078496.793196,0.08866354917988153,0.26993542354213423,2213647501.98368,0.01395506925141958,0.23976083703646958,1468631843.9719143
2019-02-13,0.05770317515599907,0.2902279947930605,3880993551.3913107,0.08150448182281236,0.2263174675214941,2160124168.670458,0.016705373399507825,0.23137203241121357,1461666648.9435556
2019-02-14,0.055201468372696266,0.3094084748853859,3596744190.1047735,0.08179969943682741,0.2464541425645593,2154809723.857302,0.014192689224941366,0.248765943256564,1424471773.7646918
2019-02-15,0.05378081261183268,0.31283079203657926,3896092971.510774,0.07830998546214679,0.25837597153463493,2120447196.7923994,0.011737967795272378,0.24514910952691246,1412425742.5400858
2019-02-19,0.05079913785046816,0.26504616820000737,3466076023.0852194,0.079049012513014,0.24032628767954506,2108406717.6571608,0.013351749773176033,0.23322147034919866,1391909834.9121284
2019-02-20,0.05299565787934615,0.27489192790532146,3814559557.163994,0.07723393649760363,0.22492558623376818,2072468057.4214635,0.010027651455955702,0.2140329017450043,1398371599.42713
2019-02-21,0.053325466862874676,0.27142496547225325,3510086562.4195004,0.07326830568669515,0.2321127984283669,2046726353.9407756,0.009770096996466401,0.224568320896702,1363366921.1710913
2019-02-22,0.04852863145731748,0.2918791461561473,3574098792.5478277,0.070031930574524,0.23631922428307345,2006836666.6707134,0.008919894317686264,0.22844766099610223,1349495083.1700392
2019-02-25,0.0426649207515058,0.28804331220115464,3366284158.4410605,0.07047904275686326,0.2348427663350853,2016696556.6194277,0.012587732016127798,0.22973111239594063,1418496088.0845041
2019-02-26,0.041983186435156694,0.2731002922928398,3694049361.07062,0.06831981975986515,0.22646135858905597,2017852184.9933302,0.008021759356431665,0.21154312548565732,1324505162.619015
2019-02-27,0.0418126100225186,0.2543286485556972,3595879113.7285204,0.06809884503452798,0.20838060044007078,1985028100.5549858,0.009036158090225774,0.219141001183384,1356664564.423713
2019-02-28,0.04044510187654285,0.24956676134765876,3405584797.224198,0.06418240366605865,0.21169323036738769,1964310134.7883248,0.00784068929893246,0.21215995268013602,1332659093.6926408
2019-03-01,0.037012867440419484,0.2487889133415542,3574920490.165558,0.06499155850293048,0.21090729033921937,2002171444.0664325,0.010054634203770493,0.22168876396283868,1402905496.7620661
2019-03-04,0.036025638598385895,0.24378708413763728,3532741282.5558763,0.06399842987179963,0.195026571163672,1986325906.7204387,0.010598204396837133,0.20798367931630962,1363582327.4891088
2019-03-05,0.03376679319072187,0.2301891086438799,3477304492.1026273,0.059771541062382444,0.18771762537378126,1922150195.1139214,0.008640419698281707,0.2000089795957501,1348276941.8334324
2019-03-06,0.030968312530792325,0.21447384020228102,3459565883.2173486,0.05813273621753659,0.19168535228662337,1913731992.1396854,0.008473218048265604,0.19003950200796557,1381858751.4001863
2019-03-07,0.027378617753022833,0.22036335063494022,3383892733.6276493,0.056389458373904855,0.18659905123482318,1893495814.1761787,0.008788924420872271,0.1970282285052941,1297326492.6632402
2019-03-08,0.024690732135099286,0.2111565997496086,3390397649.875688,0.05282736309889213,0.1722189769714936,1853662107.0583894,0.005973995258253081,0.18470826489923775,1334695566.3415985
2019-03-11,0.0203244122396406,0.19455180283742346,3304843023.463139,0.05239443058326368,0.1713121420125997,1817317145.0156686,0.006822573165712817,0.17928504361859626,1285394990.994633
2019-03-12,0.0190588315153149,0.19681345890760782,3287715600.9049172,0.05117426132226685,0.17689746743004192,1835940526.280193,0.007689669286879655,0.17985143090582276,1334595601.5809484
2019-03-13,0.018818837322964493,0.20137930729187697,3311252249.421446,0.05098884536727602,0.15252014640205666,1862068613.1204636,0.00790365346641718,0.18270201454489615,1378419477.8629234
2019-03-14,0.011208889936560523,0.18299021642537086,3277872842.031475,0.04981560884923267,0.15563351915743068,1844821023.859716,0.007371658592397537,0.1781237289789052,1348518699.280605
2019-03-15,0.010380195690581018,0.1831613483868179,3282002895.780488,0.04860315427346623,0.15753570171730236,1833163087.2578118,0.007425597075409088,0.1745504074699484,1326890396.7106676
2019-03-18,0.014125941787406504,0.1867102397051188,3332043398.1208167,0.054123570132330795,0.1467594849590017,1961004978.957665,0.008672292103848636,0.17557709541064864,1357818212.3828454
2019-03-19,0.010070503839226114,0.1811992075013481,3351509935.1809373,0.052131112750359254,0.16717958149699605,1917556982.9396129,0.007159008034848022,0.1631953781527555,1332461694.7371793
2019-03-20,0.008829157743836968,0.17069000619405533,3270560538.5808153,0.04938674765879553,0.1635790701677759,1887326412.2520475,0.0051999338248070875,0.15372502164492124,1337018275.769654
2019-03-21,0.007589385934717474,0.180606106570643,3278520728.4641566,0.04954334415374345,0.16100966404222028,1917750967.0452337,0.0057708791349437155,0.1679958132820308,1297701059.1525545
2019-03-22,0.010141873869221718,0.18417699570751717,3377745666.2502203,0.0486812405418649,0.16396111459439305,1908355839.203298,0.006476059556769262,0.16956331145114764,1308709725.5605507
2019-03-25,0.005601835010649703,0.18026316701474665,3416406676.6334643,0.04803413915121724,0.16692841084578747,1907630793.4236872,0.004631875673006894,0.1726275716814912,1329141848.4789805
2019-03-26,0.006509497438545675,0.18105556009887164,3459141829.2367535,0.04952591630453443,0.15498886757760588,1889253102.5381482,0.004456841954047927,0.1665986022513938,1322699262.0453968
2019-03-27,0.008056674847560619,0.18444285480267691,3514945593.5647626,0.0490051625500533,0.16632264391802426,1883885974.1671774,0.0037433446606751214,0.17651344883922318,1346623549.1954613
2019-03-28,0.010021561503118531,0.18695750678828643,3612818328.056224,0.048675471612829896,0.1656743394624054,1882053237.7181618,0.004360674168306919,0.1806460954768567,1340380646.7918239
2019-03-29,0.007383713077785098,0.18357921219440515,3491129636.050238,0.04984759364953564,0.15495647815486555,1865465581.290916,0.004351287508731497,0.17390035227931103,1283947168.4019814
2019-04-01,0.006979913907334906,0.17244239930683627,3493630105.5061355,0.04895988116168265,0.15539655206009184,1868520514.687227,0.0032491473990206715,0.17561463284628262,1310477312.7638426
2019-04-02,0.007673280586224324,0.1778066311470911,3494218012.691906,0.04926545777524652,0.1691314474521261,1860415051.3960395,0.0037406041096723214,0.17627117543161724,1234019300.7610812
2019-04-03,0.007127941795968568,0.18566303269638873,3462417207.5575657,0.04865997075651718,0.16410709251097028,1851370706.1026788,0.0035541903857658624,0.18494765193341103,1294830905.9901514
2019-04-04,0.007293611640611292,0.18349282243672124,3528464230.7442174,0.04779036132528111,0.16498205927902293,1834145674.3955374,0.0032037509314116613,0.18737195661377898,1312427379.3153486
2019-04-05,0.005516574426245507,0.18652872156337325,3426490476.0682826,0.04673545442516966,0.16990055765511425,1800514156.8151457,0.0031571540967440664,0.18050827479441248,1277079957.3013341
2019-04-08,0.003619496897750707,0.1847287444392563,3405442200.307552,0.047307144290041625,0.167619560191279,1818232558.1153412,0.0029148458689357976,0.1766156471239269,1257567036.5297806
2019-04-09,0.0035407108994120196,0.1860614714353679,3387122341.737073,0.04391718743970821,0.15672752859019473,1784201840.3682463,0.002497629765687334,0.16547809226063956,1200176177.2656555
2019-04-10,0.006533385050678742,0.18727481183241945,3522259179.2794075,0.04236668860219597,0.17224989248782602,1773325862.2832165,0.0018969278870504397,0.17338991845241758,1218554083.506569
2019-04-11,0.005233740112656454,0.17809226094770447,3440356411.6197066,0.039666094291071874,0.15950192801526447,1761455805.048331,0.0009814323582859052,0.15655211654205056,1182663302.4574895
2019-04-12,0.00362779658622428,0.18253284086599075,3401008005.455675,0.03780257734620521,0.1469620681723135,1724131103.3094447,-8.780783216896793e-05,0.15530993701039744,1156315958.6514928
2019-04-15,0.0046083322570389385,0.17664776633986026,3442669419.330053,0.03928960594670647,0.14328944668359633,1739330876.8632483,2.5307447590355858e-05,0.1549485878943986,1167806037.1573958
2019-04-16,0.0049115529265295055,0.1825853493728456,3457400247.286222,0.036474502411821014,0.15250799906066798,1711940189.4694645,-0.0003990903982466071,0.15523216910940416,1175473880.9847417
2019-04-17,0.004036095666142048,0.1766471834672082,3431845699.408672,0.035952748307668675,0.1400406470843134,1710890847.5560212,-0.000435372019316399,0.15393048489010105,1133800353.9499102
2019-04-18,0.004874692779959139,0.1766378126221087,3456306808.567894,0.035170334676150744,0.1462560349205723,1701181418.7611933,-0.0006449514984291776,0.15322907804134656,1170094275.870788
2019-04-22,0.0054929023076362715,0.17590417679850656,3470748459.1726217,0.03804111176586908,0.14397335609186718,1743488299.1033187,-0.0016331652390014079,0.14722608518310312,1169187544.794012
2019-04-23,0.006182633991937886,0.17472080068939672,3501240384.93215,0.03753962631616975,0.13944140990138568,1710479561.3944294,-0.0013733631330735546,0.14133348031883539,1139847367.7301643
2019-04-24,0.0071615680900834755,0.16551181612410526,3508660360.187934,0.03812331996279933,0.14217269420930256,1728855704.4701443,-0.001051107037355753,0.1419307136087156,1154718526.3032475
2019-04-25,0.005074960410461821,0.164401192758203,3302290090.4297094,0.039641313316334026,0.1369533288352119,1762346374.8613446,-0.001235674351908217,0.1397514630104266,1151751534.826268
2019-04-26,0.003719267463221182,0.16293955076413918,3380612078.5920672,0.04183163577353369,0.14242750517007252,1832730153.7687824,-0.0018761699761450784,0.1384246514778349,1096297154.5838547
2019-04-29,0.004638720919144912,0.15483699163382486,3273560247.5830593,0.04070076205708639,0.13934870540485897,1792979519.555356,-0.0031994461064037832,0.1292662199028987,1082987942.0246034
2019-04-30,0.00377414268938589,0.1612939218678416,3267896650.1736717,0.03957922618290152,0.13859144185792,1768688744.3891113,-0.0019227469264093133,0.13523947259959349,1145591735.7854738
2019-05-01,0.0038784484331423896,0.16973534417083816,3359248937.1634145,0.03885490814268594,0.14204848052875507,1778366694.028261,-0.0038007126090758847,0.14821314573455982,1297553409.7655463
2019-05-02,0.008348003832706619,0.1730059833623313,3536260740.819006,0.03634501112621588,0.13851708497148987,1758989667.7715752,-0.0009179679332145113,0.15936037913648046,1350929268.2974617
2019-05-03,0.005028889737488468,0.16414641240169625,3529061032.0458393,0.03663566242804414,0.14909689835445428,1764400051.3728092,-0.0025157936076258963,0.1906430350686265,1381956843.4114432
2019-05-06,0.008771245118534832,0.15849277729745517,3577877374.5316753,0.03444305884064658,0.1424619627065889,1771415711.6812534,-0.0009736440417824344,0.20504528684771448,1407515011.7763467
2019-05-07,0.006957896518625578,0.169752339690969,3601279061.014988,0.03360507353893488,0.14529373011810306,1745170921.3857913,-0.003057646405609085,0.19577772797116058,1338327100.7822292
2019-05-08,0.005810087911000933,0.17896769841976454,3731627440.879562,0.0352794610426978,0.14832470534684689,1749921786.3742473,-0.002541929259520334,0.2187657074105301,1414363705.1711483
2019-05-09,0.007853086838483903,0.18068540218058315,3633666249.4428477,0.03646762350398686,0.15606729280812565,1788356915.9435976,-0.0014996064335401627,0.23322866840330503,1340748203.1738474
2019-05-10,0.005354278234254911,0.17251861019011566,3568634930.0263796,0.03760229325685291,0.15666363872108385,1803178797.2728088,-0.0003355561078398628,0.2403240892884206,1311020193.8981533
2019-05-13,0.007002229962980194,0.17712673722276598,3654306206.647048,0.037241913149392375,0.18557807063265566,1790958554.9079063,0.0004984281888094078,0.23411511637990326,1367240839.0744736
2019-05-14,0.006092726349766875,0.18699735034729184,3667094896.198658,0.038952475210495385,0.16847696502113296,1806736038.972564,-0.0018279938292842246,0.2511805120217249,1289908202.5810692
2019-05-15,0.008442877800972165,0.20213106042547724,3653255073.5982375,0.04069157608455737,0.17323693429271622,1827089660.6327496,0.00031668444119767325,0.24861442249649604,1365159870.959309
2019-05-16,0.007866611675571789,0.20223211900652527,3789499837.291397,0.040638032017641074,0.16830923783106233,1815290610.6152043,0.001317130550768597,0.2546086980327047,1390376937.069532
2019-05-17,0.009705217898598906,0.22671330356739636,3843840267.5059514,0.04179573271526693,0.18773744689961622,1855619272.2575405,0.0008777295312900474,0.2485620832697162,1356257990.1410055
2019-05-20,0.010348091787665936,0.20915767171324354,3859298238.6155267,0.042616192885971155,0.19377282821105693,1839609226.0795543,0.00021950786616140028,0.28463969070707207,1398724695.9964707
2019-05-21,0.009148928734814182,0.22875028534192196,3902641819.45135,0.0440766914955637,0.19102765963679944,1857337240.422216,0.0012820151583280426,0.2774197222044588,1374539122.0536268
2019-05-22,0.012306259069540804,0.214743520598975,3962703426.351419,0.04353304643523101,0.1960686842917151,1861066516.2812889,0.002005002231687522,0.28591182269562915,1424010603.1042476
2019-05-23,0.011793510526607792,0.23057444536250568,3838093115.821397,0.04279668704855866,0.18056954475325868,1821915263.2329586,0.00166544239695747,0.26713927573504515,1355113505.2820745
2019-05-24,0.013386221478528249,0.2322010657241173,3866496832.725397,0.04636983390361285,0.18566186069426216,1862724957.7457883,-0.0009019798493489217,0.25686238284801555,1410630812.4718335
2019-05-28,0.012032767044826781,0.23848018609052785,3839310896.188274,0.045345620526460684,0.1922090536639116,1815976726.0226269,-0.00035927710762755083,0.2659852482443211,1410859273.364176
2019-05-29,0.012075084517853829,0.23971496361097142,3859447579.280929,0.04581738285160039,0.19396137167037908,1838141339.6368961,0.0020003587350989754,0.265640112171861,1424445981.750103
2019-05-30,0.013002417243448916,0.23945180664825325,3807833771.3720975,0.04494408987297649,0.18503433330946636,1800060585.0707498,-0.002325881124342205,0.2342745120007228,1330436208.771798
2019-05-31,0.014022006543088494,0.23891152716079467,3763245124.429283,0.04698668441380863,0.19803451639663347,1835338314.5844185,0.0004138651922116904,0.23043699418773786,1347716623.5944743
2019-06-03,0.013280700542102536,0.22528254215849133,3687332078.1030145,0.0483555493716073,0.17793689398415846,1824284491.8690593,-0.00048026148565205595,0.23405161049225726,1360961970.9960184
2019-06-04,0.016452621178746296,0.21942500945281432,3734157179.294312,0.05082045366481652,0.18243347024760312,1913216479.0868292,-0.000879528733886456,0.23691611015850184,1464326413.1098473
2019-06-05,0.01735611803420256,0.22219325631270906,3677134188.464267,0.05211574335061181,0.1939492424760418,1913977723.3193514,0.0027618754437844922,0.23061991697026313,1529927015.5342605
2019-06-06,0.015856597188270705,0.21494224284461622,3798457894.155931,0.05326114282044442,0.17284889874399664,1922601405.7525966,0.0012176257311104777,0.2575769305483375,1424111831.696257
2019-06-07,0.01922259136625748,0.23466004696751186,3640043320.658005,0.05269460226331743,0.16870664085494347,1906956678.9986024,0.0031210397235979376,0.2620078830334318,1479555045.5194786
2019-06-10,0.02118954325678518,0.22258448063119102,3624341234.470333,0.05625484191971694,0.17982779631265056,1952274890.4708986,0.003498718856501895,0.24009315089147304,1567959412.3763263
2019-06-11,0.024148531912395854,0.22080877580123548,3943396000.000739,0.058733726804734265,0.19421000961119678,1988183806.794582,0.007288641994380632,0.2473276031487465,1510035515.4113536
2019-06-12,0.02485292304560885,0.21922389206469095,3809925349.0252066,0.05735656787468846,0.1916472205372252,1974440529.8525171,0.007799723274588846,0.273604041862118,1559525206.2448134
2019-06-13,0.024272927586214854,0.2184389777238419,3952291272.0196533,0.055892656260189216,0.1888530017530228,1958224251.854686,0.0058337318197315274,0.28014680269233605,1413989801.2583456
2019-06-14,0.02424946797446695,0.20719811571043265,3952556637.3441606,0.05747465336514235,0.18673677666752503,2003513475.7587295,0.007451667147371652,0.2619685274613067,1574041433.9508293
2019-06-17,0.024786136485061477,0.2153208632121065,3763519896.1805987,0.0565901894783713,0.17851560510151684,1924976212.4029887,0.007784665788968623,0.2519886530724417,1447080635.213051
2019-06-18,0.02313994445963838,0.21241155231420153,3646106907.1234956,0.05666637401827945,0.18617226993436073,1930671261.881497,0.006797446464712295,0.27096130034803473,1460227642.9744673
2019-06-19,0.02338655638981188,0.22738889093582096,3645238878.3094287,0.05709722773725284,0.19488900494806968,1914069361.3001635,0.00952856924115146,0.2579622396486416,1418492774.2838106
2019-06-20,0.023563643552775848,0.21811108545554966,3685011180.1059036,0.05651555867377314,0.1827906041648998,1942472487.9637778,0.006417363294612219,0.2550005812952284,1391114143.1146383
2019-06-21,0.02390045067899127,0.2192689584807603,3545616233.5145097,0.05996325523108792,0.20459629450683262,1998933701.9521332,0.00808823987242012,0.23637895071516915,1406026875.1404138
2019-06-24,0.02590328699173658,0.22123033110512497,3641054135.5206695,0.06157198070340614,0.213045910245539,1997767188.9107049,0.010841254378866558,0.25839631417458275,1444358251.715923
2019-06-25,0.024157021283367247,0.21639480832575197,3550127729.149163,0.05917287541517105,0.20267976910886396,1961860987.4618328,0.0076955452915958705,0.2546706858491408,1387257118.9697323
2019-06-26,0.020883900709455033,0.20681425794422834,3640296201.4385276,0.06181406615746582,0.19694165315275455,2009557555.236225,0.008229268093030137,0.2690515545174606,1392596222.1656408
2019-06-27,0.022776708523926742,0.2015291599846142,3544445472.7000284,0.0594844591911807,0.20260383029896867,2000991340.8572247,0.010458621106400653,0.24156592592911336,1492760056.2122498
2019-06-28,0.023723547186791455,0.2174381892097865,3622400183.0479007,0.0570970180782546,0.19825979350014286,1938307142.1289005,0.0079209492523767,0.21090268390327835,1312083512.5670855
2019-07-01,0.022415307884740054,0.20718367933096885,3530748491.653781,0.05877303391448463,0.18725636172911084,1954036164.3784475,0.010804798125421719,0.23746125287405093,1451478713.6844492
2019-07-02,0.021855413767986387,0.21107495245309096,3597446207.533594,0.05914395857540222,0.1984076173667493,1959901001.3365624,0.0066034420096695995,0.2131899174970246,1429528130.6591694
2019-07-03,0.020806062560224936,0.20313732007058602,3505078560.63367,0.05632647455274817,0.18321742748842795,1921038969.8283014,0.007283747521307324,0.2204759027168519,1391734017.6456833
2019-07-05,0.017819938054817352,0.1995538700555327,3512852203.6693993,0.05462764949809365,0.17713098314625292,1900788789.5906,0.006976071535629139,0.2134543931144692,1364504338.5414505
2019-07-08,0.01708956410708523,0.19377629685162978,3339183931.175437,0.0554496480275532,0.19059078070146823,1909861155.2998304,0.009129749277759877,0.20754685646465756,1373906446.8760717
2019-07-09,0.01636420937771138,0.19284549036760346,3272185040.0447474,0.053578926907996954,0.16953480583165614,1875032046.5941942,0.00271500361561601,0.1938419104066083,1262680409.934778
2019-07-10,0.01488714502318253,0.19345161443957698,3405779057.280401,0.0556580808078348,0.18535983880865536,1888021488.3156257,0.007645041788384585,0.20234183907639192,1344880386.8981588
2019-07-11,0.011447798285634136,0.18937541666682445,3256467907.239043,0.05660647868038776,0.1739662292051748,1895906434.4175622,0.005968325968671376,0.18166994302529393,1287835370.7347968
2019-07-12,0.014255913897791156,0.18003651245916788,3377457899.320038,0.05567738118624102,0.1731402433018388,1891508744.8077574,0.007639537120078685,0.1789816747927406,1271911111.9852648
2019-07-15,0.012353051974278745,0.19177503837356658,3316502754.3527765,0.0561887967845521,0.1785162743933898,1906555629.4508944,0.004423780474184444,0.17962258160583472,1186009273.5025935
2019-07-16,0.009506543395848999,0.18365604813857087,3256868270.5511327,0.0547008626972528,0.16129670650398692,1879302459.0527499,0.004955171846143261,0.17113152891299926,1240081036.7552228
2019-07-17,0.008365445236857283,0.18218192511248726,3240134415.776416,0.055358033116982924,0.16312475067602877,1914640155.7084339,0.0049728259896538035,0.1677925602571887,1284886857.4537108
2019-07-18,0.007743333141739556,0.178479450119794,3209534211.257542,0.05437664702469433,0.16415999796926464,1849206067.2537968,0.00575576725787251,0.16994469362709463,1253702178.664416
2019-07-19,0.005203190644303107,0.18049068137927077,3044687315.893145,0.05453686576579514,0.17740032215543955,1895471556.206975,0.006383831721753816,0.1751791624396342,1277559737.3421867
2019-07-22,0.003158475130762284,0.17605909083712812,3125793982.0087457,0.0568679009634441,0.1754660215964945,1997460026.905055,0.004600937414780862,0.16776796313894174,1285926683.0862772
2019-07-23,0.003859761444559906,0.1762562863380888,3042559349.3597302,0.055658625676069245,0.16972400788554592,1975480761.6088638,0.0031284830917693435,0.16489445625304677,1224473961.7311213
2019-07-24,0.0008343911224628353,0.1746172663730638,3106343654.3310947,0.054814912739208466,0.15069170476005916,1945528101.2905126,0.0037011078836293593,0.1604131292701846,1250634723.5289292
2019-07-25,-0.0002794620778480694,0.16602238701736022,3055191931.627007,0.05376886897304256,0.15650698988247666,1925167519.4206953,0.0026368196798564753,0.1620357363626639,1234663129.2859209
2019-07-26,-0.003032171150912588,0.1710015959703443,3059524815.7867055,0.051343218491535836,0.16777729449168194,1926860085.779525,0.002101175966390853,0.16209014730073068,1242968760.7968147
2019-07-29,-0.002572155538884374,0.1715595062928939,3025462015.5432615,0.050612794112410264,0.14790039995940008,1867263361.8895807,0.006313065082547156,0.18050689968529035,1400817049.8444633
2019-07-30,-0.0031806510529184817,0.1701832729708701,3038768230.5765243,0.0511952098774838,0.1581103185077542,1869919099.379147,0.0023584898176949726,0.19742914698214403,1367752747.429451
2019-07-31,-0.002787475083841584,0.17026122884447825,3060011454.9020295,0.05003449762564366,0.1596998416856743,1875062681.0687308,0.002956658256402747,0.22991992227799268,1387597765.8019526
2019-08-01,0.0017303023307117804,0.18137087247738654,3330924259.2725706,0.05157844253479488,0.16501843398548663,1908232754.2159789,0.006694384597259476,0.24414819136750962,1504723055.0546036
2019-08-02,0.0023335692822636367,0.17572296022664427,3424692109.7259035,0.055738154098435744,0.15577190240536587,1961986301.9627664,0.005916784077181478,0.21980594867352707,1438941738.7454
2019-08-05,0.002927800698338423,0.17434768411090829,3484346711.6334033,0.05564092075873245,0.15844738526489133,2006820728.887231,0.005072859735127402,0.2355219783409467,1483377168.7915924
2019-08-06,0.001784289523983823,0.17586568775334332,3500635291.263698,0.05491377928752264,0.1586057340771284,2005729198.033848,0.005475051100486447,0.2659166760923619,1534741656.711538
2019-08-07,0.0039602182077177195,0.18057788742078096,3650508571.07659,0.0584464774561064,0.1715000027342411,2077424620.7468996,0.0039212462955569155,0.26775205458119666,1537186518.8657598
2019-08-08,0.0029000389445593133,0.1811896272212486,3431598319.10025,0.056201118295751,0.16010931217007718,2048362693.1584916,0.005246485622124555,0.27873452701523077,1446178211.755166
2019-08-09,0.00438396295602464,0.1830254628800814,3543048315.193655,0.05722498914687282,0.17843334200381614,2063952396.0826614,0.005860668877885847,0.27046630351449835,1410097690.3335056
2019-08-12,0.005827348186558806,0.19203840039130374,3552420051.153389,0.05572178208918685,0.18359820770513258,2008905375.7730532,0.004469933756651487,0.29269618286339333,1501173474.094344
2019-08-13,0.001975867508876017,0.19042637832264142,3475086468.3559027,0.05159695395960254,0.19493834601984042,1971131279.1459286,0.003125511439923137,0.3058864396861992,1370431609.9031758
2019-08-14,0.007051028974186524,0.21223976440016804,3677013341.083701,0.05768439501683867,0.18613164111404648,2016656959.180124,0.006382880834832502,0.30325000348501846,1433929685.9587467
2019-08-15,0.005540664815305879,0.2129489953716494,3495603422.264372,0.05790721383456121,0.18727600209567563,2059068984.3850517,0.0026671765910329243,0.30310977095290276,1347134921.5364
2019-08-16,0.009862312022728248,0.21441937638955277,3662404944.142652,0.05761145403302945,0.19723516604964153,2055509698.4056249,0.0038567748801321827,0.29516807658107896,1374541117.9464703
2019-08-19,0.011509200869149111,0.22199756025528775,3566634325.6661944,0.06057330395697891,0.20017733473500499,2072389276.2642255,0.005588229172652295,0.3204152141622059,1402787383.8181303
2019-08-20,0.01021927398821193,0.2085642717800374,3514787945.0642157,0.06150109834078388,0.1880383523940701,2099631411.6718538,-0.001375382021068336,0.3255488878008018,1392129546.6045277
2019-08-21,0.010952504507900002,0.2172628073550484,3592633097.3012238,0.061000044701226386,0.20692565880072827,2072448147.8406172,0.002016222154543598,0.2862478355834329,1433161026.89121
2019-08-22,0.014474923565029385,0.24986827926851285,3812623512.012314,0.06290502011150759,0.19526957348213583,2081189484.3091538,0.002354361669412511,0.300280413912852,1450809008.723968
2019-08-23,0.014611100329834065,0.23016993464755361,3639957087.5660515,0.06207226389328327,0.23256609480886176,2054517903.254912,0.0019559117700974765,0.3093502604133241,1456256063.4392786
2019-08-26,0.015424906829437979,0.24437517713405088,3897429571.0108266,0.06531124148132786,0.2292962746235629,2100642507.1519723,0.004008369917532936,0.2902690069106387,1439686331.776561
2019-08-27,0.01682747153429312,0.23318794330620196,3830387137.8974233,0.06525600568748852,0.2313010145350491,2068391844.1736248,0.0024471580565166434,0.26894201630991077,1419898852.5375612
2019-08-28,0.01766993808867809,0.24075542334259378,3758172783.927772,0.06383595876208414,0.23902049585423485,2074999524.6854064,0.002997342582085491,0.24162495518874152,1349224159.7915673
2019-08-29,0.01816531369597929,0.2457492129817593,3842023275.761829,0.06483502202034727,0.22077762887674254,2074245629.3587434,-0.00011472460386501016,0.24874553954755624,1346709078.8544967
2019-08-30,0.01961301317461081,0.2532707182778421,3731768530.49017,0.06374518038707616,0.22827120309033602,2073440969.740888,0.004676433027380619,0.2609982947975111,1354658994.3496702
2019-09-03,0.021707604512018808,0.24414168643798095,3995144815.1728873,0.06663835890658804,0.21370551532012363,2066279016.6594265,0.001348394983090001,0.24406617493432517,1351472095.502624
2019-09-04,0.02286011986201364,0.23330525259710957,3800467002.3990173,0.06612476781386367,0.20699182531016838,2076315902.7656767,0.005482727762067444,0.25152977866310733,1353350342.6998324
2019-09-05,0.024306972478522426,0.2329482241685446,3625007236.591007,0.05941354071315222,0.21945998885106718,1995679373.9320087,0.007699093467746512,0.23814429850738852,1322349698.740431
2019-09-06,0.02500509308417978,0.23877750256460653,3826539129.576339,0.062269793974441795,0.20162973749806104,2023819620.680755,0.0066381551003508316,0.23414853299774355,1454328361.936945
2019-09-09,0.025962735635620654,0.2437362159309036,3822136567.239878,0.06498256922939435,0.20589730998202269,2047022551.1987371,0.006669443319713239,0.2155792057569901,1363387776.128774
2019-09-10,0.028655088807911983,0.22664932495569748,3859068487.189975,0.06474614255961497,0.19975316708475555,2019064055.7319648,0.01017630100817489,0.2393626213227109,1362433014.9038312
2019-09-11,0.03033293898277903,0.24203203793192646,3953824606.527503,0.06762949212159816,0.20474689269875673,2073994457.1145825,0.014348332163791125,0.2327407533056063,1487825006.04445
2019-09-12,0.0343388751061138,0.23723587808614544,4050227864.0803194,0.06926234335212228,0.1965610129378796,2140126147.0323145,0.0033426529491349527,0.21272418034395119,1394626895.7055027
2019-09-13,0.03415695583543232,0.2337420510902483,4130483581.376993,0.07010132400851832,0.21500586667938393,2095727384.2521513,0.007752376142493536,0.23800662302398956,1420752841.104033
2019-09-16,0.036160802158428706,0.2416977970826993,4251700253.2354198,0.0714248739751544,0.18761075876270955,2127471219.040687,0.010871400248511895,0.2270375648190426,1424886265.2881799
2019-09-17,0.03325434035611932,0.2638160940295263,4072431475.658446,0.06791592581346217,0.19427511455977925,2046798893.5259905,0.005835864825050732,0.22771828238974978,1378695353.2132325
2019-09-18,0.03284921615715666,0.22600497173406778,4046494319.008329,0.0645393944089799,0.19984672845162624,2024152189.2493002,0.006682689527052962,0.21529316298058485,1350678296.4207027
2019-09-19,0.032581832596014715,0.23651152276507112,3949430283.916144,0.06520460224052055,0.18208842015971943,2030662390.2421665,0.004785917732126541,0.21432417386747596,1329621398.0371695
2019-09-20,0.033133447820179796,0.22291173874656833,3800605606.3684006,0.06504204321927304,0.19701902478624422,2030715540.0440543,0.008284141027399564,0.21222143360206958,1300504876.3014011
2019-09-23,0.03476006586717342,0.23287084443365022,4120671749.103417,0.06875283376141375,0.20431439902029064,2087761610.3255281,0.007967934559538856,0.21757951168254308,1365823684.1167767
2019-09-24,0.033619549304119006,0.21886608272141542,3890224994.422171,0.06561183223614481,0.1970942986533073,2068937454.3355834,0.010327619974352345,0.21890549287364403,1359178879.8099866
2019-09-25,0.033095096824801495,0.2180444818385633,3974723009.8788624,0.06305874161048722,0.18614304079932484,2032480093.8767018,0.005035111014752583,0.18240315385388234,1306719048.517007
2019-09-26,0.031713029451648916,0.21056339748807967,3950182834.128964,0.06537321945322314,0.18233108663264763,2059522375.9747725,0.004501926642223833,0.18911001803223995,1315760173.094957
2019-09-27,0.02983958327239175,0.21343910310114855,3772273037.2714677,0.06353415202746268,0.1825824572776997,1999421473.6306164,0.00550955406790056,0.20150666031562225,1317677978.0895045
2019-09-30,0.0275441613324591,0.2002093438881111,3631307796.6143064,0.0623447340098639,0.17098750973156882,2004282893.1949842,0.005905250298919154,0.20102322438007572,1296423056.1668932
2019-10-01,0.030321116197145587,0.22365720573766698,3868268327.032443,0.06157495268360719,0.18933498462410459,1949503781.7415287,0.007492225392516996,0.1857318988670288,1343161457.2513263
2019-10-02,0.03144634025456855,0.22533871045611473,3874474290.20548,0.060856844619358946,0.1887319221643112,1978853214.1829634,0.006617281550687679,0.18485338743788426,1334446793.8885326
2019-10-03,0.029883761787543178,0.2067011559889411,3945709040.549885,0.059945521444904365,0.17460320518567282,1945071776.9776256,0.0023043889493056385,0.18478023348225198,1401021960.5532568
2019-10-04,0.029289170756688077,0.22347948267719456,3826225343.714935,0.06197255311450964,0.19424901787245644,2023491357.802016,0.005292369715121356,0.17373131875294198,1358557277.4946096
2019-10-07,0.02826746277330533,0.20159157396727745,4044203302.883973,0.05903940334523919,0.1781508940411319,1985187329.8253822,0.004394119015110928,0.17970873489843794,1341872546.37416
2019-10-08,0.026086972745801157,0.209211680279777,3954266910.6089244,0.05804650743798265,0.15363285597865184,1938444644.5420144,0.003348850878091572,0.1742045508858614,1234797381.9259431
2019-10-09,0.027833294723370428,0.2013062090063539,4074490097.658908,0.06064030622571248,0.17448976093294788,1992423962.6221995,0.0038841878764327015,0.1700908331411553,1240859596.8025227
2019-10-10,0.025630665392475854,0.21515142297994924,3995449509.325185,0.057325079087197056,0.173126175884299,1951932922.5478039,0.0038267569233191717,0.17272803596321326,1323882712.787079
2019-10-11,0.0268452482770693,0.20708690571504307,4035361644.922884,0.05681163904908079,0.1650651884193331,1930116860.8509095,0.0017470248016876883,0.17622063631543772,1239621273.6192455
2019-10-14,0.027923530848719402,0.20519036473542443,3971745404.838518,0.05614214231127229,0.1689345976841115,1925831918.0833714,0.002562713717653667,0.16570760341712107,1211091068.6637318
2019-10-15,0.02520116834579378,0.2012666294725475,3985698417.7999644,0.054998355855268105,0.18116739239322657,1921217424.0158565,0.0018800491719203755,0.1707416520058343,1216508033.2184908
2019-10-16,0.02462645371156802,0.19043205119835793,3996948280.6875086,0.05450680686041859,0.17530448424157058,1911436118.5279381,0.002173379903134001,0.16316503945074828,1246468891.973646
2019-10-17,0.02336169395311119,0.2008095177851687,3932902517.488881,0.05342042009940548,0.17704245996050297,1926559766.3935328,0.0023056313311828197,0.16532405319724236,1239795440.9900947
2019-10-18,0.02449604552537263,0.1893240396008925,3879853879.300741,0.05495559300316935,0.1658724926577101,1928547902.3296685,0.001843257069244944,0.16803019035071223,1275647503.2998013
2019-10-21,0.024134703930036888,0.1976412359383738,3866581610.8513308,0.05673815782428743,0.1607282346150205,1990105621.7726552,0.0021157100157064707,0.17248883901329562,1301816980.3635526
2019-10-22,0.020414776320067107,0.1829398431570522,3799561897.0012774,0.05244888039828102,0.1645756738351239,1926019023.5473425,0.0007397699834080507,0.16644207185270982,1257410477.3479257
2019-10-23,0.021598947451826583,0.1840359327585756,3812417100.9247823,0.05333419357540348,0.15547614281468325,1936259900.9323556,0.0007049895351543267,0.1589165901576516,1207878794.5823362
2019-10-24,0.02184686340697431,0.1890385476306632,3918910059.702984,0.05362927818984997,0.1528210759360536,1966925123.347641,-0.00045299865833131614,0.16487161688817623,1251919216.7604647
2019-10-25,0.01929781866673938,0.18873888161699884,3779711063.4199963,0.057372738072549084,0.1849829524049457,2019204117.250523,-0.00026906386976939534,0.1573237216316303,1176949652.7004046
2019-10-28,0.01536274053813233,0.18759095662518444,3720206883.138076,0.05676262706572588,0.16601845619000843,1973332310.8439608,-0.0004187504973843237,0.16410530464729117,1180182919.431679
2019-10-29,0.013723986589473297,0.1904851517922396,3727685145.478435,0.05870574064812897,0.201229261503906,2053001172.523136,1.7230406848645075e-05,0.16548095193888268,1174217572.2809417
2019-10-30,0.017221805840330173,0.18873117053371444,3744487574.7439256,0.058176844581488196,0.16299158991599755,2017512289.118506,-0.0009050468987907567,0.16875358533662096,1215472329.9942067
2019-10-31,0.017935757625702237,0.19296322911135622,3912539058.0035024,0.057080174633370784,0.16510785481757473,1994244821.5431416,-0.00014846787075933898,0.16803789467400546,1232619527.305447
2019-11-01,0.01744947311107911,0.17621900120624961,3931794730.9049945,0.058240916963085004,0.17130899000705602,2014251353.8007884,-0.0002153873825372632,0.1662169981794871,1197040218.4098363
2019-11-04,0.018457382089626634,0.18030168109174902,3899088202.2760935,0.05881404773102131,0.18197977797845682,2019564846.5238101,0.00015148030355838227,0.15880701787807583,1212429040.583904
2019-11-05,0.019100402828244295,0.1902151678548032,4116297544.7218575,0.056024731741970646,0.17156624046796976,1983170801.0275369,0.0006924745862026821,0.15570519000636898,1188736108.9064503
2019-11-06,0.01548332064322247,0.18519512665667792,3778391774.81234,0.05333150153102692,0.15566047328444899,1908888598.500166,1.9649778091712644e-05,0.14977982858035985,1173148958.622908
2019-11-07,0.01633039600182143,0.18593441411752923,3845494885.696258,0.05323678599975479,0.1623295380648453,1915961422.95251,-0.0001682226938403697,0.16712867301181258,1251812458.2888548
2019-11-08,0.016197955653537294,0.1869060410686348,3862316620.318969,0.052521660871766546,0.17984628213276696,1902953398.0238857,0.001097746284189266,0.16720952041700987,1273614843.8078406
2019-11-11,0.016110508932414752,0.18453852081905886,3785577085.340908,0.05233607113470179,0.1728794810655867,1879973568.0703037,0.0006900682944848413,0.1625033335439907,1258497119.9772818
2019-11-12,0.016815978701339968,0.17768797629924535,3842580809.468219,0.051954401168185255,0.17880897627508205,1892989303.1328385,5.6812482932475095e-05,0.1585002128809769,1208996891.0622241
2019-11-13,0.01567076714509688,0.17443514714942718,3845634883.168465,0.05091906579750202,0.1735566676259252,1867719306.64854,-0.0003702829077848052,0.16575515356505022,1224474845.5227485
2019-11-14,0.017197913844140933,0.17818336216785965,3873616982.640797,0.04968186155732229,0.16093878286650296,1838713862.7806797,-0.0007829549387049772,0.15286984632279588,1181143095.6122026
2019-11-15,0.01640392444886349,0.1665002892398098,3776384647.5468326,0.05118406028925088,0.16223077098564678,1848341515.4760015,0.00025146043484311487,0.1517544214127909,1196005003.234695
2019-11-18,0.016080985338692372,0.17604473872432835,3786915843.9331284,0.0509665590597079,0.1717881248152993,1866067967.9908216,0.001431391097852841,0.15236286048123182,1172483123.6909738
2019-11-19,0.016275899483709444,0.1910133119062028,3818514496.7676816,0.050871618085263776,0.16732930447272387,1871506995.5106533,0.0010656391623161815,0.16051622661453774,1260540168.0115209
2019-11-20,0.015677040304705625,0.18252396963212197,3712889759.602054,0.04962367727967157,0.15762348630166947,1842154110.6667027,0.00014526881470952602,0.1592287173782375,1222708376.7068872
2019-11-21,0.012708054098783395,0.1798440730615521,3730561276.4144454,0.05322923332264362,0.16260030389390925,1932873273.9155607,-0.000519523888094689,0.15863356364998735,1232082879.3314247
2019-11-22,0.014277150388716187,0.17331978570105694,3760441539.870744,0.0503800587064136,0.13899462665131532,1896415321.6537766,0.000802678539901111,0.15966696021683685,1251641867.931732
2019-11-25,0.013116591669421779,0.1801997454070265,3731557716.5285296,0.05079347946164034,0.14715533950352613,1879765113.330976,0.00047670513108141743,0.15594603286117273,1224186525.048194
2019-11-26,0.010984186997579526,0.17302183344444821,3693820914.299277,0.05178180742503516,0.1576395876600662,1914889588.7316022,0.0005627585359057607,0.14989100303386407,1241855856.0945206
2019-11-27,0.011159086487195796,0.1729463274051511,3751315260.903727,0.052179572770535726,0.1546772875179406,1901325401.8811212,3.15096705052198e-05,0.15721090488964148,1237379175.799385
2019-11-29,0.010638057890482555,0.16991999706768685,3669325131.719898,0.050702166520573966,0.14611271051188146,1875832343.7678893,0.00010657679707538892,0.14866034453355695,1203390909.4244592
2019-12-02,0.00858200123683181,0.16752040714127941,3622005128.609942,0.049547261773551315,0.14488580440907525,1844217424.355168,-0.001079104155336963,0.13503600218188835,1168334629.7495248
2019-12-03,0.008653570539878835,0.1682480411410906,3656404653.040737,0.05170209728642916,0.14683450268650539,1899947552.906422,-0.0016593478587786509,0.14978523575697777,1223498593.7755353
2019-12-04,0.011151021286902846,0.17599529667669883,3726753875.6046524,0.05114181120299516,0.13834950594915513,1893090408.1678784,-0.001356335107248377,0.15346549099930196,1216296122.9874384
2019-12-05,0.00810366223416542,0.17369272971487457,3502899123.215103,0.049056118133832094,0.14456318931468365,1857789285.6180108,-0.0010842321190619453,0.14329627504660894,1237714538.8162582
2019-12-06,0.007392212121145214,0.15909707518336041,3654107397.3936076,0.047520382440039394,0.13570454495453813,1828134079.7287986,-0.0013887215863146313,0.1451699854540049,1181571309.0830839
2019-12-09,0.010143861920524189,0.16685456957409503,3723198681.022617,0.04674036656503672,0.1425480307991268,1852607070.6155791,-0.0006594458456157387,0.14570773373019796,1179445046.1424522
2019-12-10,0.009268254228686407,0.1745198812959772,3710328924.6359367,0.042445527319124654,0.135506198010308,1765692274.287714,-0.001089106529799988,0.14119632771190932,1198849877.7092865
2019-12-11,0.0097809925192687,0.1764413934807862,3760691277.2927275,0.04182159540485325,0.13523287958565516,1766747225.6686382,-0.0009987077978437092,0.14505956373854387,1190359179.5541961
2019-12-12,0.009609785124192721,0.1741385556269659,3853255736.513343,0.04053638970807952,0.13113493781708505,1762364027.515021,-0.00110076683150713,0.14064733083589287,1242509536.4568927
2019-12-13,0.010478291294401254,0.1593089572162819,3759036566.278129,0.037565920251325685,0.13532901404116532,1765852481.022465,-0.003113536907869238,0.13327687630798227,1198490007.6173573
2019-12-16,0.010141584855560132,0.1589838605610239,3792350278.1686296,0.03621018247071714,0.1372042109624083,1744289625.2002218,-0.002268037858004557,0.14241523715713936,1206044830.4315493
2019-12-17,0.011298769531910724,0.15954338594988138,3819294021.027008,0.03838386645988395,0.13935364527230285,1782442054.4695528,-0.0025248659009997204,0.14015838329060817,1188181769.33124
2019-12-18,0.011578926136841083,0.17879335849160702,4064987401.519839,0.03912875036858063,0.13118773627878733,1802220873.2811744,-0.0027775145438813376,0.1409980875088417,1196531966.3738015
2019-12-19,0.0100027422016504,0.17076969231001168,3865993977.501638,0.03804311392141016,0.13700609780561288,1793028384.5847418,-0.002576122789689439,0.1378405039475344,1184090465.5551405
2019-12-20,0.010565431672812042,0.16761380954777488,3847246795.1774173,0.03889504794525819,0.13851717905447186,1827242965.347455,-0.0032940791195018304,0.14184921481338564,1182054539.7596817
2019-12-23,0.013940276054098755,0.17367247814213807,4362039017.77291,0.044670325577853276,0.1465771249288766,1946398055.168228,-0.0024847839651548076,0.13416002597890317,1264612177.1914136
2019-12-24,0.01512956817790928,0.17245403121301972,4301710195.24801,0.044609018370574016,0.1396081661256745,1889023949.6083357,-0.0022937488189916644,0.13692928478895133,1226417269.5515409
2019-12-26,0.012636641154407074,0.16124307034378504,3939296682.117128,0.04089949912356597,0.12975455756583887,1825767615.1219122,-0.004415027593927576,0.12782291222424927,1165231101.3936772
2019-12-27,0.014229347200038739,0.16472634007122988,4184636024.6040535,0.04139949644440308,0.14072255610943857,1830180440.6002376,-0.005052341087127349,0.1273207143601876,1130075837.9120173
2019-12-30,0.015967130979803845,0.18064931870757556,4018478380.5265675,0.04198843549393397,0.136957819752696,1834189500.9468255,-0.004492349581567079,0.13660595604231904,1111900750.5216024
2019-12-31,0.01715224411525143,0.18367161602533047,4374691446.522971,0.04072228205211595,0.14110588592374806,1779476685.861723,-0.0048196180341541495,0.13116196271274772,1131647495.7137284
2020-01-02,0.01717997501866078,0.16512284842026803,4173810917.1458464,0.039494597116039254,0.1355246070355492,1772827040.4360552,-0.004710148913194434,0.1294707436102722,1144013117.8281107
2020-01-03,0.01766300607802737,0.1675252135467018,4315230756.2188015,0.03988955245691883,0.138311941750291,1809715416.1703122,-0.004402111195632871,0.13122465164574781,1150677372.9805446
2020-01-06,0.019671549959363682,0.16711175439785061,4369463615.532305,0.036681863068346504,0.1387069686564952,1761636630.5852463,-0.005883488981412374,0.1333654377030941,1153859560.3160846
2020-01-07,0.019283314434525717,0.16653309312821646,4463544561.789642,0.042288053828249156,0.1382777693676664,1816688048.689924,-0.004119097784365144,0.141129829540274,1164720698.5931754
2020-01-08,0.02128424462017764,0.17337185681435222,4486364780.7338085,0.042390770756107615,0.14272041399196556,1844817799.1682851,-0.004110344405166555,0.13652295158253913,1239106729.5883114
2020-01-09,0.022338696824440646,0.18524877249335764,4572559574.077558,0.043283674084548696,0.15400705561019634,1863305300.3980665,-0.003444306068671993,0.143588954961941,1236474720.9272163
2020-01-10,0.02376326789193267,0.16761955249691143,4671264448.827513,0.04116493521128051,0.1394297712469883,1837790481.5936568,-0.0024707571382518168,0.13682344313755615,1237694069.034364
2020-01-13,0.024094661163238912,0.16573381679108834,4483565196.6847315,0.042422026060472434,0.13969034597420366,1842258800.019091,-0.0025988376873714303,0.13867262252806548,1201854389.37493
2020-01-14,0.02629033204121803,0.1679877134975685,4826813300.911528,0.04339157099275767,0.14143527670056963,1886515501.4219153,-0.001878992449104916,0.14704111380266408,1324458756.9052913
2020-01-15,0.02736378347410459,0.1726271368008322,4871330589.995863,0.04329125254017313,0.14395431633339928,1854311825.8896391,-0.0020422666025567693,0.1357669679937356,1271515230.3428507
2020-01-16,0.02765593266838179,0.17502735406658215,4941016193.497909,0.044649062329430694,0.15786341482277466,1876866792.189779,-0.0025435953655608273,0.1535165154827577,1349657883.1180902
2020-01-17,0.030104478682003666,0.17105510077328595,5019117287.302621,0.049350234496604306,0.16000386962527413,1923378382.380968,-0.0022705612381820756,0.14127747943481403,1226451942.0168803
2020-01-21,0.031063846859953753,0.16962558856963533,5105198220.816783,0.05029608709091982,0.14779530743110364,1996226012.9109323,-0.00045216082039731265,0.14524784618738232,1322939285.6598449
2020-01-22,0.032127316166854464,0.17035497856990056,4870516491.19561,0.05270216897668889,0.1437423016023844,1996406182.5190442,-0.00023111760176437735,0.13655939649178697,1288406099.5141392
2020-01-23,0.03294923906267086,0.1716295857947946,5038462993.20667,0.0551851392536212,0.1486435297172803,2038227635.7071774,0.000585205684928175,0.15083892722299602,1384241532.0525346
2020-01-24,0.03266763806097678,0.17452523378300278,5281746999.946747,0.055062921639162765,0.16196366113017602,2031890493.3106952,0.00012756565980211187,0.14225831283584178,1293744989.2608209
2020-01-27,0.03501233284596697,0.1838306171540245,5178023664.864864,0.057537729320891795,0.16418707384348016,2051525355.2125595,0.0007493240164809373,0.16148793749990617,1311444289.3876643
2020-01-28,0.035461494980798064,0.1836579270337589,5238898598.211917,0.05881170694415691,0.1725279687227956,2069584867.4916513,-0.0006424547138221132,0.15299563105476482,1340981790.073002
2020-01-29,0.038495276299160996,0.17625121542850708,5469255909.056968,0.06306240004488853,0.16209403358920332,2130293890.0672145,0.0013890477471375784,0.166012647094191,1409489136.3045843
2020-01-30,0.041306566613429185,0.17856340706000917,5889710908.242886,0.06515019905761704,0.16144654392305763,2129121454.3088756,0.002176876636199268,0.16052714992019512,1362303802.2942305
2020-01-31,0.04199603874891544,0.18290886416115587,5701350281.750657,0.07113355222971668,0.1939676344281026,2256576321.5145025,0.001700569617069922,0.15358485284268705,1314386625.396638
2020-02-03,0.04520451403098502,0.19256129328457952,5710970608.011517,0.07294608427216706,0.19796415886903446,2253363105.8400607,0.0019937960147507067,0.1668936884293158,1333842352.5460494
2020-02-04,0.04518735085411138,0.20166289387839045,6007938740.490675,0.07725868711421185,0.21758900699426234,2380318677.5739617,0.0025389919963643287,0.1825215517409286,1538965975.060553
2020-02-05,0.046329235299629346,0.20939724296187123,6288689215.150811,0.07900898490371683,0.2193825030280246,2409738771.8699865,0.0048545615528492875,0.1953361863516864,1612102874.8014755
2020-02-06,0.04543976442385675,0.20315628145331746,5994797986.85598,0.08238810423329582,0.24087052230904024,2441382809.3599453,0.00576613410400352,0.20538642783397584,1594790766.9533122
2020-02-07,0.048798265542971286,0.19476815511149648,6254215670.815569,0.08678640713797237,0.1839222267115328,2465527551.281639,0.006263497318972397,0.18414525786114352,1643444186.1716495
2020-02-10,0.047439012761719634,0.22910762368474447,6358946026.096102,0.0861653005823649,0.23297777340708775,2468598178.574234,0.006566504355047645,0.18336594622721544,1578691852.7737782
2020-02-11,0.044495925396518005,0.23519269344467442,5869430770.432468,0.08990699172756544,0.2554968148745502,2542943456.121035,0.0073500556459685645,0.19075287858543843,1573830456.1402857
2020-02-12,0.04818965731246483,0.2233954011148486,5919828798.298127,0.09957549010423966,0.2666096244142422,2624348823.943899,0.009126765259841227,0.19361624537356814,1634239217.4047842
2020-02-13,0.04993521158607814,0.2238996025160645,5944689469.210408,0.10782168028232869,0.2584239623420215,2776494271.902384,0.009920369822032024,0.19599201167860067,1625104915.493477
2020-02-14,0.047746666716588254,0.23499544396736421,5761949517.645654,0.10977347060200754,0.30015554465144056,2786721780.1798034,0.01041553569579852,0.22815880711766887,1557836763.3243737
2020-02-18,0.04715111470788744,0.20703515928201066,5788575002.172901,0.11148139589960954,0.30703438406524586,2803529830.8615413,0.011329756086635653,0.20195883470762768,1583771190.9273238
2020-02-19,0.05083267842669342,0.21882914122999464,5874480671.111566,0.11598316195348018,0.27002503325952554,2789102294.489792,0.011168735536752308,0.20169824482117055,1539720977.8224363
2020-02-20,0.049877634687193806,0.24181925609024582,5952105675.00478,0.11819245904687214,0.2609578295559739,2778001642.1373644,0.010386464681972088,0.19533210787747735,1516329820.8610659
2020-02-21,0.05012136168882536,0.23155441796575496,5476226041.1314335,0.1221144992579401,0.2790727475744399,2865718368.2515416,0.011305275317011212,0.20107862716511915,1478155011.6282868
2020-02-24,0.05041041133765667,0.23863865883773838,5955916683.022298,0.12679281040234258,0.2952597921336575,2916228155.9350276,0.010817777692794059,0.21658129739916523,1542108354.7426758
2020-02-25,0.05355820212578091,0.24741380573363655,6183935600.745771,0.13685182928891726,0.3318838360362313,3080981535.769189,0.010304647413098125,0.20595836481232035,1631090981.296154
2020-02-26,0.05486547219823515,0.2350622813993392,6015640712.096948,0.1435039091505414,0.3570653441821552,3230249444.44291,0.008759829029540464,0.21780690400718775,1703701343.8319376
2020-02-27,0.05626368552273395,0.25436361487209735,6489240590.846858,0.14613300789466876,0.3825047124527422,3345999324.791896,0.009636568106120888,0.22588035312262328,1621305500.776215
2020-02-28,0.059016414391711985,0.2680124614525417,6770591881.100645,0.16110414303569087,0.3679775040097186,3536183721.805853,0.011528338668465879,0.22321531347530194,1715905811.3264103
2020-03-02,0.06374379708526692,0.2815352629497122,7441150753.091281,0.16954068829463265,0.41720352868946187,3737675673.847176,0.012886371879957156,0.24183041034599462,1855556739.4205363
2020-03-03,0.06929570304774299,0.2972580868752187,8080822422.063858,0.17270978463414383,0.4500624644156609,3836760771.5152373,0.00927460839568732,0.24069413841575418,1884662366.386325
2020-03-04,0.07608376325825791,0.2926712812035257,8503468203.750391,0.18169900379354276,0.48015821290872884,3891975574.086831,0.013295582877814419,0.28284829190846505,1841321524.0260804
2020-03-05,0.0824573486729743,0.3503548265148816,8384390256.720754,0.18369796196014454,0.5387028035899843,3910970420.4613533,0.015536957104238205,0.29893584812504537,1920580528.0244756
2020-03-06,0.08230483409844094,0.37290930950700607,8303821888.171292,0.1878211537449811,0.5006291178399835,3934772508.668224,0.013430782560282531,0.2712906494936281,1930795631.6930335
2020-03-09,0.08712781218150414,0.37131492845087166,8867897712.997387,0.2003454769953213,0.537429492946167,4032584349.809771,0.01417077260627951,0.30216515944143774,2008526663.2661092
2020-03-10,0.08966045579372253,0.41405338681885073,8684875728.385979,0.20216306938188366,0.5577399951976958,4117012556.2440286,0.0124965083430469,0.31354039856337534,1918746819.220684
2020-03-11,0.0906484989018361,0.41554337272535213,9307160268.972507,0.1995495721171064,0.5560921452221114,4214383757.331425,0.009224866627623632,0.33416202613415713,2036428111.451742
2020-03-12,0.095541420627866,0.4670246231469669,9042343536.902811,0.2048676024108,0.6057442975171856,4225213210.50496,0.013185951143642086,0.36974047433808316,1983570955.5403025
2020-03-13,0.10366366726901607,0.47834103289932084,8817107659.91034,0.20994629083957328,0.6716911981387619,4344148940.539005,0.011561860034287288,0.3761050701373862,1989443559.0807517
2020-03-16,0.10646225578727916,0.5242707553843763,10089660089.343338,0.22999306029762084,0.7383308106041101,4568016987.280494,0.015351252192846152,0.4004241242853227,2271816070.7221947
2020-03-17,0.09855713583205597,0.5520176707240799,9994059112.443848,0.2242651096471866,0.7526974260611111,4606177615.5515,0.00904234434052549,0.42525281988131647,2031782396.012709
2020-03-18,0.10091389208970389,0.609909536465404,9870716414.331419,0.2274373736287224,0.8398393945428593,4620012106.941655,0.012177146068529446,0.4723832787921178,2248786335.15995
2020-03-19,0.11281300677238568,0.628152202321856,10211804483.899864,0.24608418330455029,0.8811651460967678,4743254059.019639,0.00894105063918317,0.4930593058551996,2180206489.4293075
2020-03-20,0.11492086381507302,0.6616798038576281,9988223604.939465,0.21100849477255873,0.9023111408178683,4764896390.964487,0.01332496789273073,0.49612671842429257,2270215751.3083467
2020-03-23,0.10343075754118522,0.6597670280724097,10320442013.785223,0.21283089621049034,0.8809968284489699,4820199247.963647,0.004459164894702897,0.4916822571105715,2194068714.4776387
2020-03-24,0.12162406309434406,0.6734035854312287,9883953298.50166,0.22779263622357915,0.8993718734531829,4897990625.24337,0.010993471526916446,0.525385950096253,2259809442.3018336
2020-03-25,0.11109628872140428,0.6732749822080383,10377004138.129892,0.23209042262891422,0.9126282751756957,4944004376.156415,0.01321084277247643,0.527090743033326,2265926937.34289
2020-03-26,0.12537360902228026,0.7488766192186588,9583171871.824694,0.23270135918278678,0.9688372494839014,4908915697.893248,0.013808198371460564,0.5646121014637349,2347057196.3481603
2020-03-27,0.12329571268844244,0.7266859890768724,11172199327.373302,0.24179901384569202,0.9579850588290764,5010294813.084984,0.010220947260874177,0.5754102877182825,2415489336.707902
2020-03-30,0.1319585179234031,0.7196660239897188,10427393534.813805,0.23821662161567192,0.9868097634816234,4921852473.930871,0.015834311396217812,0.5859724348393878,2384340050.139843
2020-03-31,0.13115681376225816,0.7570095396830532,10243318415.953753,0.26550755552644606,1.0353881804592366,5083175211.830973,0.01900400323101893,0.5893339388086059,2333341704.5510044
2020-04-01,0.13616239476498845,0.7097282164551707,10418371257.877995,0.27195818619563095,0.9636039743188977,5155330064.4919195,0.02278855708823542,0.6183752096172653,2456610958.314724
2020-04-02,0.13648621697455562,0.8243549256548085,10722509298.560799,0.27403221503837644,1.0580171872649684,5191146995.397542,0.010644565835497818,0.6120378213144042,2285539721.696597
2020-04-03,0.13853439044883545,0.7567837019590642,10148761338.260744,0.27579337781498486,1.0267467007051685,5161974273.063782,0.02573948806656577,0.6048639312909452,2349985677.366124
2020-04-06,0.15725874816171384,0.7817148579547125,10350175460.71283,0.2705276589173878,1.0945755838745137,5161461009.621475,0.026419369943133778,0.6476350906951872,2475044487.446492
2020-04-07,0.1477282944997689,0.7898064400328701,10336529645.626575,0.27773713679838674,1.0979814784105342,5330300420.388425,0.02139075571071518,0.6467560913632315,2529256886.3857656
2020-04-08,0.1544807845149078,0.763291625582752,10029099742.221085,0.24018418726653346,1.0826537232119549,5058342928.768154,0.01963814388421052,0.6344856916186509,2364990216.1558657
2020-04-09,0.15631049921040588,0.7886390472916118,9779989640.61003,0.2710384187114593,1.1142199509039135,5198017850.050916,0.027820926220989126,0.6440991132469821,2503255703.7791934
2020-04-13,0.16695378898847832,0.7857773152852728,10249346147.179827,0.27474908945170273,1.1233312387005323,5065088933.862642,0.025056349824599797,0.6526046256616836,2479531035.8525596
2020-04-14,0.14744439831718845,0.7767783393848601,9034391542.913736,0.23798988341198185,1.0939378077256328,4940136839.257234,0.021614478659002637,0.6215437898988642,2312515513.7232156
2020-04-15,0.16738546156266312,0.623333300428586,8589519842.250823,0.2727103926629612,1.0140472441630952,5049178531.061173,0.02936304465637081,0.5658521238597989,2349796719.7963004
2020-04-16,0.13836717766356701,0.6391913861661764,8396929192.070832,0.24357079094028378,0.9073590091999275,4667674561.967317,0.016483058764152667,0.5816310144710801,2353899877.659512
2020-04-17,0.1446281572341255,0.5762980259723534,8244792587.164145,0.24904815169738126,0.877173406248715,4701038883.950522,0.022598913551823183,0.5251529502868888,2305295527.2221003
2020-04-20,0.1581400591707288,0.61163506740104,8575949617.213419,0.25793162379962176,0.7526132380922209,4783781631.981271,0.024603168311839133,0.5349866592041403,2334968212.358165
2020-04-21,0.14250609928626426,0.5914303415248608,8320487659.956549,0.23570499229950231,0.786632414621798,4595767343.77965,0.03092755775648197,0.5088701635218763,2383468853.8868074
2020-04-22,0.14680316460166418,0.5899121480456069,8038865321.741115,0.2529952517937665,0.7477673283746283,4784824750.187912,0.024693187896959554,0.49132345366490154,2203941084.1830773
2020-04-23,0.14491778758519366,0.5925556240272442,7842617345.618883,0.25230696766246824,0.7884943011877427,4575075195.775974,0.021669306842317257,0.5335470254050904,2417003821.2855806
2020-04-24,0.15073302859567808,0.5506227935993033,9353432577.04851,0.2478550108316866,0.7310438895448897,4631448282.232121,0.02676698471977089,0.503353924363267,2389142659.500759
2020-04-27,0.14551091788272755,0.5009993321069833,7303099709.383107,0.22844642960226108,0.7103675144251059,4345520487.955807,0.016381931655322243,0.4620690345657373,2122200325.817648
2020-04-28,0.1438066250137737,0.5566736429632974,7405751311.147161,0.23736000954113762,0.6959750260583822,4386122002.0002,0.03279792921649201,0.47425124561357457,2264387863.0856724
2020-04-29,0.12582098368515202,0.4548850772836782,8061851562.832403,0.23288819560537594,0.6985566828816778,4405686209.868401,0.024521693695236005,0.470981241623508,2340484680.4960275
2020-04-30,0.13455367034110713,0.45617115615430925,7492619342.542334,0.2518056729097023,0.5903893781942962,4560961463.474129,0.032716261170568015,0.5046286504917817,2277768144.029337
2020-05-01,0.13571285492127058,0.4497417787715874,7149737818.393119,0.22936198844526234,0.6402084652616407,4359392233.714671,0.035357982882006575,0.4392842378961675,2299240688.464608
2020-05-04,0.12647937671844692,0.43428554479310666,7840727656.538389,0.21970369294074865,0.5162089845929252,4421594997.733963,0.02128462960132517,0.45497131378898786,2198678311.4805923
2020-05-05,0.12268034240241102,0.43830836993687516,7527615301.363723,0.23566279266494522,0.5552675160118146,4326173062.582712,0.03702341502636787,0.46260107220376995,2342724936.0482454
2020-05-06,0.12416767330969916,0.4511216138520231,7580381874.646913,0.236542279388412,0.4690813490773845,4295784298.788117,0.03667971226628412,0.4378990405684848,2256386794.9404078
2020-05-07,0.12670149074852602,0.3968749673677783,7460420054.379483,0.23148765545725059,0.4571148648959956,4213146231.941939,0.03350386918398922,0.4638515964840845,2217066999.3292127
2020-05-08,0.12083726141193421,0.4497908385478152,7091465730.534129,0.22911843807779692,0.4922743760439482,4052620409.5784373,0.028249131128048374,0.4038759441649005,2089009479.13984
2020-05-11,0.12080595545425585,0.3845209563992893,7546068463.775332,0.21848005192382247,0.4793083860045074,4042966046.2288284,0.03805841754020929,0.4476723684763327,2253131948.769542
2020-05-12,0.12133786429754759,0.3929235972928855,7275360132.626081,0.22081536720663691,0.5612966198400439,3971125311.3826776,0.023521591736256967,0.4565474546624804,2108208311.255437
2020-05-13,0.11006069239767344,0.3816887097636492,6719145279.48544,0.21171807151324534,0.45596521589397276,3980257256.808499,0.023778088831144226,0.4232400412048101,2075549372.380365
2020-05-14,0.11552708201856812,0.3542888782059528,6815536970.407888,0.2048443849944087,0.4871167655820322,3939329803.3839393,0.02697358317798766,0.3993058340710636,1973464138.2562225
2020-05-15,0.10465172726186087,0.37558400146129145,7163667965.959069,0.20547754796024614,0.47599265186165485,3862968882.042677,0.027878462210922758,0.44401401581862193,2067153124.8447957
2020-05-18,0.10612908987315242,0.3228535772650559,7113696600.234182,0.1922751071831914,0.4488425847249221,3855092543.25998,0.02776103459966349,0.38227595571797307,1984415924.559659
2020-05-19,0.1191193719683831,0.35421206414633644,7124039570.531001,0.21591044859717468,0.4356429730665192,3982414056.433195,0.025318089481853337,0.3832538711619835,2033855623.4754112
2020-05-20,0.10340740074765889,0.3119599722021884,7007717270.704009,0.20714253588464082,0.3804278413445126,3785179595.015143,0.0247854431286081,0.3599260666037211,1940153232.2774575
2020-05-21,0.10575874833043555,0.2949809015884912,7308469922.991492,0.1978531262351888,0.4495617082631781,3780190252.7630672,0.02784395872549715,0.40532211360881487,1967351389.575654
2020-05-22,0.10051380443272792,0.324504318516013,7393142145.916173,0.20179593697057951,0.3936224878458997,3718183013.12169,0.03168413005328809,0.41657069731799673,2016980697.4360156
2020-05-26,0.09974850170928937,0.2958824258084015,6727103319.924291,0.1853422878390008,0.3574429326593991,3564631016.202667,0.02767406044376318,0.36478160418440536,1960282234.8731186
2020-05-27,0.08473608120463708,0.29286643329587114,6510323180.122942,0.18322621740181466,0.4033685601788666,3589301331.1627913,0.025142203053794235,0.366214559698438,1970683487.0657692
2020-05-28,0.09196444316444954,0.27281329930061654,6464053633.2297535,0.1874672980005891,0.36077485600464787,3582748108.0214825,0.028920732801251278,0.3585119672859198,1944350576.3440042
2020-05-29,0.08894648943349528,0.25227625404742826,6629452619.162749,0.1834198837342264,0.3382782800595183,3545177689.7555084,0.026285045320124836,0.33584812959595006,2000306111.6541457
2020-06-01,0.0850387717321999,0.2574042975299894,6647832590.9676485,0.17483295350744676,0.3337540678958789,3546067656.765973,0.027997719987136113,0.30666097468208475,1882930605.9143379
2020-06-02,0.08143882949784256,0.2229410888776723,6355542737.286693,0.1781214908516059,0.3235314345624928,3441839012.0016193,0.021829264231734355,0.26834437009033635,1790632329.9503875
2020-06-03,0.0781272568270093,0.21926890195613197,6335910408.690592,0.17357130420903993,0.336776860359016,3457232314.088012,0.0153922998338306,0.27011139324394023,1743380940.9400606
2020-06-04,0.07347261909147182,0.22581206055671468,6229187528.194503,0.1719864786874024,0.272754593644007,3327234386.745756,0.017636211317168984,0.2414651046384675,1649368148.1690528
2020-06-05,0.07170833045387207,0.2273706174600332,6301614408.413985,0.17212405634015615,0.26964069530315593,3291585152.751732,0.016041764883185913,0.2140635357091005,1746202399.8856404
2020-06-08,0.070009573466526,0.21934461158816324,6308180590.944751,0.16658115337280022,0.2708027903003276,3320722944.073278,0.017203743458808637,0.22908347443486635,1714410703.6251366
2020-06-09,0.06576571714591908,0.22020637257590017,6140163200.94902,0.1688387563838224,0.2875254689551835,3267020649.049311,0.01911077320334316,0.23646808609942552,1676522419.362347
2020-06-10,0.0682050368032057,0.22171480356528644,6252254179.475641,0.16962733516921813,0.2669179441435745,3313942057.0345755,0.017647427925902806,0.23208562356358922,1732258415.1442368
2020-06-11,0.06710996883814871,0.19627813894154417,6433244155.694396,0.17171630926459558,0.2716597364018738,3350198466.2918825,0.011563645379518997,0.18921298587204538,1673544240.2544124
2020-06-12,0.06822141002681778,0.21017147395473262,6606755669.517735,0.1732071970093445,0.3164304335464242,3469294651.9198194,0.017822568736304792,0.20454524230778368,1743293091.501642
2020-06-15,0.0685461111465028,0.19915542252071763,6859891301.405724,0.1702050821545119,0.2989649813445494,3485165120.6442227,0.021463482304416207,0.21537070323222207,1771144661.929984
2020-06-16,0.06830446139745552,0.19854534033872406,6904991736.078342,0.17335486960508867,0.2834096007930506,3415745247.8906593,0.01463805971210587,0.21214236892855506,1650708101.5072427
2020-06-17,0.06838727956006094,0.19942970156183404,7231153803.933776,0.17018232540037603,0.2833107527551919,3431658032.2421083,0.013235741933908432,0.23302240624705411,1689755775.9213727
2020-06-18,0.06454449580290914,0.2065344546723444,6918359566.190564,0.1691625168490291,0.2871944755182528,3355782656.574365,0.014274644596124778,0.23296788964984744,1611266455.9245381
2020-06-19,0.06097025235367873,0.20602749357637393,6596890048.784559,0.16756318845568308,0.3412763726411997,3319814079.8995743,0.015889695244760818,0.2117083010882563,1643937307.8135645
2020-06-22,0.06661213087436799,0.2284820854423659,7074861886.530767,0.16893080305046226,0.31813920008748364,3388356463.388324,0.017573674714751783,0.21786605965681577,1750583106.838524
2020-06-23,0.06580398549903535,0.24662492778643036,6936669669.502477,0.1709457313403453,0.32920082856336896,3385077265.5336905,0.017751181397220248,0.2179462643822022,1681910371.0317936
2020-06-24,0.07008206780805656,0.24877616502292157,7163949618.490474,0.17099735160544843,0.3511598878579687,3386386366.844787,0.017554071815892483,0.2220447458290368,1807099938.2437806
2020-06-25,0.06915694335720848,0.22680124923362743,7420568030.345555,0.16971164410060663,0.3531246262287572,3413194903.7112684,0.01614937327851816,0.22423598716918544,1747046577.5685737
2020-06-26,0.0695933756067921,0.24937567983566172,7334458806.4874,0.1692021733708871,0.3733266546773626,3401504469.5013685,0.017344325301271266,0.2225573651367423,1798710514.2789776
2020-06-29,0.07061382911617023,0.23530347881036998,7505814499.245971,0.17451087909549456,0.34987504813814974,3506692097.966201,0.01693717375474872,0.22667569132376794,1839251539.112167
2020-06-30,0.07003574293340184,0.24097694185137608,7064041687.7642355,0.1697944423817186,0.32069361771997673,3386889833.829655,0.014045948160002944,0.2394165093896672,1813068078.7023947
2020-07-01,0.07242068406344118,0.28843050176955265,7812870124.509067,0.17303141400421962,0.3712334512069764,3430594365.6765184,0.01744616378776008,0.25499382118915986,1866838185.8175783
2020-07-02,0.07048042588566386,0.28630256623770145,7200575665.789631,0.16539293924721488,0.3887211105443096,3383247164.9460936,0.017704939119362897,0.2752828124668349,1834204381.407763
2020-07-06,0.07047642805175144,0.2647846112498402,7334979195.038975,0.16994135804168614,0.37732273238238945,3366802388.082467,0.016754249590714018,0.2605318774480793,1846551797.7491925
2020-07-07,0.07176827808845718,0.26451872100227336,7265774894.887541,0.1737423375177668,0.3271998931110083,3387210345.545464,0.017234310435257652,0.2716369103120145,1835009043.5478098
2020-07-08,0.0707695356832159,0.27833579100557054,7298031801.551592,0.17258286469316092,0.3357871125452587,3415653559.0715714,0.015110549491196737,0.3018509874968728,1793999251.4911711
2020-07-09,0.07000340378699418,0.28089092931667947,7264445075.367972,0.1673787126592799,0.3250966881498748,3433219515.146238,0.015328683118287792,0.2768246871760382,1766433405.0574987
2020-07-10,0.0723923962515767,0.28637595887543077,7333099857.774172,0.17480890016251704,0.325117635667701,3472694540.1878753,0.016193636831882005,0.28176419396822067,1803400528.8462505
2020-07-13,0.07415259148881839,0.24949386748680433,7533048471.635479,0.17452463462758167,0.33315181173926534,3436631795.942957,0.017745319882634933,0.27693928842925186,1853854655.5887024
2020-07-14,0.07673700592391944,0.22980910077348649,7121398285.705321,0.172943550307469,0.364524457829992,3456352753.769218,0.014069436523196407,0.27849163547329164,1714984827.2370422
2020-07-15,0.0779142793528452,0.26453163605081415,8165982789.576201,0.1798515313832572,0.3494389918631873,3507610091.9733562,0.017406020711461065,0.24913922177800976,1779508364.6418734
2020-07-16,0.0811880735476779,0.2679331107086592,7390781658.954056,0.17385436315347452,0.34278575132655575,3472995658.682195,0.015476106054372232,0.2767945609724232,1848419364.3900518
2020-07-17,0.07971099893707209,0.23947051452134796,7479044509.659056,0.1777715986836052,0.30379190551954466,3475769062.692285,0.015097084429268312,0.2574494069375066,1806721451.4937086
2020-07-20,0.08150883675230239,0.23159941770315165,7429632283.307016,0.17544191660023029,0.36811982650843433,3495846427.9499297,0.016345585746858224,0.29252253611607626,1705770824.3795722
2020-07-21,0.08215311663621819,0.24011305509275782,7772481454.231219,0.18417754702972022,0.3403212287549128,3523354016.382571,0.017034761680517194,0.268924975436619,1729863999.5491183
2020-07-22,0.08184776702303712,0.24034095507332554,8210615938.580959,0.183719904293068,0.3718893886129696,3588294313.43621,0.017999951872088374,0.2603170020956338,1625589658.173749
2020-07-23,0.08169870340376553,0.2212331389016473,7400631484.842939,0.18663022800519186,0.3637055610837011,3624493007.987606,0.018944506983441065,0.25303348268815057,1694513776.6524606
2020-07-24,0.08349360793917557,0.23088762775577784,8030078291.783866,0.1941291435284932,0.35034338280932187,3831717026.1779504,0.0168710467728065,0.2652095185684442,1787875095.7618296
2020-07-27,0.08420756860864861,0.23444381271926512,7945110218.928113,0.19176255855590468,0.4013561515819134,3819113639.2876205,0.017282554401321745,0.25868280140610506,1730424679.1631465
2020-07-28,0.08423401768399427,0.22240426263519306,7899994423.541764,0.18926123627418862,0.3879628110884641,3771361065.7248445,0.014267888156164435,0.25701077635509906,1725269294.0642743
2020-07-29,0.08288155800781041,0.2213457346746614,7750967197.820695,0.18926382443781203,0.359746045090964,3668495189.2861037,0.01900966584281201,0.2551172550190959,1724372950.6329815
2020-07-30,0.07954670167465691,0.21346859668578716,7820571487.15506,0.18934809962875893,0.37839197325209506,3569069309.9367914,0.01895587926089283,0.2432091759693051,1680848475.2427871
2020-07-31,0.0824841781705907,0.2590727160445503,8033512359.042348,0.18563371000567003,0.3490553163637966,3498293383.6402717,0.019666361048318245,0.24462973804490137,1680052570.3235326
2020-08-03,0.09389004525485437,0.2999351699601327,9369378473.236065,0.18870088528691142,0.3975504186707485,3633242378.341805,0.014140684001450257,0.23888877075416604,1823666135.5787635
2020-08-04,0.0953762981013295,0.28039399466886494,9184918663.30824,0.20270086968125928,0.4875010378140946,3878540361.827873,0.017745727575569206,0.2600874357251155,1795155972.8100336
2020-08-05,0.10474332380309512,0.3099186857529358,9620144912.115658,0.203308769971896,0.41032930497631004,3953486748.03639,0.02096844447489328,0.2586759235870061,1884627553.5626512
2020-08-06,0.10104705150973467,0.3122827661320183,9231237817.407862,0.19318634536881396,0.4330944821590226,3873772338.7691936,0.02036471766496238,0.27936868874551407,1915183540.8627822
2020-08-07,0.10347171607324138,0.33024745415616286,10178725774.241678,0.20110536308623495,0.45333645793947586,3881436075.0781617,0.02125305641241408,0.25489580892646047,1788907959.8721008
2020-08-10,0.09981183955454412,0.3221776350529396,10355428480.100582,0.1999441092562032,0.3749461521974591,3828863233.273249,0.019424090590358364,0.24354369126017084,1892739221.7985759
2020-08-11,0.10617631966909533,0.33889245439173077,10102395826.371088,0.18990975053368708,0.413354279113485,3754836441.6794915,0.02080775631957403,0.23332698352809333,1794355613.6587703
2020-08-12,0.10816788904246719,0.37871469778380096,10455143351.813772,0.1963965632433201,0.41864473203983077,3812626727.576094,0.02123289579874897,0.25455299936203307,1807212384.6676264
2020-08-13,0.11216089879714983,0.42045466284669586,10272491690.543438,0.1963987609245671,0.4455117311364417,3744465442.367136,0.023815829032319782,0.23443542162948333,1897006871.0933917
2020-08-14,0.11578139045440103,0.40956553360489134,10767248132.49692,0.19517004289762296,0.4140118643678763,3655406152.8988657,0.021498536294167966,0.24878156838323995,1815898194.3477454
2020-08-17,0.11655489136411226,0.39664826895865657,10810757162.07132,0.19245228826855532,0.3687707853777289,3561929164.8230696,0.021803061363780143,0.2605273592815317,1752496413.9593055
2020-08-18,0.11764779741672585,0.4629021861339734,9989545319.56264,0.1901053887610985,0.3937204759555262,3592685454.962768,0.021463790966280524,0.2279628058549483,1728625569.1905348
2020-08-19,0.11874685961359002,0.41064132698579725,9904707047.699482,0.1800982105531641,0.4186085137487451,3556836571.4797854,0.020655738346422106,0.24285059943788279,1791095613.139647
2020-08-20,0.1144501185015259,0.37636574214774354,10072504577.569399,0.1671262481269506,0.3819689419879502,3559402273.7465115,0.021673930370231895,0.23088296888800577,1780186750.5618029
2020-08-21,0.12269529583455843,0.384129832773776,10537957132.436481,0.1800539228218887,0.30892593899441,3465669612.248628,0.022292847176270045,0.23832581860254287,1849061852.2751966
2020-08-24,0.1267610479931048,0.48913669562053985,11104682497.14083,0.1817667384602381,0.405385900025499,3571093240.5702143,0.021327902403640506,0.23996752317724182,1841019187.6901727
2020-08-25,0.13322520993621953,0.4352579776134191,12572853984.952736,0.18192487852825223,0.32243446294542444,3519184150.3096466,0.01977018543895935,0.23398146746040638,1782227953.2259932
2020-08-26,0.1385192239058692,0.3781605017118952,11751486441.581646,0.18695845977484615,0.3607081393572722,3486860898.505977,0.02001194921353179,0.21329193228979507,1824766483.3052802
2020-08-27,0.140768158758063,0.41088269480111306,12306404751.588305,0.18765964729918982,0.34665074191536027,3575139507.334682,0.020470507082074804,0.23638729424331606,1936967764.9454155
2020-08-28,0.1253255734909405,0.4152675978701851,12852628716.953907,0.19306213394341226,0.362741682814785,3741452841.3685017,0.019961035901569266,0.2365231248094738,1872596418.5708334
2020-08-31,0.13655483608628569,0.4803478422364551,13270461242.824286,0.18258528057633505,0.27454158777561855,3663822342.875377,0.019877410203047133,0.2488858179619547,1921917860.5062048
2020-09-01,0.13657884044099186,0.3945741493425535,13466358272.49788,0.18550814213086914,0.325347069782815,3647511089.8835177,0.021297791166351984,0.20459832555962593,1924823926.604996
2020-09-02,0.1532119407887048,0.3521036085727838,13157282989.476849,0.18610452160729501,0.29217442541766747,3614673293.7976203,0.020293253309907014,0.20984803524294357,1867690933.5721242
2020-09-03,0.1579396269694804,0.42310435701667726,13555851912.111712,0.19144093369785786,0.308393738692599,3654368816.5248976,0.023307920599868706,0.23452148826593555,2018982672.0180256
2020-09-04,0.16956479222748186,0.3491562668882793,13848318389.43227,0.19139324268208457,0.35253449749527255,3785821067.767285,0.022060094209599104,0.23081046767072846,2059413196.8491237
2020-09-08,0.16317003478904527,0.432666186008152,15043061508.696856,0.19050587426685667,0.37728000088466296,3845671488.664301,0.02176241535007374,0.2522490351622104,2023277355.7283247
2020-09-09,0.1394956405624261,0.41118426099914385,14704334641.740168,0.1889800209141101,0.3949236931724577,3860652471.625975,0.020761192544547905,0.28266600058831404,2142665294.2846801
2020-09-10,0.14822211554718237,0.42858221114946937,14362620746.373741,0.19474779933245834,0.4468178839543927,3892578499.303644,0.020396607590798713,0.27508378107751275,2129644438.5341735
2020-09-11,0.17947002465419828,0.43754207698080805,15082841826.790575,0.18979398235056566,0.43278636475059284,3834005218.8373737,0.01891493973777296,0.2987144066603161,2144845173.146791
2020-09-14,0.17529980270012172,0.4593461955563467,14910666836.49367,0.19967825022679597,0.4681446406293146,3894239224.9085035,0.020223175478359348,0.29823698922259606,2092780481.3414013
2020-09-15,0.1676320915841852,0.4708553932535985,14576763279.691196,0.1958684143710575,0.4560498946635082,3848178344.6894727,0.023423499333938988,0.33114478546652154,2087649097.2053218
2020-09-16,0.16161020629436276,0.49934123736974567,15272955034.354797,0.19166346745839058,0.4823177408953647,3817944656.5199275,0.023803925260222222,0.3031389888637403,2024159007.2806146
2020-09-17,0.15487736182410702,0.48790120024709305,14379347404.860474,0.18886704604192744,0.453866658955024,3762662457.953113,0.022101963579437375,0.33422747921961776,2071557336.3103518
2020-09-18,0.16962012586328826,0.5205031594087431,13849150699.944744,0.18577368934698485,0.5111987459336009,3649031667.6277685,0.023337440372673088,0.31468125632514077,1998180617.0277662
2020-09-21,0.15127762460828884,0.5047351966847876,15306136772.912317,0.18339461772522458,0.5121367731624517,3736338318.126777,0.02022273841514939,0.32102371217628906,2081852667.5065815
2020-09-22,0.14459167355037014,0.4896450046405669,15330195568.103668,0.18924934433418183,0.5563023180531451,3763560693.990338,0.024459787162982152,0.29374534268553076,2022087144.6505785
2020-09-23,0.17071219153430192,0.5179421156062843,14858397557.277214,0.1932862783408128,0.45639749222469106,3748116967.157091,0.02174514686443564,0.302569098622324,2060194580.5743206
2020-09-24,0.17579248700804553,0.48158019835376376,14778802731.742214,0.18457850876988585,0.456991315563006,3728463303.426475,0.017641498906020694,0.293269643575032,1991384661.832082
2020-09-25,0.17424878232745503,0.46204869293210615,14508727720.253536,0.18804332610529284,0.4835156617114197,3667146285.473021,0.021612950503148806,0.33730422507239877,2040420926.3976765
2020-09-28,0.17184846294315562,0.5027760863610311,14936485783.701876,0.1863731238179528,0.4786670634204857,3652410633.895445,0.021057480074258353,0.34588296013706016,2067797679.702184
2020-09-29,0.1624522898109981,0.4575194204787655,14595607280.016773,0.18734522113696989,0.5078338934031965,3661388964.4552975,0.02126619711041612,0.31357179504897326,2075840387.1484113
2020-09-30,0.16857912530862115,0.5172814742300063,13943819202.108273,0.19390696560574505,0.43487548368507656,3653381063.8130307,0.020805075589761593,0.3293957418404928,1989738250.1271074
2020-10-01,0.17147291893958552,0.49008721629424334,13429342016.544666,0.20333362457329973,0.4298802886235663,3683240643.021068,0.019995391062333237,0.3356943491830866,1949640898.4915555
2020-10-02,0.17292749544723032,0.47954120308353987,13422537531.60736,0.19593468924158902,0.45355636600857285,3700436404.9240003,0.020460726251771602,0.3251305676219295,2088344211.0089152
2020-10-05,0.16562945863414055,0.5089977013125522,14417610572.960619,0.18990893033776385,0.39296056780317623,3671481801.2861624,0.01773341144579292,0.2946925912856989,1911891720.8438973
2020-10-06,0.1646710574412553,0.43055473519349474,13874723844.306005,0.18201130543196398,0.4100352204094154,3663096469.95482,0.020128140147028586,0.2944356989393451,1950787903.4487329
2020-10-07,0.16887328668994375,0.41511052950033966,14122501835.941856,0.1879205245679727,0.36755030326007443,3668148044.066184,0.020025072220943532,0.27209507344380324,1787928334.4786582
2020-10-08,0.14431708716600825,0.3148197097988498,13121832773.70759,0.19310950534394367,0.38907686792771334,3603190624.2138767,0.017226039907589294,0.2778221874484208,1896602943.3115172
2020-10-09,0.14783554326267265,0.3515705473218207,12129752975.756878,0.1924613087338986,0.40081125954543684,3589881848.111932,0.020412827930811964,0.2679503784381983,1880302919.3269289
2020-10-12,0.149032957480606,0.39982001082592566,12475794254.458601,0.19057751372566,0.31062191201477796,3569962414.731877,0.0243350312948475,0.2752441792112889,1872672618.9710598
2020-10-13,0.1598820734325689,0.41830699734573284,13074593776.272575,0.1927156664236791,0.38489020518298156,3633085791.4729557,0.0160119715863057,0.2782560639822948,1861946712.4094315
2020-10-14,0.1482529819464272,0.37466824064974025,12437444876.058144,0.1891476980404445,0.3966818692503983,3577586082.14764,0.021185909714832876,0.2798148344846927,1897092675.6798136
2020-10-15,0.15617115614456203,0.3725513515282467,12482595052.069613,0.18476750150789417,0.29460975814483864,3506218245.3654113,0.021040169334367323,0.2688548974049894,1910883750.0369272
2020-10-16,0.1617069410736923,0.3859818015841836,12928917339.556347,0.18629914933961295,0.3204933061567796,3544296467.37157,0.025775814859013937,0.2739510423063474,1919731482.8015952
2020-10-19,0.14750744807291158,0.3208501272180575,12538130164.866423,0.1796490384676364,0.3090927761540716,3542994422.8977127,0.01969208477739577,0.28349069960828677,1854629934.650608
2020-10-20,0.15352654120794326,0.33302012433716643,12330767356.3177,0.17018352951380694,0.32215817038803884,3527391739.843888,0.019697674106642374,0.2567217870768602,1931442630.792939
2020-10-21,0.14720933303631886,0.3487537208372029,11704341901.165232,0.17183574046370365,0.2982536448214196,3421225321.4556894,0.0182818400916943,0.27237299521484903,1839994100.7631676
2020-10-22,0.14152993615899803,0.3713985209238473,11298787480.783695,0.1759257258842925,0.3041693929224525,3346472266.451577,0.023962134944752453,0.23292745609296103,1988417599.0451276
2020-10-23,0.1377460486620695,0.3671274820981435,10770348479.65019,0.17148626309299625,0.3291262530640371,3324476742.4592366,0.02618422557503018,0.26984605592233224,1832371739.0377293
2020-10-26,0.13797958588536455,0.348084500832024,10520996275.773354,0.16646556643370264,0.2792912503613887,3182406828.010107,0.023545731609941375,0.2517279772532488,1904098463.397013
2020-10-27,0.12728012276625747,0.3997183080676009,10684249917.108482,0.16479492625575126,0.319651697415383,3252744926.247909,0.02436719002882319,0.25972686689856284,1901193378.0044894
2020-10-28,0.1264484230431873,0.38102338309957906,9877549036.72264,0.16622021738760367,0.3221600573689254,3287204716.327458,0.023762079882846246,0.2659036589299068,1891169115.2265332
2020-10-29,0.13250217493638142,0.31901252654049606,10419291973.685076,0.16785417435762123,0.3429252493250927,3435079412.959723,0.0205568909371925,0.25535833127652935,1799294258.55786
2020-10-30,0.13466689353000563,0.33631035694904554,10669453906.421923,0.16403686823284724,0.32867913087833434,3401482845.6210413,0.021966911425915933,0.2915721554198301,1951759128.5373998
2020-11-02,0.13432365259516935,0.3415633651538814,10799164462.002361,0.1673983708476125,0.34622885113521473,3412243451.9834814,0.020680991644351263,0.30527894033928793,2051134405.768778
2020-11-03,0.1231925812492067,0.3527597775059991,9978025805.144327,0.17059886267616414,0.35921656493194043,3428459775.9101477,0.025437572437359793,0.3133837625734678,2037172341.5982802
2020-11-04,0.12771935625255262,0.37654441768572644,10126476813.430708,0.16769768215915037,0.331017619220102,3361965971.4288554,0.02528490942496421,0.32738992266472744,2205682713.912418
2020-11-05,0.1264336026281385,0.37999422825086837,10242037575.153358,0.16803350716542176,0.3587501443950437,3410154875.6172357,0.02800941709127168,0.3560627808042335,2249596624.7468753
2020-11-06,0.122741068482448,0.35160882029167195,9498067358.533121,0.17199959799025705,0.3934731360098066,3436299844.4502277,0.024373220870350723,0.33594985984637377,2174390262.275589
2020-11-09,0.12701089243451305,0.3796953736212494,10178647266.762278,0.1709765954013649,0.4118906987166058,3407538852.5291777,0.03239671507864393,0.3671151202620415,2193152408.1212025
2020-11-10,0.12506714796448146,0.36078637659264035,9775702328.57163,0.1721640541455674,0.38158818644889714,3471480965.439775,0.030812071734068927,0.3693203138893685,2250349988.959436
2020-11-11,0.12405838052341159,0.3918605579098058,9717358386.301008,0.1750537158190268,0.4318226954371691,3536255321.5163813,0.03110864532187528,0.3536182203167644,2305358459.0743756
2020-11-12,0.12133000893759713,0.3574693520306571,9625021336.069939,0.1764981345735332,0.393974398677818,3498858514.910619,0.02837011565976498,0.3722492437776172,2225967030.6397624
2020-11-13,0.12188621560639482,0.3266186404927295,10117516044.2304,0.17244703604272632,0.3974752822395935,3458206707.1040773,0.03004964475458459,0.31764386494971925,2201209488.02707
2020-11-16,0.11880531375793799,0.3498244991860241,9482918031.090187,0.1696431959288966,0.39003626028620775,3368068988.7061396,0.027697764197914407,0.3459172584058179,2191013545.907656
2020-11-17,0.11660839155005046,0.34206921050816963,9466602793.527218,0.17121625433457333,0.38380616873198103,3360547136.3369045,0.027383283965971353,0.34338038377607044,2043627534.6647792
2020-11-18,0.11444726717034046,0.3563891865768751,8933976529.834393,0.17057847670629672,0.429065508912601,3296407376.204071,0.03202392942149669,0.3643617684267779,2025399106.3094172
2020-11-19,0.11530553475149366,0.3795191696765301,9065581657.892822,0.16567562594278934,0.43172437177325595,3282960871.980255,0.02664887914239246,0.34751331492960513,2041613760.4380066
2020-11-20,0.10941632078342564,0.3919027884438917,9122285572.325762,0.16590246247361645,0.3880603590916333,3308197871.2877097,0.02976847432492906,0.3495328588033692,2049437057.1820762
2020-11-23,0.10865442241069193,0.3580798519629106,8222377694.347944,0.16385193054647224,0.404471809082537,3284859500.706502,0.02929006107506922,0.36250182805169023,2191766331.362178
2020-11-24,0.1081140548010415,0.3375733113007011,8934972518.445127,0.1653698489433817,0.3658235797532423,3320780609.2385387,0.03239607210863067,0.34729631814213013,2173906737.2556896
2020-11-25,0.10995527355421811,0.30835524135916037,8451848982.017849,0.1660541757902636,0.3803038362505202,3330375099.613164,0.028575278179315447,0.32046302126463266,2199289935.4807215
2020-11-27,0.10047699944860186,0.30123232763434404,8358693702.986134,0.16158208875539687,0.33737205913210777,3232464311.66372,0.02160800834876213,0.32387587635191617,2107359427.6471255
2020-11-30,0.09860925177247701,0.32319764549672947,7635510105.241292,0.15732653461244367,0.32371432868553107,3151398168.661846,0.028883637406219312,0.31077863900397285,2066473764.6049757
2020-12-01,0.09936484879038801,0.31042377566051793,8546061189.164578,0.16331512757708655,0.3314925644788467,3250994656.1885633,0.026316281735888694,0.2758889665683407,2107650723.4890249
2020-12-02,0.09978081443357975,0.285766861618453,7913269891.662458,0.16487471251971492,0.3154074524362719,3278421704.9767823,0.03239937013610299,0.2714184960322225,2061289403.2162323
2020-12-03,0.09408333970264529,0.27525867768926915,7808901664.222144,0.16026618123712105,0.3219698268054968,3262337472.4813294,0.02174858388049551,0.3021126956160005,2036527920.8286831
2020-12-04,0.09739905450342431,0.271773029785045,8263358469.986303,0.164441291726805,0.31637256257518775,3246759839.4780846,0.0251547306559589,0.2548630045787546,2030798645.4428012
2020-12-07,0.0944707117591794,0.2817392224531726,8133159511.581755,0.1649831306814275,0.30555170246970886,3235692222.438079,0.027827252846941583,0.25559208669058125,1955311986.6524777
2020-12-08,0.0933341691073237,0.2738927407332291,7860879475.416272,0.16587275762635706,0.2736567769448214,3244246279.18053,0.024343029708213407,0.25042778681065486,1982658236.6333563
2020-12-09,0.09359149637795008,0.2795271379284068,7609563236.873713,0.15943762370156656,0.2501298639473723,3210174794.022409,0.020158359524531946,0.22752895954178584,1869820719.3234932
2020-12-10,0.09433339819333861,0.26752459979391746,7909393937.253395,0.15727840745481508,0.267711572136399,3294665139.8284025,0.021366291766708054,0.21636268377066598,2069566657.4379492
2020-12-11,0.09319164383709352,0.24862809015964715,7681951879.85681,0.16097991478820906,0.24364816229500214,3164824420.237957,0.025473995473489178,0.20438016455970187,1894025790.6939986
2020-12-14,0.092128517612486,0.25626686145881294,7720704809.402319,0.15935131715842393,0.23387794617509045,3236106851.798494,0.025158309313073265,0.2128499154990226,1969114409.6495786
2020-12-15,0.09005693189082578,0.2279181466485643,7722109654.042074,0.15731191711499037,0.23938102246523785,3184434128.012701,0.02601916787244464,0.22461194720770578,1941817872.8773696
2020-12-16,0.09108571049261535,0.26190111522658455,7802215107.975743,0.15248720305250602,0.22084473625078938,3156260874.7568645,0.028326599908638964,0.21572415704665404,1995316673.480725
2020-12-17,0.08859418069407646,0.2513111928953399,7466160832.507701,0.1590546723859793,0.24564599214315871,3190776649.5462112,0.0229997518221131,0.22182943769876456,1860556437.0741296
2020-12-18,0.08929116601568829,0.23560836360952522,6934326590.102657,0.16078046315020333,0.25071828898535864,3216080936.8845162,0.022557922041907638,0.2136273582843229,1929220759.8858416
2020-12-21,0.0923271324941147,0.2808302151691019,8065114343.553444,0.1632247615735407,0.2899036620168488,3426119645.3856583,0.027641222913363225,0.20376200234629135,2071535890.2019024
2020-12-22,0.09114091406470051,0.249862127621409,7901464965.051581,0.1589563376611033,0.3046916709151375,3385111481.864081,0.02255498459405443,0.2041847313969012,2002876792.8975248
2020-12-23,0.09167374607179843,0.23845251984794957,8357415766.525361,0.1566450019104208,0.27148390565354896,3327698584.890803,0.015811845084580264,0.2045579070311727,1915654926.7740111
2020-12-24,0.08903083201189635,0.24071344216091933,8104399227.380099,0.14850401248104,0.28358431404310747,3210333913.0659423,0.01683789069784862,0.20593530600430343,1961939406.9398408
2020-12-28,0.0838366683565924,0.24398034269040664,8000175676.789753,0.15266186339644128,0.2426156894597602,3104206185.4273696,0.018655703417918182,0.19492742276038771,1861370693.5237575
2020-12-29,0.0852424342616517,0.2356776285636414,8525924045.940471,0.1462733196332015,0.25929507895173104,3014384352.8499417,0.017447765802733897,0.18778983155684428,1800530660.2896752
2020-12-30,0.08546909699522606,0.23429951245826824,8007500322.461843,0.13594228266661823,0.21703444491602972,2915324886.968756,0.01879436003621475,0.17960584744722816,1750588926.1539185
2020-12-31,0.08391474104971888,0.2815621279735482,7980778808.19229,0.13900317226797332,0.28304946520865815,2962782723.835081,0.017185121109549353,0.2042641319051872,1790506358.7317746
2021-01-04,0.08333529820449578,0.2642195192682584,8095909507.734593,0.13948372044610152,0.256327676560526,2903230050.759466,0.01715167415674239,0.20869777366676875,1797655154.885266
2021-01-05,0.08451400587633426,0.26454643884032225,8326538699.5195465,0.14197775492938391,0.2649618152644031,3011852722.935986,0.01623641542284314,0.189086188865122,1772315412.5108843
2021-01-06,0.08672088726883645,0.2823467954832555,8461672437.611936,0.1410441805086447,0.24097971265058735,2989397476.933971,0.014527567855833243,0.17811955826514386,1826658026.508086
2021-01-07,0.08576343666254702,0.2925078822812064,8273878489.783718,0.14203627994102547,0.24950548320040777,3034462785.2236743,0.014438205418921171,0.1828075944445282,1917643484.4492044
2021-01-08,0.08652151916713965,0.24763545994655253,8077870082.882098,0.1407195849968249,0.2529597738493252,3066626246.2240324,0.016145588165713168,0.18627100202897767,1867207978.8266525
2021-01-11,0.09157446490224905,0.27977766981544494,8541706502.579636,0.1382682000943825,0.2373419891542396,2991249584.5087967,0.015633325659666145,0.16556862932835822,1827926595.134879
2021-01-12,0.09116030375618203,0.29728542666918467,8772673079.73727,0.14115067702163792,0.2772541171314864,2988209667.2818303,0.013672799916370451,0.18923077846607647,1763274946.626171
2021-01-13,0.08499052906023044,0.28223301001382584,8649143374.792133,0.1358997451106555,0.2242396917890872,2956913855.557588,0.011033692869845443,0.19046251332220684,1788060622.549
2021-01-14,0.0844726239427728,0.304871216710207,8932122353.89658,0.1360559733292233,0.2676449361461992,2925114117.6708374,0.011645694223589007,0.21054870871113177,1830696809.9861853
2021-01-15,0.08768401676041168,0.23904306233457953,8141264143.435148,0.13934236378734327,0.23423574795982946,2966002538.8532467,0.012009639565646893,0.19388807462301771,1737998181.3132117
2021-01-19,0.08457117203579026,0.27656176447940184,8192957482.308738,0.13818878783195937,0.22921731775880871,3019340381.554142,0.011643292331661212,0.17588427123347214,1701815795.3823338
2021-01-20,0.08507430052771439,0.26400423435503156,8580062883.861584,0.1364889552231443,0.2472907497749806,3048886643.052095,0.01109715036508048,0.1734594948928421,1731158093.140628
2021-01-21,0.08596451591598406,0.25853564348352137,8449530408.76357,0.14295791387159051,0.2555464331781222,3077418876.832576,0.013950110126321205,0.18343788029696279,1853707652.4862916
2021-01-22,0.08942686473183084,0.2712794756809582,8410904491.814523,0.144390713321084,0.2254219609499695,3067592483.402273,0.014554275128525265,0.22677027068913908,1808846272.4206812
2021-01-25,0.09216610972308611,0.29915681245628567,9035255235.164948,0.14482733435098177,0.27771169631138937,3116784445.1225667,0.014568453801508105,0.22526943609537234,1859013328.478111
2021-01-26,0.09698149631631511,0.3182162098951633,9437563949.354261,0.14769205482749992,0.30032735811828337,3185620395.5589614,0.015578041885317848,0.2619435695131154,1944927054.1586692
2021-01-27,0.09703592114101642,0.3019970139644572,8785493907.592344,0.15290851417943363,0.2986632356485077,3302622099.140934,0.014132376610155026,0.25710739360957724,1943625174.1201193
2021-01-28,0.10137976086365988,0.29135469381416734,9652258231.884422,0.15799373633952946,0.3496413631143025,3506427343.098157,0.01642015205489307,0.24471417636948145,1956279467.2308912
2021-01-29,0.10262484584649309,0.28335639996284956,9505375576.099543,0.16739454382742364,0.3348767660889933,3596521314.2752686,0.01824175653226097,0.2716166174246846,2059920609.1697679
2021-02-01,0.10228156430797589,0.337592637604063,9980446255.816694,0.16832383550067215,0.3828434175826939,3646991555.080659,0.017129283900856038,0.3072291411331995,2079090724.8718112
2021-02-02,0.1088429515022665,0.28419637031380285,9861962061.89369,0.16953249346586013,0.3678847635369077,3651554918.5780735,0.018886816483006344,0.2807836153735471,2051974192.9420128
2021-02-03,0.10470444990578318,0.296468596579087,9756147225.896364,0.17221762726927925,0.34698654483063407,3622559918.9397655,0.020683644557603006,0.28250789168612095,2068503963.30605
2021-02-04,0.10339604205092054,0.29485828144230025,9737931843.412035,0.16625031905861276,0.34962659006655605,3518251572.0884852,0.020347651990643992,0.3151641904294503,2230530032.3929057
2021-02-05,0.1040305886252926,0.2858654822510338,9452884006.743668,0.16596575727837082,0.3829008304944118,3471424614.558074,0.02013106081835951,0.3411504103539188,2188364739.796814
2021-02-08,0.09702286056315548,0.326563217218763,9388468944.572008,0.16431056165625407,0.3744850754413609,3363941593.7612524,0.02559035775085687,0.33720341204451704,2190172397.0172524
2021-02-09,0.10057450453279085,0.3273118192543667,8957161715.31416,0.16597386175269468,0.3752415090693506,3332111571.160487,0.022261544441057005,0.3348185511113511,2256906585.71437
2021-02-10,0.09824225116336674,0.32887091863546747,8635450426.857197,0.16393345371213158,0.35613054092949836,3270512201.374731,0.026233833888918187,0.3216028285645974,2108708941.929181
2021-02-11,0.09436293829454076,0.29879315056321026,9066272525.872433,0.16054627546289385,0.39407884003175353,3301075584.9100533,0.023007437505599457,0.3449578804768546,2102589861.2336276
2021-02-12,0.09775883579820985,0.29199278650537963,8154772225.552764,0.15971963789581256,0.3433456765264189,3282041396.7570844,0.02819957599049848,0.3197817499314221,2111570390.7823067
2021-02-16,0.09618535885760951,0.30442343052182097,8770406787.931004,0.15794150498176707,0.3043792974510161,3268528282.86136,0.021856601429486908,0.3342567111199909,2055397359.6914077
2021-02-17,0.09474470508649271,0.27629993482634874,7588380610.107774,0.16402888030541068,0.29870572782380966,3344067645.8712153,0.024325947577889404,0.3572114569231179,2063942809.8874443
2021-02-18,0.09510104712025605,0.30211514148679475,8276865210.262088,0.16317031059560527,0.33293557062184775,3304070480.693309,0.02695610357727428,0.34056090205678863,2102430013.746848
2021-02-19,0.0946500554406268,0.2557404805028429,8328178638.699459,0.16761808462536093,0.27511727313224343,3285801848.512665,0.026639153086165088,0.35446764878784126,2080499543.2159224
2021-02-22,0.09283902733529245,0.2566290815590818,8443385115.343318,0.1645653902868156,0.26086044820826704,3259083435.6983585,0.027194583984532936,0.352002253186286,1981806089.429886
2021-02-23,0.09151838375797364,0.23762711559860708,8188941161.877312,0.17443060597978277,0.2672224296366479,3331712023.988735,0.02822799968315766,0.3184693168352413,2031994448.1223283
2021-02-24,0.09177025835963545,0.25394965520377427,8344967496.560438,0.16988106056957114,0.2566836445641123,3338947097.377018,0.02862072533495562,0.3069840886019961,1971539480.789509
2021-02-25,0.09023262105524252,0.25418581855668554,8484201249.541366,0.16766451020618806,0.24418100411601776,3380464146.3678555,0.026305466286338994,0.3067880384112749,2016645408.046443
2021-02-26,0.09047340915542365,0.21527541550787624,8434835103.901069,0.17193839739298356,0.2458359140306463,3461237094.162699,0.019452635025874146,0.3240801010280634,2121745641.427042
2021-03-01,0.09314962333582191,0.23883840085810293,8777269809.649014,0.1769908933329314,0.2773528441889681,3544034144.9000654,0.027274244211683132,0.31434872260198143,2183765833.0675235
2021-03-02,0.09457910412393819,0.23763392184135004,8742586452.82629,0.18248324335263477,0.2510649767716898,3477867000.6922,0.029877621853776973,0.31158757417491295,2221202200.530518
2021-03-03,0.09384876269435519,0.21303949461687244,8591080210.233036,0.17887351676796143,0.2485117285863975,3452235573.4373975,0.03125896745830366,0.31215703478577284,2185317646.9988594
2021-03-04,0.08813446153935037,0.2585970151660813,8769055622.986786,0.18022545990168154,0.3229144247934631,3547210020.601666,0.023966084867599227,0.3143742694679665,2064277178.9056973
2021-03-05,0.09736563467014189,0.2935343132220591,9146183131.136757,0.18553044855361234,0.3183938303856563,3651389930.6511617,0.03172063329452594,0.2904846908051618,2249018193.5532103
2021-03-08,0.09640670435954071,0.2692753603917087,9658696664.511255,0.18742058308491744,0.30450199016947166,3690297269.2559366,0.02855751744764061,0.2818259779759883,2209482177.181964
2021-03-09,0.09873591828989972,0.2642489546130056,9851582062.385183,0.18070069109516024,0.3437232281593475,3660590264.203009,0.026533981192978465,0.26192580578721747,2231574696.096374
2021-03-10,0.0995964994939845,0.27539568401375575,9875496596.69404,0.18692920472068836,0.3198748724159396,3683870356.223408,0.031993990256273766,0.26381908000589405,2185869969.660758
2021-03-11,0.09702407324610215,0.29296455133250776,9033170902.850754,0.1848443440974749,0.3189248470283338,3656190115.8175154,0.03338421994494424,0.29084009657795173,2327162209.956035
2021-03-12,0.09554963217846388,0.29888040435041624,9142538018.818447,0.18241814238539478,0.3637527342862099,3625916967.340899,0.028385906911740547,0.29624127112218224,2094319959.6864848
2021-03-15,0.09285074903628573,0.28956800931804344,9138881951.28188,0.17503274689855391,0.3666674050016132,3568478105.9633784,0.029405077667611315,0.2825463945761878,2287745455.6734405
2021-03-16,0.08961297005073879,0.3279792445633779,9039263889.840046,0.16730376499342292,0.3424876233126186,3467641817.5906057,0.03291176526950869,0.28371477308035437,2226047484.7116036
2021-03-17,0.09216881932672708,0.30380934606981574,8243805904.264294,0.16871312355666634,0.32386884777116065,3398343303.3055487,0.03395617209669259,0.275902245291358,2237456177.866563
2021-03-18,0.09037790502820967,0.31810876491138884,8329604007.849607,0.16713948505882625,0.36467306790978393,3386242867.2747207,0.03137404505337042,0.31941742810004486,2219108846.7485194
2021-03-19,0.09004232954040733,0.35724739218324486,8692340680.52605,0.16737654573515326,0.3584383328125914,3416334422.3671827,0.0285573629211711,0.2995948376412274,2173050552.037912
2021-03-22,0.0925276643616619,0.3343214928295293,8803215990.817215,0.16981421695773952,0.32870491993135886,3508691704.566848,0.03291070144842313,0.31012491766234046,2197040358.7861686
2021-03-23,0.09059200994379954,0.33069994010898174,9268489946.4928,0.16977090038711246,0.32730997851959254,3497974365.7255483,0.020975656169282195,0.31029133593800196,2103255968.607532
2021-03-24,0.09263072995707092,0.32693295479749296,8813279596.934269,0.17016778757812678,0.3706929658492879,3501553999.6292386,0.025797336521111172,0.30029902142009524,2145022456.9801633
2021-03-25,0.09226453479583238,0.32945422451796336,8804322488.087074,0.16463893772674432,0.32856224093368713,3470483883.0011387,0.029091909101875577,0.3081650156123352,2195513647.8317313
2021-03-26,0.09342634076247355,0.3238629369551065,8887028942.979769,0.1727502050957197,0.3417407306938297,3523464846.7681684,0.02403550423892055,0.27434519024969917,2223128196.0314884
2021-03-29,0.0934518648964536,0.3343790471886384,8944322124.038609,0.17613130843180208,0.319533849724022,3487402645.6186438,0.022784133956337896,0.29946210137529883,2161164761.0305104
2021-03-30,0.09253810778217178,0.3021192127099237,8696271764.833508,0.17906915100156195,0.28960079248025605,3459141350.774673,0.027248759707669087,0.27698514508851124,2138209898.933115
2021-03-31,0.09274407846053531,0.30192549330520785,8458197969.654537,0.17756991000649747,0.2963244052773983,3483854555.6373315,0.03020505971539976,0.2665614176237747,2166237854.954182
2021-04-01,0.09437248754231395,0.32016533620726995,8414316636.486677,0.1810575076802718,0.3528476147431684,3593910322.887333,0.02692060288474278,0.2687124111187835,2064985801.9776902
2021-04-05,0.09447119810141272,0.28080570978800223,7984252766.769132,0.1871689995825121,0.35480498997330734,3622570139.8229523,0.030451607364594777,0.275374731851516,2092153969.3352637
2021-04-06,0.0951619998946546,0.2624268168573616,8560604291.5060835,0.19125658216271946,0.3314392345064221,3679871155.0879555,0.029272726186602663,0.2738111176442687,2288304328.8523383
2021-04-07,0.09519144078559857,0.26208981767055695,8749916905.303656,0.19045301891428112,0.34729719009832083,3661165524.767356,0.029640905191180997,0.28587195220965717,2278825866.936977
2021-04-08,0.09356645208122508,0.2533565900892447,8157081047.548896,0.19264673378945346,0.3084781084956679,3645638915.2093225,0.030849694272028313,0.2910548126891575,2142597050.7444773
2021-04-09,0.09598861409317436,0.2497758186422832,8555472280.9098215,0.18495863277814517,0.3402747309898425,3614554883.4924984,0.032818049076408104,0.2901715575220715,2280913653.530614
2021-04-12,0.09560607166650217,0.26194655794417054,8712684104.447948,0.18395213009551026,0.3381825377379918,3600775752.532731,0.032240754568739496,0.23727074088058625,2270099485.5510125
2021-04-13,0.09518423299605869,0.23303782586655084,7990502782.3584385,0.18631108770511196,0.317926844850026,3604545705.9211497,0.03172599335938901,0.2566651742219823,2170497837.04223
2021-04-14,0.09433284211085394,0.2488421705206883,8029165319.1316395,0.19156814883140616,0.3159149261324887,3580926692.2565064,0.030038447766188567,0.26600360278304214,2179963114.567634
2021-04-15,0.09361596449258427,0.23629130700723106,8110186632.128538,0.1848828582597059,0.29877017960570895,3479269743.318996,0.029289341359164153,0.24160359533851566,2125111115.4396443
2021-04-16,0.09133969284790658,0.24980927053997068,7753232064.835616,0.18450841441285015,0.3076914672587805,3534006085.367168,0.028085286275426682,0.23693413724505955,2095677272.8901832
2021-04-19,0.09098732453317818,0.2273835946079123,7721877273.784789,0.18031997831882823,0.28538668400780526,3546835862.697755,0.028417743451799163,0.22255470115498818,2021165163.0741227
2021-04-20,0.0912024613856793,0.224763283165465,8250728450.490786,0.1848856871952328,0.25407979988555646,3523666327.6363335,0.028780864379261598,0.22343436565175254,2057726723.428507
2021-04-21,0.08865521903176307,0.21392096160815277,7832913298.897479,0.17833303575694537,0.2860494505253226,3454781634.5673246,0.026984024703683815,0.23290483755006838,1985062193.3113663
2021-04-22,0.08406574963455657,0.2299326700219432,7366676205.12431,0.17782688895599374,0.26135495025995736,3426219892.298287,0.02530961986465345,0.21866574391318666,1975961735.3209898
2021-04-23,0.08519293388472446,0.21345827884343138,7186926030.403341,0.1759622857565482,0.2463681599073677,3407467171.791592,0.024587249997767083,0.20808776391620057,1874787819.284873
2021-04-26,0.0827909448304325,0.22868343517810108,7695104957.653945,0.1768348569420602,0.2831533949862144,3374507912.730588,0.02646335732635123,0.21875474010247684,1941067893.7119122
2021-04-27,0.08159621938447967,0.22394521875413914,7378401787.968824,0.17381257282921636,0.26026656943848103,3342230431.6393666,0.027842602197746383,0.22900319139709988,2005929767.0608592
2021-04-28,0.07849543932576467,0.22288634817075959,7382296803.675384,0.17186356548631282,0.27068999288908,3402966779.154247,0.025992691842559243,0.21893409303311875,2077461680.188032
2021-04-29,0.08074293872053509,0.2254266347065322,6995707138.5547695,0.18272892777008182,0.310705358960636,3559448421.3751116,0.028490133801850406,0.24775699371266655,2201372561.3273177
2021-04-30,0.08153703593569092,0.21772029933840792,8062203953.69965,0.18129690008179317,0.2842377068544063,3619632314.3253903,0.03109020735561134,0.22886569934879455,2229197147.868707
2021-05-03,0.07964585407537403,0.21011629954066496,7657463361.622439,0.1774160729100397,0.2842507510427783,3603619133.1472487,0.0274014143583748,0.2813563307385437,2378253397.4981565
2021-05-04,0.07813941750424111,0.19233656969822555,7102033888.712187,0.1793483303809692,0.309736086372549,3535987794.2677794,0.029810643063132095,0.265803029077142,2380747034.8024287
2021-05-05,0.07844457458406054,0.21231742351429098,7920425007.769099,0.1815351850323541,0.27539653938387504,3553758367.113393,0.029953827605145297,0.24314070737585455,2376305501.428471
2021-05-06,0.07383382660062252,0.22404907859452636,7453314526.568561,0.17705236779373706,0.31408683513982427,3449245776.3584766,0.029368341441415854,0.21867049524608959,2205226547.028606
2021-05-07,0.07229608335949647,0.21016747724697532,7614784894.014237,0.1746737185217161,0.27646813175078944,3438990043.774292,0.028943358023637913,0.22247793089519327,2155420382.8310957
2021-05-10,0.0696679230046944,0.2006454740132697,7245884576.867125,0.16950847001948777,0.29573917912385184,3438257818.516306,0.028591666991595863,0.21512876236083533,2207814704.181943
2021-05-11,0.07025229288877086,0.2478534708036716,7143883046.710849,0.17694385855346123,0.2780658954690519,3439783651.298921,0.026812470877333613,0.20345134540272072,2097575554.564947
2021-05-12,0.06994441301379231,0.2214728670645712,7232785071.07106,0.17286042351709152,0.29792384331646216,3453708958.5448985,0.02883437715805011,0.23411523984757804,2170050911.2700815
2021-05-13,0.06849422207989816,0.23208323679980822,7568429275.0857115,0.17571827527071526,0.2890277640228107,3518494062.280564,0.026723677991359232,0.23973039358055112,2291753737.3984413
2021-05-14,0.0694008760538263,0.23509654010080505,7299582306.971651,0.17352426591862624,0.3168117870245659,3546900913.9893875,0.02601916652805357,0.23281915132431955,2242280558.0165563
2021-05-17,0.06840247151312015,0.21227396374105387,7450652761.031942,0.1756796035201631,0.3232093306470286,3531134214.9929223,0.028544533623093435,0.2599548375709659,2203029521.032987
2021-05-18,0.06775247911093787,0.21102224356582763,7317069007.102037,0.1734275298055704,0.3066085681350066,3426125354.7372847,0.028241986249558385,0.2596537209588829,2211580211.1700044
2021-05-19,0.0664792872208543,0.2247054575674584,7532861646.3721695,0.16424982248063053,0.2669773724872785,3347741526.734776,0.02695292624140845,0.22888747558943826,1999563339.5668347
2021-05-20,0.06479926066055677,0.19734466331272996,6991731029.901064,0.16583701142308166,0.30634035399466897,3370427377.7753434,0.02456368415325165,0.25502759708969674,2061659314.161064
2021-05-21,0.06557549589731107,0.20501739106914424,6938238803.433859,0.16600799754411572,0.2579878161860284,3290563562.874831,0.024443296648779103,0.26900538426592707,2046482697.8464484
2021-05-24,0.06387085364178993,0.21859250722381404,7135767792.67293,0.16716399632802637,0.2569417100950384,3305039648.2265797,0.02398979376793091,0.230363446782566,2046573872.788783
2021-05-25,0.06250815263711976,0.2185106117672594,6888599394.048301,0.1652728324318372,0.26400648509636976,3299583630.6328144,0.02410444801076185,0.2526182038390224,2059681538.318502
2021-05-26,0.060453615766840635,0.21865165736469735,6367548863.089316,0.16350291753312718,0.26656955183496833,3265015101.615751,0.024026583568361334,0.24355486129341516,2099542210.7665281
2021-05-27,0.059121181972336206,0.2054684687120658,6366686253.001234,0.15914933768309203,0.2476958919404662,3205446183.0900702,0.020960491372310333,0.24201371164599833,2032942692.138027
2021-05-28,0.058517256141933954,0.20344377125692797,6251170995.220717,0.16119269394594032,0.2558482802456694,3243640970.2717195,0.02353468615055375,0.2403681108912539,2135066196.7816029
2021-06-01,0.056724017058638415,0.20133227152397068,6626857598.586087,0.15735173180686435,0.2581305466071644,3181906845.4311795,0.023665644277925904,0.24929101951399257,2096254825.1821373
2021-06-02,0.05571899500523533,0.19724042162412364,6133979711.6988,0.15746241791656235,0.24957133398879794,3185439454.2685432,0.02343769496061686,0.22356983655960946,2074812031.4809096
2021-06-03,0.05562128644856859,0.20071742517747168,6317334957.792633,0.15366980188936352,0.2544692716190109,3144989823.003738,0.024001146660361197,0.21326030440787214,2090653059.0590098
2021-06-04,0.05355221645063782,0.1936107745161737,6394437745.628991,0.15723299461070406,0.23994703581566051,3181953403.176554,0.023304260147697417,0.22278996329584977,1937472830.9908965
2021-06-07,0.05295051998789388,0.19873008259679467,6340452491.135796,0.16000802301300077,0.22138726966918926,3205685045.81246,0.02398281680044946,0.2381375935212575,2092306992.0786173
2021-06-08,0.05202863068267882,0.21613988254718047,6126663746.9462595,0.15955436888100322,0.2504340284987564,3195115114.4836435,0.025030816482424764,0.23729265021063045,2041771850.138288
2021-06-09,0.05351008882869798,0.20588707348652197,5885293525.080704,0.15665177579680467,0.2298707809824387,3205761321.452727,0.022851824809265023,0.2351268299697373,2128670493.050206
2021-06-10,0.05220332071143596,0.18231778973765322,6005394072.710729,0.1544286698059068,0.2173129939492454,3173915343.815175,0.025065780608258273,0.21737172064543428,1968805763.416928
2021-06-11,0.05224631878767627,0.19992018334577497,6349559628.434769,0.1561556169802384,0.24242551075439725,3203759016.621285,0.025227782868150625,0.2152241044880733,2038963268.000478
2021-06-14,0.0507323856127134,0.18158960319686623,5887300268.638736,0.15285680597543982,0.22675076792497414,3168464953.570578,0.02395994109837206,0.20782339543285855,1961031282.7329834
2021-06-15,0.05116545310008469,0.19310574078285137,5737672219.3038,0.1483986037889563,0.20198815765612912,3047720972.2164273,0.022883213405426303,0.18721563988791995,1922478256.0737274
2021-06-16,0.04792474857203827,0.18157579045909403,6056498220.236047,0.14064608085534486,0.20771362730480236,3008980258.018254,0.021733484231104036,0.19907732690278962,1937022152.998646
2021-06-17,0.048076117568806476,0.18608514609735727,5511657211.017518,0.14218451409104416,0.218559376399447,3036732229.969278,0.02012412854550087,0.19122949938670913,1785397363.1927884
2021-06-18,0.049443022286176835,0.19138796989399418,6147134620.396324,0.14465619998185536,0.20868666204655423,3081312018.052622,0.021373264441862647,0.2059046348136371,1939355925.1335504
2021-06-21,0.049459857328603696,0.18954960146994,6087436941.479081,0.14816115074144337,0.21843778324150562,3152054576.6235266,0.021728652836612558,0.20617981442850636,2026190090.8865547
2021-06-22,0.049461857179422974,0.19967118317949195,6006644807.550682,0.14856464905360584,0.22118242041352346,3140370819.6382914,0.021669752965254516,0.20348672565353454,2081451188.743792
2021-06-23,0.048709334798434145,0.1765443652903116,5575626344.019645,0.1485761689521205,0.22011879833105127,3166995958.957912,0.02132246063519551,0.17014809941385042,2020811886.7958987
2021-06-24,0.04739062553779283,0.18600331057808897,6017411233.238318,0.14565822919116467,0.20301415230023154,3106690380.465801,0.020555978007615952,0.18484863670042656,2008780875.4827654
2021-06-25,0.046523712317671495,0.1746301552277622,5561016521.206364,0.1418052020707996,0.19988482519289916,3071173042.7009554,0.021553256708953625,0.16469552409869664,1992198461.8072655
2021-06-28,0.04508314671605451,0.18653192245021585,5567822899.779748,0.14245743841804837,0.19830421804089007,3065421314.035583,0.021601222265438494,0.170701960352708,2094946236.9021435
2021-06-29,0.04432303407389468,0.1749219561506849,5433777112.810908,0.14152756581578246,0.2146236212902336,3023409794.21517,0.021835133268994097,0.17099802462173444,1944242354.1952362
2021-06-30,0.04290639074680952,0.18461651416275282,5315786519.765396,0.13934093773632478,0.20160462296499176,2971060146.188977,0.021635369476721414,0.19434748426231815,2026525584.2090359
2021-07-01,0.040802705449711735,0.1798020996297675,5417256157.333848,0.13779454548168518,0.19572050513977277,2996567441.1298656,0.019356555967879954,0.17208741488671248,1979248307.516689
2021-07-02,0.04074507749040368,0.17942659246515136,5283244406.014854,0.1359795787617198,0.21352414221823787,2939998720.7125583,0.018835124072697593,0.16582823465599555,1876882632.3932636
2021-07-06,0.0415187468108231,0.17806651093384263,5608528882.90451,0.13986946057167782,0.21683554725451962,3011642443.634869,0.018744186393948523,0.15991925850220381,1987883885.8546584
2021-07-07,0.04218907433491256,0.17877727284086303,5492950619.827697,0.1402376577601555,0.21891053932533983,3044421620.2975802,0.017576183889426597,0.15144355772018103,1839988703.7947373
2021-07-08,0.044988646447565284,0.1804961327976169,5647393706.389856,0.1427297680749307,0.21592687450445977,3054060179.9878554,0.01868781169447077,0.15011415557042057,1903572189.0422778
2021-07-09,0.045813154599205014,0.1882706897356909,5827143805.346028,0.14238660607745773,0.22515426759343599,3063332575.9466863,0.017142224763994088,0.14627171579095855,1899547476.969221
2021-07-12,0.04709404461507985,0.1812139690781034,5998393640.2156725,0.14260164416664473,0.19974634635653787,3071071738.0007777,0.016351983068183404,0.16129447471458055,1989199647.7166197
2021-07-13,0.046560460566780065,0.18335874216560216,5825695443.442649,0.14336983862144598,0.21299571216837865,3039318293.3838377,0.015134641658519757,0.13563937819725957,1744159963.371007
2021-07-14,0.04761272790027396,0.17082582802394874,6213629154.187292,0.14431411602443012,0.22644531166955478,3106881212.778527,0.014150286343742116,0.13786733618432107,1751243845.1309736
2021-07-15,0.04984426540983827,0.20096149505794433,6393947803.468493,0.14706889430451386,0.21668898910717063,3099568004.300769,0.012312137936214843,0.15137098417935027,1742239414.153571
2021-07-16,0.04930148966232578,0.18635888392882222,6467749057.451363,0.14617464059120838,0.2175563739008022,3126406016.0559025,0.012473632512665908,0.14856741747177912,1818930631.405794
2021-07-19,0.04975558688311005,0.1711826736603636,6254591636.583189,0.14712998444618236,0.22655056392444547,3156142011.0202565,0.011575630243357574,0.1263009622371985,1740756850.2819233
2021-07-20,0.05217684612803339,0.18775479442716575,6886412955.557141,0.1520522236670765,0.22112798242547618,3236513810.9370027,0.011653737629593777,0.13443221231628313,1808559872.759636
2021-07-21,0.05394213544497675,0.20326488355813782,7031929492.288521,0.15215373155840167,0.23954149769249464,3233860197.6138997,0.011397328083143018,0.1544130783444578,1775865609.229956
2021-07-22,0.05303191110376623,0.20023181318083658,6849726478.301824,0.15274980426965978,0.23263659483716564,3234587684.6890216,0.01063528337192117,0.14286838394944895,1738290209.1100514
2021-07-23,0.05387211978981374,0.20255529151655685,7019589238.602339,0.15106581372039962,0.21849974784829498,3216652500.7863173,0.009585573870893663,0.133422275869428,1669401146.9373586
2021-07-26,0.055847416568844316,0.1882532881469478,7110839725.7436285,0.15407178084861461,0.24861249496454632,3254476359.635469,0.010549372836989243,0.14518951693499732,1764755082.798623
2021-07-27,0.05476028781449607,0.19424829954105138,6597666926.364912,0.15200867077790298,0.21773257108895552,3208339270.5534096,0.011693023813928435,0.1441008367084464,1758115564.8900611
2021-07-28,0.05904338221784547,0.19411095329112504,7188986532.700315,0.15948853175872968,0.24260860886116653,3317734140.068525,0.011492869503437156,0.15591899162731884,1782653631.415824
2021-07-29,0.06161645735750873,0.21955087107965357,7538483069.733026,0.15988373610915552,0.2568263277112679,3406480914.426528,0.012481981724760269,0.1864340452498772,1990256145.2722712
2021-07-30,0.05677286590287042,0.20930589826514576,6617562181.6130085,0.16199022668916624,0.26497716018118733,3345362573.0826073,0.012450106853373319,0.1684640486309002,1947615396.9758642
2021-08-02,0.057641615008686725,0.1998130953127291,6999483169.974351,0.16208735895671317,0.28014329970825436,3337701984.957676,0.01074902975500365,0.16493208493444486,1960800753.898203
2021-08-03,0.05740772421243154,0.2066808226164348,7416455980.967633,0.15995395718679706,0.26329897199082497,3306458912.898069,0.012658697902860297,0.17839657981015428,1938728599.861247
2021-08-04,0.0581987784438793,0.1960966480240076,6983583406.982882,0.1559859369690182,0.21109718762353755,3211755236.377605,0.012817368344789068,0.17823653598762462,1889357186.0622377
2021-08-05,0.05602719420624866,0.18826330988066226,6420245929.185061,0.1514826281390666,0.22310419206497872,3105418355.795911,0.011941532920927742,0.2074193992003047,1796912221.1546497
2021-08-06,0.05493101588117974,0.20546615622006614,6527270915.30886,0.1491186493682481,0.20311698915031778,3046908163.6385794,0.010746520431287584,0.17939173141200385,1775768143.9224446
2021-08-09,0.0546757495077452,0.20530223516368762,6380510538.79877,0.14303511595399676,0.21273353322944424,3042488451.3370857,0.010685650716019027,0.2013440282211207,1796315089.9080982
2021-08-10,0.05339338427281451,0.1994052574871269,6124139030.415405,0.14630222319579317,0.20459375226575846,3012971330.089087,0.010892366888752628,0.18200740422848424,1629965953.4962914
2021-08-11,0.05392519112062941,0.20069744265106731,6527055750.680978,0.1455183120104876,0.21465726515888173,3050641701.6002216,0.0112591068233273,0.197940993291655,1611873970.5486639
2021-08-12,0.05265625655310338,0.20488856561856414,6465605956.50887,0.14431016697511667,0.19669104064841372,2989527196.3008385,0.00888862327406835,0.18847192568566162,1639048857.7796414
2021-08-13,0.05398403756536238,0.1859528207249844,6240814462.002416,0.14226231705490533,0.1970405329470163,2980409410.775712,0.00994723112126579,0.19257763284381155,1606620329.799938
2021-08-16,0.05528861283983508,0.1858739361925244,6349633181.09465,0.13988712994839692,0.19402757566342482,2938526739.326406,0.008807252519353895,0.16848886356704795,1579610068.1638067
2021-08-17,0.05781731673339155,0.18336000622150672,6809071504.220204,0.1412817371205352,0.18328319520034614,2987596526.0868783,0.009956373459128157,0.17622851300509848,1607534668.4927223
2021-08-18,0.05819880025754762,0.18508720259109768,6581125638.426491,0.1432604101925674,0.17924425372291056,3015475586.612231,0.009196091239284568,0.17771427990286837,1603501228.6070323
2021-08-19,0.057395541399519995,0.16631604317331822,6899452915.236273,0.1407253092304338,0.17840670109381948,3032378501.994645,0.009526097782010676,0.1785681629227939,1558223178.8875248
2021-08-20,0.057409362762431276,0.16819430295739898,7016349331.925598,0.1437525841592333,0.19585472430156578,3115543367.934111,0.0089575337398944,0.18462151809926813,1655674778.8422306
2021-08-23,0.055443763637688576,0.16733352671224644,6899622377.950603,0.15024282536787764,0.2033810209538514,3260704369.538322,0.009303985221951486,0.1867928352735183,1637989461.9567833
2021-08-24,0.054318032694092994,0.17772568486926643,6964563900.470253,0.15019378639346914,0.1822664118166353,3206007675.704155,0.009805613359055929,0.16950651901910646,1628213203.4323256
2021-08-25,0.05070696096275176,0.17254566477068356,6476650014.835185,0.1497001022811597,0.20467057393611668,3177237006.040705,0.010039964236980323,0.1662476226180826,1638644849.8774843
2021-08-26,0.051307373250398414,0.18312322706782277,6125062929.982206,0.1500090351672369,0.18973409018770362,3171870029.4886546,0.00987602649856563,0.16064091144582626,1514676735.8846076
2021-08-27,0.04913211621522964,0.1716514056814076,6192700699.000098,0.14560229962674742,0.21432202294466546,3136551217.198989,0.010139967962779092,0.14283219149621035,1518805543.5998716
2021-08-30,0.045384894562749856,0.17954204104635751,5931172378.389876,0.14311998134578918,0.22043861395908468,3106218148.8752184,0.01147967753929667,0.1439846097507204,1601948868.3712454
2021-08-31,0.044810139335263593,0.17967439661523205,6060185066.997327,0.14322926264111552,0.21468454230279752,3107674487.688857,0.01114318596722437,0.15441588541482995,1600330200.8584576
2021-09-01,0.047759227802641774,0.18512288634899926,6157597542.204229,0.14649425320363274,0.25216611129365163,3181923944.3218265,0.01310876031970741,0.15588751051505906,1708177027.6864715
2021-09-02,0.048632563200216444,0.18312768179316885,6108028596.096625,0.14311599614956538,0.21090488198894736,3081580730.7420573,0.01374365950022953,0.1588272423528511,1712801235.4012568
2021-09-03,0.046550243659557455,0.1862165537839625,5855329374.759857,0.1433413026628052,0.24680503713620816,3072873692.8965974,0.013128430904094282,0.15938339663976947,1713320482.0598357
2021-09-07,0.04772332977149277,0.18483401730235394,6079614954.719643,0.1365317721169677,0.24442060698718734,3044621821.307596,0.01109932988295216,0.15974441041665494,1728292605.1845775
2021-09-08,0.047446219541480955,0.17746009577024868,6104519237.027923,0.13530112875427158,0.24548198821698497,3009491524.446252,0.012125510428245542,0.14256488679305476,1777562178.9180183
2021-09-09,0.046525702165273825,0.1786656935913397,5926887611.652764,0.1287575634055414,0.21765871192683717,2892980534.7330256,0.009809626904155308,0.13154165112015004,1663179588.8619547
2021-09-10,0.04550022967765699,0.1675676920218293,5813934765.284815,0.1298584041939705,0.19991126216683364,2899353491.6694045,0.009099309286741422,0.1387614104592896,1603259893.6889997
2021-09-13,0.04768722815835438,0.18956608337544634,6090646819.932402,0.12794551744153426,0.20283454956479469,2885376576.5957165,0.009676043963154954,0.15439089549638374,1669441650.208846
2021-09-14,0.04482811282269894,0.2009928580712706,6235739372.930105,0.12737925737501637,0.2211452021648765,2882945415.316624,0.00843852020482512,0.15753559695322536,1623467958.5630023
2021-09-15,0.04903179432720456,0.17691621629088022,6437741507.015145,0.12980384028105169,0.21920110428892017,2920602794.0114484,0.008652851355000754,0.15118700618074785,1554719984.7531655
2021-09-16,0.04583107099638381,0.20122081152127946,6533761067.0532055,0.13422049893789267,0.22316480615401435,3017396144.689286,0.008431604615189006,0.15899512420609746,1592309243.8595645
2021-09-17,0.04908193441794362,0.18932221596332136,6484949778.605975,0.13390665872626328,0.23291045346068426,3028455241.5731964,0.008667595471524805,0.1690211949782576,1648023945.7741537
2021-09-20,0.05130886877140958,0.19989765949362678,6764069057.996717,0.1423224635776868,0.25782220895434027,3202838790.6187754,0.010917025659950744,0.19673758408624242,1918394465.3272536
2021-09-21,0.053528869753031644,0.22161274276072784,7153307058.036179,0.14912164995002186,0.22840641957928876,3269889731.043352,0.010033216605090864,0.19293318049382863,1930551003.532325
2021-09-22,0.05337931114575603,0.2178211628029472,7188389499.525321,0.14881482246179012,0.24055846807263315,3271597588.266069,0.011431099282442556,0.1923505349268277,1947365974.2472174
2021-09-23,0.05410993438814796,0.19791490044761229,6714934471.787625,0.15407120775914485,0.24404140224697504,3305266972.4603662,0.010714524443870901,0.1690739879942507,1898400390.1383686
2021-09-24,0.05630922240372574,0.2212224661485327,6694050445.855223,0.15236222666053284,0.24558494123733474,3265309678.2338667,0.011720814792855319,0.19307422391009124,1925574067.275348
2021-09-27,0.054173679919753165,0.22326182911557835,6793783177.733448,0.1518580528311373,0.2859669778109355,3210686975.9175434,0.010906701469401328,0.17005029678552966,1800303399.133669
2021-09-28,0.055936838324495614,0.20338697874353082,7105620499.9166975,0.1514111864366211,0.2521802655104348,3212778923.4783773,0.011130911370510657,0.1794234829158756,1852280735.3062294
2021-09-29,0.05702789756625645,0.22917883735171182,6939558740.040251,0.16017958506268648,0.2719051653455352,3421409219.2221274,0.011329199827348799,0.18670490333144502,1993410141.596601
2021-09-30,0.05546385445456761,0.18910273608681893,7028930912.184898,0.16031043171530635,0.25920136136668526,3424931347.386691,0.012744241330364295,0.19507457603360012,2001330012.458501
2021-10-01,0.05617571272930963,0.21725828003331427,7164081289.105594,0.16301010103975622,0.31704383037936923,3477405863.5245066,0.012878859050922994,0.20017056137772,1918092902.4283743
2021-10-04,0.05781791690325275,0.20460042063505296,6883044199.986114,0.16984559202449756,0.3336769972860715,3539983868.9026103,0.01382179567925547,0.2110419595862393,2103630819.8447335
2021-10-05,0.056576838934663226,0.21674987292129722,6956521806.944782,0.1735015332697049,0.31509592815652876,3574623998.201223,0.015014332618614526,0.21905641714805094,2057415317.4262326
2021-10-06,0.057390896174851797,0.2129413121034365,6761845322.428271,0.17186708374436166,0.3187229203160732,3543197907.641311,0.01629862780496745,0.21389896540439082,2130232446.5765626
2021-10-07,0.05871391886995567,0.2116086220737811,6930607468.040018,0.1599221140899973,0.30584718281992074,3462013096.4146447,0.01674463453779447,0.23244686600163816,2088384707.5217617
2021-10-08,0.05935425448625267,0.20600295632403215,7231566460.215065,0.15946062373679692,0.3385769393308108,3456375668.283523,0.015974595850620124,0.26438186898559474,2205675586.107781
2021-10-11,0.05948942231865864,0.1967439052126849,6841705647.814893,0.15988072439587064,0.3029456746042307,3372411421.171341,0.015435236445398084,0.23365511137123104,2021866071.701162
2021-10-12,0.05894184614164974,0.20424609531038418,6905339784.732431,0.16862079484538373,0.32464656199281106,3371689732.15711,0.01592114537704538,0.24609460749534576,2034708636.5739684
2021-10-13,0.059430596116439666,0.21444328388989803,7038739745.294414,0.1658298396429147,0.2920282101396423,3355048989.172152,0.017619553997911888,0.23462266263578588,2083154277.4519641
2021-10-14,0.059727752609011,0.1977333397061698,6916727756.435999,0.1690814284674212,0.32489692433131645,3363804308.7943497,0.01753180687677415,0.21658224474562818,1938584625.2454817
2021-10-15,0.05791907762890461,0.21122900917316156,6739809209.921367,0.1708472619686483,0.27696317362144873,3443690451.358597,0.014397869333549432,0.21924313927625996,2115484998.7729943
2021-10-18,0.058398877393202125,0.18700063174467463,7089941266.049564,0.17324589595620465,0.31461418056007195,3457685181.63092,0.017527189818619157,0.21437594739144758,1989628339.569411
2021-10-19,0.059883029557315975,0.1970744210396788,7110899979.307307,0.1722768599647821,0.29680380785109167,3478648699.1071115,0.01851756233157449,0.25326706515959313,1909325375.804964
2021-10-20,0.059978797602114525,0.19791982050986248,6842439554.666139,0.17467581374670565,0.3249204312713101,3449340361.6821423,0.01948085416466351,0.2263553906672764,2043941360.7014027
2021-10-21,0.060535839822253995,0.1872883002353019,7339031624.35742,0.1752857343121771,0.2881674267933659,3442642065.546614,0.020618762664548637,0.2429115770247379,2062203440.5129914
2021-10-22,0.05853784382813468,0.18483554462003743,7342793197.408378,0.17515584701699605,0.27488152732889115,3396907797.789993,0.018788192077862628,0.2284735745332643,2170193403.7683372
2021-10-25,0.05738559726365414,0.18411701090442753,6717483048.349866,0.17236076947749313,0.28803947928151075,3439155724.4343514,0.018930609144121355,0.24294299989112078,1992723390.658951
2021-10-26,0.05757556098146463,0.19141109095672826,6507151292.03231,0.17583286034196466,0.2759273973041383,3414022349.5529137,0.020373650969551335,0.2507632971592581,2072986353.2307656
2021-10-27,0.0540196176935365,0.18132024250845552,6208597665.429733,0.18092429857939152,0.2686288988791335,3472045697.7112646,0.01885901200057076,0.24188835149055873,2053582564.4951737
2021-10-28,0.05253939267502297,0.18965278575870187,6028454794.232831,0.18702622696081572,0.31922247950188753,3751637266.1198506,0.02118260873920942,0.24436511389635832,2214079150.9623985
2021-10-29,0.05324494022932233,0.1909799001169763,6202400938.1216345,0.18375333199732036,0.31747980604552783,3730827777.673932,0.024397421192831212,0.2599620835589558,2309514030.6770887
2021-11-01,0.0538706477329077,0.18217321896137162,6610013935.968772,0.19446453074198533,0.34864880388242625,3843291185.1321363,0.025419433687795714,0.25871175782989014,2423701509.9390435
2021-11-02,0.05384203932881779,0.179691880854912,6588666924.145447,0.19739870919155,0.3330914754477543,3875021143.8745418,0.024372149086464054,0.2567436614133042,2445372976.0714216
2021-11-03,0.05257652581872366,0.17242967937830184,6569289271.228896,0.19451162289335372,0.2863704770656268,3809426269.19435,0.024766243665793927,0.2627133850749272,2153796691.8798666
2021-11-04,0.05133437820083819,0.18763197065561768,6460430533.980627,0.1808782019989731,0.29548397007102245,3675609863.097009,0.027844536773950032,0.27430410465055427,2249314902.057165
2021-11-05,0.05055134465827821,0.1848509921455042,6427360444.230895,0.18785234120105054,0.32188625171777885,3739017638.8504667,0.0290349811706601,0.2399302217815586,2207584480.78971
2021-11-08,0.04805610334921048,0.17623417631044,6231756470.855433,0.19591587571139069,0.3563423412446044,3769708251.915283,0.02511938141767099,0.2901958848984021,2236386678.2400475
2021-11-09,0.046968761778743234,0.17459837134116468,5809627667.266644,0.19694665504237246,0.3136086003356302,3651127786.6576867,0.028009961973785844,0.25943679453454843,2215532793.1883755
2021-11-10,0.04723940404528312,0.18642472361023132,5833526969.589126,0.19812756668642995,0.3193784903143744,3730647680.3934975,0.028373799758608056,0.2849703874843512,2244866873.5282197
2021-11-11,0.047570204563587015,0.18320812260785507,6111012753.312158,0.1951227710306298,0.3451981254623422,3799402574.780697,0.027108850249029467,0.28019015747409304,2297797832.891425
2021-11-12,0.04438790839638543,0.18050204393393368,5708535622.480746,0.19073191572713488,0.34205159892429604,3712580495.5295115,0.0295612831729251,0.3286417150551737,2251375051.5484962
2021-11-15,0.04288511507743126,0.17048219432781458,5546362604.250746,0.18277269252706752,0.34285769660238796,3723360270.34522,0.027594118178788915,0.2589916746006845,2038385202.9344578
2021-11-16,0.04338831477325544,0.1789695062761293,5852435402.862335,0.18557684268586727,0.3147352425871003,3593526432.2372828,0.02563043634326219,0.2475577197572585,2108644263.244602
2021-11-17,0.04100389920988429,0.17762223018383855,5872391466.886055,0.18313103842479084,0.3304257838430875,3627392715.6616306,0.02632238149230849,0.23797760104648075,2086094265.4165244
2021-11-18,0.04371257648674248,0.17946055915807463,5951137064.731957,0.1807944572704308,0.27624240998441263,3523339007.1195264,0.027978628767092104,0.2546522129616422,2004844182.32487
2021-11-19,0.047051627347362956,0.19649096838604907,6004105854.876058,0.1889457538411075,0.28280803786508246,3571530463.5214834,0.027383680258113538,0.27515613493794866,2127372906.6663277
2021-11-22,0.04941206083699301,0.19347382083294062,5960636993.039591,0.1837066319119126,0.29715240085965133,3566909662.6766996,0.027598456557605608,0.25753702245374266,2126365089.4001765
2021-11-23,0.05134621717982166,0.18385911121047788,6497633661.041477,0.19018816436755864,0.29082226550184176,3679761576.5681148,0.025095713510667403,0.24768551137937778,2154051187.343096
2021-11-24,0.0514956621919328,0.18568033514745338,6469762534.769643,0.1860950239925882,0.3023770652347827,3775837764.4981284,0.023697227382635924,0.23803693394117692,2184100508.189995
2021-11-26,0.05120841878682578,0.17387692439549113,6595188277.532877,0.19448671879192064,0.30466608129262485,3735785894.103501,0.02666500760690184,0.2599783713047014,2166975098.713971
2021-11-29,0.05092323020527942,0.17640329387566783,6604458972.35956,0.19837975849291173,0.2820677805585248,3763287197.7699137,0.02476185019291556,0.24656695875244442,2123037214.661309
2021-11-30,0.052395717467645486,0.18938136432586541,6987185833.319078,0.1977109384687697,0.26436967862169036,3819833545.441665,0.02594152204513113,0.23465130814844293,2079813384.7724519
2021-12-01,0.05692311451515267,0.20881303128697531,7730742100.754994,0.20604256995259568,0.29762085129763993,3954135382.519309,0.02798548559605514,0.24884480016664115,2275049229.0523763
2021-12-02,0.05923202877659914,0.20790974035103962,7788581403.088986,0.2112947212993927,0.33440562725433765,4014295750.622287,0.025918214953272498,0.2525707756396743,2249439218.154256
2021-12-03,0.0658092894092546,0.21065168648688554,7877677745.787917,0.21130533884846542,0.3039375867675735,4004087446.8399224,0.02866804479983888,0.2406604030391425,2227702190.150139
2021-12-06,0.06700889953138053,0.25426612735361975,8522313872.804808,0.21865103651757084,0.34410425478820394,4150555284.7391934,0.026273454447099734,0.22537806850189696,2277164122.152522
2021-12-07,0.06863120154316002,0.2603911444746153,8524237931.444289,0.20976848631201533,0.3102738073502628,4137955017.064354,0.02623137441627245,0.2539998221276644,2218646766.8761744
2021-12-08,0.0733215210616793,0.23366294533816098,8901013322.954622,0.21894409601712655,0.3510041089563831,4207373887.5994153,0.030068977532327915,0.22922352411503666,2212150309.5559077
2021-12-09,0.07840740019204187,0.23221165321503995,8816117426.800304,0.21512172813561842,0.37329576756292626,4196826942.071166,0.028403689918952132,0.2284930606441119,2221306449.9053073
2021-12-10,0.0822320034407513,0.2605850892641802,9257354990.404785,0.22303131394981113,0.3963911324998882,4212840070.8293457,0.029777996334530307,0.2723597862281225,2257557281.4265475
2021-12-13,0.08396479594105552,0.26293556303296206,8964991156.301165,0.22101943403241836,0.4090467684310002,4327800367.539572,0.028661528206188017,0.24519593652850188,2138962458.9752693
2021-12-14,0.08944156982573101,0.2791451042649723,9793324934.856794,0.21186068761166987,0.3742305199328898,4222011353.934138,0.02772859475887017,0.24401629649034803,2296821964.9474406
2021-12-15,0.08990185581036328,0.29955825406692455,9922656228.626701,0.217732888668846,0.4683465463726504,4371985526.748305,0.02329058051968204,0.25789937105914074,2207310672.0446177
2021-12-16,0.09023217584649576,0.276285892000255,10202886030.822357,0.22562804515506052,0.43822578003582946,4379443431.4316025,0.026642035090767582,0.25979339167920573,2220983968.0714874
2021-12-17,0.09535915215853077,0.2888262139204997,10840051357.351072,0.22102047801399555,0.43151804172759345,4396131174.688055,0.026573603378852853,0.2565440672283511,2213683743.12338
2021-12-20,0.10204029041685395,0.32694265545800594,11611891050.983345,0.23173567142705592,0.47962347672747185,4517003847.33535,0.024920786754071125,0.26235682265551047,2398401434.5897055
2021-12-21,0.10443720371463464,0.31541524770008245,11405468465.334183,0.22586679461317355,0.45183328177107807,4471658872.032236,0.026739462215901053,0.26790725624159883,2249687469.9578176
2021-12-22,0.10840380365617133,0.30107745998398666,11146898651.995855,0.23189444358051725,0.43143878637190236,4446628935.011921,0.024979781294569778,0.27829519232414446,2337423412.1002965
2021-12-23,0.11091676025218775,0.2821303276228975,10944989432.11939,0.22597311828024874,0.49051823290668206,4365582292.415516,0.0252645869179587,0.2545886876965826,2303610123.089926
2021-12-27,0.11375579178441589,0.2829567527013407,10553936011.788448,0.22448525138900854,0.4510482066902718,4361445735.699221,0.024468901969504256,0.24661283878246387,2230280841.317852
2021-12-28,0.10739141384980008,0.2954818649749335,10863945099.878864,0.23203455497844716,0.4089351332363933,4314925978.527845,0.025580031319498306,0.24899054203927773,2199876222.0241575
2021-12-29,0.11492009820896457,0.3032446598224583,11252504714.712704,0.22253446579521252,0.4112663270732466,4255942332.4589415,0.025076715282153564,0.2377587337484388,2116023161.53284
2021-12-30,0.11658034131688691,0.31892740728111707,10663369734.35947,0.2313125876819318,0.4053189520028019,4214276757.8772583,0.02429628483279296,0.24427007932992853,2135421593.3307443
2021-12-31,0.1171583749614469,0.2996370393288431,10841316244.530252,0.21977864024902516,0.37557547548533743,4078569553.1254687,0.02327255018850667,0.23903769793891758,2030106238.314214
