Price,Adj Close,Close,High,Low,Open,Volume,log_ret,sigma20
Ticker,^GSPC,^GSPC,^GSPC,^GSPC,^GSPC,^GSPC,,
Date,,,,,,,,
2005-02-01,1189.4100341796875,1189.4100341796875,1190.3900146484375,1180.949951171875,1181.27001953125,1681980000,0.006867267158630064,0.10034835567836978
2005-02-02,1193.18994140625,1193.18994140625,1195.25,1188.9200439453125,1189.4100341796875,1561740000,0.003172929099699573,0.092298457573498
2005-02-03,1189.8900146484375,1189.8900146484375,1193.18994140625,1185.6400146484375,1193.18994140625,1554460000,-0.0027694655050192196,0.09189143014130696
2005-02-04,1203.030029296875,1203.030029296875,1203.469970703125,1189.6700439453125,1189.8900146484375,1648160000,0.010982520503199034,0.09861711417965453
2005-02-07,1201.719970703125,1201.719970703125,1204.1500244140625,1199.27001953125,1203.030029296875,1347270000,-0.0010895591835762275,0.09853378415847457
2005-02-08,1202.300048828125,1202.300048828125,1205.1099853515625,1200.1600341796875,1201.719970703125,1416170000,0.00048259010452955664,0.09801733694476465
2005-02-09,1191.989990234375,1191.989990234375,1203.8299560546875,1191.5400390625,1202.300048828125,1511040000,-0.008612258457473487,0.10048897197774811
2005-02-10,1197.010009765625,1197.010009765625,1198.75,1191.5400390625,1191.989990234375,1491670000,0.004202617764653027,0.1005953081452817
2005-02-11,1205.300048828125,1205.300048828125,1208.3800048828125,1193.280029296875,1197.010009765625,1562300000,0.00690175020517092,0.09729910858763392
2005-02-14,1206.1400146484375,1206.1400146484375,1206.9300537109375,1203.5899658203125,1205.300048828125,1290180000,0.0006966508245467296,0.09570707458209492
2005-02-15,1210.1199951171875,1210.1199951171875,1212.43994140625,1205.52001953125,1206.1400146484375,1527080000,0.003294334262128551,0.09081629552108343
2005-02-16,1210.3399658203125,1210.3399658203125,1212.43994140625,1205.06005859375,1210.1199951171875,1490100000,0.00018175942364706543,0.08306007328829533
2005-02-17,1200.75,1200.75,1211.3299560546875,1200.739990234375,1210.3399658203125,1580120000,-0.007954922070865678,0.08325202808017425
2005-02-18,1201.5899658203125,1201.5899658203125,1202.9200439453125,1197.3499755859375,1200.75,1551200000,0.0006992897479056737,0.0786855206885597
2005-02-22,1184.1600341796875,1184.1600341796875,1202.47998046875,1184.1600341796875,1201.5899658203125,1744940000,-0.014611959979604627,0.09510129941627853
2005-02-23,1190.800048828125,1190.800048828125,1193.52001953125,1184.1600341796875,1184.1600341796875,1501090000,0.005591699832857344,0.09591892392509027
2005-02-24,1200.199951171875,1200.199951171875,1200.4200439453125,1187.800048828125,1190.800048828125,1518750000,0.007862777725995862,0.09801486100639759
2005-02-25,1211.3699951171875,1211.3699951171875,1212.1500244140625,1199.6099853515625,1200.199951171875,1523680000,0.00926377760227215,0.10193683694316097
2005-02-28,1203.5999755859375,1203.5999755859375,1211.3699951171875,1198.1300048828125,1211.3699951171875,1795480000,-0.006434901002669413,0.10466832358546928
2005-03-01,1210.4100341796875,1210.4100341796875,1212.25,1203.5999755859375,1203.5999755859375,1708060000,0.005642127938093822,0.10272578635961582
2005-03-02,1210.0799560546875,1210.0799560546875,1215.7900390625,1204.219970703125,1210.4100341796875,1568540000,-0.00027273661810500727,0.10072950393644182
2005-03-03,1210.469970703125,1210.469970703125,1215.719970703125,1204.449951171875,1210.0799560546875,1616240000,0.00032225292897436475,0.10038752757496613
2005-03-04,1222.1199951171875,1222.1199951171875,1224.760009765625,1210.469970703125,1210.469970703125,1636820000,0.009578361866919849,0.10400598160453912
2005-03-07,1225.31005859375,1225.31005859375,1229.1099853515625,1222.1199951171875,1222.1199951171875,1488830000,0.002606869420683111,0.09808652690849837
2005-03-08,1219.4300537109375,1219.4300537109375,1225.68994140625,1218.5699462890625,1225.31005859375,1523090000,-0.00481034052782725,0.09987428960426067
2005-03-09,1207.010009765625,1207.010009765625,1219.4300537109375,1206.6600341796875,1219.4300537109375,1704970000,-0.010237345322318347,0.10685348853205238
2005-03-10,1209.25,1209.25,1211.22998046875,1201.4100341796875,1207.010009765625,1604020000,0.00185409754498167,0.10200908839851494
2005-03-11,1200.0799560546875,1200.0799560546875,1213.0400390625,1198.1500244140625,1209.25,1449820000,-0.007612148101110883,0.1050689715920731
2005-03-14,1206.8299560546875,1206.8299560546875,1206.8299560546875,1199.510009765625,1200.0799560546875,1437430000,0.005608866091689535,0.10410958709466864
2005-03-15,1197.75,1197.75,1210.5400390625,1197.75,1206.8299560546875,1513530000,-0.0075522539304397895,0.10733903249367373
2005-03-16,1188.0699462890625,1188.0699462890625,1197.75,1185.6099853515625,1197.75,1653190000,-0.008114700226149019,0.10969167487416218
2005-03-17,1190.2099609375,1190.2099609375,1193.280029296875,1186.3399658203125,1188.0699462890625,1581930000,0.0017996327677858304,0.11003859691374317
2005-03-18,1189.6500244140625,1189.6500244140625,1191.97998046875,1182.780029296875,1190.2099609375,2344370000,-0.00047056258537558904,0.10694304906919073
2005-03-21,1183.780029296875,1183.780029296875,1189.6500244140625,1178.8199462890625,1189.6500244140625,1819440000,-0.00494643360273983,0.10794811169414231
2005-03-22,1171.7099609375,1171.7099609375,1189.5899658203125,1171.6300048828125,1183.780029296875,2114470000,-0.010248546209256304,0.10176489382187043
2005-03-23,1172.530029296875,1172.530029296875,1176.260009765625,1168.699951171875,1171.7099609375,2246870000,0.0006996454255911999,0.09943876620892336
2005-03-24,1171.4200439453125,1171.4200439453125,1180.1099853515625,1171.4200439453125,1172.530029296875,1721720000,-0.0009471067214326112,0.09433912300661372
2005-03-28,1174.280029296875,1174.280029296875,1179.9100341796875,1171.4200439453125,1171.4200439453125,1746220000,0.002438493140166642,0.08749521242812208
2005-03-29,1165.3599853515625,1165.3599853515625,1179.3900146484375,1163.68994140625,1174.280029296875,2223250000,-0.0076251791810113545,0.08842368703075902
2005-03-30,1181.4100341796875,1181.4100341796875,1181.5400390625,1165.3599853515625,1165.3599853515625,2097110000,0.013678629731370684,0.10030661019377234
2005-03-31,1180.5899658203125,1180.5899658203125,1184.530029296875,1179.489990234375,1181.4100341796875,2214230000,-0.0006943847521814206,0.10026743442469964
2005-04-01,1172.9200439453125,1172.9200439453125,1189.800048828125,1169.9100341796875,1180.5899658203125,2168690000,-0.0065178809492634215,0.10171242865076453
2005-04-04,1176.1199951171875,1176.1199951171875,1178.6099853515625,1167.719970703125,1172.7900390625,2079770000,0.0027244773167245384,0.09476933277200023
2005-04-05,1181.3900146484375,1181.3900146484375,1183.56005859375,1176.1199951171875,1176.1199951171875,1870800000,0.004470842785568863,0.09610084393122675
2005-04-06,1184.0699462890625,1184.0699462890625,1189.3399658203125,1181.3900146484375,1181.3900146484375,1797400000,0.0022658872536416297,0.09644903769113035
2005-04-07,1191.1400146484375,1191.1400146484375,1191.8800048828125,1183.81005859375,1184.0699462890625,1900620000,0.0059532330669584965,0.09414669978419611
2005-04-08,1181.199951171875,1181.199951171875,1191.75,1181.1300048828125,1191.1400146484375,1661330000,-0.008380014491591758,0.09730602438209385
2005-04-11,1181.2099609375,1181.2099609375,1184.0699462890625,1178.68994140625,1181.199951171875,1525310000,8.474198803121169e-06,0.094483469830746
2005-04-12,1187.760009765625,1187.760009765625,1190.1700439453125,1170.8499755859375,1181.2099609375,1979830000,0.005529884802783158,0.09441641822675666
2005-04-13,1173.7900390625,1173.7900390625,1187.760009765625,1171.4000244140625,1187.760009765625,2049740000,-0.011831325505628598,0.09930829885962884
2005-04-14,1162.050048828125,1162.050048828125,1174.6700439453125,1161.699951171875,1173.7900390625,2355040000,-0.010052134263021983,0.10126167919228814
2005-04-15,1142.6199951171875,1142.6199951171875,1162.050048828125,1141.9200439453125,1162.050048828125,2689960000,-0.016861861962765623,0.11426063553241117
2005-04-18,1145.97998046875,1145.97998046875,1148.9200439453125,1139.800048828125,1142.6199951171875,2180670000,0.002936282269934587,0.11545210700959475
2005-04-19,1152.780029296875,1152.780029296875,1154.6700439453125,1145.97998046875,1145.97998046875,2142700000,0.005916292813629376,0.11789604064444284
2005-04-20,1137.5,1137.5,1155.5,1136.1500244140625,1152.780029296875,2217050000,-0.013343570060666998,0.12128473109478416
2005-04-21,1159.949951171875,1159.949951171875,1159.949951171875,1137.5,1137.5,2308560000,0.01954398680302205,0.141408808225836
2005-04-22,1152.1199951171875,1152.1199951171875,1159.949951171875,1142.949951171875,1159.949951171875,2045880000,-0.006773139368705827,0.14304757968642937
2005-04-25,1162.0999755859375,1162.0999755859375,1164.050048828125,1152.1199951171875,1152.1199951171875,1795030000,0.008624972960832977,0.14639122042610023
2005-04-26,1151.8299560546875,1151.8299560546875,1164.800048828125,1151.8299560546875,1162.0999755859375,1959740000,-0.008876748450907357,0.1472181776268474
2005-04-27,1156.3800048828125,1156.3800048828125,1159.8699951171875,1144.4200439453125,1151.739990234375,2151520000,0.003942496392165928,0.1389551536641137
2005-04-28,1143.219970703125,1143.219970703125,1156.3800048828125,1143.219970703125,1156.3800048828125,2182270000,-0.011445623573941965,0.1434927804369761
2005-04-29,1156.8499755859375,1156.8499755859375,1156.969970703125,1139.18994140625,1143.219970703125,2362360000,0.011851956462206381,0.1495216057224365
2005-05-02,1162.1600341796875,1162.1600341796875,1162.8699951171875,1154.7099609375,1156.8499755859375,1980040000,0.004579598925333883,0.15019160580664886
2005-05-03,1161.1700439453125,1161.1700439453125,1166.8900146484375,1156.7099609375,1162.1600341796875,2167020000,-0.0008522166554065791,0.14905327416351002
2005-05-04,1175.6500244140625,1175.6500244140625,1176.010009765625,1161.1700439453125,1161.1700439453125,2306480000,0.012393051560347423,0.15570185292799116
2005-05-05,1172.6300048828125,1172.6300048828125,1178.6199951171875,1166.77001953125,1175.6500244140625,1997100000,-0.002572113341297033,0.15413442544785114
2005-05-06,1171.3499755859375,1171.3499755859375,1177.75,1170.5,1172.6300048828125,1707200000,-0.0010921846046327843,0.151650837453731
2005-05-09,1178.8399658203125,1178.8399658203125,1178.8699951171875,1169.3800048828125,1171.3499755859375,1857020000,0.00637396617240249,0.15346503614456772
2005-05-10,1166.219970703125,1166.219970703125,1178.8399658203125,1162.97998046875,1178.8399658203125,1889660000,-0.01076315086971924,0.15626065756168747
2005-05-11,1171.1099853515625,1171.1099853515625,1171.77001953125,1157.7099609375,1166.219970703125,1834970000,0.004184280247109484,0.151927508177563
2005-05-12,1159.3599853515625,1159.3599853515625,1173.3699951171875,1157.760009765625,1171.1099853515625,1995290000,-0.010083888412137476,0.15195371702145447
2005-05-13,1154.050048828125,1154.050048828125,1163.75,1146.1800537109375,1159.3599853515625,2188590000,-0.004590579075785861,0.14040641510337673
2005-05-16,1165.68994140625,1165.68994140625,1165.75,1153.6400146484375,1154.050048828125,1856860000,0.010035599091202663,0.14406083816277024
2005-05-17,1173.800048828125,1173.800048828125,1174.3499755859375,1159.8599853515625,1165.68994140625,1887260000,0.006933254635373309,0.14455335627516558
2005-05-18,1185.56005859375,1185.56005859375,1187.9000244140625,1173.800048828125,1173.800048828125,2266320000,0.009968895481321738,0.1379537519061108
2005-05-19,1191.0799560546875,1191.0799560546875,1191.0899658203125,1184.489990234375,1185.56005859375,1775860000,0.004645135445231929,0.12299321428290205
2005-05-20,1189.280029296875,1189.280029296875,1191.219970703125,1185.18994140625,1191.0799560546875,1631750000,-0.0015123150380107475,0.11993803360312905
2005-05-23,1193.8599853515625,1193.8599853515625,1197.43994140625,1188.760009765625,1189.280029296875,1681170000,0.0038436362656391054,0.11751937510343347
2005-05-24,1194.0699462890625,1194.0699462890625,1195.2900390625,1189.8699951171875,1193.8599853515625,1681000000,0.0001758518415968524,0.11162069240503196
2005-05-25,1190.010009765625,1190.010009765625,1194.0699462890625,1185.9599609375,1194.0699462890625,1742180000,-0.0034058760803965527,0.11273394144115392
2005-05-26,1197.6199951171875,1197.6199951171875,1198.949951171875,1190.010009765625,1190.010009765625,1654110000,0.006374531317727694,0.1035691553877963
2005-05-27,1198.780029296875,1198.780029296875,1199.56005859375,1195.280029296875,1197.6199951171875,1381430000,0.0009681474365530462,0.0976286545984143
2005-05-31,1191.5,1191.5,1198.780029296875,1191.5,1198.780029296875,1840680000,-0.006091379853433665,0.10070545110814169
2005-06-01,1202.219970703125,1202.219970703125,1205.6400146484375,1191.030029296875,1191.5,1810100000,0.008956805725931716,0.10380026724856824
2005-06-02,1204.2900390625,1204.2900390625,1204.6700439453125,1198.4200439453125,1202.27001953125,1813790000,0.0017203908245111421,0.09629129101028594
2005-06-03,1196.02001953125,1196.02001953125,1205.0899658203125,1194.550048828125,1204.2900390625,1627520000,-0.006890819980251095,0.0995297333616235
2005-06-06,1197.510009765625,1197.510009765625,1198.780029296875,1192.75,1196.02001953125,1547120000,0.0012450150268454863,0.09924245567464278
2005-06-07,1197.260009765625,1197.260009765625,1208.8499755859375,1197.260009765625,1197.510009765625,1851370000,-0.00020878831693149635,0.09743515074982972
2005-06-08,1194.6700439453125,1194.6700439453125,1201.969970703125,1193.3299560546875,1197.260009765625,1715490000,-0.0021655874330352987,0.08876101179805629
2005-06-09,1200.9300537109375,1200.9300537109375,1201.8599853515625,1191.0899658203125,1194.6700439453125,1824120000,0.005226267957247899,0.08927340411327406
2005-06-10,1198.1099853515625,1198.1099853515625,1202.7900390625,1192.6400146484375,1200.9300537109375,1664180000,-0.002350998409680116,0.08047043126247898
2005-06-13,1200.8199462890625,1200.8199462890625,1206.030029296875,1194.510009765625,1198.1099853515625,1661350000,0.002259309081521721,0.07720727364210844
2005-06-14,1203.9100341796875,1203.9100341796875,1207.530029296875,1200.1800537109375,1200.8199462890625,1698150000,0.0025700096198280065,0.07151072550641023
2005-06-15,1206.5799560546875,1206.5799560546875,1208.0799560546875,1198.6600341796875,1203.9100341796875,1840440000,0.002215253311708132,0.06890351907824949
2005-06-16,1210.9599609375,1210.9599609375,1212.0999755859375,1205.469970703125,1206.550048828125,1776040000,0.0036235262503510057,0.06209514421195585
2005-06-17,1216.9599609375,1216.9599609375,1219.550048828125,1210.9300537109375,1210.9300537109375,2407370000,0.004942512444624292,0.06231960231631251
2005-06-20,1216.0999755859375,1216.0999755859375,1219.0999755859375,1210.6500244140625,1216.9599609375,1714530000,-0.0007069167302180546,0.06195958119735048
2005-06-21,1213.6099853515625,1213.6099853515625,1217.1300048828125,1211.8599853515625,1216.0999755859375,1720700000,-0.0020496200337474235,0.06204425923970423
2005-06-22,1213.8800048828125,1213.8800048828125,1219.5899658203125,1211.68994140625,1213.6099853515625,1823250000,0.00022246809127945966,0.0620383669036751
2005-06-23,1200.72998046875,1200.72998046875,1216.449951171875,1200.719970703125,1213.8800048828125,2029920000,-0.010892156085218652,0.07292017232284784
2005-06-24,1191.5699462890625,1191.5699462890625,1200.9000244140625,1191.449951171875,1200.72998046875,2418800000,-0.007657968670772064,0.0746912559556406
2005-06-27,1190.68994140625,1190.68994140625,1194.3299560546875,1188.300048828125,1191.5699462890625,1738620000,-0.0007387984219393573,0.07457293633364391
2005-06-28,1201.5699462890625,1201.5699462890625,1202.5400390625,1190.68994140625,1190.68994140625,1772410000,0.009096068495660248,0.0782327994355176
2005-06-29,1199.8499755859375,1199.8499755859375,1204.0699462890625,1198.699951171875,1201.5699462890625,1769280000,-0.0014324616711682836,0.07195531425890238
2005-06-30,1191.3299560546875,1191.3299560546875,1203.27001953125,1190.510009765625,1199.8499755859375,2109490000,-0.007126235441052842,0.07555687793936021
2005-07-01,1194.43994140625,1194.43994140625,1197.8900146484375,1191.3299560546875,1191.3299560546875,1593820000,0.0026071140527266223,0.0725868254513891
2005-07-05,1204.989990234375,1204.989990234375,1206.3399658203125,1192.489990234375,1194.43994140625,1805820000,0.00879385280379541,0.0787424366032712
2005-07-06,1194.93994140625,1194.93994140625,1206.1099853515625,1194.780029296875,1204.989990234375,1883470000,-0.008375334165638293,0.08429544204174057
2005-07-07,1197.8699951171875,1197.8699951171875,1198.4599609375,1183.550048828125,1194.93994140625,1952440000,0.0024490496555653607,0.08438048217030462
2005-07-08,1211.8599853515625,1211.8599853515625,1212.72998046875,1197.199951171875,1197.8699951171875,1900810000,0.011611381797824727,0.09180136287244654
2005-07-11,1219.43994140625,1219.43994140625,1220.030029296875,1211.8599853515625,1211.8599853515625,1846300000,0.006235331585299875,0.09329127514810055
2005-07-12,1222.2099609375,1222.2099609375,1225.5400390625,1216.5999755859375,1219.43994140625,1932010000,0.0022689745298754005,0.09329307867919347
2005-07-13,1223.2900390625,1223.2900390625,1224.4599609375,1219.6400146484375,1222.2099609375,1812500000,0.0008833189083850002,0.09309102114390916
2005-07-14,1226.5,1226.5,1233.1600341796875,1223.2900390625,1223.2900390625,2048710000,0.0026206023564183667,0.09317927427827845
2005-07-15,1227.9200439453125,1227.9200439453125,1229.530029296875,1223.5,1226.5,1716400000,0.001157132095024771,0.09263296028446442
2005-07-18,1221.1300048828125,1221.1300048828125,1227.9200439453125,1221.1300048828125,1227.9200439453125,1582100000,-0.0055450532453322765,0.09367487975232346
2005-07-19,1229.3499755859375,1229.3499755859375,1230.3399658203125,1221.1300048828125,1221.1300048828125,2041280000,0.006708890992641159,0.09627664867233181
2005-07-20,1235.199951171875,1235.199951171875,1236.56005859375,1222.9100341796875,1229.3499755859375,2063340000,0.004747306199091916,0.09684170498292814
2005-07-21,1227.0400390625,1227.0400390625,1235.8299560546875,1224.699951171875,1235.199951171875,2129840000,-0.006628063888680202,0.10026897020413493
2005-07-22,1233.6800537109375,1233.6800537109375,1234.18994140625,1226.1500244140625,1227.0400390625,1766990000,0.005396819235281569,0.09239874801986274
2005-07-25,1229.030029296875,1229.030029296875,1238.3599853515625,1228.1500244140625,1233.6800537109375,1717580000,-0.003776351891557894,0.08852343234330776
2005-07-26,1231.1600341796875,1231.1600341796875,1234.4200439453125,1229.030029296875,1229.030029296875,1934180000,0.0017315779350903782,0.08813119214706025
2005-07-27,1236.7900390625,1236.7900390625,1237.6400146484375,1230.1500244140625,1231.1600341796875,1945800000,0.004562502872514251,0.084645544152601
2005-07-28,1243.719970703125,1243.719970703125,1245.1500244140625,1235.81005859375,1236.7900390625,2001680000,0.005587520020418069,0.08512228626129867
2005-07-29,1234.1800537109375,1234.1800537109375,1245.0400390625,1234.1800537109375,1243.719970703125,1789600000,-0.007700039576875817,0.08589966287116403
2005-08-01,1235.3499755859375,1235.3499755859375,1239.0999755859375,1233.800048828125,1234.1800537109375,1716870000,0.0009474855123388082,0.08588701190908679
2005-08-02,1244.1199951171875,1244.1199951171875,1244.68994140625,1235.3499755859375,1235.3499755859375,2043120000,0.007074137786164059,0.084284364028784
2005-08-03,1245.0400390625,1245.0400390625,1245.8599853515625,1240.5699462890625,1244.1199951171875,1999980000,0.0007392405265855828,0.07620729416427396
2005-08-04,1235.8599853515625,1235.8599853515625,1245.0400390625,1235.1500244140625,1245.0400390625,1981220000,-0.0074006171302292145,0.08288953073867833
2005-08-05,1226.4200439453125,1226.4200439453125,1235.8599853515625,1225.6199951171875,1235.8599853515625,1930280000,-0.007667679991179455,0.08023067226954751
2005-08-08,1223.1300048828125,1223.1300048828125,1232.280029296875,1222.6700439453125,1226.4200439453125,1804140000,-0.002686241126164113,0.07824391594618152
2005-08-09,1231.3800048828125,1231.3800048828125,1234.1099853515625,1223.1300048828125,1223.1300048828125,1897520000,0.0067223446107131934,0.08122306814577372
2005-08-10,1229.1300048828125,1229.1300048828125,1242.68994140625,1226.5799560546875,1231.3800048828125,2172320000,-0.001828889635260289,0.08155004969607135
2005-08-11,1237.81005859375,1237.81005859375,1237.81005859375,1228.3299560546875,1229.1300048828125,1941560000,0.007037130459695895,0.08455208336979674
2005-08-12,1230.3900146484375,1230.3900146484375,1237.81005859375,1225.8699951171875,1237.81005859375,1709300000,-0.006012532273180327,0.08739690307940695
2005-08-15,1233.8699951171875,1233.8699951171875,1236.239990234375,1226.199951171875,1230.4000244140625,1562880000,0.002824363312543099,0.08535800251984078
2005-08-16,1219.3399658203125,1219.3399658203125,1233.8699951171875,1219.050048828125,1233.8699951171875,1820410000,-0.011845866793172455,0.09226437258537336
2005-08-17,1220.239990234375,1220.239990234375,1225.6300048828125,1218.0699462890625,1219.3399658203125,1859150000,0.0007378519836267472,0.09046644496623216
2005-08-18,1219.02001953125,1219.02001953125,1222.6400146484375,1215.9300537109375,1220.239990234375,1808170000,-0.0010002794289762917,0.0878049200581375
2005-08-19,1219.7099609375,1219.7099609375,1225.0799560546875,1219.02001953125,1219.02001953125,1558790000,0.0005658202672567114,0.08539400038450579
2005-08-22,1221.72998046875,1221.72998046875,1228.9599609375,1216.469970703125,1219.7099609375,1621330000,0.0016547775416793087,0.0848899418147302
2005-08-23,1217.5899658203125,1217.5899658203125,1223.0400390625,1214.43994140625,1221.72998046875,1678620000,-0.003394403944288804,0.08519782192961466
2005-08-24,1209.5899658203125,1209.5899658203125,1224.1500244140625,1209.3699951171875,1217.5699462890625,1930800000,-0.006592036186235717,0.0854970957944335
2005-08-25,1212.3699951171875,1212.3699951171875,1213.72998046875,1209.5699462890625,1209.5899658203125,1571110000,0.0022956866031229595,0.08296817236286755
2005-08-26,1205.0999755859375,1205.0999755859375,1212.4000244140625,1204.22998046875,1212.4000244140625,1541090000,-0.00601458676680533,0.08151620234779318
2005-08-29,1212.280029296875,1212.280029296875,1214.280029296875,1201.530029296875,1205.0999755859375,1599450000,0.005940377442203548,0.08492649748261658
2005-08-30,1208.4100341796875,1208.4100341796875,1212.280029296875,1201.0699462890625,1212.280029296875,1916470000,-0.0031974340479843377,0.08000208405670077
2005-08-31,1220.3299560546875,1220.3299560546875,1220.3599853515625,1204.4000244140625,1208.4100341796875,2365510000,0.009815803774647414,0.08881790355445565
2005-09-01,1221.5899658203125,1221.5899658203125,1227.2900390625,1216.1800537109375,1220.3299560546875,2229860000,0.0010319829623908205,0.08590776391680317
2005-09-02,1218.02001953125,1218.02001953125,1224.449951171875,1217.75,1221.5899658203125,1640160000,-0.0029266553741287282,0.08247719474422519
2005-09-06,1233.3900146484375,1233.3900146484375,1233.6099853515625,1218.02001953125,1218.02001953125,1932090000,0.012539882199711805,0.09315953113682951
2005-09-07,1236.3599853515625,1236.3599853515625,1237.06005859375,1230.9300537109375,1233.3900146484375,2067700000,0.002405079165706425,0.09064152728327024
2005-09-08,1231.6700439453125,1231.6700439453125,1236.3599853515625,1229.510009765625,1236.3599853515625,1955380000,-0.0038005591470122724,0.09145117155966222
2005-09-09,1241.47998046875,1241.47998046875,1243.1300048828125,1231.6700439453125,1231.6700439453125,1992560000,0.007933192791395705,0.09235529689631862
2005-09-12,1240.56005859375,1240.56005859375,1242.5999755859375,1239.1500244140625,1241.47998046875,1938050000,-0.0007412627537384253,0.08968700667920129
2005-09-13,1231.199951171875,1231.199951171875,1240.5699462890625,1231.199951171875,1240.5699462890625,2082360000,-0.0075736739218887905,0.09330447241077353
2005-09-14,1227.1600341796875,1227.1600341796875,1234.739990234375,1226.1600341796875,1231.199951171875,1986750000,-0.0032866794553649825,0.08396995103567603
2005-09-15,1227.72998046875,1227.72998046875,1231.8800048828125,1224.8499755859375,1227.1600341796875,2079340000,0.0004643355066029642,0.08395811826332135
2005-09-16,1237.9100341796875,1237.9100341796875,1237.949951171875,1228.4200439453125,1228.4200439453125,3152470000,0.008257581395948677,0.08814842658348196
2005-09-19,1231.02001953125,1231.02001953125,1237.9100341796875,1227.6500244140625,1237.9100341796875,2076540000,-0.00558139144080716,0.09085110375049622
2005-09-20,1221.3399658203125,1221.3399658203125,1236.489990234375,1220.0699462890625,1231.02001953125,2319250000,-0.007894521231179397,0.0951751216122924
2005-09-21,1210.199951171875,1210.199951171875,1221.52001953125,1209.8900146484375,1221.3399658203125,2548150000,-0.009162993799830765,0.09973837591966073
2005-09-22,1214.6199951171875,1214.6199951171875,1216.6400146484375,1205.3499755859375,1210.199951171875,2424720000,0.003645671793169214,0.09787837791979317
2005-09-23,1215.2900390625,1215.2900390625,1218.8299560546875,1209.800048828125,1214.6199951171875,1973020000,0.0005514969302318207,0.09759512453072122
2005-09-26,1215.6300048828125,1215.6300048828125,1222.56005859375,1211.8399658203125,1215.2900390625,2022220000,0.00027970136111754584,0.09500498819269172
2005-09-27,1215.6600341796875,1215.6600341796875,1220.1700439453125,1211.1099853515625,1215.6300048828125,1976270000,2.4702356686390203e-05,0.09286617126712902
2005-09-28,1216.8900146484375,1216.8900146484375,1220.97998046875,1212.719970703125,1215.6600341796875,2106980000,0.0010112684622161083,0.09209924014982074
2005-09-29,1227.6800537109375,1227.6800537109375,1228.699951171875,1211.5400390625,1216.8900146484375,2176120000,0.008827817434815088,0.09087503979254746
2005-09-30,1228.81005859375,1228.81005859375,1229.5699462890625,1225.219970703125,1227.6800537109375,2097520000,0.0009200158851507823,0.09086450506767237
2005-10-03,1226.699951171875,1226.699951171875,1233.3399658203125,1225.1500244140625,1228.81005859375,2097490000,-0.0017186718302033555,0.09041993601597112
2005-10-04,1214.469970703125,1214.469970703125,1229.8800048828125,1214.02001953125,1226.699951171875,2341420000,-0.010019853743549412,0.08567761860493368
2005-10-05,1196.3900146484375,1196.3900146484375,1214.469970703125,1196.25,1214.469970703125,2546780000,-0.014999041934533608,0.09783957143375839
2005-10-06,1191.489990234375,1191.489990234375,1202.1400146484375,1181.9200439453125,1196.3900146484375,2792030000,-0.004104085030943061,0.0979294964012938
2005-10-07,1195.9000244140625,1195.9000244140625,1199.7099609375,1191.4599609375,1191.489990234375,2126080000,0.0036944438643393696,0.09370549421116517
2005-10-10,1187.3299560546875,1187.3299560546875,1196.52001953125,1186.1199951171875,1195.9000244140625,2195990000,-0.007192008635452218,0.09536922356822977
2005-10-11,1184.8699951171875,1184.8699951171875,1193.0999755859375,1183.1600341796875,1187.3299560546875,2299040000,-0.0020739919651937555,0.09333591291235653
2005-10-12,1177.6800537109375,1177.6800537109375,1190.02001953125,1173.6500244140625,1184.8699951171875,2491280000,-0.006086612731748708,0.09435050651343466
2005-10-13,1176.8399658203125,1176.8399658203125,1179.56005859375,1168.199951171875,1177.6800537109375,2351150000,-0.0007135959085546872,0.09404126632571523
2005-10-14,1186.5699462890625,1186.5699462890625,1187.1300048828125,1175.43994140625,1176.8399658203125,2188940000,0.008233895771379451,0.09400837360438909
2005-10-17,1190.0999755859375,1190.0999755859375,1191.2099609375,1184.47998046875,1186.5699462890625,2054570000,0.0029705697541047016,0.09469210645273238
2005-10-18,1178.1400146484375,1178.1400146484375,1190.0999755859375,1178.1300048828125,1190.0999755859375,2197010000,-0.010100380589755709,0.09679730123004503
2005-10-19,1195.760009765625,1195.760009765625,1195.760009765625,1170.550048828125,1178.1400146484375,2703590000,0.014845038560093116,0.10869579949419528
2005-10-20,1177.800048828125,1177.800048828125,1197.300048828125,1173.300048828125,1195.760009765625,2617250000,-0.015133641676906784,0.11843498834216072
2005-10-21,1179.5899658203125,1179.5899658203125,1186.4599609375,1174.9200439453125,1177.800048828125,2470920000,0.001518558511770074,0.11869705046378626
2005-10-24,1199.3800048828125,1199.3800048828125,1199.3900146484375,1179.5899658203125,1179.5899658203125,2197790000,0.016637869183025344,0.1342456021927169
2005-10-25,1196.5400390625,1196.5400390625,1201.300048828125,1189.2900390625,1199.3800048828125,2312470000,-0.002370669386531965,0.1343445365775195
2005-10-26,1191.3800048828125,1191.3800048828125,1204.010009765625,1191.3800048828125,1196.5400390625,2467750000,-0.0043217880969663724,0.13470881411536728
2005-10-27,1178.9000244140625,1178.9000244140625,1192.6500244140625,1178.8900146484375,1191.3800048828125,2395370000,-0.010530482171556166,0.13345006602777418
2005-10-28,1198.4100341796875,1198.4100341796875,1198.4100341796875,1178.9000244140625,1178.9000244140625,2379400000,0.0164138857010121,0.1477605293004056
2005-10-31,1207.010009765625,1207.010009765625,1211.4300537109375,1198.4100341796875,1198.4100341796875,2567470000,0.007150528449828997,0.15056753231694453
2005-11-01,1202.760009765625,1202.760009765625,1207.3399658203125,1201.6600341796875,1207.010009765625,2457850000,-0.003527311213989748,0.14720108279432054
2005-11-02,1214.760009765625,1214.760009765625,1215.1700439453125,1201.0699462890625,1202.760009765625,2648090000,0.009927610493678962,0.14137964577196102
2005-11-03,1219.93994140625,1219.93994140625,1224.699951171875,1214.760009765625,1214.760009765625,2716630000,0.004255094722213748,0.14071103062126158
2005-11-04,1220.1400146484375,1220.1400146484375,1222.52001953125,1214.449951171875,1219.93994140625,2050510000,0.00016398908743919804,0.1404459774168085
2005-11-07,1222.81005859375,1222.81005859375,1224.1800537109375,1217.2900390625,1220.1400146484375,1987580000,0.002185918605323245,0.13726262289179128
2005-11-08,1218.5899658203125,1218.5899658203125,1222.81005859375,1216.0799560546875,1222.81005859375,1965050000,-0.0034571122587987446,0.13779524147318667
2005-11-09,1220.6500244140625,1220.6500244140625,1226.5899658203125,1216.530029296875,1218.5899658203125,2214460000,0.001689099138900474,0.13506912123673095
2005-11-10,1230.9599609375,1230.9599609375,1232.4100341796875,1215.050048828125,1220.6500244140625,2378460000,0.008410797282881077,0.1366167436022978
2005-11-11,1234.719970703125,1234.719970703125,1235.699951171875,1230.719970703125,1230.9599609375,1773140000,0.003049878965987851,0.13492162751653744
2005-11-14,1233.760009765625,1233.760009765625,1237.199951171875,1231.780029296875,1234.719970703125,1899780000,-0.0007777749817607926,0.1352009456376609
2005-11-15,1229.010009765625,1229.010009765625,1237.93994140625,1226.4100341796875,1233.760009765625,2359370000,-0.0038574498246255473,0.12989764342941237
2005-11-16,1231.2099609375,1231.2099609375,1232.239990234375,1227.1800537109375,1229.010009765625,2121580000,0.0017884187466492563,0.1213466244643594
2005-11-17,1242.800048828125,1242.800048828125,1242.9599609375,1231.2099609375,1231.2099609375,2298040000,0.00936954388568445,0.10800528606488614
2005-11-18,1248.27001953125,1248.27001953125,1249.5799560546875,1240.7099609375,1242.800048828125,2453290000,0.004391670522725377,0.1080714157623384
2005-11-21,1254.8499755859375,1254.8499755859375,1255.8900146484375,1246.9000244140625,1248.27001953125,2117350000,0.005257415724038594,0.09627917771582511
2005-11-22,1261.22998046875,1261.22998046875,1261.9000244140625,1251.4000244140625,1254.8499755859375,2291420000,0.00507139571731674,0.0952055092212591
2005-11-23,1265.6099853515625,1265.6099853515625,1270.6400146484375,1259.510009765625,1261.22998046875,1985400000,0.0034667880268317575,0.09178914219136991
2005-11-25,1268.25,1268.25,1268.780029296875,1265.5400390625,1265.6099853515625,724940000,0.0020837896481920026,0.07760040406944632
2005-11-28,1257.4599609375,1257.4599609375,1268.43994140625,1257.1700439453125,1268.25,2016900000,-0.008544215188562632,0.07383774477802738
2005-11-29,1257.47998046875,1257.47998046875,1266.1800537109375,1257.4599609375,1257.4599609375,2268340000,1.5920484558229475e-05,0.07216710553150471
2005-11-30,1249.47998046875,1249.47998046875,1260.9300537109375,1249.3900146484375,1257.47998046875,2374690000,-0.006382253629955592,0.07554323714371183
2005-12-01,1264.6700439453125,1264.6700439453125,1266.1700439453125,1249.47998046875,1249.47998046875,2614830000,0.012083804199622072,0.07872944375589484
2005-12-02,1265.0799560546875,1265.0799560546875,1266.8499755859375,1261.4200439453125,1264.6700439453125,2125580000,0.00032407321906280373,0.07849340387106266
2005-12-05,1262.0899658203125,1262.0899658203125,1265.0799560546875,1258.1199951171875,1265.0799560546875,2325840000,-0.0023662766825758297,0.07964439505273896
2005-12-06,1263.699951171875,1263.699951171875,1272.8900146484375,1262.0899658203125,1262.0899658203125,2110740000,0.0012748372766697713,0.07963531636062926
2005-12-07,1257.3699951171875,1257.3699951171875,1264.8499755859375,1253.02001953125,1263.699951171875,2093830000,-0.005021653100799384,0.08106927051932931
2005-12-08,1255.8399658203125,1255.8399658203125,1263.3599853515625,1250.9100341796875,1257.3699951171875,2178300000,-0.0012175898629092075,0.08163559894564254
2005-12-09,1259.3699951171875,1259.3699951171875,1263.0799560546875,1254.239990234375,1255.8399658203125,1896290000,0.002806947864745446,0.07780228873213668
2005-12-12,1260.4300537109375,1260.4300537109375,1263.8599853515625,1255.52001953125,1259.3699951171875,1876550000,0.0008413831540163841,0.0774940948015027
2005-12-13,1267.4300537109375,1267.4300537109375,1272.1099853515625,1258.56005859375,1260.4300537109375,2390020000,0.00553829531298522,0.07870861824393523
2005-12-14,1272.739990234375,1272.739990234375,1275.800048828125,1267.0699462890625,1267.4300537109375,2145520000,0.004180778582454359,0.07690505997003375
2005-12-15,1270.93994140625,1270.93994140625,1275.1700439453125,1267.739990234375,1272.739990234375,2180590000,-0.0014153110273094072,0.0776788014052015
2005-12-16,1267.3199462890625,1267.3199462890625,1275.239990234375,1267.3199462890625,1270.93994140625,2584190000,-0.0028523458839302407,0.07365697251346387
2005-12-19,1259.9200439453125,1259.9200439453125,1270.510009765625,1259.280029296875,1267.3199462890625,2208810000,-0.005856130419100047,0.07616137557312544
2005-12-20,1259.6199951171875,1259.6199951171875,1263.8599853515625,1257.2099609375,1259.9200439453125,1996690000,-0.00023817746484766644,0.0741505182633369
2005-12-21,1262.7900390625,1262.7900390625,1269.3699951171875,1259.6199951171875,1259.6199951171875,2065170000,0.002513505394688309,0.07253928921137655
2005-12-22,1268.1199951171875,1268.1199951171875,1268.18994140625,1262.5,1262.7900390625,1888500000,0.004211895217280492,0.073024162601898
2005-12-23,1268.6600341796875,1268.6600341796875,1269.760009765625,1265.9200439453125,1268.1199951171875,1285810000,0.0004257673621061997,0.0726808652502977
2005-12-27,1256.5400390625,1256.5400390625,1271.8299560546875,1256.5400390625,1268.6600341796875,1540470000,-0.009599309229902708,0.07431984898008441
2005-12-28,1258.1700439453125,1258.1700439453125,1261.0999755859375,1256.5400390625,1256.5400390625,1422360000,0.0012963761684554598,0.07446314532034444
2005-12-29,1254.4200439453125,1254.4200439453125,1260.6099853515625,1254.1800537109375,1258.1700439453125,1382540000,-0.002984969814583849,0.07165311701518991
2005-12-30,1248.2900390625,1248.2900390625,1254.4200439453125,1246.5899658203125,1254.4200439453125,1443500000,-0.004898703356058576,0.05915608943765515
2006-01-03,1268.800048828125,1268.800048828125,1270.219970703125,1245.739990234375,1248.2900390625,2554570000,0.01629696434137884,0.08334389942987688
2006-01-04,1273.4599609375,1273.4599609375,1275.3699951171875,1267.739990234375,1268.800048828125,2515330000,0.003665964386255993,0.08366449640339287
2006-01-05,1273.47998046875,1273.47998046875,1276.9100341796875,1270.300048828125,1273.4599609375,2433340000,1.572045804820732e-05,0.08362118803750428
2006-01-06,1285.449951171875,1285.449951171875,1286.0899658203125,1273.47998046875,1273.47998046875,2446560000,0.009355518384217554,0.08664705615752046
2006-01-09,1290.1500244140625,1290.1500244140625,1290.780029296875,1284.8199462890625,1285.449951171875,2301490000,0.0036496959962182274,0.08664000767037104
2006-01-10,1289.68994140625,1289.68994140625,1290.1500244140625,1283.760009765625,1290.1500244140625,2373080000,-0.0003566756223527534,0.08666000362034786
2006-01-11,1294.1800537109375,1294.1800537109375,1294.9000244140625,1288.1199951171875,1289.719970703125,2406130000,0.00347549747694309,0.0870051842235
2006-01-12,1286.06005859375,1286.06005859375,1294.1800537109375,1285.0400390625,1294.1800537109375,2318350000,-0.006294004875159409,0.08937739757395911
2006-01-13,1287.6099853515625,1287.6099853515625,1288.9599609375,1282.780029296875,1286.06005859375,2206510000,0.0012044488366580453,0.08851839136795144
2006-01-17,1282.9300537109375,1282.9300537109375,1287.6099853515625,1278.6099853515625,1287.6099853515625,2179970000,-0.0036412090379522866,0.08948060563407595
2006-01-18,1277.9300537109375,1277.9300537109375,1282.9300537109375,1272.0799560546875,1282.9300537109375,2233200000,-0.0039049429830875226,0.09004529022976572
2006-01-19,1285.0400390625,1285.0400390625,1287.7900390625,1277.9300537109375,1277.9300537109375,2444020000,0.005548253263319758,0.08866890093910242
2006-01-20,1261.489990234375,1261.489990234375,1285.0400390625,1260.9200439453125,1285.0400390625,2845810000,-0.018496322409991883,0.11142817964186236
2006-01-23,1263.8199462890625,1263.8199462890625,1268.18994140625,1261.489990234375,1261.489990234375,2256070000,0.0018452837666602662,0.11126772983786866
2006-01-24,1266.8599853515625,1266.8599853515625,1271.469970703125,1263.8199462890625,1263.8199462890625,2608720000,0.002402548411444272,0.11058711168645163
2006-01-25,1264.6800537109375,1264.6800537109375,1271.8699951171875,1259.4200439453125,1266.8599853515625,2617060000,-0.0017222182116816143,0.11072036853441151
2006-01-26,1273.8299560546875,1273.8299560546875,1276.43994140625,1264.6800537109375,1264.6800537109375,2856780000,0.00720890753548975,0.10789490853149382
2006-01-27,1283.719970703125,1283.719970703125,1286.3800048828125,1273.8299560546875,1273.8299560546875,2623620000,0.007734014372505094,0.11062026739850796
2006-01-30,1285.18994140625,1285.18994140625,1287.93994140625,1283.510009765625,1283.719970703125,2282730000,0.0011444316179671787,0.10966191654602316
2006-01-31,1280.0799560546875,1280.0799560546875,1285.199951171875,1276.8499755859375,1285.199951171875,2708310000,-0.003983980099300233,0.10906374901621908
2006-02-01,1282.4599609375,1282.4599609375,1283.3299560546875,1277.5699462890625,1280.0799560546875,2589410000,0.0018575363851853766,0.09443574168749837
2006-02-02,1270.8399658203125,1270.8399658203125,1282.4599609375,1267.719970703125,1282.4599609375,2565300000,-0.009102005775588395,0.09930866496378175
2006-02-03,1264.030029296875,1264.030029296875,1270.8699951171875,1261.02001953125,1270.8399658203125,2282210000,-0.005373019460362727,0.10096377361010053
2006-02-06,1265.02001953125,1265.02001953125,1267.0400390625,1261.6199951171875,1264.030029296875,2132360000,0.0007828949730752655,0.09471975218712048
2006-02-07,1254.780029296875,1254.780029296875,1265.780029296875,1253.6099853515625,1265.02001953125,2366370000,-0.008127666010111056,0.09649462445268632
2006-02-08,1265.6500244140625,1265.6500244140625,1266.469970703125,1254.780029296875,1254.780029296875,2456860000,0.008625561733288656,0.10252236128096402
2006-02-09,1263.780029296875,1263.780029296875,1274.56005859375,1262.800048828125,1265.6500244140625,2441920000,-0.0014785903687126734,0.10125843314271388
2006-02-10,1266.989990234375,1266.989990234375,1269.8900146484375,1254.97998046875,1263.8199462890625,2290050000,0.002536747815165441,0.10025250441913813
2006-02-13,1262.8599853515625,1262.8599853515625,1266.989990234375,1258.3399658203125,1266.989990234375,1850080000,-0.0032650225045891546,0.10034884273579592
2006-02-14,1275.530029296875,1275.530029296875,1278.2099609375,1260.800048828125,1262.8599853515625,2437940000,0.009982823043985789,0.1066524699957918
2006-02-15,1280.0,1280.0,1281.0,1271.06005859375,1275.530029296875,2317590000,0.003498276451836979,0.10656569364348076
2006-02-16,1289.3800048828125,1289.3800048828125,1289.3900146484375,1280.0,1280.0,2251490000,0.00730140853907546,0.10786371723806637
2006-02-17,1287.239990234375,1287.239990234375,1289.469970703125,1284.0699462890625,1289.3800048828125,2128260000,-0.0016611026418837938,0.08431272233772664
2006-02-21,1283.030029296875,1283.030029296875,1291.9200439453125,1281.3299560546875,1287.239990234375,2104320000,-0.003275892937653957,0.08552668245786825
2006-02-22,1292.6700439453125,1292.6700439453125,1294.1700439453125,1283.030029296875,1283.030029296875,2222380000,0.007485389902520012,0.0885165752894568
2006-02-23,1287.7900390625,1287.7900390625,1293.8399658203125,1285.1400146484375,1292.6700439453125,2144210000,-0.0037822795497417516,0.08959765830960414
2006-02-24,1289.4300537109375,1289.4300537109375,1292.1099853515625,1285.6199951171875,1287.7900390625,1933010000,0.0012727006703121546,0.08664059197390443
2006-02-27,1294.1199951171875,1294.1199951171875,1297.5699462890625,1289.4300537109375,1289.4300537109375,1975320000,0.0036306217950352604,0.08349452194020317
2006-02-28,1280.6600341796875,1280.6600341796875,1294.1199951171875,1278.6600341796875,1294.1199951171875,2370860000,-0.010455326977436563,0.09146228558519406
2006-03-01,1291.239990234375,1291.239990234375,1291.800048828125,1280.6600341796875,1280.6600341796875,2308320000,0.008227392693299862,0.09475568062105015
2006-03-02,1289.1400146484375,1289.1400146484375,1291.239990234375,1283.2099609375,1291.239990234375,2494590000,-0.0016276486762221154,0.09486311353021051
2006-03-03,1287.22998046875,1287.22998046875,1297.3299560546875,1284.199951171875,1289.1400146484375,2152950000,-0.001482733095977018,0.08886166651970008
2006-03-06,1278.260009765625,1278.260009765625,1288.22998046875,1275.6700439453125,1287.22998046875,2280190000,-0.006992821869927113,0.09040618017587691
2006-03-07,1275.8800048828125,1275.8800048828125,1278.260009765625,1271.1099853515625,1278.260009765625,2268050000,-0.0018636453428637623,0.09078675200397045
2006-03-08,1278.469970703125,1278.469970703125,1280.3299560546875,1268.4200439453125,1275.8800048828125,2442870000,0.002027887120115146,0.08536597072830353
2006-03-09,1272.22998046875,1272.22998046875,1282.739990234375,1272.22998046875,1278.469970703125,2140110000,-0.004892776729698234,0.08279488486023981
2006-03-10,1281.4200439453125,1281.4200439453125,1284.3699951171875,1271.1099853515625,1272.22998046875,2123450000,0.007197621493559403,0.08588415266506902
2006-03-13,1284.1300048828125,1284.1300048828125,1287.3699951171875,1281.5799560546875,1281.5799560546875,2070330000,0.0021125777270372126,0.08578189908468448
2006-03-14,1297.47998046875,1297.47998046875,1298.1400146484375,1282.6700439453125,1284.1300048828125,2165270000,0.01034245657662236,0.09069149083998518
2006-03-15,1303.02001953125,1303.02001953125,1304.4000244140625,1294.969970703125,1297.47998046875,2293000000,0.004260755580596687,0.08586252634104544
2006-03-16,1305.3299560546875,1305.3299560546875,1310.449951171875,1303.02001953125,1303.02001953125,2292180000,0.0017711864963931845,0.08545305780723135
2006-03-17,1307.25,1307.25,1309.7900390625,1305.3199462890625,1305.3299560546875,2549620000,0.0014698453814148138,0.08234254233714335
2006-03-20,1305.0799560546875,1305.0799560546875,1310.0,1303.5899658203125,1307.25,1976830000,-0.001661386180892066,0.0823426442724428
2006-03-21,1297.22998046875,1297.22998046875,1310.8800048828125,1295.8199462890625,1305.0799560546875,2147370000,-0.006033101043218636,0.0845383983162367
2006-03-22,1305.0400390625,1305.0400390625,1305.969970703125,1295.81005859375,1297.22998046875,2039810000,0.006002514715950369,0.08314992238721744
2006-03-23,1301.6700439453125,1301.6700439453125,1305.0400390625,1298.1099853515625,1305.0400390625,1980940000,-0.0025856323775030887,0.08247808090821998
2006-03-24,1302.949951171875,1302.949951171875,1306.530029296875,1298.8900146484375,1301.6700439453125,2326070000,0.0009827977455314496,0.08245154944201978
2006-03-27,1301.6099853515625,1301.6099853515625,1303.739990234375,1299.0899658203125,1302.949951171875,2029700000,-0.0010289384550095093,0.08181119837460671
2006-03-28,1293.22998046875,1293.22998046875,1306.239990234375,1291.8399658203125,1301.6099853515625,2148580000,-0.006458998725721976,0.07617251420425786
2006-03-29,1302.8900146484375,1302.8900146484375,1305.5999755859375,1293.22998046875,1293.22998046875,2143540000,0.0074419354889663225,0.0752094021330717
2006-03-30,1300.25,1300.25,1310.1500244140625,1296.719970703125,1302.8900146484375,2294560000,-0.0020283315831610693,0.07536143063713109
2006-03-31,1294.8699951171875,1294.8699951171875,1303.0,1294.8699951171875,1300.25,2236710000,-0.004146253429841984,0.07676317764554437
2006-04-03,1297.81005859375,1297.81005859375,1309.18994140625,1296.6500244140625,1302.8800048828125,2494080000,0.0022679734297250675,0.072236972606269
2006-04-04,1305.9300537109375,1305.9300537109375,1307.550048828125,1294.7099609375,1297.81005859375,2147660000,0.006237198100456531,0.07394809529941278
2006-04-05,1311.56005859375,1311.56005859375,1312.81005859375,1304.8199462890625,1305.9300537109375,2420020000,0.004301841324002353,0.074697535987173
2006-04-06,1309.0400390625,1309.0400390625,1311.989990234375,1302.43994140625,1311.56005859375,2281680000,-0.0019232391163139795,0.07227396899136902
2006-04-07,1295.5,1295.5,1314.0699462890625,1294.1800537109375,1309.0400390625,2082470000,-0.010397352959045314,0.07981353629133393
2006-04-10,1296.6199951171875,1296.6199951171875,1300.739990234375,1293.1700439453125,1295.510009765625,1898320000,0.0008641538115483627,0.07962150421666984
2006-04-11,1286.5699462890625,1286.5699462890625,1300.7099609375,1282.9599609375,1296.5999755859375,2232880000,-0.007781154126378809,0.07595258471686499
2006-04-12,1288.1199951171875,1288.1199951171875,1290.9300537109375,1286.449951171875,1286.5699462890625,1938100000,0.001204066548337046,0.07429611659375512
2006-04-13,1289.1199951171875,1289.1199951171875,1292.0899658203125,1283.3699951171875,1288.1199951171875,1891940000,0.0007760240055052492,0.07397924321487179
2006-04-17,1285.3299560546875,1285.3299560546875,1292.449951171875,1280.739990234375,1289.1199951171875,1794650000,-0.0029443507331157193,0.07398081893239077
2006-04-18,1307.280029296875,1307.280029296875,1309.02001953125,1285.3299560546875,1285.3299560546875,2595440000,0.016933204646026212,0.09607075006328734
2006-04-19,1309.9300537109375,1309.9300537109375,1310.3900146484375,1302.7900390625,1307.6500244140625,2447310000,0.0020250765018055006,0.09361961205080978
2006-04-20,1311.4599609375,1311.4599609375,1318.1600341796875,1306.3800048828125,1309.9300537109375,2512920000,0.0011672489722762691,0.09150106593710565
2006-04-21,1311.280029296875,1311.280029296875,1317.6700439453125,1306.5899658203125,1311.4599609375,2392630000,-0.00013720890486812465,0.0909369525710308
2006-04-24,1308.1099853515625,1308.1099853515625,1311.280029296875,1303.7900390625,1311.280029296875,2117330000,-0.0024204455810252767,0.0914079978584418
2006-04-25,1301.739990234375,1301.739990234375,1310.7900390625,1299.1700439453125,1308.1099853515625,2366380000,-0.004881512597334492,0.09301701585193523
2006-04-26,1305.4100341796875,1305.4100341796875,1310.969970703125,1301.739990234375,1301.739990234375,2502690000,0.0028153702971467354,0.0903937259380658
2006-04-27,1309.719970703125,1309.719970703125,1315.0,1295.5699462890625,1305.4100341796875,2772010000,0.00329615768053948,0.0874542280447661
2006-04-28,1310.6099853515625,1310.6099853515625,1316.0400390625,1306.1600341796875,1309.719970703125,2419920000,0.0006793149699388934,0.08706182927901004
2006-05-01,1305.18994140625,1305.18994140625,1317.2099609375,1303.4599609375,1310.6099853515625,2437040000,-0.004144087356689141,0.08706040541194585
2006-05-02,1313.2099609375,1313.2099609375,1313.6600341796875,1305.18994140625,1305.18994140625,2403470000,0.006125912703045522,0.08910430157014097
2006-05-03,1308.1199951171875,1308.1199951171875,1313.469970703125,1303.9200439453125,1313.2099609375,2395230000,-0.0038835036433493286,0.08789384396256815
2006-05-04,1312.25,1312.25,1315.1400146484375,1307.8499755859375,1307.8499755859375,2431450000,0.0031522329368360857,0.08728659370257465
2006-05-05,1325.760009765625,1325.760009765625,1326.530029296875,1312.25,1312.25,2294760000,0.010242666122685762,0.09377062594534777
2006-05-08,1324.6600341796875,1324.6600341796875,1326.699951171875,1322.8699951171875,1325.760009765625,2151300000,-0.0008300387341275695,0.08502249884382608
2006-05-09,1325.1400146484375,1325.1400146484375,1326.5999755859375,1322.47998046875,1324.6600341796875,2157290000,0.00036227674930611187,0.08505872677991658
2006-05-10,1322.8499755859375,1322.8499755859375,1325.510009765625,1317.43994140625,1324.5699462890625,2268550000,-0.0017296437236282713,0.07950364685822278
2006-05-11,1305.9200439453125,1305.9200439453125,1322.6300048828125,1303.449951171875,1322.6300048828125,2531520000,-0.012880674678358517,0.09360335221813205
2006-05-12,1291.239990234375,1291.239990234375,1305.8800048828125,1290.3800048828125,1305.8800048828125,2567970000,-0.011304817461097016,0.10237785131912232
2006-05-15,1294.5,1294.5,1294.81005859375,1284.510009765625,1291.18994140625,2505660000,0.00252153078440287,0.10208803263677611
2006-05-16,1292.0799560546875,1292.0799560546875,1297.8800048828125,1288.510009765625,1294.5,2386210000,-0.0018712312726290037,0.08245551013844203
2006-05-17,1270.3199462890625,1270.3199462890625,1291.72998046875,1267.31005859375,1291.72998046875,2830200000,-0.016984493982545423,0.0993690701896794
2006-05-18,1261.81005859375,1261.81005859375,1274.8900146484375,1261.75,1270.25,2537490000,-0.006721550408602006,0.1004086291781132
2006-05-19,1267.030029296875,1267.030029296875,1272.1500244140625,1256.280029296875,1261.81005859375,2982300000,0.004128357614962219,0.10243224706100673
2006-05-22,1262.0699462890625,1262.0699462890625,1268.77001953125,1252.97998046875,1267.030029296875,2773010000,-0.0039224146258121095,0.10269379733253739
2006-05-23,1256.5799560546875,1256.5799560546875,1273.6700439453125,1256.1500244140625,1262.06005859375,2605250000,-0.00435947761064881,0.10251160028496285
2006-05-24,1258.5699462890625,1258.5699462890625,1264.530029296875,1245.3399658203125,1256.56005859375,2999030000,0.0015824032180074,0.10190435143748593
2006-05-25,1272.8800048828125,1272.8800048828125,1273.260009765625,1258.4100341796875,1258.4100341796875,2372730000,0.011305940311311602,0.11039272632203517
2006-05-26,1280.1600341796875,1280.1600341796875,1280.5400390625,1272.5,1272.7099609375,1814020000,0.005703043365720362,0.11293914795191963
2006-05-30,1259.8699951171875,1259.8699951171875,1280.0400390625,1259.8699951171875,1280.0400390625,2176190000,-0.01597655965752054,0.12375921904104566
2006-05-31,1270.0899658203125,1270.0899658203125,1270.0899658203125,1259.3800048828125,1259.3800048828125,2692160000,0.00807920002841378,0.1255010976103715
2006-06-01,1285.7099609375,1285.7099609375,1285.7099609375,1269.18994140625,1270.050048828125,2360160000,0.012223327369857984,0.1340044406793309
2006-06-02,1288.219970703125,1288.219970703125,1290.6800537109375,1280.219970703125,1285.7099609375,2295540000,0.0019503332475387936,0.1336145145748534
2006-06-05,1265.2900390625,1265.2900390625,1288.1600341796875,1264.6600341796875,1288.1600341796875,2313470000,-0.017960022017338595,0.13941798781801235
2006-06-06,1263.8499755859375,1263.8499755859375,1269.8800048828125,1254.4599609375,1265.22998046875,2697650000,-0.0011387773107429666,0.13938010406454343
2006-06-07,1256.1500244140625,1256.1500244140625,1272.469970703125,1255.77001953125,1263.6099853515625,2644170000,-0.006111091377008826,0.13959231572279884
2006-06-08,1257.9300537109375,1257.9300537109375,1259.8499755859375,1235.1800537109375,1256.0799560546875,3543790000,0.001416048446351681,0.1402828205549952
2006-06-09,1252.300048828125,1252.300048828125,1262.5799560546875,1250.030029296875,1257.9300537109375,2214000000,-0.004485655970165148,0.1353890248279615
2006-06-12,1237.43994140625,1237.43994140625,1255.219970703125,1236.4300537109375,1252.27001953125,2247010000,-0.011937217492592467,0.13594751428064827
2006-06-13,1223.68994140625,1223.68994140625,1243.3699951171875,1222.52001953125,1236.0799560546875,3215770000,-0.011173845930323445,0.13828313983213225
2006-06-14,1230.0400390625,1230.0400390625,1231.4599609375,1219.2900390625,1223.6600341796875,2667990000,0.005175884782161688,0.14101017392314827
2006-06-15,1256.1600341796875,1256.1600341796875,1258.6400146484375,1230.010009765625,1230.010009765625,2775480000,0.02101275473961728,0.1525080731582753
2006-06-16,1251.5400390625,1251.5400390625,1256.27001953125,1246.3299560546875,1256.1600341796875,2783390000,-0.0036846514409676345,0.15131953564203804
2006-06-19,1240.1300048828125,1240.1300048828125,1255.9300537109375,1237.1700439453125,1251.5400390625,2517200000,-0.009158607467732338,0.1532700342714831
2006-06-20,1240.1199951171875,1240.1199951171875,1249.010009765625,1238.8699951171875,1240.1199951171875,2232950000,-8.071577966006771e-06,0.1529510879799782
2006-06-21,1252.199951171875,1252.199951171875,1257.9599609375,1240.0899658203125,1240.0899658203125,2361230000,0.009693820144399012,0.15660410738338515
2006-06-22,1245.5999755859375,1245.5999755859375,1251.9200439453125,1241.530029296875,1251.9200439453125,2148180000,-0.005284643397793332,0.15743335498056588
2006-06-23,1244.5,1244.5,1253.1300048828125,1241.4300537109375,1245.5899658203125,2017270000,-0.0008834791118985663,0.1514325134581985
2006-06-26,1250.56005859375,1250.56005859375,1250.9200439453125,1243.6800537109375,1244.5,1878580000,0.0048576550206700375,0.1509796222645536
2006-06-27,1239.199951171875,1239.199951171875,1253.3699951171875,1238.93994140625,1250.550048828125,2203130000,-0.009125527128600375,0.14422319215006538
2006-06-28,1246.0,1246.0,1247.06005859375,1237.5899658203125,1238.989990234375,2085490000,0.0054724496476818985,0.14246616926365813
2006-06-29,1272.8699951171875,1272.8699951171875,1272.8800048828125,1245.93994140625,1245.93994140625,2621250000,0.02133576918516411,0.1559400832354234
2006-06-30,1270.199951171875,1270.199951171875,1276.300048828125,1270.199951171875,1272.8599853515625,3049560000,-0.0020998596049777163,0.15576708600216407
2006-07-03,1280.18994140625,1280.18994140625,1280.3800048828125,1270.06005859375,1270.06005859375,1114470000,0.007834128700747733,0.14495199714442267
2006-07-05,1270.9100341796875,1270.9100341796875,1280.050048828125,1265.9100341796875,1280.050048828125,2165070000,-0.0072752524377062144,0.14740571892778292
2006-07-06,1274.0799560546875,1274.0799560546875,1278.3199462890625,1270.5799560546875,1270.5799560546875,2009160000,0.0024911088267076664,0.14570204911151352
2006-07-07,1265.47998046875,1265.47998046875,1275.3800048828125,1263.1300048828125,1274.0799560546875,1988150000,-0.006772833620934726,0.14793846103099578
2006-07-10,1267.3399658203125,1267.3399658203125,1274.06005859375,1264.4599609375,1265.4599609375,1854590000,0.0014687073896704206,0.14694288366705285
2006-07-11,1272.4300537109375,1272.4300537109375,1273.6400146484375,1259.6500244140625,1267.260009765625,2310850000,0.004008311513638674,0.13999694717425387
2006-07-12,1258.5999755859375,1258.5999755859375,1273.31005859375,1257.2900390625,1272.3900146484375,2250450000,-0.010928527604668226,0.139721758176125
2006-07-13,1242.280029296875,1242.280029296875,1258.5799560546875,1241.4300537109375,1258.5799560546875,2545760000,-0.013051548192745344,0.1475386661145187
2006-07-14,1236.199951171875,1236.199951171875,1242.699951171875,1228.449951171875,1242.2900390625,2467120000,-0.004906305775686626,0.12809273486727327
2006-07-17,1234.489990234375,1234.489990234375,1240.0699462890625,1231.489990234375,1236.199951171875,2146410000,-0.0013841973303625466,0.12768679624193058
2006-07-18,1236.8599853515625,1236.8599853515625,1239.8599853515625,1224.5400390625,1234.47998046875,2481750000,0.0019179767067623033,0.12412704917206593
2006-07-19,1259.81005859375,1259.81005859375,1261.81005859375,1236.739990234375,1236.739990234375,2701980000,0.01838506433120468,0.13969435770481864
2006-07-20,1249.1300048828125,1249.1300048828125,1262.56005859375,1249.1300048828125,1259.81005859375,2345580000,-0.008513649549338531,0.13927061828000467
2006-07-21,1240.2900390625,1240.2900390625,1250.9599609375,1238.719970703125,1249.1199951171875,2704090000,-0.007102058166950975,0.14025780396162554
2006-07-24,1260.9100341796875,1260.9100341796875,1262.5,1240.25,1240.25,2312720000,0.01648845488001527,0.15162900051045497
2006-07-25,1268.8800048828125,1268.8800048828125,1272.3900146484375,1257.18994140625,1260.9100341796875,2563930000,0.006300915845494082,0.15221412174614374
2006-07-26,1268.4000244140625,1268.4000244140625,1273.8900146484375,1261.93994140625,1268.8699951171875,2667710000,-0.000378342531320186,0.1480310259310032
2006-07-27,1263.199951171875,1263.199951171875,1275.8499755859375,1261.9200439453125,1268.199951171875,2776710000,-0.00410813762499096,0.14822892727368064
2006-07-28,1278.550048828125,1278.550048828125,1280.4200439453125,1263.1500244140625,1263.1500244140625,2480420000,0.012078516199717448,0.13483415538946214
2006-07-31,1276.6600341796875,1276.6600341796875,1278.6600341796875,1274.31005859375,1278.530029296875,2461300000,-0.001479342153265506,0.1347165232961078
2006-08-01,1270.9200439453125,1270.9200439453125,1278.6600341796875,1265.7099609375,1278.530029296875,2527690000,-0.004506237112435585,0.1327178673165524
2006-08-02,1277.4100341796875,1277.4100341796875,1283.4200439453125,1270.72998046875,1270.72998046875,2610750000,0.005093535034171204,0.1314948543822553
2006-08-03,1280.27001953125,1280.27001953125,1283.9599609375,1271.25,1278.219970703125,2728440000,0.0022363911697382832,0.13144322151849994
2006-08-04,1279.3599853515625,1279.3599853515625,1292.9200439453125,1273.8199462890625,1280.260009765625,2530970000,-0.0007110670028831478,0.12901761748034266
2006-08-07,1275.77001953125,1275.77001953125,1279.31005859375,1273.0,1279.31005859375,2045660000,-0.00281000823887112,0.1294802433169548
2006-08-08,1271.47998046875,1271.47998046875,1282.75,1268.3699951171875,1275.6700439453125,2457840000,-0.0033683722592652288,0.12935606943906575
2006-08-09,1265.949951171875,1265.949951171875,1283.739990234375,1264.72998046875,1271.1300048828125,2555180000,-0.004358771040950948,0.12428402008117806
2006-08-10,1271.81005859375,1271.81005859375,1272.550048828125,1261.300048828125,1265.719970703125,2402190000,0.004618338861988924,0.11507650423500479
2006-08-11,1266.739990234375,1266.739990234375,1271.6400146484375,1262.0799560546875,1271.6400146484375,2004540000,-0.003994465346949028,0.11451124029310686
2006-08-14,1268.2099609375,1268.2099609375,1278.9000244140625,1266.6700439453125,1266.6700439453125,2118020000,0.0011597632270490266,0.11411979179971254
2006-08-15,1285.5799560546875,1285.5799560546875,1286.22998046875,1268.18994140625,1268.18994140625,2334100000,0.013603517555473843,0.1217615136220895
2006-08-16,1295.4300537109375,1295.4300537109375,1296.2099609375,1285.27001953125,1285.27001953125,2554570000,0.007632783631721374,0.10840468130402536
2006-08-17,1297.47998046875,1297.47998046875,1300.780029296875,1292.7099609375,1295.3699951171875,2458340000,0.0015811787974744362,0.1022299284800669
2006-08-18,1302.300048828125,1302.300048828125,1302.300048828125,1293.5699462890625,1297.47998046875,2033910000,0.003708062857582739,0.0969421466720525
2006-08-21,1297.52001953125,1297.52001953125,1302.300048828125,1295.510009765625,1302.300048828125,1759240000,-0.0036772042352293255,0.08441575824950169
2006-08-22,1298.8199462890625,1298.8199462890625,1302.489990234375,1294.43994140625,1297.52001953125,1908740000,0.001001353353987433,0.08253385251919848
2006-08-23,1292.989990234375,1292.989990234375,1301.5,1289.8199462890625,1298.72998046875,1893670000,-0.004498760349020969,0.08470788288956631
2006-08-24,1296.06005859375,1296.06005859375,1297.22998046875,1291.4000244140625,1292.969970703125,1930320000,0.0023715801088535216,0.08276730872429396
2006-08-25,1295.0899658203125,1295.0899658203125,1298.8800048828125,1292.3900146484375,1295.9200439453125,1667580000,-0.0007487739494989043,0.07301146375575215
2006-08-28,1301.780029296875,1301.780029296875,1305.02001953125,1293.969970703125,1295.0899658203125,1834920000,0.005152416785938918,0.07417873638247102
2006-08-29,1304.280029296875,1304.280029296875,1305.02001953125,1295.2900390625,1301.5699462890625,2093720000,0.001918605642752702,0.07147911411736722
2006-08-30,1305.3699951171875,1305.3699951171875,1306.739990234375,1302.1500244140625,1303.699951171875,2060690000,0.0008353349096585916,0.07013382335049596
2006-08-31,1303.8199462890625,1303.8199462890625,1306.1099853515625,1302.449951171875,1304.25,1974540000,-0.0011881457810911655,0.0704241445064868
2006-09-01,1311.010009765625,1311.010009765625,1312.030029296875,1303.800048828125,1303.800048828125,1800520000,0.005499463994836695,0.07188415322222622
2006-09-05,1313.25,1313.25,1314.6700439453125,1308.8199462890625,1310.93994140625,2114480000,0.0017071408854656411,0.07037481610673038
2006-09-06,1300.260009765625,1300.260009765625,1313.0400390625,1299.280029296875,1313.0400390625,2329870000,-0.00994072887125963,0.07916648404916247
2006-09-07,1294.02001953125,1294.02001953125,1301.25,1292.1300048828125,1300.2099609375,2325850000,-0.004810584977398058,0.07957477963326338
2006-09-08,1298.9200439453125,1298.9200439453125,1300.1400146484375,1294.02001953125,1294.02001953125,2132890000,0.003779516785635373,0.0791588472492719
2006-09-11,1299.5400390625,1299.5400390625,1302.3599853515625,1290.9300537109375,1298.8599853515625,2506430000,0.00047720196512379687,0.07704877387951717
2006-09-12,1313.0,1313.0,1314.280029296875,1299.530029296875,1299.530029296875,2791580000,0.010304209566623257,0.08312741027643059
2006-09-13,1318.0699462890625,1318.0699462890625,1319.9200439453125,1311.1199951171875,1312.739990234375,2597220000,0.0038539093735430185,0.07163864726690305
2006-09-14,1316.280029296875,1316.280029296875,1318.0,1313.25,1318.0,2351220000,-0.0013589062077690173,0.06821383980715881
2006-09-15,1319.6600341796875,1319.6600341796875,1324.6500244140625,1316.280029296875,1316.280029296875,3198030000,0.002564555076311592,0.0684405054211503
2006-09-18,1321.1800537109375,1321.1800537109375,1324.8699951171875,1318.1600341796875,1319.8499755859375,2325080000,0.0011511637573802247,0.06766123811259693
2006-09-19,1317.6400146484375,1317.6400146484375,1322.0400390625,1312.1700439453125,1321.1700439453125,2390850000,-0.002683048555375933,0.06693071067331256
2006-09-20,1325.1800537109375,1325.1800537109375,1328.530029296875,1318.280029296875,1318.280029296875,2543070000,0.005706071034442317,0.0690809054363032
2006-09-21,1318.030029296875,1318.030029296875,1328.18994140625,1315.449951171875,1324.8900146484375,2627440000,-0.005410119989902817,0.07006072630393366
2006-09-22,1314.780029296875,1314.780029296875,1318.030029296875,1310.93994140625,1318.030029296875,2162880000,-0.002468846273337988,0.07082838212933258
2006-09-25,1326.3699951171875,1326.3699951171875,1329.3499755859375,1311.5799560546875,1314.780029296875,2710240000,0.008776510314246089,0.07583445670370764
2006-09-26,1336.3499755859375,1336.3499755859375,1336.5999755859375,1325.300048828125,1326.3499755859375,2673350000,0.00749611473321643,0.07778461317745813
2006-09-27,1336.5899658203125,1336.5899658203125,1340.0799560546875,1333.5400390625,1336.1199951171875,2749190000,0.0001795702412179523,0.07784597316683535
2006-09-28,1338.8800048828125,1338.8800048828125,1340.280029296875,1333.75,1336.56005859375,2397820000,0.0017118783965646145,0.0778499702640398
2006-09-29,1335.8499755859375,1335.8499755859375,1339.8800048828125,1335.6400146484375,1339.1500244140625,2273430000,-0.002265672135254526,0.078365754008095
2006-10-02,1331.3199462890625,1331.3199462890625,1338.5400390625,1330.280029296875,1335.8199462890625,2154480000,-0.003396884177234938,0.07827955582771737
2006-10-03,1334.1099853515625,1334.1099853515625,1338.31005859375,1327.0999755859375,1331.3199462890625,2682690000,0.00209350097587091,0.07834930153909318
2006-10-04,1350.199951171875,1350.199951171875,1350.199951171875,1331.47998046875,1333.81005859375,3019880000,0.011988301577432026,0.07723970283576098
2006-10-05,1353.219970703125,1353.219970703125,1353.7900390625,1347.75,1349.8399658203125,2817240000,0.002234222484696069,0.0732903517724316
2006-10-06,1349.5899658203125,1349.5899658203125,1353.219970703125,1344.2099609375,1353.219970703125,2523000000,-0.0026860986533590037,0.07496992104942948
2006-10-09,1350.6600341796875,1350.6600341796875,1352.68994140625,1346.550048828125,1349.5799560546875,1935170000,0.0007925698845587803,0.07490170793357204
2006-10-10,1353.4200439453125,1353.4200439453125,1354.22998046875,1348.5999755859375,1350.6199951171875,2376140000,0.00204136759588458,0.06843703030937204
2006-10-11,1349.949951171875,1349.949951171875,1353.969970703125,1343.5699462890625,1353.280029296875,2521000000,-0.0025672362166977436,0.0692738116441982
2006-10-12,1362.8299560546875,1362.8299560546875,1363.760009765625,1349.93994140625,1349.93994140625,2514350000,0.009495869261272993,0.07423380032954167
2006-10-13,1365.6199951171875,1365.6199951171875,1366.6300048828125,1360.5,1362.8199462890625,2482920000,0.0020451465739919072,0.07418263623121817
2006-10-16,1369.06005859375,1369.06005859375,1370.199951171875,1364.47998046875,1365.6099853515625,2305920000,0.002515881363473582,0.07420295885443783
2006-10-17,1364.050048828125,1364.050048828125,1369.050048828125,1356.8699951171875,1369.050048828125,2519620000,-0.0036661643184787707,0.07502144402131003
2006-10-18,1365.800048828125,1365.800048828125,1372.8699951171875,1360.949951171875,1363.9300537109375,2658840000,0.0012821218580674199,0.07361595301005058
2006-10-19,1366.9599609375,1366.9599609375,1368.0899658203125,1362.06005859375,1365.949951171875,2619830000,0.0008488942862783233,0.06925899473567662
2006-10-20,1368.5999755859375,1368.5999755859375,1368.6600341796875,1362.0999755859375,1366.93994140625,2526410000,0.001199034115850317,0.0675365709651754
2006-10-23,1377.02001953125,1377.02001953125,1377.4000244140625,1363.93994140625,1368.5799560546875,2480430000,0.00613345645545138,0.06475997630216622
2006-10-24,1377.3800048828125,1377.3800048828125,1377.780029296875,1372.4200439453125,1377.02001953125,2876890000,0.00026138930469166155,0.06160637472471944
2006-10-25,1382.219970703125,1382.219970703125,1383.6099853515625,1376.0,1377.3599853515625,2953540000,0.0035077336032669493,0.06177522026463555
2006-10-26,1389.0799560546875,1389.0799560546875,1389.449951171875,1379.469970703125,1382.2099609375,2793350000,0.004950744808795093,0.06280504224404444
2006-10-27,1377.3399658203125,1377.3399658203125,1388.8900146484375,1375.8499755859375,1388.8900146484375,2458450000,-0.008487547836852016,0.07107496381928166
2006-10-30,1377.9300537109375,1377.9300537109375,1381.219970703125,1373.4599609375,1377.300048828125,2770440000,0.00042833398938313394,0.06893428468627978
2006-10-31,1377.93994140625,1377.93994140625,1381.2099609375,1372.18994140625,1377.9300537109375,2803030000,7.175734218378693e-06,0.0691695842361029
2006-11-01,1367.81005859375,1367.81005859375,1381.949951171875,1366.260009765625,1377.760009765625,2821160000,-0.007378624253349564,0.06490049176400814
2006-11-02,1367.3399658203125,1367.3399658203125,1368.3900146484375,1362.2099609375,1367.43994140625,2646180000,-0.00034374185976648874,0.06471917155393901
2006-11-03,1364.300048828125,1364.300048828125,1371.6800537109375,1360.97998046875,1367.31005859375,2419730000,-0.0022257092668214185,0.06445093620298124
2006-11-06,1379.780029296875,1379.780029296875,1381.4000244140625,1364.27001953125,1364.27001953125,2533550000,0.011282575026933195,0.0744132579515597
2006-11-07,1382.8399658203125,1382.8399658203125,1388.18994140625,1379.18994140625,1379.75,2636390000,0.002215243341597173,0.07444438352753568
2006-11-08,1385.719970703125,1385.719970703125,1388.6099853515625,1379.3299560546875,1382.5,2814820000,0.0020805082697785693,0.07330702232415505
2006-11-09,1378.3299560546875,1378.3299560546875,1388.9200439453125,1377.31005859375,1385.4300537109375,3012050000,-0.005347249472951177,0.07034443718469426
2006-11-10,1380.9000244140625,1380.9000244140625,1381.0400390625,1375.5999755859375,1378.3299560546875,2290200000,0.0018628886470652972,0.07029894316419955
2006-11-13,1384.4200439453125,1384.4200439453125,1387.6099853515625,1378.800048828125,1380.5799560546875,2386340000,0.002545832920179514,0.07030953821447156
2006-11-14,1393.219970703125,1393.219970703125,1394.489990234375,1379.0699462890625,1384.3599853515625,3027480000,0.006336282710039498,0.07124820201594591
2006-11-15,1396.5699462890625,1396.5699462890625,1401.3499755859375,1392.1300048828125,1392.9100341796875,2831130000,0.0024015981817582244,0.0713976960820324
2006-11-16,1399.760009765625,1399.760009765625,1403.760009765625,1396.530029296875,1396.530029296875,2835730000,0.0022816083299046497,0.07150267205838408
2006-11-17,1401.199951171875,1401.199951171875,1401.2099609375,1394.550048828125,1399.760009765625,2726100000,0.0010281771629614411,0.07150471032352719
2006-11-20,1400.5,1400.5,1404.3699951171875,1397.8499755859375,1401.1700439453125,2546710000,-0.0004996617758044053,0.06936205010108205
2006-11-21,1402.81005859375,1402.81005859375,1403.489990234375,1399.989990234375,1400.4300537109375,2597940000,0.001648093909236259,0.06938086369187604
2006-11-22,1406.0899658203125,1406.0899658203125,1407.8900146484375,1402.260009765625,1402.68994140625,2237710000,0.0023353687840490522,0.0689459871304628
2006-11-24,1400.949951171875,1400.949951171875,1405.93994140625,1399.25,1405.93994140625,832550000,-0.0036622353406023933,0.068940502383743
2006-11-27,1381.9599609375,1381.9599609375,1400.949951171875,1381.43994140625,1400.949951171875,2711210000,-0.013647789970176127,0.07893389635506833
2006-11-28,1386.719970703125,1386.719970703125,1387.9100341796875,1377.8299560546875,1381.6099853515625,2639750000,0.0034384721766231863,0.07974214733721272
2006-11-29,1399.47998046875,1399.47998046875,1401.1400146484375,1386.1099853515625,1386.1099853515625,2790970000,0.009159499819873851,0.08538034414966406
2006-11-30,1400.6300048828125,1400.6300048828125,1406.300048828125,1393.8299560546875,1399.469970703125,4006230000,0.0008214137907014418,0.08006051230958863
2006-12-01,1396.7099609375,1396.7099609375,1402.4599609375,1385.9300537109375,1400.6300048828125,2800980000,-0.002802695817625711,0.08109763118776499
2006-12-04,1409.1199951171875,1409.1199951171875,1411.22998046875,1396.6700439453125,1396.6700439453125,2766320000,0.008845949539756148,0.08441959148929645
2006-12-05,1414.760009765625,1414.760009765625,1415.27001953125,1408.780029296875,1409.0999755859375,2755700000,0.0039945196949666695,0.0773766446968801
2006-12-06,1412.9000244140625,1412.9000244140625,1415.9300537109375,1411.050048828125,1414.4000244140625,2725280000,-0.0013155652358047831,0.07778589834057363
2006-12-07,1407.2900390625,1407.2900390625,1418.27001953125,1406.800048828125,1412.8599853515625,2743150000,-0.003978450122079202,0.07960268766286442
2006-12-08,1409.8399658203125,1409.8399658203125,1414.0899658203125,1403.6700439453125,1407.27001953125,2440460000,0.0018103015833679237,0.07645934866087706
2006-12-11,1413.0400390625,1413.0400390625,1415.5999755859375,1408.56005859375,1409.81005859375,2289900000,0.0022672409790365222,0.07652094591342128
2006-12-12,1411.56005859375,1411.56005859375,1413.780029296875,1404.75,1413.0,2738170000,-0.0010479222212120831,0.07670511308656539
2006-12-13,1413.2099609375,1413.2099609375,1416.6400146484375,1411.050048828125,1411.3199462890625,2552260000,0.001168167687964683,0.07419294227583076
2006-12-14,1425.489990234375,1425.489990234375,1427.22998046875,1413.1600341796875,1413.1600341796875,2729700000,0.008651922436739845,0.078982889766205
2006-12-15,1427.0899658203125,1427.0899658203125,1431.6300048828125,1425.47998046875,1425.47998046875,3229580000,0.0011217745187641626,0.07885217779149353
2006-12-18,1422.47998046875,1422.47998046875,1431.81005859375,1420.6500244140625,1427.0799560546875,2568140000,-0.0032355684964722187,0.08017906990697984
2006-12-19,1425.550048828125,1425.550048828125,1428.300048828125,1414.8800048828125,1422.4200439453125,2717060000,0.0021559249845939377,0.08018245019188647
2006-12-20,1423.530029296875,1423.530029296875,1429.050048828125,1423.510009765625,1425.510009765625,2387630000,-0.0014180155098069136,0.0805164842470786
2006-12-21,1418.300048828125,1418.300048828125,1426.4000244140625,1415.9000244140625,1423.199951171875,2322410000,-0.003680717164277425,0.0816898264654291
2006-12-22,1410.760009765625,1410.760009765625,1418.8199462890625,1410.280029296875,1418.0999755859375,1647590000,-0.005330432553268594,0.08293773406698401
2006-12-26,1416.9000244140625,1416.9000244140625,1417.9100341796875,1410.449951171875,1410.75,1310310000,0.004342830626287153,0.06638761955789396
2006-12-27,1426.8399658203125,1426.8399658203125,1427.719970703125,1416.6300048828125,1416.6300048828125,1667370000,0.006990781099262655,0.06895224884783102
2006-12-28,1424.72998046875,1424.72998046875,1427.260009765625,1422.050048828125,1426.77001953125,1508570000,-0.001479876542664904,0.06352904253845137
2006-12-29,1418.300048828125,1418.300048828125,1427.0,1416.8399658203125,1424.7099609375,1678200000,-0.00452330262961631,0.0662394237588508
2007-01-03,1416.5999755859375,1416.5999755859375,1429.4200439453125,1407.8599853515625,1418.030029296875,3429160000,-0.001199388642525001,0.0654206880835714
2007-01-04,1418.3399658203125,1418.3399658203125,1421.8399658203125,1408.4300537109375,1416.5999755859375,3004460000,0.0012275324972153001,0.05841285176175375
2007-01-05,1409.7099609375,1409.7099609375,1418.3399658203125,1405.75,1418.3399658203125,2919400000,-0.006103167832470113,0.060820114887977894
2007-01-08,1412.8399658203125,1412.8399658203125,1414.97998046875,1403.969970703125,1409.260009765625,2763340000,0.0022178570774977757,0.06121529438712767
2007-01-09,1412.1099853515625,1412.1099853515625,1415.6099853515625,1405.4200439453125,1412.8399658203125,3038380000,-0.0005168094993655004,0.059530497626850205
2007-01-10,1414.8499755859375,1414.8499755859375,1415.989990234375,1405.3199462890625,1408.699951171875,2764660000,0.0019384718073371943,0.059576603540889256
2007-01-11,1423.8199462890625,1423.8199462890625,1427.1199951171875,1414.8399658203125,1414.8399658203125,2857870000,0.006319861629223489,0.06292371994960502
2007-01-12,1430.72998046875,1430.72998046875,1431.22998046875,1422.5799560546875,1423.8199462890625,2686480000,0.00484142709305857,0.0645185831162637
2007-01-16,1431.9000244140625,1431.9000244140625,1433.9300537109375,1428.6199951171875,1430.72998046875,2599530000,0.0008174608723257037,0.06449617474848006
2007-01-17,1430.6199951171875,1430.6199951171875,1435.27001953125,1428.5699462890625,1431.77001953125,2690270000,-0.0008943374184005037,0.05768252596092532
2007-01-18,1426.3699951171875,1426.3699951171875,1432.9599609375,1424.2099609375,1430.5899658203125,2822430000,-0.0029751613757573736,0.05857403620845885
2007-01-19,1430.5,1430.5,1431.5699462890625,1425.18994140625,1426.3499755859375,2777480000,0.0028912815542447845,0.0581771938300627
2007-01-22,1422.949951171875,1422.949951171875,1431.3900146484375,1420.4000244140625,1430.469970703125,2540120000,-0.005291886366783238,0.0608003810747571
2007-01-23,1427.989990234375,1427.989990234375,1431.3299560546875,1421.6600341796875,1422.949951171875,2975070000,0.0035357071117871897,0.06184497609723859
2007-01-24,1440.1300048828125,1440.1300048828125,1440.1400146484375,1427.9599609375,1427.9599609375,2783180000,0.008465536428397868,0.0664549814305571
2007-01-25,1423.9000244140625,1423.9000244140625,1440.68994140625,1422.3399658203125,1440.1199951171875,2994330000,-0.011333787730706923,0.07595799921633214
2007-01-26,1422.1800537109375,1422.1800537109375,1427.27001953125,1416.9599609375,1423.9000244140625,2626620000,-0.0012086595354299234,0.07480521328470999
2007-01-29,1420.6199951171875,1420.6199951171875,1426.93994140625,1418.4599609375,1422.030029296875,2730480000,-0.0010975508115658172,0.07065348468306537
2007-01-30,1428.8199462890625,1428.8199462890625,1428.8199462890625,1420.6099853515625,1420.6099853515625,2706250000,0.0057554986076455705,0.07340676121644785
2007-01-31,1438.239990234375,1438.239990234375,1441.6099853515625,1424.780029296875,1428.6500244140625,2976690000,0.006571245841596962,0.07454675611564673
2007-02-01,1445.93994140625,1445.93994140625,1446.6400146484375,1437.9000244140625,1437.9000244140625,2914890000,0.005339451523831862,0.07587064406896604
2007-02-02,1448.3900146484375,1448.3900146484375,1449.3299560546875,1444.489990234375,1445.93994140625,2569450000,0.0016930162521955339,0.07590338592072757
2007-02-05,1446.989990234375,1446.989990234375,1449.3800048828125,1443.8499755859375,1448.3299560546875,2439430000,-0.0009670748024879217,0.07177379976341934
2007-02-06,1448.0,1448.0,1450.18994140625,1443.4000244140625,1446.97998046875,2608710000,0.0006977639370155941,0.07172288306503243
2007-02-07,1450.02001953125,1450.02001953125,1452.989990234375,1446.43994140625,1447.4100341796875,2618820000,0.0013940689469249534,0.07144094369244314
2007-02-08,1448.31005859375,1448.31005859375,1450.449951171875,1442.81005859375,1449.989990234375,2816180000,-0.0011799630061508637,0.07191642921655807
2007-02-09,1438.06005859375,1438.06005859375,1452.449951171875,1433.43994140625,1448.25,2951810000,-0.007102376113371278,0.07474030407365218
2007-02-12,1433.3699951171875,1433.3699951171875,1439.1099853515625,1431.43994140625,1438.0,2395680000,-0.003266712097896196,0.07406407663371035
2007-02-13,1444.260009765625,1444.260009765625,1444.4100341796875,1433.219970703125,1433.219970703125,2652150000,0.007568774732917838,0.07845048031437975
2007-02-14,1455.300048828125,1455.300048828125,1457.6500244140625,1443.9100341796875,1443.9100341796875,2699290000,0.007615012063125093,0.08208096129133191
2007-02-15,1456.81005859375,1456.81005859375,1457.969970703125,1453.18994140625,1455.1500244140625,2490920000,0.00103705549945321,0.08088692900038143
2007-02-16,1455.5400390625,1455.5400390625,1456.77001953125,1451.5699462890625,1456.77001953125,2399450000,-0.0008721613605295886,0.08085888645077587
2007-02-20,1459.6800537109375,1459.6800537109375,1460.530029296875,1449.199951171875,1455.530029296875,2337860000,0.002840277783406897,0.0778940562979875
2007-02-21,1457.6300048828125,1457.6300048828125,1459.5999755859375,1452.02001953125,1459.5999755859375,2606980000,-0.0014054379715542353,0.07796243822266596
2007-02-22,1456.3800048828125,1456.3800048828125,1461.5699462890625,1450.510009765625,1457.2900390625,1950770000,-0.0008579243533688441,0.0732871789895365
2007-02-23,1451.18994140625,1451.18994140625,1456.219970703125,1448.3599853515625,1456.219970703125,2579950000,-0.0035700389567878688,0.061362314078143784
2007-02-26,1449.3699951171875,1449.3699951171875,1456.949951171875,1445.47998046875,1451.0400390625,2822170000,-0.001254893239734045,0.061383004897360545
2007-02-27,1399.0400390625,1399.0400390625,1449.25,1389.4200439453125,1449.25,4065230000,-0.035342660843101115,0.1398918766798396
2007-02-28,1406.8199462890625,1406.8199462890625,1415.8900146484375,1396.6500244140625,1398.6400146484375,3925250000,0.005545484952733659,0.13977036349475233
2007-03-01,1403.1700439453125,1403.1700439453125,1409.4599609375,1380.8699951171875,1406.800048828125,3874910000,-0.0025978059772997497,0.13727515691009268
2007-03-02,1387.1700439453125,1387.1700439453125,1403.4000244140625,1386.8699951171875,1403.1600341796875,3312260000,-0.011468261829749693,0.1394332822854208
2007-03-05,1374.1199951171875,1374.1199951171875,1391.8599853515625,1373.969970703125,1387.1099853515625,3480520000,-0.009452209514841492,0.14096208290410409
2007-03-06,1395.4100341796875,1395.4100341796875,1397.9000244140625,1374.06005859375,1374.06005859375,3358160000,0.015374780717887226,0.15411876557242157
2007-03-07,1391.969970703125,1391.969970703125,1401.1600341796875,1390.6400146484375,1395.02001953125,3141350000,-0.0024683144867996276,0.15385743908254912
2007-03-08,1401.8900146484375,1401.8900146484375,1407.9300537109375,1391.8800048828125,1391.8800048828125,3014850000,0.007101347730783303,0.15667258183890653
2007-03-09,1402.8399658203125,1402.8399658203125,1410.1500244140625,1397.300048828125,1401.8900146484375,2623050000,0.0006773922729204074,0.15688008535777642
2007-03-12,1406.5999755859375,1406.5999755859375,1409.3399658203125,1398.4000244140625,1402.800048828125,2664000000,0.0026766986224968647,0.15620128698478777
2007-03-13,1377.949951171875,1377.949951171875,1406.22998046875,1377.7099609375,1406.22998046875,3485570000,-0.020578575507405716,0.1700849706141541
2007-03-14,1387.1700439453125,1387.1700439453125,1388.0899658203125,1363.97998046875,1377.8599853515625,3758350000,0.006668880164959035,0.16947637274481292
2007-03-15,1392.280029296875,1392.280029296875,1395.72998046875,1385.1600341796875,1387.1099853515625,2821900000,0.0036769799595122166,0.16718866643677935
2007-03-16,1386.949951171875,1386.949951171875,1397.510009765625,1383.6300048828125,1392.280029296875,3393640000,-0.003835655701215579,0.1668445928643457
2007-03-19,1402.06005859375,1402.06005859375,1403.199951171875,1386.949951171875,1386.949951171875,2777180000,0.010835569042727755,0.17304759737425796
2007-03-20,1410.93994140625,1410.93994140625,1411.530029296875,1400.699951171875,1402.0400390625,2795940000,0.006313481911504049,0.17464902828703882
2007-03-21,1435.0400390625,1435.0400390625,1437.77001953125,1409.75,1410.9200439453125,3184770000,0.01693664320298005,0.18618439369219317
2007-03-22,1434.5400390625,1434.5400390625,1437.6600341796875,1429.8800048828125,1435.0400390625,3129970000,-0.00034848304730772384,0.18619008269995144
2007-03-23,1436.1099853515625,1436.1099853515625,1438.8900146484375,1433.2099609375,1434.5400390625,2619020000,0.001093791602759353,0.1860008586089911
2007-03-26,1437.5,1437.5,1437.6500244140625,1423.280029296875,1436.1099853515625,2754660000,0.0009674345258661177,0.18604947843897815
2007-03-27,1428.6099853515625,1428.6099853515625,1437.489990234375,1425.5400390625,1437.489990234375,2673040000,-0.006203560368759575,0.1383025848218799
2007-03-28,1417.22998046875,1417.22998046875,1428.3499755859375,1414.0699462890625,1428.3499755859375,3000440000,-0.007997684815493677,0.14066775525902686
2007-03-29,1422.530029296875,1422.530029296875,1426.239990234375,1413.27001953125,1417.1700439453125,2854710000,0.00373274851668981,0.14069076689931453
2007-03-30,1420.8599853515625,1420.8599853515625,1429.219970703125,1408.9000244140625,1422.52001953125,2903960000,-0.0011746852375145167,0.13382687863690404
2007-04-02,1424.550048828125,1424.550048828125,1425.489990234375,1416.3699951171875,1420.8299560546875,2875880000,0.002593696866817652,0.128113338505051
2007-04-03,1437.77001953125,1437.77001953125,1440.5699462890625,1424.27001953125,1424.27001953125,2921760000,0.009237307072510248,0.121510141747173
2007-04-04,1439.3699951171875,1439.3699951171875,1440.1600341796875,1435.0799560546875,1437.75,2616320000,0.0011121987409170586,0.12066707336044795
2007-04-05,1443.760009765625,1443.760009765625,1444.8800048828125,1436.6700439453125,1438.93994140625,2357230000,0.003045313970392094,0.11917530728562485
2007-04-09,1444.6099853515625,1444.6099853515625,1448.0999755859375,1443.280029296875,1443.77001953125,2349410000,0.000588550367099927,0.11918316218604369
2007-04-10,1448.3900146484375,1448.3900146484375,1448.72998046875,1443.989990234375,1444.5799560546875,2510110000,0.0026132260269688956,0.11917524701335766
2007-04-11,1438.8699951171875,1438.8699951171875,1448.3900146484375,1436.1500244140625,1448.22998046875,2950190000,-0.006594524912467037,0.09367926932991906
2007-04-12,1447.800048828125,1447.800048828125,1448.02001953125,1433.9100341796875,1438.8699951171875,2770570000,0.006187116686112937,0.09340171877951253
2007-04-13,1452.8499755859375,1452.8499755859375,1453.1099853515625,1444.1500244140625,1447.800048828125,2690020000,0.0034819311653260243,0.0933636803139327
2007-04-16,1468.3299560546875,1468.3299560546875,1468.6199951171875,1452.8399658203125,1452.8399658203125,2870140000,0.01059854287315698,0.09508419715322963
2007-04-17,1471.47998046875,1471.47998046875,1474.3499755859375,1467.1500244140625,1468.469970703125,2920570000,0.0021430131114730244,0.09053402570422728
2007-04-18,1472.5,1472.5,1476.5699462890625,1466.4100341796875,1471.469970703125,2971330000,0.0006929527910060074,0.0895687458217401
2007-04-19,1470.72998046875,1470.72998046875,1474.22998046875,1464.469970703125,1472.47998046875,2913610000,-0.0012027736577708836,0.07207807387232343
2007-04-20,1484.3499755859375,1484.3499755859375,1484.739990234375,1470.68994140625,1470.68994140625,3329940000,0.009218086660296443,0.07688046480962901
2007-04-23,1480.9300537109375,1480.9300537109375,1487.3199462890625,1480.18994140625,1484.3299560546875,2575020000,-0.0023066444703703226,0.07811228869955561
2007-04-24,1480.4100341796875,1480.4100341796875,1483.8199462890625,1473.739990234375,1480.9300537109375,3119750000,-0.0003512055496237565,0.07836617155937005
2007-04-25,1495.4200439453125,1495.4200439453125,1496.5899658203125,1480.280029296875,1480.280029296875,3252590000,0.01008803370270872,0.07853433229145482
2007-04-26,1494.25,1494.25,1498.02001953125,1491.1700439453125,1495.27001953125,3211800000,-0.0007827245066183153,0.07015078995664174
2007-04-27,1494.0699462890625,1494.0699462890625,1497.3199462890625,1488.6700439453125,1494.2099609375,2732810000,-0.00012050497563276252,0.07066352659481417
2007-04-30,1482.3699951171875,1482.3699951171875,1497.1600341796875,1482.2900390625,1494.0699462890625,3093420000,-0.007861748709062866,0.07835794945619735
2007-05-01,1486.300048828125,1486.300048828125,1487.27001953125,1476.699951171875,1482.3699951171875,3400350000,0.0026476879873138515,0.07836229327911279
2007-05-02,1495.9200439453125,1495.9200439453125,1499.0999755859375,1486.1300048828125,1486.1300048828125,3189800000,0.006451588538502584,0.07572332516816031
2007-05-03,1502.3900146484375,1502.3900146484375,1503.3399658203125,1495.56005859375,1495.56005859375,3007970000,0.004315751619413,0.07606980804557896
2007-05-04,1505.6199951171875,1505.6199951171875,1510.3399658203125,1501.800048828125,1502.3499755859375,2761930000,0.0021475870756333393,0.07599894909491045
2007-05-07,1509.47998046875,1509.47998046875,1511.0,1505.5400390625,1505.5699462890625,2545090000,0.002560437459192322,0.07581155473142798
2007-05-08,1507.719970703125,1507.719970703125,1509.3599853515625,1500.6600341796875,1509.3599853515625,2795720000,-0.001166651195633861,0.07667267204149626
2007-05-09,1512.5799560546875,1512.5799560546875,1513.800048828125,1503.77001953125,1507.3199462890625,2935550000,0.003218216510912697,0.07003014123735703
2007-05-10,1491.469970703125,1491.469970703125,1512.3299560546875,1491.4200439453125,1512.3299560546875,3031240000,-0.014054581884655803,0.08903273215720625
2007-05-11,1505.8499755859375,1505.8499755859375,1506.239990234375,1491.469970703125,1491.469970703125,2720780000,0.009595315462487264,0.0931756335513285
2007-05-14,1503.1500244140625,1503.1500244140625,1510.9000244140625,1498.3399658203125,1505.760009765625,2776130000,-0.001794584178452574,0.08814574692382288
2007-05-15,1501.18994140625,1501.18994140625,1514.8299560546875,1500.4300537109375,1503.1099853515625,3071020000,-0.0013048345448343213,0.08847366139481866
2007-05-16,1514.1400146484375,1514.1400146484375,1514.1500244140625,1500.75,1500.75,2915350000,0.008589542804573469,0.09226590125893518
2007-05-17,1512.75,1512.75,1517.1400146484375,1509.2900390625,1514.010009765625,2868640000,-0.0009184441716891811,0.09217025512939449
2007-05-18,1522.75,1522.75,1522.75,1512.739990234375,1512.739990234375,2959050000,0.006588724214163122,0.08978111975800891
2007-05-21,1525.0999755859375,1525.0999755859375,1529.8699951171875,1522.7099609375,1522.75,3465360000,0.0015420549373725834,0.08882782526874944
2007-05-22,1524.1199951171875,1524.1199951171875,1529.239990234375,1522.050048828125,1525.0999755859375,2860500000,-0.0006427745534312024,0.08890881689440866
2007-05-23,1522.280029296875,1522.280029296875,1532.4300537109375,1521.9000244140625,1524.0899658203125,3084260000,-0.0012079608910857687,0.0835143413407132
2007-05-24,1507.510009765625,1507.510009765625,1529.31005859375,1505.1800537109375,1522.0999755859375,3365530000,-0.009749940652955758,0.0911876096324316
2007-05-25,1515.72998046875,1515.72998046875,1517.4100341796875,1507.5,1507.5,2316250000,0.0054378686345302185,0.09276984801425951
2007-05-29,1518.1099853515625,1518.1099853515625,1521.800048828125,1512.02001953125,1515.550048828125,2571790000,0.0015689722581671006,0.08735805815035043
2007-05-30,1530.22998046875,1530.22998046875,1530.22998046875,1510.06005859375,1517.5999755859375,2980210000,0.007951907673130698,0.09034869570799264
2007-05-31,1530.6199951171875,1530.6199951171875,1535.56005859375,1528.260009765625,1530.18994140625,3335530000,0.0002548407492426463,0.08855785495379427
2007-06-01,1536.3399658203125,1536.3399658203125,1540.56005859375,1530.6199951171875,1530.6199951171875,2927020000,0.003730063260024785,0.08831661643275304
2007-06-04,1539.1800537109375,1539.1800537109375,1540.530029296875,1532.31005859375,1536.280029296875,2738930000,0.0018468998282514804,0.08827853688648424
2007-06-05,1530.949951171875,1530.949951171875,1539.1199951171875,1525.6199951171875,1539.1199951171875,2939450000,-0.0053614161226649415,0.09084705988448812
2007-06-06,1517.3800048828125,1517.3800048828125,1530.5699462890625,1514.1300048828125,1530.5699462890625,2964190000,-0.008903259242367234,0.09661667587716057
2007-06-07,1490.719970703125,1490.719970703125,1517.3599853515625,1490.3699951171875,1517.3599853515625,3538470000,-0.017725961545528968,0.11426072316955238
2007-06-08,1507.6700439453125,1507.6700439453125,1507.760009765625,1487.4100341796875,1490.7099609375,2993460000,0.011306236827796745,0.11062220949522499
2007-06-11,1509.1199951171875,1509.1199951171875,1515.530029296875,1503.3499755859375,1507.6400146484375,2525280000,0.0009612543562846909,0.10563804152253671
2007-06-12,1493.0,1493.0,1511.3299560546875,1492.969970703125,1509.1199951171875,3056200000,-0.010739177694170543,0.11200900799532942
2007-06-13,1515.6700439453125,1515.6700439453125,1515.699951171875,1492.6500244140625,1492.6500244140625,3077930000,0.015070095861530852,0.12392331948126879
2007-06-14,1522.969970703125,1522.969970703125,1526.449951171875,1515.5799560546875,1515.5799560546875,2813630000,0.004804742099216774,0.12147011988377247
2007-06-15,1532.9100341796875,1532.9100341796875,1538.7099609375,1522.969970703125,1522.969970703125,3406030000,0.00650555553085308,0.12324165908658535
2007-06-18,1531.050048828125,1531.050048828125,1535.43994140625,1529.31005859375,1532.9000244140625,2480240000,-0.0012141056212540136,0.12145739073364849
2007-06-19,1533.699951171875,1533.699951171875,1535.8499755859375,1525.6700439453125,1531.02001953125,2873590000,0.001729278410380175,0.1214837868657062
2007-06-20,1512.8399658203125,1512.8399658203125,1537.3199462890625,1512.3599853515625,1533.6800537109375,3286900000,-0.013694428381801238,0.13077167280158136
2007-06-21,1522.18994140625,1522.18994140625,1522.9000244140625,1504.75,1512.5,3161110000,0.006161392441565994,0.1326496843983669
2007-06-22,1502.56005859375,1502.56005859375,1522.18994140625,1500.739990234375,1522.18994140625,4284320000,-0.01297968982743214,0.13606654582892358
2007-06-25,1497.739990234375,1497.739990234375,1514.2900390625,1492.6800537109375,1502.56005859375,3287250000,-0.0032130603124347346,0.1348651133195588
2007-06-26,1492.8900146484375,1492.8900146484375,1506.1199951171875,1490.5400390625,1497.6800537109375,3398530000,-0.0032434502628655437,0.1349190265687487
2007-06-27,1506.3399658203125,1506.3399658203125,1506.800048828125,1484.1800537109375,1492.6199951171875,3398150000,0.008968996323784673,0.1357969342201588
2007-06-28,1505.7099609375,1505.7099609375,1514.8399658203125,1503.4100341796875,1506.3199462890625,3006710000,-0.000418323007465915,0.13575184020000275
2007-06-29,1503.3499755859375,1503.3499755859375,1517.530029296875,1493.6099853515625,1505.699951171875,3165410000,-0.0015685867913806106,0.1347479895924912
2007-07-02,1519.4300537109375,1519.4300537109375,1519.449951171875,1504.6600341796875,1504.6600341796875,2648990000,0.010639364857749634,0.14047095711618096
2007-07-03,1524.8699951171875,1524.8699951171875,1526.010009765625,1519.1199951171875,1519.1199951171875,1560790000,0.003573857444480133,0.1400926033176512
2007-07-05,1525.4000244140625,1525.4000244140625,1526.5699462890625,1517.719970703125,1524.8599853515625,2622950000,0.0003475294310435473,0.1364593380306623
2007-07-06,1530.43994140625,1530.43994140625,1532.4000244140625,1520.469970703125,1524.9599609375,2441520000,0.0032985507214169374,0.11992112345494071
2007-07-09,1531.8499755859375,1531.8499755859375,1534.260009765625,1527.449951171875,1530.4300537109375,2715330000,0.0009209018855544926,0.11426827848436806
2007-07-10,1510.1199951171875,1510.1199951171875,1531.8499755859375,1510.010009765625,1531.8499755859375,3244280000,-0.014287024725469166,0.12560535631987957
2007-07-11,1518.760009765625,1518.760009765625,1519.3399658203125,1506.0999755859375,1509.9300537109375,3082920000,0.005705104242657022,0.12062159663290015
2007-07-12,1547.699951171875,1547.699951171875,1547.9200439453125,1518.739990234375,1518.739990234375,3489600000,0.018875707510562556,0.1268311590761075
2007-07-13,1552.5,1552.5,1555.0999755859375,1544.8499755859375,1547.6800537109375,2801120000,0.0030966084377510583,0.12632995110935427
2007-07-16,1549.52001953125,1549.52001953125,1555.9000244140625,1546.68994140625,1552.5,2704110000,-0.0019213166689402428,0.12502670961298779
2007-07-17,1549.3699951171875,1549.3699951171875,1555.3199462890625,1547.739990234375,1549.52001953125,3007140000,-9.682461363347272e-05,0.12488900964071535
2007-07-18,1546.1700439453125,1546.1700439453125,1549.199951171875,1533.6700439453125,1549.199951171875,3609220000,-0.0020674598107692788,0.12514497099247682
2007-07-19,1553.0799560546875,1553.0799560546875,1555.199951171875,1546.1300048828125,1546.1300048828125,3251450000,0.004459094012305265,0.11469953304520097
2007-07-20,1534.0999755859375,1534.0999755859375,1553.18994140625,1529.199951171875,1553.18994140625,3745780000,-0.012296153790126496,0.12238709227252148
2007-07-23,1541.5699462890625,1541.5699462890625,1547.22998046875,1534.06005859375,1534.06005859375,3102700000,0.004857468831634293,0.11303777038909497
2007-07-24,1511.0400390625,1511.0400390625,1541.5699462890625,1508.6199951171875,1541.5699462890625,4115830000,-0.02000316145961012,0.13436400916895921
2007-07-25,1518.0899658203125,1518.0899658203125,1524.31005859375,1503.72998046875,1511.030029296875,4283200000,0.004654761912206595,0.1344129993486167
2007-07-26,1482.6600341796875,1482.6600341796875,1518.0899658203125,1465.300048828125,1518.0899658203125,4472550000,-0.023615148318428147,0.15523638355099603
2007-07-27,1458.949951171875,1458.949951171875,1488.530029296875,1458.949951171875,1482.43994140625,4784650000,-0.016120829482687782,0.16401767328847525
2007-07-30,1473.9100341796875,1473.9100341796875,1477.8800048828125,1454.3199462890625,1458.9300537109375,4128780000,0.010201791310726627,0.16900517756142436
2007-07-31,1455.27001953125,1455.27001953125,1488.300048828125,1454.25,1473.9000244140625,4524520000,-0.012727292908787824,0.1680809854991393
2007-08-01,1465.81005859375,1465.81005859375,1468.3800048828125,1439.5899658203125,1455.1800537109375,5256780000,0.007216566833712967,0.17010626257908038
2007-08-02,1472.199951171875,1472.199951171875,1476.4300537109375,1460.5799560546875,1465.4599609375,4368850000,0.00434981680259483,0.17135381581058692
2007-08-03,1433.06005859375,1433.06005859375,1473.22998046875,1432.800048828125,1472.1800537109375,4272110000,-0.026945788416662175,0.19090450353188831
2007-08-06,1467.6700439453125,1467.6700439453125,1467.6700439453125,1427.3900146484375,1433.0400390625,5067200000,0.023864080164867296,0.2125520581661032
2007-08-07,1476.7099609375,1476.7099609375,1488.300048828125,1455.800048828125,1467.6199951171875,4909390000,0.00614047465454437,0.2095716859550553
2007-08-08,1497.489990234375,1497.489990234375,1503.8900146484375,1476.219970703125,1476.219970703125,5499560000,0.013973752789071092,0.21485005726489712
2007-08-09,1453.0899658203125,1453.0899658203125,1497.2099609375,1453.0899658203125,1497.2099609375,5889600000,-0.030098066707581417,0.22517594514007225
2007-08-10,1453.6400146484375,1453.6400146484375,1462.02001953125,1429.739990234375,1453.0899658203125,5345780000,0.0003784657249807921,0.22442037161101272
2007-08-13,1452.9200439453125,1452.9200439453125,1466.2900390625,1451.5400390625,1453.4200439453125,3696280000,-0.0004954108659971368,0.22458409058764253
2007-08-14,1426.5400390625,1426.5400390625,1456.739990234375,1426.199951171875,1452.8699951171875,3814630000,-0.01832339549898787,0.23017543277153849
2007-08-15,1406.699951171875,1406.699951171875,1440.780029296875,1404.3599853515625,1426.1500244140625,4290930000,-0.014005458249530811,0.23252141435736154
2007-08-16,1411.27001953125,1411.27001953125,1415.969970703125,1370.5999755859375,1406.6400146484375,6509300000,0.0032435209838830303,0.23195368345889628
2007-08-17,1445.93994140625,1445.93994140625,1450.3299560546875,1411.260009765625,1411.260009765625,3570040000,0.02426956652251988,0.2507750537270518
2007-08-20,1445.550048828125,1445.550048828125,1451.75,1430.5400390625,1445.93994140625,3321340000,-0.00026968281529970994,0.2493849287641059
2007-08-21,1447.1199951171875,1447.1199951171875,1455.3199462890625,1439.760009765625,1445.550048828125,3012150000,0.001085465275582287,0.2420635809083794
2007-08-22,1464.0699462890625,1464.0699462890625,1464.8599853515625,1447.030029296875,1447.030029296875,3309120000,0.011644820880578166,0.24572395116499363
2007-08-23,1462.5,1462.5,1472.06005859375,1453.8800048828125,1464.050048828125,3084390000,-0.0010728917937870008,0.23254472074738408
2007-08-24,1479.3699951171875,1479.3699951171875,1479.4000244140625,1460.5400390625,1462.3399658203125,2541400000,0.011469018050260793,0.22903339927290414
2007-08-27,1466.7900390625,1466.7900390625,1479.3599853515625,1465.97998046875,1479.3599853515625,2406180000,-0.00853995191309842,0.228409280829944
2007-08-28,1432.3599853515625,1432.3599853515625,1466.719970703125,1432.010009765625,1466.719970703125,3078090000,-0.023752942896165585,0.2389453752153786
2007-08-29,1463.760009765625,1463.760009765625,1463.760009765625,1432.010009765625,1432.010009765625,2824070000,0.021685050980904563,0.25004227189686024
2007-08-30,1457.6400146484375,1457.6400146484375,1468.4300537109375,1451.25,1463.6700439453125,2582960000,-0.004189774778312838,0.2498858055550932
2007-08-31,1473.989990234375,1473.989990234375,1481.469970703125,1457.6099853515625,1457.6099853515625,2731610000,0.011154303290853207,0.23329093081724858
2007-09-04,1489.4200439453125,1489.4200439453125,1496.4000244140625,1472.1500244140625,1473.9599609375,2766600000,0.010413809077047809,0.22131142625921466
2007-09-05,1472.2900390625,1472.2900390625,1488.760009765625,1466.3399658203125,1488.760009765625,2991600000,-0.011567773631410816,0.2243220481218296
2007-09-06,1478.550048828125,1478.550048828125,1481.489990234375,1467.4100341796875,1472.030029296875,2459590000,0.004242872517798091,0.21906722638220416
2007-09-07,1453.550048828125,1453.550048828125,1478.550048828125,1449.0699462890625,1478.550048828125,3191080000,-0.017053037079487687,0.2008540565163893
2007-09-10,1451.699951171875,1451.699951171875,1462.25,1439.2900390625,1453.5,2835720000,-0.0012736238921533527,0.200897798381422
2007-09-11,1471.489990234375,1471.489990234375,1472.47998046875,1451.68994140625,1451.68994140625,3015330000,0.013540236395020777,0.20631626363260744
2007-09-12,1471.56005859375,1471.56005859375,1479.5,1465.75,1471.0999755859375,2885720000,4.76161521048013e-05,0.19449787147475225
2007-09-13,1483.949951171875,1483.949951171875,1489.5799560546875,1471.469970703125,1471.469970703125,2877080000,0.008384316153809301,0.18721982596081124
2007-09-14,1484.25,1484.25,1485.989990234375,1473.1800537109375,1483.949951171875,2641740000,0.00020217561760205172,0.187398668140483
2007-09-17,1476.6500244140625,1476.6500244140625,1484.239990234375,1471.8199462890625,1484.239990234375,2598390000,-0.005133568991712245,0.17132438456544807
2007-09-18,1519.780029296875,1519.780029296875,1519.8900146484375,1476.6300048828125,1476.6300048828125,3708940000,0.02878958164080636,0.19619634249556991
2007-09-19,1529.030029296875,1529.030029296875,1538.739990234375,1519.75,1519.75,3846750000,0.00606795976423502,0.19649956857746034
2007-09-20,1518.75,1518.75,1529.1400146484375,1516.4200439453125,1528.68994140625,2957700000,-0.0067459384752552864,0.19631516363774065
2007-09-21,1525.75,1525.75,1530.8900146484375,1518.75,1518.75,3679460000,0.004598464335745511,0.1962378455374789
2007-09-24,1517.72998046875,1517.72998046875,1530.1800537109375,1516.1500244140625,1525.75,3131310000,-0.005270307770365967,0.19472634521184373
2007-09-25,1517.2099609375,1517.2099609375,1518.27001953125,1507.1300048828125,1516.3399658203125,3187770000,-0.0003426885186383899,0.19155720567669382
2007-09-26,1525.4200439453125,1525.4200439453125,1529.3900146484375,1518.6199951171875,1518.6199951171875,3237390000,0.005396714632314392,0.16785578653254385
2007-09-27,1531.3800048828125,1531.3800048828125,1532.4599609375,1525.81005859375,1527.3199462890625,2872180000,0.0038994820691842236,0.1537967796178454
2007-09-28,1526.75,1526.75,1533.739990234375,1521.989990234375,1531.239990234375,2925350000,-0.0030279997338542586,0.15323457383226757
2007-10-01,1547.0400390625,1547.0400390625,1549.02001953125,1527.25,1527.2900390625,3281990000,0.013202159881824826,0.1548778101279478
2007-10-02,1546.6300048828125,1546.6300048828125,1548.010009765625,1540.3699951171875,1546.9599609375,3101910000,-0.0002650794533760603,0.152317376970448
2007-10-03,1539.5899658203125,1539.5899658203125,1545.8399658203125,1536.3399658203125,1545.800048828125,3065320000,-0.00456224853726539,0.14633240154858557
2007-10-04,1542.8399658203125,1542.8399658203125,1544.02001953125,1537.6300048828125,1539.9100341796875,2690430000,0.0021087267359831685,0.14614957364014527
2007-10-05,1557.5899658203125,1557.5899658203125,1561.9100341796875,1543.8399658203125,1543.8399658203125,2919030000,0.009514881229474526,0.13025647583240932
2007-10-08,1552.5799560546875,1552.5799560546875,1556.510009765625,1549.0,1556.510009765625,2040650000,-0.0032216979939061474,0.13131788298135771
2007-10-09,1565.1500244140625,1565.1500244140625,1565.260009765625,1551.8199462890625,1553.1800537109375,2932040000,0.008063646659191015,0.12727257827461122
2007-10-10,1562.469970703125,1562.469970703125,1565.4200439453125,1555.4599609375,1564.97998046875,3044760000,-0.0017137979492956035,0.12794640712245442
2007-10-11,1554.4100341796875,1554.4100341796875,1576.0899658203125,1546.719970703125,1564.719970703125,3911260000,-0.00517180929399963,0.12934330128137944
2007-10-12,1561.800048828125,1561.800048828125,1563.030029296875,1554.0899658203125,1555.4100341796875,2788690000,0.004742959110705769,0.12936082343452857
2007-10-15,1548.7099609375,1548.7099609375,1564.739990234375,1540.81005859375,1562.25,3139290000,-0.008416732385427395,0.13228251171853023
2007-10-16,1538.530029296875,1538.530029296875,1547.81005859375,1536.2900390625,1547.81005859375,3234560000,-0.006594866980536018,0.0945450419268701
2007-10-17,1541.239990234375,1541.239990234375,1550.6600341796875,1526.010009765625,1544.43994140625,3638070000,0.0017598467546102725,0.09256738861281193
2007-10-18,1540.0799560546875,1540.0799560546875,1542.7900390625,1531.760009765625,1539.2900390625,3203210000,-0.0007529463052931007,0.0889931513370613
2007-10-19,1500.6300048828125,1500.6300048828125,1540.0,1500.260009765625,1540.0,4160970000,-0.02594931140710255,0.1268332791636543
2007-10-22,1506.3299560546875,1506.3299560546875,1508.06005859375,1490.4000244140625,1497.7900390625,3471830000,0.003791176519172268,0.126710749084924
2007-10-23,1519.5899658203125,1519.5899658203125,1520.010009765625,1503.6099853515625,1509.300048828125,3309120000,0.00876433943198407,0.1305995823699565
2007-10-24,1515.8800048828125,1515.8800048828125,1517.22998046875,1489.56005859375,1516.6099853515625,4003300000,-0.002444407502362189,0.12938825331766265
2007-10-25,1514.4000244140625,1514.4000244140625,1523.239990234375,1500.4599609375,1516.1500244140625,4183960000,-0.0009767946012351203,0.12848432064502108
2007-10-26,1535.280029296875,1535.280029296875,1535.530029296875,1520.1800537109375,1522.1700439453125,3612120000,0.013693456876032073,0.13716448490009428
2007-10-29,1540.97998046875,1540.97998046875,1544.6700439453125,1536.4300537109375,1536.9200439453125,3124480000,0.0037057710835721736,0.129618043276656
2007-10-30,1531.02001953125,1531.02001953125,1539.4200439453125,1529.550048828125,1539.4200439453125,3212520000,-0.00648437228933485,0.13143294963660543
2007-10-31,1549.3800048828125,1549.3800048828125,1552.760009765625,1529.4000244140625,1532.1500244140625,3953070000,0.011920661356755069,0.1372674996059382
2007-11-01,1508.43994140625,1508.43994140625,1545.7900390625,1506.6600341796875,1545.7900390625,4241470000,-0.026778888689809044,0.1659123192912192
2007-11-02,1509.6500244140625,1509.6500244140625,1513.1500244140625,1492.530029296875,1511.0699462890625,4285990000,0.0008018866808869873,0.16155156166174806
2007-11-05,1502.1700439453125,1502.1700439453125,1510.8399658203125,1489.949951171875,1505.6099853515625,3819330000,-0.004967093437072023,0.16188985306216158
2007-11-06,1520.27001953125,1520.27001953125,1520.77001953125,1499.0699462890625,1505.3299560546875,3879160000,0.011977204894451532,0.16537735097276315
2007-11-07,1475.6199951171875,1475.6199951171875,1515.4599609375,1475.0400390625,1515.4599609375,4353160000,-0.02980972636157464,0.19230709017827674
2007-11-08,1474.77001953125,1474.77001953125,1482.5,1450.31005859375,1475.27001953125,5439720000,-0.0005761784748674614,0.19226812232569243
2007-11-09,1453.699951171875,1453.699951171875,1474.0899658203125,1448.510009765625,1467.5899658203125,4587050000,-0.01439006181201119,0.19440723986170644
2007-11-12,1439.1800537109375,1439.1800537109375,1464.93994140625,1438.530029296875,1453.6600341796875,4192520000,-0.010038452592368685,0.19499502705814975
2007-11-13,1481.050048828125,1481.050048828125,1481.3699951171875,1441.3499755859375,1441.3499755859375,4141310000,0.02867778438776103,0.22430681815757333
2007-11-14,1470.5799560546875,1470.5799560546875,1492.1400146484375,1466.469970703125,1483.4000244140625,4031470000,-0.007094477743350147,0.2245763088958748
2007-11-15,1451.1500244140625,1451.1500244140625,1472.6700439453125,1443.489990234375,1468.0400390625,3941010000,-0.013300488548972034,0.22762952290299734
2007-11-16,1458.739990234375,1458.739990234375,1462.1800537109375,1443.989990234375,1453.0899658203125,4168870000,0.005216680351984415,0.2130666331978805
2007-11-19,1433.27001953125,1433.27001953125,1456.699951171875,1430.4200439453125,1456.699951171875,4119650000,-0.01761448208061811,0.2192565127265737
2007-11-20,1439.699951171875,1439.699951171875,1452.6400146484375,1419.280029296875,1434.510009765625,4875150000,0.004476163998967664,0.2169742068621752
2007-11-21,1416.77001953125,1416.77001953125,1436.4000244140625,1415.6400146484375,1434.7099609375,4076230000,-0.01605507806431916,0.22182760889029185
2007-11-23,1440.699951171875,1440.699951171875,1440.8599853515625,1417.6199951171875,1417.6199951171875,1612720000,0.016749426122977695,0.23247057919431718
2007-11-26,1407.219970703125,1407.219970703125,1446.0899658203125,1406.0999755859375,1440.739990234375,3706470000,-0.023512966551297865,0.23544635258783814
2007-11-27,1428.22998046875,1428.22998046875,1429.489990234375,1407.4300537109375,1409.5899658203125,4320720000,0.014819795556490156,0.24325110296950994
2007-11-28,1469.02001953125,1469.02001953125,1471.6199951171875,1432.949951171875,1432.949951171875,4508020000,0.0281596233998318,0.26682068763790784
2007-11-29,1469.719970703125,1469.719970703125,1473.81005859375,1458.3599853515625,1467.4100341796875,3524730000,0.000476361425262084,0.2621584307616785
2007-11-30,1481.1400146484375,1481.1400146484375,1488.93994140625,1470.8900146484375,1471.8299560546875,4422200000,0.00774018490674333,0.2489807221928136
2007-12-03,1472.4200439453125,1472.4200439453125,1481.1600341796875,1470.0799560546875,1479.6300048828125,3323250000,-0.005904735888844215,0.2494793288589834
2007-12-04,1462.7900390625,1462.7900390625,1471.3399658203125,1460.6600341796875,1471.3399658203125,3343620000,-0.006561737772241116,0.24983955792838825
2007-12-05,1485.010009765625,1485.010009765625,1486.0899658203125,1465.219970703125,1465.219970703125,3663660000,0.0150759150455686,0.2521383171638558
2007-12-06,1507.3399658203125,1507.3399658203125,1508.02001953125,1482.18994140625,1484.5899658203125,3568570000,0.01492497250929059,0.2350442168012251
2007-12-07,1504.6600341796875,1504.6600341796875,1510.6300048828125,1502.6600341796875,1508.5999755859375,3177710000,-0.0017795035510106416,0.23518680855783328
2007-12-10,1515.9599609375,1515.9599609375,1518.27001953125,1504.9599609375,1505.1099853515625,2911760000,0.007481894107170817,0.22924810300509899
2007-12-11,1477.6500244140625,1477.6500244140625,1523.5699462890625,1475.989990234375,1516.6800537109375,4080180000,-0.02559587137042474,0.24537611358395772
2007-12-12,1486.5899658203125,1486.5899658203125,1511.9599609375,1468.22998046875,1487.5799560546875,4482120000,0.006031879025493403,0.22524443838014682
2007-12-13,1488.4100341796875,1488.4100341796875,1489.4000244140625,1469.2099609375,1483.27001953125,3635170000,0.001223575520302056,0.2236895671575033
2007-12-14,1467.949951171875,1467.949951171875,1486.6700439453125,1467.780029296875,1486.18994140625,3401050000,-0.013841622651711738,0.2241207663009041
2007-12-17,1445.9000244140625,1445.9000244140625,1465.050048828125,1445.4300537109375,1465.050048828125,3569030000,-0.015134854466995584,0.22979916124906302
2007-12-18,1454.97998046875,1454.97998046875,1460.1600341796875,1435.6500244140625,1445.9200439453125,3723690000,0.006260159463819193,0.2220335556825383
2007-12-19,1453.0,1453.0,1464.4200439453125,1445.31005859375,1454.699951171875,3401300000,-0.0013617568126456092,0.2217181169548634
2007-12-20,1460.1199951171875,1460.1199951171875,1461.530029296875,1447.219970703125,1456.4200439453125,3526890000,0.004888236191244566,0.21375958538743792
2007-12-21,1484.4599609375,1484.4599609375,1485.4000244140625,1463.18994140625,1463.18994140625,4508590000,0.016532422665618718,0.2135658463491064
2007-12-24,1496.449951171875,1496.449951171875,1497.6300048828125,1484.550048828125,1484.550048828125,1267420000,0.008044560385114252,0.19401694126742586
2007-12-26,1497.6600341796875,1497.6600341796875,1498.8499755859375,1488.199951171875,1495.1199951171875,2010500000,0.0008083090331476583,0.18932833759987375
2007-12-27,1476.27001953125,1476.27001953125,1495.050048828125,1475.8599853515625,1495.050048828125,2365770000,-0.014385263354659727,0.172816415344218
2007-12-28,1478.489990234375,1478.489990234375,1488.010009765625,1471.699951171875,1479.8299560546875,2420510000,0.001502640562007329,0.17287010852743565
2007-12-31,1468.3599853515625,1468.3599853515625,1475.8299560546875,1465.1300048828125,1475.25,2440880000,-0.006875168311073487,0.17233619922785545
2008-01-02,1447.1600341796875,1447.1600341796875,1471.77001953125,1442.0699462890625,1467.969970703125,3452650000,-0.014543083003997204,0.17828078097371164
2008-01-03,1447.1600341796875,1447.1600341796875,1456.800048828125,1443.72998046875,1447.550048828125,3429500000,0.0,0.17708040248201004
2008-01-04,1411.6300048828125,1411.6300048828125,1444.010009765625,1411.18994140625,1444.010009765625,4166000000,-0.024857970223955306,0.1863713368881693
2008-01-07,1416.1800537109375,1416.1800537109375,1423.8699951171875,1403.449951171875,1414.0699462890625,4221260000,0.003218075231744777,0.17670369385742143
2008-01-08,1390.18994140625,1390.18994140625,1430.280029296875,1388.300048828125,1415.7099609375,4705390000,-0.018522757462586803,0.18443041971116017
2008-01-09,1409.1300048828125,1409.1300048828125,1409.18994140625,1378.699951171875,1390.25,5351030000,0.013532109841889017,0.19025424222261378
2008-01-10,1420.3299560546875,1420.3299560546875,1429.0899658203125,1395.31005859375,1406.780029296875,5170490000,0.00791671189712595,0.17637931943154433
2008-01-11,1401.02001953125,1401.02001953125,1419.9100341796875,1394.8299560546875,1419.9100341796875,4495840000,-0.013688651328566337,0.17828103220733027
2008-01-14,1416.25,1416.25,1417.8900146484375,1402.9100341796875,1402.9100341796875,3682090000,0.01081197664888034,0.18411003260870007
2008-01-15,1380.949951171875,1380.949951171875,1411.8800048828125,1380.5999755859375,1411.8800048828125,4601640000,-0.025240900594804216,0.196759525015432
2008-01-16,1373.199951171875,1373.199951171875,1391.989990234375,1364.27001953125,1377.4100341796875,5440620000,-0.005627885721787962,0.19209917407782537
2008-01-17,1333.25,1333.25,1377.719970703125,1330.6700439453125,1374.7900390625,5303130000,-0.02952417654491235,0.21037747804505874
2008-01-18,1325.18994140625,1325.18994140625,1350.280029296875,1312.510009765625,1333.9000244140625,6004840000,-0.006063769329588631,0.21015956004589662
2008-01-22,1310.5,1310.5,1322.0899658203125,1274.2900390625,1312.93994140625,6544690000,-0.011147057387661974,0.20834896656950966
2008-01-23,1338.5999755859375,1338.5999755859375,1339.0899658203125,1270.050048828125,1310.4100341796875,3241680000,0.02121552966457596,0.21508323877349608
2008-01-24,1352.0699462890625,1352.0699462890625,1355.1500244140625,1334.31005859375,1340.1300048828125,5735300000,0.010012438257545497,0.2167084153288659
2008-01-25,1330.6099853515625,1330.6099853515625,1368.56005859375,1327.5,1357.3199462890625,4882250000,-0.015999239008266386,0.21875324066247695
2008-01-28,1353.9599609375,1353.9599609375,1353.969970703125,1322.260009765625,1330.699951171875,4100930000,0.01739613041048127,0.2305607508851328
2008-01-29,1362.300048828125,1362.300048828125,1364.9300537109375,1350.18994140625,1355.93994140625,4232960000,0.006140880526634085,0.23258727863240516
2008-01-30,1355.81005859375,1355.81005859375,1385.8599853515625,1352.949951171875,1362.219970703125,4742760000,-0.004775378708849587,0.23238409326383472
2008-01-31,1378.550048828125,1378.550048828125,1385.6199951171875,1334.0799560546875,1351.97998046875,4970290000,0.016633152629791148,0.2394654101608436
2008-02-01,1395.4200439453125,1395.4200439453125,1396.02001953125,1375.9300537109375,1378.5999755859375,4650770000,0.01216321916738039,0.244660888260338
2008-02-04,1380.8199462890625,1380.8199462890625,1395.3800048828125,1379.68994140625,1395.3800048828125,3495780000,-0.010517990019449641,0.2323690265133455
2008-02-05,1336.6400146484375,1336.6400146484375,1380.280029296875,1336.6400146484375,1380.280029296875,4315740000,-0.03251847341534386,0.2557157191632602
2008-02-06,1326.449951171875,1326.449951171875,1351.9599609375,1324.3399658203125,1339.47998046875,4008120000,-0.00765284938923827,0.2500454929181686
2008-02-07,1336.9100341796875,1336.9100341796875,1347.1600341796875,1316.75,1324.010009765625,4589160000,0.007854842639588355,0.24624544776312984
2008-02-08,1331.2900390625,1331.2900390625,1341.219970703125,1321.06005859375,1336.8800048828125,3768490000,-0.0042125802217771735,0.24325702357395843
2008-02-11,1339.1300048828125,1339.1300048828125,1341.4000244140625,1320.3199462890625,1331.9200439453125,3593140000,0.005871726706863534,0.24207845272199915
2008-02-12,1348.8599853515625,1348.8599853515625,1362.0999755859375,1339.3599853515625,1340.550048828125,4044640000,0.0072396273807111555,0.23995424895369225
2008-02-13,1367.2099609375,1367.2099609375,1369.22998046875,1350.780029296875,1353.1199951171875,3856420000,0.013512358038407335,0.23083654169067522
2008-02-14,1348.8599853515625,1348.8599853515625,1368.1600341796875,1347.31005859375,1367.3299560546875,3644760000,-0.013512358038407335,0.2346241267660752
2008-02-15,1349.989990234375,1349.989990234375,1350.0,1338.1300048828125,1347.52001953125,3583300000,0.0008373973796755863,0.2101846757509773
2008-02-19,1348.780029296875,1348.780029296875,1367.280029296875,1345.050048828125,1355.8599853515625,3613550000,-0.0008966759003650182,0.20886928758697185
2008-02-20,1360.030029296875,1360.030029296875,1363.7099609375,1336.550048828125,1348.3900146484375,3870520000,0.008306277988261002,0.2055703406336966
2008-02-21,1342.530029296875,1342.530029296875,1367.93994140625,1339.3399658203125,1362.2099609375,3696660000,-0.012950864527482508,0.19890421546055279
2008-02-22,1353.1099853515625,1353.1099853515625,1354.300048828125,1327.0400390625,1344.219970703125,3572660000,0.007849720529112147,0.19768960726369603
2008-02-25,1371.800048828125,1371.800048828125,1374.3599853515625,1346.030029296875,1352.75,3866350000,0.013718145806112858,0.1940151835894222
2008-02-26,1381.2900390625,1381.2900390625,1387.3399658203125,1363.2900390625,1371.760009765625,4096060000,0.006894091743070874,0.1864446267092869
2008-02-27,1380.02001953125,1380.02001953125,1388.3399658203125,1372.0,1378.949951171875,3904700000,-0.0009198674497632453,0.1855895793712264
2008-02-28,1367.6800537109375,1367.6800537109375,1378.1600341796875,1363.1600341796875,1378.1600341796875,3938580000,-0.00898209299043451,0.1876967051060601
2008-02-29,1330.6300048828125,1330.6300048828125,1364.0699462890625,1325.4200439453125,1364.0699462890625,4426730000,-0.027463395019370118,0.20126300267794633
2008-03-03,1331.3399658203125,1331.3399658203125,1335.1300048828125,1320.0400390625,1330.449951171875,4117570000,0.0005334101903082811,0.19504522545594755
2008-03-04,1326.75,1326.75,1331.030029296875,1307.3900146484375,1329.5799560546875,4757180000,-0.003453585425228667,0.19283673790689754
2008-03-05,1333.699951171875,1333.699951171875,1344.18994140625,1320.219970703125,1327.68994140625,4277710000,0.005224655309318038,0.15877105628490348
2008-03-06,1304.3399658203125,1304.3399658203125,1332.199951171875,1303.4200439453125,1332.199951171875,4323460000,-0.022259858524764198,0.17475320974168926
2008-03-07,1293.3699951171875,1293.3699951171875,1313.239990234375,1282.4300537109375,1301.530029296875,4565410000,-0.008445928205016884,0.17363020073888502
2008-03-10,1273.3699951171875,1273.3699951171875,1295.010009765625,1272.6600341796875,1293.1600341796875,4261240000,-0.015584285792662023,0.18007813049022287
2008-03-11,1320.6500244140625,1320.6500244140625,1320.6500244140625,1274.4000244140625,1274.4000244140625,5109080000,0.03645713261332961,0.22330591340918116
2008-03-12,1308.77001953125,1308.77001953125,1333.260009765625,1307.8599853515625,1321.1300048828125,4414280000,-0.009036278359461747,0.22311906093823675
2008-03-13,1315.47998046875,1315.47998046875,1321.6800537109375,1282.1099853515625,1305.260009765625,5073360000,0.005113823424050423,0.21782410835783364
2008-03-14,1288.1400146484375,1288.1400146484375,1321.469970703125,1274.8599853515625,1316.050048828125,5153780000,-0.021002274391494602,0.2242883098787698
2008-03-17,1276.5999755859375,1276.5999755859375,1287.5,1256.97998046875,1283.2099609375,5683010000,-0.008999054083631108,0.22513322671965416
2008-03-18,1330.739990234375,1330.739990234375,1330.739990234375,1277.1600341796875,1277.1600341796875,5335630000,0.04153489642900965,0.27251767410084954
2008-03-19,1298.4200439453125,1298.4200439453125,1341.510009765625,1298.4200439453125,1330.969970703125,5358550000,-0.0245869966260841,0.28244255154979414
2008-03-20,1329.510009765625,1329.510009765625,1330.6700439453125,1295.219970703125,1299.6700439453125,6145220000,0.023662286124142007,0.29327352626281594
2008-03-24,1349.8800048828125,1349.8800048828125,1359.6800537109375,1330.2900390625,1330.2900390625,4499000000,0.01520524258521494,0.29698875498165733
2008-03-25,1352.989990234375,1352.989990234375,1357.469970703125,1341.2099609375,1349.0699462890625,4145120000,0.002301247732709122,0.2928845959334803
2008-03-26,1341.1300048828125,1341.1300048828125,1352.449951171875,1336.4100341796875,1352.449951171875,4055670000,-0.00880440513862979,0.2927983760341385
2008-03-27,1325.760009765625,1325.760009765625,1345.6199951171875,1325.6600341796875,1340.3399658203125,4037930000,-0.011526658548938862,0.29483742789197614
2008-03-28,1315.219970703125,1315.219970703125,1334.8699951171875,1312.949951171875,1327.02001953125,3686980000,-0.00798195753141595,0.29455941818342357
2008-03-31,1322.699951171875,1322.699951171875,1328.52001953125,1312.81005859375,1315.9200439453125,4188990000,0.0056711353928271535,0.28037175408348725
2008-04-01,1370.1800537109375,1370.1800537109375,1370.1800537109375,1326.4100341796875,1326.4100341796875,4745120000,0.035267092136393785,0.3062315453948122
2008-04-02,1367.530029296875,1367.530029296875,1377.949951171875,1361.550048828125,1369.9599609375,4320440000,-0.0019359429314116383,0.30597101119260095
2008-04-03,1369.31005859375,1369.31005859375,1375.6600341796875,1358.6800537109375,1365.68994140625,3920100000,0.0013007917822775994,0.30567239538910324
2008-04-04,1370.4000244140625,1370.4000244140625,1380.9100341796875,1362.8299560546875,1369.8499755859375,3703100000,0.0007956797214259126,0.293427887972508
2008-04-07,1372.5400390625,1372.5400390625,1386.739990234375,1369.02001953125,1373.68994140625,3747780000,0.0015603804918233877,0.2907676339928301
2008-04-08,1365.5400390625,1365.5400390625,1370.1600341796875,1360.6199951171875,1370.1600341796875,3602500000,-0.005113082927238999,0.2845384417869438
2008-04-09,1354.489990234375,1354.489990234375,1368.3900146484375,1349.969970703125,1365.5,3556670000,-0.008124990899776918,0.26023140465690225
2008-04-10,1360.550048828125,1360.550048828125,1367.239990234375,1350.1099853515625,1355.3699951171875,3686150000,0.004464073140925784,0.2576769839036708
2008-04-11,1332.8299560546875,1332.8299560546875,1357.97998046875,1331.2099609375,1357.97998046875,3723790000,-0.020584597439500918,0.2687883827876889
2008-04-14,1328.3199462890625,1328.3199462890625,1335.6400146484375,1326.1600341796875,1332.199951171875,3565020000,-0.003389522761990449,0.2575809375714491
2008-04-15,1334.4300537109375,1334.4300537109375,1337.719970703125,1324.3499755859375,1331.719970703125,3581230000,0.004589329186817537,0.2548543022122411
2008-04-16,1364.7099609375,1364.7099609375,1365.489990234375,1337.02001953125,1337.02001953125,4260370000,0.0224376485954636,0.2244851964430427
2008-04-17,1365.56005859375,1365.56005859375,1368.5999755859375,1357.25,1363.3699951171875,3713880000,0.0006227205936708557,0.20391291073949905
2008-04-18,1390.3299560546875,1390.3299560546875,1395.9000244140625,1369.0,1369.0,4222380000,0.01797645360615352,0.1973277422026998
2008-04-21,1388.1700439453125,1388.1700439453125,1390.22998046875,1379.25,1387.719970703125,3420570000,-0.001554732801476888,0.191893771035141
2008-04-22,1375.93994140625,1375.93994140625,1386.4300537109375,1369.8399658203125,1386.4300537109375,3821900000,-0.008849273303171756,0.19508419247161302
2008-04-23,1379.9300537109375,1379.9300537109375,1387.8699951171875,1372.239990234375,1378.4000244140625,4103610000,0.002895720843083538,0.19197022372682276
2008-04-24,1388.8199462890625,1388.8199462890625,1397.719970703125,1371.0899658203125,1380.52001953125,4461660000,0.006421614900284922,0.1866819241027023
2008-04-25,1397.8399658203125,1397.8399658203125,1399.1099853515625,1379.97998046875,1387.8800048828125,3891150000,0.0064737365287355075,0.1832959230879747
2008-04-28,1396.3699951171875,1396.3699951171875,1402.9000244140625,1394.4000244140625,1397.9599609375,3607000000,-0.001052154891209689,0.18355854162528293
2008-04-29,1390.93994140625,1390.93994140625,1397.0,1386.699951171875,1395.6099853515625,3815320000,-0.003896273255606708,0.14114482105316015
2008-04-30,1385.5899658203125,1385.5899658203125,1404.5699462890625,1384.25,1391.219970703125,4508890000,-0.0038537184080862374,0.1417595902421887
2008-05-01,1409.3399658203125,1409.3399658203125,1410.0699462890625,1383.0699462890625,1385.969970703125,4448780000,0.016995468403441905,0.1526410464272559
2008-05-02,1413.9000244140625,1413.9000244140625,1422.719970703125,1406.25,1409.1600341796875,3953030000,0.0032303754374387594,0.15274379817881228
2008-05-05,1407.489990234375,1407.489990234375,1415.3399658203125,1404.3699951171875,1415.3399658203125,3410090000,-0.004543891610429895,0.15419797458664894
2008-05-06,1418.260009765625,1418.260009765625,1421.5699462890625,1397.0999755859375,1405.5999755859375,3924100000,0.007622805755977957,0.15386377909986057
2008-05-07,1392.5699462890625,1392.5699462890625,1419.5400390625,1391.1600341796875,1417.489990234375,4075860000,-0.01827985274237065,0.1657477560726732
2008-05-08,1397.6800537109375,1397.6800537109375,1402.3499755859375,1389.3900146484375,1394.2900390625,3827550000,0.003662835326675662,0.16558339042893863
2008-05-09,1388.280029296875,1388.280029296875,1394.9000244140625,1384.1099853515625,1394.9000244140625,3518620000,-0.006748165663026384,0.14853510523691985
2008-05-12,1403.5799560546875,1403.5799560546875,1404.06005859375,1386.199951171875,1389.4000244140625,3370630000,0.010960492292484858,0.1502160172083142
2008-05-13,1403.0400390625,1403.0400390625,1406.300048828125,1396.260009765625,1404.4000244140625,4018590000,-0.0003847453519085775,0.15043652925249215
2008-05-14,1408.6600341796875,1408.6600341796875,1420.18994140625,1405.6500244140625,1405.6500244140625,3979370000,0.003997583280623829,0.13205963088509992
2008-05-15,1423.5699462890625,1423.5699462890625,1424.4000244140625,1406.8699951171875,1408.3599853515625,3836480000,0.010528841196037142,0.13555145313969874
2008-05-16,1425.3499755859375,1425.3499755859375,1425.8199462890625,1414.3499755859375,1423.8900146484375,3842590000,0.0012496171021449953,0.1225671216473643
2008-05-19,1426.6300048828125,1426.6300048828125,1440.239990234375,1421.6300048828125,1425.280029296875,3683970000,0.0008976426143174621,0.12215456935972292
2008-05-20,1413.4000244140625,1413.4000244140625,1424.489990234375,1409.0899658203125,1424.489990234375,3854320000,-0.009316856535458662,0.12265695466382787
2008-05-21,1390.7099609375,1390.7099609375,1419.1199951171875,1388.81005859375,1414.06005859375,4517990000,-0.016183786536071665,0.13658554469833314
2008-05-22,1394.3499755859375,1394.3499755859375,1399.0699462890625,1390.22998046875,1390.8299560546875,3955960000,0.0026139593430798413,0.13509372846366605
2008-05-23,1375.9300537109375,1375.9300537109375,1392.199951171875,1373.719970703125,1392.199951171875,3516380000,-0.013298434194714659,0.14072405049285389
2008-05-27,1385.3499755859375,1385.3499755859375,1387.4000244140625,1373.0699462890625,1375.969970703125,3588860000,0.006822892512121648,0.1431556918991911
2008-05-28,1390.8399658203125,1390.8399658203125,1391.25,1378.1600341796875,1386.5400390625,3927240000,0.00395505891648007,0.14331403987988098
2008-05-29,1398.260009765625,1398.260009765625,1406.3199462890625,1388.5899658203125,1390.5,3894440000,0.005320756886203704,0.1437230130874186
2008-05-30,1400.3800048828125,1400.3800048828125,1404.4599609375,1398.0799560546875,1398.3599853515625,3845630000,0.0015150183743459777,0.13066116354603718
2008-06-02,1385.6700439453125,1385.6700439453125,1399.6199951171875,1377.7900390625,1399.6199951171875,3714320000,-0.010559822954777864,0.1345929144606758
2008-06-03,1377.6500244140625,1377.6500244140625,1393.1199951171875,1370.1199951171875,1386.4200439453125,4396380000,-0.0058046421345538946,0.13507999317214894
2008-06-04,1377.199951171875,1377.199951171875,1388.1800537109375,1371.739990234375,1376.260009765625,4338640000,-0.00032674973242130534,0.13138244194838147
2008-06-05,1404.050048828125,1404.050048828125,1404.050048828125,1377.47998046875,1377.47998046875,4350790000,0.019308535254153547,0.13509191192239464
2008-06-06,1360.6800537109375,1360.6800537109375,1400.06005859375,1359.9000244140625,1400.06005859375,4771660000,-0.03137633801853834,0.17341899361145274
2008-06-09,1361.760009765625,1361.760009765625,1370.6300048828125,1350.6199951171875,1360.8299560546875,4404570000,0.0007933736546297254,0.17241638926073766
2008-06-10,1358.43994140625,1358.43994140625,1366.8399658203125,1351.56005859375,1358.97998046875,4635070000,-0.0024410485020096573,0.16688314723732864
2008-06-11,1335.489990234375,1335.489990234375,1357.0899658203125,1335.469970703125,1357.0899658203125,4779980000,-0.017038681020649094,0.1750583589669239
2008-06-12,1339.8699951171875,1339.8699951171875,1353.030029296875,1331.2900390625,1335.780029296875,4734240000,0.003274332291770321,0.17473941924648134
2008-06-13,1360.030029296875,1360.030029296875,1360.030029296875,1341.7099609375,1341.81005859375,4080420000,0.014934189182590707,0.17947960748870598
2008-06-16,1360.1400146484375,1360.1400146484375,1364.699951171875,1352.0699462890625,1358.8499755859375,3706940000,8.086652661098981e-05,0.17923513705492256
2008-06-17,1350.9300537109375,1350.9300537109375,1366.5899658203125,1350.5400390625,1360.7099609375,3801960000,-0.006794362473468318,0.17945917250002094
2008-06-18,1337.81005859375,1337.81005859375,1349.5899658203125,1333.4000244140625,1349.5899658203125,4573570000,-0.009759291491304722,0.179670310777149
2008-06-19,1342.8299560546875,1342.8299560546875,1347.6600341796875,1330.5,1336.8900146484375,4811670000,0.0037453020931321745,0.17403449687425937
2008-06-20,1317.9300537109375,1317.9300537109375,1341.02001953125,1314.4599609375,1341.02001953125,5324900000,-0.018716929874510235,0.1827230121414569
2008-06-23,1318.0,1318.0,1323.780029296875,1315.31005859375,1319.77001953125,4186370000,5.307143031352268e-05,0.17887252139016102
2008-06-24,1314.2900390625,1314.2900390625,1326.02001953125,1304.4200439453125,1317.22998046875,4705050000,-0.0028188104950155335,0.1758630478206194
2008-06-25,1321.969970703125,1321.969970703125,1335.6300048828125,1314.5400390625,1314.5400390625,4825640000,0.005826400535617893,0.17686265564443518
2008-06-26,1283.1500244140625,1283.1500244140625,1316.2900390625,1283.1500244140625,1316.2900390625,5231280000,-0.02980501481058262,0.19771644334822008
2008-06-27,1278.3800048828125,1278.3800048828125,1289.449951171875,1272.0,1283.5999755859375,6208260000,-0.0037243561390027935,0.1966041740751554
2008-06-30,1280.0,1280.0,1290.31005859375,1274.8599853515625,1278.06005859375,5032330000,0.0012664227601932865,0.19631226534231253
2008-07-01,1284.9100341796875,1284.9100341796875,1285.31005859375,1260.6800537109375,1276.68994140625,5846290000,0.003828625653153672,0.1979975233838352
2008-07-02,1261.52001953125,1261.52001953125,1292.1700439453125,1261.510009765625,1285.8199462890625,5276090000,-0.018371344987170524,0.20411914492569197
2008-07-03,1262.9000244140625,1262.9000244140625,1271.47998046875,1252.010009765625,1262.9599609375,3247590000,0.0010933244042243828,0.18643902137939103
2008-07-07,1252.31005859375,1252.31005859375,1273.949951171875,1240.6800537109375,1262.9000244140625,5265420000,-0.008420790350196938,0.16118657747450674
2008-07-08,1273.699951171875,1273.699951171875,1274.1700439453125,1242.8399658203125,1251.8399658203125,6034110000,0.01693611962638375,0.17638366498269462
2008-07-09,1244.68994140625,1244.68994140625,1277.3599853515625,1244.5699462890625,1273.3800048828125,5181000000,-0.023039556424807373,0.18900283536992327
2008-07-10,1253.3900146484375,1253.3900146484375,1257.6500244140625,1236.760009765625,1245.25,5840430000,0.006965436311526574,0.1869688524254265
2008-07-11,1239.489990234375,1239.489990234375,1257.27001953125,1225.3499755859375,1248.6600341796875,6742200000,-0.011151895352082164,0.18736296172384126
2008-07-14,1228.300048828125,1228.300048828125,1253.5,1225.010009765625,1241.6099853515625,5434860000,-0.00906885749704145,0.17496525269356042
2008-07-15,1214.9100341796875,1214.9100341796875,1234.3499755859375,1200.43994140625,1226.8299560546875,7363640000,-0.010961111207183905,0.17502113768196706
2008-07-16,1245.3599853515625,1245.3599853515625,1245.52001953125,1211.3900146484375,1214.6500244140625,6738630000,0.024754604874712705,0.20404289926993954
2008-07-17,1260.3199462890625,1260.3199462890625,1262.31005859375,1241.489990234375,1246.31005859375,7365210000,0.011940981372926984,0.21013845759241795
2008-07-18,1260.6800537109375,1260.6800537109375,1262.22998046875,1251.81005859375,1258.219970703125,5653280000,0.00028568617558466514,0.20908087928818664
2008-07-21,1260.0,1260.0,1267.739990234375,1255.699951171875,1261.8199462890625,4630640000,-0.0005395795681693016,0.20135067502196244
2008-07-22,1277.0,1277.0,1277.4200439453125,1248.8299560546875,1257.0799560546875,6180230000,0.013401856087015496,0.20844406410409486
2008-07-23,1282.18994140625,1282.18994140625,1291.1700439453125,1276.06005859375,1278.8699951171875,6705830000,0.0040559306967180575,0.2092846269082848
2008-07-24,1252.5400390625,1252.5400390625,1283.219970703125,1251.47998046875,1283.219970703125,6127980000,-0.02339598696581202,0.22095422274249565
2008-07-25,1257.760009765625,1257.760009765625,1263.22998046875,1251.75,1253.510009765625,4672560000,0.004158848046300179,0.19856393366626077
2008-07-28,1234.3699951171875,1234.3699951171875,1260.0899658203125,1234.3699951171875,1257.760009765625,4282960000,-0.01877165431708594,0.207776859488238
2008-07-29,1263.199951171875,1263.199951171875,1263.199951171875,1236.3800048828125,1236.3800048828125,5414240000,0.02308743079446174,0.2247897238350099
2008-07-30,1284.260009765625,1284.260009765625,1284.3299560546875,1264.52001953125,1264.52001953125,5631330000,0.016534539279929206,0.23216429382389975
2008-07-31,1267.3800048828125,1267.3800048828125,1284.9300537109375,1265.969970703125,1281.3699951171875,5346050000,-0.013230903287161588,0.2276840479569114
2008-08-01,1260.31005859375,1260.31005859375,1270.52001953125,1254.5400390625,1269.4200439453125,4684870000,-0.00559401235764323,0.2285391248972562
2008-08-04,1249.010009765625,1249.010009765625,1260.489990234375,1247.449951171875,1253.27001953125,4562280000,-0.009006523604902839,0.22881655995331174
2008-08-05,1284.8800048828125,1284.8800048828125,1284.8800048828125,1254.6700439453125,1254.8699951171875,1219310000,0.028314087237507835,0.24248807320223512
2008-08-06,1289.18994140625,1289.18994140625,1291.6700439453125,1276.0,1283.989990234375,4873420000,0.003348736157926524,0.22698930496471434
2008-08-07,1266.0699462890625,1266.0699462890625,1286.510009765625,1264.2900390625,1286.510009765625,5319380000,-0.018096496701488718,0.23612003829414044
2008-08-08,1296.3199462890625,1296.3199462890625,1297.8499755859375,1262.1099853515625,1266.2900390625,4966810000,0.02361186756964173,0.24496563961055945
2008-08-11,1305.3199462890625,1305.3199462890625,1313.1500244140625,1291.4100341796875,1294.4200439453125,5067310000,0.0069187406968787,0.24189035925445565
2008-08-12,1289.5899658203125,1289.5899658203125,1304.7900390625,1285.6400146484375,1304.7900390625,4711290000,-0.012123868402247773,0.24277027753905542
2008-08-13,1285.8299560546875,1285.8299560546875,1294.030029296875,1274.8599853515625,1288.6400146484375,4787600000,-0.0029199218388873405,0.23004632100036548
2008-08-14,1292.9300537109375,1292.9300537109375,1300.1099853515625,1276.8399658203125,1282.1099853515625,4064000000,0.005506612147370582,0.22746421058881053
2008-08-15,1298.199951171875,1298.199951171875,1302.050048828125,1290.739990234375,1293.8499755859375,4041820000,0.004067649803148221,0.22763276053782844
2008-08-18,1278.5999755859375,1278.5999755859375,1300.219970703125,1274.510009765625,1298.1400146484375,3829290000,-0.015212941748937503,0.23480979889386472
2008-08-19,1266.68994140625,1266.68994140625,1276.6500244140625,1263.1099853515625,1276.6500244140625,4159760000,-0.009358557566294223,0.23252953691209577
2008-08-20,1274.5400390625,1274.5400390625,1276.010009765625,1261.1600341796875,1267.3399658203125,4555030000,0.00617820715683326,0.23315765686189135
2008-08-21,1277.719970703125,1277.719970703125,1281.4000244140625,1265.219970703125,1271.0699462890625,4032590000,0.0024918568436600452,0.21752430280245025
2008-08-22,1292.199951171875,1292.199951171875,1293.0899658203125,1277.5899658203125,1277.5899658203125,3741070000,0.0112689376647932,0.2202017102971971
2008-08-25,1266.8399658203125,1266.8399658203125,1290.469970703125,1264.8699951171875,1290.469970703125,3420600000,-0.01982057052791575,0.22143588361875322
2008-08-26,1271.510009765625,1271.510009765625,1275.6500244140625,1263.2099609375,1267.030029296875,3587570000,0.003679594428953159,0.20708915767756314
2008-08-27,1281.6600341796875,1281.6600341796875,1285.050048828125,1270.030029296875,1271.2900390625,3499610000,0.007950961127648704,0.20065451935830808
2008-08-28,1300.6800537109375,1300.6800537109375,1300.6800537109375,1283.7900390625,1283.7900390625,3854280000,0.01473110654422971,0.2009218968386486
2008-08-29,1282.8299560546875,1282.8299560546875,1297.5899658203125,1282.739990234375,1296.489990234375,3288120000,-0.013818705278780818,0.20641590527692366
2008-09-02,1277.5799560546875,1277.5799560546875,1303.0400390625,1272.199951171875,1287.8299560546875,4783560000,-0.004100911602328949,0.20413895647517344
2008-09-03,1274.97998046875,1274.97998046875,1280.5999755859375,1265.5899658203125,1276.6099853515625,5056980000,-0.0020371521529352066,0.17862892915917858
2008-09-04,1236.8299560546875,1236.8299560546875,1271.800048828125,1232.8299560546875,1271.800048828125,5212500000,-0.030378857722847208,0.20579081423097653
2008-09-05,1242.31005859375,1242.31005859375,1244.93994140625,1217.22998046875,1233.2099609375,5017080000,0.004420977784567626,0.19830980514936639
2008-09-08,1267.7900390625,1267.7900390625,1274.4200439453125,1247.1199951171875,1249.5,7351340000,0.020302661013165135,0.1934162002331463
2008-09-09,1224.510009765625,1224.510009765625,1268.6600341796875,1224.510009765625,1267.97998046875,7380630000,-0.03473448601838758,0.2230411849901443
2008-09-10,1232.0400390625,1232.0400390625,1243.9000244140625,1221.5999755859375,1227.5,6543440000,0.0061305918718019825,0.22277535210222638
2008-09-11,1249.050048828125,1249.050048828125,1249.97998046875,1211.5400390625,1229.0400390625,6869250000,0.013711937637729044,0.22950574645179983
2008-09-12,1251.699951171875,1251.699951171875,1255.0899658203125,1233.81005859375,1245.8800048828125,6273260000,0.0021192868823822764,0.22850890690327308
2008-09-15,1192.699951171875,1192.699951171875,1250.9200439453125,1192.699951171875,1250.9200439453125,8279510000,-0.04828298467905778,0.2784192211904595
2008-09-16,1213.5999755859375,1213.5999755859375,1214.8399658203125,1169.280029296875,1188.31005859375,9459830000,0.017371525271792088,0.2849815834608787
2008-09-17,1156.3900146484375,1156.3900146484375,1210.3399658203125,1155.8800048828125,1210.3399658203125,9431870000,-0.048288032671885084,0.3255408141004246
2008-09-18,1206.510009765625,1206.510009765625,1211.1400146484375,1133.5,1157.0799560546875,10082690000,0.042428806317098555,0.3626455594899774
2008-09-19,1255.0799560546875,1255.0799560546875,1265.1199951171875,1213.1099853515625,1213.1099853515625,9387170000,0.03946737797774613,0.39083820512904727
2008-09-22,1207.0899658203125,1207.0899658203125,1255.3699951171875,1205.6099853515625,1255.3699951171875,5368130000,-0.03898680450101821,0.4093688453740285
2008-09-23,1188.219970703125,1188.219970703125,1221.1500244140625,1187.06005859375,1207.6099853515625,5185730000,-0.015756111732192934,0.40755295608443576
2008-09-24,1185.8699951171875,1185.8699951171875,1197.4100341796875,1179.7900390625,1188.7900390625,4820360000,-0.0019796860163383556,0.40681833968238906
2008-09-25,1209.1800537109375,1209.1800537109375,1220.030029296875,1187.8699951171875,1187.8699951171875,5877640000,0.01946581003608472,0.4128039716103029
2008-09-26,1213.27001953125,1213.27001953125,1215.77001953125,1187.5400390625,1204.469970703125,5383610000,0.0033767215693920605,0.4085369775850074
2008-09-29,1106.4200439453125,1106.4200439453125,1209.0699462890625,1106.4200439453125,1209.0699462890625,7305060000,-0.09218959234553648,0.5107285953476703
2008-09-30,1166.3599853515625,1166.3599853515625,1168.030029296875,1113.780029296875,1113.780029296875,4937680000,0.052758158003824995,0.5516020969786445
2008-10-01,1161.06005859375,1161.06005859375,1167.030029296875,1140.77001953125,1164.1700439453125,5782130000,-0.004554344139591215,0.551526125424373
2008-10-02,1114.280029296875,1114.280029296875,1160.6400146484375,1111.4300537109375,1160.6400146484375,6285640000,-0.04112494871855432,0.5590372736933584
2008-10-03,1099.22998046875,1099.22998046875,1153.8199462890625,1098.1400146484375,1115.1600341796875,6716120000,-0.01359856579234453,0.5585989393539432
2008-10-06,1056.8900146484375,1056.8900146484375,1097.56005859375,1007.969970703125,1097.56005859375,7956020000,-0.03927926970654205,0.5611207201875161
2008-10-07,996.22998046875,996.22998046875,1072.9100341796875,996.22998046875,1057.5999755859375,7069210000,-0.05910779118196352,0.5811315910822216
2008-10-08,984.9400024414062,984.9400024414062,1021.0599975585938,970.969970703125,988.9099731445312,8716330000,-0.011397406925517828,0.5780371726185793
2008-10-09,909.9199829101562,909.9199829101562,1005.25,909.1900024414062,988.4199829101562,6819000000,-0.07922406331313603,0.6157821585677664
2008-10-10,899.219970703125,899.219970703125,936.3599853515625,839.7999877929688,902.3099975585938,11456230000,-0.011828976472150643,0.6125391210975272
2008-10-13,1003.3499755859375,1003.3499755859375,1006.9299926757812,912.75,912.75,7263370000,0.10957196759533883,0.7397223349550148
2008-10-14,998.010009765625,998.010009765625,1044.31005859375,972.0700073242188,1009.969970703125,8161990000,-0.0053363498135370335,0.7338082086981889
2008-10-15,907.8400268554688,907.8400268554688,994.5999755859375,903.989990234375,994.5999755859375,6542330000,-0.09469512488423515,0.7805689206765052
2008-10-16,946.4299926757812,946.4299926757812,947.7100219726562,865.8300170898438,909.530029296875,7984500000,0.041628822290941336,0.7798693682400163
2008-10-17,940.5499877929688,940.5499877929688,984.6400146484375,918.739990234375,942.2899780273438,6581780000,-0.0062322059327275525,0.7574714433620219
2008-10-20,985.4000244140625,985.4000244140625,985.4000244140625,943.510009765625,943.510009765625,5175640000,0.04658287732523192,0.7800283776016353
2008-10-21,955.0499877929688,955.0499877929688,985.4400024414062,952.469970703125,980.4000244140625,5121830000,-0.03128399253607039,0.7832787927145565
2008-10-22,896.780029296875,896.780029296875,951.6699829101562,875.8099975585938,951.6699829101562,6147980000,-0.06295307968785124,0.8026745606247744
2008-10-23,908.1099853515625,908.1099853515625,922.8300170898438,858.4400024414062,899.0800170898438,7189900000,0.01255489784581787,0.7993966142792566
2008-10-24,876.77001953125,876.77001953125,896.2999877929688,852.8499755859375,895.219970703125,6550050000,-0.035120777951255455,0.7997563480166758
2008-10-27,848.9199829101562,848.9199829101562,893.780029296875,846.75,874.280029296875,5558050000,-0.032279789320129204,0.7535992626306445
2008-10-28,940.510009765625,940.510009765625,940.510009765625,845.27001953125,848.9199829101562,7096950000,0.102457358473937,0.8247076998192692
2008-10-29,930.0900268554688,930.0900268554688,969.969970703125,922.260009765625,939.510009765625,7077800000,-0.011140907177517256,0.8243978934469356
2008-10-30,954.0900268554688,954.0900268554688,963.22998046875,928.5,939.3800048828125,6175830000,0.025476650236373466,0.8260261731643344
2008-10-31,968.75,968.75,984.3800048828125,944.5900268554688,953.1099853515625,6394350000,0.015248545898600696,0.8294793688395553
2008-11-03,966.2999877929688,966.2999877929688,975.5700073242188,958.8200073242188,968.6699829101562,4492280000,-0.0025322482950489444,0.8207780541108349
2008-11-04,1005.75,1005.75,1007.510009765625,971.3099975585938,971.3099975585938,5531290000,0.04001447845738948,0.8092170692268944
2008-11-05,952.77001953125,952.77001953125,1001.8400268554688,949.8599853515625,1001.8400268554688,5426640000,-0.05411525893116398,0.8303351128647171
2008-11-06,904.8800048828125,904.8800048828125,952.4000244140625,899.72998046875,952.4000244140625,6102230000,-0.05157120827951989,0.8028444466112018
2008-11-07,930.989990234375,930.989990234375,931.4600219726562,906.9000244140625,907.4400024414062,4931640000,0.02844618197210025,0.8076210971744464
2008-11-10,919.2100219726562,919.2100219726562,951.9500122070312,907.469970703125,936.75,4572000000,-0.012733896186857052,0.7063609717185405
2008-11-11,898.9500122070312,898.9500122070312,917.1500244140625,884.9000244140625,917.1500244140625,4998340000,-0.02228720025294262,0.7090796950659414
2008-11-12,852.2999877929688,852.2999877929688,893.3900146484375,850.47998046875,893.3900146484375,5764180000,-0.05328886594572069,0.655714638496128
2008-11-13,911.2899780273438,911.2899780273438,913.010009765625,818.6900024414062,853.1300048828125,7849120000,0.06692259078968732,0.6827635576752191
2008-11-14,873.2899780273438,873.2899780273438,916.8800048828125,869.8800048828125,904.3599853515625,5881030000,-0.0425934906208667,0.697114960050108
2008-11-17,850.75,850.75,882.2899780273438,848.97998046875,873.22998046875,4927490000,-0.026149349993598747,0.6760999528827609
2008-11-18,859.1199951171875,859.1199951171875,865.9000244140625,826.8400268554688,852.3400268554688,6679470000,0.009790290485440778,0.6727024857994027
2008-11-19,806.5800170898438,806.5800170898438,864.5700073242188,806.1799926757812,859.030029296875,6548600000,-0.06310549598420678,0.6728672822181587
2008-11-20,752.4400024414062,752.4400024414062,820.52001953125,747.780029296875,805.8699951171875,9093740000,-0.0694818454127768,0.7045538571267607
2008-11-21,800.030029296875,800.030029296875,801.2000122070312,741.02001953125,755.8400268554688,9495900000,0.061328001115066755,0.7384011498869923
2008-11-24,851.8099975585938,851.8099975585938,865.5999755859375,801.2000122070312,801.2000122070312,7879440000,0.06271423081455652,0.7661215592639078
2008-11-25,857.3900146484375,857.3900146484375,868.9400024414062,834.989990234375,853.4000244140625,6952700000,0.006529413613966639,0.6706893517081446
2008-11-26,887.6799926757812,887.6799926757812,887.6799926757812,841.3699951171875,852.9000244140625,5793260000,0.03471840142238225,0.6837174769971127
2008-11-28,896.239990234375,896.239990234375,896.25,881.2100219726562,886.8900146484375,2740860000,0.009596913918806571,0.677760462321283
2008-12-01,816.2100219726562,816.2100219726562,888.6099853515625,815.6900024414062,888.6099853515625,6052010000,-0.09353652163820936,0.7420503639937013
2008-12-02,848.8099975585938,848.8099975585938,850.5399780273438,817.9400024414062,817.9400024414062,6170100000,0.03916366397642257,0.7601248865979243
2008-12-03,870.739990234375,870.739990234375,873.1199951171875,827.5999755859375,843.5999755859375,6221880000,0.025508047919814203,0.750540764634759
2008-12-04,845.219970703125,845.219970703125,875.5999755859375,833.5999755859375,869.75,5860390000,-0.02974649977384214,0.7359441597413566
2008-12-05,876.0700073242188,876.0700073242188,879.4199829101562,818.4099731445312,844.4299926757812,6165370000,0.035849090941537654,0.7298456357609421
2008-12-08,909.7000122070312,909.7000122070312,918.5700073242188,882.7100219726562,882.7100219726562,6553600000,0.037668883466785985,0.7353094827468887
2008-12-09,888.6699829101562,888.6699829101562,916.260009765625,885.3800048828125,906.47998046875,5693110000,-0.023388944476326223,0.7383410836197879
2008-12-10,899.239990234375,899.239990234375,908.27001953125,885.4500122070312,892.1699829101562,5942130000,0.011824007505509826,0.735778263247752
2008-12-11,873.5900268554688,873.5900268554688,904.6300048828125,868.72998046875,898.3499755859375,5513840000,-0.028938762495764436,0.7181628277154494
2008-12-12,879.72998046875,879.72998046875,883.239990234375,851.3499755859375,871.7899780273438,5959590000,0.00700383123051207,0.6778982282653361
2008-12-15,868.5700073242188,868.5700073242188,884.6300048828125,857.719970703125,881.0700073242188,4982390000,-0.01276683041148452,0.6629516250204619
2008-12-16,913.1799926757812,913.1799926757812,914.6599731445312,871.530029296875,871.530029296875,6009780000,0.05008481578859225,0.6777575599324515
2008-12-17,904.4199829101562,904.4199829101562,918.8499755859375,895.9400024414062,908.1599731445312,5907380000,-0.009639170015612208,0.6788329025405014
2008-12-18,885.280029296875,885.280029296875,911.02001953125,877.4400024414062,905.97998046875,5675000000,-0.021389823129045027,0.6423431101224094
2008-12-19,887.8800048828125,887.8800048828125,905.469970703125,883.02001953125,886.9600219726562,6705310000,0.0029325919817235757,0.5831683441701238
2008-12-22,871.6300048828125,871.6300048828125,887.3699951171875,857.0900268554688,887.2000122070312,4869850000,-0.01847157668633681,0.5564392094161262
2008-12-23,863.1599731445312,863.1599731445312,880.4400024414062,860.0999755859375,874.3099975585938,4051970000,-0.009764984984231617,0.5155459972466537
2008-12-24,868.1500244140625,868.1500244140625,869.7899780273438,861.4400024414062,863.8699951171875,1546550000,0.005764496357789639,0.5154430868804828
2008-12-26,872.7999877929688,872.7999877929688,873.739990234375,866.52001953125,869.510009765625,1880050000,0.005341881620716471,0.5007708549740699
2008-12-29,869.4199829101562,869.4199829101562,873.7000122070312,857.0700073242188,872.3699951171875,3323430000,-0.003880117528480831,0.4993988251129527
2008-12-30,890.6400146484375,890.6400146484375,891.1199951171875,870.5800170898438,870.5800170898438,3627800000,0.024114018863220288,0.37718835709694415
2008-12-31,903.25,903.25,910.3200073242188,889.6699829101562,890.5900268554688,4172940000,0.014059048160206977,0.3574900824219441
2009-01-02,931.7999877929688,931.7999877929688,934.72998046875,899.3499755859375,902.989990234375,4048270000,0.031118816254462445,0.3624129250456437
2009-01-05,927.4500122070312,927.4500122070312,936.6300048828125,919.530029296875,929.1699829101562,5413910000,-0.0046792884475959085,0.3434142339791219
2009-01-06,934.7000122070312,934.7000122070312,943.8499755859375,927.280029296875,931.1699829101562,5392620000,0.007786737413760569,0.3244857011615268
2009-01-07,906.6500244140625,906.6500244140625,927.4500122070312,902.3699951171875,927.4500122070312,4704940000,-0.03046912022057313,0.31897699069595775
2009-01-08,909.72998046875,909.72998046875,910.0,896.8099975585938,905.72998046875,4991550000,0.0033913156919744836,0.3076686404222609
2009-01-09,890.3499755859375,890.3499755859375,911.9299926757812,888.3099975585938,909.9099731445312,4716500000,-0.02153321429320254,0.31468111181425595
2009-01-12,870.260009765625,870.260009765625,890.4000244140625,864.3200073242188,890.4000244140625,4725050000,-0.022822587628668956,0.30836386674031196
2009-01-13,871.7899780273438,871.7899780273438,877.02001953125,862.02001953125,869.7899780273438,5567460000,0.0017565152157663633,0.30735399167791294
2009-01-14,842.6199951171875,842.6199951171875,867.280029296875,836.9299926757812,867.280029296875,5407880000,-0.034032464490183045,0.32631023543351245
2009-01-15,843.739990234375,843.739990234375,851.5900268554688,817.0399780273438,841.989990234375,7807350000,0.0013282991669525401,0.26745580716009276
2009-01-16,850.1199951171875,850.1199951171875,858.1300048828125,830.6599731445312,844.4500122070312,6786040000,0.0075331315563733625,0.26944831091840304
2009-01-20,805.219970703125,805.219970703125,849.6400146484375,804.469970703125,849.6400146484375,6375230000,-0.054262014623913224,0.31731895902917334
2009-01-21,840.239990234375,840.239990234375,841.719970703125,804.2999877929688,806.77001953125,6467830000,0.04257205806919373,0.3565996643118801
2009-01-22,827.5,827.5,839.739990234375,811.2899780273438,839.739990234375,5843830000,-0.01527844644087839,0.35499422684980186
2009-01-23,831.9500122070312,831.9500122070312,838.6099853515625,806.0700073242188,822.1599731445312,5832160000,0.005363250283092924,0.3550042799904471
2009-01-26,836.5700073242188,836.5700073242188,852.530029296875,827.6900024414062,832.5,6039940000,0.005537850154849977,0.35494395730129646
2009-01-27,845.7100219726562,845.7100219726562,850.4500122070312,835.4000244140625,837.2999877929688,5353260000,0.01086632953448241,0.3568643094307311
2009-01-28,874.0900268554688,874.0900268554688,877.8599853515625,845.72998046875,845.72998046875,6199180000,0.033006838682640094,0.3761618671500057
2009-01-29,845.1400146484375,845.1400146484375,868.8900146484375,844.1500244140625,868.8900146484375,5067060000,-0.033681064466673405,0.38308013021456344
2009-01-30,825.8800048828125,825.8800048828125,851.6599731445312,821.6699829101562,845.6900024414062,5350580000,-0.02305282101067707,0.38423458404406646
2009-02-02,825.4400024414062,825.4400024414062,830.780029296875,812.8699951171875,823.0900268554688,5673270000,-0.0005329099748898614,0.36226466610859076
2009-02-03,838.510009765625,838.510009765625,842.5999755859375,821.97998046875,825.6900024414062,5886310000,0.01570993844294577,0.37002881804305704
2009-02-04,832.22998046875,832.22998046875,851.8499755859375,829.1799926757812,837.77001953125,6420450000,-0.0075176974397948015,0.3671210414055891
2009-02-05,845.8499755859375,845.8499755859375,850.5499877929688,819.9099731445312,831.75,6624030000,0.01623318860075873,0.3631246684192862
2009-02-06,868.5999755859375,868.5999755859375,870.75,845.4199829101562,846.0900268554688,6484100000,0.026540681935397714,0.37719654526790886
2009-02-09,869.8900146484375,869.8900146484375,875.010009765625,861.6500244140625,868.239990234375,5574370000,0.0014840917192797676,0.37077031576822544
2009-02-10,827.1599731445312,827.1599731445312,868.0499877929688,822.989990234375,866.8699951171875,6770170000,-0.050368669494148754,0.40198130799489834
2009-02-11,833.739990234375,833.739990234375,838.219970703125,822.2999877929688,827.4099731445312,5926460000,0.007923477223390485,0.4033755957358811
2009-02-12,835.1900024414062,835.1900024414062,835.47998046875,808.0599975585938,829.9099731445312,6476460000,0.0017376553579211418,0.38647348407112503
2009-02-13,826.8400268554688,826.8400268554688,839.4299926757812,825.2100219726562,833.9500122070312,5296650000,-0.010048008389114571,0.3878184625454911
2009-02-17,789.1699829101562,789.1699829101562,818.6099853515625,789.1699829101562,818.6099853515625,5907820000,-0.04662949981810449,0.41695979702662184
2009-02-18,788.4199829101562,788.4199829101562,796.1699829101562,780.4299926757812,791.0599975585938,5740710000,-0.000950817478245547,0.3741318711171002
2009-02-19,778.9400024414062,778.9400024414062,797.5800170898438,777.030029296875,787.9099731445312,5746940000,-0.01209689689849558,0.34006946847279784
2009-02-20,770.0499877929688,770.0499877929688,778.6900024414062,754.25,775.8699951171875,8210590000,-0.01147859226361625,0.33870306023906105
2009-02-23,743.3300170898438,743.3300170898438,777.8499755859375,742.3699951171875,773.25,6509300000,-0.035315317490224984,0.3540356175370602
2009-02-24,773.1400146484375,773.1400146484375,775.489990234375,744.6900024414062,744.6900024414062,7234490000,0.03932004922172627,0.3853706214027758
2009-02-25,764.9000244140625,764.9000244140625,780.1199951171875,752.8900146484375,770.6400146484375,7483640000,-0.01071502543791869,0.38214109500613685
2009-02-26,752.8300170898438,752.8300170898438,779.4199829101562,751.75,765.760009765625,7599970000,-0.015905676845763494,0.35748512186205195
2009-02-27,735.0900268554688,735.0900268554688,751.27001953125,734.52001953125,749.9299926757812,8926480000,-0.023846484170293003,0.349938163129022
2009-03-02,700.8200073242188,700.8200073242188,729.5700073242188,699.7000122070312,729.5700073242188,7868290000,-0.04774188875107299,0.3738392589279326
2009-03-03,696.3300170898438,696.3300170898438,711.6699829101562,692.2999877929688,704.4400024414062,7583230000,-0.00642737803835125,0.3728690635668536
2009-03-04,712.8699951171875,712.8699951171875,724.1199951171875,698.5999755859375,698.5999755859375,7673620000,0.02347535830991543,0.3801205961703472
2009-03-05,682.5499877929688,682.5499877929688,708.27001953125,677.9299926757812,708.27001953125,7507250000,-0.04346330218569694,0.3992688889248313
2009-03-06,683.3800048828125,683.3800048828125,699.0900268554688,666.7899780273438,684.0399780273438,7331830000,0.001215314395985878,0.39015386037459415
2009-03-09,676.530029296875,676.530029296875,695.27001953125,672.8800048828125,680.760009765625,7277320000,-0.010074245130306636,0.3659761308376418
2009-03-10,719.5999755859375,719.5999755859375,719.5999755859375,679.280029296875,679.280029296875,8618330000,0.0617186323188923,0.44563161288700287
2009-03-11,721.3599853515625,721.3599853515625,731.9199829101562,713.8499755859375,719.5900268554688,7287810000,0.002442830735847501,0.42137938381670065
2009-03-12,750.739990234375,750.739990234375,752.6300048828125,714.760009765625,720.8900146484375,7326630000,0.03992107486845242,0.449135626079308
2009-03-13,756.5499877929688,756.5499877929688,758.2899780273438,742.4600219726562,751.969970703125,6787090000,0.0077092350090426365,0.4507772734560619
2009-03-16,753.8900146484375,753.8900146484375,774.530029296875,753.3699951171875,758.8400268554688,7883540000,-0.003522120560965014,0.45041163436485254
2009-03-17,778.1199951171875,778.1199951171875,778.1199951171875,749.9299926757812,753.8800048828125,6156800000,0.031634259452989255,0.4396963738896348
2009-03-18,794.3499755859375,794.3499755859375,803.0399780273438,765.6400146484375,776.010009765625,9098450000,0.020643391776915543,0.4458485055032641
2009-03-19,784.0399780273438,784.0399780273438,803.239990234375,781.8200073242188,797.9199829101562,9033870000,-0.013064127999234287,0.44620182963091587
2009-03-20,768.5399780273438,768.5399780273438,788.9099731445312,766.2000122070312,784.5800170898438,7643720000,-0.019967428951184196,0.4499821352259499
2009-03-23,822.9199829101562,822.9199829101562,823.3699951171875,772.3099975585938,772.3099975585938,7715770000,0.06836638735773626,0.48902503228005595
2009-03-24,806.1199951171875,806.1199951171875,823.6500244140625,805.47998046875,820.5999755859375,6767980000,-0.020626361096598878,0.480046667718596
2009-03-25,813.8800048828125,813.8800048828125,826.780029296875,791.3699951171875,806.8099975585938,7687180000,0.009580332245017864,0.47835857732767867
2009-03-26,832.8599853515625,832.8599853515625,832.97998046875,814.0599975585938,814.0599975585938,6992960000,0.0230526022398303,0.4778412295577193
2009-03-27,815.9400024414062,815.9400024414062,828.6799926757812,813.4299926757812,828.6799926757812,5600210000,-0.020524717385895563,0.47544224474024754
2009-03-30,787.530029296875,787.530029296875,809.0700073242188,779.8099975585938,809.0700073242188,5912660000,-0.035439323427820746,0.4598242516920484
2009-03-31,797.8699951171875,797.8699951171875,810.47998046875,790.8800048828125,790.8800048828125,6089100000,0.013044168377756904,0.4582149475182966
2009-04-01,811.0800170898438,811.0800170898438,813.6199951171875,783.3200073242188,793.5900268554688,6034140000,0.01642104317974269,0.455624112785479
2009-04-02,834.3800048828125,834.3800048828125,845.6099853515625,814.530029296875,814.530029296875,7542810000,0.028322225961305847,0.42305748295709417
2009-04-03,842.5,842.5,842.5,826.7000122070312,835.1300048828125,5855640000,0.009684722294469594,0.4218438578944316
2009-04-06,835.47998046875,835.47998046875,839.75,822.7899780273438,839.75,6210000000,-0.00836727561668038,0.42083673888786344
2009-04-07,815.5499877929688,815.5499877929688,834.1199951171875,814.530029296875,834.1199951171875,5155580000,-0.024143669317648886,0.3932410214931385
2009-04-08,825.1599731445312,825.1599731445312,828.4199829101562,814.8400268554688,816.760009765625,5938460000,0.01171455708684821,0.39341582516305396
2009-04-09,856.5599975585938,856.5599975585938,856.9099731445312,829.2899780273438,829.2899780273438,7600710000,0.0373470906207336,0.3907708740044034
2009-04-13,858.72998046875,858.72998046875,864.3099975585938,845.3499755859375,855.3300170898438,6434890000,0.0025301658560268336,0.390995261194721
2009-04-14,841.5,841.5,856.8800048828125,840.25,856.8800048828125,7569840000,-0.0202685172249355,0.4004917990536767
2009-04-15,852.0599975585938,852.0599975585938,852.9299926757812,835.5800170898438,839.4400024414062,6241100000,0.012470930388817969,0.3900863402513905
2009-04-16,865.2999877929688,865.2999877929688,870.3499755859375,847.0399780273438,854.5399780273438,6598670000,0.015419309485732668,0.38778074820877756
2009-04-17,869.5999755859375,869.5999755859375,875.6300048828125,860.8699951171875,865.1799926757812,7352010000,0.004957054226538915,0.38260404416177984
2009-04-20,832.3900146484375,832.3900146484375,868.27001953125,832.3900146484375,868.27001953125,6973960000,-0.04373220914165632,0.4101285067498907
2009-04-21,850.0800170898438,850.0800170898438,850.0900268554688,826.8300170898438,831.25,7436490000,0.02102938421614553,0.3438518144711599
2009-04-22,843.5499877929688,843.5499877929688,861.780029296875,840.5700073242188,847.260009765625,7327860000,-0.007711320225478602,0.33613866618643995
2009-04-23,851.9199829101562,851.9199829101562,852.8699951171875,835.4500122070312,844.6199951171875,6563100000,0.009873443065782084,0.3362205128277533
2009-04-24,866.22998046875,866.22998046875,871.7999877929688,853.9099731445312,853.9099731445312,7114440000,0.016657834020331386,0.33194411948498004
2009-04-27,857.510009765625,857.510009765625,868.8300170898438,854.6500244140625,862.8200073242188,5613460000,-0.01011758749904601,0.3249390736149928
2009-04-28,855.1599731445312,855.1599731445312,864.47998046875,847.1199951171875,854.47998046875,6328000000,-0.0027442976398495134,0.29518609719794425
2009-04-29,873.6400146484375,873.6400146484375,882.0599975585938,856.8499755859375,856.8499755859375,6101620000,0.02137985372716411,0.29973536922678423
2009-04-30,872.8099975585938,872.8099975585938,888.7000122070312,868.510009765625,876.5900268554688,6862540000,-0.0009505192207450719,0.2970702205311374
2009-05-01,877.52001953125,877.52001953125,880.47998046875,866.0999755859375,872.739990234375,5312170000,0.005381880325808552,0.28336771100053376
2009-05-04,907.239990234375,907.239990234375,907.8499755859375,879.2100219726562,879.2100219726562,7038840000,0.03330724358772574,0.30206216021401733
2009-05-05,903.7999877929688,903.7999877929688,907.7000122070312,897.3400268554688,906.0999755859375,6882860000,-0.0037989294772939886,0.30016987725040756
2009-05-06,919.530029296875,919.530029296875,920.280029296875,903.9500122070312,903.9500122070312,8555040000,0.017254618329419102,0.2851820199123295
2009-05-07,907.3900146484375,907.3900146484375,929.5800170898438,901.3599853515625,919.5800170898438,9120100000,-0.013290338985760819,0.29191109699175244
2009-05-08,929.22998046875,929.22998046875,930.1699829101562,909.030029296875,909.030029296875,8163280000,0.023783902379113542,0.27617489152807884
2009-05-11,909.239990234375,909.239990234375,922.989990234375,908.6799926757812,922.989990234375,6150600000,-0.021747190202753508,0.29029398752203084
2009-05-12,908.3499755859375,908.3499755859375,915.5700073242188,896.4600219726562,910.52001953125,6871750000,-0.0009793349834765763,0.27835756102477344
2009-05-13,883.9199829101562,883.9199829101562,905.4000244140625,882.7999877929688,905.4000244140625,7091820000,-0.02726319853661252,0.2961776357302869
2009-05-14,893.0700073242188,893.0700073242188,898.3599853515625,882.52001953125,884.239990234375,6134870000,0.010298431992771917,0.2937382260311776
2009-05-15,882.8800048828125,882.8800048828125,896.969970703125,878.9400024414062,892.760009765625,5439720000,-0.011475676904066923,0.29684300937959424
2009-05-18,909.7100219726562,909.7100219726562,910.0,886.0700073242188,886.0700073242188,5702150000,0.029936594996533117,0.26548902711472616
2009-05-19,908.1300048828125,908.1300048828125,916.3900146484375,905.219970703125,909.6699829101562,6616270000,-0.0017383460198727718,0.2591754464012109
2009-05-20,903.469970703125,903.469970703125,924.5999755859375,901.3699951171875,908.6199951171875,8205060000,-0.0051446726880470806,0.2579503345961406
2009-05-21,888.3300170898438,888.3300170898438,900.4199829101562,879.6099853515625,900.4199829101562,6019840000,-0.01689955803033616,0.2660299502620452
2009-05-22,887.0,887.0,896.6500244140625,883.75,888.6799926757812,5155320000,-0.0014983325081701082,0.2608709680822936
2009-05-26,910.3300170898438,910.3300170898438,911.760009765625,881.4600219726562,887.0,5667050000,0.025962207600157328,0.2708494819496143
2009-05-27,893.0599975585938,893.0599975585938,913.8400268554688,891.8699951171875,909.9500122070312,5698800000,-0.019153424774367878,0.2809860074582658
2009-05-28,906.8300170898438,906.8300170898438,909.4500122070312,887.5999755859375,892.9600219726562,5738980000,0.015301255166552785,0.2765005881561127
2009-05-29,919.1400146484375,919.1400146484375,920.02001953125,903.5599975585938,907.02001953125,6050420000,0.013483445887850998,0.279146082299495
2009-06-01,942.8699951171875,942.8699951171875,947.77001953125,923.260009765625,923.260009765625,6370440000,0.025489943861423114,0.29013641390231065
2009-06-02,944.739990234375,944.739990234375,949.3800048828125,938.4600219726562,942.8699951171875,5987340000,0.001981336974748338,0.26919770617932737
2009-06-03,931.760009765625,931.760009765625,942.510009765625,923.8499755859375,942.510009765625,5323770000,-0.013834465750710123,0.2741273567579285
2009-06-04,942.4600219726562,942.4600219726562,942.469970703125,929.3200073242188,932.489990234375,5352890000,0.011418220142165758,0.2706285985604352
2009-06-05,940.0900268554688,940.0900268554688,951.6900024414062,934.1300048828125,945.6699829101562,5277910000,-0.0025178574888160554,0.26586972206903986
2009-06-08,939.1400146484375,939.1400146484375,946.3300170898438,926.4400024414062,938.1199951171875,4483430000,-0.0010110654544464026,0.25355637683012683
2009-06-09,942.4299926757812,942.4299926757812,946.9199829101562,936.1500244140625,940.3499755859375,4439950000,0.0034970597611732046,0.2403059952929557
2009-06-10,939.1500244140625,939.1500244140625,949.77001953125,927.969970703125,942.72998046875,5379420000,-0.0034864013799680293,0.2408263579548155
2009-06-11,944.8900146484375,944.8900146484375,956.22998046875,939.0399780273438,939.0399780273438,5500840000,0.006093297249543106,0.21678870027839478
2009-06-12,946.2100219726562,946.2100219726562,946.2999877929688,935.6599731445312,943.4400024414062,4528120000,0.00139602084821977,0.2153690757537572
2009-06-15,923.719970703125,923.719970703125,942.4500122070312,919.6500244140625,942.4500122070312,4697880000,-0.02405559125359691,0.2298526786730019
2009-06-16,911.969970703125,911.969970703125,928.0,911.5999755859375,925.5999755859375,4951200000,-0.012801901027886586,0.21187140386727565
2009-06-17,910.7100219726562,910.7100219726562,918.4400024414062,903.780029296875,911.8900146484375,5523650000,-0.0013825234667823594,0.2118355674073311
2009-06-18,918.3699951171875,918.3699951171875,921.9299926757812,907.9400024414062,910.8599853515625,4684010000,0.00837581500488227,0.2127469442129196
2009-06-19,921.22998046875,921.22998046875,927.0900268554688,915.7999877929688,919.9600219726562,5713390000,0.003109358223242431,0.20278058493257828
2009-06-22,893.0399780273438,893.0399780273438,918.1300048828125,893.0399780273438,918.1300048828125,4903940000,-0.031078364330823227,0.23252041649184907
2009-06-23,895.0999755859375,895.0999755859375,898.6900024414062,888.8599853515625,893.4600219726562,5071020000,0.0023040684995176974,0.2132825788596452
2009-06-24,900.9400024414062,900.9400024414062,910.8499755859375,896.3099975585938,896.3099975585938,4636720000,0.006503248824326846,0.20379081967729812
2009-06-25,920.260009765625,920.260009765625,921.4199829101562,896.27001953125,899.4500122070312,4911240000,0.021217583998248024,0.21015585322634348
2009-06-26,918.9000244140625,918.9000244140625,922.0,913.030029296875,918.8400268554688,6076660000,-0.0014789203486031965,0.20503276858782712
2009-06-29,927.22998046875,927.22998046875,927.989990234375,916.1799926757812,919.8599853515625,4211760000,0.009024296841261936,0.1862837705617802
2009-06-30,919.3200073242188,919.3200073242188,930.010009765625,912.8599853515625,927.1500244140625,4627570000,-0.008567351633166354,0.18784192458634574
2009-07-01,923.3300170898438,923.3300170898438,931.9199829101562,920.8200073242188,920.8200073242188,3919400000,0.004352444623651586,0.1831075792048264
2009-07-02,896.4199829101562,896.4199829101562,921.239990234375,896.4199829101562,921.239990234375,3931000000,-0.029577684825957462,0.2034215852317165
2009-07-06,898.719970703125,898.719970703125,898.719970703125,886.3599853515625,894.27001953125,4712580000,0.002562462104256369,0.20417526128111763
2009-07-07,881.030029296875,881.030029296875,898.5999755859375,879.9299926757812,898.5999755859375,4673300000,-0.019879785362884483,0.2129788670208779
2009-07-08,879.5599975585938,879.5599975585938,886.7999877929688,869.3200073242188,881.9000244140625,5721780000,-0.0016699311679353457,0.21167991445803164
2009-07-09,882.6799926757812,882.6799926757812,887.8599853515625,878.4500122070312,881.280029296875,4347170000,0.0035409460623174738,0.21305730369544004
2009-07-10,879.1300048828125,879.1300048828125,883.5700073242188,872.8099975585938,880.030029296875,3912080000,-0.004029938077683148,0.21041548999650558
2009-07-13,901.0499877929688,901.0499877929688,901.0499877929688,875.3200073242188,879.5700073242188,4499440000,0.024627948777227182,0.23165496629176244
2009-07-14,905.8400268554688,905.8400268554688,905.8400268554688,896.5,900.77001953125,4149030000,0.005301983236098984,0.21907296576745716
2009-07-15,932.6799926757812,932.6799926757812,933.9500122070312,910.1500244140625,910.1500244140625,5238830000,0.02919943487510146,0.23789460836764337
2009-07-16,940.739990234375,940.739990234375,943.9600219726562,927.4500122070312,930.1699829101562,4898640000,0.00860463469170547,0.23907583106745992
2009-07-17,940.3800048828125,940.3800048828125,941.8900146484375,934.6500244140625,940.5599975585938,5141380000,-0.0003827351332095219,0.23787570591052634
2009-07-20,951.1300048828125,951.1300048828125,951.6199951171875,940.989990234375,942.0700073242188,4853150000,0.011366702462731304,0.24041965512952443
2009-07-21,954.5800170898438,954.5800170898438,956.530029296875,943.219970703125,951.969970703125,5309300000,0.003620714522427626,0.20890636640464544
2009-07-22,954.0700073242188,954.0700073242188,959.8300170898438,947.75,953.4000244140625,4634100000,-0.0005344193762502059,0.2093127818519229
2009-07-23,976.2899780273438,976.2899780273438,979.4199829101562,953.27001953125,954.0700073242188,5761650000,0.023022599224312934,0.22013076045294458
2009-07-24,979.260009765625,979.260009765625,979.7899780273438,965.9500122070312,972.1599731445312,4458300000,0.0030375434434768422,0.2110287726460259
2009-07-27,982.1799926757812,982.1799926757812,982.489990234375,972.2899780273438,978.6300048828125,4631290000,0.00297738912597012,0.21037074864139232
2009-07-28,979.6199951171875,979.6199951171875,982.3499755859375,969.3499755859375,981.47998046875,5490350000,-0.002609847107349239,0.2102535001371154
2009-07-29,975.1500244140625,975.1500244140625,977.760009765625,968.6500244140625,977.6599731445312,5178770000,-0.004573406026934457,0.20798701469964606
2009-07-30,986.75,986.75,996.6799926757812,976.010009765625,976.010009765625,6035180000,0.011825384188157706,0.21021791283875535
2009-07-31,987.47998046875,987.47998046875,993.1799926757812,982.8499755859375,986.7999877929688,5139070000,0.0007395090837833962,0.1733748185208652
2009-08-03,1002.6300048828125,1002.6300048828125,1003.6099853515625,990.219970703125,990.219970703125,5603440000,0.015225607827280996,0.17678329887100197
2009-08-04,1005.6500244140625,1005.6500244140625,1007.1199951171875,996.6799926757812,1001.4099731445312,5713700000,0.0030075704221061983,0.15133247374132203
2009-08-05,1002.719970703125,1002.719970703125,1006.6400146484375,994.3099975585938,1005.4099731445312,7242120000,-0.0029178446171664874,0.15225207524495632
2009-08-06,997.0800170898438,997.0800170898438,1008.0,992.489990234375,1004.0599975585938,6753380000,-0.005640532654179076,0.15775471637109476
2009-08-07,1010.47998046875,1010.47998046875,1018.0,999.8300170898438,999.8300170898438,6827090000,0.013349700532252484,0.15513999346140994
2009-08-10,1007.0999755859375,1007.0999755859375,1010.1199951171875,1000.989990234375,1008.8900146484375,5406080000,-0.0033505567248806045,0.14485596375026746
2009-08-11,994.3499755859375,994.3499755859375,1005.77001953125,992.4000244140625,1005.77001953125,5773160000,-0.012740935609429904,0.15811053351306434
2009-08-12,1005.8099975585938,1005.8099975585938,1012.780029296875,993.3599853515625,994.0,5498170000,0.011459230792872255,0.13340254348114075
2009-08-13,1012.72998046875,1012.72998046875,1013.1400146484375,1000.8200073242188,1005.8599853515625,5250660000,0.006856450796144387,0.13274044097858861
2009-08-14,1004.0900268554688,1004.0900268554688,1012.5999755859375,994.5999755859375,1012.22998046875,4940750000,-0.008567949977279277,0.13878552536030578
2009-08-17,979.72998046875,979.72998046875,998.1799926757812,978.510009765625,998.1799926757812,4088570000,-0.024559960849173557,0.16549307760608586
2009-08-18,989.6699829101562,989.6699829101562,991.2000122070312,980.6199951171875,980.6199951171875,4198970000,0.010094533393885996,0.168043589491576
2009-08-19,996.4600219726562,996.4600219726562,999.6099853515625,980.6199951171875,986.8800048828125,4257000000,0.006837483447019288,0.16868478864860903
2009-08-20,1007.3699951171875,1007.3699951171875,1008.9199829101562,996.3900146484375,996.4099731445312,4893160000,0.01088922798411307,0.1544084043537818
2009-08-21,1026.1300048828125,1026.1300048828125,1027.5899658203125,1009.0599975585938,1009.0599975585938,5885550000,0.01845147972542094,0.1650973440667962
2009-08-24,1025.5699462890625,1025.5699462890625,1035.8199462890625,1022.47998046875,1026.5899658203125,6302450000,-0.0005459459189838256,0.16537510098050695
2009-08-25,1028.0,1028.0,1037.75,1026.2099609375,1026.6300048828125,5768740000,0.00236666381836681,0.16445974751707515
2009-08-26,1028.1199951171875,1028.1199951171875,1032.469970703125,1021.5700073242188,1027.3499755859375,5080060000,0.00011671995565354365,0.16274183639171258
2009-08-27,1030.97998046875,1030.97998046875,1033.3299560546875,1016.2000122070312,1027.81005859375,5785880000,0.002777900271591527,0.15928461752364295
2009-08-28,1028.9300537109375,1028.9300537109375,1039.469970703125,1023.1300048828125,1031.6199951171875,5785780000,-0.0019903077323775165,0.159877253563911
2009-08-31,1020.6199951171875,1020.6199951171875,1025.2099609375,1014.6199951171875,1025.2099609375,5004560000,-0.0081091985403825,0.15599454390627723
2009-09-01,998.0399780273438,998.0399780273438,1028.449951171875,996.280029296875,1019.52001953125,6862360000,-0.02237222631680602,0.17518483377296656
2009-09-02,994.75,994.75,1000.3400268554688,991.969970703125,996.0700073242188,5842730000,-0.0033018843457508495,0.17525996135955435
2009-09-03,1003.239990234375,1003.239990234375,1003.4299926757812,992.25,996.1199951171875,4624280000,0.00849858245094115,0.1767524978276576
2009-09-04,1016.4000244140625,1016.4000244140625,1016.47998046875,1001.6500244140625,1003.8400268554688,4097370000,0.013032243708162028,0.17646053087781302
2009-09-08,1025.3900146484375,1025.3900146484375,1026.0699462890625,1018.6699829101562,1018.6699829101562,5235160000,0.008806045829839348,0.1783013557624907
2009-09-09,1033.3699951171875,1033.3699951171875,1036.3399658203125,1023.969970703125,1025.3599853515625,5202550000,0.007752259025442854,0.17255117028407255
2009-09-10,1044.1400146484375,1044.1400146484375,1044.1400146484375,1028.0400390625,1032.989990234375,5191380000,0.01036829277665774,0.17183139671172049
2009-09-11,1042.72998046875,1042.72998046875,1048.1800537109375,1038.4000244140625,1043.9200439453125,4922600000,-0.0013513389885906335,0.1711754854196759
2009-09-14,1049.3399658203125,1049.3399658203125,1049.739990234375,1035.0,1040.1500244140625,4979610000,0.0063191074071058395,0.1679047534760424
2009-09-15,1052.6300048828125,1052.6300048828125,1056.0400390625,1043.4200439453125,1049.030029296875,6185620000,0.003130436490645039,0.13672700289642847
2009-09-16,1068.760009765625,1068.760009765625,1068.760009765625,1052.8699951171875,1053.989990234375,6793530000,0.015207308062442415,0.14087378766130504
2009-09-17,1065.489990234375,1065.489990234375,1074.77001953125,1061.199951171875,1067.8699951171875,6668110000,-0.003064329005571409,0.14238018796051286
2009-09-18,1068.300048828125,1068.300048828125,1071.52001953125,1064.27001953125,1066.5999755859375,5607970000,0.002633867594107109,0.13971135935859094
2009-09-21,1064.6600341796875,1064.6600341796875,1067.280029296875,1057.4599609375,1067.1400146484375,4615280000,-0.00341311420788859,0.12920125611705416
2009-09-22,1071.6600341796875,1071.6600341796875,1073.81005859375,1066.3499755859375,1066.3499755859375,5246600000,0.006553348588267838,0.12988015614021814
2009-09-23,1060.8699951171875,1060.8699951171875,1080.1500244140625,1060.3900146484375,1072.68994140625,5531930000,-0.01011955845312329,0.13668204758404
2009-09-24,1050.780029296875,1050.780029296875,1066.2900390625,1045.8499755859375,1062.56005859375,5505610000,-0.00955654819177365,0.14197607182245375
2009-09-25,1044.3800048828125,1044.3800048828125,1053.469970703125,1041.1700439453125,1049.47998046875,4507090000,-0.006109360827818655,0.14396050114346412
2009-09-28,1062.97998046875,1062.97998046875,1065.1300048828125,1045.3800048828125,1045.3800048828125,3726950000,0.017652853549567027,0.15504341630780982
2009-09-29,1060.6099853515625,1060.6099853515625,1069.6199951171875,1057.8299560546875,1063.68994140625,4949900000,-0.0022320656428957975,0.1516898849621794
2009-09-30,1057.0799560546875,1057.0799560546875,1063.4000244140625,1046.469970703125,1061.02001953125,5998860000,-0.003333852135212645,0.12527186746005398
2009-10-01,1029.8499755859375,1029.8499755859375,1054.9100341796875,1029.449951171875,1054.9100341796875,5791450000,-0.02609721149328159,0.15956328765483574
2009-10-02,1025.2099609375,1025.2099609375,1030.5999755859375,1019.9500122070312,1029.7099609375,5583240000,-0.004515705309363405,0.15896307525779282
2009-10-05,1040.4599609375,1040.4599609375,1042.5799560546875,1025.9200439453125,1026.8699951171875,4313310000,0.014765453960325026,0.16070817477975882
2009-10-06,1054.719970703125,1054.719970703125,1060.550048828125,1042.02001953125,1042.02001953125,5029840000,0.013612415569053127,0.1644036052048212
2009-10-07,1057.5799560546875,1057.5799560546875,1058.02001953125,1050.0999755859375,1053.6500244140625,4238220000,0.0027079365605269246,0.1628709004170706
2009-10-08,1065.47998046875,1065.47998046875,1070.6700439453125,1060.030029296875,1060.030029296875,4988400000,0.007442145876693118,0.16109083424169823
2009-10-09,1071.489990234375,1071.489990234375,1071.510009765625,1063.0,1065.280029296875,3763780000,0.005624810543572778,0.16160877587357358
2009-10-12,1076.18994140625,1076.18994140625,1079.4599609375,1071.6300048828125,1071.6300048828125,3710430000,0.004376777568566581,0.16099640502187232
2009-10-13,1073.18994140625,1073.18994140625,1075.300048828125,1066.7099609375,1074.9599609375,4320480000,-0.002791504630812902,0.1614341408989524
2009-10-14,1092.02001953125,1092.02001953125,1093.1700439453125,1078.6800537109375,1078.6800537109375,5406420000,0.017393743058258693,0.16402075814619374
2009-10-15,1096.56005859375,1096.56005859375,1096.56005859375,1086.4100341796875,1090.3599853515625,5369780000,0.004148850316393116,0.16362432422191456
2009-10-16,1087.6800537109375,1087.6800537109375,1094.6700439453125,1081.530029296875,1094.6700439453125,4894740000,-0.008131023468329168,0.16683944828621414
2009-10-19,1097.9100341796875,1097.9100341796875,1100.1700439453125,1086.47998046875,1088.219970703125,4619240000,0.009361366739514487,0.1685248872297576
2009-10-20,1091.06005859375,1091.06005859375,1098.6400146484375,1086.1600341796875,1098.6400146484375,5396930000,-0.006258649187024901,0.16954674392328195
2009-10-21,1081.4000244140625,1081.4000244140625,1101.3599853515625,1080.77001953125,1090.3599853515625,5616290000,-0.008893233917182108,0.16859314783417603
2009-10-22,1092.9100341796875,1092.9100341796875,1095.2099609375,1074.31005859375,1080.9599609375,5192410000,0.010587374358508761,0.16716207069318517
2009-10-23,1079.5999755859375,1079.5999755859375,1095.8299560546875,1075.489990234375,1095.6199951171875,4767460000,-0.01225331535289964,0.17217788475897475
2009-10-26,1066.949951171875,1066.949951171875,1091.75,1065.22998046875,1080.3599853515625,6363380000,-0.011786514446439078,0.1677899610968172
2009-10-27,1063.4100341796875,1063.4100341796875,1072.47998046875,1060.6199951171875,1067.5400390625,5337380000,-0.003323307116675167,0.16803044609826984
2009-10-28,1042.6300048828125,1042.6300048828125,1063.260009765625,1042.18994140625,1061.510009765625,6600350000,-0.0197343861452417,0.18134562181816766
2009-10-29,1066.1099853515625,1066.1099853515625,1066.8299560546875,1043.68994140625,1043.68994140625,5595040000,0.0222701243339678,0.17297078715710917
2009-10-30,1036.18994140625,1036.18994140625,1065.4100341796875,1033.3800048828125,1065.4100341796875,6512420000,-0.028466028015250444,0.20138218717797163
2009-11-02,1042.8800048828125,1042.8800048828125,1052.1800537109375,1029.3800048828125,1036.1800537109375,6202640000,0.006435653191021018,0.1959533344470087
2009-11-03,1045.4100341796875,1045.4100341796875,1046.3599853515625,1033.93994140625,1040.9200439453125,5487500000,0.002423064313306078,0.18997581752202755
2009-11-04,1046.5,1046.5,1061.0,1045.1500244140625,1047.1400146484375,5635510000,0.0010420772415047352,0.18971489391295082
2009-11-05,1066.6300048828125,1066.6300048828125,1066.6500244140625,1047.300048828125,1047.300048828125,4848350000,0.0190528872206146,0.19984241013296616
2009-11-06,1069.300048828125,1069.300048828125,1071.47998046875,1059.3199462890625,1064.949951171875,4277130000,0.002500124319576358,0.19903566968955064
2009-11-09,1093.0799560546875,1093.0799560546875,1093.18994140625,1072.31005859375,1072.31005859375,4460030000,0.021995084915274354,0.21288346063230326
2009-11-10,1093.010009765625,1093.010009765625,1096.4200439453125,1087.4000244140625,1091.8599853515625,4394770000,-6.3992141384972e-05,0.21251595249745495
2009-11-11,1098.510009765625,1098.510009765625,1105.3699951171875,1093.81005859375,1096.0400390625,4286700000,0.005019357795690738,0.204590564130228
2009-11-12,1087.239990234375,1087.239990234375,1101.969970703125,1084.9000244140625,1098.31005859375,4160250000,-0.010312359059077458,0.20725969045801426
2009-11-13,1093.47998046875,1093.47998046875,1097.7900390625,1085.3299560546875,1087.5899658203125,3792610000,0.005722887256427001,0.20631116986137701
2009-11-16,1109.300048828125,1109.300048828125,1113.68994140625,1094.1300048828125,1094.1300048828125,4565850000,0.014363976568498416,0.20978676536240531
2009-11-17,1110.3199462890625,1110.3199462890625,1110.52001953125,1102.18994140625,1109.219970703125,3824070000,0.0009189839116237053,0.20833094118479176
2009-11-18,1109.800048828125,1109.800048828125,1111.0999755859375,1102.699951171875,1109.43994140625,4293340000,-0.00046835078426799015,0.20537172869138864
2009-11-19,1094.9000244140625,1094.9000244140625,1106.43994140625,1088.4000244140625,1106.43994140625,4178030000,-0.013516805711666358,0.20853906077004264
2009-11-20,1091.3800048828125,1091.3800048828125,1094.6600341796875,1086.81005859375,1094.6600341796875,3751230000,-0.0032201022062015028,0.20409621787449292
2009-11-23,1106.239990234375,1106.239990234375,1112.3800048828125,1094.8599853515625,1094.8599853515625,3827920000,0.013523913934335496,0.20361645027645373
2009-11-24,1105.6500244140625,1105.6500244140625,1107.56005859375,1097.6300048828125,1105.8299560546875,3700820000,-0.0005334495209039503,0.202958275530231
2009-11-25,1110.6300048828125,1110.6300048828125,1111.1800537109375,1104.75,1106.489990234375,3036350000,0.004494006880236157,0.18703089403363068
2009-11-27,1091.489990234375,1091.489990234375,1105.469970703125,1083.739990234375,1105.469970703125,2362910000,-0.017383699967933985,0.18629345028124364
2009-11-30,1095.6300048828125,1095.6300048828125,1097.239990234375,1086.25,1091.0699462890625,3895520000,0.003785818430064758,0.15186992500696087
2009-12-01,1108.8599853515625,1108.8599853515625,1112.280029296875,1098.8900146484375,1098.8900146484375,4249310000,0.012002902588402087,0.1547484669437307
2009-12-02,1109.239990234375,1109.239990234375,1115.5799560546875,1105.2900390625,1109.030029296875,3941340000,0.00034263999883954455,0.15502474693195184
2009-12-03,1099.9200439453125,1099.9200439453125,1117.280029296875,1098.739990234375,1110.5899658203125,4810030000,-0.008437597492033433,0.15989778779229757
2009-12-04,1105.97998046875,1105.97998046875,1119.1300048828125,1096.52001953125,1100.4300537109375,5781140000,0.005494312254292311,0.14868903499149314
2009-12-07,1103.25,1103.25,1110.719970703125,1100.8299560546875,1105.52001953125,4103360000,-0.0024714329268036295,0.14939208953812966
2009-12-08,1091.93994140625,1091.93994140625,1103.0400390625,1088.6099853515625,1103.0400390625,4748030000,-0.010304492069515447,0.13481472341812345
2009-12-09,1095.949951171875,1095.949951171875,1097.0400390625,1085.8900146484375,1091.0699462890625,4115410000,0.003665645395977357,0.135426747575575
2009-12-10,1102.3499755859375,1102.3499755859375,1106.25,1098.68994140625,1098.68994140625,3996490000,0.005822720019583727,0.13581982843787455
2009-12-11,1106.4100341796875,1106.4100341796875,1108.5,1101.3399658203125,1103.9599609375,3791090000,0.003676328028912934,0.13073863228540503
2009-12-14,1114.1099853515625,1114.1099853515625,1114.760009765625,1107.8399658203125,1107.8399658203125,4548490000,0.006935296207216446,0.1313709803066702
2009-12-15,1107.9300537109375,1107.9300537109375,1114.1099853515625,1105.3499755859375,1114.1099853515625,5045100000,-0.005562408837016086,0.12356223022127484
2009-12-16,1109.1800537109375,1109.1800537109375,1116.2099609375,1107.9599609375,1108.6099853515625,4829820000,0.0011275940949078134,0.12358519955212614
2009-12-17,1096.0799560546875,1096.0799560546875,1106.3599853515625,1095.8800048828125,1106.3599853515625,7615070000,-0.011880913538032445,0.13020091738922662
2009-12-18,1102.469970703125,1102.469970703125,1103.739990234375,1093.8800048828125,1097.8599853515625,6325890000,0.005812952040881392,0.12305913191552553
2009-12-21,1114.050048828125,1114.050048828125,1117.6800537109375,1105.31005859375,1105.31005859375,3977340000,0.010448977120225855,0.12709131793144893
2009-12-22,1118.02001953125,1118.02001953125,1120.27001953125,1114.510009765625,1114.510009765625,3641130000,0.0035572134993948623,0.11917528657394946
2009-12-23,1120.5899658203125,1120.5899658203125,1121.5799560546875,1116.0,1118.8399658203125,3166870000,0.00229602068683743,0.11925929672831058
2009-12-24,1126.47998046875,1126.47998046875,1126.47998046875,1121.0799560546875,1121.0799560546875,1267710000,0.005242407471723887,0.11958922720156145
2009-12-28,1127.780029296875,1127.780029296875,1130.3800048828125,1123.510009765625,1127.530029296875,2716400000,0.001153415281841319,0.09981612233169952
2009-12-29,1126.199951171875,1126.199951171875,1130.3800048828125,1126.0799560546875,1128.550048828125,2491020000,-0.00140203408860895,0.10002139842115151
2009-12-30,1126.4200439453125,1126.4200439453125,1126.4200439453125,1121.93994140625,1125.530029296875,2277300000,0.00019541047723503624,0.09225546700089911
2009-12-31,1115.0999755859375,1115.0999755859375,1127.6400146484375,1114.81005859375,1126.5999755859375,2076990000,-0.010100435863962254,0.09966476789355024
2010-01-04,1132.989990234375,1132.989990234375,1133.8699951171875,1116.56005859375,1116.56005859375,3991400000,0.015916082167126255,0.10813209772249124
2010-01-05,1136.52001953125,1136.52001953125,1136.6300048828125,1129.6600341796875,1132.6600341796875,2491020000,0.003110831966759875,0.10732895905740905
2010-01-06,1137.1400146484375,1137.1400146484375,1139.18994140625,1133.949951171875,1135.7099609375,4972660000,0.0005453718878234426,0.10647543362579924
2010-01-07,1141.68994140625,1141.68994140625,1142.4599609375,1131.3199462890625,1136.27001953125,5270680000,0.003993218354654715,0.09760216335497468
2010-01-08,1144.97998046875,1144.97998046875,1145.3900146484375,1136.219970703125,1140.52001953125,4389590000,0.0028775830750955578,0.09749389446901109
2010-01-11,1146.97998046875,1146.97998046875,1149.739990234375,1142.02001953125,1145.9599609375,4255780000,0.0017452316285844205,0.09659515113422101
2010-01-12,1136.219970703125,1136.219970703125,1143.81005859375,1131.77001953125,1143.81005859375,4716160000,-0.00942544643894383,0.10405161631960472
2010-01-13,1145.6800537109375,1145.6800537109375,1148.4000244140625,1133.1800537109375,1137.31005859375,4170360000,0.008291456333360259,0.105073019079177
2010-01-14,1148.4599609375,1148.4599609375,1150.4100341796875,1143.800048828125,1145.6800537109375,3915200000,0.0024234864214136564,0.1019958419562456
2010-01-15,1136.030029296875,1136.030029296875,1147.77001953125,1131.3900146484375,1147.719970703125,4758730000,-0.010882126301208217,0.11104972989470821
2010-01-19,1150.22998046875,1150.22998046875,1150.449951171875,1135.77001953125,1136.030029296875,4724830000,0.012422151207736931,0.10673912979797757
2010-01-20,1138.0400390625,1138.0400390625,1147.949951171875,1129.25,1147.949951171875,4810560000,-0.010654386601861354,0.11501082806125376
2010-01-21,1116.47998046875,1116.47998046875,1141.5799560546875,1114.8399658203125,1138.6800537109375,6874290000,-0.019126657272988012,0.1307421886636469
2010-01-22,1091.760009765625,1091.760009765625,1115.489990234375,1090.1800537109375,1115.489990234375,6208650000,-0.022389779630108464,0.151319453630891
2010-01-25,1096.780029296875,1096.780029296875,1102.969970703125,1092.4000244140625,1092.4000244140625,4481390000,0.004587559053796042,0.15218951308819745
2010-01-26,1092.1700439453125,1092.1700439453125,1103.68994140625,1089.8599853515625,1095.800048828125,4731910000,-0.004212057847785999,0.15075393528002476
2010-01-27,1097.5,1097.5,1099.510009765625,1083.1099853515625,1091.93994140625,5319120000,0.004868282868612184,0.15213380564674714
2010-01-28,1084.530029296875,1084.530029296875,1100.219970703125,1078.4599609375,1096.9300537109375,5452400000,-0.011888125534279759,0.15643460650867175
2010-01-29,1073.8699951171875,1073.8699951171875,1096.449951171875,1071.5899658203125,1087.6099853515625,5412850000,-0.009877799049982094,0.15861350905156382
2010-02-01,1089.18994140625,1089.18994140625,1089.3800048828125,1073.8900146484375,1073.8900146484375,4077610000,0.014165305546369744,0.16580362396646253
2010-02-02,1103.3199462890625,1103.3199462890625,1104.72998046875,1087.9599609375,1090.050048828125,4749540000,0.012889520445202862,0.16216326515987017
2010-02-03,1097.280029296875,1097.280029296875,1102.719970703125,1093.969970703125,1100.6700439453125,4285450000,-0.005489350382538838,0.16192749983343635
2010-02-04,1063.1099853515625,1063.1099853515625,1097.25,1062.780029296875,1097.25,5859690000,-0.03163585604980668,0.19170293513654352
2010-02-05,1066.18994140625,1066.18994140625,1067.1300048828125,1044.5,1064.1199951171875,6438900000,0.0028929303608267176,0.19120789404911692
2010-02-08,1056.739990234375,1056.739990234375,1071.199951171875,1056.510009765625,1065.510009765625,4089820000,-0.008902803100374612,0.19066153376229283
2010-02-09,1070.52001953125,1070.52001953125,1079.280029296875,1060.06005859375,1060.06005859375,5114260000,0.012955841773586663,0.1987009239360474
2010-02-10,1068.1300048828125,1068.1300048828125,1073.6700439453125,1059.3399658203125,1069.6800537109375,4251450000,-0.0022350694280079964,0.19752994301246565
2010-02-11,1078.469970703125,1078.469970703125,1080.0400390625,1060.5899658203125,1067.0999755859375,4400870000,0.009633882335101873,0.19855646595482337
2010-02-12,1075.510009765625,1075.510009765625,1077.81005859375,1062.969970703125,1075.949951171875,4160680000,-0.002748366119941892,0.19757285335644306
2010-02-16,1094.8699951171875,1094.8699951171875,1095.6700439453125,1079.1300048828125,1079.1300048828125,4080770000,0.017840653536262074,0.20834756356555023
2010-02-17,1099.510009765625,1099.510009765625,1101.030029296875,1094.719970703125,1096.1400146484375,4259230000,0.004229004596710162,0.20314153328882295
2010-02-18,1106.75,1106.75,1108.239990234375,1097.47998046875,1099.030029296875,3878620000,0.006563157733795677,0.20290518073924263
2010-02-19,1109.1700439453125,1109.1700439453125,1112.4200439453125,1100.800048828125,1105.489990234375,3944280000,0.0021842348635905395,0.19257123738448992
2010-02-22,1108.010009765625,1108.010009765625,1112.2900390625,1105.3800048828125,1110.0,3814440000,-0.0010464051249199358,0.1751306177829514
2010-02-23,1094.5999755859375,1094.5999755859375,1108.5799560546875,1092.1800537109375,1107.489990234375,4521050000,-0.012176644945198767,0.18002442863075677
2010-02-24,1105.239990234375,1105.239990234375,1106.4200439453125,1095.5,1095.8900146484375,4168360000,0.009673519697190436,0.18242166492302736
2010-02-25,1102.93994140625,1102.93994140625,1103.5,1086.02001953125,1101.239990234375,4521130000,-0.0020832085528654787,0.18195459262024746
2010-02-26,1104.489990234375,1104.489990234375,1107.239990234375,1097.56005859375,1103.0999755859375,3945190000,0.0014043925568580917,0.17651478904320209
2010-03-01,1115.7099609375,1115.7099609375,1116.1099853515625,1105.3599853515625,1105.3599853515625,3847640000,0.010107257423602967,0.1746550885832
2010-03-02,1118.31005859375,1118.31005859375,1123.4599609375,1116.510009765625,1117.010009765625,4134680000,0.002327731002886857,0.16889707021876357
2010-03-03,1118.7900390625,1118.7900390625,1125.6400146484375,1116.5799560546875,1119.3599853515625,3951320000,0.0004291095214004059,0.16355917376298099
2010-03-04,1122.969970703125,1122.969970703125,1123.72998046875,1116.6600341796875,1119.1199951171875,3945010000,0.0037291560795713607,0.16227101215389594
2010-03-05,1138.699951171875,1138.699951171875,1139.3800048828125,1125.1199951171875,1125.1199951171875,4133000000,0.013910282801603557,0.11629486468369021
2010-03-08,1138.5,1138.5,1141.050048828125,1136.77001953125,1138.4000244140625,3774680000,-0.00017561143217648123,0.11695758786109474
2010-03-09,1140.449951171875,1140.449951171875,1145.3699951171875,1134.9000244140625,1137.56005859375,5185570000,0.0017112720239724766,0.10848382438470026
2010-03-10,1145.6099853515625,1145.6099853515625,1148.260009765625,1140.0899658203125,1140.219970703125,5469120000,0.004514354904213036,0.10332723249494973
2010-03-11,1150.239990234375,1150.239990234375,1150.239990234375,1138.989990234375,1143.9599609375,4669060000,0.004033374313506144,0.10128353064004798
2010-03-12,1149.989990234375,1149.989990234375,1153.4100341796875,1146.969970703125,1151.7099609375,4928160000,-0.0002173695700928846,0.09973801508112747
2010-03-15,1150.510009765625,1150.510009765625,1150.97998046875,1141.449951171875,1148.530029296875,4164110000,0.0004520926234361511,0.09792695323574684
2010-03-16,1159.4599609375,1159.4599609375,1160.280029296875,1150.3499755859375,1150.8299560546875,4369770000,0.007749014983159164,0.08443244025201643
2010-03-17,1166.2099609375,1166.2099609375,1169.8399658203125,1159.93994140625,1159.93994140625,4963200000,0.005804795332563728,0.08492754107778482
2010-03-18,1165.8299560546875,1165.8299560546875,1167.77001953125,1161.1600341796875,1166.1300048828125,4234510000,-0.00032589912668878895,0.08457303074057834
2010-03-19,1159.9000244140625,1159.9000244140625,1169.199951171875,1155.3299560546875,1166.6800537109375,5212410000,-0.005099426451613098,0.08867913860375644
2010-03-22,1165.81005859375,1165.81005859375,1167.8199462890625,1152.8800048828125,1157.25,4261680000,0.005082359099180422,0.08835518875103075
2010-03-23,1174.1700439453125,1174.1700439453125,1174.719970703125,1163.8299560546875,1166.469970703125,4411640000,0.007145377784800289,0.0714740540654494
2010-03-24,1167.719970703125,1167.719970703125,1173.0400390625,1166.010009765625,1172.699951171875,4705750000,-0.005508447887288881,0.07422218616770598
2010-03-25,1165.72998046875,1165.72998046875,1180.68994140625,1165.0899658203125,1170.030029296875,5668900000,-0.0017056210833281682,0.07392330493182497
2010-03-26,1166.5899658203125,1166.5899658203125,1173.9300537109375,1161.47998046875,1167.5799560546875,4708420000,0.0007374506159880667,0.07411413061725605
2010-03-29,1173.219970703125,1173.219970703125,1174.8499755859375,1167.7099609375,1167.7099609375,4375580000,0.005667146312798188,0.07002861692564324
2010-03-30,1173.27001953125,1173.27001953125,1177.8299560546875,1168.9200439453125,1173.75,4085000000,4.265846293094455e-05,0.07054913894329845
2010-03-31,1169.4300537109375,1169.4300537109375,1174.56005859375,1165.77001953125,1171.75,4484340000,-0.0032782423180330866,0.07297754000513021
2010-04-01,1178.0999755859375,1178.0999755859375,1181.4300537109375,1170.68994140625,1171.22998046875,4006870000,0.007386454005524179,0.07500349795187415
2010-04-05,1187.43994140625,1187.43994140625,1187.72998046875,1178.7099609375,1178.7099609375,3881620000,0.007896729443087835,0.06567759957732396
2010-04-06,1189.43994140625,1189.43994140625,1191.800048828125,1182.77001953125,1186.010009765625,4086180000,0.0016828788753491253,0.06518067507834995
2010-04-07,1182.449951171875,1182.449951171875,1189.5999755859375,1177.25,1188.22998046875,5101430000,-0.0058940429672622585,0.07093903523039724
2010-04-08,1186.43994140625,1186.43994140625,1188.550048828125,1175.1199951171875,1181.75,4726970000,0.0033686614308550134,0.07049773316906956
2010-04-09,1194.3699951171875,1194.3699951171875,1194.6600341796875,1187.1500244140625,1187.469970703125,4511570000,0.006661668296831458,0.07213727883791222
2010-04-12,1196.47998046875,1196.47998046875,1199.199951171875,1194.7099609375,1194.93994140625,4607090000,0.0017650508571405155,0.07173513933807044
2010-04-13,1197.300048828125,1197.300048828125,1199.0400390625,1188.8199462890625,1195.93994140625,5403580000,0.0006851660398368153,0.07167703518941737
2010-04-14,1210.6500244140625,1210.6500244140625,1210.6500244140625,1198.68994140625,1198.68994140625,5760040000,0.01108836309990835,0.0758646149220477
2010-04-15,1211.6700439453125,1211.6700439453125,1213.9200439453125,1208.5,1210.77001953125,5995330000,0.0008421839911774143,0.074795990926922
2010-04-16,1192.1300048828125,1192.1300048828125,1210.1700439453125,1186.77001953125,1210.1700439453125,8108470000,-0.01625798241854781,0.09762838123364362
2010-04-19,1197.52001953125,1197.52001953125,1197.8699951171875,1183.6800537109375,1192.06005859375,6597740000,0.004511140739530184,0.09556011462631532
2010-04-20,1207.1700439453125,1207.1700439453125,1208.5799560546875,1199.0400390625,1199.0400390625,5316590000,0.008026045737071108,0.09743759127623597
2010-04-21,1205.93994140625,1205.93994140625,1210.989990234375,1198.8499755859375,1207.1600341796875,5724310000,-0.0010195164357016395,0.09581507868045884
2010-04-22,1208.6700439453125,1208.6700439453125,1210.27001953125,1190.18994140625,1202.52001953125,6035780000,0.0022613206430897037,0.09253776194509357
2010-04-23,1217.280029296875,1217.280029296875,1217.280029296875,1205.0999755859375,1207.8699951171875,5326060000,0.007098267683218751,0.0934358778559762
2010-04-26,1212.050048828125,1212.050048828125,1219.800048828125,1211.0699462890625,1217.0699462890625,5647760000,-0.004305704355092921,0.09599970406801907
2010-04-27,1183.7099609375,1183.7099609375,1211.3800048828125,1181.6199951171875,1209.9200439453125,7454540000,-0.02365964017870148,0.1293647839321103
2010-04-28,1191.3599853515625,1191.3599853515625,1195.050048828125,1181.81005859375,1184.5899658203125,6342310000,0.006441958378180956,0.13099823258845525
2010-04-29,1206.780029296875,1206.780029296875,1209.3599853515625,1193.300048828125,1193.300048828125,6059410000,0.012860180281289324,0.13650550568672387
2010-04-30,1186.68994140625,1186.68994140625,1207.989990234375,1186.3199462890625,1206.77001953125,6048260000,-0.01678781013986619,0.14861635579526597
2010-05-03,1202.260009765625,1202.260009765625,1205.1300048828125,1188.5799560546875,1188.5799560546875,4938050000,0.013035257453261728,0.1528999683416019
2010-05-04,1173.5999755859375,1173.5999755859375,1197.5,1168.1199951171875,1197.5,6594720000,-0.024127199957417744,0.1751032220111302
2010-05-05,1165.8699951171875,1165.8699951171875,1175.949951171875,1158.1500244140625,1169.239990234375,6795940000,-0.006608341800780515,0.1753889228475738
2010-05-06,1128.1500244140625,1128.1500244140625,1167.5799560546875,1065.7900390625,1164.3800048828125,10617810000,-0.03288844064396379,0.20681825683419555
2010-05-07,1110.8800048828125,1110.8800048828125,1135.1300048828125,1094.1500244140625,1127.0400390625,9472910000,-0.015426646180906722,0.20857549863539077
2010-05-10,1159.72998046875,1159.72998046875,1163.8499755859375,1122.27001953125,1122.27001953125,6893700000,0.043034704145615166,0.2636185348452144
2010-05-11,1155.7900390625,1155.7900390625,1170.47998046875,1147.7099609375,1156.3900146484375,5842550000,-0.0034030759184666692,0.2635593043199809
2010-05-12,1171.6700439453125,1171.6700439453125,1172.8699951171875,1155.4300537109375,1155.4300537109375,5225460000,0.013645992401825069,0.26527379816983276
2010-05-13,1157.43994140625,1157.43994140625,1173.5699462890625,1156.1400146484375,1170.0400390625,4870640000,-0.012219499889225105,0.26757528902975963
2010-05-14,1135.6800537109375,1135.6800537109375,1157.18994140625,1126.1400146484375,1157.18994140625,6126400000,-0.018978981387950178,0.26952359817287697
2010-05-17,1136.93994140625,1136.93994140625,1141.8800048828125,1114.9599609375,1136.52001953125,5922920000,0.0011087536210085958,0.2686759924753764
2010-05-18,1120.800048828125,1120.800048828125,1148.6600341796875,1117.199951171875,1138.780029296875,6170840000,-0.014297631784997655,0.2686572336411312
2010-05-19,1115.050048828125,1115.050048828125,1124.27001953125,1100.6600341796875,1119.5699462890625,6765800000,-0.005143468860016043,0.2685153453664695
2010-05-20,1071.5899658203125,1071.5899658203125,1107.3399658203125,1071.5799560546875,1107.3399658203125,8328570000,-0.039755795837765895,0.29443152992143956
2010-05-21,1087.68994140625,1087.68994140625,1090.1600341796875,1055.9000244140625,1067.260009765625,5452130000,0.014912632585704522,0.30000652604500877
2010-05-24,1073.6500244140625,1073.6500244140625,1089.949951171875,1072.699951171875,1084.780029296875,5224040000,-0.012992046323687667,0.3010275857163966
2010-05-25,1074.030029296875,1074.030029296875,1074.75,1040.780029296875,1067.4200439453125,7329580000,0.0003538747646523177,0.294739416960954
2010-05-26,1067.949951171875,1067.949951171875,1090.75,1065.5899658203125,1075.510009765625,4521050000,-0.005677078693651083,0.2918513526174278
2010-05-27,1103.06005859375,1103.06005859375,1103.52001953125,1074.27001953125,1074.27001953125,5698460000,0.032347311768676335,0.31420246857935163
2010-05-28,1089.4100341796875,1089.4100341796875,1102.5899658203125,1084.780029296875,1102.5899658203125,4871210000,-0.012451892345405113,0.31241779137553294
2010-06-01,1070.7099609375,1070.7099609375,1094.77001953125,1069.8900146484375,1087.300048828125,5271480000,-0.01731435332459874,0.30885297669195677
2010-06-02,1098.3800048828125,1098.3800048828125,1098.56005859375,1072.030029296875,1073.010009765625,5026360000,0.025514428108341924,0.31930163801262484
2010-06-03,1102.8299560546875,1102.8299560546875,1105.6700439453125,1091.81005859375,1098.8199462890625,4995970000,0.004043191983442718,0.32004185485799713
2010-06-04,1064.8800048828125,1064.8800048828125,1098.4300537109375,1060.5,1098.4300537109375,6180580000,-0.035017442089830375,0.3226397678584121
2010-06-07,1050.469970703125,1050.469970703125,1071.3599853515625,1049.8599853515625,1065.8399658203125,5467560000,-0.013624466165715887,0.3218163407813489
2010-06-08,1062.0,1062.0,1063.1500244140625,1042.1700439453125,1050.81005859375,6192750000,0.010916267643518829,0.2807480712119304
2010-06-09,1055.68994140625,1055.68994140625,1077.739990234375,1052.25,1062.75,5983200000,-0.005959396741888057,0.28077281284093963
2010-06-10,1086.8399658203125,1086.8399658203125,1087.8499755859375,1058.77001953125,1058.77001953125,5144780000,0.029079845666177384,0.2979156174358655
2010-06-11,1091.5999755859375,1091.5999755859375,1092.25,1077.1199951171875,1082.6500244140625,4059280000,0.004370115742617031,0.29750723275717017
2010-06-14,1089.6300048828125,1089.6300048828125,1105.9100341796875,1089.030029296875,1095.0,4425830000,-0.0018062939317564641,0.29170972498242276
2010-06-15,1115.22998046875,1115.22998046875,1115.5899658203125,1091.2099609375,1091.2099609375,4644490000,0.023222450598500366,0.3044984504090595
2010-06-16,1114.6099853515625,1114.6099853515625,1118.739990234375,1107.1300048828125,1114.02001953125,5002600000,-0.000556089354095235,0.3006032855431578
2010-06-17,1116.0400390625,1116.0400390625,1117.719970703125,1105.8699951171875,1115.97998046875,4557760000,0.0012821858123892582,0.30011421204347694
2010-06-18,1117.510009765625,1117.510009765625,1121.010009765625,1113.9300537109375,1116.1600341796875,4555360000,0.0013162641384552032,0.26280619223370105
2010-06-21,1113.199951171875,1113.199951171875,1131.22998046875,1108.239990234375,1122.7900390625,4514360000,-0.003864297943398931,0.2592754766434445
2010-06-22,1095.31005859375,1095.31005859375,1118.5,1094.1800537109375,1113.9000244140625,4514380000,-0.016201225086989623,0.26170875754252615
2010-06-23,1092.0400390625,1092.0400390625,1099.6400146484375,1085.31005859375,1095.5699462890625,4526150000,-0.0029899392610692743,0.26206801512150624
2010-06-24,1073.68994140625,1073.68994140625,1090.9300537109375,1071.5999755859375,1090.9300537109375,4814830000,-0.01694628320495095,0.2684177721084922
2010-06-25,1076.760009765625,1076.760009765625,1083.56005859375,1067.8900146484375,1075.0999755859375,5128840000,0.0028552819315450506,0.24211167210943593
2010-06-28,1074.5699462890625,1074.5699462890625,1082.5999755859375,1071.449951171875,1077.5,3896410000,-0.002036009610653977,0.2386734645913492
2010-06-29,1041.239990234375,1041.239990234375,1071.0999755859375,1035.1800537109375,1071.0999755859375,6136700000,-0.031508230342208954,0.255586330628835
2010-06-30,1030.7099609375,1030.7099609375,1048.0799560546875,1028.3299560546875,1040.56005859375,5067080000,-0.010164453973334986,0.2374174877898168
2010-07-01,1027.3699951171875,1027.3699951171875,1033.5799560546875,1010.9099731445312,1031.0999755859375,6435770000,-0.0032457133092442803,0.2359583731366154
2010-07-02,1022.5800170898438,1022.5800170898438,1032.949951171875,1015.9299926757812,1027.6500244140625,3968500000,-0.0046732717543021,0.20647266719823373
2010-07-06,1028.06005859375,1028.06005859375,1042.5,1018.3499755859375,1028.0899658203125,4691240000,0.005344725887457713,0.20345541589172572
2010-07-07,1060.27001953125,1060.27001953125,1060.8900146484375,1028.5400390625,1028.5400390625,4931220000,0.030850023008263783,0.22841985703565193
2010-07-08,1070.25,1070.25,1071.25,1058.239990234375,1062.9200439453125,4548460000,0.009368654951658506,0.22960300888607674
2010-07-09,1077.9599609375,1077.9599609375,1078.1600341796875,1068.0999755859375,1070.5,3506570000,0.007178063766628995,0.20685145109325578
2010-07-12,1078.75,1078.75,1080.780029296875,1070.449951171875,1077.22998046875,3426990000,0.0007326336059527705,0.2061739933012338
2010-07-13,1095.3399658203125,1095.3399658203125,1099.4599609375,1080.6500244140625,1080.6500244140625,4640460000,0.015261822735573638,0.21324297889106542
2010-07-14,1095.1700439453125,1095.1700439453125,1099.0799560546875,1087.6800537109375,1095.6099853515625,4521050000,-0.00015514366479330022,0.19618248201998106
2010-07-15,1096.47998046875,1096.47998046875,1098.6600341796875,1080.530029296875,1094.4599609375,4552470000,0.0011953885564128797,0.19631555931066585
2010-07-16,1064.8800048828125,1064.8800048828125,1093.8499755859375,1063.3199462890625,1093.8499755859375,5297350000,-0.029242909700749387,0.21926279146636748
2010-07-19,1071.25,1071.25,1074.699951171875,1061.1099853515625,1066.8499755859375,4089500000,0.005964069587908405,0.22082508334649004
2010-07-20,1083.47998046875,1083.47998046875,1083.93994140625,1056.8800048828125,1064.530029296875,4713280000,0.011351874168992637,0.22553036531864531
2010-07-21,1069.5899658203125,1069.5899658203125,1088.9599609375,1065.25,1086.6700439453125,4747180000,-0.012902699582285848,0.22306940289332075
2010-07-22,1093.6700439453125,1093.6700439453125,1097.5,1072.1400146484375,1072.1400146484375,4826900000,0.022263687822425382,0.23716471700132827
2010-07-23,1102.6600341796875,1102.6600341796875,1103.72998046875,1087.8800048828125,1092.1700439453125,4524570000,0.008186420184344456,0.23027793177959344
2010-07-26,1115.010009765625,1115.010009765625,1115.010009765625,1101.300048828125,1102.8900146484375,4009650000,0.011137908716730038,0.23273847592307506
2010-07-27,1113.8399658203125,1113.8399658203125,1120.949951171875,1109.780029296875,1117.3599853515625,4725690000,-0.0010499083075199422,0.23256154475374974
2010-07-28,1106.1300048828125,1106.1300048828125,1114.6600341796875,1103.1099853515625,1112.8399658203125,4002390000,-0.006946032638279753,0.20172505259623674
2010-07-29,1101.530029296875,1101.530029296875,1115.9000244140625,1092.8199462890625,1108.0699462890625,4612420000,-0.004167292220516927,0.19781442352806905
2010-07-30,1101.5999755859375,1101.5999755859375,1106.43994140625,1088.010009765625,1098.43994140625,4006450000,6.34971961988029e-05,0.19675843410047314
2010-08-02,1125.8599853515625,1125.8599853515625,1127.300048828125,1107.530029296875,1107.530029296875,4144180000,0.021783528781166517,0.2040861752811746
2010-08-03,1120.4599609375,1120.4599609375,1125.43994140625,1116.760009765625,1125.3399658203125,4071820000,-0.004807894641330357,0.20675688592456645
2010-08-04,1127.239990234375,1127.239990234375,1128.75,1119.4599609375,1121.06005859375,4057850000,0.0060328780600285015,0.1830805892005113
2010-08-05,1125.81005859375,1125.81005859375,1126.56005859375,1118.81005859375,1125.780029296875,3685560000,-0.001269329843214706,0.1821607857011566
2010-08-06,1121.6400146484375,1121.6400146484375,1123.06005859375,1107.1700439453125,1122.0699462890625,3857890000,-0.003710915566397688,0.18255557737460096
2010-08-09,1127.7900390625,1127.7900390625,1129.239990234375,1120.9100341796875,1122.800048828125,3979360000,0.005468087107406205,0.182880787339667
2010-08-10,1121.06005859375,1121.06005859375,1127.1600341796875,1111.5799560546875,1122.9200439453125,3979360000,-0.005985281603927639,0.17851525160250217
2010-08-11,1089.469970703125,1089.469970703125,1116.8900146484375,1088.550048828125,1116.8900146484375,4511860000,-0.02858340599796172,0.206116369354338
2010-08-12,1083.6099853515625,1083.6099853515625,1086.719970703125,1076.68994140625,1081.47998046875,4521050000,-0.005393266400071539,0.20678922502966318
2010-08-13,1079.25,1079.25,1086.25,1079.0,1082.219970703125,3328890000,-0.004031690712189118,0.17934982457296897
2010-08-16,1079.3800048828125,1079.3800048828125,1082.6199951171875,1069.489990234375,1077.489990234375,3142450000,0.00012045128871118749,0.17831304063137896
2010-08-17,1092.5400390625,1092.5400390625,1100.1400146484375,1081.1600341796875,1081.1600341796875,3968210000,0.012118489601347981,0.17892617389463944
2010-08-18,1094.1600341796875,1094.1600341796875,1099.77001953125,1085.760009765625,1092.0799560546875,3724260000,0.0014816804859387744,0.1722304120744764
2010-08-19,1075.6300048828125,1075.6300048828125,1092.43994140625,1070.6600341796875,1092.43994140625,4290540000,-0.017080435856896337,0.1650589950893408
2010-08-20,1071.68994140625,1071.68994140625,1075.6300048828125,1063.9100341796875,1075.6300048828125,3761570000,-0.003669753922920016,0.1619651482100062
2010-08-23,1067.3599853515625,1067.3599853515625,1081.5799560546875,1067.0799560546875,1073.3599853515625,3210950000,-0.004048490794552606,0.155517641561661
2010-08-24,1051.8699951171875,1051.8699951171875,1063.199951171875,1046.6800537109375,1063.199951171875,4436330000,-0.014618768361991386,0.16125098150707645
2010-08-25,1055.3299560546875,1055.3299560546875,1059.3800048828125,1039.8299560546875,1048.97998046875,4360190000,0.003283944691637508,0.16186962227866447
2010-08-26,1047.219970703125,1047.219970703125,1061.449951171875,1045.4000244140625,1056.280029296875,3646710000,-0.007714466580892143,0.16283356417517658
2010-08-27,1064.5899658203125,1064.5899658203125,1065.2099609375,1039.699951171875,1049.27001953125,4102460000,0.01645071040328272,0.17549759255332112
2010-08-30,1048.9200439453125,1048.9200439453125,1064.4000244140625,1048.7900390625,1062.9000244140625,2917990000,-0.014828611113085088,0.15865068830020124
2010-08-31,1049.3299560546875,1049.3299560546875,1055.1400146484375,1040.8800048828125,1046.8800048828125,4038770000,0.00039071808849211465,0.15914567284995618
2010-09-01,1080.2900390625,1080.2900390625,1081.300048828125,1049.719970703125,1049.719970703125,4396880000,0.029077736386750708,0.1925931116111877
2010-09-02,1090.0999755859375,1090.0999755859375,1090.0999755859375,1080.3900146484375,1080.6600341796875,3704210000,0.009039852986734154,0.19643604140549925
2010-09-03,1104.510009765625,1104.510009765625,1105.0999755859375,1093.6099853515625,1093.6099853515625,3534500000,0.013132393793161334,0.20271148196153457
2010-09-07,1091.8399658203125,1091.8399658203125,1102.5999755859375,1091.1500244140625,1102.5999755859375,3107380000,-0.011537491412767942,0.2046472188101281
2010-09-08,1098.8699951171875,1098.8699951171875,1103.260009765625,1092.3599853515625,1092.3599853515625,3224640000,0.006418059490902905,0.20580934176099888
2010-09-09,1104.1800537109375,1104.1800537109375,1110.27001953125,1101.1500244140625,1101.1500244140625,3387770000,0.004820652058996622,0.18026214022698062
2010-09-10,1109.550048828125,1109.550048828125,1110.8800048828125,1103.9200439453125,1104.5699462890625,3061160000,0.004851545040690297,0.17940252036069884
2010-09-13,1121.9000244140625,1121.9000244140625,1123.8699951171875,1113.3800048828125,1113.3800048828125,4521050000,0.011069126603144852,0.18146763917907102
2010-09-14,1121.0999755859375,1121.0999755859375,1127.3599853515625,1115.5799560546875,1121.1600341796875,4521050000,-0.0007133739296074637,0.18159574512076515
2010-09-15,1125.0699462890625,1125.0699462890625,1126.4599609375,1114.6300048828125,1119.4300537109375,3369840000,0.003534883802268851,0.1778982493291534
2010-09-16,1124.6600341796875,1124.6600341796875,1125.43994140625,1118.8800048828125,1123.8900146484375,3364080000,-0.0003644100558464203,0.1780109499815995
2010-09-17,1125.5899658203125,1125.5899658203125,1131.469970703125,1122.4300537109375,1126.3900146484375,4086140000,0.0008265141149328414,0.16491881022189128
2010-09-20,1142.7099609375,1142.7099609375,1144.8599853515625,1126.5699462890625,1126.5699462890625,3364080000,0.015095287889557163,0.16912825973623635
2010-09-21,1139.780029296875,1139.780029296875,1148.5899658203125,1136.219970703125,1142.8199462890625,4175660000,-0.002567313120714232,0.168403577127075
2010-09-22,1134.280029296875,1134.280029296875,1144.3800048828125,1131.5799560546875,1139.489990234375,3911070000,-0.00483717279445095,0.15840609854451398
2010-09-23,1124.8299560546875,1124.8299560546875,1136.77001953125,1122.7900390625,1131.0999755859375,3847850000,-0.00836624017784171,0.16389100020805486
2010-09-24,1148.6700439453125,1148.6700439453125,1148.9000244140625,1131.68994140625,1131.68994140625,4123950000,0.020972915547808668,0.16979064545156622
2010-09-27,1142.1600341796875,1142.1600341796875,1149.9200439453125,1142.0,1148.6400146484375,3587860000,-0.005683553181934364,0.16761901229781517
2010-09-28,1147.699951171875,1147.699951171875,1150.0,1132.0899658203125,1142.31005859375,4025840000,0.004838660735848599,0.1537335152507041
2010-09-29,1144.72998046875,1144.72998046875,1148.6300048828125,1140.260009765625,1146.75,3990280000,-0.0025911128831443975,0.15507803991146143
2010-09-30,1141.199951171875,1141.199951171875,1157.1600341796875,1136.0799560546875,1145.969970703125,4284160000,-0.003088486706455562,0.12802659915384323
2010-10-01,1146.239990234375,1146.239990234375,1150.300048828125,1139.4200439453125,1143.489990234375,4298910000,0.0044067143598951475,0.126144813865279
2010-10-04,1137.030029296875,1137.030029296875,1148.1600341796875,1131.8699951171875,1144.9599609375,3604110000,-0.008067386519721609,0.12497127917779935
2010-10-05,1160.75,1160.75,1162.760009765625,1140.6800537109375,1140.6800537109375,4068840000,0.020646722507163595,0.132221417847828
2010-10-06,1159.969970703125,1159.969970703125,1162.3299560546875,1154.8499755859375,1159.81005859375,4073160000,-0.0006722304595951911,0.13222812696658198
2010-10-07,1158.06005859375,1158.06005859375,1163.8699951171875,1151.4100341796875,1161.5699462890625,3910550000,-0.0016478755817939117,0.13281699565748725
2010-10-08,1165.1500244140625,1165.1500244140625,1167.72998046875,1155.5799560546875,1158.3599853515625,3871420000,0.006103613171283939,0.13318045540534523
2010-10-11,1165.3199462890625,1165.3199462890625,1168.6800537109375,1162.02001953125,1165.3199462890625,2505900000,0.0001458262731874882,0.12958114138203158
2010-10-12,1169.77001953125,1169.77001953125,1172.5799560546875,1155.7099609375,1164.280029296875,4076170000,0.0038114836641494065,0.12937741723313528
2010-10-13,1178.0999755859375,1178.0999755859375,1184.3800048828125,1171.3199462890625,1171.3199462890625,4969410000,0.007095785561559431,0.13044855558859847
2010-10-14,1173.81005859375,1173.81005859375,1178.8900146484375,1166.7099609375,1177.8199462890625,4969410000,-0.003648032184402794,0.1317823958692734
2010-10-15,1176.18994140625,1176.18994140625,1181.199951171875,1167.1199951171875,1177.469970703125,5724910000,0.002025432873274724,0.1316972311169536
2010-10-18,1184.7099609375,1184.7099609375,1185.530029296875,1174.550048828125,1176.8299560546875,4450050000,0.007217634690706021,0.1246065340217168
2010-10-19,1165.9000244140625,1165.9000244140625,1178.6400146484375,1159.7099609375,1178.6400146484375,5600120000,-0.01600464402905466,0.1384506828596684
2010-10-20,1178.1700439453125,1178.1700439453125,1182.93994140625,1166.739990234375,1166.739990234375,5027880000,0.010469082613678182,0.1402504088094715
2010-10-21,1180.260009765625,1180.260009765625,1189.4300537109375,1171.1700439453125,1179.8199462890625,4625470000,0.001772336952799769,0.13519650370912487
2010-10-22,1183.0799560546875,1183.0799560546875,1183.9300537109375,1178.989990234375,1180.52001953125,3177890000,0.002386408784290417,0.11711728120528184
2010-10-25,1185.6199951171875,1185.6199951171875,1196.1400146484375,1184.739990234375,1184.739990234375,4221380000,0.0021446701468814666,0.11418254657686655
2010-10-26,1185.6400146484375,1185.6400146484375,1187.1099853515625,1177.719970703125,1184.8800048828125,4203680000,1.6885142217759608e-05,0.11381957608584665
2010-10-27,1182.449951171875,1182.449951171875,1183.8399658203125,1171.699951171875,1183.8399658203125,4335670000,-0.002694209639216183,0.11386825596620943
2010-10-28,1183.780029296875,1183.780029296875,1189.530029296875,1177.0999755859375,1184.469970703125,4283460000,0.0011242172367564862,0.11259862993906077
2010-10-29,1183.260009765625,1183.260009765625,1185.4599609375,1179.699951171875,1183.8699951171875,3537880000,-0.00043938381356856127,0.11245038158006951
2010-11-01,1184.3800048828125,1184.3800048828125,1195.81005859375,1177.6500244140625,1185.7099609375,4129180000,0.0009460857172536308,0.10688378939379871
2010-11-02,1193.5699462890625,1193.5699462890625,1195.8800048828125,1187.8599853515625,1187.8599853515625,3866200000,0.007729336064693726,0.08581734305626515
2010-11-03,1197.9599609375,1197.9599609375,1198.300048828125,1183.56005859375,1193.7900390625,4665480000,0.003671306443685296,0.085815320404463
2010-11-04,1221.06005859375,1221.06005859375,1221.25,1198.3399658203125,1198.3399658203125,5695470000,0.01909930440966523,0.10398418786215122
2010-11-05,1225.8499755859375,1225.8499755859375,1227.0799560546875,1220.2900390625,1221.199951171875,5637460000,0.0039150790536108815,0.10334166303986617
2010-11-08,1223.25,1223.25,1224.5699462890625,1217.550048828125,1223.239990234375,3937230000,-0.0021232098228605167,0.10429756137567364
2010-11-09,1213.4000244140625,1213.4000244140625,1226.8399658203125,1208.93994140625,1223.5899658203125,4848040000,-0.008084894540661303,0.11025698423595204
2010-11-10,1218.7099609375,1218.7099609375,1218.75,1204.3299560546875,1213.1400146484375,4561300000,0.004366533579725385,0.10901222490682934
2010-11-11,1213.5400390625,1213.5400390625,1215.449951171875,1204.489990234375,1213.0400390625,3931120000,-0.004251149890857064,0.10940392160008396
2010-11-12,1199.2099609375,1199.2099609375,1210.5,1194.0799560546875,1209.0699462890625,4213620000,-0.011878766244753258,0.11898242668354875
2010-11-15,1197.75,1197.75,1207.4300537109375,1197.1500244140625,1200.43994140625,3503370000,-0.0012181773094548376,0.11696288210557508
2010-11-16,1178.3399658203125,1178.3399658203125,1194.7900390625,1173.0,1194.7900390625,5116380000,-0.01633815741468858,0.1175617242118721
2010-11-17,1178.5899658203125,1178.5899658203125,1183.56005859375,1175.8199462890625,1178.3299560546875,3904780000,0.0002121403759884899,0.11185360633358479
2010-11-18,1196.68994140625,1196.68994140625,1200.2900390625,1183.75,1183.75,4687260000,0.015240583543647546,0.12360418650653368
2010-11-19,1199.72998046875,1199.72998046875,1199.969970703125,1189.43994140625,1196.1199951171875,3675390000,0.0025371519119099517,0.12363133277160458
2010-11-22,1197.8399658203125,1197.8399658203125,1198.93994140625,1184.5799560546875,1198.0699462890625,3689500000,-0.0015766088850606153,0.12375328153946591
2010-11-23,1180.72998046875,1180.72998046875,1192.510009765625,1176.9100341796875,1192.510009765625,4133070000,-0.014387031590549881,0.13408316726528172
2010-11-24,1198.3499755859375,1198.3499755859375,1198.6199951171875,1183.699951171875,1183.699951171875,3384250000,0.014812715518616848,0.14335248133707945
2010-11-26,1189.4000244140625,1189.4000244140625,1194.1600341796875,1186.9300537109375,1194.1600341796875,1613820000,-0.007496591424233756,0.14608347630651622
2010-11-29,1187.760009765625,1187.760009765625,1190.3399658203125,1173.6400146484375,1189.0799560546875,3673450000,-0.001379810265237147,0.1461745304912194
2010-11-30,1180.550048828125,1180.550048828125,1187.4000244140625,1174.1400146484375,1182.9599609375,4284700000,-0.006088715610164108,0.14773387013427217
2010-12-01,1206.0699462890625,1206.0699462890625,1207.6099853515625,1186.5999755859375,1186.5999755859375,4548110000,0.021386622263129595,0.16362717134150953
2010-12-02,1221.530029296875,1221.530029296875,1221.8900146484375,1206.81005859375,1206.81005859375,4970800000,0.012737100160620685,0.1687524245448117
2010-12-03,1224.7099609375,1224.7099609375,1225.5699462890625,1216.8199462890625,1219.9300537109375,3735780000,0.002599854016351877,0.15556294951997743
2010-12-06,1223.1199951171875,1223.1199951171875,1225.800048828125,1220.6700439453125,1223.8699951171875,3527370000,-0.0012990821033005417,0.15501756370053102
2010-12-07,1223.75,1223.75,1235.050048828125,1223.25,1227.25,6970630000,0.0005149475844579143,0.15485480764222162
2010-12-08,1228.280029296875,1228.280029296875,1228.9300537109375,1219.5,1225.02001953125,4607590000,0.003694925752615319,0.1524301153234701
2010-12-09,1233.0,1233.0,1234.7099609375,1226.8499755859375,1230.1400146484375,4522510000,0.0038353835670088543,0.15227615769652872
2010-12-10,1240.4000244140625,1240.4000244140625,1240.4000244140625,1232.5799560546875,1233.8499755859375,4547310000,0.0059837037443601915,0.15229947795817397
2010-12-13,1240.4599609375,1240.4599609375,1246.72998046875,1240.3399658203125,1242.52001953125,4361240000,4.8319150458553395e-05,0.14490899500195306
2010-12-14,1241.5899658203125,1241.5899658203125,1246.5899658203125,1238.1700439453125,1241.8399658203125,4132350000,0.0009105416846804104,0.14455725884471848
2010-12-15,1235.22998046875,1235.22998046875,1244.25,1234.010009765625,1241.5799560546875,4407340000,-0.005135617015335825,0.13145059337770404
2010-12-16,1242.8699951171875,1242.8699951171875,1243.75,1232.8499755859375,1236.3399658203125,4736820000,0.006166045704273593,0.13183964708571205
2010-12-17,1243.9100341796875,1243.9100341796875,1245.81005859375,1239.8699951171875,1243.6300048828125,4632470000,0.0008364544598933321,0.12368075763646821
2010-12-20,1247.0799560546875,1247.0799560546875,1250.199951171875,1241.510009765625,1245.760009765625,3548140000,0.002545111460543481,0.1236812489619793
2010-12-21,1254.5999755859375,1254.5999755859375,1255.8199462890625,1249.4300537109375,1249.4300537109375,3479670000,0.006011993849786457,0.1237527883228851
2010-12-22,1258.8399658203125,1258.8399658203125,1259.3900146484375,1254.93994140625,1254.93994140625,1285590000,0.003373857625541987,0.10777452152762806
2010-12-23,1256.77001953125,1256.77001953125,1258.5899658203125,1254.050048828125,1257.530029296875,2515020000,-0.0016456817776040467,0.10021263667691806
2010-12-27,1257.5400390625,1257.5400390625,1258.4300537109375,1251.47998046875,1254.6600341796875,1992470000,0.0006125096248110751,0.0938691726274259
2010-12-28,1258.510009765625,1258.510009765625,1259.9000244140625,1256.219970703125,1259.0999755859375,2478450000,0.0007710265951414996,0.09295717179568766
2010-12-29,1259.780029296875,1259.780029296875,1262.5999755859375,1258.780029296875,1258.780029296875,2214380000,0.001008636510665184,0.08739330933661955
2010-12-30,1257.8800048828125,1257.8800048828125,1261.0899658203125,1256.3199462890625,1259.43994140625,1970720000,-0.0015093576964178013,0.05871012992617236
2010-12-31,1257.6400146484375,1257.6400146484375,1259.3399658203125,1254.18994140625,1256.760009765625,1799770000,-0.00019080765268331135,0.044531269922178776
2011-01-03,1271.8699951171875,1271.8699951171875,1276.1700439453125,1257.6199951171875,1257.6199951171875,4286670000,0.011251294147760937,0.05593028906754719
2011-01-04,1270.199951171875,1270.199951171875,1274.1199951171875,1262.6600341796875,1272.949951171875,4796420000,-0.0013139246526350234,0.05594097242925464
2011-01-05,1276.56005859375,1276.56005859375,1277.6300048828125,1265.3599853515625,1268.780029296875,4764920000,0.0049946760743084795,0.056697005099373074
2011-01-06,1273.8499755859375,1273.8499755859375,1278.1700439453125,1270.4300537109375,1276.2900390625,4844100000,-0.002125214370637174,0.05820588798203297
2011-01-07,1271.5,1271.5,1276.8299560546875,1261.699951171875,1274.4100341796875,4963110000,-0.0018464857690823067,0.05904234869919146
2011-01-10,1269.75,1269.75,1271.52001953125,1262.1800537109375,1270.8399658203125,4036450000,-0.001377275180819204,0.05753084822751506
2011-01-11,1274.47998046875,1274.47998046875,1277.25,1269.6199951171875,1272.5799560546875,4050750000,0.0037182062584069087,0.05802879658580599
2011-01-12,1285.9599609375,1285.9599609375,1286.8699951171875,1275.6500244140625,1275.6500244140625,4226940000,0.00896725379885055,0.06367519148740088
2011-01-13,1283.760009765625,1283.760009765625,1286.699951171875,1280.469970703125,1285.780029296875,4310840000,-0.0017122112404592826,0.060002564839416836
2011-01-14,1293.239990234375,1293.239990234375,1293.239990234375,1281.239990234375,1282.9000244140625,4661590000,0.007357410347301752,0.06119288786462338
2011-01-18,1295.02001953125,1295.02001953125,1296.06005859375,1290.1600341796875,1293.219970703125,5284990000,0.0013754642661831795,0.06109359853517999
2011-01-19,1281.9200439453125,1281.9200439453125,1294.5999755859375,1278.9200439453125,1294.52001953125,4743710000,-0.01016716579338528,0.0741380191710505
2011-01-20,1280.260009765625,1280.260009765625,1283.3499755859375,1271.260009765625,1280.8499755859375,4935320000,-0.001295798403834425,0.0726791364957857
2011-01-21,1283.3499755859375,1283.3499755859375,1291.2099609375,1282.0699462890625,1283.6300048828125,4935320000,0.0024106376042603017,0.07236049082901631
2011-01-24,1290.8399658203125,1290.8399658203125,1291.9300537109375,1282.469970703125,1283.2900390625,3902470000,0.005819315234595557,0.07356714662163005
2011-01-25,1291.1800537109375,1291.1800537109375,1291.260009765625,1281.0699462890625,1288.1700439453125,4595380000,0.0002634277736186519,0.07362038133884106
2011-01-26,1296.6300048828125,1296.6300048828125,1299.739990234375,1291.969970703125,1291.969970703125,4730980000,0.004212024148480431,0.07425692941231248
2011-01-27,1299.5400390625,1299.5400390625,1301.2900390625,1294.4100341796875,1297.510009765625,4309190000,0.0022417910607996916,0.07427834855505953
2011-01-28,1276.3399658203125,1276.3399658203125,1302.6700439453125,1275.0999755859375,1299.6300048828125,5618630000,-0.018013805424183182,0.10025871540261963
2011-01-31,1286.1199951171875,1286.1199951171875,1287.1700439453125,1276.5,1276.5,4167160000,0.007633349932881117,0.10297249993763032
2011-02-01,1307.5899658203125,1307.5899658203125,1308.8599853515625,1289.1400146484375,1289.1400146484375,5164500000,0.016555791837834732,0.11088045316592823
2011-02-02,1304.030029296875,1304.030029296875,1307.6099853515625,1302.6199951171875,1305.9100341796875,4098260000,-0.0027262302593635823,0.11141993015954273
2011-02-03,1307.0999755859375,1307.0999755859375,1308.5999755859375,1294.8299560546875,1302.77001953125,4370990000,0.002351432290127242,0.1106927296166249
2011-02-04,1310.8699951171875,1310.8699951171875,1311.0,1301.6700439453125,1307.010009765625,3925950000,0.0028801110627521,0.11016171406136677
2011-02-07,1319.050048828125,1319.050048828125,1322.8499755859375,1311.8499755859375,1311.8499755859375,3902270000,0.006220782345953246,0.11067089360887178
2011-02-08,1324.5699462890625,1324.5699462890625,1324.8699951171875,1316.030029296875,1318.760009765625,3881530000,0.0041760203758389736,0.11030663396963372
2011-02-09,1320.8800048828125,1320.8800048828125,1324.5400390625,1314.8900146484375,1322.47998046875,3922240000,-0.002789653077800658,0.11140611761533795
2011-02-10,1321.8699951171875,1321.8699951171875,1322.780029296875,1311.739990234375,1318.1300048828125,4184610000,0.000749212207498573,0.10831872353507728
2011-02-11,1329.1500244140625,1329.1500244140625,1330.7900390625,1316.0799560546875,1318.6600341796875,4219300000,0.005492261501887086,0.10859728301721858
2011-02-14,1332.3199462890625,1332.3199462890625,1332.9599609375,1326.9000244140625,1328.72998046875,3567040000,0.0023820846440685273,0.10670068728249998
2011-02-15,1328.010009765625,1328.010009765625,1330.4300537109375,1324.6099853515625,1330.4300537109375,3926860000,-0.0032401546915794555,0.10794998160008491
2011-02-16,1336.3199462890625,1336.3199462890625,1337.6099853515625,1329.510009765625,1329.510009765625,1966450000,0.006237938698851586,0.10075458472659217
2011-02-17,1340.4300537109375,1340.4300537109375,1341.5,1331.0,1334.3699951171875,1966450000,0.0030709708803797753,0.10004236055402743
2011-02-18,1343.010009765625,1343.010009765625,1344.0699462890625,1338.1199951171875,1340.3800048828125,1162310000,0.0019228727220248487,0.10004957344256399
2011-02-22,1315.43994140625,1315.43994140625,1338.9100341796875,1312.3299560546875,1338.9100341796875,1322780000,-0.0207422049204542,0.12680895914918036
2011-02-23,1307.4000244140625,1307.4000244140625,1317.9100341796875,1299.550048828125,1315.43994140625,1330340000,-0.006130715010509213,0.12914934231295747
2011-02-24,1306.0999755859375,1306.0999755859375,1310.9100341796875,1294.260009765625,1307.0899658203125,1222900000,-0.000994871961243149,0.12858191051361434
2011-02-25,1319.8800048828125,1319.8800048828125,1320.6099853515625,1307.3399658203125,1307.3399658203125,3836030000,0.010495248165325322,0.13318891278900857
2011-02-28,1327.219970703125,1327.219970703125,1329.3800048828125,1320.550048828125,1321.6099853515625,1252850000,0.005545679951232785,0.11501055600022604
2011-03-01,1306.3299560546875,1306.3299560546875,1332.0899658203125,1306.1400146484375,1328.6400146484375,1180420000,-0.015864861791058615,0.12835144439296092
2011-03-02,1308.43994140625,1308.43994140625,1314.18994140625,1302.5799560546875,1305.469970703125,1025000000,0.001613897889519933,0.11491828650003136
2011-03-03,1330.969970703125,1330.969970703125,1332.280029296875,1312.3699951171875,1312.3699951171875,4340470000,0.017072434579239015,0.12853754216545024
2011-03-04,1321.1500244140625,1321.1500244140625,1331.0799560546875,1312.5899658203125,1330.72998046875,4223740000,-0.00740538978936911,0.13166102331582338
2011-03-07,1310.1300048828125,1310.1300048828125,1327.6800537109375,1303.989990234375,1322.719970703125,3964730000,-0.008376215256269859,0.13485529806679225
2011-03-08,1321.8199462890625,1321.8199462890625,1325.739990234375,1306.8599853515625,1311.050048828125,4531420000,0.008883161530176764,0.1367115817752885
2011-03-09,1320.02001953125,1320.02001953125,1323.2099609375,1312.27001953125,1319.9200439453125,3709520000,-0.0013626313929711031,0.13597437854162409
2011-03-10,1295.1099853515625,1295.1099853515625,1315.719970703125,1294.2099609375,1315.719970703125,4723020000,-0.019051280476330312,0.15075497168099763
2011-03-11,1304.280029296875,1304.280029296875,1308.3499755859375,1291.989990234375,1293.4300537109375,3740400000,0.007055564524569569,0.15322770911446737
2011-03-14,1296.3900146484375,1296.3900146484375,1301.18994140625,1286.3699951171875,1301.18994140625,4050370000,-0.006067696956773894,0.15258844800581484
2011-03-15,1281.8699951171875,1281.8699951171875,1288.4599609375,1261.1199951171875,1288.4599609375,5201400000,-0.011263544394846114,0.15576866140873136
2011-03-16,1256.8800048828125,1256.8800048828125,1280.9100341796875,1249.050048828125,1279.4599609375,5833000000,-0.0196874819493722,0.16746617973470476
2011-03-17,1273.719970703125,1273.719970703125,1278.8800048828125,1261.6099853515625,1261.6099853515625,4134950000,0.01330926623187434,0.17391242281720756
2011-03-18,1279.2099609375,1279.2099609375,1288.8800048828125,1276.1800537109375,1276.7099609375,4685500000,0.0043009395825457375,0.17445107850428757
2011-03-21,1298.3800048828125,1298.3800048828125,1300.5799560546875,1281.6500244140625,1281.6500244140625,4223730000,0.014874667930182994,0.18393374254664294
2011-03-22,1293.77001953125,1293.77001953125,1299.3499755859375,1292.699951171875,1298.2900390625,3576550000,-0.003556885341038374,0.1706334047274632
2011-03-23,1297.5400390625,1297.5400390625,1300.510009765625,1284.050048828125,1292.18994140625,3842350000,0.00290974225850249,0.1699605277716805
2011-03-24,1309.6600341796875,1309.6600341796875,1311.3399658203125,1297.739990234375,1300.6099853515625,4223740000,0.00929739343547542,0.17318980848514326
2011-03-25,1313.800048828125,1313.800048828125,1319.1800537109375,1310.1500244140625,1311.800048828125,4223740000,0.0031561510021891337,0.1694802847167792
2011-03-28,1310.18994140625,1310.18994140625,1319.739990234375,1310.18994140625,1315.449951171875,3215170000,-0.0027516184993912063,0.16834434003936716
2011-03-29,1319.43994140625,1319.43994140625,1319.449951171875,1305.260009765625,1309.3699951171875,3482580000,0.007035239607302124,0.16073070179910062
2011-03-30,1328.260009765625,1328.260009765625,1331.739990234375,1321.8900146484375,1321.8900146484375,3809570000,0.0066624626262346,0.16211494428776047
2011-03-31,1325.8299560546875,1325.8299560546875,1329.77001953125,1325.030029296875,1327.43994140625,3566270000,-0.0018311771049752679,0.15094361511934012
2011-04-01,1332.4100341796875,1332.4100341796875,1337.8499755859375,1328.8900146484375,1329.47998046875,4223740000,0.00495071294445637,0.1495522323548996
2011-04-04,1332.8699951171875,1332.8699951171875,1336.739990234375,1329.0999755859375,1333.56005859375,4223740000,0.0003451501808520163,0.14608957255948624
2011-04-05,1332.6300048828125,1332.6300048828125,1338.2099609375,1330.030029296875,1332.030029296875,3852280000,-0.0001800714575308504,0.14315397460776907
2011-04-06,1335.5400390625,1335.5400390625,1339.3800048828125,1331.0899658203125,1335.93994140625,4223740000,0.0021812967581533727,0.143126987111161
2011-04-07,1333.510009765625,1333.510009765625,1338.800048828125,1326.56005859375,1334.8199462890625,4005600000,-0.001521162699225087,0.12445689753565023
2011-04-08,1328.1700439453125,1328.1700439453125,1339.4599609375,1322.93994140625,1336.1600341796875,3582810000,-0.004012483000974676,0.12407837407271802
2011-04-11,1324.4599609375,1324.4599609375,1333.77001953125,1321.06005859375,1329.010009765625,3478970000,-0.0027972882914015784,0.12226450524515535
2011-04-12,1314.1600341796875,1314.1600341796875,1321.9599609375,1309.510009765625,1321.9599609375,4275490000,-0.0078070954457247765,0.1183944246128252
2011-04-13,1314.4100341796875,1314.4100341796875,1321.3499755859375,1309.18994140625,1314.030029296875,3850860000,0.00019021749031011836,0.09089532896894921
2011-04-14,1314.52001953125,1314.52001953125,1316.7900390625,1302.4200439453125,1311.1300048828125,3872630000,8.36730908613248e-05,0.08164402635572067
2011-04-15,1319.6800537109375,1319.6800537109375,1322.8800048828125,1313.6800537109375,1314.5400390625,4223740000,0.00391772882556829,0.08149352798804473
2011-04-18,1305.1400146484375,1305.1400146484375,1313.3499755859375,1294.699951171875,1313.3499755859375,4223740000,-0.011078997728578344,0.07742178040323137
2011-04-19,1312.6199951171875,1312.6199951171875,1312.699951171875,1303.969970703125,1305.989990234375,3886300000,0.0057148102180946125,0.07830328441804295
2011-04-20,1330.3599853515625,1330.3599853515625,1332.6600341796875,1319.1199951171875,1319.1199951171875,4236280000,0.01342443513234759,0.08963343343490998
2011-04-21,1337.3800048828125,1337.3800048828125,1337.489990234375,1332.8299560546875,1333.22998046875,3587240000,0.005262908499656049,0.08608550086301456
2011-04-25,1335.25,1335.25,1337.550048828125,1331.469970703125,1337.1400146484375,2142130000,-0.001593939550096124,0.0861879108302425
2011-04-26,1347.239990234375,1347.239990234375,1349.550048828125,1336.75,1336.75,3908060000,0.008939507790192813,0.08952770591227828
2011-04-27,1355.6600341796875,1355.6600341796875,1357.489990234375,1344.25,1348.4300537109375,4051570000,0.006230397799829035,0.08893005257028755
2011-04-28,1360.47998046875,1360.47998046875,1361.7099609375,1353.5999755859375,1353.8599853515625,4036820000,0.003549118471434909,0.08722442590105786
2011-04-29,1363.6099853515625,1363.6099853515625,1364.56005859375,1358.68994140625,1360.1400146484375,3479070000,0.002298019742020152,0.08658492107704903
2011-05-02,1361.219970703125,1361.219970703125,1370.5799560546875,1358.5899658203125,1365.2099609375,3846250000,-0.0017542491090454249,0.08623195841033457
2011-05-03,1356.6199951171875,1356.6199951171875,1360.8399658203125,1349.52001953125,1359.760009765625,4223740000,-0.0033850263710526463,0.08758197490918587
2011-05-04,1347.3199462890625,1347.3199462890625,1355.9000244140625,1341.5,1355.9000244140625,4223740000,-0.006878914252832047,0.09158178427034046
2011-05-05,1335.0999755859375,1335.0999755859375,1348.0,1329.1700439453125,1344.1600341796875,3846250000,-0.00911121718069463,0.09720545586732257
2011-05-06,1340.199951171875,1340.199951171875,1354.3599853515625,1335.5799560546875,1340.239990234375,4223740000,0.0038126429958769137,0.09791421452743242
2011-05-09,1346.2900390625,1346.2900390625,1349.43994140625,1338.6400146484375,1340.199951171875,4265250000,0.004533870101931292,0.09769050826201053
2011-05-10,1357.1600341796875,1357.1600341796875,1359.43994140625,1348.3399658203125,1348.3399658203125,4223740000,0.008041616009663244,0.10000289924969051
2011-05-11,1342.0799560546875,1342.0799560546875,1354.510009765625,1336.3599853515625,1354.510009765625,3846250000,-0.01117368968788579,0.10441285893547134
2011-05-12,1348.6500244140625,1348.6500244140625,1351.050048828125,1332.030029296875,1339.3900146484375,3777210000,0.00488349367216756,0.1051849986951696
2011-05-13,1337.77001953125,1337.77001953125,1350.469970703125,1333.3599853515625,1348.68994140625,3426660000,-0.008100047045425107,0.1100612117311531
2011-05-16,1329.469970703125,1329.469970703125,1343.3299560546875,1327.3199462890625,1334.77001953125,3846250000,-0.00622371863809601,0.11210429888449358
2011-05-17,1328.97998046875,1328.97998046875,1330.4200439453125,1318.510009765625,1326.0999755859375,4053970000,-0.00036862852333019447,0.1041657253040268
2011-05-18,1340.6800537109375,1340.6800537109375,1341.8199462890625,1326.5899658203125,1328.5400390625,3922030000,0.008765271983703471,0.10645006158864839
2011-05-19,1343.5999755859375,1343.5999755859375,1346.8199462890625,1336.3599853515625,1342.4000244140625,3626110000,0.0021755725891674516,0.09664686766293624
2011-05-20,1333.27001953125,1333.27001953125,1342.0,1330.6700439453125,1342.0,4066020000,-0.007717974612614142,0.09898475050611139
2011-05-23,1317.3699951171875,1317.3699951171875,1333.0699462890625,1312.8800048828125,1333.0699462890625,3255580000,-0.011997264840988286,0.10710280907330386
2011-05-24,1316.280029296875,1316.280029296875,1323.719970703125,1313.8699951171875,1317.699951171875,3846250000,-0.0008277226453321518,0.10122601993991198
2011-05-25,1320.469970703125,1320.469970703125,1325.8599853515625,1311.800048828125,1316.3599853515625,4109670000,0.003178113156669937,0.09894234242609501
2011-05-26,1325.68994140625,1325.68994140625,1328.510009765625,1314.4100341796875,1320.6400146484375,3259470000,0.003945322767698656,0.0991969332635982
2011-05-27,1331.0999755859375,1331.0999755859375,1334.6199951171875,1325.68994140625,1325.68994140625,3124560000,0.004072615318766459,0.1001918991259281
2011-05-31,1345.199951171875,1345.199951171875,1345.199951171875,1331.0999755859375,1331.0999755859375,4696240000,0.010537014856367932,0.10806074999059156
2011-06-01,1314.550048828125,1314.550048828125,1345.199951171875,1313.7099609375,1345.199951171875,4241090000,-0.02304822570064058,0.13300088761857493
2011-06-02,1312.93994140625,1312.93994140625,1318.030029296875,1305.6099853515625,1314.550048828125,3762170000,-0.001225586114047772,0.13159101756783478
2011-06-03,1300.1600341796875,1300.1600341796875,1312.93994140625,1297.9000244140625,1312.93994140625,3505030000,-0.009781492665191571,0.13211222649306037
2011-06-06,1286.1700439453125,1286.1700439453125,1300.260009765625,1284.719970703125,1300.260009765625,3555980000,-0.010818516013721968,0.1346159181185922
2011-06-07,1284.93994140625,1284.93994140625,1296.219970703125,1284.739990234375,1286.31005859375,3846250000,-0.0009568650426681202,0.13255298646376631
2011-06-08,1279.56005859375,1279.56005859375,1287.0400390625,1277.4200439453125,1284.6300048828125,3970810000,-0.004195664421607681,0.12713690627658944
2011-06-09,1289.0,1289.0,1294.5400390625,1279.6300048828125,1279.6300048828125,3332510000,0.0073504093289917805,0.12817753134822435
2011-06-10,1270.97998046875,1270.97998046875,1288.5999755859375,1268.280029296875,1288.5999755859375,3846250000,-0.0140784828818461,0.13204429257058364
2011-06-13,1271.8299560546875,1271.8299560546875,1277.0400390625,1265.6400146484375,1271.31005859375,4132520000,0.0006685325595015001,0.13123085618675287
2011-06-14,1287.8699951171875,1287.8699951171875,1292.5,1272.219970703125,1272.219970703125,3500280000,0.012532913485107322,0.1403052855395536
2011-06-15,1265.4200439453125,1265.4200439453125,1287.8699951171875,1261.9000244140625,1287.8699951171875,4070500000,-0.01758556950725776,0.1506786220427566
2011-06-16,1267.6400146484375,1267.6400146484375,1274.1099853515625,1258.0699462890625,1265.530029296875,3846250000,0.0017527979756826184,0.14598185783711698
2011-06-17,1271.5,1271.5,1279.8199462890625,1267.4000244140625,1268.5799560546875,4916460000,0.0030403902917992554,0.1463834411487379
2011-06-20,1278.3599853515625,1278.3599853515625,1280.4200439453125,1267.56005859375,1271.5,3464660000,0.005380689090158874,0.14779907432406364
2011-06-21,1295.52001953125,1295.52001953125,1297.6199951171875,1278.4000244140625,1278.4000244140625,4056150000,0.013334179061463836,0.15234619828639093
2011-06-22,1287.1400146484375,1287.1400146484375,1298.6099853515625,1286.7900390625,1295.47998046875,3718420000,-0.006489459844407186,0.1535963801502888
2011-06-23,1283.5,1283.5,1286.5999755859375,1262.8699951171875,1286.5999755859375,4983450000,-0.0028319928581943543,0.15288345512492782
2011-06-24,1268.449951171875,1268.449951171875,1283.9300537109375,1267.239990234375,1283.0400390625,3665340000,-0.011795077176858015,0.15559852634550117
2011-06-27,1280.0999755859375,1280.0999755859375,1284.9100341796875,1267.530029296875,1268.43994140625,3479070000,0.009142536655730282,0.15912529389866775
2011-06-28,1296.6700439453125,1296.6700439453125,1296.800048828125,1280.2099609375,1280.2099609375,3681500000,0.012861292735997232,0.16160788613146435
2011-06-29,1307.4100341796875,1307.4100341796875,1309.2099609375,1296.8499755859375,1296.8499755859375,4347540000,0.008248633534912564,0.14530272914364445
2011-06-30,1320.6400146484375,1320.6400146484375,1321.969970703125,1307.6400146484375,1307.6400146484375,4200500000,0.01006837159516305,0.14956065786736986
2011-07-01,1339.6700439453125,1339.6700439453125,1341.010009765625,1318.1800537109375,1320.6400146484375,3796930000,0.014306869106082587,0.15231172754084438
2011-07-05,1337.8800048828125,1337.8800048828125,1340.8900146484375,1334.300048828125,1339.5899658203125,3722320000,-0.0013370725450787546,0.14605619156520028
2011-07-06,1339.219970703125,1339.219970703125,1340.93994140625,1330.9200439453125,1337.56005859375,3564190000,0.0010010578196055775,0.14571837261243495
2011-07-07,1353.219970703125,1353.219970703125,1356.47998046875,1339.6199951171875,1339.6199951171875,4069530000,0.010399582892092418,0.14655936960696214
2011-07-08,1343.800048828125,1343.800048828125,1352.3900146484375,1333.7099609375,1352.3900146484375,3594360000,-0.006985458106935738,0.1493159702724148
2011-07-11,1319.489990234375,1319.489990234375,1343.31005859375,1316.4200439453125,1343.31005859375,3879130000,-0.018256166936573948,0.1555811096027409
2011-07-12,1313.6400146484375,1313.6400146484375,1327.1700439453125,1313.3299560546875,1319.6099853515625,4227890000,-0.004443369829837174,0.1570777409212358
2011-07-13,1317.719970703125,1317.719970703125,1331.47998046875,1314.449951171875,1314.449951171875,4060080000,0.0031010271091220787,0.15213087094902528
2011-07-14,1308.8699951171875,1308.8699951171875,1326.8800048828125,1306.510009765625,1317.739990234375,4358570000,-0.006738782369335006,0.13939917057765241
2011-07-15,1316.1400146484375,1316.1400146484375,1317.699951171875,1307.52001953125,1308.8699951171875,4242760000,0.005539055540283222,0.14003538847572886
2011-07-18,1305.43994140625,1305.43994140625,1315.93994140625,1295.9200439453125,1315.93994140625,4118160000,-0.008163117539368159,0.14416656484376356
2011-07-19,1326.72998046875,1326.72998046875,1328.1400146484375,1307.0699462890625,1307.0699462890625,4304600000,0.016177149646843247,0.15259370020764057
2011-07-20,1325.8399658203125,1325.8399658203125,1330.4300537109375,1323.6500244140625,1328.6600341796875,3767420000,-0.0006710584073994497,0.14690825843702215
2011-07-21,1343.800048828125,1343.800048828125,1347.0,1325.6500244140625,1325.6500244140625,4837430000,0.013455262786265187,0.15000197365382276
2011-07-22,1345.02001953125,1345.02001953125,1346.0999755859375,1336.949951171875,1343.800048828125,3522830000,0.0009074395131127844,0.14899036961626502
2011-07-25,1337.4300537109375,1337.4300537109375,1344.3199462890625,1331.0899658203125,1344.3199462890625,3536890000,-0.005658995223243757,0.14304887832183125
2011-07-26,1331.93994140625,1331.93994140625,1338.510009765625,1329.5899658203125,1337.3900146484375,4007050000,-0.004113420062329176,0.1428172190381139
2011-07-27,1304.8900146484375,1304.8900146484375,1331.9100341796875,1303.489990234375,1331.9100341796875,3479040000,-0.020517724807291415,0.15679464418838038
2011-07-28,1300.6700439453125,1300.6700439453125,1316.3199462890625,1299.1600341796875,1304.8399658203125,4951800000,-0.003239207155504964,0.15449203942189274
2011-07-29,1292.280029296875,1292.280029296875,1304.1600341796875,1282.8599853515625,1300.1199951171875,5061190000,-0.006471427287173093,0.15112287178472192
2011-08-01,1286.93994140625,1286.93994140625,1307.3800048828125,1274.72998046875,1292.5899658203125,4967390000,-0.004140860866231222,0.14055649521861796
2011-08-02,1254.050048828125,1254.050048828125,1286.56005859375,1254.030029296875,1286.56005859375,5206290000,-0.025888909190624254,0.16296186920164918
2011-08-03,1260.3399658203125,1260.3399658203125,1261.199951171875,1234.56005859375,1254.25,6446940000,0.00500314595271778,0.16485007828100282
2011-08-04,1200.0699462890625,1200.0699462890625,1260.22998046875,1199.5400390625,1260.22998046875,4266530000,-0.04900165504374154,0.22203820323951967
2011-08-05,1199.3800048828125,1199.3800048828125,1218.1099853515625,1168.0899658203125,1200.280029296875,5454590000,-0.0005750829892727793,0.22278805694309756
2011-08-08,1119.4599609375,1119.4599609375,1198.47998046875,1119.280029296875,1198.47998046875,2615150000,-0.06895836939262434,0.3105934503057222
2011-08-09,1172.530029296875,1172.530029296875,1172.8800048828125,1101.5400390625,1120.22998046875,2366660000,0.046317441063387754,0.36351313796825924
2011-08-10,1120.760009765625,1120.760009765625,1171.77001953125,1118.010009765625,1171.77001953125,5018070000,-0.04515679702747466,0.38644126313266336
2011-08-11,1172.6400146484375,1172.6400146484375,1186.2900390625,1121.300048828125,1121.300048828125,3685050000,0.04525059436377177,0.4283305537670089
2011-08-12,1178.81005859375,1178.81005859375,1189.0400390625,1170.739990234375,1172.8699951171875,5640380000,0.005247875067276198,0.4282372130764387
2011-08-15,1204.489990234375,1204.489990234375,1204.489990234375,1178.8599853515625,1178.8599853515625,4272850000,0.021550727976033635,0.4381425158519642
2011-08-16,1192.760009765625,1192.760009765625,1204.219970703125,1180.530029296875,1204.219970703125,5071600000,-0.009786275177620318,0.43222740977139085
2011-08-17,1193.8900146484375,1193.8900146484375,1208.469970703125,1184.3599853515625,1192.8900146484375,4388340000,0.0009469381398128363,0.43248297108169803
2011-08-18,1140.6500244140625,1140.6500244140625,1189.6199951171875,1131.030029296875,1189.6199951171875,3234810000,-0.04561859893236342,0.4483083614779219
2011-08-19,1123.530029296875,1123.530029296875,1154.5400390625,1122.050048828125,1140.469970703125,5167560000,-0.015122756128207904,0.44763734232451624
2011-08-22,1123.8199462890625,1123.8199462890625,1145.489990234375,1121.0899658203125,1123.550048828125,5436260000,0.00025800787322438623,0.4486601679520584
2011-08-23,1162.3499755859375,1162.3499755859375,1162.3499755859375,1124.3599853515625,1124.3599853515625,5013170000,0.033710248386474184,0.47200963311655353
2011-08-24,1177.5999755859375,1177.5999755859375,1178.56005859375,1156.300048828125,1162.1600341796875,5315310000,0.013034651368546868,0.4740021109556313
2011-08-25,1159.27001953125,1159.27001953125,1190.6800537109375,1155.469970703125,1176.68994140625,5748420000,-0.015687934737961484,0.4753306353532775
2011-08-26,1176.800048828125,1176.800048828125,1181.22998046875,1135.9100341796875,1158.8499755859375,5035320000,0.015008418274915059,0.48070144936295117
2011-08-29,1210.0799560546875,1210.0799560546875,1210.280029296875,1177.9100341796875,1177.9100341796875,4228070000,0.027887505012164304,0.49374935106641116
2011-08-30,1212.9200439453125,1212.9200439453125,1220.0999755859375,1195.77001953125,1209.760009765625,4572570000,0.0023442750237698817,0.4869303661365582
2011-08-31,1218.8900146484375,1218.8900146484375,1230.7099609375,1209.3499755859375,1213.0,5267840000,0.004909908712070532,0.4869143791205508
2011-09-01,1204.4200439453125,1204.4200439453125,1229.2900390625,1203.8499755859375,1219.1199951171875,4780410000,-0.01194246079230421,0.45751971197693
2011-09-02,1173.969970703125,1173.969970703125,1203.9000244140625,1170.56005859375,1203.9000244140625,4401740000,-0.025607017291752854,0.46615614268201777
2011-09-06,1165.239990234375,1165.239990234375,1173.969970703125,1140.1300048828125,1173.969970703125,5103980000,-0.007464076457609714,0.39669144627332986
2011-09-07,1198.6199951171875,1198.6199951171875,1198.6199951171875,1165.8499755859375,1165.8499755859375,4441040000,0.028243824959147013,0.3756213552997954
2011-09-08,1185.9000244140625,1185.9000244140625,1204.4000244140625,1183.3399658203125,1197.97998046875,4465170000,-0.010668890387302454,0.3393034620446409
2011-09-09,1154.22998046875,1154.22998046875,1185.3699951171875,1148.3699951171875,1185.3699951171875,4586370000,-0.027068562510962124,0.31687850538893814
2011-09-12,1162.27001953125,1162.27001953125,1162.52001953125,1136.0699462890625,1153.5,5168550000,0.0069415681820235164,0.3173390597601671
2011-09-13,1172.8699951171875,1172.8699951171875,1176.4100341796875,1157.43994140625,1162.5899658203125,4681370000,0.009078726180353769,0.30914509751350056
2011-09-14,1188.6800537109375,1188.6800537109375,1202.3800048828125,1162.72998046875,1173.3199462890625,4986740000,0.013389760518230709,0.31154682483803403
2011-09-15,1209.1099853515625,1209.1099853515625,1209.1099853515625,1189.43994140625,1189.43994140625,4479730000,0.017041046718104802,0.3171993575177062
2011-09-16,1216.010009765625,1216.010009765625,1220.06005859375,1204.4599609375,1209.2099609375,5248890000,0.005690475561936026,0.2689323695253209
2011-09-19,1204.0899658203125,1204.0899658203125,1214.989990234375,1188.3599853515625,1214.989990234375,4254190000,-0.00985094868808023,0.2649967430946439
2011-09-20,1202.0899658203125,1202.0899658203125,1220.3900146484375,1201.2900390625,1204.5,4315610000,-0.0016623864527245402,0.26537236594835
2011-09-21,1166.760009765625,1166.760009765625,1206.300048828125,1166.2099609375,1203.6300048828125,4728550000,-0.02983099508714737,0.26488391852467075
2011-09-22,1129.56005859375,1129.56005859375,1164.550048828125,1114.219970703125,1164.550048828125,6703140000,-0.032402456759229814,0.2831392822506458
2011-09-23,1136.4300537109375,1136.4300537109375,1141.719970703125,1121.3599853515625,1128.8199462890625,5639930000,0.006063588829469779,0.27995276298816474
2011-09-26,1162.949951171875,1162.949951171875,1164.18994140625,1131.0699462890625,1136.9100341796875,4762830000,0.023068021296968944,0.2870564407193802
2011-09-27,1175.3800048828125,1175.3800048828125,1195.8599853515625,1163.3199462890625,1163.3199462890625,5548130000,0.01063166535729465,0.27125895952533613
2011-09-28,1151.06005859375,1151.06005859375,1184.7099609375,1150.4000244140625,1175.3900146484375,4787920000,-0.02090819585269532,0.2789753542368863
2011-09-29,1160.4000244140625,1160.4000244140625,1175.8699951171875,1139.9300537109375,1151.739990234375,5285740000,0.00808148643535933,0.2802664121692776
2011-09-30,1131.4200439453125,1131.4200439453125,1159.9300537109375,1131.3399658203125,1159.9300537109375,4416790000,-0.025291274478866477,0.2896073523908031
2011-10-03,1099.22998046875,1099.22998046875,1138.989990234375,1098.9200439453125,1131.2099609375,5670340000,-0.02886360290378409,0.2929919312291511
2011-10-04,1123.949951171875,1123.949951171875,1125.1199951171875,1074.77001953125,1097.4200439453125,3714670000,0.022239306131154102,0.3054180578135375
2011-10-05,1144.030029296875,1144.030029296875,1146.0699462890625,1115.6800537109375,1124.030029296875,2510620000,0.01770791894551138,0.2943316320017012
2011-10-06,1164.969970703125,1164.969970703125,1165.550048828125,1134.949951171875,1144.1099853515625,5098330000,0.01813816846648031,0.3008510536539142
2011-10-07,1155.4599609375,1155.4599609375,1171.4000244140625,1150.260009765625,1165.030029296875,5580380000,-0.008196811187622721,0.2869230857633173
2011-10-10,1194.8900146484375,1194.8900146484375,1194.9100341796875,1158.1500244140625,1158.1500244140625,4446800000,0.033555643919288336,0.3089063530229619
2011-10-11,1195.5400390625,1195.5400390625,1199.239990234375,1187.300048828125,1194.5999755859375,4424500000,0.0005438556372530101,0.3076363056026463
2011-10-12,1207.25,1207.25,1220.25,1196.18994140625,1196.18994140625,5355360000,0.009747046937637727,0.3060354030762771
2011-10-13,1203.6600341796875,1203.6600341796875,1207.4599609375,1190.5799560546875,1206.9599609375,4436270000,-0.002978102395136517,0.3004146188822487
2011-10-14,1224.5799560546875,1224.5799560546875,1224.6099853515625,1205.6500244140625,1205.6500244140625,4116690000,0.017230948802477997,0.30588189234505975
2011-10-17,1200.8599853515625,1200.8599853515625,1224.469970703125,1198.550048828125,1224.469970703125,4300700000,-0.01955993759944885,0.3117502016070224
2011-10-18,1225.3800048828125,1225.3800048828125,1233.0999755859375,1191.47998046875,1200.75,4840170000,0.020213049380310544,0.31949002663890186
2011-10-19,1209.8800048828125,1209.8800048828125,1229.6400146484375,1206.31005859375,1223.4599609375,4846390000,-0.012729818787025948,0.3038179851415257
2011-10-20,1215.3900146484375,1215.3900146484375,1219.530029296875,1197.3399658203125,1209.9200439453125,4870290000,0.0045438398210837505,0.277104955096698
2011-10-21,1238.25,1238.25,1239.030029296875,1215.3900146484375,1215.3900146484375,4980770000,0.018634067492434347,0.2818500229291386
2011-10-24,1254.18994140625,1254.18994140625,1256.550048828125,1238.719970703125,1238.719970703125,4309380000,0.012790806680372135,0.2753916731877998
2011-10-25,1229.050048828125,1229.050048828125,1254.18994140625,1226.7900390625,1254.18994140625,4473970000,-0.02024834619938165,0.28621730028929093
2011-10-26,1242.0,1242.0,1246.280029296875,1221.06005859375,1229.1700439453125,4873530000,0.010481430544087011,0.2746083848462503
2011-10-27,1284.5899658203125,1284.5899658203125,1292.6600341796875,1243.969970703125,1243.969970703125,6367610000,0.03371659116813408,0.29332666427329934
2011-10-28,1285.0899658203125,1285.0899658203125,1287.0799560546875,1277.010009765625,1284.3900146484375,4536690000,0.0003891535285420744,0.27253892874365165
2011-10-31,1253.300048828125,1253.300048828125,1284.9599609375,1253.1600341796875,1284.9599609375,4310210000,-0.025048616612978414,0.2665794813300817
2011-11-01,1218.280029296875,1218.280029296875,1251.0,1215.4200439453125,1251.0,5645540000,-0.028340059621593916,0.2858328099153085
2011-11-02,1237.9000244140625,1237.9000244140625,1242.47998046875,1219.6199951171875,1219.6199951171875,4110530000,0.015976363304396557,0.28484983048517765
2011-11-03,1261.1500244140625,1261.1500244140625,1263.2099609375,1234.81005859375,1238.25,4849140000,0.018607607200930687,0.2851490680665062
2011-11-04,1253.22998046875,1253.22998046875,1260.8199462890625,1238.9200439453125,1260.8199462890625,3830650000,-0.006299819537189499,0.28420346907493854
2011-11-07,1261.1199951171875,1261.1199951171875,1261.699951171875,1240.75,1253.2099609375,3429740000,0.006276008211166584,0.26344567875453456
2011-11-08,1275.9200439453125,1275.9200439453125,1277.550048828125,1254.989990234375,1261.1199951171875,3908490000,0.011667310321724855,0.2651057400855579
2011-11-09,1229.0999755859375,1229.0999755859375,1275.1800537109375,1226.6400146484375,1275.1800537109375,4659740000,-0.03738534709898822,0.2985955632713182
2011-11-10,1239.699951171875,1239.699951171875,1246.219970703125,1227.699951171875,1229.5899658203125,4002760000,0.0085872010994823,0.2993844230599982
2011-11-11,1263.8499755859375,1263.8499755859375,1266.97998046875,1240.1199951171875,1240.1199951171875,3370180000,0.01929322300451375,0.30083344286591107
2011-11-14,1251.780029296875,1251.780029296875,1263.8499755859375,1246.6800537109375,1263.8499755859375,3219680000,-0.009596036687555376,0.29390737245255777
2011-11-15,1257.81005859375,1257.81005859375,1264.25,1244.3399658203125,1251.699951171875,3599300000,0.00480559827730076,0.2866726912477778
2011-11-16,1236.9100341796875,1236.9100341796875,1259.6099853515625,1235.6700439453125,1257.81005859375,4085010000,-0.016755798341955064,0.2894810066719145
2011-11-17,1216.1300048828125,1216.1300048828125,1237.72998046875,1209.4300537109375,1236.56005859375,4596450000,-0.016942671987706603,0.29574198258676626
2011-11-18,1215.6500244140625,1215.6500244140625,1223.510009765625,1211.3599853515625,1216.18994140625,3827610000,-0.00039475649047204797,0.2878830977805561
2011-11-21,1192.97998046875,1192.97998046875,1215.6199951171875,1183.1600341796875,1215.6199951171875,4050070000,-0.018824571104948618,0.28968391659451675
2011-11-22,1188.0400390625,1188.0400390625,1196.81005859375,1181.6500244140625,1192.97998046875,3911710000,-0.004149438857005805,0.2825233523724167
2011-11-23,1161.7900390625,1161.7900390625,1187.47998046875,1161.7900390625,1187.47998046875,3798940000,-0.022342970458596234,0.2874767195296356
2011-11-25,1158.6700439453125,1158.6700439453125,1172.6600341796875,1158.6600341796875,1161.4100341796875,1664200000,-0.0026891193002507308,0.25399369498752783
2011-11-28,1192.550048828125,1192.550048828125,1197.3499755859375,1158.6700439453125,1158.6700439453125,3920750000,0.028821079038610087,0.27957777033575093
2011-11-29,1195.18994140625,1195.18994140625,1203.6700439453125,1191.800048828125,1192.56005859375,3992650000,0.0022112069693971392,0.2691068031995499
2011-11-30,1246.9599609375,1246.9599609375,1247.1099853515625,1196.719970703125,1196.719970703125,5801910000,0.04240343833622706,0.29331376165891054
2011-12-01,1244.5799560546875,1244.5799560546875,1251.0899658203125,1239.72998046875,1246.9100341796875,3818680000,-0.0019104695778526803,0.28841935636393967
2011-12-02,1244.280029296875,1244.280029296875,1260.0799560546875,1243.3499755859375,1246.030029296875,4144310000,-0.0002410153733274356,0.2805847197864676
2011-12-05,1257.0799560546875,1257.0799560546875,1266.72998046875,1244.3299560546875,1244.3299560546875,4148060000,0.010234463299266139,0.2822336366617016
2011-12-06,1258.469970703125,1258.469970703125,1266.030029296875,1253.030029296875,1257.18994140625,3734230000,0.0011051379065261102,0.28138596591097664
2011-12-07,1261.010009765625,1261.010009765625,1267.06005859375,1244.800048828125,1258.1400146484375,4160540000,0.0020163207826575658,0.27826217809591186
2011-12-08,1234.3499755859375,1234.3499755859375,1260.8699951171875,1231.469970703125,1260.8699951171875,4298370000,-0.021368498950929293,0.2562190326418473
2011-12-09,1255.18994140625,1255.18994140625,1258.25,1234.47998046875,1234.47998046875,3830610000,0.016742412907085225,0.26108476905471323
2011-12-12,1236.469970703125,1236.469970703125,1255.050048828125,1227.25,1255.050048828125,3600570000,-0.015026386904779088,0.25712855241959065
2011-12-13,1225.72998046875,1225.72998046875,1249.8599853515625,1219.4300537109375,1236.8299560546875,4121570000,-0.008723953020305153,0.2567827392758361
2011-12-14,1211.8199462890625,1211.8199462890625,1225.72998046875,1209.469970703125,1225.72998046875,4298290000,-0.0114132514971379,0.25824835498656945
2011-12-15,1215.75,1215.75,1225.5999755859375,1212.1199951171875,1212.1199951171875,3810340000,0.003237852858082313,0.25292944625846536
2011-12-16,1219.6600341796875,1219.6600341796875,1231.0400390625,1215.199951171875,1216.0899658203125,5345800000,0.003210989101900097,0.24631000567558936
2011-12-19,1205.3499755859375,1205.3499755859375,1224.5699462890625,1202.3699951171875,1219.739990234375,3659820000,-0.011802198458557456,0.24976271191698612
2011-12-20,1241.300048828125,1241.300048828125,1242.8199462890625,1205.719970703125,1205.719970703125,4055590000,0.02938929593094386,0.2604838938361413
2011-12-21,1243.719970703125,1243.719970703125,1245.0899658203125,1229.510009765625,1241.25,2959020000,0.0019476081648539534,0.25952700142370555
2011-12-22,1254.0,1254.0,1255.219970703125,1243.719970703125,1243.719970703125,3492250000,0.008231577169830473,0.24405860879859181
2011-12-23,1265.3299560546875,1265.3299560546875,1265.4200439453125,1254.0,1254.0,2233830000,0.008994480783105274,0.24347992712468536
2011-12-27,1265.4300537109375,1265.4300537109375,1269.3699951171875,1262.300048828125,1265.02001953125,2130590000,7.910481903916633e-05,0.22690294927458735
2011-12-28,1249.6400146484375,1249.6400146484375,1265.8499755859375,1248.6400146484375,1265.3800048828125,2349980000,-0.012556506256502509,0.23318723913341582
2011-12-29,1263.02001953125,1263.02001953125,1263.5400390625,1249.75,1249.75,2278130000,0.010650172463281038,0.18519508757802597
2011-12-30,1257.5999755859375,1257.5999755859375,1264.1199951171875,1257.4599609375,1262.8199462890625,2271850000,-0.004300570740064735,0.18579345426402233
2012-01-03,1277.06005859375,1277.06005859375,1284.6199951171875,1258.8599853515625,1258.8599853515625,3943710000,0.01535548367017725,0.19269581739248623
2012-01-04,1277.300048828125,1277.300048828125,1278.72998046875,1268.0999755859375,1277.030029296875,3592580000,0.00018790634443721643,0.18994190553531762
2012-01-05,1281.06005859375,1281.06005859375,1283.050048828125,1265.260009765625,1277.300048828125,4315950000,0.0029393926694947226,0.19008525539767301
2012-01-06,1277.81005859375,1277.81005859375,1281.8399658203125,1273.3399658203125,1280.9300537109375,3656830000,-0.0025401850025392747,0.19039838095596656
2012-01-09,1280.699951171875,1280.699951171875,1281.989990234375,1274.550048828125,1277.8299560546875,3371600000,0.0022590443626082646,0.17267545504193765
2012-01-10,1292.0799560546875,1292.0799560546875,1296.4599609375,1280.77001953125,1280.77001953125,4221960000,0.008846523613060597,0.16612788482929258
2012-01-11,1292.47998046875,1292.47998046875,1293.800048828125,1285.4100341796875,1292.02001953125,3968120000,0.0003095493446325648,0.15507031527998139
2012-01-12,1295.5,1295.5,1296.8199462890625,1285.77001953125,1292.47998046875,4019890000,0.0023338827385686045,0.14987391380803874
2012-01-13,1289.0899658203125,1289.0899658203125,1294.8199462890625,1277.5799560546875,1294.8199462890625,3692370000,-0.004960204447868932,0.14371684594689219
2012-01-17,1293.6700439453125,1293.6700439453125,1303.0,1290.219970703125,1290.219970703125,4010490000,0.0035466577681741995,0.14372480200656304
2012-01-18,1308.0400390625,1308.0400390625,1308.1099853515625,1290.989990234375,1293.6500244140625,4096160000,0.011046689130221665,0.14632999155910248
2012-01-19,1314.5,1314.5,1315.489990234375,1308.0699462890625,1308.0699462890625,4465890000,0.004926501717244847,0.13532298752871671
2012-01-20,1315.3800048828125,1315.3800048828125,1315.3800048828125,1309.1700439453125,1314.489990234375,3912620000,0.0006692357932855941,0.10026086790530002
2012-01-23,1316.0,1316.0,1322.280029296875,1309.8900146484375,1315.2900390625,3770910000,0.00047123192204079345,0.10056690962299093
2012-01-24,1314.6500244140625,1314.6500244140625,1315.9599609375,1306.06005859375,1315.9599609375,3693560000,-0.0010263438252238188,0.09938899278614316
2012-01-25,1326.06005859375,1326.06005859375,1328.300048828125,1307.6500244140625,1314.4000244140625,4410910000,0.00864169471719567,0.0990994146033412
2012-01-26,1318.4300537109375,1318.4300537109375,1333.469970703125,1313.5999755859375,1326.280029296875,4522070000,-0.0057705082879886405,0.10278203361867962
2012-01-27,1316.3299560546875,1316.3299560546875,1320.06005859375,1311.719970703125,1318.25,4007380000,-0.0015941475452905252,0.08925885416602111
2012-01-30,1313.010009765625,1313.010009765625,1316.1600341796875,1300.489990234375,1316.1600341796875,3659010000,-0.0025253090863452954,0.08586085758413507
2012-01-31,1312.4100341796875,1312.4100341796875,1321.4100341796875,1306.68994140625,1313.530029296875,4235550000,-0.0004570511280785894,0.08333303260291602
2012-02-01,1324.0899658203125,1324.0899658203125,1330.52001953125,1312.449951171875,1312.449951171875,4504360000,0.008860237474266341,0.0726988919547132
2012-02-02,1325.5400390625,1325.5400390625,1329.18994140625,1321.5699462890625,1324.239990234375,4120920000,0.001094547830667203,0.0725117084592817
2012-02-03,1344.9000244140625,1344.9000244140625,1345.3399658203125,1326.2099609375,1326.2099609375,4608550000,0.014499725948107667,0.08469920899548633
2012-02-06,1344.3299560546875,1344.3299560546875,1344.3599853515625,1337.52001953125,1344.3199462890625,3379700000,-0.0004239640135317302,0.08344113961148299
2012-02-07,1347.050048828125,1347.050048828125,1349.239990234375,1335.9200439453125,1344.3299560546875,3742460000,0.0020213375254707344,0.08345518286232571
2012-02-08,1349.9599609375,1349.9599609375,1351.0,1341.949951171875,1347.0400390625,4096730000,0.0021578809333249183,0.0802175205167054
2012-02-09,1351.949951171875,1351.949951171875,1354.3199462890625,1344.6300048828125,1349.969970703125,4209890000,0.0014730251258781024,0.07997429791029786
2012-02-10,1342.6400146484375,1342.6400146484375,1351.2099609375,1337.3499755859375,1351.2099609375,3877580000,-0.006910122643615679,0.08601761853221573
2012-02-13,1351.77001953125,1351.77001953125,1353.3499755859375,1343.06005859375,1343.06005859375,3618040000,0.006777023326496767,0.08397830638282167
2012-02-14,1350.5,1350.5,1351.300048828125,1340.8299560546875,1351.300048828125,3889520000,-0.0009399650039254581,0.08462101397625325
2012-02-15,1343.22998046875,1343.22998046875,1355.8699951171875,1340.800048828125,1350.52001953125,4080340000,-0.005397747536216357,0.08191873774435142
2012-02-16,1358.0400390625,1358.0400390625,1359.02001953125,1341.219970703125,1342.6099853515625,4108880000,0.01096536583327623,0.08772066245332093
2012-02-17,1361.22998046875,1361.22998046875,1363.4000244140625,1357.239990234375,1358.06005859375,3717640000,0.0023461758829403934,0.08768126501632229
2012-02-21,1362.2099609375,1362.2099609375,1367.760009765625,1358.1099853515625,1361.219970703125,3795200000,0.0007196637576960541,0.08764113172687503
2012-02-22,1357.6600341796875,1357.6600341796875,1362.699951171875,1355.530029296875,1362.1099853515625,3633710000,-0.0033456974121452987,0.08891683086987949
2012-02-23,1363.4599609375,1363.4599609375,1364.239990234375,1352.280029296875,1357.530029296875,3786450000,0.004262903180605626,0.08578900838316394
2012-02-24,1365.739990234375,1365.739990234375,1368.9200439453125,1363.4599609375,1363.4599609375,3505360000,0.0016708411755086416,0.08172942341595255
2012-02-27,1367.5899658203125,1367.5899658203125,1371.93994140625,1354.9200439453125,1365.199951171875,3648890000,0.0013536425518791972,0.08083531265796665
2012-02-28,1372.1800537109375,1372.1800537109375,1373.0899658203125,1365.969970703125,1367.56005859375,3579120000,0.0033507134923151938,0.07931496217428126
2012-02-29,1365.6800537109375,1365.6800537109375,1378.0400390625,1363.81005859375,1372.199951171875,4482370000,-0.0047482427569534025,0.08245626484505132
2012-03-01,1374.0899658203125,1374.0899658203125,1376.1700439453125,1365.9000244140625,1365.9000244140625,3919240000,0.006139156544533009,0.08010318827929555
2012-03-02,1369.6300048828125,1369.6300048828125,1374.530029296875,1366.4200439453125,1374.0899658203125,3283490000,-0.0032510350278585065,0.08201008921511772
2012-03-05,1364.3299560546875,1364.3299560546875,1369.5899658203125,1359.1300048828125,1369.5899658203125,3429480000,-0.0038772005028215872,0.06936067672354598
2012-03-06,1343.3599853515625,1343.3599853515625,1363.6300048828125,1340.030029296875,1363.6300048828125,4191060000,-0.015489506127543962,0.08922433088045667
2012-03-07,1352.6300048828125,1352.6300048828125,1354.8499755859375,1343.3900146484375,1343.3900146484375,3580380000,0.006876921722994034,0.09216801254542505
2012-03-08,1365.9100341796875,1365.9100341796875,1368.719970703125,1352.6500244140625,1352.6500244140625,3543060000,0.009770049174722573,0.09778975345592422
2012-03-09,1370.8699951171875,1370.8699951171875,1374.760009765625,1365.969970703125,1365.969970703125,3639470000,0.0036246730207318834,0.09831722901709264
2012-03-12,1371.0899658203125,1371.0899658203125,1373.0400390625,1366.68994140625,1370.780029296875,3081870000,0.0001604477867873655,0.09439092224725457
2012-03-13,1395.949951171875,1395.949951171875,1396.1300048828125,1371.9200439453125,1371.9200439453125,4386470000,0.017969133090434575,0.10965743556959823
2012-03-14,1394.280029296875,1394.280029296875,1399.4200439453125,1389.969970703125,1395.949951171875,4502280000,-0.0011969780885960901,0.10973625853961397
2012-03-15,1402.5999755859375,1402.5999755859375,1402.6300048828125,1392.780029296875,1394.1700439453125,4271650000,0.005949465701560186,0.1076274740614908
2012-03-16,1404.1700439453125,1404.1700439453125,1405.8800048828125,1401.469970703125,1402.550048828125,5163950000,0.001118772476700336,0.10276158709476084
2012-03-19,1409.75,1409.75,1414.0,1402.4300537109375,1404.1700439453125,3932570000,0.003965971514070965,0.10304825417086763
2012-03-20,1405.52001953125,1405.52001953125,1409.5899658203125,1397.6800537109375,1409.5899658203125,3695280000,-0.003005028734389903,0.10431599772297942
2012-03-21,1402.8900146484375,1402.8900146484375,1407.75,1400.6400146484375,1405.52001953125,3573590000,-0.0018729499037748454,0.10356418351261804
2012-03-22,1392.780029296875,1392.780029296875,1402.8900146484375,1388.72998046875,1402.8900146484375,3740590000,-0.007232634226897794,0.10745749248975299
2012-03-23,1397.1099853515625,1397.1099853515625,1399.1800537109375,1386.8699951171875,1392.780029296875,3472950000,0.0031040360075564877,0.10767368974822099
2012-03-26,1416.510009765625,1416.510009765625,1416.5799560546875,1397.1099853515625,1397.1099853515625,3576950000,0.013790299964088426,0.11624717071954252
2012-03-27,1412.52001953125,1412.52001953125,1419.1500244140625,1411.949951171875,1416.550048828125,3513640000,-0.0028207497542460658,0.11713879392647392
2012-03-28,1405.5400390625,1405.5400390625,1413.6500244140625,1397.199951171875,1412.52001953125,3892800000,-0.004953758683289067,0.11727786128557581
2012-03-29,1403.280029296875,1403.280029296875,1405.3900146484375,1391.56005859375,1405.3900146484375,3832000000,-0.0016092239433875832,0.11642546595488372
2012-03-30,1408.469970703125,1408.469970703125,1410.8900146484375,1401.4200439453125,1403.31005859375,3676890000,0.0036916136216209594,0.115668405099521
2012-04-02,1419.0400390625,1419.0400390625,1422.3800048828125,1404.4599609375,1408.469970703125,3572010000,0.007476626120983099,0.1158138838019613
2012-04-03,1413.3800048828125,1413.3800048828125,1419.0,1404.6199951171875,1418.97998046875,3822090000,-0.003996611820141993,0.09969199220961532
2012-04-04,1398.9599609375,1398.9599609375,1413.0899658203125,1394.0899658203125,1413.0899658203125,3938290000,-0.010254926852537594,0.1076083712310777
2012-04-05,1398.0799560546875,1398.0799560546875,1401.5999755859375,1392.9200439453125,1398.7900390625,3303740000,-0.0006292401524214952,0.10370626611169866
2012-04-09,1382.199951171875,1382.199951171875,1397.449951171875,1378.239990234375,1397.449951171875,3468980000,-0.011423437999542152,0.11194822971466446
2012-04-10,1358.5899658203125,1358.5899658203125,1383.010009765625,1357.3800048828125,1382.1800537109375,4631730000,-0.01722902527718606,0.12752290963186236
2012-04-11,1368.7099609375,1368.7099609375,1374.7099609375,1358.97998046875,1358.97998046875,3743040000,0.007421289800123354,0.11267573219153845
2012-04-12,1387.5699462890625,1387.5699462890625,1388.1300048828125,1368.77001953125,1368.77001953125,3618280000,0.013685315235976603,0.12356209271810388
2012-04-13,1370.260009765625,1370.260009765625,1387.6099853515625,1369.8499755859375,1387.6099853515625,3631160000,-0.01255346712505645,0.12837083704566649
2012-04-16,1369.5699462890625,1369.5699462890625,1379.6600341796875,1365.3800048828125,1370.27001953125,3574780000,-0.000503727240173113,0.12812943003464167
2012-04-17,1390.780029296875,1390.780029296875,1392.760009765625,1369.5699462890625,1369.5699462890625,3456200000,0.015367979157954181,0.13953961639486318
2012-04-18,1385.1400146484375,1385.1400146484375,1390.780029296875,1383.2900390625,1390.780029296875,3463140000,-0.004063533761746285,0.13980988720055512
2012-04-19,1376.9200439453125,1376.9200439453125,1390.4599609375,1370.300048828125,1385.0799560546875,4180020000,-0.005952075477202001,0.14093769342551063
2012-04-20,1378.530029296875,1378.530029296875,1387.4000244140625,1376.9599609375,1376.9599609375,3833320000,0.001168582621337677,0.13919356634039762
2012-04-23,1366.93994140625,1366.93994140625,1378.530029296875,1358.7900390625,1378.530029296875,3654860000,-0.0084431131028877,0.14113123075722733
2012-04-24,1371.969970703125,1371.969970703125,1375.5699462890625,1366.8199462890625,1366.969970703125,3617100000,0.0036730196416288052,0.13171580971525407
2012-04-25,1390.68994140625,1390.68994140625,1391.3699951171875,1372.1099853515625,1372.1099853515625,3998430000,0.013552342898741188,0.14160933322885177
2012-04-26,1399.97998046875,1399.97998046875,1402.0899658203125,1387.280029296875,1390.6400146484375,4034700000,0.006657952133507727,0.14298767447395616
2012-04-27,1403.3599853515625,1403.3599853515625,1406.6400146484375,1397.31005859375,1400.18994140625,3645830000,0.0024114139290238867,0.14316427510651625
2012-04-30,1397.9100341796875,1397.9100341796875,1403.260009765625,1394.0,1403.260009765625,3574010000,-0.0038910622753700608,0.1431062074189846
2012-05-01,1405.8199462890625,1405.8199462890625,1415.3199462890625,1395.72998046875,1397.8599853515625,3807950000,0.005642435719684258,0.1419742322625965
2012-05-02,1402.31005859375,1402.31005859375,1405.5,1393.9200439453125,1405.5,3803860000,-0.0024998055766589644,0.14159944497974714
2012-05-03,1391.5699462890625,1391.5699462890625,1403.0699462890625,1388.7099609375,1402.3199462890625,4004910000,-0.007688351103507074,0.13961166165678043
2012-05-04,1369.0999755859375,1369.0999755859375,1391.510009765625,1367.9599609375,1391.510009765625,3975140000,-0.016278995721589418,0.1502223767082793
2012-05-07,1369.5799560546875,1369.5799560546875,1373.9100341796875,1363.93994140625,1368.7900390625,3559390000,0.00035051958289678,0.14542173722720977
2012-05-08,1363.719970703125,1363.719970703125,1369.1600341796875,1347.75,1369.1600341796875,4261670000,-0.0042878531349686,0.1329775163828491
2012-05-09,1354.5799560546875,1354.5799560546875,1363.72998046875,1343.1300048828125,1363.199951171875,4288540000,-0.006724827531781941,0.13228751791000015
2012-05-10,1357.989990234375,1357.989990234375,1365.8800048828125,1354.5799560546875,1354.5799560546875,3727990000,0.0025142474063848397,0.12245458620742758
2012-05-11,1353.3900146484375,1353.3900146484375,1365.6600341796875,1348.8900146484375,1358.1099853515625,3869070000,-0.0033930913342814506,0.11554397258859625
2012-05-14,1338.3499755859375,1338.3499755859375,1351.9300537109375,1336.6099853515625,1351.9300537109375,3688120000,-0.011175073102339006,0.12117103213913458
2012-05-15,1330.6600341796875,1330.6600341796875,1344.93994140625,1328.4100341796875,1338.3599853515625,4114040000,-0.005762408276502207,0.10597063857449567
2012-05-16,1324.800048828125,1324.800048828125,1341.780029296875,1324.7900390625,1330.780029296875,4280420000,-0.004413543928947661,0.10605468327975169
2012-05-17,1304.8599853515625,1304.8599853515625,1326.3599853515625,1304.8599853515625,1324.8199462890625,4664280000,-0.015165797405604309,0.11458042750324159
2012-05-18,1295.219970703125,1295.219970703125,1312.239990234375,1291.97998046875,1305.050048828125,4512470000,-0.007415201826755258,0.11478888804563635
2012-05-21,1315.989990234375,1315.989990234375,1316.3900146484375,1295.72998046875,1295.72998046875,3786750000,0.015908684395839146,0.13040813666306444
2012-05-22,1316.6300048828125,1316.6300048828125,1328.489990234375,1310.0400390625,1316.0899658203125,4123680000,0.0004862187951424346,0.12915242878650182
2012-05-23,1318.8599853515625,1318.8599853515625,1320.7099609375,1296.530029296875,1316.02001953125,4108330000,0.0016922705145487882,0.11703999611020321
2012-05-24,1320.6800537109375,1320.6800537109375,1324.1400146484375,1310.5,1318.719970703125,3937670000,0.0013790801585873425,0.11310832704111826
2012-05-25,1317.8199462890625,1317.8199462890625,1324.199951171875,1314.22998046875,1320.81005859375,2872660000,-0.0021679807027599196,0.11148891588969448
2012-05-29,1332.4200439453125,1332.4200439453125,1334.9300537109375,1318.9000244140625,1318.9000244140625,3441640000,0.01101805527882771,0.12169638724840312
2012-05-30,1313.3199462890625,1313.3199462890625,1331.25,1310.760009765625,1331.25,3534290000,-0.01443862930479689,0.1247700141579816
2012-05-31,1310.3299560546875,1310.3299560546875,1319.739990234375,1298.9000244140625,1313.0899658203125,4557620000,-0.0022792610600435026,0.12479246389780885
2012-06-01,1278.0400390625,1278.0400390625,1309.8699951171875,1277.25,1309.8699951171875,4669350000,-0.02495129541436114,0.14494589626137921
2012-06-04,1278.1800537109375,1278.1800537109375,1282.550048828125,1266.739990234375,1278.2900390625,4011960000,0.00010954819498731894,0.1387752243427077
2012-06-05,1285.5,1285.5,1287.6199951171875,1274.1600341796875,1277.8199462890625,3403230000,0.0057105145943596725,0.14182342237226275
2012-06-06,1315.1300048828125,1315.1300048828125,1315.1300048828125,1285.6099853515625,1285.6099853515625,4268360000,0.02278777604804816,0.16770438188348197
2012-06-07,1314.989990234375,1314.989990234375,1329.050048828125,1312.6800537109375,1316.1500244140625,4258140000,-0.00010647016016740452,0.16682338811144487
2012-06-08,1325.6600341796875,1325.6600341796875,1325.81005859375,1307.77001953125,1314.989990234375,3497190000,0.008081420799989303,0.16959314696365163
2012-06-11,1308.9300537109375,1308.9300537109375,1335.52001953125,1307.72998046875,1325.719970703125,3537530000,-0.012700423815401152,0.17410346302624874
2012-06-12,1324.1800537109375,1324.1800537109375,1324.31005859375,1306.6199951171875,1309.4000244140625,3442920000,0.011583389901240082,0.17624027827841235
2012-06-13,1314.8800048828125,1314.8800048828125,1327.280029296875,1310.510009765625,1324.02001953125,3506510000,-0.0070480300711039945,0.17677631757463944
2012-06-14,1329.0999755859375,1329.0999755859375,1333.6800537109375,1314.1400146484375,1314.8800048828125,3687720000,0.01075659264986939,0.18040328383646712
2012-06-15,1342.8399658203125,1342.8399658203125,1343.3199462890625,1329.18994140625,1329.18994140625,4401570000,0.010284745652146654,0.17455119726479976
2012-06-18,1344.780029296875,1344.780029296875,1348.219970703125,1334.4599609375,1342.4200439453125,3259430000,0.0014437039589356715,0.17155719391552252
2012-06-19,1357.97998046875,1357.97998046875,1363.4599609375,1344.8299560546875,1344.8299560546875,3815350000,0.00976783441761242,0.16646904100112794
2012-06-20,1355.68994140625,1355.68994140625,1361.5699462890625,1346.449951171875,1358.0400390625,3695700000,-0.0016877805127712975,0.16681700943214753
2012-06-21,1325.510009765625,1325.510009765625,1358.27001953125,1324.4100341796875,1355.4300537109375,4094470000,-0.02251320818337632,0.18628094179277585
2012-06-22,1335.02001953125,1335.02001953125,1337.8199462890625,1325.9200439453125,1325.9200439453125,5271490000,0.007148989234504022,0.18778457829692463
2012-06-25,1313.719970703125,1313.719970703125,1334.9000244140625,1309.27001953125,1334.9000244140625,3501820000,-0.016083502390602966,0.19629197971922072
2012-06-26,1319.989990234375,1319.989990234375,1324.239990234375,1310.300048828125,1314.0899658203125,3412940000,0.004761368161021018,0.19296982953732852
2012-06-27,1331.8499755859375,1331.8499755859375,1334.4000244140625,1320.7099609375,1320.7099609375,3286910000,0.00894478141961752,0.1885480649082404
2012-06-28,1329.0400390625,1329.0400390625,1331.52001953125,1313.2900390625,1331.52001953125,3969370000,-0.0021120283457669586,0.1885156489417747
2012-06-29,1362.1600341796875,1362.1600341796875,1362.1700439453125,1330.1199951171875,1330.1199951171875,4590480000,0.02461479373492015,0.18136910837173006
2012-07-02,1365.510009765625,1365.510009765625,1366.3499755859375,1355.699951171875,1362.3299560546875,3301650000,0.0024562921587065745,0.18104880194260878
2012-07-03,1374.02001953125,1374.02001953125,1374.81005859375,1363.530029296875,1365.75,2116390000,0.006212771568424813,0.1811412167594252
2012-07-05,1367.5799560546875,1367.5799560546875,1373.8499755859375,1363.02001953125,1373.719970703125,3041520000,-0.004698041566321365,0.1684564982792322
2012-07-06,1354.6800537109375,1354.6800537109375,1367.0899658203125,1348.030029296875,1367.0899658203125,2745140000,-0.009477418655581715,0.17296135502203216
2012-07-09,1352.4599609375,1352.4599609375,1354.8699951171875,1346.6500244140625,1354.6600341796875,2904860000,-0.0016401761705182594,0.17155562740507088
2012-07-10,1341.469970703125,1341.469970703125,1361.5400390625,1336.27001953125,1352.9599609375,3470600000,-0.008159121789590884,0.16766103966526721
2012-07-11,1341.449951171875,1341.449951171875,1345.0,1333.25,1341.4000244140625,3426290000,-1.492368899036478e-05,0.1633821670955694
2012-07-12,1334.760009765625,1334.760009765625,1341.2900390625,1325.4100341796875,1341.2900390625,3654440000,-0.004999574352459568,0.16231663303952926
2012-07-13,1356.780029296875,1356.780029296875,1357.699951171875,1334.81005859375,1334.81005859375,3212930000,0.016362759247573244,0.16773949453590423
2012-07-16,1353.6400146484375,1353.6400146484375,1357.260009765625,1348.510009765625,1356.5,2862720000,-0.002316995891620266,0.1646166526103826
2012-07-17,1363.6700439453125,1363.6700439453125,1365.3599853515625,1345.0699462890625,1353.6800537109375,3566680000,0.007382355809911978,0.166363791382644
2012-07-18,1372.780029296875,1372.780029296875,1375.260009765625,1358.9599609375,1363.5799560546875,3642630000,0.006658275330084784,0.16456576372701717
2012-07-19,1376.510009765625,1376.510009765625,1380.3900146484375,1371.2099609375,1373.010009765625,4043360000,0.0027134152485110974,0.16451885194593718
2012-07-20,1362.6600341796875,1362.6600341796875,1376.510009765625,1362.18994140625,1376.510009765625,3925020000,-0.010112620534168393,0.14708412523809813
2012-07-23,1350.52001953125,1350.52001953125,1362.3399658203125,1337.56005859375,1362.3399658203125,3717180000,-0.008948979003707613,0.1496537380196822
2012-07-24,1338.31005859375,1338.31005859375,1351.530029296875,1329.239990234375,1350.52001953125,3891290000,-0.009082050192423807,0.14157493460035506
2012-07-25,1337.8900146484375,1337.8900146484375,1343.97998046875,1331.5,1338.3499755859375,3719170000,-0.00031391072211839344,0.14093054230225666
2012-07-26,1360.02001953125,1360.02001953125,1363.1300048828125,1338.1700439453125,1338.1700439453125,4429300000,0.016405662864951154,0.1486029845682072
2012-07-27,1385.969970703125,1385.969970703125,1389.18994140625,1360.050048828125,1360.050048828125,4399010000,0.018900814490450557,0.16029830734314268
2012-07-30,1385.300048828125,1385.300048828125,1391.739990234375,1381.3699951171875,1385.93994140625,3212060000,-0.00048347644461088635,0.13781821202320482
2012-07-31,1379.3199462890625,1379.3199462890625,1387.1600341796875,1379.1700439453125,1385.27001953125,3821570000,-0.004326172766219827,0.1388115014108077
2012-08-01,1375.3199462890625,1375.3199462890625,1385.030029296875,1373.3499755859375,1379.3199462890625,4440920000,-0.0029041929017452617,0.13766550715698472
2012-08-02,1365.0,1365.0,1375.1300048828125,1354.6500244140625,1375.1300048828125,4193740000,-0.0075319636241362176,0.13923652810940126
2012-08-03,1390.989990234375,1390.989990234375,1394.1600341796875,1365.449951171875,1365.449951171875,3751170000,0.018861288185302527,0.14932839832873954
2012-08-06,1394.22998046875,1394.22998046875,1399.6300048828125,1391.0400390625,1391.0400390625,3122050000,0.002326560724057458,0.14896698324999522
2012-08-07,1401.3499755859375,1401.3499755859375,1407.1400146484375,1394.4599609375,1394.4599609375,3682490000,0.0050937627425931,0.1451230911567264
2012-08-08,1402.219970703125,1402.219970703125,1404.1400146484375,1396.1300048828125,1401.22998046875,3221790000,0.0006206338074532525,0.14501840083205206
2012-08-09,1402.800048828125,1402.800048828125,1405.949951171875,1398.800048828125,1402.260009765625,3119610000,0.0004135999951726532,0.1428176962892985
2012-08-10,1405.8699951171875,1405.8699951171875,1405.97998046875,1395.6199951171875,1402.5799560546875,2767980000,0.0021860506671051994,0.13358546742734495
2012-08-13,1404.1099853515625,1404.1099853515625,1405.8699951171875,1397.3199462890625,1405.8699951171875,2499990000,-0.0012526850781942045,0.13322473455156336
2012-08-14,1403.9300537109375,1403.9300537109375,1410.030029296875,1400.5999755859375,1404.3599853515625,2930900000,-0.00012815461202020373,0.13180753116893215
2012-08-15,1405.530029296875,1405.530029296875,1407.72998046875,1401.8299560546875,1403.8900146484375,2655750000,0.00113899162944886,0.13043822299038788
2012-08-16,1415.510009765625,1415.510009765625,1417.43994140625,1404.1500244140625,1405.5699462890625,3114100000,0.007075420387505638,0.13194911861302877
2012-08-17,1418.1600341796875,1418.1600341796875,1418.7099609375,1414.6700439453125,1415.8399658203125,2922990000,0.0018703837394768996,0.12511519694367065
2012-08-20,1418.1300048828125,1418.1300048828125,1418.1300048828125,1412.1199951171875,1417.8499755859375,2766320000,-2.117505365362149e-05,0.11893470109293973
2012-08-21,1413.1700439453125,1413.1700439453125,1426.6800537109375,1410.8599853515625,1418.1300048828125,3282950000,-0.0035036668144439176,0.11356886702201395
2012-08-22,1413.489990234375,1413.489990234375,1416.1199951171875,1406.780029296875,1413.0899658203125,3062690000,0.00022637762345656398,0.11340218397020496
2012-08-23,1402.0799560546875,1402.0799560546875,1413.489990234375,1400.5,1413.489990234375,3008240000,-0.008104999597722262,0.10777588397015544
2012-08-24,1411.1300048828125,1411.1300048828125,1413.4599609375,1398.0400390625,1401.989990234375,2598790000,0.0064339883432618095,0.08953499112675613
2012-08-27,1410.43994140625,1410.43994140625,1416.1700439453125,1409.1099853515625,1411.1300048828125,2472500000,-0.0004891344205226744,0.0895360944507035
2012-08-28,1409.300048828125,1409.300048828125,1413.6300048828125,1405.5899658203125,1410.43994140625,2629090000,-0.0008085090427956132,0.08775887769724597
2012-08-29,1410.489990234375,1410.489990234375,1413.949951171875,1406.5699462890625,1409.3199462890625,2571220000,0.0008439929642989341,0.08656744151498089
2012-08-30,1399.47998046875,1399.47998046875,1410.0799560546875,1397.010009765625,1410.0799560546875,2530280000,-0.007836429729673355,0.08696268028747506
2012-08-31,1406.5799560546875,1406.5799560546875,1413.0899658203125,1398.9599609375,1400.0699462890625,2938250000,0.005060469767645515,0.060963483363545665
2012-09-04,1404.93994140625,1404.93994140625,1409.31005859375,1396.56005859375,1406.5400390625,3200310000,-0.0011666393226885674,0.06088400179382325
2012-09-05,1403.43994140625,1403.43994140625,1408.81005859375,1401.25,1404.93994140625,3389110000,-0.0010682316532886205,0.05856455271457793
2012-09-06,1432.1199951171875,1432.1199951171875,1432.1199951171875,1403.739990234375,1403.739990234375,3952870000,0.020229536612006882,0.09111664129930828
2012-09-07,1437.9200439453125,1437.9200439453125,1437.9200439453125,1431.449951171875,1432.1199951171875,3717620000,0.0040417949889430815,0.09165791390821798
2012-09-10,1429.0799560546875,1429.0799560546875,1438.739990234375,1428.97998046875,1437.9200439453125,3223670000,-0.006166805654652663,0.0950600979455663
2012-09-11,1433.56005859375,1433.56005859375,1437.760009765625,1429.1300048828125,1429.1300048828125,3509630000,0.003130052101452563,0.09506613285142403
2012-09-12,1436.56005859375,1436.56005859375,1439.1500244140625,1432.989990234375,1433.56005859375,3641200000,0.002090505602597048,0.09503314712082371
2012-09-13,1459.989990234375,1459.989990234375,1463.760009765625,1435.3399658203125,1436.56005859375,4606550000,0.016178172153844095,0.10832784210019025
2012-09-14,1465.77001953125,1465.77001953125,1474.510009765625,1460.0699462890625,1460.0699462890625,5041990000,0.003951135292808772,0.10697827239629115
2012-09-17,1461.18994140625,1461.18994140625,1465.6300048828125,1457.550048828125,1465.4200439453125,3482430000,-0.0031295828602662112,0.10829469365770428
2012-09-18,1459.3199462890625,1459.3199462890625,1461.469970703125,1456.1300048828125,1461.18994140625,3377390000,-0.0012805951321173126,0.10860401315123301
2012-09-19,1461.050048828125,1461.050048828125,1465.1500244140625,1457.8800048828125,1459.5,3451360000,0.0011848517443748818,0.10712075883057967
2012-09-20,1460.260009765625,1460.260009765625,1461.22998046875,1449.97998046875,1461.050048828125,3382520000,-0.0005408799928217078,0.10728344894451504
2012-09-21,1460.1500244140625,1460.1500244140625,1467.0699462890625,1459.510009765625,1460.3399658203125,4833870000,-7.532185571701433e-05,0.10154868266875489
2012-09-24,1456.8900146484375,1456.8900146484375,1460.719970703125,1452.06005859375,1459.760009765625,3008920000,-0.0022351500693797988,0.10123946818030657
2012-09-25,1441.5899658203125,1441.5899658203125,1463.239990234375,1441.5899658203125,1456.93994140625,3739900000,-0.010557389418567986,0.10950698801057684
2012-09-26,1433.3199462890625,1433.3199462890625,1441.5999755859375,1430.530029296875,1441.5999755859375,3565380000,-0.005753253211740805,0.11189862212687557
2012-09-27,1447.1500244140625,1447.1500244140625,1450.199951171875,1433.3599853515625,1433.3599853515625,3150330000,0.009602727708234227,0.11592825602777017
2012-09-28,1440.6700439453125,1440.6700439453125,1447.1300048828125,1435.5999755859375,1447.1300048828125,3509230000,-0.004487808236766533,0.11315494789500083
2012-10-01,1444.489990234375,1444.489990234375,1457.1400146484375,1440.9000244140625,1440.9000244140625,3505080000,0.00264799766799495,0.11249104403497073
2012-10-02,1445.75,1445.75,1451.52001953125,1439.010009765625,1444.989990234375,3321790000,0.000871906727265781,0.1121415852530336
2012-10-03,1450.989990234375,1450.989990234375,1454.300048828125,1441.989990234375,1446.050048828125,3531640000,0.003617857293033211,0.1119972141421886
2012-10-04,1461.4000244140625,1461.4000244140625,1463.1400146484375,1451.0799560546875,1451.0799560546875,3615860000,0.00714882173169773,0.09204524345043302
2012-10-05,1460.9300537109375,1460.9300537109375,1470.9599609375,1456.8900146484375,1461.4000244140625,3172940000,-0.0003216410840751749,0.09147170747340162
2012-10-08,1455.8800048828125,1455.8800048828125,1460.9300537109375,1453.0999755859375,1460.9300537109375,2328720000,-0.0034627238474289612,0.08933243745216106
2012-10-09,1441.47998046875,1441.47998046875,1455.9000244140625,1441.1800537109375,1455.9000244140625,3216320000,-0.009940182135141917,0.09643736919894859
2012-10-10,1432.56005859375,1432.56005859375,1442.52001953125,1430.6400146484375,1441.47998046875,3225060000,-0.0062072555664816065,0.09871577754093315
2012-10-11,1432.8399658203125,1432.8399658203125,1443.9000244140625,1432.8199462890625,1432.8199462890625,3672540000,0.00019537043698480971,0.07893263729641072
2012-10-12,1428.5899658203125,1428.5899658203125,1438.4300537109375,1425.530029296875,1432.8399658203125,3134750000,-0.002970544956016674,0.07714239371895672
2012-10-15,1440.1300048828125,1440.1300048828125,1441.31005859375,1427.239990234375,1428.75,3483810000,0.00804547075266715,0.08322395936227113
2012-10-16,1454.9200439453125,1454.9200439453125,1455.510009765625,1440.31005859375,1440.31005859375,3568770000,0.010217555817170876,0.09136751250944054
2012-10-17,1460.9100341796875,1460.9100341796875,1462.199951171875,1453.3499755859375,1454.219970703125,3655320000,0.004108606125954317,0.09245954877586178
2012-10-18,1457.3399658203125,1457.3399658203125,1464.02001953125,1452.6300048828125,1460.93994140625,3880030000,-0.0024467198768949316,0.09283314438761851
2012-10-19,1433.18994140625,1433.18994140625,1457.3399658203125,1429.8499755859375,1457.3399658203125,3875170000,-0.016710144600035726,0.10917838139475294
2012-10-22,1433.8199462890625,1433.8199462890625,1435.4599609375,1422.06005859375,1433.2099609375,3216220000,0.00043948567855078835,0.10916823387115422
2012-10-23,1413.1099853515625,1413.1099853515625,1433.739990234375,1407.56005859375,1433.739990234375,3587670000,-0.014549234970737679,0.11441230186623517
2012-10-24,1408.75,1408.75,1420.0400390625,1407.0999755859375,1413.199951171875,3385970000,-0.0030901524835877936,0.11338395172633788
2012-10-25,1412.969970703125,1412.969970703125,1421.1199951171875,1405.1400146484375,1409.739990234375,3512640000,0.0029910649483948504,0.10786652580639768
2012-10-26,1411.93994140625,1411.93994140625,1417.0899658203125,1403.280029296875,1412.969970703125,3284910000,-0.0007292475686444533,0.10720268162061053
2012-10-31,1412.1600341796875,1412.1600341796875,1418.760009765625,1405.949951171875,1410.989990234375,3577110000,0.00015586755128005336,0.10647631443656863
2012-11-01,1427.5899658203125,1427.5899658203125,1428.3499755859375,1412.199951171875,1412.199951171875,3929890000,0.010867212600985887,0.11418308580532036
2012-11-02,1414.199951171875,1414.199951171875,1434.27001953125,1412.9100341796875,1427.5899658203125,3732480000,-0.009423718242891788,0.1169485027513598
2012-11-05,1417.260009765625,1417.260009765625,1419.9000244140625,1408.1300048828125,1414.02001953125,2921040000,0.0021614713450572864,0.11364343091248653
2012-11-06,1428.3900146484375,1428.3900146484375,1433.3800048828125,1417.260009765625,1417.260009765625,3306970000,0.007822509122727084,0.11814175029552557
2012-11-07,1394.530029296875,1394.530029296875,1428.27001953125,1388.1400146484375,1428.27001953125,4356490000,-0.023990484179204685,0.14216239905392403
2012-11-08,1377.510009765625,1377.510009765625,1401.22998046875,1377.510009765625,1394.530029296875,3779520000,-0.012279933313509517,0.14399598208424758
2012-11-09,1379.8499755859375,1379.8499755859375,1391.3900146484375,1373.030029296875,1377.550048828125,3647350000,0.0016972512798218986,0.14386937013258616
2012-11-12,1380.030029296875,1380.030029296875,1384.8699951171875,1377.18994140625,1379.8599853515625,2567540000,0.00013047937654864228,0.14385778198838842
2012-11-13,1374.530029296875,1374.530029296875,1388.81005859375,1371.3900146484375,1380.030029296875,3455550000,-0.003993383474745649,0.14399914624323928
2012-11-14,1355.489990234375,1355.489990234375,1380.1300048828125,1352.5,1374.6400146484375,4109510000,-0.013948870444327355,0.14490665804342692
2012-11-15,1353.3299560546875,1353.3299560546875,1360.6199951171875,1348.050048828125,1355.4100341796875,3928870000,-0.0015948159570164933,0.1368398936947732
2012-11-16,1359.8800048828125,1359.8800048828125,1362.030029296875,1343.3499755859375,1353.3599853515625,4045910000,0.004828274735175775,0.13737359169655275
2012-11-19,1386.8900146484375,1386.8900146484375,1386.8900146484375,1359.8800048828125,1359.8800048828125,3374800000,0.019667376739547215,0.15924364588980325
2012-11-20,1387.81005859375,1387.81005859375,1389.77001953125,1377.0400390625,1386.8199462890625,3207160000,0.0006631664358280887,0.1507988305523495
2012-11-21,1391.030029296875,1391.030029296875,1391.25,1386.3900146484375,1387.7900390625,2667090000,0.002317493660971337,0.15125951362405707
2012-11-23,1409.1500244140625,1409.1500244140625,1409.1600341796875,1391.030029296875,1391.030029296875,1504960000,0.012942202068968456,0.1513146509167044
2012-11-26,1406.2900390625,1406.2900390625,1409.1500244140625,1397.6800537109375,1409.1500244140625,2948960000,-0.002031644269326449,0.1510988087090195
2012-11-27,1398.93994140625,1398.93994140625,1409.010009765625,1398.030029296875,1406.2900390625,3323120000,-0.005240293685227826,0.15166844307427277
2012-11-28,1409.9300537109375,1409.9300537109375,1410.31005859375,1385.4300537109375,1398.77001953125,3359250000,0.007825330760125482,0.15436853749944482
2012-11-29,1415.949951171875,1415.949951171875,1419.699951171875,1409.0400390625,1409.9599609375,3356850000,0.0042605535668815975,0.15509613581179998
2012-11-30,1416.1800537109375,1416.1800537109375,1418.8599853515625,1411.6300048828125,1415.949951171875,3966000000,0.00016249433406834157,0.15010359191703038
2012-12-03,1409.4599609375,1409.4599609375,1423.72998046875,1408.4599609375,1416.3399658203125,3074280000,-0.004756519166260631,0.14741323471436366
2012-12-04,1407.050048828125,1407.050048828125,1413.1400146484375,1403.6500244140625,1409.4599609375,3247710000,-0.0017112757910542342,0.1472510177058548
2012-12-05,1409.280029296875,1409.280029296875,1415.56005859375,1398.22998046875,1407.050048828125,4253920000,0.0015836076545872046,0.14443714202063748
2012-12-06,1413.93994140625,1413.93994140625,1413.949951171875,1405.9300537109375,1409.4300537109375,3229700000,0.003301135858709614,0.11722401672612921
2012-12-07,1418.0699462890625,1418.0699462890625,1420.3399658203125,1410.9000244140625,1413.949951171875,3125160000,0.0029166619993503673,0.10741720686670514
2012-12-10,1418.550048828125,1418.550048828125,1421.6400146484375,1415.6400146484375,1418.0699462890625,2999430000,0.0003385032499760854,0.10748079930523366
2012-12-11,1427.8399658203125,1427.8399658203125,1434.27001953125,1418.550048828125,1418.550048828125,3650230000,0.006527531315292379,0.10881196858890164
2012-12-12,1428.47998046875,1428.47998046875,1438.5899658203125,1426.760009765625,1427.8399658203125,3709050000,0.0004481393339572648,0.10695146780797929
2012-12-13,1419.449951171875,1419.449951171875,1431.3599853515625,1416.0,1428.47998046875,3349960000,-0.00634148997700823,0.09533226221857459
2012-12-14,1413.5799560546875,1413.5799560546875,1419.449951171875,1411.8800048828125,1419.449951171875,3210170000,-0.004143975679491874,0.09703898244289834
2012-12-17,1430.3599853515625,1430.3599853515625,1430.6700439453125,1413.5400390625,1413.5400390625,3455610000,0.011800688037810758,0.10229452689664645
2012-12-18,1446.7900390625,1446.7900390625,1448.0,1430.469970703125,1430.469970703125,4302240000,0.011421185666775635,0.08784178950788135
2012-12-19,1435.81005859375,1435.81005859375,1447.75,1435.800048828125,1446.7900390625,3869800000,-0.007618145562821255,0.09402070883376717
2012-12-20,1443.68994140625,1443.68994140625,1443.699951171875,1432.8199462890625,1435.81005859375,3686580000,0.005473104693568764,0.09491145770124944
2012-12-21,1430.1500244140625,1430.1500244140625,1443.6700439453125,1422.5799560546875,1443.6700439453125,5229160000,-0.009422944450144577,0.093533090177014
2012-12-24,1426.6600341796875,1426.6600341796875,1430.1500244140625,1424.6600341796875,1430.1500244140625,1248960000,-0.0024432789712660608,0.09369746092673979
2012-12-26,1419.8299560546875,1419.8299560546875,1429.4200439453125,1416.4300537109375,1426.6600341796875,2285030000,-0.00479895678992559,0.0933555981227084
2012-12-27,1418.0999755859375,1418.0999755859375,1422.800048828125,1401.800048828125,1419.8299560546875,2830180000,-0.0012191849162670465,0.08988774202858514
2012-12-28,1402.4300537109375,1402.4300537109375,1418.0999755859375,1401.5799560546875,1418.0999755859375,2426680000,-0.011111445674961473,0.096797611001223
2012-12-31,1426.18994140625,1426.18994140625,1426.739990234375,1398.1099853515625,1402.4300537109375,3204330000,0.01680002726988583,0.11380868548899485
2013-01-02,1462.4200439453125,1462.4200439453125,1462.4300537109375,1426.18994140625,1426.18994140625,4202600000,0.025086115958697697,0.14060862364109122
2013-01-03,1459.3699951171875,1459.3699951171875,1465.469970703125,1455.530029296875,1462.4200439453125,3829730000,-0.002087795423524774,0.14073456699132128
2013-01-04,1466.469970703125,1466.469970703125,1467.93994140625,1458.989990234375,1459.3699951171875,3424290000,0.004853299978980985,0.14111789178029177
2013-01-07,1461.8900146484375,1461.8900146484375,1466.469970703125,1456.6199951171875,1466.469970703125,3304970000,-0.003128003259122103,0.1421141578706942
2013-01-08,1457.1500244140625,1457.1500244140625,1461.8900146484375,1451.6400146484375,1461.8900146484375,3601600000,-0.0032476391807332305,0.14302878099001662
2013-01-09,1461.02001953125,1461.02001953125,1464.72998046875,1457.1500244140625,1457.1500244140625,3674390000,0.0026523453586815293,0.14304473871781404
2013-01-10,1472.1199951171875,1472.1199951171875,1472.300048828125,1461.02001953125,1461.02001953125,4081840000,0.007568700109210624,0.14355256616762826
2013-01-11,1472.050048828125,1472.050048828125,1472.75,1467.5799560546875,1472.1199951171875,3340650000,-4.751511497769201e-05,0.143609734802228
2013-01-14,1470.6800537109375,1470.6800537109375,1472.050048828125,1465.68994140625,1472.050048828125,3003010000,-0.000931104904918989,0.1410840723153212
2013-01-15,1472.3399658203125,1472.3399658203125,1473.31005859375,1463.760009765625,1470.6700439453125,3135350000,0.0011280332953038652,0.13946807173852316
2013-01-16,1472.6300048828125,1472.6300048828125,1473.9599609375,1467.5999755859375,1472.3299560546875,3384080000,0.0001969725099559838,0.13493642866613284
2013-01-17,1480.93994140625,1480.93994140625,1485.1600341796875,1472.6300048828125,1472.6300048828125,3706710000,0.005627060541354645,0.13097590068781248
2013-01-18,1485.97998046875,1485.97998046875,1485.97998046875,1475.81005859375,1480.949951171875,3795740000,0.0033974923781512345,0.1271558765271648
2013-01-22,1492.56005859375,1492.56005859375,1492.56005859375,1481.1600341796875,1485.97998046875,3570950000,0.004418331627712213,0.12681523101023162
2013-01-23,1494.81005859375,1494.81005859375,1496.1300048828125,1489.9000244140625,1492.56005859375,3552010000,0.0015063419242924425,0.12024234677152348
2013-01-24,1494.8199462890625,1494.8199462890625,1502.27001953125,1489.4599609375,1494.81005859375,3699430000,6.614661544723788e-06,0.11934288233029927
2013-01-25,1502.9599609375,1502.9599609375,1503.260009765625,1494.8199462890625,1494.8199462890625,3476290000,0.005430708661868344,0.11686180785824814
2013-01-28,1500.1800537109375,1500.1800537109375,1503.22998046875,1496.3299560546875,1502.9599609375,3388540000,-0.0018513342747921158,0.1171589011544282
2013-01-29,1507.8399658203125,1507.8399658203125,1509.3499755859375,1498.0899658203125,1500.1800537109375,3949640000,0.005093003781205141,0.10575025599597304
2013-01-30,1501.9599609375,1501.9599609375,1509.93994140625,1500.1099853515625,1507.8399658203125,3726810000,-0.003907244671752075,0.09715951382698658
2013-01-31,1498.1099853515625,1498.1099853515625,1504.18994140625,1496.760009765625,1501.9599609375,3999880000,-0.0025665919583923724,0.05399516895734299
2013-02-01,1513.1700439453125,1513.1700439453125,1514.4100341796875,1498.1099853515625,1498.1099853515625,3836320000,0.010002513224010023,0.06051270019286877
2013-02-04,1495.7099609375,1495.7099609375,1513.1700439453125,1495.02001953125,1513.1700439453125,3390000000,-0.011605832709651764,0.075115028916995
2013-02-05,1511.2900390625,1511.2900390625,1514.9599609375,1495.7099609375,1495.7099609375,3618360000,0.010362632222059354,0.0801359663016638
2013-02-06,1512.1199951171875,1512.1199951171875,1512.530029296875,1504.7099609375,1511.2900390625,3611570000,0.0005490198591342477,0.07825991026553399
2013-02-07,1509.3900146484375,1509.3900146484375,1512.9000244140625,1498.489990234375,1512.1199951171875,3614580000,-0.0018070310558568892,0.07920008981175863
2013-02-08,1517.9300537109375,1517.9300537109375,1518.31005859375,1509.3900146484375,1509.3900146484375,2986150000,0.005641994585043442,0.07764455323867507
2013-02-11,1517.010009765625,1517.010009765625,1518.31005859375,1513.6099853515625,1517.9300537109375,2684100000,-0.0006063012476387186,0.07781168836508238
2013-02-12,1519.4300537109375,1519.4300537109375,1522.2900390625,1515.6099853515625,1517.010009765625,3414370000,0.0015940011376045504,0.07730467295881618
2013-02-13,1520.3299560546875,1520.3299560546875,1524.68994140625,1515.9300537109375,1519.4300537109375,3385880000,0.0005920877747911391,0.07737077732220467
2013-02-14,1521.3800048828125,1521.3800048828125,1523.1400146484375,1514.02001953125,1520.3299560546875,3759740000,0.0006904332650528033,0.07727650803708518
2013-02-15,1519.7900390625,1519.7900390625,1524.239990234375,1514.1400146484375,1521.3800048828125,3838510000,-0.0010456277960129157,0.07636908793436491
2013-02-19,1530.93994140625,1530.93994140625,1530.93994140625,1519.7900390625,1519.7900390625,3748910000,0.007309694441360648,0.0788843798691123
2013-02-20,1511.949951171875,1511.949951171875,1530.93994140625,1511.4100341796875,1530.93994140625,4240570000,-0.01248171143000576,0.09162178408728576
2013-02-21,1502.4200439453125,1502.4200439453125,1511.949951171875,1497.2900390625,1511.949951171875,4274600000,-0.006323005465665332,0.09464896648470927
2013-02-22,1515.5999755859375,1515.5999755859375,1515.6400146484375,1502.4200439453125,1502.4200439453125,3419320000,0.008734213386774492,0.0990747516111723
2013-02-25,1487.8499755859375,1487.8499755859375,1525.8399658203125,1487.8499755859375,1515.5999755859375,4011050000,-0.01847927558477469,0.11748466504408447
2013-02-26,1496.93994140625,1496.93994140625,1498.989990234375,1485.010009765625,1487.8499755859375,3975280000,0.006090876862567818,0.11953360229452792
2013-02-27,1515.989990234375,1515.989990234375,1520.0799560546875,1494.8800048828125,1496.93994140625,3551850000,0.012645699119019582,0.1263368749880052
2013-02-28,1514.6800537109375,1514.6800537109375,1525.3399658203125,1514.4599609375,1515.989990234375,3912320000,-0.0008644534614576926,0.12550523191215154
2013-03-01,1518.199951171875,1518.199951171875,1519.989990234375,1501.47998046875,1514.6800537109375,3695610000,0.0023211594495267107,0.1251777140025733
2013-03-04,1525.199951171875,1525.199951171875,1525.27001953125,1512.2900390625,1518.199951171875,3414430000,0.004600126548350403,0.12144030233170428
2013-03-05,1539.7900390625,1539.7900390625,1543.469970703125,1525.199951171875,1525.199951171875,3610690000,0.009520551872499894,0.11704993385691559
2013-03-06,1541.4599609375,1541.4599609375,1545.25,1538.1099853515625,1539.7900390625,3676890000,0.0010839250554139923,0.11246235815421696
2013-03-07,1544.260009765625,1544.260009765625,1545.780029296875,1541.4599609375,1541.4599609375,3634710000,0.0018148436172067406,0.1124853259618335
2013-03-08,1551.1800537109375,1551.1800537109375,1552.47998046875,1542.93994140625,1544.260009765625,3652260000,0.004471128712954631,0.11257213259827203
2013-03-11,1556.219970703125,1556.219970703125,1556.27001953125,1547.3599853515625,1551.1500244140625,3091080000,0.003243818865874104,0.11172682201699673
2013-03-12,1552.47998046875,1552.47998046875,1556.77001953125,1548.239990234375,1556.219970703125,3274910000,-0.00240614539680184,0.11227490471858617
2013-03-13,1554.52001953125,1554.52001953125,1556.3900146484375,1548.25,1552.47998046875,3073830000,0.0013131891571704912,0.11226529258867664
2013-03-14,1563.22998046875,1563.22998046875,1563.3199462890625,1554.52001953125,1554.52001953125,3459260000,0.005587352158972436,0.11328287309573772
2013-03-15,1560.699951171875,1560.699951171875,1563.6199951171875,1555.739990234375,1563.2099609375,5175850000,-0.0016197737499892284,0.11374400521616214
2013-03-18,1552.0999755859375,1552.0999755859375,1560.699951171875,1545.1300048828125,1560.699951171875,3164560000,-0.005525570335024099,0.11593107913215124
2013-03-19,1548.3399658203125,1548.3399658203125,1557.25,1538.5699462890625,1552.0999755859375,3796210000,-0.0024254697268757397,0.11418947320456421
2013-03-20,1558.7099609375,1558.7099609375,1561.56005859375,1548.3399658203125,1548.3399658203125,3349090000,0.006675163815817342,0.10551624758286772
2013-03-21,1545.800048828125,1545.800048828125,1558.7099609375,1543.550048828125,1558.7099609375,3243270000,-0.00831692375600479,0.10758949681669017
2013-03-22,1556.8900146484375,1556.8900146484375,1557.739990234375,1545.9000244140625,1545.9000244140625,2948380000,0.0071486438032994926,0.10636480720665213
2013-03-25,1551.68994140625,1551.68994140625,1564.9100341796875,1546.219970703125,1556.8900146484375,3178170000,-0.0033456293009468396,0.08059149636503199
2013-03-26,1563.77001953125,1563.77001953125,1563.949951171875,1551.68994140625,1551.68994140625,2869260000,0.0077549631946354225,0.08182583636699704
2013-03-27,1562.8499755859375,1562.8499755859375,1564.0699462890625,1551.9000244140625,1563.75,2914210000,-0.0005885230525652929,0.07282094714870943
2013-03-28,1569.18994140625,1569.18994140625,1570.280029296875,1561.0799560546875,1562.8599853515625,3304440000,0.004048463396191693,0.07277593333624373
2013-04-01,1562.1700439453125,1562.1700439453125,1570.5699462890625,1558.469970703125,1569.1800537109375,2753110000,-0.004483616865356588,0.07586640074571027
2013-04-02,1570.25,1570.25,1573.6600341796875,1562.1700439453125,1562.1700439453125,3312160000,0.005158933898854023,0.07618480800371959
2013-04-03,1553.68994140625,1553.68994140625,1571.469970703125,1549.800048828125,1570.25,4060610000,-0.010602133218841736,0.08100190786976139
2013-04-04,1559.97998046875,1559.97998046875,1562.5999755859375,1552.52001953125,1553.68994140625,3350670000,0.00404027901273718,0.0819341472154044
2013-04-05,1553.280029296875,1553.280029296875,1559.97998046875,1539.5,1559.97998046875,3515410000,-0.004304145168907425,0.08350819666037897
2013-04-08,1563.0699462890625,1563.0699462890625,1563.0699462890625,1548.6300048828125,1553.260009765625,2887120000,0.006282958765271296,0.08487497174322824
2013-04-09,1568.6099853515625,1568.6099853515625,1573.8900146484375,1560.9200439453125,1563.1099853515625,3252780000,0.0035380658065768955,0.08500599509774474
2013-04-10,1587.72998046875,1587.72998046875,1589.0699462890625,1568.6099853515625,1568.6099853515625,3453350000,0.012115443329548725,0.09340555925601432
2013-04-11,1593.3699951171875,1593.3699951171875,1597.3499755859375,1586.1700439453125,1587.72998046875,3393950000,0.003545956179577203,0.09378164259788219
2013-04-12,1588.8499755859375,1588.8499755859375,1593.300048828125,1579.969970703125,1593.300048828125,3206290000,-0.0028407983185489982,0.09338474947893396
2013-04-15,1552.3599853515625,1552.3599853515625,1588.8399658203125,1552.280029296875,1588.8399658203125,4660130000,-0.02323412455036511,0.12505136565495065
2013-04-16,1574.5699462890625,1574.5699462890625,1575.3499755859375,1552.3599853515625,1552.3599853515625,3654700000,0.014205840828064531,0.13298055937399067
2013-04-17,1552.010009765625,1552.010009765625,1574.5699462890625,1543.68994140625,1574.5699462890625,4250310000,-0.014431313685983937,0.14269000851885316
2013-04-18,1541.6099853515625,1541.6099853515625,1554.3800048828125,1536.030029296875,1552.030029296875,3890800000,-0.006723555969544215,0.1424621922348221
2013-04-19,1555.25,1555.25,1555.8900146484375,1539.4000244140625,1541.6099853515625,3569870000,0.008808989051054539,0.1430206941950129
2013-04-22,1562.5,1562.5,1565.550048828125,1548.18994140625,1555.25,2979880000,0.00465079821542691,0.1417702644503203
2013-04-23,1578.780029296875,1578.780029296875,1579.5799560546875,1562.5,1562.5,3565150000,0.010365312805553195,0.14536485598997487
2013-04-24,1578.7900390625,1578.7900390625,1583.0,1575.800048828125,1578.780029296875,3598240000,6.340170072505202e-06,0.14319336362886848
2013-04-25,1585.1600341796875,1585.1600341796875,1592.6400146484375,1578.9300537109375,1578.9300537109375,3908580000,0.0040266145649914264,0.14364978583856478
2013-04-26,1582.239990234375,1582.239990234375,1585.780029296875,1577.56005859375,1585.1600341796875,3198620000,-0.001843811801517603,0.14336995044352938
2013-04-29,1593.6099853515625,1593.6099853515625,1596.6500244140625,1582.3399658203125,1582.3399658203125,2891200000,0.007160315369406867,0.1440164082541956
2013-04-30,1597.5699462890625,1597.5699462890625,1597.5699462890625,1586.5,1593.5799560546875,3745070000,0.0024818174185821107,0.14333767469189945
2013-05-01,1582.699951171875,1582.699951171875,1597.550048828125,1581.280029296875,1597.550048828125,3530320000,-0.009351472649563597,0.14213756332261404
2013-05-02,1597.5899658203125,1597.5899658203125,1598.5999755859375,1582.77001953125,1582.77001953125,3366950000,0.009364003810320654,0.14477666823958382
2013-05-03,1614.4200439453125,1614.4200439453125,1618.4599609375,1597.5999755859375,1597.5999755859375,3603910000,0.010479563948170068,0.14672814973515882
2013-05-06,1617.5,1617.5,1619.77001953125,1614.2099609375,1614.4000244140625,3062240000,0.0019059611284841793,0.14587110042701493
2013-05-07,1625.9599609375,1625.9599609375,1626.030029296875,1616.6400146484375,1617.550048828125,3309580000,0.005216639159836944,0.14625104666538563
2013-05-08,1632.68994140625,1632.68994140625,1632.780029296875,1622.699951171875,1625.949951171875,3554700000,0.004130538866697009,0.14168969824872912
2013-05-09,1626.6700439453125,1626.6700439453125,1635.010009765625,1623.0899658203125,1632.68994140625,3457400000,-0.0036939180287731688,0.14251726927641667
2013-05-10,1633.699951171875,1633.699951171875,1633.699951171875,1623.7099609375,1626.68994140625,3086470000,0.00431234377158507,0.14221513505342087
2013-05-13,1633.77001953125,1633.77001953125,1636.0,1626.739990234375,1632.0999755859375,2910600000,4.288844886968235e-05,0.1107501848645578
2013-05-14,1650.3399658203125,1650.3399658203125,1651.0999755859375,1633.75,1633.75,3457790000,0.010091066969150297,0.10611428470782003
2013-05-15,1658.780029296875,1658.780029296875,1661.489990234375,1646.6800537109375,1649.1300048828125,3657440000,0.005101103490210868,0.08698824639877645
2013-05-16,1650.469970703125,1650.469970703125,1660.510009765625,1648.5999755859375,1658.0699462890625,3513130000,-0.0050223319854110215,0.08468022472300109
2013-05-17,1667.469970703125,1667.469970703125,1667.469970703125,1652.449951171875,1652.449951171875,3440710000,0.01024741198656276,0.0859718074845599
2013-05-20,1666.2900390625,1666.2900390625,1672.8399658203125,1663.52001953125,1665.7099609375,3275080000,-0.0007078684047074901,0.08704741145938673
2013-05-21,1669.1600341796875,1669.1600341796875,1674.9300537109375,1662.6700439453125,1666.199951171875,3513560000,0.0017209046830028996,0.08315189913342194
2013-05-22,1655.3499755859375,1655.3499755859375,1687.1800537109375,1648.8599853515625,1669.3900146484375,4361020000,-0.008308074265778842,0.0912336453263071
2013-05-23,1650.510009765625,1650.510009765625,1655.5,1635.530029296875,1651.6199951171875,3945510000,-0.0029281151046065546,0.09279980328694766
2013-05-24,1649.5999755859375,1649.5999755859375,1649.780029296875,1636.8800048828125,1646.6700439453125,2758080000,-0.0005515174989882965,0.09222780047599692
2013-05-28,1660.06005859375,1660.06005859375,1674.2099609375,1652.6300048828125,1652.6300048828125,3457400000,0.00632096210916,0.09168990899111987
2013-05-29,1648.3599853515625,1648.3599853515625,1656.5699462890625,1640.050048828125,1656.5699462890625,3587140000,-0.007072936243165628,0.09692298299961968
2013-05-30,1654.4100341796875,1654.4100341796875,1661.9100341796875,1648.6099853515625,1649.1400146484375,3498620000,0.0036636251143127296,0.08855141441870627
2013-05-31,1630.739990234375,1630.739990234375,1658.989990234375,1630.739990234375,1652.1300048828125,4099600000,-0.014410576921856766,0.10160917400639895
2013-06-03,1640.4200439453125,1640.4200439453125,1640.4200439453125,1622.719970703125,1631.7099609375,3952070000,0.005918439859741831,0.09740098658172967
2013-06-04,1631.3800048828125,1631.3800048828125,1646.530029296875,1623.6199951171875,1640.72998046875,3653840000,-0.005526048005605411,0.09970336457843171
2013-06-05,1608.9000244140625,1608.9000244140625,1629.31005859375,1607.0899658203125,1629.050048828125,3632350000,-0.01387555454392242,0.1095430058716556
2013-06-06,1622.56005859375,1622.56005859375,1622.56005859375,1598.22998046875,1609.2900390625,3547380000,0.008454454144231072,0.11283174962990672
2013-06-07,1643.3800048828125,1643.3800048828125,1644.4000244140625,1625.27001953125,1625.27001953125,3371990000,0.012749914526945183,0.1206894184092641
2013-06-10,1642.81005859375,1642.81005859375,1648.68994140625,1639.260009765625,1644.6700439453125,2978730000,-0.00034687360363694353,0.11991438718973163
2013-06-11,1626.1300048828125,1626.1300048828125,1640.1300048828125,1622.9200439453125,1638.6400146484375,3435710000,-0.010205264184820706,0.125289004979434
2013-06-12,1612.52001953125,1612.52001953125,1637.7099609375,1610.9200439453125,1629.93994140625,3202550000,-0.008404776908051304,0.12239114481288253
2013-06-13,1636.3599853515625,1636.3599853515625,1639.25,1608.0699462890625,1612.1500244140625,3378620000,0.014676069097359523,0.13261800079163616
2013-06-14,1626.72998046875,1626.72998046875,1640.800048828125,1623.9599609375,1635.52001953125,2939400000,-0.005902401062458651,0.13301540973145085
2013-06-17,1639.0400390625,1639.0400390625,1646.5,1630.3399658203125,1630.6400146484375,3137080000,0.007538875562715042,0.13050682007656828
2013-06-18,1651.81005859375,1651.81005859375,1654.18994140625,1639.77001953125,1639.77001953125,3120980000,0.007760963428783185,0.13387667588815516
2013-06-19,1628.9300537109375,1628.9300537109375,1652.449951171875,1628.9100341796875,1651.8299560546875,3545060000,-0.01394830132848135,0.14145687073581836
2013-06-20,1588.18994140625,1588.18994140625,1624.6199951171875,1584.3199462890625,1624.6199951171875,4858850000,-0.025328424392299098,0.1628431475324494
2013-06-21,1592.4300537109375,1592.4300537109375,1599.18994140625,1577.699951171875,1588.6199951171875,5797280000,0.002666219053526042,0.16362047326240228
2013-06-24,1573.0899658203125,1573.0899658203125,1588.77001953125,1560.3299560546875,1588.77001953125,4733660000,-0.012219368959627275,0.16744177794675147
2013-06-25,1588.030029296875,1588.030029296875,1593.7900390625,1577.0899658203125,1577.52001953125,3761170000,0.009452456559302824,0.1698243934314157
2013-06-26,1603.260009765625,1603.260009765625,1606.8299560546875,1592.27001953125,1592.27001953125,3558340000,0.009544789666189324,0.17353019919618368
2013-06-27,1613.199951171875,1613.199951171875,1620.0699462890625,1606.43994140625,1606.43994140625,3364540000,0.006180691300296637,0.17466806971783563
2013-06-28,1606.280029296875,1606.280029296875,1615.93994140625,1601.06005859375,1611.1199951171875,4977190000,-0.004298788980467982,0.16847008580217318
2013-07-01,1614.9599609375,1614.9599609375,1626.6099853515625,1609.780029296875,1609.780029296875,3104690000,0.005389199609390438,0.16821566881132344
2013-07-02,1614.0799560546875,1614.0799560546875,1624.260009765625,1606.77001953125,1614.2900390625,3317130000,-0.0005450566900506715,0.16732610756190464
2013-07-03,1615.4100341796875,1615.4100341796875,1618.969970703125,1604.5699462890625,1611.47998046875,1966050000,0.0008237078945754206,0.16013125215373972
2013-07-05,1631.8900146484375,1631.8900146484375,1632.0699462890625,1614.7099609375,1618.6500244140625,2634140000,0.01015004570322553,0.1613352239100327
2013-07-08,1640.4599609375,1640.4599609375,1644.6800537109375,1634.199951171875,1634.199951171875,3514590000,0.005237805213836211,0.15602944958743387
2013-07-09,1652.3199462890625,1652.3199462890625,1654.1800537109375,1642.8900146484375,1642.8900146484375,3155360000,0.007203661934862993,0.15804595674757718
2013-07-10,1652.6199951171875,1652.6199951171875,1657.9200439453125,1647.6600341796875,1651.56005859375,3011010000,0.00018157596462842207,0.15337265735679806
2013-07-11,1675.02001953125,1675.02001953125,1676.6300048828125,1657.4100341796875,1657.4100341796875,3446340000,0.01346321276535356,0.15546847531866131
2013-07-12,1680.18994140625,1680.18994140625,1680.18994140625,1672.3299560546875,1675.260009765625,3039070000,0.0030817302206287422,0.14848257088064298
2013-07-15,1682.5,1682.5,1684.510009765625,1677.8900146484375,1679.5899658203125,2623200000,0.0013739351515562603,0.1461376115893547
2013-07-16,1676.260009765625,1676.260009765625,1683.72998046875,1671.8399658203125,1682.699951171875,3081710000,-0.003715655417707353,0.14564429170266682
2013-07-17,1680.9100341796875,1680.9100341796875,1684.75,1677.9100341796875,1677.9100341796875,3153440000,0.0027702066483987764,0.14378988794398517
2013-07-18,1689.3699951171875,1689.3699951171875,1693.1199951171875,1681.050048828125,1681.050048828125,3452370000,0.005020341712006271,0.13378204745816386
2013-07-19,1692.0899658203125,1692.0899658203125,1692.0899658203125,1684.0799560546875,1686.1500244140625,3302580000,0.0016087555796460151,0.09029563570533461
2013-07-22,1695.530029296875,1695.530029296875,1697.6099853515625,1690.6700439453125,1694.4100341796875,2779130000,0.0020309625424266287,0.09036687805347125
2013-07-23,1692.3900146484375,1692.3900146484375,1698.780029296875,1691.1300048828125,1696.6300048828125,3096180000,-0.001853653868336913,0.07376362149928428
2013-07-24,1685.93994140625,1685.93994140625,1698.3800048828125,1682.5699462890625,1696.06005859375,3336120000,-0.003818502729718176,0.07490243347720266
2013-07-25,1690.25,1690.25,1690.93994140625,1680.0699462890625,1685.2099609375,3322500000,0.002553209985189042,0.07099912285823265
2013-07-26,1691.6500244140625,1691.6500244140625,1691.8499755859375,1676.030029296875,1687.31005859375,2762770000,0.0008279514379090358,0.07004633789208412
2013-07-29,1685.3299560546875,1685.3299560546875,1690.9200439453125,1681.8599853515625,1690.3199462890625,2840520000,-0.0037430341753674767,0.06940267101632061
2013-07-30,1685.9599609375,1685.9599609375,1693.18994140625,1682.4200439453125,1687.9200439453125,3320530000,0.00037374708533377543,0.06884973069639144
2013-07-31,1685.72998046875,1685.72998046875,1698.4300537109375,1684.93994140625,1687.760009765625,3847390000,-0.00013641851599821564,0.06866235174953961
2013-08-01,1706.8699951171875,1706.8699951171875,1707.8499755859375,1689.4200439453125,1689.4200439453125,3775170000,0.012462588230416571,0.0770756599545327
2013-08-02,1709.6700439453125,1709.6700439453125,1709.6700439453125,1700.6800537109375,1706.0999755859375,3136630000,0.0016391140879470356,0.07225901006581745
2013-08-05,1707.1400146484375,1707.1400146484375,1709.239990234375,1703.550048828125,1708.010009765625,2529300000,-0.0014809308775634022,0.07258825579148134
2013-08-06,1697.3699951171875,1697.3699951171875,1705.7900390625,1693.2900390625,1705.7900390625,3141210000,-0.005739472830554426,0.07466257091973076
2013-08-07,1690.9100341796875,1690.9100341796875,1695.300048828125,1684.9100341796875,1695.300048828125,3010230000,-0.0038131256619413634,0.07669829572699295
2013-08-08,1697.47998046875,1697.47998046875,1700.1800537109375,1688.3800048828125,1693.3499755859375,3271660000,0.0038779210740464976,0.06330094518337914
2013-08-09,1691.4200439453125,1691.4200439453125,1699.4200439453125,1686.02001953125,1696.0999755859375,2957670000,-0.0035763480414265914,0.06428310211574548
2013-08-12,1689.469970703125,1689.469970703125,1691.489990234375,1683.3499755859375,1688.3699951171875,2789160000,-0.0011535858605249416,0.06436217950555727
2013-08-13,1694.1600341796875,1694.1600341796875,1696.81005859375,1682.6199951171875,1690.6500244140625,3035560000,0.0027722100072677947,0.06328548949968447
2013-08-14,1685.3900146484375,1685.3900146484375,1695.52001953125,1684.8299560546875,1693.8800048828125,2871430000,-0.005190063227857422,0.06568394179713115
2013-08-15,1661.3199462890625,1661.3199462890625,1679.6099853515625,1658.5899658203125,1679.6099853515625,3426690000,-0.01438456494796192,0.08019851205105365
2013-08-16,1655.8299560546875,1655.8299560546875,1663.5999755859375,1652.6099853515625,1661.219970703125,3211450000,-0.0033100676234782966,0.08011386419210946
2013-08-19,1646.06005859375,1646.06005859375,1659.1800537109375,1645.8399658203125,1655.25,2904530000,-0.00591777795715398,0.08093671834559879
2013-08-20,1652.3499755859375,1652.3499755859375,1658.9200439453125,1646.0799560546875,1646.81005859375,2994090000,0.003813913098371202,0.08295755195887343
2013-08-21,1642.800048828125,1642.800048828125,1656.989990234375,1639.4300537109375,1650.6600341796875,2932180000,-0.005796369467346629,0.08402044426875026
2013-08-22,1656.9599609375,1656.9599609375,1659.550048828125,1645.030029296875,1645.030029296875,2537460000,0.008582441743413938,0.08988553028405095
2013-08-23,1663.5,1663.5,1664.8499755859375,1654.81005859375,1659.9200439453125,2582670000,0.003939241910212665,0.09131361049582266
2013-08-26,1656.780029296875,1656.780029296875,1669.510009765625,1656.02001953125,1664.2900390625,2430670000,-0.004047839230057804,0.09144174902529652
2013-08-27,1630.47998046875,1630.47998046875,1652.5400390625,1629.050048828125,1652.5400390625,3219190000,-0.016001539229184125,0.105188398337955
2013-08-28,1634.9599609375,1634.9599609375,1641.1800537109375,1627.469970703125,1630.25,2784010000,0.0027438773089691892,0.10618585756361935
2013-08-29,1638.1700439453125,1638.1700439453125,1646.4100341796875,1630.8800048828125,1633.5,2527550000,0.00196147664909585,0.09430184043113621
2013-08-30,1632.969970703125,1632.969970703125,1640.0799560546875,1628.050048828125,1638.8900146484375,2734300000,-0.0031793671926347855,0.09339328460729339
2013-09-03,1639.77001953125,1639.77001953125,1651.3499755859375,1633.4100341796875,1635.949951171875,3731610000,0.004155575226959307,0.09601158808467812
2013-09-04,1653.0799560546875,1653.0799560546875,1655.719970703125,1637.4100341796875,1640.719970703125,3312150000,0.008084187928560027,0.10103234944578432
2013-09-05,1655.0799560546875,1655.0799560546875,1659.1700439453125,1653.0699462890625,1653.280029296875,2957110000,0.0012091315394675561,0.1009662094372658
2013-09-06,1655.1700439453125,1655.1700439453125,1664.8299560546875,1640.6199951171875,1657.43994140625,3123880000,5.442965978197378e-05,0.09946024016307771
2013-09-09,1671.7099609375,1671.7099609375,1672.4000244140625,1656.8499755859375,1656.8499755859375,3102780000,0.009943282138970666,0.10626265747786798
2013-09-10,1683.989990234375,1683.989990234375,1684.0899658203125,1675.1099853515625,1675.1099853515625,3691800000,0.00731894048480175,0.10968060170317757
2013-09-11,1689.1300048828125,1689.1300048828125,1689.1300048828125,1678.699951171875,1681.0400390625,3135460000,0.0030476346138188504,0.10977755222495975
2013-09-12,1683.4200439453125,1683.4200439453125,1689.969970703125,1681.9599609375,1689.2099609375,3106290000,-0.0033861418278018363,0.1089077007491123
2013-09-13,1687.989990234375,1687.989990234375,1688.72998046875,1682.219970703125,1685.0400390625,2736500000,0.002711001653103118,0.09585104543610902
2013-09-16,1697.5999755859375,1697.5999755859375,1704.949951171875,1691.699951171875,1691.699951171875,3079800000,0.005677008295821295,0.09604281933139346
2013-09-17,1704.760009765625,1704.760009765625,1705.52001953125,1697.72998046875,1697.72998046875,2774240000,0.0042088695965523115,0.09286380961828214
2013-09-18,1725.52001953125,1725.52001953125,1729.43994140625,1700.3499755859375,1705.739990234375,3989760000,0.01210412155841567,0.09938369845838982
2013-09-19,1722.3399658203125,1722.3399658203125,1729.8599853515625,1720.199951171875,1727.3399658203125,3740130000,-0.0018446541484813395,0.0962864249910664
2013-09-20,1709.9100341796875,1709.9100341796875,1725.22998046875,1708.8900146484375,1722.43994140625,5074030000,-0.007243053962847412,0.0989394836808225
2013-09-23,1701.8399658203125,1701.8399658203125,1711.43994140625,1697.0999755859375,1711.43994140625,3126950000,-0.004730758941951407,0.10085517138259778
2013-09-24,1697.4200439453125,1697.4200439453125,1707.6300048828125,1694.9000244140625,1702.5999755859375,3268930000,-0.0026005214977313784,0.1000382512424314
2013-09-25,1692.77001953125,1692.77001953125,1701.7099609375,1691.8800048828125,1698.02001953125,3148730000,-0.0027432251543784147,0.07975383552103157
2013-09-26,1698.6700439453125,1698.6700439453125,1703.8499755859375,1693.1099853515625,1694.050048828125,2813930000,0.0034793658479985723,0.07989531276170797
2013-09-27,1691.75,1691.75,1695.52001953125,1687.1099853515625,1695.52001953125,2951700000,-0.004082121663444127,0.08253989518130511
2013-09-30,1681.550048828125,1681.550048828125,1687.260009765625,1674.989990234375,1687.260009765625,3308630000,-0.0060474799811904845,0.08519037443958799
2013-10-01,1695.0,1695.0,1696.550048828125,1682.0699462890625,1682.4100341796875,3238690000,0.007966724683406312,0.08769032470983397
2013-10-02,1693.8699951171875,1693.8699951171875,1693.8699951171875,1680.3399658203125,1691.9000244140625,3148600000,-0.0006668918703409688,0.08478653400780589
2013-10-03,1678.6600341796875,1678.6600341796875,1692.3499755859375,1670.3599853515625,1692.3499755859375,3279650000,-0.00901997250055242,0.09188971677351135
2013-10-04,1690.5,1690.5,1691.93994140625,1677.3299560546875,1678.7900390625,2880270000,0.007028466704283254,0.09439895748417168
2013-10-07,1676.1199951171875,1676.1199951171875,1687.1500244140625,1674.699951171875,1687.1500244140625,2678490000,-0.008542747536819384,0.09413608438593238
2013-10-08,1655.449951171875,1655.449951171875,1676.7900390625,1655.030029296875,1676.219970703125,3569230000,-0.012408749931083207,0.09973501529788915
2013-10-09,1656.4000244140625,1656.4000244140625,1662.469970703125,1646.469970703125,1656.989990234375,3577840000,0.0005737417306050929,0.09887898872319859
2013-10-10,1692.56005859375,1692.56005859375,1692.56005859375,1660.8800048828125,1660.8800048828125,3362300000,0.02159562288283645,0.1254256463659207
2013-10-11,1703.199951171875,1703.199951171875,1703.43994140625,1688.52001953125,1691.0899658203125,2944670000,0.006266595617328008,0.12689196400536792
2013-10-14,1710.1400146484375,1710.1400146484375,1711.030029296875,1692.1300048828125,1699.8599853515625,2580580000,0.004066441145288202,0.12617612592675992
2013-10-15,1698.06005859375,1698.06005859375,1711.5699462890625,1695.9300537109375,1709.1700439453125,3327740000,-0.007088789613758806,0.12788560585741227
2013-10-16,1721.5400390625,1721.5400390625,1721.760009765625,1700.489990234375,1700.489990234375,3486180000,0.013732804307132085,0.12996671919000338
2013-10-17,1733.1500244140625,1733.1500244140625,1733.449951171875,1714.1199951171875,1720.1700439453125,3453590000,0.006721314413737467,0.1318953701269528
2013-10-18,1744.5,1744.5,1745.31005859375,1735.739990234375,1736.719970703125,3664890000,0.0065274054636228485,0.13055341525056943
2013-10-21,1744.6600341796875,1744.6600341796875,1747.7900390625,1740.6700439453125,1745.199951171875,3052710000,9.173220960434492e-05,0.12894172135064064
2013-10-22,1754.6700439453125,1754.6700439453125,1759.3299560546875,1746.47998046875,1746.47998046875,3850840000,0.005721116239627122,0.12903095361908395
2013-10-23,1746.3800048828125,1746.3800048828125,1752.27001953125,1740.5,1752.27001953125,3713380000,-0.004735753240036722,0.13006741113269948
2013-10-24,1752.0699462890625,1752.0699462890625,1753.93994140625,1745.5,1747.47998046875,3671700000,0.0032528385443555408,0.13002762381070182
2013-10-25,1759.77001953125,1759.77001953125,1759.8199462890625,1752.449951171875,1756.010009765625,3175720000,0.004385214392774728,0.12870169340106513
2013-10-28,1762.1099853515625,1762.1099853515625,1764.989990234375,1757.6700439453125,1759.4200439453125,3282300000,0.0013288165192371082,0.12539903314853323
2013-10-29,1771.949951171875,1771.949951171875,1772.0899658203125,1762.9300537109375,1762.9300537109375,3358460000,0.005568661214094384,0.12431295779380892
2013-10-30,1763.31005859375,1763.31005859375,1775.219970703125,1757.239990234375,1772.27001953125,3523040000,-0.004887849694569901,0.12638843604145325
2013-10-31,1756.5400390625,1756.5400390625,1768.530029296875,1755.719970703125,1763.239990234375,3826530000,-0.0038467705679376962,0.12188769300168695
2013-11-01,1761.6400146484375,1761.6400146484375,1765.6700439453125,1752.699951171875,1758.699951171875,3686290000,0.0028992144122090835,0.12068676311210466
2013-11-04,1767.9300537109375,1767.9300537109375,1768.780029296875,1761.56005859375,1763.4000244140625,3194870000,0.00356419937809882,0.11438824807450065
2013-11-05,1762.969970703125,1762.969970703125,1767.030029296875,1755.760009765625,1765.6700439453125,3516680000,-0.002809530848340458,0.10266920560233783
2013-11-06,1770.489990234375,1770.489990234375,1773.739990234375,1764.4000244140625,1765.0,3322100000,0.0042564687122874645,0.1022964238733115
2013-11-07,1747.1500244140625,1747.1500244140625,1774.5400390625,1746.199951171875,1770.739990234375,4143200000,-0.013270435999594987,0.09469738688944139
2013-11-08,1770.6099853515625,1770.6099853515625,1770.780029296875,1747.6300048828125,1748.3699951171875,3837170000,0.013338208792264439,0.10198078355066696
2013-11-11,1771.8900146484375,1771.8900146484375,1773.43994140625,1767.8499755859375,1769.9599609375,2534060000,0.0007226700649729523,0.10175853064415528
2013-11-12,1767.68994140625,1767.68994140625,1771.780029296875,1762.2900390625,1769.510009765625,3221030000,-0.0023732054456200302,0.09781530124345779
2013-11-13,1782.0,1782.0,1782.0,1760.6400146484375,1764.3699951171875,3327480000,0.008062752720499056,0.0909810642741118
2013-11-14,1790.6199951171875,1790.6199951171875,1791.530029296875,1780.219970703125,1782.75,3139060000,0.004825596820451139,0.08989954173840634
2013-11-15,1798.1800537109375,1798.1800537109375,1798.219970703125,1790.6600341796875,1790.6600341796875,3254820000,0.00421314627388103,0.08865937807096232
2013-11-18,1791.530029296875,1791.530029296875,1802.3299560546875,1788.0,1798.8199462890625,3168520000,-0.0037050524235047178,0.09038390595700527
2013-11-19,1787.8699951171875,1787.8699951171875,1795.510009765625,1784.719970703125,1790.7900390625,3224450000,-0.0020450552776010156,0.08961556741950416
2013-11-20,1781.3699951171875,1781.3699951171875,1795.72998046875,1777.22998046875,1789.5899658203125,3109140000,-0.003642235996161425,0.08881968095942207
2013-11-21,1795.8499755859375,1795.8499755859375,1797.1600341796875,1783.52001953125,1783.52001953125,3256630000,0.008095705420756438,0.09189994592194177
2013-11-22,1804.760009765625,1804.760009765625,1804.8399658203125,1794.699951171875,1797.2099609375,3055140000,0.004949190500028955,0.09216394447469485
2013-11-25,1802.47998046875,1802.47998046875,1808.0999755859375,1800.5799560546875,1806.3299560546875,2998540000,-0.001264140787239576,0.09257602720872465
2013-11-26,1802.75,1802.75,1808.4200439453125,1800.77001953125,1802.8699951171875,3427120000,0.00014979323550345924,0.0911923124766532
2013-11-27,1807.22998046875,1807.22998046875,1808.27001953125,1802.77001953125,1803.47998046875,2613590000,0.002481998677461128,0.08887288311902952
2013-11-29,1805.81005859375,1805.81005859375,1813.550048828125,1803.97998046875,1808.68994140625,1598300000,-0.0007859984571165768,0.08728653844549729
2013-12-02,1800.9000244140625,1800.9000244140625,1810.02001953125,1798.5999755859375,1806.550048828125,3095430000,-0.0027227235347160317,0.08821838102670727
2013-12-03,1795.1500244140625,1795.1500244140625,1800.0999755859375,1787.8499755859375,1800.0999755859375,3475680000,-0.003197955991893764,0.08893969353423431
2013-12-04,1792.81005859375,1792.81005859375,1799.800048828125,1779.0899658203125,1793.1500244140625,3610540000,-0.0013043434697870282,0.08832804257893226
2013-12-05,1785.030029296875,1785.030029296875,1792.8199462890625,1783.3800048828125,1792.8199462890625,3336880000,-0.004349015813080115,0.08914715490480661
2013-12-06,1805.0899658203125,1805.0899658203125,1806.0400390625,1788.3599853515625,1788.3599853515625,3150030000,0.011175194876876127,0.08169116431494204
2013-12-09,1808.3699951171875,1808.3699951171875,1811.52001953125,1806.2099609375,1806.2099609375,3129500000,0.0018154512479506835,0.06973774517253463
2013-12-10,1802.6199951171875,1802.6199951171875,1808.52001953125,1801.75,1807.5999755859375,3117150000,-0.0031847248956573537,0.07126598023042813
2013-12-11,1782.219970703125,1782.219970703125,1802.969970703125,1780.0899658203125,1802.760009765625,3472240000,-0.011381397674607108,0.08236546907260522
2013-12-12,1775.5,1775.5,1782.989990234375,1772.280029296875,1781.7099609375,3306640000,-0.003777688379155819,0.07860400416817245
2013-12-13,1775.3199462890625,1775.3199462890625,1780.9200439453125,1772.449951171875,1777.97998046875,3061070000,-0.00010141528650642329,0.07646784511036639
2013-12-16,1786.5400390625,1786.5400390625,1792.219970703125,1777.47998046875,1777.47998046875,3209890000,0.006300152129396608,0.07838120579398
2013-12-17,1781.0,1781.0,1786.77001953125,1777.050048828125,1786.469970703125,3270030000,-0.003105805936371553,0.0780824260769564
2013-12-18,1810.6500244140625,1810.6500244140625,1811.0799560546875,1767.989990234375,1781.4599609375,4327770000,0.016510906009174597,0.09695338910561666
2013-12-19,1809.5999755859375,1809.5999755859375,1810.8800048828125,1801.3499755859375,1809.0,3497210000,-0.0005800974283936,0.09582427991569589
2013-12-20,1818.3199462890625,1818.3199462890625,1823.75,1810.25,1810.3900146484375,5097700000,0.004807155440690103,0.09330589338346316
2013-12-23,1827.989990234375,1827.989990234375,1829.75,1822.9200439453125,1822.9200439453125,2851540000,0.005304028886206069,0.09352108186267362
2013-12-24,1833.3199462890625,1833.3199462890625,1833.3199462890625,1828.02001953125,1828.02001953125,1307630000,0.0029115043043059785,0.09356597737328524
2013-12-26,1842.02001953125,1842.02001953125,1842.8399658203125,1834.9599609375,1834.9599609375,1982270000,0.004734304621132779,0.09447476874943207
2013-12-27,1841.4000244140625,1841.4000244140625,1844.8900146484375,1839.81005859375,1842.969970703125,2052920000,-0.0003366410106071527,0.09445007953979295
2013-12-30,1841.0699462890625,1841.0699462890625,1842.469970703125,1838.77001953125,1841.469970703125,2293860000,-0.00017926996201467205,0.09433391222028843
2013-12-31,1848.3599853515625,1848.3599853515625,1849.43994140625,1842.4100341796875,1842.6099853515625,2312840000,0.003951856349111438,0.09386991739788979
2014-01-02,1831.97998046875,1831.97998046875,1845.8599853515625,1827.739990234375,1845.8599853515625,3080600000,-0.008901413016629611,0.09923459316449942
2014-01-03,1831.3699951171875,1831.3699951171875,1838.239990234375,1829.1300048828125,1833.2099609375,2774270000,-0.0003330205201601544,0.09900512988284697
2014-01-06,1826.77001953125,1826.77001953125,1837.1600341796875,1823.72998046875,1832.31005859375,3294850000,-0.00251492725375968,0.09793925106727928
2014-01-07,1837.8800048828125,1837.8800048828125,1840.0999755859375,1828.7099609375,1828.7099609375,3511750000,0.006063345375391549,0.09281265343880904
2014-01-08,1837.489990234375,1837.489990234375,1840.02001953125,1831.4000244140625,1837.9000244140625,3652140000,-0.00021223150345139885,0.09282581418351638
2014-01-09,1838.1300048828125,1838.1300048828125,1843.22998046875,1830.3800048828125,1839.0,3581150000,0.0003482485435144511,0.09171362685495288
2014-01-10,1842.3699951171875,1842.3699951171875,1843.1500244140625,1832.4300537109375,1840.06005859375,3335710000,0.0023040304904551334,0.07994839379921677
2014-01-13,1819.199951171875,1819.199951171875,1843.449951171875,1815.52001953125,1841.260009765625,3591350000,-0.01265596645879441,0.09247581821644534
2014-01-14,1838.8800048828125,1838.8800048828125,1839.260009765625,1821.3599853515625,1821.3599853515625,3353270000,0.01075987611993412,0.09799662810834699
2014-01-15,1848.3800048828125,1848.3800048828125,1850.8399658203125,1840.52001953125,1840.52001953125,3777800000,0.005152889134683036,0.09740533392728905
2014-01-16,1845.8900146484375,1845.8900146484375,1847.989990234375,1840.300048828125,1847.989990234375,3491310000,-0.0013480284864257897,0.09649788649563824
2014-01-17,1838.699951171875,1838.699951171875,1846.0400390625,1835.22998046875,1844.22998046875,3626120000,-0.0039027803200157862,0.08201717575898693
2014-01-21,1843.800048828125,1843.800048828125,1849.31005859375,1832.3800048828125,1841.050048828125,3782470000,0.0027699122428179734,0.08214189071648745
2014-01-22,1844.8599853515625,1844.8599853515625,1846.8699951171875,1840.8800048828125,1844.7099609375,3374170000,0.0005747000497677845,0.08092492229615045
2014-01-23,1828.4599609375,1828.4599609375,1842.2900390625,1820.06005859375,1842.2900390625,3972250000,-0.008929324764570978,0.0856226920570575
2014-01-24,1790.2900390625,1790.2900390625,1826.9599609375,1790.2900390625,1826.9599609375,4618450000,-0.02109642142734014,0.11169976196249715
2014-01-27,1781.56005859375,1781.56005859375,1795.97998046875,1772.8800048828125,1791.030029296875,4045200000,-0.0048882218533394806,0.1102234103280061
2014-01-28,1792.5,1792.5,1793.8699951171875,1779.489990234375,1783.0,3437830000,0.006121875622431716,0.11342526981162007
2014-01-29,1774.199951171875,1774.199951171875,1790.1500244140625,1770.449951171875,1790.1500244140625,3964020000,-0.01026170390849579,0.11741266264680472
2014-01-30,1794.18994140625,1794.18994140625,1798.77001953125,1777.1700439453125,1777.1700439453125,3547510000,0.011204044372218114,0.12440088719230999
2014-01-31,1782.5899658203125,1782.5899658203125,1793.8800048828125,1772.260009765625,1790.8800048828125,4059690000,-0.006486290214249735,0.12285831615466704
2014-02-03,1741.8900146484375,1741.8900146484375,1784.8299560546875,1739.6600341796875,1782.6800537109375,4726040000,-0.023096604704487156,0.14388864509316424
2014-02-04,1755.199951171875,1755.199951171875,1758.72998046875,1743.8199462890625,1743.8199462890625,4068410000,0.007612043683081993,0.1480841539138214
2014-02-05,1751.6400146484375,1751.6400146484375,1755.7900390625,1737.9200439453125,1753.3800048828125,3984290000,-0.0020302824086568805,0.14515088166391157
2014-02-06,1773.4300537109375,1773.4300537109375,1774.06005859375,1752.989990234375,1752.989990234375,3825410000,0.01236305445337571,0.15380487725662156
2014-02-07,1797.02001953125,1797.02001953125,1798.030029296875,1776.010009765625,1776.010009765625,3775990000,0.013214193504296645,0.16225142304826756
2014-02-10,1799.8399658203125,1799.8399658203125,1799.93994140625,1791.8299560546875,1796.199951171875,3312160000,0.0015680048032544747,0.1620749744307408
2014-02-11,1819.75,1819.75,1823.5400390625,1800.4100341796875,1800.449951171875,3699380000,0.011001375944254654,0.161612726769492
2014-02-12,1819.260009765625,1819.260009765625,1826.550048828125,1815.969970703125,1820.1199951171875,3326380000,-0.00026929864772107237,0.15680685353284232
2014-02-13,1829.8299560546875,1829.8299560546875,1830.25,1809.219970703125,1814.8199462890625,3289510000,0.005793211978776469,0.15711492417512696
2014-02-14,1838.6300048828125,1838.6300048828125,1841.6500244140625,1825.5899658203125,1828.4599609375,3114750000,0.004797689385548587,0.15813455874294882
2014-02-18,1840.760009765625,1840.760009765625,1842.8699951171875,1835.010009765625,1839.030029296875,3421110000,0.001157803392558776,0.15760870453713519
2014-02-19,1828.75,1828.75,1847.5,1826.989990234375,1838.9000244140625,3661570000,-0.006545861773195938,0.1588779088350879
2014-02-20,1839.780029296875,1839.780029296875,1842.7900390625,1824.5799560546875,1829.239990234375,3404980000,0.006013341826934138,0.1604094073784785
2014-02-21,1836.25,1836.25,1846.1300048828125,1835.5999755859375,1841.0699462890625,3403880000,-0.001920566673181412,0.1573735155206592
2014-02-24,1847.6099853515625,1847.6099853515625,1858.7099609375,1836.780029296875,1836.780029296875,4014530000,0.006167455552331447,0.13792612494567802
2014-02-25,1845.1199951171875,1845.1199951171875,1852.9100341796875,1840.18994140625,1847.6600341796875,3515560000,-0.0013485906767742861,0.1363708503957703
2014-02-26,1845.1600341796875,1845.1600341796875,1852.6500244140625,1840.6600341796875,1845.7900390625,3716730000,2.1699742124958732e-05,0.1355389097786213
2014-02-27,1854.2900390625,1854.2900390625,1854.530029296875,1841.1300048828125,1844.9000244140625,3547460000,0.004935881408416165,0.12903873419887557
2014-02-28,1859.449951171875,1859.449951171875,1867.9200439453125,1847.6700439453125,1855.1199951171875,3917450000,0.0027788242813375774,0.12486230669145462
2014-03-03,1845.72998046875,1845.72998046875,1857.6800537109375,1834.43994140625,1857.6800537109375,3428220000,-0.007405866200454803,0.12566790480592552
2014-03-04,1873.9100341796875,1873.9100341796875,1876.22998046875,1849.22998046875,1849.22998046875,3765770000,0.015152322676142305,0.09677088618590343
2014-03-05,1873.81005859375,1873.81005859375,1876.530029296875,1871.1099853515625,1874.050048828125,3392990000,-5.335274966444814e-05,0.09645281936101001
2014-03-06,1877.030029296875,1877.030029296875,1881.93994140625,1874.1800537109375,1874.1800537109375,3360450000,0.001716933496856754,0.09471410728957859
2014-03-07,1878.0400390625,1878.0400390625,1883.5699462890625,1870.56005859375,1878.52001953125,3564740000,0.0005379445771156455,0.08939015600470218
2014-03-10,1877.1700439453125,1877.1700439453125,1877.8699951171875,1867.0400390625,1877.8599853515625,3021350000,-0.00046335364121929956,0.08162731139869939
2014-03-11,1867.6300048828125,1867.6300048828125,1882.3499755859375,1863.8800048828125,1878.260009765625,3392400000,-0.005095096975215263,0.08542545431957041
2014-03-12,1868.199951171875,1868.199951171875,1868.3800048828125,1854.3800048828125,1866.1500244140625,3270860000,0.00030512432320950467,0.07873950908947008
2014-03-13,1846.3399658203125,1846.3399658203125,1874.4000244140625,1841.8599853515625,1869.06005859375,3670990000,-0.011770091695883167,0.0907853419556735
2014-03-14,1841.1300048828125,1841.1300048828125,1852.43994140625,1839.5699462890625,1845.0699462890625,3285460000,-0.0028257664174455854,0.08962910107902158
2014-03-17,1858.8299560546875,1858.8299560546875,1862.300048828125,1842.81005859375,1842.81005859375,2860490000,0.009567717695039057,0.09405016865900684
2014-03-18,1872.25,1872.25,1873.760009765625,1858.9200439453125,1858.9200439453125,2930190000,0.007193682245473454,0.09682216510167937
2014-03-19,1860.77001953125,1860.77001953125,1874.1400146484375,1850.3499755859375,1872.25,3289210000,-0.00615052509673486,0.0964507130186915
2014-03-20,1872.010009765625,1872.010009765625,1873.489990234375,1854.6300048828125,1860.0899658203125,3327540000,0.006022334087521841,0.09645676231135965
2014-03-21,1866.52001953125,1866.52001953125,1883.969970703125,1863.4599609375,1874.530029296875,5270710000,-0.0029369801166092557,0.09689018028246033
2014-03-24,1857.43994140625,1857.43994140625,1873.3399658203125,1849.68994140625,1867.6700439453125,3409000000,-0.00487658095936272,0.09674066526762641
2014-03-25,1865.6199951171875,1865.6199951171875,1871.8699951171875,1855.9599609375,1859.47998046875,3200560000,0.004394270848822046,0.0975703237993783
2014-03-26,1852.56005859375,1852.56005859375,1875.9200439453125,1852.56005859375,1867.0899658203125,3480850000,-0.007024936954875827,0.10103756076088617
2014-03-27,1849.0400390625,1849.0400390625,1855.550048828125,1842.1099853515625,1852.1099853515625,3733430000,-0.0019018913439774465,0.09976081633484297
2014-03-28,1857.6199951171875,1857.6199951171875,1866.6300048828125,1850.0699462890625,1850.0699462890625,2955520000,0.004629489243409779,0.10064503982394381
2014-03-31,1872.3399658203125,1872.3399658203125,1875.1800537109375,1859.1600341796875,1859.1600341796875,3274300000,0.00789287138479633,0.10047302516155529
2014-04-01,1885.52001953125,1885.52001953125,1885.8399658203125,1873.9599609375,1873.9599609375,3336190000,0.007014688044213457,0.08903370983947796
2014-04-02,1890.9000244140625,1890.9000244140625,1893.1700439453125,1883.7900390625,1886.6099853515625,3131660000,0.002849263831839366,0.08945031677145654
2014-04-03,1888.77001953125,1888.77001953125,1893.800048828125,1882.6500244140625,1891.4300537109375,3055600000,-0.001127085213011192,0.08948553550861911
2014-04-04,1865.0899658203125,1865.0899658203125,1897.280029296875,1863.260009765625,1890.25,3583750000,-0.012616542925314,0.10001987651895941
2014-04-07,1845.0400390625,1845.0400390625,1864.0400390625,1841.47998046875,1863.9200439453125,3801540000,-0.010808312332149406,0.10637473459773672
2014-04-08,1851.9599609375,1851.9599609375,1854.949951171875,1837.489990234375,1845.47998046875,3721450000,0.003743537980176903,0.10633962846138328
2014-04-09,1872.1800537109375,1872.1800537109375,1872.4300537109375,1852.3800048828125,1852.6400146484375,3308650000,0.010859039341966081,0.11328985738883375
2014-04-10,1833.0799560546875,1833.0799560546875,1872.530029296875,1830.8699951171875,1872.280029296875,3758780000,-0.021105967737387488,0.12912007586708507
2014-04-11,1815.68994140625,1815.68994140625,1835.0699462890625,1814.3599853515625,1830.6500244140625,3743460000,-0.00953205973989757,0.13276664956730666
2014-04-14,1830.6099853515625,1830.6099853515625,1834.18994140625,1815.800048828125,1818.1800537109375,3111540000,0.008183708150740543,0.1314988743241383
2014-04-15,1842.97998046875,1842.97998046875,1844.02001953125,1816.2900390625,1831.449951171875,3736440000,0.0067345795177038426,0.131157923888727
2014-04-16,1862.31005859375,1862.31005859375,1862.31005859375,1846.010009765625,1846.010009765625,3155080000,0.010433867948766107,0.13510533596365726
2014-04-17,1864.8499755859375,1864.8499755859375,1869.6300048828125,1856.719970703125,1861.72998046875,3341430000,0.0013629237070942324,0.13345805868842794
2014-04-21,1871.8900146484375,1871.8900146484375,1871.8900146484375,1863.1800537109375,1865.7900390625,2642500000,0.0037680156555719435,0.13373598515876992
2014-04-22,1879.550048828125,1879.550048828125,1884.8900146484375,1872.5699462890625,1872.5699462890625,3215440000,0.00408378899612849,0.1330894076059553
2014-04-23,1875.3900146484375,1875.3900146484375,1879.75,1873.9100341796875,1879.3199462890625,3085720000,-0.0022157668625224503,0.13267395794430797
2014-04-24,1878.6099853515625,1878.6099853515625,1884.06005859375,1870.239990234375,1881.969970703125,3191830000,0.0017154882753311895,0.13004615022299393
2014-04-25,1863.4000244140625,1863.4000244140625,1877.719970703125,1859.699951171875,1877.719970703125,3213020000,-0.008129344743501576,0.1333575872885358
2014-04-28,1869.4300537109375,1869.4300537109375,1877.010009765625,1850.6099853515625,1865.0,4034680000,0.003230811162501901,0.13288386878042543
2014-04-29,1878.3299560546875,1878.3299560546875,1880.5999755859375,1870.780029296875,1870.780029296875,3647820000,0.004749460504633873,0.131058284445267
2014-04-30,1883.949951171875,1883.949951171875,1885.199951171875,1872.68994140625,1877.0999755859375,3779230000,0.002987549802701217,0.12913067474797246
2014-05-01,1883.6800537109375,1883.6800537109375,1888.5899658203125,1878.0400390625,1884.3900146484375,3416740000,-0.00014327174433237388,0.1287008790556176
2014-05-02,1881.1400146484375,1881.1400146484375,1891.3299560546875,1878.5,1885.300048828125,3159560000,-0.0013493550298715462,0.1287235381394706
2014-05-05,1884.6600341796875,1884.6600341796875,1885.510009765625,1866.77001953125,1879.449951171875,2733730000,0.0018694675823400786,0.12062269190436299
2014-05-06,1867.719970703125,1867.719970703125,1883.68994140625,1867.719970703125,1883.68994140625,3327260000,-0.009029031461991188,0.11865793641764466
2014-05-07,1878.2099609375,1878.2099609375,1878.8299560546875,1859.7900390625,1868.530029296875,3632950000,0.005600754871033509,0.11944709314790945
2014-05-08,1875.6300048828125,1875.6300048828125,1889.0699462890625,1870.050048828125,1877.3900146484375,3393420000,-0.001374569232786449,0.11370270034742791
2014-05-09,1878.47998046875,1878.47998046875,1878.5699462890625,1867.02001953125,1875.27001953125,3025020000,0.0015183231948787679,0.08348400051349743
2014-05-12,1896.6500244140625,1896.6500244140625,1897.1300048828125,1880.030029296875,1880.030029296875,3005740000,0.009626256172316161,0.07855253302322485
2014-05-13,1897.449951171875,1897.449951171875,1902.1700439453125,1896.06005859375,1896.75,2915680000,0.00042166878828275856,0.07561461309347219
2014-05-14,1888.530029296875,1888.530029296875,1897.1300048828125,1885.77001953125,1897.1300048828125,2822060000,-0.00471208956501723,0.07655421924562007
2014-05-15,1870.8499755859375,1870.8499755859375,1888.1600341796875,1862.3599853515625,1888.1600341796875,3552640000,-0.009405904183934943,0.07723940792754495
2014-05-16,1877.8599853515625,1877.8599853515625,1878.280029296875,1864.8199462890625,1871.18994140625,3173650000,0.003739962819000908,0.07811208905549369
2014-05-19,1885.0799560546875,1885.0799560546875,1886.0,1872.4200439453125,1876.6600341796875,2664250000,0.003837414189703736,0.0781507380476282
2014-05-20,1872.8299560546875,1872.8299560546875,1884.8800048828125,1868.1400146484375,1884.8800048828125,3007700000,-0.006519604608542728,0.08034891478288389
2014-05-21,1888.030029296875,1888.030029296875,1888.800048828125,1873.3399658203125,1873.3399658203125,2777140000,0.00808334054774651,0.08483531709258305
2014-05-22,1892.489990234375,1892.489990234375,1896.3299560546875,1885.3900146484375,1888.18994140625,2759800000,0.002359444194714122,0.08499636940501407
2014-05-23,1900.530029296875,1900.530029296875,1901.260009765625,1893.3199462890625,1893.3199462890625,2396280000,0.004239392917884999,0.08004402110379948
2014-05-27,1911.9100341796875,1911.9100341796875,1912.280029296875,1902.010009765625,1902.010009765625,2911020000,0.005969950211528463,0.08155839167853672
2014-05-28,1909.780029296875,1909.780029296875,1914.4599609375,1907.300048828125,1911.77001953125,2976450000,-0.001114692750058488,0.08079332013414146
2014-05-29,1920.030029296875,1920.030029296875,1920.030029296875,1909.8199462890625,1910.5999755859375,2709050000,0.0053527586573611785,0.08199454490889735
2014-05-30,1923.5699462890625,1923.5699462890625,1924.030029296875,1916.6400146484375,1920.3299560546875,3263490000,0.0018419804431015763,0.08194914147952949
2014-06-02,1924.969970703125,1924.969970703125,1925.8800048828125,1915.97998046875,1923.8699951171875,2509020000,0.0007275613640587153,0.08149744629420945
2014-06-03,1924.239990234375,1924.239990234375,1925.0699462890625,1918.7900390625,1923.0699462890625,2867180000,-0.00037928846953505513,0.08161914843118709
2014-06-04,1927.8800048828125,1927.8800048828125,1928.6300048828125,1918.5999755859375,1923.06005859375,2793920000,0.0018898766063628614,0.0729276717650553
2014-06-05,1940.4599609375,1940.4599609375,1941.739990234375,1922.9300537109375,1928.52001953125,3113270000,0.006504082119662691,0.07361809541117365
2014-06-06,1949.43994140625,1949.43994140625,1949.43994140625,1942.4100341796875,1942.4100341796875,2864300000,0.004617083548019707,0.07345503855131864
2014-06-09,1951.27001953125,1951.27001953125,1955.550048828125,1947.1600341796875,1948.969970703125,2812180000,0.0009383308564867576,0.07352335998684201
2014-06-10,1950.7900390625,1950.7900390625,1950.8599853515625,1944.6400146484375,1950.3399658203125,2702360000,-0.0002460138818793922,0.06819363505032171
2014-06-11,1943.8900146484375,1943.8900146484375,1949.3699951171875,1940.0799560546875,1949.3699951171875,2710620000,-0.003543311151666728,0.07026400994645025
2014-06-12,1930.1099853515625,1930.1099853515625,1943.3499755859375,1925.780029296875,1943.3499755859375,3040480000,-0.007114139088909788,0.07324281698360365
2014-06-13,1936.1600341796875,1936.1600341796875,1937.300048828125,1927.68994140625,1930.800048828125,2598230000,0.0031296591990708222,0.06269137057948396
2014-06-16,1937.780029296875,1937.780029296875,1941.1500244140625,1930.9100341796875,1934.8399658203125,2926130000,0.0008363553307866312,0.0623137892271623
2014-06-17,1941.989990234375,1941.989990234375,1943.68994140625,1933.550048828125,1937.1500244140625,2971260000,0.002170212444888797,0.06181455408348714
2014-06-18,1956.97998046875,1956.97998046875,1957.739990234375,1939.2900390625,1942.72998046875,3065220000,0.007689243160729831,0.05805821832173953
2014-06-19,1959.47998046875,1959.47998046875,1959.8699951171875,1952.260009765625,1957.5,2952150000,0.0012766632951644041,0.053997821130496636
2014-06-20,1962.8699951171875,1962.8699951171875,1963.9100341796875,1959.1700439453125,1960.449951171875,4336240000,0.0017285634956767382,0.05396799986947714
2014-06-23,1962.6099853515625,1962.6099853515625,1963.739990234375,1958.8900146484375,1962.9200439453125,2717630000,-0.00013247285289885724,0.053622873952221047
2014-06-24,1949.97998046875,1949.97998046875,1968.1700439453125,1948.3399658203125,1961.969970703125,3089700000,-0.006456106498617942,0.05794394811092507
2014-06-25,1959.530029296875,1959.530029296875,1960.8299560546875,1947.489990234375,1949.27001953125,3106710000,0.004885557422717568,0.05891389222944325
2014-06-26,1957.219970703125,1957.219970703125,1959.8900146484375,1944.68994140625,1959.8900146484375,2778840000,-0.0011795794276396876,0.05755125261218508
2014-06-27,1960.9599609375,1960.9599609375,1961.469970703125,1952.1800537109375,1956.56005859375,4290590000,0.001909045238083884,0.05756468032292911
2014-06-30,1960.22998046875,1960.22998046875,1964.239990234375,1958.219970703125,1960.7900390625,3037350000,-0.00037232599700143254,0.05774674726599616
2014-07-01,1973.3199462890625,1973.3199462890625,1978.5799560546875,1962.2900390625,1962.2900390625,3188240000,0.006655572896822726,0.06081891789642292
2014-07-02,1974.6199951171875,1974.6199951171875,1976.6700439453125,1972.5799560546875,1973.06005859375,2851480000,0.0006585960751230857,0.06080725839088798
2014-07-03,1985.43994140625,1985.43994140625,1985.5899658203125,1975.8800048828125,1975.8800048828125,1998090000,0.005464550227672227,0.05976162679413354
2014-07-07,1977.6500244140625,1977.6500244140625,1984.219970703125,1974.8800048828125,1984.219970703125,2681260000,-0.0039312390543235765,0.06081417662849364
2014-07-08,1963.7099609375,1963.7099609375,1976.3900146484375,1959.4599609375,1976.3900146484375,3302430000,-0.007073762181680543,0.06650073940827565
2014-07-09,1972.8299560546875,1972.8299560546875,1974.1500244140625,1965.0999755859375,1965.0999755859375,2858800000,0.004633516553258943,0.0681030739126407
2014-07-10,1964.6800537109375,1964.6800537109375,1969.8399658203125,1952.8599853515625,1966.6700439453125,3165690000,-0.0041396283244736765,0.06858551146225356
2014-07-11,1967.5699462890625,1967.5699462890625,1968.6700439453125,1959.6300048828125,1965.760009765625,2684630000,0.0014698419980474497,0.06270576132111454
2014-07-14,1977.0999755859375,1977.0999755859375,1979.8499755859375,1969.8599853515625,1969.8599853515625,2744920000,0.004831860726996595,0.06371590287431116
2014-07-15,1973.280029296875,1973.280029296875,1982.52001953125,1965.3399658203125,1977.3599853515625,3328740000,-0.0019339645679457007,0.06454636641549508
2014-07-16,1981.5699462890625,1981.5699462890625,1983.93994140625,1975.6700439453125,1976.3499755859375,3390950000,0.004192285009448682,0.06541795310073821
2014-07-17,1958.1199951171875,1958.1199951171875,1981.800048828125,1955.5899658203125,1979.75,3381680000,-0.01190460592747744,0.07467566169860444
2014-07-18,1978.219970703125,1978.219970703125,1979.9100341796875,1960.8199462890625,1961.5400390625,3106060000,0.010212608899671238,0.08254212156886304
2014-07-21,1973.6300048828125,1973.6300048828125,1976.9300537109375,1965.77001953125,1976.9300537109375,2611160000,-0.002322946423904959,0.08295657468782461
2014-07-22,1983.530029296875,1983.530029296875,1986.239990234375,1975.6500244140625,1975.6500244140625,2890480000,0.005003611167300193,0.0845282799237648
2014-07-23,1987.010009765625,1987.010009765625,1989.22998046875,1982.43994140625,1985.3199462890625,2869720000,0.0017529007770127336,0.08066249086113202
2014-07-24,1987.97998046875,1987.97998046875,1991.3900146484375,1985.7900390625,1988.0699462890625,3203530000,0.00048803681255105147,0.07937722947774446
2014-07-25,1978.3399658203125,1978.3399658203125,1984.5999755859375,1974.3699951171875,1984.5999755859375,2638960000,-0.00486094604610976,0.0814816482482499
2014-07-28,1978.9100341796875,1978.9100341796875,1981.52001953125,1967.31005859375,1978.25,2803320000,0.00028811339355350185,0.08133050070416672
2014-07-29,1969.949951171875,1969.949951171875,1984.8499755859375,1969.949951171875,1980.030029296875,3183300000,-0.004538068413713958,0.08312210299583081
2014-07-30,1970.0699462890625,1970.0699462890625,1978.9000244140625,1962.4200439453125,1973.2099609375,3448250000,6.0910919409629116e-05,0.07978029187400645
2014-07-31,1930.6700439453125,1930.6700439453125,1965.1400146484375,1930.6700439453125,1965.1400146484375,4193000000,-0.020201932155229585,0.10575556909796849
2014-08-01,1925.1500244140625,1925.1500244140625,1937.3499755859375,1916.3699951171875,1929.800048828125,3789660000,-0.00286321623129826,0.1031087101619137
2014-08-04,1938.989990234375,1938.989990234375,1942.9200439453125,1921.199951171875,1926.6199951171875,3072920000,0.00716331444964613,0.10694272120823353
2014-08-05,1920.2099609375,1920.2099609375,1936.3399658203125,1913.77001953125,1936.3399658203125,3462520000,-0.009732679197336225,0.10922090639863788
2014-08-06,1920.239990234375,1920.239990234375,1927.9100341796875,1911.449951171875,1917.2900390625,3539150000,1.563842636009838e-05,0.10730758932681166
2014-08-07,1909.5699462890625,1909.5699462890625,1928.8900146484375,1904.780029296875,1923.030029296875,3230520000,-0.0055721154467329725,0.1078895232952031
2014-08-08,1931.5899658203125,1931.5899658203125,1932.3800048828125,1909.010009765625,1910.3499755859375,2902280000,0.011465422557972005,0.11646740550870388
2014-08-11,1936.9200439453125,1936.9200439453125,1944.9000244140625,1933.4300537109375,1933.4300537109375,2784890000,0.0027556250258413684,0.11539136219949442
2014-08-12,1933.75,1933.75,1939.6500244140625,1928.2900390625,1935.72998046875,2611700000,-0.0016379823741559107,0.11536657793123449
2014-08-13,1946.719970703125,1946.719970703125,1948.4100341796875,1935.5999755859375,1935.5999755859375,2718020000,0.006684767102511202,0.11709262165626998
2014-08-14,1955.1800537109375,1955.1800537109375,1955.22998046875,1947.4100341796875,1947.4100341796875,2609460000,0.004336398273697917,0.11117046390548403
2014-08-15,1955.06005859375,1955.06005859375,1964.0400390625,1941.5,1958.8699951171875,3023380000,-6.137480757129055e-05,0.1046843939435019
2014-08-18,1971.739990234375,1971.739990234375,1971.989990234375,1958.3599853515625,1958.3599853515625,2638160000,0.00849548321965976,0.10902755919977705
2014-08-19,1981.5999755859375,1981.5999755859375,1982.5699462890625,1972.72998046875,1972.72998046875,2656430000,0.004988190179197716,0.10901856927887085
2014-08-20,1986.510009765625,1986.510009765625,1988.5699462890625,1977.6800537109375,1980.4599609375,2579560000,0.0024747482825437928,0.10919733174842286
2014-08-21,1992.3699951171875,1992.3699951171875,1994.760009765625,1986.8199462890625,1986.8199462890625,2638920000,0.002945547280270411,0.10966928196960624
2014-08-22,1988.4000244140625,1988.4000244140625,1993.5400390625,1984.760009765625,1992.5999755859375,2301860000,-0.0019945749188226003,0.10847401853794872
2014-08-25,1997.9200439453125,1997.9200439453125,2001.949951171875,1991.739990234375,1991.739990234375,2233880000,0.004776353863603866,0.1095976385282102
2014-08-26,2000.02001953125,2000.02001953125,2005.0400390625,1998.5899658203125,1998.5899658203125,2451950000,0.0010505288952433744,0.10806972289896317
2014-08-27,2000.1199951171875,2000.1199951171875,2002.1400146484375,1996.199951171875,2000.5400390625,2344350000,4.998604328498857e-05,0.10807061672280466
2014-08-28,1996.739990234375,1996.739990234375,1998.550048828125,1990.52001953125,1997.4200439453125,2282400000,-0.0016913305449461902,0.07748598241332244
2014-08-29,2003.3699951171875,2003.3699951171875,2003.3800048828125,1994.6500244140625,1998.449951171875,2259130000,0.003314914329020091,0.07585022299943207
2014-09-02,2002.280029296875,2002.280029296875,2006.1199951171875,1994.8499755859375,2004.0699462890625,2819980000,-0.0005442142177027876,0.07389042938167917
2014-09-03,2000.719970703125,2000.719970703125,2009.280029296875,1998.1400146484375,2003.5699462890625,2809980000,-0.0007794447528013393,0.06213753505765966
2014-09-04,1997.6500244140625,1997.6500244140625,2011.1700439453125,1992.5400390625,2001.6700439453125,3072410000,-0.001535599204713023,0.06300432189839918
2014-09-05,2007.7099609375,2007.7099609375,2007.7099609375,1990.0999755859375,1998.0,2818300000,0.005023247704959211,0.05742759806041297
2014-09-08,2001.5400390625,2001.5400390625,2007.1700439453125,1995.5999755859375,2007.1700439453125,2789090000,-0.0030778458543165854,0.0504585080990317
2014-09-09,1988.43994140625,1988.43994140625,2001.010009765625,1984.6099853515625,2000.72998046875,2882830000,-0.006566521532684888,0.05793771508287291
2014-09-10,1995.68994140625,1995.68994140625,1996.6600341796875,1982.989990234375,1988.4100341796875,2912430000,0.00363944360036772,0.057426139532302856
2014-09-11,1997.449951171875,1997.449951171875,1997.6500244140625,1985.9300537109375,1992.8499755859375,2941690000,0.0008815167647231448,0.05434916309809391
2014-09-12,1985.5400390625,1985.5400390625,1996.739990234375,1980.260009765625,1996.739990234375,3206570000,-0.005980405492006291,0.058607964585626636
2014-09-15,1984.1300048828125,1984.1300048828125,1987.1800537109375,1978.47998046875,1986.0400390625,2776530000,-0.0007104037481093783,0.05876683066443503
2014-09-16,1998.97998046875,1998.97998046875,2002.280029296875,1979.06005859375,1981.9300537109375,3160310000,0.00745650732455605,0.05712576683190971
2014-09-17,2001.5699462890625,2001.5699462890625,2010.739990234375,1993.2900390625,1999.300048828125,3209420000,0.0012948050790884125,0.05501109947643465
2014-09-18,2011.3599853515625,2011.3599853515625,2012.3399658203125,2003.0699462890625,2003.0699462890625,3235340000,0.00487925712733972,0.05670098884580302
2014-09-19,2010.4000244140625,2010.4000244140625,2019.260009765625,2006.5899658203125,2012.739990234375,4880220000,-0.00047738351040305105,0.05616750300169094
2014-09-22,1994.2900390625,1994.2900390625,2009.0799560546875,1991.010009765625,2009.0799560546875,3349670000,-0.008045602530218687,0.0629753899484272
2014-09-23,1982.77001953125,1982.77001953125,1995.4100341796875,1982.77001953125,1992.780029296875,3279350000,-0.0057932500796260555,0.06379919078169691
2014-09-24,1998.300048828125,1998.300048828125,1999.7900390625,1978.6300048828125,1983.3399658203125,3313850000,0.007801976758654128,0.06970967907073715
2014-09-25,1965.989990234375,1965.989990234375,1997.3199462890625,1965.989990234375,1997.3199462890625,3273050000,-0.016300913265170358,0.08956182410432097
2014-09-26,1982.8499755859375,1982.8499755859375,1986.3699951171875,1966.219970703125,1966.219970703125,2929440000,0.008539261124001385,0.09518392375169206
2014-09-29,1977.800048828125,1977.800048828125,1981.280029296875,1964.0400390625,1978.9599609375,3094440000,-0.002550050856915398,0.09449973743097248
2014-09-30,1972.2900390625,1972.2900390625,1985.1700439453125,1968.9599609375,1978.2099609375,3951100000,-0.002789816544312096,0.09478930495008808
2014-10-01,1946.1600341796875,1946.1600341796875,1971.43994140625,1941.719970703125,1971.43994140625,4188590000,-0.01333710611263772,0.10430960791366953
2014-10-02,1946.1700439453125,1946.1700439453125,1952.3199462890625,1926.030029296875,1945.8299560546875,4012510000,5.1433282504120825e-06,0.10441725542465216
2014-10-03,1967.9000244140625,1967.9000244140625,1971.18994140625,1948.1199951171875,1948.1199951171875,3560970000,0.011103635523903144,0.1109739631815008
2014-10-06,1964.8199462890625,1964.8199462890625,1977.8399658203125,1958.4300537109375,1970.010009765625,3358220000,-0.0015663860013983566,0.11074058119037801
2014-10-07,1935.0999755859375,1935.0999755859375,1962.3599853515625,1934.8699951171875,1962.3599853515625,3687870000,-0.015241618619128872,0.11998931222487837
2014-10-08,1968.8900146484375,1968.8900146484375,1970.3599853515625,1925.25,1935.550048828125,4441890000,0.017310947498058837,0.13548807127687265
2014-10-09,1928.2099609375,1928.2099609375,1967.6800537109375,1927.56005859375,1967.6800537109375,4344020000,-0.020877848454314396,0.1522183092039174
2014-10-10,1906.1300048828125,1906.1300048828125,1936.97998046875,1906.050048828125,1925.6300048828125,4550540000,-0.01151708002621099,0.15532432845688957
2014-10-13,1874.739990234375,1874.739990234375,1912.0899658203125,1874.1400146484375,1905.6500244140625,4352580000,-0.016605033202522712,0.16314673500896718
2014-10-14,1877.699951171875,1877.699951171875,1898.7099609375,1871.7900390625,1877.1099853515625,4812010000,0.001577619680866782,0.15970539142774948
2014-10-15,1862.489990234375,1862.489990234375,1874.1800537109375,1820.6600341796875,1874.1800537109375,6090800000,-0.008133300726077763,0.15974560766159024
2014-10-16,1862.760009765625,1862.760009765625,1876.010009765625,1835.02001953125,1855.949951171875,5073150000,0.0001449672004421032,0.1574015053940141
2014-10-17,1886.760009765625,1886.760009765625,1898.1600341796875,1864.9100341796875,1864.9100341796875,4482120000,0.012801813377146587,0.16736318153957475
2014-10-20,1904.010009765625,1904.010009765625,1905.030029296875,1882.300048828125,1885.6199951171875,3331210000,0.009101116121280839,0.17153591006970267
2014-10-21,1941.280029296875,1941.280029296875,1942.449951171875,1909.3800048828125,1909.3800048828125,3987090000,0.01938537082775138,0.18656627071791448
2014-10-22,1927.1099853515625,1927.1099853515625,1949.31005859375,1926.8299560546875,1941.2900390625,3761930000,-0.0073261006616123225,0.18484855184127055
2014-10-23,1950.8199462890625,1950.8199462890625,1961.949951171875,1931.02001953125,1931.02001953125,3789250000,0.012228305721599497,0.1830197571001027
2014-10-24,1964.5799560546875,1964.5799560546875,1965.27001953125,1946.27001953125,1951.5899658203125,3078380000,0.007028690175716612,0.1821640543162475
2014-10-27,1961.6300048828125,1961.6300048828125,1964.6400146484375,1951.3699951171875,1962.969970703125,3538860000,-0.0015026968788385275,0.1820488524161827
2014-10-28,1985.050048828125,1985.050048828125,1985.050048828125,1964.1400146484375,1964.1400146484375,3653260000,0.01186836456691065,0.186640799334833
2014-10-29,1982.300048828125,1982.300048828125,1991.4000244140625,1969.0400390625,1983.2900390625,3740350000,-0.0013863159906426503,0.18008512488934367
2014-10-30,1994.6500244140625,1994.6500244140625,1999.4000244140625,1974.75,1979.489990234375,3586150000,0.006210797247873323,0.18096561610914053
2014-10-31,2018.050048828125,2018.050048828125,2018.18994140625,2001.199951171875,2001.199951171875,4292290000,0.011663114233148697,0.18136015097178737
2014-11-03,2017.81005859375,2017.81005859375,2024.4599609375,2013.6800537109375,2018.2099609375,3555440000,-0.00011892891639941894,0.1811451141973258
2014-11-04,2012.0999755859375,2012.0999755859375,2015.97998046875,2001.010009765625,2015.81005859375,3956260000,-0.002833853252665719,0.1716817777329007
2014-11-05,2023.5699462890625,2023.5699462890625,2023.77001953125,2014.4200439453125,2015.2900390625,3766590000,0.005684311060805136,0.16307173499149527
2014-11-06,2031.2099609375,2031.2099609375,2031.6099853515625,2015.8599853515625,2023.3299560546875,3669770000,0.0037684036443277336,0.14158322980135515
2014-11-07,2031.9200439453125,2031.9200439453125,2034.260009765625,2025.0699462890625,2032.3599853515625,3704280000,0.0003495251267811028,0.13232248863029236
2014-11-10,2038.260009765625,2038.260009765625,2038.699951171875,2030.1700439453125,2032.010009765625,3284940000,0.0031153270195591887,0.11101551592472808
2014-11-11,2039.6800537109375,2039.6800537109375,2041.280029296875,2035.280029296875,2038.199951171875,2958320000,0.0006964516302874202,0.11131736346885038
2014-11-12,2038.25,2038.25,2040.3299560546875,2031.949951171875,2037.75,3246650000,-0.0007013625789182854,0.10370444215685987
2014-11-13,2039.3299560546875,2039.3299560546875,2046.1800537109375,2030.43994140625,2039.2099609375,3455270000,0.0005297044284002794,0.10350880888120238
2014-11-14,2039.8199462890625,2039.8199462890625,2042.219970703125,2035.199951171875,2039.739990234375,3227130000,0.0002402413485471655,0.09991896755222517
2014-11-17,2041.3199462890625,2041.3199462890625,2043.0699462890625,2034.4599609375,2038.2900390625,3152890000,0.0007350887776578219,0.09861577307234898
2014-11-18,2051.800048828125,2051.800048828125,2056.080078125,2041.47998046875,2041.47998046875,3416190000,0.005120849353688506,0.08027368895323314
2014-11-19,2048.719970703125,2048.719970703125,2052.139892578125,2040.3699951171875,2051.159912109375,3390850000,-0.001502286875618708,0.07326912894778831
2014-11-20,2052.75,2052.75,2053.840087890625,2040.489990234375,2045.8699951171875,3128290000,0.0019651640132032355,0.06525258231600191
2014-11-21,2063.5,2063.5,2071.4599609375,2056.75,2057.4599609375,3916420000,0.005223212603738148,0.06397647372959295
2014-11-24,2069.409912109375,2069.409912109375,2070.169921875,2065.070068359375,2065.070068359375,3128060000,0.0028599298137388374,0.0623343266829119
2014-11-25,2067.030029296875,2067.030029296875,2074.2099609375,2064.75,2070.14990234375,3392940000,-0.0011506914684167313,0.05383373564855826
2014-11-26,2072.830078125,2072.830078125,2073.2900390625,2066.6201171875,2067.360107421875,2745260000,0.0028020524716030337,0.0524229481053066
2014-11-28,2067.56005859375,2067.56005859375,2075.760009765625,2065.06005859375,2074.780029296875,2504640000,-0.002545664637012557,0.05280329657563783
2014-12-01,2053.43994140625,2053.43994140625,2065.780029296875,2049.570068359375,2065.780029296875,4159010000,-0.0068527893448342425,0.047827933307370625
2014-12-02,2066.550048828125,2066.550048828125,2068.77001953125,2053.77001953125,2053.77001953125,3686650000,0.0063641667588481,0.05127549579801359
2014-12-03,2074.330078125,2074.330078125,2076.280029296875,2066.64990234375,2067.449951171875,3612680000,0.003757673834027031,0.049802617704729164
2014-12-04,2071.919921875,2071.919921875,2077.340087890625,2062.340087890625,2073.639892578125,3408340000,-0.0011625717317853557,0.04820215115385669
2014-12-05,2075.3701171875,2075.3701171875,2079.469970703125,2070.81005859375,2072.780029296875,3419620000,0.0016638315989210284,0.047320414007779144
2014-12-08,2060.31005859375,2060.31005859375,2075.780029296875,2054.27001953125,2074.840087890625,3800990000,-0.0072830221497151015,0.055463111468265984
2014-12-09,2059.820068359375,2059.820068359375,2060.60009765625,2034.1700439453125,2056.550048828125,3970150000,-0.00023785182583413444,0.05482812135165557
2014-12-10,2026.1400146484375,2026.1400146484375,2058.860107421875,2024.260009765625,2058.860107421875,4114440000,-0.01648612118304893,0.08041390239712186
2014-12-11,2035.3299560546875,2035.3299560546875,2055.530029296875,2027.9200439453125,2027.9200439453125,3917950000,0.004525433971620529,0.08212729697023188
2014-12-12,2002.3299560546875,2002.3299560546875,2032.25,2002.3299560546875,2030.3599853515625,4157650000,-0.016346465791658105,0.09948996270214064
2014-12-15,1989.6300048828125,1989.6300048828125,2018.68994140625,1982.260009765625,2005.030029296875,4361990000,-0.00636278627172171,0.10113275818675872
2014-12-16,1972.739990234375,1972.739990234375,2016.8900146484375,1972.56005859375,1986.7099609375,4958680000,-0.00852525986538133,0.10388496453091607
2014-12-17,2012.8900146484375,2012.8900146484375,2016.75,1973.77001953125,1973.77001953125,4942370000,0.020148073243295705,0.1268123047258095
2014-12-18,2061.22998046875,2061.22998046875,2061.22998046875,2018.97998046875,2018.97998046875,4703380000,0.023731374885708867,0.15282852842733163
2014-12-19,2070.64990234375,2070.64990234375,2077.85009765625,2061.030029296875,2061.0400390625,6465530000,0.0045596379674188725,0.15344613291549217
2014-12-22,2078.5400390625,2078.5400390625,2078.760009765625,2069.280029296875,2069.280029296875,3369520000,0.0038032224799273706,0.15296561560332766
2014-12-23,2082.169921875,2082.169921875,2086.72998046875,2079.77001953125,2081.47998046875,3043950000,0.0017448386297047591,0.15278482246462635
2014-12-24,2081.8798828125,2081.8798828125,2087.56005859375,2081.860107421875,2083.25,1416980000,-0.00013930624107505452,0.1527032580437005
2014-12-26,2088.77001953125,2088.77001953125,2092.699951171875,2084.300048828125,2084.300048828125,1735230000,0.0033041099821211617,0.15281434798340462
2014-12-29,2090.570068359375,2090.570068359375,2093.550048828125,2085.75,2087.6298828125,2452360000,0.0008614034280896021,0.1524458008050564
2014-12-30,2080.35009765625,2080.35009765625,2088.489990234375,2079.530029296875,2088.489990234375,2440280000,-0.004900593034504297,0.15139680196073166
2014-12-31,2058.89990234375,2058.89990234375,2085.580078125,2057.93994140625,2082.110107421875,2606070000,-0.010364383561250357,0.15447422137003802
2015-01-02,2058.199951171875,2058.199951171875,2072.360107421875,2046.0400390625,2058.89990234375,2708700000,-0.00034002147313572095,0.15380540075880625
2015-01-05,2020.5799560546875,2020.5799560546875,2054.43994140625,2017.3399658203125,2054.43994140625,3799120000,-0.01844721353258727,0.16603799380377146
2015-01-06,2002.6099853515625,2002.6099853515625,2030.25,1992.43994140625,2022.1500244140625,4460110000,-0.0089332546906995,0.16773037937619054
2015-01-07,2025.9000244140625,2025.9000244140625,2029.6099853515625,2005.550048828125,2005.550048828125,3805480000,0.011562735844876215,0.17254974098897563
2015-01-08,2062.139892578125,2062.139892578125,2064.080078125,2030.6099853515625,2030.6099853515625,3934010000,0.01773016812715511,0.18415084630112494
2015-01-09,2044.81005859375,2044.81005859375,2064.429931640625,2038.3299560546875,2063.449951171875,3364140000,-0.008439322147078876,0.17700888765773914
2015-01-12,2028.260009765625,2028.260009765625,2049.300048828125,2022.5799560546875,2046.1300048828125,3456460000,-0.00812661684347038,0.17875012585935124
2015-01-13,2023.030029296875,2023.030029296875,2056.929931640625,2008.25,2031.5799560546875,4107300000,-0.002581885435816389,0.16914425846615475
2015-01-14,2011.27001953125,2011.27001953125,2018.4000244140625,1988.43994140625,2018.4000244140625,4378680000,-0.005830028967975132,0.16888117163610755
2015-01-15,1992.6700439453125,1992.6700439453125,2021.3499755859375,1991.469970703125,2013.75,4276720000,-0.00929090300456803,0.16941898097953445
2015-01-16,2019.4200439453125,2019.4200439453125,2020.4599609375,1988.1199951171875,1992.25,4056410000,0.013334893186267571,0.16088958517359644
2015-01-20,2022.550048828125,2022.550048828125,2028.93994140625,2004.489990234375,2020.760009765625,3944340000,0.0015487524334005798,0.1363824025060103
2015-01-21,2032.1199951171875,2032.1199951171875,2038.2900390625,2012.0400390625,2020.18994140625,3730070000,0.0047204650221894795,0.1364653348553969
2015-01-22,2063.14990234375,2063.14990234375,2064.6201171875,2026.3800048828125,2034.300048828125,4176050000,0.015154313070629755,0.14670252942745024
2015-01-23,2051.820068359375,2051.820068359375,2062.97998046875,2050.5400390625,2062.97998046875,3573560000,-0.0055066562793015805,0.1475273298962335
2015-01-26,2057.090087890625,2057.090087890625,2057.6201171875,2040.969970703125,2050.419921875,3465760000,0.0025651679986227194,0.14796082327075313
2015-01-27,2029.550048828125,2029.550048828125,2047.8599853515625,2019.9100341796875,2047.8599853515625,3329810000,-0.01347828781585747,0.15366547057212496
2015-01-28,2002.1600341796875,2002.1600341796875,2042.489990234375,2001.489990234375,2032.3399658203125,4067530000,-0.013587502811021501,0.15898050179914622
2015-01-29,2021.25,2021.25,2024.6400146484375,1989.1800537109375,2002.449951171875,4127140000,0.009489517058263175,0.16358438804026637
2015-01-30,1994.989990234375,1994.989990234375,2023.3199462890625,1993.3800048828125,2019.3499755859375,4568650000,-0.013077099006318704,0.16570438515304187
2015-02-02,2020.8499755859375,2020.8499755859375,2021.6600341796875,1980.9000244140625,1996.6700439453125,4008330000,0.012879170000215545,0.17309422759869467
2015-02-03,2050.030029296875,2050.030029296875,2050.300048828125,2022.7099609375,2022.7099609375,4615900000,0.014336238577453031,0.16835341303721416
2015-02-04,2041.510009765625,2041.510009765625,2054.739990234375,2036.719970703125,2048.860107421875,4141920000,-0.004164706572452381,0.16569439252355853
2015-02-05,2062.52001953125,2062.52001953125,2063.550048828125,2043.449951171875,2043.449951171875,3821990000,0.010238810710909263,0.16468739594619566
2015-02-06,2055.469970703125,2055.469970703125,2072.39990234375,2049.969970703125,2062.280029296875,4232970000,-0.003424027611878877,0.15331115929956118
2015-02-09,2046.739990234375,2046.739990234375,2056.159912109375,2041.8800048828125,2053.469970703125,3549540000,-0.004256239310481469,0.1511331208497807
2015-02-10,2068.590087890625,2068.590087890625,2070.860107421875,2048.6201171875,2049.3798828125,3669850000,0.01061897955406188,0.1522702869259834
2015-02-11,2068.530029296875,2068.530029296875,2073.47998046875,2057.989990234375,2068.550048828125,3596860000,-2.9034010157857892e-05,0.15177226522102297
2015-02-12,2088.47998046875,2088.47998046875,2088.530029296875,2069.97998046875,2069.97998046875,3788350000,0.00959829506591614,0.15226629527776783
2015-02-13,2096.989990234375,2096.989990234375,2097.030029296875,2086.699951171875,2088.780029296875,3527450000,0.004066459227779262,0.14683096855125694
2015-02-17,2100.340087890625,2100.340087890625,2101.300048828125,2089.800048828125,2096.469970703125,3361750000,0.0015962996977982868,0.14148793044853247
2015-02-18,2099.679931640625,2099.679931640625,2100.22998046875,2092.14990234375,2099.159912109375,3370020000,-0.00031435862322926056,0.1417035690720489
2015-02-19,2097.449951171875,2097.449951171875,2102.1298828125,2090.7900390625,2099.25,3247100000,-0.0010626217157181372,0.14165100154239565
2015-02-20,2110.300048828125,2110.300048828125,2110.610107421875,2085.43994140625,2097.64990234375,3281600000,0.00610784272105569,0.1339796665955596
2015-02-23,2109.659912109375,2109.659912109375,2110.050048828125,2103.0,2109.830078125,3093680000,-0.0003033852119855851,0.1319258780507743
2015-02-24,2115.47998046875,2115.47998046875,2117.93994140625,2105.8701171875,2109.10009765625,3199840000,0.0027549724688311628,0.13194881415435897
2015-02-25,2113.860107421875,2113.860107421875,2119.590087890625,2109.889892578125,2115.300048828125,3312340000,-0.0007660169636025671,0.12074264579845229
2015-02-26,2110.739990234375,2110.739990234375,2113.909912109375,2103.760009765625,2113.909912109375,3408690000,-0.0014771186302544592,0.10754811735226999
2015-02-27,2104.5,2104.5,2112.739990234375,2103.75,2110.8798828125,3547380000,-0.0029606830486317293,0.10617543494135413
2015-03-02,2117.389892578125,2117.389892578125,2117.52001953125,2104.5,2105.22998046875,3409490000,0.0061062381811325395,0.09154709658238493
2015-03-03,2107.780029296875,2107.780029296875,2115.760009765625,2098.260009765625,2115.760009765625,3262300000,-0.004548872603817422,0.08756603238596647
2015-03-04,2098.530029296875,2098.530029296875,2107.719970703125,2094.489990234375,2107.719970703125,3421110000,-0.004398161230154685,0.07807025485834614
2015-03-05,2101.0400390625,2101.0400390625,2104.25,2095.219970703125,2098.5400390625,3103030000,0.0011953652510365842,0.07562013691850793
2015-03-06,2071.260009765625,2071.260009765625,2100.909912109375,2067.27001953125,2100.909912109375,3853570000,-0.014275356362467129,0.08645469280362923
2015-03-09,2079.429931640625,2079.429931640625,2083.489990234375,2072.2099609375,2072.25,3349090000,0.003936662357975962,0.08630531273934024
2015-03-10,2044.1600341796875,2044.1600341796875,2076.139892578125,2044.1600341796875,2076.139892578125,3668900000,-0.017106820937141443,0.10483925968209559
2015-03-11,2040.239990234375,2040.239990234375,2050.080078125,2039.68994140625,2044.68994140625,3406570000,-0.0019195206764850425,0.09745724066075875
2015-03-12,2065.949951171875,2065.949951171875,2066.409912109375,2041.0999755859375,2041.0999755859375,3405860000,0.012522702206037017,0.1076698818475034
2015-03-13,2053.39990234375,2053.39990234375,2064.56005859375,2041.1700439453125,2064.56005859375,3498560000,-0.0060932370901962685,0.10353747846364388
2015-03-16,2081.18994140625,2081.18994140625,2081.409912109375,2055.35009765625,2055.35009765625,3295600000,0.013442909023855698,0.11372495460871522
2015-03-17,2074.280029296875,2074.280029296875,2080.590087890625,2065.080078125,2080.590087890625,3221840000,-0.00332569770778246,0.11392300323634841
2015-03-18,2099.5,2099.5,2106.85009765625,2061.22998046875,2072.840087890625,4128210000,0.012085101501629225,0.12212956531411943
2015-03-19,2089.27001953125,2089.27001953125,2098.68994140625,2085.56005859375,2098.68994140625,3305220000,-0.0048844891269501645,0.12325746268202721
2015-03-20,2108.10009765625,2108.10009765625,2113.919921875,2090.320068359375,2090.320068359375,5554120000,0.008972382193259243,0.1254815913827088
2015-03-23,2104.419921875,2104.419921875,2114.860107421875,2104.419921875,2107.989990234375,3267960000,-0.0017472566067135986,0.12561737815238522
2015-03-24,2091.5,2091.5,2107.6298828125,2091.5,2103.93994140625,3189820000,-0.006158345701591017,0.1268225907268406
2015-03-25,2061.050048828125,2061.050048828125,2097.429931640625,2061.050048828125,2093.10009765625,3521140000,-0.01466592652723886,0.13588715802980908
2015-03-26,2056.14990234375,2056.14990234375,2067.14990234375,2045.5,2059.93994140625,3510670000,-0.0023803307374734572,0.13594084237864879
2015-03-27,2061.02001953125,2061.02001953125,2062.830078125,2052.9599609375,2055.780029296875,3008550000,0.002365760729503563,0.13637437706883637
2015-03-30,2086.239990234375,2086.239990234375,2088.969970703125,2064.110107421875,2064.110107421875,2917690000,0.012162382647149528,0.14187389401012215
2015-03-31,2067.889892578125,2067.889892578125,2084.050048828125,2067.0400390625,2084.050048828125,3376550000,-0.00883468621753103,0.14408096633958925
2015-04-01,2059.68994140625,2059.68994140625,2067.6298828125,2048.3798828125,2067.6298828125,3543270000,-0.003973254201847354,0.14396048527512018
2015-04-02,2066.9599609375,2066.9599609375,2072.169921875,2057.320068359375,2060.030029296875,3095960000,0.003523452303713981,0.1446182167357491
2015-04-06,2080.6201171875,2080.6201171875,2086.989990234375,2056.52001953125,2064.8701171875,3302970000,0.006587072647165293,0.1380185295159801
2015-04-07,2076.330078125,2076.330078125,2089.81005859375,2076.10009765625,2080.7900390625,3065510000,-0.0020640327085867938,0.137546112137168
2015-04-08,2081.89990234375,2081.89990234375,2086.68994140625,2073.300048828125,2076.93994140625,3265330000,0.0026789415573471587,0.1229333773926567
2015-04-09,2091.179931640625,2091.179931640625,2093.31005859375,2074.2900390625,2081.2900390625,3172360000,0.004447575873625986,0.1230574077993779
2015-04-10,2102.06005859375,2102.06005859375,2102.610107421875,2091.510009765625,2091.510009765625,3156200000,0.0051893768994561995,0.11704921607317885
2015-04-13,2092.429931640625,2092.429931640625,2107.64990234375,2092.330078125,2102.030029296875,2908420000,-0.004591806820961608,0.11603524599014622
2015-04-14,2095.840087890625,2095.840087890625,2098.6201171875,2083.239990234375,2092.280029296875,3301270000,0.0016284322585136124,0.10683155218827425
2015-04-15,2106.6298828125,2106.6298828125,2111.909912109375,2097.820068359375,2097.820068359375,4013760000,0.005134989044996097,0.10717267624012196
2015-04-16,2104.989990234375,2104.989990234375,2111.300048828125,2100.02001953125,2105.9599609375,3434120000,-0.0007787467579856155,0.09899483592077804
2015-04-17,2081.179931640625,2081.179931640625,2102.580078125,2072.3701171875,2102.580078125,3627600000,-0.011375704189052982,0.10547369875862733
2015-04-20,2100.39990234375,2100.39990234375,2103.93994140625,2084.110107421875,2084.110107421875,3000160000,0.009192748586536403,0.10571747911156978
2015-04-21,2097.2900390625,2097.2900390625,2109.639892578125,2094.3798828125,2102.820068359375,3243410000,-0.0014817025047682009,0.10567195152526584
2015-04-22,2107.9599609375,2107.9599609375,2109.97998046875,2091.050048828125,2098.27001953125,3348480000,0.005074582853386467,0.10479366712980467
2015-04-23,2112.929931640625,2112.929931640625,2120.489990234375,2103.18994140625,2107.2099609375,3636670000,0.002354940842552722,0.08939141572309685
2015-04-24,2117.68994140625,2117.68994140625,2120.919921875,2112.800048828125,2112.800048828125,3375780000,0.0022502668247534885,0.0884572262968207
2015-04-27,2108.919921875,2108.919921875,2125.919921875,2107.0400390625,2119.2900390625,3438750000,-0.0041499132407345485,0.09047938799034014
2015-04-28,2114.760009765625,2114.760009765625,2116.0400390625,2094.889892578125,2108.35009765625,3546270000,0.002765404437345964,0.08145819374116425
2015-04-29,2106.85009765625,2106.85009765625,2113.64990234375,2097.409912109375,2112.489990234375,4074970000,-0.003747348127572714,0.07566758156430374
2015-04-30,2085.510009765625,2085.510009765625,2105.52001953125,2077.590087890625,2105.52001953125,4509680000,-0.010180553033248607,0.08339238883904902
2015-05-01,2108.2900390625,2108.2900390625,2108.409912109375,2087.3798828125,2087.3798828125,3379390000,0.01086377656345583,0.09019851275564116
2015-05-04,2114.489990234375,2114.489990234375,2120.949951171875,2110.22998046875,2110.22998046875,3091580000,0.00293643314776304,0.08820646890797869
2015-05-05,2089.4599609375,2089.4599609375,2115.239990234375,2088.4599609375,2112.6298828125,3793950000,-0.011908003358530372,0.09824777700493957
2015-05-06,2080.14990234375,2080.14990234375,2098.419921875,2067.929931640625,2091.260009765625,3792210000,-0.004465681140931821,0.09918699757799286
2015-05-07,2088.0,2088.0,2092.89990234375,2074.989990234375,2079.9599609375,3676640000,0.0037667104694749654,0.09882599573240297
2015-05-08,2116.10009765625,2116.10009765625,2117.659912109375,2092.1298828125,2092.1298828125,3399440000,0.013368147987361745,0.10794682679008649
2015-05-11,2105.330078125,2105.330078125,2117.68994140625,2104.580078125,2115.56005859375,2992670000,-0.005102556456082041,0.10825444412924491
2015-05-12,2099.1201171875,2099.1201171875,2105.06005859375,2085.570068359375,2102.8701171875,3139520000,-0.0029539964393672236,0.10870979341205228
2015-05-13,2098.47998046875,2098.47998046875,2110.18994140625,2096.0400390625,2099.6201171875,3374260000,-0.0003050012906520294,0.10713929274710128
2015-05-14,2121.10009765625,2121.10009765625,2121.449951171875,2100.429931640625,2100.429931640625,3225740000,0.010721604261759943,0.11354486897021343
2015-05-15,2122.72998046875,2122.72998046875,2123.889892578125,2116.81005859375,2122.070068359375,3092080000,0.0007681188278665374,0.1051654939168548
2015-05-18,2129.199951171875,2129.199951171875,2131.780029296875,2120.010009765625,2121.300048828125,2888190000,0.003043312472570392,0.10119802318353407
2015-05-19,2127.830078125,2127.830078125,2133.02001953125,2124.5,2129.449951171875,3296030000,-0.0006435815978420578,0.10101372206484456
2015-05-20,2125.85009765625,2125.85009765625,2134.719970703125,2122.590087890625,2127.7900390625,3025880000,-0.0009309494507938609,0.09988441234370471
2015-05-21,2130.820068359375,2130.820068359375,2134.280029296875,2122.949951171875,2125.550048828125,3070460000,0.002335145908745062,0.09987961045087959
2015-05-22,2126.06005859375,2126.06005859375,2132.14990234375,2126.06005859375,2130.360107421875,2571860000,-0.002236385149483766,0.10005065604731979
2015-05-26,2104.199951171875,2104.199951171875,2125.340087890625,2099.179931640625,2125.340087890625,3342130000,-0.01033520490750206,0.10557304148627507
2015-05-27,2123.47998046875,2123.47998046875,2126.219970703125,2105.1298828125,2105.1298828125,3127960000,0.009120918929109934,0.10995459545714212
2015-05-28,2120.7900390625,2120.7900390625,2122.27001953125,2112.860107421875,2122.27001953125,2980350000,-0.00126756391748728,0.10916313252946581
2015-05-29,2107.389892578125,2107.389892578125,2120.659912109375,2104.889892578125,2120.659912109375,3927390000,-0.0063385151840975595,0.10524106835245074
2015-06-01,2111.72998046875,2111.72998046875,2119.14990234375,2102.5400390625,2108.639892578125,3011710000,0.002057343499147102,0.09853369896930865
2015-06-02,2109.60009765625,2109.60009765625,2117.590087890625,2099.139892578125,2110.409912109375,3049350000,-0.001009105165347357,0.09803760761771652
2015-06-03,2114.070068359375,2114.070068359375,2121.919921875,2109.610107421875,2110.639892578125,3099980000,0.0021166294697554378,0.08830703814741826
2015-06-04,2095.840087890625,2095.840087890625,2112.889892578125,2093.22998046875,2112.35009765625,3200050000,-0.00866056221510103,0.09242689873152904
2015-06-05,2092.830078125,2092.830078125,2100.989990234375,2085.669921875,2095.090087890625,3243690000,-0.001437215232732214,0.09177254035945766
2015-06-08,2079.280029296875,2079.280029296875,2093.010009765625,2079.110107421875,2092.340087890625,2917150000,-0.006495560338305673,0.08069301074122025
2015-06-09,2080.14990234375,2080.14990234375,2085.6201171875,2072.139892578125,2079.070068359375,3034580000,0.000418265519003036,0.07929951615602658
2015-06-10,2105.199951171875,2105.199951171875,2108.5,2081.1201171875,2081.1201171875,3414320000,0.011970491752514079,0.089832574381883
2015-06-11,2108.860107421875,2108.860107421875,2115.02001953125,2106.239990234375,2106.239990234375,3128600000,0.001737116756528323,0.08998150746964632
2015-06-12,2094.110107421875,2094.110107421875,2107.429931640625,2091.330078125,2107.429931640625,2719400000,-0.007018874653102358,0.08474090179198078
2015-06-15,2084.429931640625,2084.429931640625,2091.340087890625,2072.489990234375,2091.340087890625,3061570000,-0.004633289621772008,0.08566527258569474
2015-06-16,2096.2900390625,2096.2900390625,2097.39990234375,2082.10009765625,2084.260009765625,2919900000,0.005673730515754372,0.08765521696109234
2015-06-17,2100.43994140625,2100.43994140625,2106.7900390625,2088.860107421875,2097.39990234375,3222240000,0.0019776843950722878,0.08817380096146182
2015-06-18,2121.239990234375,2121.239990234375,2126.64990234375,2101.580078125,2101.580078125,3520360000,0.009854000054009049,0.0953412576840076
2015-06-19,2109.989990234375,2109.989990234375,2121.639892578125,2109.449951171875,2121.06005859375,4449810000,-0.005317615237949269,0.09653864649183683
2015-06-22,2122.85009765625,2122.85009765625,2129.8701171875,2112.5,2112.5,3030020000,0.006076367981542319,0.09890031731283733
2015-06-23,2124.199951171875,2124.199951171875,2128.030029296875,2119.889892578125,2123.159912109375,3091190000,0.0006356664251931932,0.09157257380379204
2015-06-24,2108.580078125,2108.580078125,2125.10009765625,2108.580078125,2123.64990234375,3102480000,-0.007380465718305196,0.08971514648238436
2015-06-25,2102.31005859375,2102.31005859375,2116.0400390625,2101.780029296875,2109.9599609375,3214610000,-0.0029780041565965476,0.09012928202027974
2015-06-26,2101.489990234375,2101.489990234375,2108.919921875,2095.3798828125,2102.6201171875,5025470000,-0.00039015574492218263,0.0875344607347798
2015-06-29,2057.639892578125,2057.639892578125,2098.6298828125,2056.639892578125,2098.6298828125,3678960000,-0.021086969508611553,0.113103703810573
2015-06-30,2063.110107421875,2063.110107421875,2074.280029296875,2056.320068359375,2061.18994140625,4078540000,0.002654962352467649,0.11392878775156355
2015-07-01,2077.419921875,2077.419921875,2082.780029296875,2067.0,2067.0,3727260000,0.006912096434636972,0.1168138162462555
2015-07-02,2076.780029296875,2076.780029296875,2085.06005859375,2071.02001953125,2078.030029296875,2996540000,-0.00030807018954703835,0.11332120047643542
2015-07-06,2068.760009765625,2068.760009765625,2078.610107421875,2058.39990234375,2073.949951171875,3486360000,-0.0038692326988973846,0.1138972369771597
2015-07-07,2081.340087890625,2081.340087890625,2083.739990234375,2044.02001953125,2069.52001953125,4458660000,0.006062560593869115,0.11396381825368695
2015-07-08,2046.6800537109375,2046.6800537109375,2077.659912109375,2044.6600341796875,2077.659912109375,3608780000,-0.016792964912141883,0.12795954898075773
2015-07-09,2051.31005859375,2051.31005859375,2074.280029296875,2049.72998046875,2049.72998046875,3446810000,0.0022596476448200065,0.11989416419810096
2015-07-10,2076.6201171875,2076.6201171875,2081.31005859375,2052.739990234375,2052.739990234375,3065070000,0.012262986385008112,0.12847377404298496
2015-07-13,2099.60009765625,2099.60009765625,2100.669921875,2080.030029296875,2080.030029296875,3096730000,0.011005268507354948,0.13249922585126966
2015-07-14,2108.949951171875,2108.949951171875,2111.97998046875,2098.179931640625,2099.719970703125,3002120000,0.004443273236500289,0.13210779222404986
2015-07-15,2107.39990234375,2107.39990234375,2114.139892578125,2102.489990234375,2109.010009765625,3261810000,-0.0007352563007367863,0.13085194955642432
2015-07-16,2124.2900390625,2124.2900390625,2124.419921875,2110.550048828125,2110.550048828125,3227080000,0.007982733444475087,0.1334659568810387
2015-07-17,2126.639892578125,2126.639892578125,2128.909912109375,2119.8798828125,2126.800048828125,3362750000,0.0011055716244507963,0.12915621496896362
2015-07-20,2128.280029296875,2128.280029296875,2132.820068359375,2123.659912109375,2126.85009765625,3245870000,0.000770936624001628,0.1276309812816272
2015-07-21,2119.2099609375,2119.2099609375,2128.489990234375,2115.39990234375,2127.550048828125,3343690000,-0.004270796242723307,0.12688318444343
2015-07-22,2114.14990234375,2114.14990234375,2118.510009765625,2110.0,2118.2099609375,3694070000,-0.002390565020189861,0.12709816713769825
2015-07-23,2102.14990234375,2102.14990234375,2116.8701171875,2098.6298828125,2114.159912109375,3772810000,-0.005692210211379667,0.1260323544930629
2015-07-24,2079.64990234375,2079.64990234375,2106.010009765625,2077.090087890625,2102.239990234375,3870040000,-0.01076102069666085,0.13100905325039255
2015-07-27,2067.639892578125,2067.639892578125,2078.18994140625,2063.52001953125,2078.18994140625,3836750000,-0.00579175506506413,0.1322572264827312
2015-07-28,2093.25,2093.25,2095.60009765625,2069.090087890625,2070.75,4117740000,0.01231007380188931,0.11738520817998441
2015-07-29,2108.570068359375,2108.570068359375,2110.60009765625,2094.080078125,2094.699951171875,4038900000,0.007292142927383338,0.11935946191417707
2015-07-30,2108.6298828125,2108.6298828125,2110.47998046875,2094.969970703125,2106.780029296875,3579410000,2.836690402219233e-05,0.11748995557712508
2015-07-31,2103.840087890625,2103.840087890625,2114.239990234375,2102.070068359375,2111.60009765625,3681340000,-0.002274103801051197,0.11790826722144139
2015-08-03,2098.0400390625,2098.0400390625,2105.699951171875,2087.31005859375,2104.489990234375,3476770000,-0.0027606939449054124,0.11743465950189264
2015-08-04,2093.320068359375,2093.320068359375,2102.510009765625,2088.60009765625,2097.679931640625,3546710000,-0.0022522391669328456,0.11616966274067025
2015-08-05,2099.840087890625,2099.840087890625,2112.659912109375,2095.27001953125,2095.27001953125,3968680000,0.003109838185491043,0.09833876957501539
2015-08-06,2083.56005859375,2083.56005859375,2103.320068359375,2075.530029296875,2100.75,4246570000,-0.007783195922561603,0.10310381862899812
2015-08-07,2077.570068359375,2077.570068359375,2082.610107421875,2067.909912109375,2082.610107421875,3602320000,-0.0028790228563382314,0.09483253546099955
2015-08-10,2104.179931640625,2104.179931640625,2105.35009765625,2080.97998046875,2080.97998046875,3514460000,0.01272683563202559,0.09749431418480763
2015-08-11,2084.070068359375,2084.070068359375,2102.659912109375,2076.489990234375,2102.659912109375,3708880000,-0.00960306468018235,0.10164942491325964
2015-08-12,2086.050048828125,2086.050048828125,2089.06005859375,2052.090087890625,2081.10009765625,4269130000,0.0009496036382143913,0.10178684215574241
2015-08-13,2083.389892578125,2083.389892578125,2092.929931640625,2078.260009765625,2086.18994140625,3221300000,-0.0012760258683810477,0.09698122281203853
2015-08-14,2091.5400390625,2091.5400390625,2092.449951171875,2080.610107421875,2083.14990234375,2795590000,0.00390433227435949,0.09821228313083837
2015-08-17,2102.43994140625,2102.43994140625,2102.8701171875,2079.300048828125,2089.699951171875,2867690000,0.005197891709402214,0.10029494768673804
2015-08-18,2096.919921875,2096.919921875,2103.469970703125,2094.139892578125,2101.989990234375,2949990000,-0.002628982935632962,0.09969911682961312
2015-08-19,2079.610107421875,2079.610107421875,2096.169921875,2070.530029296875,2095.68994140625,3512920000,-0.008289136409596942,0.1031171393154908
2015-08-20,2035.72998046875,2035.72998046875,2076.610107421875,2035.72998046875,2076.610107421875,3922470000,-0.021325960454146475,0.1244060423206392
2015-08-21,1970.8900146484375,1970.8900146484375,2034.0799560546875,1970.8900146484375,2034.0799560546875,5018240000,-0.03236924252187823,0.16140438221741185
2015-08-24,1893.2099609375,1893.2099609375,1965.1500244140625,1867.010009765625,1965.1500244140625,6612690000,-0.04021144434651891,0.20718715388409725
2015-08-25,1867.6099853515625,1867.6099853515625,1948.0400390625,1867.0799560546875,1898.0799560546875,5183560000,-0.013614249742656348,0.20012558506265485
2015-08-26,1940.510009765625,1940.510009765625,1943.0899658203125,1872.75,1872.75,5338250000,0.038291299434532355,0.24840341956564982
2015-08-27,1987.6600341796875,1987.6600341796875,1989.5999755859375,1942.77001953125,1942.77001953125,5006390000,0.024007254489689878,0.26667113753080557
2015-08-28,1988.8699951171875,1988.8699951171875,1993.47998046875,1975.18994140625,1986.06005859375,3949080000,0.0006085511568763025,0.26695009542482584
2015-08-31,1972.1800537109375,1972.1800537109375,1986.72998046875,1965.97998046875,1986.72998046875,3915100000,-0.008427078663983956,0.26765586376251355
2015-09-01,1913.8499755859375,1913.8499755859375,1970.0899658203125,1903.0699462890625,1970.0899658203125,4371850000,-0.030022649842428528,0.2833414129454478
2015-09-02,1948.8599853515625,1948.8599853515625,1948.9100341796875,1916.52001953125,1916.52001953125,3742620000,0.018127671423214586,0.293010299370969
2015-09-03,1951.1300048828125,1951.1300048828125,1975.010009765625,1944.719970703125,1950.7900390625,3520700000,0.0011641156994190993,0.29308631939808627
2015-09-04,1921.219970703125,1921.219970703125,1947.760009765625,1911.2099609375,1947.760009765625,3167090000,-0.015448308754276496,0.2960786870195498
2015-09-08,1969.4100341796875,1969.4100341796875,1970.4200439453125,1927.300048828125,1927.300048828125,3548650000,0.024773637197038845,0.30732869470182456
2015-09-09,1942.0400390625,1942.0400390625,1988.6300048828125,1937.8800048828125,1971.449951171875,3652120000,-0.013995035769085007,0.30883388418225266
2015-09-10,1952.2900390625,1952.2900390625,1965.2900390625,1937.18994140625,1941.5899658203125,3626320000,0.005264075444936012,0.3099808716739679
2015-09-11,1961.050048828125,1961.050048828125,1961.050048828125,1939.18994140625,1951.449951171875,3218590000,0.004477006444986387,0.3110943538117536
2015-09-14,1953.030029296875,1953.030029296875,1963.06005859375,1948.27001953125,1963.06005859375,3000200000,-0.0040980412230444685,0.31007853824143045
2015-09-15,1978.0899658203125,1978.0899658203125,1983.18994140625,1954.300048828125,1955.0999755859375,3239860000,0.012749687631433027,0.31380328761988635
2015-09-16,1995.31005859375,1995.31005859375,1997.260009765625,1977.9300537109375,1978.02001953125,3630680000,0.008667740715376127,0.3164165741087415
2015-09-17,1990.199951171875,1990.199951171875,2020.8599853515625,1986.72998046875,1995.3299560546875,4183790000,-0.0025643444425602624,0.3157122046116121
2015-09-18,1958.030029296875,1958.030029296875,1989.6600341796875,1953.449951171875,1989.6600341796875,6021240000,-0.01629623095438415,0.31233390612519496
2015-09-21,1966.969970703125,1966.969970703125,1979.6400146484375,1955.800048828125,1960.8399658203125,3269350000,0.004555392033672945,0.2925126546719184
2015-09-22,1942.739990234375,1942.739990234375,1961.3900146484375,1929.219970703125,1961.3900146484375,3808260000,-0.012394930019378414,0.2582790325010666
2015-09-23,1938.760009765625,1938.760009765625,1949.52001953125,1932.5699462890625,1943.239990234375,3190530000,-0.002050744229593171,0.2529133196133697
2015-09-24,1932.239990234375,1932.239990234375,1937.1700439453125,1908.9200439453125,1934.81005859375,4091530000,-0.0033686518713071933,0.21564536725871467
2015-09-25,1931.3399658203125,1931.3399658203125,1952.8900146484375,1921.5,1935.9300537109375,3721870000,-0.00046590180122052516,0.1968111893294935
2015-09-28,1881.77001953125,1881.77001953125,1929.1800537109375,1879.2099609375,1929.1800537109375,4326660000,-0.026001211162808957,0.21409937585942726
2015-09-29,1884.0899658203125,1884.0899658203125,1899.47998046875,1871.9100341796875,1881.9000244140625,4132390000,0.0012320939129821795,0.21348953337929086
2015-09-30,1920.030029296875,1920.030029296875,1920.530029296875,1887.1400146484375,1887.1400146484375,4525070000,0.018895898603564554,0.20007107585316175
2015-10-01,1923.8199462890625,1923.8199462890625,1927.2099609375,1900.699951171875,1919.6500244140625,3983600000,0.0019719386783378923,0.1893095503343933
2015-10-02,1951.3599853515625,1951.3599853515625,1951.3599853515625,1893.699951171875,1921.77001953125,4378570000,0.01421379301640524,0.19614275449973634
2015-10-05,1987.050048828125,1987.050048828125,1989.1700439453125,1954.3299560546875,1954.3299560546875,4334490000,0.018124593518502152,0.19720297765732075
2015-10-06,1979.9200439453125,1979.9200439453125,1991.6199951171875,1971.989990234375,1986.6300048828125,4202400000,-0.003594689344143198,0.17893025929605824
2015-10-07,1995.8299560546875,1995.8299560546875,1999.31005859375,1976.43994140625,1982.3399658203125,4666470000,0.008003519857552988,0.1729245217724646
2015-10-08,2013.4300537109375,2013.4300537109375,2016.5,1987.530029296875,1994.010009765625,3939140000,0.00877978014455838,0.17434503182751715
2015-10-09,2014.8900146484375,2014.8900146484375,2020.1300048828125,2007.6099853515625,2013.72998046875,3706900000,0.0007248485605151345,0.1740321197742164
2015-10-12,2017.4599609375,2017.4599609375,2018.6600341796875,2010.550048828125,2015.6500244140625,2893250000,0.001274664477333154,0.17290028866681378
2015-10-13,2003.68994140625,2003.68994140625,2022.3399658203125,2001.780029296875,2015.0,3401920000,-0.0068488236901274036,0.1702846511240355
2015-10-14,1994.239990234375,1994.239990234375,2009.56005859375,1990.72998046875,2003.6600341796875,3644590000,-0.004727430911938946,0.16862920149461075
2015-10-15,2023.8599853515625,2023.8599853515625,2024.1500244140625,1996.469970703125,1996.469970703125,3746290000,0.014743551351354967,0.17582609732421764
2015-10-16,2033.1099853515625,2033.1099853515625,2033.5400390625,2020.4599609375,2024.3699951171875,3595430000,0.004560061373696911,0.16466906328004366
2015-10-19,2033.6600341796875,2033.6600341796875,2034.449951171875,2022.31005859375,2031.72998046875,3287320000,0.00027050894387325997,0.16445952634574973
2015-10-20,2030.77001953125,2030.77001953125,2039.1199951171875,2026.6099853515625,2033.1300048828125,3331500000,-0.0014221010558941316,0.15684317356776376
2015-10-21,2018.93994140625,2018.93994140625,2037.969970703125,2017.219970703125,2033.469970703125,3627790000,-0.005842448911133502,0.15868063846643585
2015-10-22,2052.510009765625,2052.510009765625,2055.199951171875,2021.8800048828125,2021.8800048828125,4430850000,0.016490847012593512,0.16492606029156534
2015-10-23,2075.14990234375,2075.14990234375,2079.739990234375,2058.18994140625,2058.18994140625,4108460000,0.010969953969042656,0.16661838378299415
2015-10-26,2071.179931640625,2071.179931640625,2075.139892578125,2066.530029296875,2075.080078125,3385800000,-0.0019149330010996835,0.12940006836401888
2015-10-27,2065.889892578125,2065.889892578125,2070.3701171875,2058.840087890625,2068.75,4216880000,-0.0025573858650878023,0.13136413118962112
2015-10-28,2090.35009765625,2090.35009765625,2090.35009765625,2063.110107421875,2066.47998046875,4698110000,0.011770488488143549,0.12368644176736762
2015-10-29,2089.409912109375,2089.409912109375,2092.52001953125,2082.6298828125,2088.35009765625,4008940000,-0.0004498753806609912,0.12452928686097431
2015-10-30,2079.360107421875,2079.360107421875,2094.320068359375,2079.340087890625,2090.0,4256200000,-0.004821481688424889,0.1225028328241996
2015-11-02,2104.050048828125,2104.050048828125,2106.199951171875,2080.760009765625,2080.760009765625,3760020000,0.011803876338814412,0.11447370363478777
2015-11-03,2109.7900390625,2109.7900390625,2116.47998046875,2097.510009765625,2102.6298828125,4272060000,0.0027243529250675635,0.11204573906465272
2015-11-04,2102.31005859375,2102.31005859375,2114.590087890625,2096.97998046875,2110.60009765625,4078870000,-0.003551666939647369,0.11290241571351403
2015-11-05,2099.929931640625,2099.929931640625,2108.780029296875,2090.409912109375,2101.679931640625,4051890000,-0.0011327897564985534,0.11126157109681649
2015-11-06,2099.199951171875,2099.199951171875,2101.909912109375,2083.739990234375,2098.60009765625,4369020000,-0.00034768178002320127,0.11149063009827175
2015-11-09,2078.580078125,2078.580078125,2096.56005859375,2068.239990234375,2096.56005859375,3882350000,-0.009871290656502829,0.1188901989344636
2015-11-10,2081.719970703125,2081.719970703125,2083.669921875,2069.909912109375,2077.18994140625,3821440000,0.0015094551534495793,0.11495319433039727
2015-11-11,2075.0,2075.0,2086.93994140625,2074.85009765625,2083.409912109375,3692410000,-0.003233307321568901,0.1139782402422678
2015-11-12,2045.969970703125,2045.969970703125,2072.2900390625,2045.6600341796875,2072.2900390625,4016370000,-0.01408916333663246,0.11692635457305886
2015-11-13,2023.0400390625,2023.0400390625,2044.6400146484375,2022.02001953125,2044.6400146484375,4278750000,-0.011270640432154977,0.1227564844672737
2015-11-16,2053.18994140625,2053.18994140625,2053.219970703125,2019.3900146484375,2022.0799560546875,3741240000,0.014793302794234187,0.1333552522660052
2015-11-17,2050.43994140625,2050.43994140625,2066.68994140625,2045.9000244140625,2053.669921875,4427350000,-0.0013402770182464607,0.13334086305972892
2015-11-18,2083.580078125,2083.580078125,2085.31005859375,2051.989990234375,2051.989990234375,3926390000,0.016033229877171706,0.14149745922509266
2015-11-19,2081.239990234375,2081.239990234375,2086.739990234375,2078.760009765625,2083.699951171875,3628110000,-0.001123740328979217,0.13082385359098442
2015-11-20,2089.169921875,2089.169921875,2097.06005859375,2082.820068359375,2082.820068359375,3929600000,0.0038029552801495115,0.12599202881592245
2015-11-23,2086.590087890625,2086.590087890625,2095.610107421875,2081.389892578125,2089.409912109375,3587980000,-0.0012356238416844079,0.12586091815437897
2015-11-24,2089.139892578125,2089.139892578125,2094.1201171875,2070.2900390625,2084.419921875,3884930000,0.0012212499449608671,0.12543152860409792
2015-11-25,2088.8701171875,2088.8701171875,2093.0,2086.300048828125,2089.300048828125,2852940000,-0.00012914061496704932,0.11860104779905573
2015-11-27,2090.110107421875,2090.110107421875,2093.2900390625,2084.1298828125,2088.820068359375,1466840000,0.0005934415594808229,0.11861003806024703
2015-11-30,2080.409912109375,2080.409912109375,2093.81005859375,2080.409912109375,2090.949951171875,4275030000,-0.004651800139618523,0.11852424897920295
2015-12-01,2102.6298828125,2102.6298828125,2103.3701171875,2082.929931640625,2082.929931640625,3712120000,0.010623938946739742,0.11710863256847168
2015-12-02,2079.510009765625,2079.510009765625,2104.27001953125,2077.110107421875,2101.7099609375,3950640000,-0.01105659263944947,0.12259637436784152
2015-12-03,2049.6201171875,2049.6201171875,2085.0,2042.3499755859375,2080.7099609375,4306490000,-0.014477826444149855,0.13129263950503095
2015-12-04,2091.68994140625,2091.68994140625,2093.840087890625,2051.239990234375,2051.239990234375,4214910000,0.020317856363851305,0.1510602773616638
2015-12-07,2077.070068359375,2077.070068359375,2090.419921875,2066.780029296875,2090.419921875,4043820000,-0.007014043960397842,0.1528938922338231
2015-12-08,2063.590087890625,2063.590087890625,2073.85009765625,2052.320068359375,2073.389892578125,4173570000,-0.00651105262559426,0.1507338308085935
2015-12-09,2047.6199951171875,2047.6199951171875,2080.330078125,2036.530029296875,2061.169921875,4385250000,-0.0077690863656929565,0.15268806350743352
2015-12-10,2052.22998046875,2052.22998046875,2067.64990234375,2045.6700439453125,2047.9300537109375,3715150000,0.002248856578594527,0.15277694971990693
2015-12-11,2012.3699951171875,2012.3699951171875,2047.27001953125,2008.800048828125,2047.27001953125,4301060000,-0.019613867755815306,0.1599714602607636
2015-12-14,2021.93994140625,2021.93994140625,2022.9200439453125,1993.260009765625,2013.3699951171875,4612440000,0.004744288064068236,0.15635371714717478
2015-12-15,2043.4100341796875,2043.4100341796875,2053.8701171875,2025.550048828125,2025.550048828125,4353540000,0.010562580105914599,0.1519232049640962
2015-12-16,2073.070068359375,2073.070068359375,2076.719970703125,2042.4300537109375,2046.5,4635450000,0.014410635650770942,0.16004088294386437
2015-12-17,2041.8900146484375,2041.8900146484375,2076.3701171875,2041.6600341796875,2073.760009765625,4327390000,-0.015154776635876388,0.15838691989119252
2015-12-18,2005.550048828125,2005.550048828125,2040.81005859375,2005.3299560546875,2040.81005859375,6683070000,-0.017957495007106417,0.16889765939233323
2015-12-21,2021.1500244140625,2021.1500244140625,2022.9000244140625,2005.9300537109375,2010.27001953125,3760280000,0.007748306727155985,0.17109938958613083
2015-12-22,2038.969970703125,2038.969970703125,2042.739990234375,2020.489990234375,2023.1500244140625,3520860000,0.008778095591568835,0.17487457649338148
2015-12-23,2064.2900390625,2064.2900390625,2064.72998046875,2042.199951171875,2042.199951171875,3484090000,0.012341596527553733,0.18090623498282318
2015-12-24,2060.989990234375,2060.989990234375,2067.360107421875,2058.72998046875,2063.52001953125,1411860000,-0.0015999154038626173,0.18092973841275342
2015-12-28,2056.5,2056.5,2057.77001953125,2044.199951171875,2057.77001953125,2492510000,-0.0021809364563063482,0.18093989025976423
2015-12-29,2078.360107421875,2078.360107421875,2081.56005859375,2060.5400390625,2060.5400390625,2542000000,0.01057366417302319,0.18450001030646135
2015-12-30,2063.360107421875,2063.360107421875,2077.340087890625,2061.969970703125,2077.340087890625,2367430000,-0.007243398783778332,0.18181276940845204
2015-12-31,2043.93994140625,2043.93994140625,2062.5400390625,2043.6199951171875,2060.590087890625,2655330000,-0.009456485041468454,0.1807725340782715
2016-01-04,2012.6600341796875,2012.6600341796875,2038.199951171875,1989.6800537109375,2038.199951171875,4304880000,-0.015422041797806152,0.18169574412897502
2016-01-05,2016.7099609375,2016.7099609375,2021.93994140625,2004.1700439453125,2013.780029296875,3706620000,0.002010204139359928,0.16502079347871165
2016-01-06,1990.260009765625,1990.260009765625,2011.7099609375,1979.050048828125,2011.7099609375,4336660000,-0.013202163002625333,0.16881757000330444
2016-01-07,1943.0899658203125,1943.0899658203125,1985.3199462890625,1938.8299560546875,1985.3199462890625,5076590000,-0.02398581651934517,0.18461264846881884
2016-01-08,1922.030029296875,1922.030029296875,1960.4000244140625,1918.4599609375,1945.969970703125,4664940000,-0.01089753744584776,0.18594166255116878
2016-01-11,1923.6700439453125,1923.6700439453125,1935.6500244140625,1901.0999755859375,1926.1199951171875,4607290000,0.0008529082958226297,0.1854917412085129
2016-01-12,1938.6800537109375,1938.6800537109375,1947.3800048828125,1914.3499755859375,1927.8299560546875,4887260000,0.007772514117774243,0.17911147954003076
2016-01-13,1890.280029296875,1890.280029296875,1950.3299560546875,1886.4100341796875,1940.3399658203125,5087030000,-0.02528237507790898,0.19460678058160832
2016-01-14,1921.8399658203125,1921.8399658203125,1934.469970703125,1878.9300537109375,1891.6800537109375,5241110000,0.0165580609343845,0.20101387809049973
2016-01-15,1880.3299560546875,1880.3299560546875,1916.6800537109375,1857.8299560546875,1916.6800537109375,5468460000,-0.021835772698162614,0.2004212846298828
2016-01-19,1881.3299560546875,1881.3299560546875,1901.43994140625,1864.5999755859375,1888.6600341796875,4928350000,0.0005316801874286625,0.1976161777920457
2016-01-20,1859.3299560546875,1859.3299560546875,1876.1800537109375,1812.2900390625,1876.1800537109375,6416070000,-0.011762766025898763,0.19325485628087943
2016-01-21,1868.989990234375,1868.989990234375,1889.8499755859375,1848.97998046875,1861.4599609375,5078810000,0.005181988635948542,0.19152126187028481
2016-01-22,1906.9000244140625,1906.9000244140625,1908.8499755859375,1877.4000244140625,1877.4000244140625,4901760000,0.020080726882213185,0.2045102292086602
2016-01-25,1877.0799560546875,1877.0799560546875,1906.280029296875,1875.969970703125,1906.280029296875,4401380000,-0.015761545172821023,0.2004160977228356
2016-01-26,1903.6300048828125,1903.6300048828125,1906.72998046875,1878.7900390625,1878.7900390625,4357940000,0.014045237830368151,0.2105702373651927
2016-01-27,1882.949951171875,1882.949951171875,1916.989990234375,1872.699951171875,1902.52001953125,4754040000,-0.01092292230052827,0.21180229002075357
2016-01-28,1893.3599853515625,1893.3599853515625,1902.9599609375,1873.6500244140625,1885.219970703125,4693010000,0.005513350717590626,0.20798131067813913
2016-01-29,1940.239990234375,1940.239990234375,1940.239990234375,1894.0,1894.0,5497570000,0.02445865099455702,0.23070219639552042
2016-02-01,1939.3800048828125,1939.3800048828125,1947.199951171875,1920.300048828125,1936.93994140625,4322530000,-0.00044333484554215374,0.22966659969926456
2016-02-02,1903.030029296875,1903.030029296875,1935.260009765625,1897.2900390625,1935.260009765625,4463190000,-0.018920968718231457,0.23242545980959928
2016-02-03,1912.530029296875,1912.530029296875,1918.010009765625,1872.22998046875,1907.0699462890625,5172950000,0.004979620021574149,0.23342476322932929
2016-02-04,1915.449951171875,1915.449951171875,1927.3499755859375,1900.52001953125,1911.6700439453125,5193320000,0.0015255682925232605,0.23058169743599494
2016-02-05,1880.050048828125,1880.050048828125,1913.0699462890625,1872.6500244140625,1913.0699462890625,4929940000,-0.01865415827635175,0.22481744772411297
2016-02-08,1853.43994140625,1853.43994140625,1873.25,1828.4599609375,1873.25,5636460000,-0.014255057923056924,0.22684869775494332
2016-02-09,1852.2099609375,1852.2099609375,1868.25,1834.93994140625,1848.4599609375,5183220000,-0.0006638406467605051,0.22668441111286955
2016-02-10,1851.8599853515625,1851.8599853515625,1881.5999755859375,1850.3199462890625,1857.0999755859375,4471170000,-0.0001889681307609692,0.22406562421744683
2016-02-11,1829.0799560546875,1829.0799560546875,1847.0,1810.0999755859375,1847.0,5500800000,-0.012377447329256164,0.21147555622375097
2016-02-12,1864.780029296875,1864.780029296875,1864.780029296875,1833.4000244140625,1833.4000244140625,4696920000,0.019330015207046358,0.21467526548749422
2016-02-16,1895.5799560546875,1895.5799560546875,1895.77001953125,1871.43994140625,1871.43994140625,4570670000,0.01638173774168461,0.2097387105474681
2016-02-17,1926.8199462890625,1926.8199462890625,1930.6800537109375,1898.800048828125,1898.800048828125,5011540000,0.016346110625641508,0.21687533374812298
2016-02-18,1917.8299560546875,1917.8299560546875,1930.0,1915.0899658203125,1927.5699462890625,4436490000,-0.004676632123934432,0.2128900167744686
2016-02-19,1917.780029296875,1917.780029296875,1918.780029296875,1902.1700439453125,1916.739990234375,4142850000,-2.603328180228459e-05,0.21253238326343238
2016-02-22,1945.5,1945.5,1946.699951171875,1924.43994140625,1924.43994140625,4054710000,0.014350731099076697,0.20700121633769036
2016-02-23,1921.27001953125,1921.27001953125,1942.3800048828125,1919.43994140625,1942.3800048828125,3890650000,-0.012532577570788739,0.2039859203509007
2016-02-24,1929.800048828125,1929.800048828125,1932.0799560546875,1891.0,1917.56005859375,4317250000,0.004429960034632252,0.19898644245116412
2016-02-25,1951.699951171875,1951.699951171875,1951.8299560546875,1925.4100341796875,1931.8699951171875,4118210000,0.011284366730450301,0.19749429864136442
2016-02-26,1948.050048828125,1948.050048828125,1962.9599609375,1945.780029296875,1954.949951171875,4348510000,-0.001871865329564848,0.19739423484251348
2016-02-29,1932.22998046875,1932.22998046875,1958.27001953125,1931.81005859375,1947.1300048828125,4588180000,-0.008154131091571593,0.181010174363881
2016-03-01,1978.3499755859375,1978.3499755859375,1978.3499755859375,1937.0899658203125,1937.0899658203125,4819750000,0.023588385401619227,0.19883264953863394
2016-03-02,1986.449951171875,1986.449951171875,1986.510009765625,1968.800048828125,1976.5999755859375,4666610000,0.004085949861101668,0.18526668652395706
2016-03-03,1993.4000244140625,1993.4000244140625,1993.68994140625,1977.3699951171875,1985.5999755859375,5081700000,0.0034926343203167676,0.18505133496712234
2016-03-04,1999.989990234375,1999.989990234375,2009.1300048828125,1986.77001953125,1994.010009765625,6049930000,0.003300439865942195,0.18508733194986296
2016-03-07,2001.760009765625,2001.760009765625,2006.1199951171875,1989.3800048828125,1996.1099853515625,4968180000,0.0008846228008634327,0.16905286741717632
2016-03-08,1979.260009765625,1979.260009765625,1996.8800048828125,1977.4300537109375,1996.8800048828125,4641650000,-0.011303756056006087,0.1654982774416796
2016-03-09,1989.260009765625,1989.260009765625,1992.68994140625,1979.8399658203125,1981.43994140625,4038120000,0.005039672782814364,0.16495953896042825
2016-03-10,1989.5699462890625,1989.5699462890625,2005.0799560546875,1969.25,1990.969970703125,4376790000,0.00015579279712252259,0.16486485895411354
2016-03-11,2022.18994140625,2022.18994140625,2022.3699951171875,1994.7099609375,1994.7099609375,4078620000,0.016262545588850763,0.15961595367191622
2016-03-14,2019.6400146484375,2019.6400146484375,2024.5699462890625,2012.050048828125,2019.27001953125,3487850000,-0.001261768616611647,0.15207336209319192
2016-03-15,2015.9300537109375,2015.9300537109375,2015.93994140625,2005.22998046875,2015.27001953125,3560280000,-0.0018386309343174645,0.1463211404251175
2016-03-16,2027.219970703125,2027.219970703125,2032.02001953125,2010.0400390625,2014.239990234375,4057020000,0.00558472788177955,0.1385564738134938
2016-03-17,2040.5899658203125,2040.5899658203125,2046.239990234375,2022.1600341796875,2026.9000244140625,4530480000,0.006573583068596456,0.13662734745775407
2016-03-18,2049.580078125,2049.580078125,2052.360107421875,2041.1600341796875,2041.1600341796875,6503140000,0.004395967251025645,0.1362075550635735
2016-03-21,2051.60009765625,2051.60009765625,2053.909912109375,2043.1400146484375,2047.8800048828125,3376600000,0.0009850919042930784,0.13029443256969916
2016-03-22,2049.800048828125,2049.800048828125,2056.60009765625,2040.5699462890625,2048.639892578125,3418460000,-0.0008777728967723775,0.11891995225714459
2016-03-23,2036.7099609375,2036.7099609375,2048.550048828125,2034.8599853515625,2048.550048828125,3639510000,-0.00640650953066757,0.12337756933025609
2016-03-24,2035.93994140625,2035.93994140625,2036.0400390625,2022.489990234375,2032.47998046875,3407720000,-0.0003781417793762287,0.11969136958142539
2016-03-28,2037.050048828125,2037.050048828125,2042.6700439453125,2031.9599609375,2037.8900146484375,2809090000,0.0005451068880724108,0.11896743422527221
2016-03-29,2055.010009765625,2055.010009765625,2055.909912109375,2028.31005859375,2035.75,3822330000,0.008778012054237117,0.11468495751477052
2016-03-30,2063.949951171875,2063.949951171875,2072.2099609375,2058.27001953125,2058.27001953125,3590310000,0.004340879993566027,0.08740674400368267
2016-03-31,2059.739990234375,2059.739990234375,2067.919921875,2057.4599609375,2063.77001953125,3715280000,-0.0020418423596204605,0.08823551965927792
2016-04-01,2072.780029296875,2072.780029296875,2075.070068359375,2043.97998046875,2056.6201171875,3749990000,0.0063109590665995086,0.08944260128864404
2016-04-04,2066.1298828125,2066.1298828125,2074.02001953125,2062.570068359375,2073.18994140625,3485710000,-0.003213480045854311,0.09103079734766066
2016-04-05,2045.1700439453125,2045.1700439453125,2062.5,2042.56005859375,2062.5,4154920000,-0.01019629841179448,0.09981781450367419
2016-04-06,2066.659912109375,2066.659912109375,2067.330078125,2043.0899658203125,2045.56005859375,3750800000,0.010452797932012814,0.09404245793028528
2016-04-07,2041.9100341796875,2041.9100341796875,2063.010009765625,2033.800048828125,2063.010009765625,3801250000,-0.01204807397000529,0.10535334851547783
2016-04-08,2047.5999755859375,2047.5999755859375,2060.6298828125,2041.68994140625,2045.5400390625,3359530000,0.0027827026046169934,0.1053839531055646
2016-04-11,2041.989990234375,2041.989990234375,2062.929931640625,2041.8800048828125,2050.22998046875,3567840000,-0.0027435458896043485,0.09126449353340174
2016-04-12,2061.719970703125,2061.719970703125,2065.050048828125,2039.739990234375,2043.719970703125,4239740000,0.009615753881390354,0.09626053874277377
2016-04-13,2082.419921875,2082.419921875,2083.179931640625,2065.919921875,2065.919921875,4191830000,0.00999006976855732,0.10042660794538355
2016-04-14,2082.780029296875,2082.780029296875,2087.840087890625,2078.1298828125,2082.889892578125,3765870000,0.0001729124301323992,0.09947722403604335
2016-04-15,2080.72998046875,2080.72998046875,2083.219970703125,2076.31005859375,2083.10009765625,3701450000,-0.0009847695761457942,0.09790287891562971
2016-04-18,2094.340087890625,2094.340087890625,2094.659912109375,2073.64990234375,2078.830078125,3316880000,0.006519725613798322,0.0991065201864157
2016-04-19,2100.800048828125,2100.800048828125,2104.050048828125,2091.679931640625,2096.050048828125,3896830000,0.0030797379028664196,0.09934587080383454
2016-04-20,2102.39990234375,2102.39990234375,2111.050048828125,2096.320068359375,2101.52001953125,4184880000,0.0007612550492348547,0.09907856642090163
2016-04-21,2091.47998046875,2091.47998046875,2103.780029296875,2088.52001953125,2102.090087890625,4175290000,-0.005207562857292736,0.09798943711118416
2016-04-22,2091.580078125,2091.580078125,2094.320068359375,2081.199951171875,2091.489990234375,3790580000,4.785857954114903e-05,0.09790709394062982
2016-04-25,2087.7900390625,2087.7900390625,2089.3701171875,2077.52001953125,2089.3701171875,3319740000,-0.0018136896207625597,0.09848924317672547
2016-04-26,2091.699951171875,2091.699951171875,2096.8701171875,2085.800048828125,2089.840087890625,3557190000,0.001871000174236137,0.09464369560491698
2016-04-27,2095.14990234375,2095.14990234375,2099.889892578125,2082.31005859375,2092.330078125,4100110000,0.0016479941117468755,0.09386000433650045
2016-04-28,2075.81005859375,2075.81005859375,2099.300048828125,2071.6201171875,2090.929931640625,4309840000,-0.009273636061561064,0.09972230526914933
2016-04-29,2065.300048828125,2065.300048828125,2073.85009765625,2052.280029296875,2071.820068359375,4704720000,-0.005075949230557875,0.09898061866760274
2016-05-02,2081.429931640625,2081.429931640625,2083.419921875,2066.110107421875,2067.169921875,3841110000,0.007779606697244645,0.10199789811367171
2016-05-03,2063.3701171875,2063.3701171875,2077.179931640625,2054.889892578125,2077.179931640625,4173390000,-0.008714499388395858,0.10017652258667513
2016-05-04,2051.1201171875,2051.1201171875,2060.300048828125,2045.550048828125,2060.300048828125,4058560000,-0.0059545827054732214,0.0954932867101363
2016-05-05,2050.6298828125,2050.6298828125,2060.22998046875,2045.77001953125,2052.949951171875,4008530000,-0.0002390366927933485,0.08552876991621934
2016-05-06,2057.139892578125,2057.139892578125,2057.719970703125,2039.449951171875,2047.77001953125,3796350000,0.00316961055355236,0.08568556772739053
2016-05-09,2058.68994140625,2058.68994140625,2064.14990234375,2054.31005859375,2057.550048828125,3788620000,0.0007532133076093572,0.08500671205757303
2016-05-10,2084.389892578125,2084.389892578125,2084.8701171875,2062.6298828125,2062.6298828125,3600200000,0.012406365236037331,0.08925766592664859
2016-05-11,2064.4599609375,2064.4599609375,2083.2900390625,2064.4599609375,2083.2900390625,3821980000,-0.009607522877868035,0.08888498400024658
2016-05-12,2064.110107421875,2064.110107421875,2073.989990234375,2053.1298828125,2067.169921875,3782390000,-0.00016947926796451185,0.08886346168437936
2016-05-13,2046.6099853515625,2046.6099853515625,2066.7900390625,2043.1300048828125,2062.5,3579880000,-0.008514434161752682,0.09314931010456146
2016-05-16,2066.659912109375,2066.659912109375,2071.8798828125,2046.530029296875,2046.530029296875,3501360000,0.009748976389612807,0.09695075511711311
2016-05-17,2047.2099609375,2047.2099609375,2065.68994140625,2040.8199462890625,2065.0400390625,4108960000,-0.009455863552163102,0.10048583407863754
2016-05-18,2047.6300048828125,2047.6300048828125,2060.610107421875,2034.489990234375,2044.3800048828125,4101320000,0.00020515768640194665,0.10036100156883164
2016-05-19,2040.0400390625,2040.0400390625,2044.2099609375,2025.9100341796875,2044.2099609375,3846770000,-0.003713594522721131,0.09976312626407682
2016-05-20,2052.320068359375,2052.320068359375,2058.35009765625,2041.8800048828125,2041.8800048828125,3507650000,0.006001459222805039,0.10281512362997472
2016-05-23,2048.0400390625,2048.0400390625,2055.580078125,2047.260009765625,2052.22998046875,3055480000,-0.002087636568101736,0.10284856851180219
2016-05-24,2076.06005859375,2076.06005859375,2079.669921875,2052.64990234375,2052.64990234375,3627340000,0.013588637533989534,0.1142700004656643
2016-05-25,2090.5400390625,2090.5400390625,2094.72998046875,2078.929931640625,2078.929931640625,3859160000,0.0069505296515837145,0.11689545452851452
2016-05-26,2090.10009765625,2090.10009765625,2094.300048828125,2087.080078125,2091.43994140625,3230990000,-0.0002104660499284705,0.11204867758698749
2016-05-27,2099.06005859375,2099.06005859375,2099.06005859375,2090.06005859375,2090.06005859375,3079150000,0.004277694939439414,0.11101735492253235
2016-05-31,2096.949951171875,2096.949951171875,2103.47998046875,2088.659912109375,2100.1298828125,4514410000,-0.0010057686205895422,0.10819369911341306
2016-06-01,2099.330078125,2099.330078125,2100.969970703125,2085.10009765625,2093.93994140625,3525170000,0.001134398653926283,0.10301415896037283
2016-06-02,2105.260009765625,2105.260009765625,2105.260009765625,2088.590087890625,2097.7099609375,3632720000,0.002820696166986103,0.1001292054986727
2016-06-03,2099.1298828125,2099.1298828125,2104.070068359375,2085.360107421875,2104.070068359375,3627780000,-0.0029160622366948274,0.10107246890192849
2016-06-06,2109.409912109375,2109.409912109375,2113.360107421875,2100.830078125,2100.830078125,3442020000,0.004885328519363519,0.10167294300326432
2016-06-07,2112.1298828125,2112.1298828125,2119.219970703125,2110.179931640625,2110.179931640625,3534730000,0.0012886156291971318,0.10165654960849799
2016-06-08,2119.1201171875,2119.1201171875,2120.550048828125,2112.7099609375,2112.7099609375,3562060000,0.0033041019719552978,0.09366942011272343
2016-06-09,2115.47998046875,2115.47998046875,2117.639892578125,2107.72998046875,2115.64990234375,3290320000,-0.0017192355978936646,0.08628279585713469
2016-06-10,2096.070068359375,2096.070068359375,2109.570068359375,2089.9599609375,2109.570068359375,3515010000,-0.009217532410166207,0.09349672372284398
2016-06-13,2079.06005859375,2079.06005859375,2098.1201171875,2078.4599609375,2091.75,3392030000,-0.008148298789709685,0.09304619425897144
2016-06-14,2075.320068359375,2075.320068359375,2081.300048828125,2064.10009765625,2076.64990234375,3759770000,-0.0018005050719720472,0.08744023165478154
2016-06-15,2071.5,2071.5,2085.64990234375,2069.800048828125,2077.60009765625,3544720000,-0.0018424090638102797,0.08053150924537048
2016-06-16,2077.989990234375,2077.989990234375,2079.6201171875,2050.3701171875,2066.360107421875,3628280000,0.0031280931110462262,0.08098926838570604
2016-06-17,2071.219970703125,2071.219970703125,2078.199951171875,2062.840087890625,2078.199951171875,4952630000,-0.003263284144609635,0.08069198700866796
2016-06-20,2083.25,2083.25,2100.659912109375,2075.580078125,2075.580078125,3467440000,0.005791382778423504,0.08052309453580044
2016-06-21,2088.89990234375,2088.89990234375,2093.659912109375,2083.02001953125,2085.18994140625,3232880000,0.0027083906042095762,0.08010366345991558
2016-06-22,2085.449951171875,2085.449951171875,2099.7099609375,2084.360107421875,2089.75,3168160000,-0.0016529289965756533,0.0660108744813238
2016-06-23,2113.320068359375,2113.320068359375,2113.320068359375,2092.800048828125,2092.800048828125,3297940000,0.013275567071954875,0.07686478725795391
2016-06-24,2037.4100341796875,2037.4100341796875,2103.81005859375,2032.5699462890625,2103.81005859375,7597450000,-0.036580792805582796,0.14977208386214055
2016-06-27,2000.5400390625,2000.5400390625,2031.449951171875,1991.6800537109375,2031.449951171875,5431220000,-0.018262246511702607,0.15924236818891274
2016-06-28,2036.0899658203125,2036.0899658203125,2036.0899658203125,2006.6700439453125,2006.6700439453125,4385810000,0.017614121604087707,0.17367797273970442
2016-06-29,2070.77001953125,2070.77001953125,2073.1298828125,2042.68994140625,2042.68994140625,4241740000,0.016889242971254603,0.1848518896733871
2016-06-30,2098.860107421875,2098.860107421875,2098.93994140625,2070.0,2073.169921875,4622820000,0.01347386314946597,0.19097068991267438
2016-07-01,2102.949951171875,2102.949951171875,2108.7099609375,2097.89990234375,2099.340087890625,3458890000,0.0019467062930313972,0.19082496761547657
2016-07-05,2088.550048828125,2088.550048828125,2095.050048828125,2080.860107421875,2095.050048828125,3658380000,-0.006871028985598215,0.19143711626481727
2016-07-06,2099.72998046875,2099.72998046875,2100.719970703125,2074.02001953125,2084.429931640625,3909380000,0.005338687058276115,0.19242335663244753
2016-07-07,2097.89990234375,2097.89990234375,2109.080078125,2089.389892578125,2100.419921875,3604550000,-0.0008719578867335542,0.19198125857850815
2016-07-08,2129.89990234375,2129.89990234375,2131.7099609375,2106.969970703125,2106.969970703125,3607500000,0.015138186565992306,0.19935338895002408
2016-07-11,2137.159912109375,2137.159912109375,2143.159912109375,2131.719970703125,2131.719970703125,3253340000,0.003402819311999039,0.1964911515851803
2016-07-12,2152.139892578125,2152.139892578125,2155.39990234375,2139.5,2139.5,4097820000,0.006984842307344863,0.19460852004164947
2016-07-13,2152.429931640625,2152.429931640625,2156.449951171875,2146.2099609375,2153.81005859375,3502320000,0.0001347586749824714,0.19428139015150486
2016-07-14,2163.75,2163.75,2168.989990234375,2157.8798828125,2157.8798828125,3465610000,0.0052454228016962645,0.19414353487452005
2016-07-15,2161.739990234375,2161.739990234375,2169.050048828125,2155.7900390625,2165.1298828125,3122600000,-0.000929379059870783,0.19440082338700015
2016-07-18,2166.889892578125,2166.889892578125,2168.35009765625,2159.6298828125,2162.0400390625,3009310000,0.0023794618218691,0.19346279901352426
2016-07-19,2163.780029296875,2163.780029296875,2164.6298828125,2159.010009765625,2163.7900390625,2968340000,-0.0014362045004157054,0.19341547468309594
2016-07-20,2173.02001953125,2173.02001953125,2175.6298828125,2164.889892578125,2166.10009765625,3211860000,0.004261208315764264,0.19357216574157549
2016-07-21,2165.169921875,2165.169921875,2174.56005859375,2159.75,2172.909912109375,3438900000,-0.003619069856525492,0.194154987845581
2016-07-22,2175.030029296875,2175.030029296875,2175.110107421875,2163.239990234375,2166.469970703125,3023280000,0.004543626789510036,0.19000092897946017
2016-07-25,2168.47998046875,2168.47998046875,2173.7099609375,2161.949951171875,2173.7099609375,3057240000,-0.0030160187399292937,0.1320121923487244
2016-07-26,2169.179931640625,2169.179931640625,2173.5400390625,2160.179931640625,2168.969970703125,3442350000,0.000322732160719319,0.10746497842299874
2016-07-27,2166.580078125,2166.580078125,2174.97998046875,2159.070068359375,2169.81005859375,3995500000,-0.0011992609468087778,0.09671142427685372
2016-07-28,2170.06005859375,2170.06005859375,2172.85009765625,2159.739990234375,2166.050048828125,3664240000,0.0016049204480923507,0.08270773509308028
2016-07-29,2173.60009765625,2173.60009765625,2177.090087890625,2163.489990234375,2168.830078125,4038840000,0.0016299801176575812,0.07209109548806177
2016-08-01,2170.840087890625,2170.840087890625,2178.2900390625,2166.2099609375,2173.14990234375,3505990000,-0.0012705941474910887,0.07283571133604531
2016-08-02,2157.030029296875,2157.030029296875,2170.199951171875,2147.580078125,2169.93994140625,3848750000,-0.006381940812667075,0.07213624848678912
2016-08-03,2163.7900390625,2163.7900390625,2163.7900390625,2152.56005859375,2156.81005859375,3786530000,0.003129042716071062,0.07109592686950729
2016-08-04,2164.25,2164.25,2168.18994140625,2159.070068359375,2163.510009765625,3709200000,0.00021254929948888446,0.07073763456092394
2016-08-05,2182.8701171875,2182.8701171875,2182.8701171875,2168.7900390625,2168.7900390625,3663070000,0.008566697289380087,0.05719826608114969
2016-08-08,2180.889892578125,2180.889892578125,2185.43994140625,2177.85009765625,2183.760009765625,3327550000,-0.0009075772915414504,0.05707745311464567
2016-08-09,2181.739990234375,2181.739990234375,2187.659912109375,2178.610107421875,2182.239990234375,3334300000,0.00038971798655573764,0.0527819645641587
2016-08-10,2175.489990234375,2175.489990234375,2183.409912109375,2172.0,2182.81005859375,3254950000,-0.0028687970634884152,0.05417949569135091
2016-08-11,2185.7900390625,2185.7900390625,2188.449951171875,2177.969970703125,2177.969970703125,3423160000,0.004723415102444228,0.05363475723442597
2016-08-12,2184.050048828125,2184.050048828125,2186.280029296875,2179.419921875,2183.739990234375,3000660000,-0.0007963633869145781,0.053591838517160484
2016-08-15,2190.14990234375,2190.14990234375,2193.81005859375,2186.080078125,2186.080078125,3078530000,0.0027890162945221064,0.05378989112172293
2016-08-16,2178.14990234375,2178.14990234375,2186.239990234375,2178.139892578125,2186.239990234375,3196400000,-0.005494142216478259,0.05737524661644626
2016-08-17,2182.219970703125,2182.219970703125,2183.080078125,2168.5,2177.840087890625,3388910000,0.0018668460061554981,0.0558873810645162
2016-08-18,2187.02001953125,2187.02001953125,2187.030029296875,2180.4599609375,2181.89990234375,3300570000,0.0021972016963829333,0.05446947894610051
2016-08-19,2183.8701171875,2183.8701171875,2185.0,2175.1298828125,2184.239990234375,3084800000,-0.001441309568768645,0.05278381651036226
2016-08-22,2182.639892578125,2182.639892578125,2185.14990234375,2175.9599609375,2181.580078125,2777550000,-0.0005634818833231137,0.05156737420412201
2016-08-23,2186.89990234375,2186.89990234375,2193.419921875,2186.800048828125,2187.81005859375,3041490000,0.0019498671783617638,0.05187267823985881
2016-08-24,2175.43994140625,2175.43994140625,2186.659912109375,2171.25,2185.090087890625,3148280000,-0.005254055259671375,0.05524206115032094
2016-08-25,2172.469970703125,2172.469970703125,2179.0,2169.739990234375,2173.2900390625,2969310000,-0.0013661603966461655,0.05524910338945761
2016-08-26,2169.0400390625,2169.0400390625,2187.93994140625,2160.389892578125,2175.10009765625,3342340000,-0.0015800642387127084,0.055212697345164145
2016-08-29,2180.3798828125,2180.3798828125,2183.47998046875,2170.18994140625,2170.18994140625,2654780000,0.005214428428674367,0.057977264429544026
2016-08-30,2176.1201171875,2176.1201171875,2182.27001953125,2170.409912109375,2179.449951171875,3006800000,-0.0019555914071229807,0.05347488752114454
2016-08-31,2170.949951171875,2170.949951171875,2173.7900390625,2161.35009765625,2173.56005859375,3766390000,-0.002378691105562325,0.05338096783716261
2016-09-01,2170.860107421875,2170.860107421875,2173.56005859375,2157.090087890625,2171.330078125,3392120000,-4.138538941145242e-05,0.05338535785179888
2016-09-02,2179.97998046875,2179.97998046875,2184.8701171875,2173.590087890625,2177.489990234375,3091120000,0.004192241599034752,0.046384270020895464
2016-09-06,2186.47998046875,2186.47998046875,2186.570068359375,2175.10009765625,2181.610107421875,3447650000,0.002977242370004518,0.04743190141567121
2016-09-07,2186.159912109375,2186.159912109375,2187.8701171875,2179.070068359375,2185.169921875,3319420000,-0.00014639593829279818,0.047430894935808064
2016-09-08,2181.300048828125,2181.300048828125,2184.93994140625,2177.489990234375,2182.760009765625,3727840000,-0.0022254881924705927,0.04697335327996289
2016-09-09,2127.81005859375,2127.81005859375,2169.080078125,2127.81005859375,2169.080078125,4233960000,-0.024827742410836073,0.09613210585562554
2016-09-12,2159.0400390625,2159.0400390625,2163.300048828125,2119.1201171875,2120.860107421875,4010480000,0.014570387233434623,0.11081555806285187
2016-09-13,2127.02001953125,2127.02001953125,2150.469970703125,2120.27001953125,2150.469970703125,4141670000,-0.014941748278211264,0.12058083110905321
2016-09-14,2125.77001953125,2125.77001953125,2141.330078125,2119.89990234375,2127.860107421875,3664100000,-0.0005878493998130452,0.11970545756100642
2016-09-15,2147.260009765625,2147.260009765625,2151.31005859375,2122.360107421875,2125.360107421875,3373720000,0.010058516449440447,0.12557564142052238
2016-09-16,2139.159912109375,2139.159912109375,2146.47998046875,2131.199951171875,2146.47998046875,5014360000,-0.0037794277955720545,0.12547617067734154
2016-09-19,2139.1201171875,2139.1201171875,2153.610107421875,2135.909912109375,2143.989990234375,3141820000,-1.8603233825409404e-05,0.1255248511015743
2016-09-20,2139.760009765625,2139.760009765625,2150.800048828125,2139.169921875,2145.93994140625,3117380000,0.0002990934842346249,0.1256011466872781
2016-09-21,2163.1201171875,2163.1201171875,2165.110107421875,2139.570068359375,2144.580078125,3685450000,0.010858000333636042,0.13185577868130105
2016-09-22,2177.179931640625,2177.179931640625,2179.989990234375,2170.93994140625,2170.93994140625,3523860000,0.006478751917641468,0.13282282538205673
2016-09-23,2164.68994140625,2164.68994140625,2173.75,2163.969970703125,2173.2900390625,3289860000,-0.005753292959718159,0.13426743885886155
2016-09-26,2146.10009765625,2146.10009765625,2158.5400390625,2145.0400390625,2158.5400390625,3199910000,-0.008624850117916694,0.1373698137064058
2016-09-27,2159.929931640625,2159.929931640625,2161.1298828125,2141.550048828125,2146.0400390625,3414090000,0.006423495165297943,0.13806895867437027
2016-09-28,2171.3701171875,2171.3701171875,2172.39990234375,2151.7900390625,2161.85009765625,3860390000,0.005282576603643285,0.13935349574254666
2016-09-29,2151.1298828125,2151.1298828125,2172.669921875,2145.199951171875,2168.89990234375,4215620000,-0.009365127730081468,0.14283979927330615
2016-09-30,2168.27001953125,2168.27001953125,2175.300048828125,2156.510009765625,2156.510009765625,4158800000,0.007936392588027807,0.1457700623431271
2016-10-03,2161.199951171875,2161.199951171875,2164.409912109375,2154.77001953125,2164.330078125,3113850000,-0.0032660231815277996,0.14531210342498688
2016-10-04,2150.489990234375,2150.489990234375,2165.4599609375,2144.010009765625,2163.3701171875,3716100000,-0.004967881786361872,0.14556271447544428
2016-10-05,2159.72998046875,2159.72998046875,2163.949951171875,2155.14990234375,2155.14990234375,3883710000,0.004287486231197235,0.146629437540178
2016-10-06,2160.77001953125,2160.77001953125,2162.929931640625,2150.280029296875,2158.219970703125,3438040000,0.00048144385260417977,0.14655230064896552
2016-10-07,2153.739990234375,2153.739990234375,2165.860107421875,2144.85009765625,2164.18994140625,3578770000,-0.0032587874416138973,0.11750932078388292
2016-10-10,2163.659912109375,2163.659912109375,2169.60009765625,2160.389892578125,2160.389892578125,2881970000,0.004595330317324731,0.10718738211511827
2016-10-11,2136.72998046875,2136.72998046875,2161.56005859375,2128.840087890625,2161.35009765625,3393060000,-0.012524577697756278,0.1031621050935483
2016-10-12,2139.179931640625,2139.179931640625,2145.360107421875,2132.77001953125,2137.669921875,2959510000,0.00114593220639847,0.10316379145129682
2016-10-13,2132.550048828125,2132.550048828125,2138.18994140625,2114.719970703125,2130.260009765625,3538030000,-0.0031040764122334252,0.09738853305180269
2016-10-14,2132.97998046875,2132.97998046875,2149.18994140625,2132.97998046875,2139.679931640625,3187910000,0.000201584159120749,0.09658962548201219
2016-10-17,2126.5,2126.5,2135.610107421875,2124.429931640625,2132.949951171875,2832440000,-0.003042618111839701,0.09710515680055964
2016-10-18,2139.60009765625,2139.60009765625,2144.3798828125,2135.489990234375,2138.31005859375,3172940000,0.00614150560569815,0.0996272388305902
2016-10-19,2144.2900390625,2144.2900390625,2148.43994140625,2138.14990234375,2140.81005859375,3364990000,0.0021895721553502057,0.09193664494676389
2016-10-20,2141.340087890625,2141.340087890625,2147.179931640625,2133.43994140625,2142.510009765625,3339320000,-0.0013766711313802915,0.08844171543706102
2016-10-21,2141.159912109375,2141.159912109375,2142.6298828125,2130.090087890625,2139.429931640625,3456390000,-8.414514015520069e-05,0.08662147276628894
2016-10-24,2151.330078125,2151.330078125,2154.7900390625,2146.909912109375,2148.5,3359950000,0.004738594647427874,0.08318916382535652
2016-10-25,2143.159912109375,2143.159912109375,2151.43994140625,2141.929931640625,2149.719970703125,3756200000,-0.0038049574647063267,0.08092231747968985
2016-10-26,2139.429931640625,2139.429931640625,2145.72998046875,2131.590087890625,2136.969970703125,3778120000,-0.0017419279211878802,0.0783260420048662
2016-10-27,2133.0400390625,2133.0400390625,2147.1298828125,2132.52001953125,2144.06005859375,4209400000,-0.0029911959060084925,0.07236042937158871
2016-10-28,2126.409912109375,2126.409912109375,2140.719970703125,2119.360107421875,2132.22998046875,4028270000,-0.003113140139625159,0.06610616901111217
2016-10-31,2126.14990234375,2126.14990234375,2133.25,2125.530029296875,2129.780029296875,3926560000,-0.00012228388419810443,0.0656262501444437
2016-11-01,2111.719970703125,2111.719970703125,2131.449951171875,2097.85009765625,2128.679931640625,4539190000,-0.006810019108735688,0.06738019811677065
2016-11-02,2097.93994140625,2097.93994140625,2111.760009765625,2094.0,2109.429931640625,4289120000,-0.00654688445345375,0.06727718234161738
2016-11-03,2088.659912109375,2088.659912109375,2102.56005859375,2085.22998046875,2098.800048828125,3892100000,-0.004433213022609017,0.06764586914875136
2016-11-04,2085.179931640625,2085.179931640625,2099.070068359375,2083.7900390625,2083.7900390625,3841910000,-0.00166752027169359,0.06740659922833765
2016-11-07,2131.52001953125,2131.52001953125,2132.0,2100.590087890625,2100.590087890625,3739720000,0.021980199729465077,0.10432274609173693
2016-11-08,2139.56005859375,2139.56005859375,2146.8701171875,2123.56005859375,2129.919921875,3921850000,0.003764878397158,0.09604859959876275
2016-11-09,2163.260009765625,2163.260009765625,2170.10009765625,2125.35009765625,2131.56005859375,6267590000,0.011016119879656117,0.1032473890433054
2016-11-10,2167.47998046875,2167.47998046875,2182.300048828125,2151.169921875,2167.489990234375,6458450000,0.0019488457160949935,0.10246521816246877
2016-11-11,2164.449951171875,2164.449951171875,2165.919921875,2152.489990234375,2162.7099609375,4993990000,-0.0013989283477977565,0.10273469315189043
2016-11-14,2164.199951171875,2164.199951171875,2171.360107421875,2156.080078125,2165.639892578125,5373670000,-0.00011550945718319383,0.10187504666965788
2016-11-15,2180.389892578125,2180.389892578125,2180.840087890625,2166.3798828125,2168.2900390625,4548110000,0.007452955022089647,0.10282529562240957
2016-11-16,2176.93994140625,2176.93994140625,2179.219970703125,2172.199951171875,2177.530029296875,3847900000,-0.0015835165223760939,0.1030778351531398
2016-11-17,2187.1201171875,2187.1201171875,2188.06005859375,2176.64990234375,2178.610107421875,3811730000,0.004665469361198049,0.10362129659633201
2016-11-18,2181.89990234375,2181.89990234375,2189.889892578125,2180.3798828125,2186.85009765625,3580900000,-0.002389651365549028,0.10424652137379996
2016-11-21,2198.179931640625,2198.179931640625,2198.699951171875,2186.429931640625,2186.429931640625,3611500000,0.007433702070874126,0.10588723496838504
2016-11-22,2202.93994140625,2202.93994140625,2204.800048828125,2194.510009765625,2201.56005859375,3960520000,0.002163091103593473,0.10442318888786348
2016-11-23,2204.719970703125,2204.719970703125,2204.719970703125,2194.510009765625,2198.550048828125,3419850000,0.0008076981569082875,0.10383502881452873
2016-11-25,2213.35009765625,2213.35009765625,2213.35009765625,2206.27001953125,2206.27001953125,1584590000,0.0039067456134240786,0.10281068884040058
2016-11-28,2201.719970703125,2201.719970703125,2211.139892578125,2200.360107421875,2210.2099609375,3515100000,-0.005268389254735162,0.10437953717901141
2016-11-29,2204.659912109375,2204.659912109375,2210.4599609375,2198.14990234375,2200.760009765625,3709190000,0.0013344023532617655,0.1041735031130048
2016-11-30,2198.81005859375,2198.81005859375,2214.10009765625,2198.81005859375,2204.969970703125,5538400000,-0.002656930555156478,0.10077752760813483
2016-12-01,2191.080078125,2191.080078125,2202.60009765625,2187.43994140625,2200.169921875,5067470000,-0.003521722966763896,0.09804343211018764
2016-12-02,2191.949951171875,2191.949951171875,2197.949951171875,2188.3701171875,2191.1201171875,3782370000,0.0003969277200850385,0.0953299638515667
2016-12-05,2204.7099609375,2204.7099609375,2209.419921875,2199.969970703125,2200.64990234375,3898530000,0.005804426926743211,0.09480332212902562
2016-12-06,2212.22998046875,2212.22998046875,2212.780029296875,2202.2099609375,2207.260009765625,3857290000,0.003405084468874442,0.06429273796548872
2016-12-07,2241.35009765625,2241.35009765625,2241.6298828125,2208.929931640625,2210.719970703125,4504070000,0.01307735874472371,0.07496032850808486
2016-12-08,2246.18994140625,2246.18994140625,2251.68994140625,2237.570068359375,2241.1298828125,4203270000,0.0021570150168708224,0.06795564698608669
2016-12-09,2259.530029296875,2259.530029296875,2259.800048828125,2249.22998046875,2249.72998046875,3886460000,0.005921418532969902,0.06938061059323263
2016-12-12,2256.9599609375,2256.9599609375,2264.030029296875,2252.3701171875,2258.830078125,4038850000,-0.001138082290599307,0.06922151549200248
2016-12-13,2271.719970703125,2271.719970703125,2277.530029296875,2263.320068359375,2263.320068359375,3875630000,0.006518483201237046,0.0703510329103194
2016-12-14,2253.280029296875,2253.280029296875,2276.199951171875,2248.43994140625,2268.35009765625,4409670000,-0.00815029546185908,0.07672179526109202
2016-12-15,2262.030029296875,2262.030029296875,2272.1201171875,2253.77001953125,2253.77001953125,4173360000,0.003875707687553742,0.0761507564957794
2016-12-16,2258.070068359375,2258.070068359375,2268.050048828125,2254.239990234375,2266.81005859375,5928980000,-0.0017521567509799496,0.07646868099000469
2016-12-19,2262.530029296875,2262.530029296875,2267.469970703125,2258.2099609375,2259.239990234375,3252840000,0.0019731727152114686,0.07508047184401143
2016-12-20,2270.760009765625,2270.760009765625,2272.56005859375,2266.139892578125,2266.5,3306250000,0.0036309124011522087,0.07260631434348097
2016-12-21,2265.179931640625,2265.179931640625,2271.22998046875,2265.14990234375,2270.5400390625,2854880000,-0.0024603857246772165,0.07392409635367406
2016-12-22,2260.9599609375,2260.9599609375,2263.179931640625,2256.080078125,2262.929931640625,2880670000,-0.001864711222396842,0.07476416722000968
2016-12-23,2263.7900390625,2263.7900390625,2263.7900390625,2258.840087890625,2260.25,2021230000,0.00125093253507913,0.07414131744014311
2016-12-27,2268.8798828125,2268.8798828125,2273.820068359375,2266.14990234375,2266.22998046875,1989730000,0.0022458489045487084,0.07044038457440395
2016-12-28,2249.919921875,2249.919921875,2271.31005859375,2249.110107421875,2270.22998046875,2402750000,-0.008391640709771053,0.07832834217711074
2016-12-29,2249.260009765625,2249.260009765625,2254.510009765625,2244.56005859375,2249.5,2338700000,-0.00029334773186828755,0.07735261904790842
2016-12-30,2238.830078125,2238.830078125,2253.580078125,2233.6201171875,2251.610107421875,2671550000,-0.0046478346968550355,0.07829900611205559
2017-01-03,2257.830078125,2257.830078125,2263.8798828125,2245.1298828125,2251.570068359375,3773010000,0.008450766753157701,0.0822735918995652
2017-01-04,2270.75,2270.75,2272.820068359375,2261.60009765625,2261.60009765625,3768890000,0.005705963770549438,0.08220907168905117
2017-01-05,2269.0,2269.0,2271.5,2260.449951171875,2268.179931640625,3785080000,-0.0007709676024818535,0.08224378778985285
2017-01-06,2276.97998046875,2276.97998046875,2282.10009765625,2264.06005859375,2271.139892578125,3342080000,0.0035107891805798985,0.07079753881547507
2017-01-09,2268.89990234375,2268.89990234375,2275.489990234375,2268.89990234375,2273.590087890625,3219730000,-0.0035549054715602324,0.0721515903351377
2017-01-10,2268.89990234375,2268.89990234375,2279.27001953125,2265.27001953125,2269.719970703125,3640560000,0.0,0.0694047616635512
2017-01-11,2275.320068359375,2275.320068359375,2275.320068359375,2260.830078125,2268.60009765625,3625080000,0.002825642389102434,0.06979066561389569
2017-01-12,2270.43994140625,2270.43994140625,2271.780029296875,2254.25,2271.139892578125,3466220000,-0.0021471123937297776,0.0665927670828326
2017-01-13,2274.639892578125,2274.639892578125,2278.679931640625,2271.510009765625,2272.739990234375,3090680000,0.0018481313951461686,0.05987294219588607
2017-01-17,2267.889892578125,2267.889892578125,2272.080078125,2262.81005859375,2269.139892578125,3586950000,-0.0029719144562179167,0.05965444471861423
2017-01-18,2271.889892578125,2271.889892578125,2272.010009765625,2263.35009765625,2269.139892578125,3317670000,0.0017622004698090166,0.05949672506716375
2017-01-19,2263.68994140625,2263.68994140625,2274.330078125,2258.409912109375,2271.89990234375,3168390000,-0.0036158376243191626,0.06065334219355662
2017-01-20,2271.31005859375,2271.31005859375,2276.9599609375,2265.010009765625,2269.9599609375,3536850000,0.0033605840613004645,0.060457774189258254
2017-01-23,2265.199951171875,2265.199951171875,2271.780029296875,2257.02001953125,2267.780029296875,3155240000,-0.002693749646070387,0.06058328574813544
2017-01-24,2280.070068359375,2280.070068359375,2284.6298828125,2266.679931640625,2267.8798828125,3816950000,0.006543140528962432,0.0641976070188156
2017-01-25,2298.3701171875,2298.3701171875,2299.550048828125,2288.8798828125,2288.8798828125,3849340000,0.007994052795968543,0.0693300834567946
2017-01-26,2296.679931640625,2296.679931640625,2300.989990234375,2294.080078125,2298.6298828125,3611510000,-0.0007356549352630637,0.06929125177721299
2017-01-27,2294.68994140625,2294.68994140625,2299.02001953125,2291.6201171875,2299.02001953125,3137420000,-0.0008668394897410892,0.06141921640567748
2017-01-30,2280.89990234375,2280.89990234375,2286.010009765625,2268.0400390625,2286.010009765625,3595040000,-0.006027673496096675,0.06595963670758344
2017-01-31,2278.8701171875,2278.8701171875,2279.090087890625,2267.2099609375,2274.02001953125,4089730000,-0.0008903016080328285,0.06335172441732223
2017-02-01,2279.550048828125,2279.550048828125,2289.139892578125,2272.43994140625,2285.590087890625,3919190000,0.0002983189881167192,0.057052102635778555
2017-02-02,2280.85009765625,2280.85009765625,2283.969970703125,2271.64990234375,2276.68994140625,3809760000,0.0005701468386902775,0.053797245685421255
2017-02-03,2297.419921875,2297.419921875,2298.31005859375,2287.8798828125,2288.5400390625,3605970000,0.007238496854554022,0.058835685877469034
2017-02-06,2292.56005859375,2292.56005859375,2296.179931640625,2288.570068359375,2294.280029296875,3112390000,-0.00211759751370888,0.058576047092601655
2017-02-07,2293.080078125,2293.080078125,2299.39990234375,2290.159912109375,2295.8701171875,3452460000,0.00022680346384529315,0.056842485255995896
2017-02-08,2294.669921875,2294.669921875,2295.909912109375,2285.3798828125,2289.550048828125,3611950000,0.0006930821486097472,0.05681162326305706
2017-02-09,2307.8701171875,2307.8701171875,2311.080078125,2296.610107421875,2296.699951171875,3681600000,0.005736063735960251,0.05911663709915995
2017-02-10,2316.10009765625,2316.10009765625,2319.22998046875,2311.10009765625,2312.27001953125,3496600000,0.0035597068220090122,0.0589380638003128
2017-02-13,2328.25,2328.25,2331.580078125,2321.419921875,2321.719970703125,3352370000,0.0052321335840117555,0.06069163246238057
2017-02-14,2337.580078125,2337.580078125,2337.580078125,2322.169921875,2326.1201171875,3528040000,0.003999327195672642,0.059485155135203235
2017-02-15,2349.25,2349.25,2351.300048828125,2334.81005859375,2335.580078125,3785870000,0.0049798886657344,0.06068439608896053
2017-02-16,2347.219970703125,2347.219970703125,2351.31005859375,2338.8701171875,2349.639892578125,3675900000,-0.0008644916015505544,0.05836461539135088
2017-02-17,2351.159912109375,2351.159912109375,2351.159912109375,2339.580078125,2343.010009765625,3516830000,0.0016771493272376148,0.05809170483299854
2017-02-21,2365.3798828125,2365.3798828125,2366.7099609375,2354.909912109375,2354.909912109375,3587520000,0.006029850020069283,0.05756397549507058
2017-02-22,2362.820068359375,2362.820068359375,2365.1298828125,2358.340087890625,2361.110107421875,3473170000,-0.0010827861468039046,0.05628612042863067
2017-02-23,2363.81005859375,2363.81005859375,2368.260009765625,2355.090087890625,2367.5,4021770000,0.00041889897125901854,0.051664793065026506
2017-02-24,2367.340087890625,2367.340087890625,2367.340087890625,2352.8701171875,2355.72998046875,3832410000,0.0014922502320313669,0.05107399489094625
2017-02-27,2369.75,2369.75,2371.5400390625,2361.8701171875,2365.22998046875,3584680000,0.0010174652677337193,0.05037804598677969
2017-02-28,2363.639892578125,2363.639892578125,2367.7900390625,2358.9599609375,2366.080078125,4212460000,-0.002581706115194926,0.044909932115030735
2017-03-01,2395.9599609375,2395.9599609375,2400.97998046875,2380.1298828125,2380.1298828125,4347630000,0.013581211083725009,0.05957606840691848
2017-03-02,2381.919921875,2381.919921875,2394.75,2380.169921875,2394.75,3824030000,-0.005877116972104801,0.06594872709779823
2017-03-03,2383.1201171875,2383.1201171875,2383.889892578125,2375.389892578125,2380.919921875,3556670000,0.0005037503685345612,0.06596975422570202
2017-03-06,2375.31005859375,2375.31005859375,2378.800048828125,2367.97998046875,2375.22998046875,3251800000,-0.0032826227635656124,0.06587353747199788
2017-03-07,2368.389892578125,2368.389892578125,2375.1201171875,2365.510009765625,2370.739990234375,3526300000,-0.002917625902089327,0.0665077871080095
2017-03-08,2362.97998046875,2362.97998046875,2373.090087890625,2361.010009765625,2369.81005859375,3814080000,-0.0022868279640642086,0.0677319243581635
2017-03-09,2364.8701171875,2364.8701171875,2369.080078125,2354.5400390625,2363.489990234375,3718450000,0.0007995756127661124,0.06771691185140248
2017-03-10,2372.60009765625,2372.60009765625,2376.860107421875,2363.0400390625,2372.52001953125,3434400000,0.00326333970585857,0.06629650471152126
2017-03-13,2373.469970703125,2373.469970703125,2374.419921875,2368.52001953125,2371.56005859375,3166650000,0.0003665656191698119,0.0658948143516964
2017-03-14,2365.449951171875,2365.449951171875,2368.550048828125,2358.179931640625,2368.550048828125,3173760000,-0.003384748980891139,0.06603356174818555
2017-03-15,2385.260009765625,2385.260009765625,2390.010009765625,2368.93994140625,2370.340087890625,3909490000,0.008339879124686256,0.07026174121032622
2017-03-16,2381.3798828125,2381.3798828125,2388.10009765625,2377.179931640625,2387.7099609375,3368880000,-0.0016280347991832755,0.06926937383812942
2017-03-17,2378.25,2378.25,2385.7099609375,2377.639892578125,2383.7099609375,5179820000,-0.0013151792642318583,0.06941332501479272
2017-03-20,2373.469970703125,2373.469970703125,2379.550048828125,2369.659912109375,2378.239990234375,3061560000,-0.002011916080379983,0.06990166686803861
2017-03-21,2344.02001953125,2344.02001953125,2381.929931640625,2341.89990234375,2379.320068359375,4278890000,-0.012485594590102345,0.07997927422692142
2017-03-22,2348.449951171875,2348.449951171875,2351.81005859375,2336.449951171875,2343.0,3575160000,0.0018881028474631023,0.08034442038913008
2017-03-23,2345.9599609375,2345.9599609375,2358.919921875,2342.1298828125,2345.969970703125,3262400000,-0.001060832144830215,0.08033953693432347
2017-03-24,2343.97998046875,2343.97998046875,2356.219970703125,2335.739990234375,2350.419921875,2978530000,-0.0008443522139387483,0.0800600404171935
2017-03-27,2341.590087890625,2341.590087890625,2344.89990234375,2322.25,2329.110107421875,3242300000,-0.0010201075858455866,0.07988493512123988
2017-03-28,2358.570068359375,2358.570068359375,2363.780029296875,2337.6298828125,2339.7900390625,3369120000,0.007225308829624133,0.0839197839647296
2017-03-29,2361.1298828125,2361.1298828125,2363.360107421875,2352.93994140625,2356.5400390625,3107670000,0.0010847362038299835,0.06783143513585367
2017-03-30,2368.06005859375,2368.06005859375,2370.419921875,2358.580078125,2361.31005859375,3159680000,0.002930810911704995,0.0662401944154958
2017-03-31,2362.719970703125,2362.719970703125,2370.35009765625,2362.60009765625,2364.820068359375,3356740000,-0.0022575939382667443,0.06651072540539771
2017-04-03,2358.840087890625,2358.840087890625,2365.8701171875,2344.72998046875,2362.340087890625,3418730000,-0.0016434753080130093,0.06586349354039221
2017-04-04,2360.159912109375,2360.159912109375,2360.530029296875,2350.719970703125,2354.760009765625,3208340000,0.0005593660746612272,0.0652499099766547
2017-04-05,2352.949951171875,2352.949951171875,2378.360107421875,2350.52001953125,2366.590087890625,3780650000,-0.0030595368115227117,0.06561888734739159
2017-04-06,2357.489990234375,2357.489990234375,2364.159912109375,2348.89990234375,2353.7900390625,3203250000,0.0019276502937355389,0.06595336861369476
2017-04-07,2355.5400390625,2355.5400390625,2363.760009765625,2350.739990234375,2356.590087890625,3054700000,-0.0008274724629453445,0.06478918355061232
2017-04-10,2357.159912109375,2357.159912109375,2366.3701171875,2351.5,2357.159912109375,2792570000,0.0006874501357838625,0.06484406433410975
2017-04-11,2353.780029296875,2353.780029296875,2355.219970703125,2337.25,2353.919921875,3120900000,-0.001434908291958692,0.064038185078961
2017-04-12,2344.929931640625,2344.929931640625,2352.719970703125,2341.179931640625,2352.14990234375,3201300000,-0.003767037418986874,0.056881685777648266
2017-04-13,2328.949951171875,2328.949951171875,2348.260009765625,2328.949951171875,2341.97998046875,3146380000,-0.006838020289804625,0.06051647135346952
2017-04-17,2349.010009765625,2349.010009765625,2349.139892578125,2332.510009765625,2332.6201171875,2826890000,0.008576465691107593,0.06915980732447656
2017-04-18,2342.18994140625,2342.18994140625,2348.35009765625,2334.5400390625,2342.530029296875,3272210000,-0.002907602845833246,0.06945597225032747
2017-04-19,2338.169921875,2338.169921875,2352.6298828125,2335.050048828125,2346.7900390625,3521160000,-0.0017178253968683777,0.054809189596048365
2017-04-20,2355.840087890625,2355.840087890625,2361.3701171875,2340.909912109375,2342.68994140625,3648990000,0.0075288503629735715,0.0605892507947017
2017-04-21,2348.68994140625,2348.68994140625,2356.179931640625,2344.510009765625,2354.739990234375,3524160000,-0.0030396881071155235,0.061470845135826346
2017-04-24,2374.14990234375,2374.14990234375,2376.97998046875,2369.18994140625,2370.330078125,3711170000,0.01078173658811199,0.07163929135609351
2017-04-25,2388.610107421875,2388.610107421875,2392.47998046875,2381.14990234375,2381.510009765625,4005820000,0.006072214211751081,0.07374065018494057
2017-04-26,2387.449951171875,2387.449951171875,2398.159912109375,2386.780029296875,2388.97998046875,4111350000,-0.00048582147568687617,0.07027503784180664
2017-04-27,2388.77001953125,2388.77001953125,2392.10009765625,2382.679931640625,2389.699951171875,4099940000,0.0005527670002987151,0.07025371381721536
2017-04-28,2384.199951171875,2384.199951171875,2393.679931640625,2382.360107421875,2393.679931640625,3721350000,-0.001914979471489886,0.07021272934790801
2017-05-01,2388.330078125,2388.330078125,2394.489990234375,2384.830078125,2388.5,3201500000,0.0017307918268940625,0.06970794134133936
2017-05-02,2391.169921875,2391.169921875,2392.929931640625,2385.820068359375,2391.050048828125,3861360000,0.0011883435858113245,0.06927797735058298
2017-05-03,2388.1298828125,2388.1298828125,2389.820068359375,2379.75,2386.5,3896760000,-0.001272169395827305,0.06960739189262391
2017-05-04,2389.52001953125,2389.52001953125,2391.429931640625,2380.35009765625,2389.7900390625,4367860000,0.000581933287869596,0.06833082144413156
2017-05-05,2399.2900390625,2399.2900390625,2399.2900390625,2389.3798828125,2392.3701171875,3543240000,0.004080359407478085,0.06919039692430244
2017-05-08,2399.3798828125,2399.3798828125,2401.360107421875,2393.919921875,2399.93994140625,3429990000,3.744527190807645e-05,0.06898605985648416
2017-05-09,2396.919921875,2396.919921875,2403.8701171875,2392.43994140625,2401.580078125,3657840000,-0.001025774556793202,0.0693133248879103
2017-05-10,2399.6298828125,2399.6298828125,2399.739990234375,2392.7900390625,2396.7900390625,3649370000,0.001129962717449473,0.06882063600812303
2017-05-11,2394.43994140625,2394.43994140625,2395.719970703125,2381.739990234375,2394.840087890625,3727710000,-0.0021651513741067774,0.06764607170823832
2017-05-12,2390.89990234375,2390.89990234375,2392.43994140625,2387.18994140625,2392.43994140625,3304620000,-0.0014795353407937029,0.06209071758339266
2017-05-15,2402.320068359375,2402.320068359375,2404.050048828125,2393.93994140625,2393.97998046875,3490080000,0.004765142303014613,0.05771894562604216
2017-05-16,2400.669921875,2400.669921875,2405.77001953125,2396.050048828125,2404.550048828125,3421810000,-0.0006871330369859763,0.05625843937558071
2017-05-17,2357.030029296875,2357.030029296875,2384.8701171875,2356.2099609375,2382.949951171875,4164760000,-0.018345468171115265,0.08781193130647928
2017-05-18,2365.719970703125,2365.719970703125,2375.739990234375,2352.719970703125,2354.68994140625,4319440000,0.00368003862721622,0.08483506081790793
2017-05-19,2381.72998046875,2381.72998046875,2389.06005859375,2370.429931640625,2371.3701171875,3831700000,0.00674470320820042,0.08684380969782132
2017-05-22,2394.02001953125,2394.02001953125,2395.4599609375,2386.919921875,2387.2099609375,3176580000,0.005146863296008775,0.0805611848495873
2017-05-23,2398.419921875,2398.419921875,2400.85009765625,2393.8798828125,2397.0400390625,3216560000,0.001836185172380489,0.07811006263040499
2017-05-24,2404.389892578125,2404.389892578125,2405.580078125,2397.989990234375,2401.409912109375,3389240000,0.0024860338045762376,0.0784548881687
2017-05-25,2415.070068359375,2415.070068359375,2418.7099609375,2408.010009765625,2409.5400390625,3538210000,0.004432112041977909,0.07971692608283432
2017-05-26,2415.820068359375,2415.820068359375,2416.679931640625,2412.199951171875,2414.5,2806930000,0.00031050178530289685,0.07922103677132797
2017-05-30,2412.909912109375,2412.909912109375,2415.260009765625,2409.429931640625,2411.669921875,3205860000,-0.0012053507295339827,0.07937156099389854
2017-05-31,2411.800048828125,2411.800048828125,2415.989990234375,2403.590087890625,2415.6298828125,4518040000,-0.00046007461995145604,0.07939945321417992
2017-06-01,2430.06005859375,2430.06005859375,2430.06005859375,2413.5400390625,2415.64990234375,3860620000,0.007542595584847156,0.08280302447936323
2017-06-02,2439.070068359375,2439.070068359375,2440.22998046875,2427.7099609375,2431.280029296875,3465500000,0.00370087461804669,0.08336738043475506
2017-06-05,2436.10009765625,2436.10009765625,2439.550048828125,2434.320068359375,2437.830078125,2916720000,-0.0012184071404286456,0.08293602679858676
2017-06-06,2429.330078125,2429.330078125,2436.2099609375,2428.1201171875,2431.919921875,3376750000,-0.0027829086662043423,0.08381553306283829
2017-06-07,2433.139892578125,2433.139892578125,2435.280029296875,2424.75,2432.030029296875,3576220000,0.0015670287963471807,0.08365383288658455
2017-06-08,2433.7900390625,2433.7900390625,2439.27001953125,2427.93994140625,2434.27001953125,3735980000,0.00026716903566459393,0.08365770088610949
2017-06-09,2431.77001953125,2431.77001953125,2446.199951171875,2415.699951171875,2436.389892578125,4029860000,-0.0008303338661868054,0.08320657817376405
2017-06-12,2429.389892578125,2429.389892578125,2430.3798828125,2419.969970703125,2425.8798828125,4031840000,-0.0009792424797181454,0.08305375224459322
2017-06-13,2440.35009765625,2440.35009765625,2441.489990234375,2431.280029296875,2434.14990234375,3278240000,0.004501358843230108,0.08289988619936883
2017-06-14,2437.919921875,2437.919921875,2443.75,2428.340087890625,2443.75,3558640000,-0.0009963269653177065,0.08297595088073867
2017-06-15,2432.4599609375,2432.4599609375,2433.949951171875,2418.530029296875,2424.139892578125,3371980000,-0.0022421097968399195,0.047243570017474444
2017-06-16,2433.14990234375,2433.14990234375,2433.14990234375,2422.8798828125,2431.239990234375,5299380000,0.000283599150058933,0.04679605382522949
2017-06-19,2453.4599609375,2453.4599609375,2453.820068359375,2441.7900390625,2442.550048828125,3271480000,0.00831258320689443,0.04929768950051706
2017-06-20,2437.030029296875,2437.030029296875,2450.659912109375,2436.60009765625,2450.659912109375,3422700000,-0.00671916044693166,0.054956962268567076
2017-06-21,2435.610107421875,2435.610107421875,2442.22998046875,2430.739990234375,2439.31005859375,3599190000,-0.0005828141932715525,0.05506951269428605
2017-06-22,2434.5,2434.5,2441.6201171875,2433.27001953125,2437.39990234375,3477250000,-0.00045588597243817475,0.05485418889708805
2017-06-23,2438.300048828125,2438.300048828125,2441.39990234375,2431.110107421875,2434.64990234375,5282460000,0.0015596985554084952,0.0532162400353683
2017-06-26,2439.070068359375,2439.070068359375,2450.419921875,2437.030029296875,2443.320068359375,3243660000,0.0003157519397332109,0.05321603412637396
2017-06-27,2419.3798828125,2419.3798828125,2440.14990234375,2419.3798828125,2436.340087890625,3564770000,-0.008105586575672952,0.06078441300326382
2017-06-28,2440.68994140625,2440.68994140625,2442.969970703125,2428.02001953125,2428.699951171875,3479980000,0.008769501646550992,0.06764807973205021
2017-06-29,2419.699951171875,2419.699951171875,2442.72998046875,2405.699951171875,2442.3798828125,3869560000,-0.008637216844141982,0.06983726534713611
2017-06-30,2423.409912109375,2423.409912109375,2432.7099609375,2421.64990234375,2429.199951171875,3366030000,0.0015320576108743822,0.06869937498563458
2017-07-03,2429.010009765625,2429.010009765625,2439.169921875,2428.68994140625,2431.389892578125,1901480000,0.0023081679791472354,0.06920125654476514
2017-07-05,2432.5400390625,2432.5400390625,2434.89990234375,2422.050048828125,2430.780029296875,3368150000,0.0014522240362886407,0.06871723635898416
2017-07-06,2409.75,2409.75,2424.280029296875,2407.699951171875,2423.43994140625,3368710000,-0.009412987306865794,0.0758277517497704
2017-07-07,2425.179931640625,2425.179931640625,2426.919921875,2413.52001953125,2413.52001953125,2929390000,0.006382712569615201,0.0794552124552666
2017-07-10,2427.429931640625,2427.429931640625,2432.0,2422.27001953125,2424.510009765625,3009880000,0.0009273361035129213,0.07950585843366455
2017-07-11,2425.530029296875,2425.530029296875,2429.300048828125,2412.7900390625,2427.35009765625,3108800000,-0.0007829870660822635,0.07948107520603825
2017-07-12,2443.25,2443.25,2445.760009765625,2435.75,2435.75,3176900000,0.007279050947821553,0.08203808415174174
2017-07-13,2447.830078125,2447.830078125,2449.320068359375,2441.68994140625,2444.989990234375,3068510000,0.0018728294734726703,0.08217331959916466
2017-07-14,2459.27001953125,2459.27001953125,2463.5400390625,2446.68994140625,2449.159912109375,2738460000,0.004662616170009848,0.08305244330413084
2017-07-17,2459.139892578125,2459.139892578125,2462.820068359375,2457.159912109375,2459.5,2800580000,-5.291423670694684e-05,0.08307410321135723
2017-07-18,2460.610107421875,2460.610107421875,2460.919921875,2450.340087890625,2455.8798828125,2974090000,0.0005976786981110038,0.07810854830569608
2017-07-19,2473.830078125,2473.830078125,2473.830078125,2463.85009765625,2463.85009765625,3063810000,0.00535825821605318,0.07587931769014432
2017-07-20,2473.449951171875,2473.449951171875,2477.6201171875,2468.429931640625,2475.56005859375,3223820000,-0.00015367108860697698,0.07579886848230626
2017-07-21,2472.5400390625,2472.5400390625,2472.5400390625,2465.06005859375,2467.39990234375,3066880000,-0.0003679393292088662,0.07578154344384967
2017-07-24,2469.909912109375,2469.909912109375,2473.10009765625,2466.320068359375,2472.0400390625,3019920000,-0.0010643009954085514,0.07598280970465884
2017-07-25,2477.1298828125,2477.1298828125,2481.239990234375,2474.909912109375,2477.8798828125,4116360000,0.002918907519897651,0.07637385862691856
2017-07-26,2477.830078125,2477.830078125,2481.68994140625,2474.93994140625,2479.969970703125,3597830000,0.0002826240061200025,0.06926880984712155
2017-07-27,2475.419921875,2475.419921875,2484.0400390625,2459.929931640625,2482.760009765625,4035740000,-0.0009731616373942487,0.06383067670219884
2017-07-28,2472.10009765625,2472.10009765625,2473.530029296875,2464.659912109375,2469.1201171875,3302850000,-0.001342015678115871,0.0547143909289012
2017-07-31,2470.300048828125,2470.300048828125,2477.9599609375,2468.530029296875,2475.93994140625,3475930000,-0.0007284108345597673,0.05503250926050658
2017-08-01,2476.35009765625,2476.35009765625,2478.510009765625,2471.139892578125,2477.10009765625,3470260000,0.002446120774938443,0.05507719960210458
2017-08-02,2477.570068359375,2477.570068359375,2480.3798828125,2466.47998046875,2480.3798828125,3487150000,0.0004925274073475094,0.05507033394131663
2017-08-03,2472.159912109375,2472.159912109375,2476.030029296875,2468.85009765625,2476.030029296875,3662410000,-0.002186041834946195,0.04214987281470989
2017-08-04,2476.830078125,2476.830078125,2480.0,2472.080078125,2476.8798828125,3239980000,0.0018873214175396669,0.03795100409329424
2017-08-07,2480.909912109375,2480.909912109375,2480.949951171875,2475.8798828125,2477.139892578125,2935130000,0.0016458446442806363,0.03800224252378339
2017-08-08,2474.919921875,2474.919921875,2490.8701171875,2470.320068359375,2478.35009765625,3347480000,-0.0024173522303856387,0.03941153592864745
2017-08-09,2474.02001953125,2474.02001953125,2474.409912109375,2462.080078125,2465.35009765625,3310960000,-0.00036367479271248726,0.032321026059392216
2017-08-10,2438.2099609375,2438.2099609375,2465.3798828125,2437.75,2465.3798828125,3635820000,-0.01458021840074153,0.06138327165034083
2017-08-11,2441.320068359375,2441.320068359375,2448.090087890625,2437.85009765625,2441.0400390625,3161830000,0.0012747571279874137,0.05907975165618564
2017-08-14,2465.840087890625,2465.840087890625,2468.219970703125,2454.9599609375,2454.9599609375,2824320000,0.009993651246049673,0.06912255387472718
2017-08-15,2464.610107421875,2464.610107421875,2468.89990234375,2461.610107421875,2468.659912109375,2922430000,-0.0004989323268835832,0.06913439802757648
2017-08-16,2468.110107421875,2468.110107421875,2474.929931640625,2463.860107421875,2468.6298828125,2956570000,0.0014190955233326363,0.06664433778670811
2017-08-17,2430.010009765625,2430.010009765625,2465.02001953125,2430.010009765625,2462.949951171875,3164950000,-0.015557342487191761,0.08541866970751484
2017-08-18,2425.550048828125,2425.550048828125,2440.27001953125,2420.68994140625,2427.639892578125,3426970000,-0.001837053661351895,0.08545763378843171
2017-08-21,2428.3701171875,2428.3701171875,2430.580078125,2417.35009765625,2425.5,2803650000,0.0011619757145657772,0.08576973847681593
2017-08-22,2452.510009765625,2452.510009765625,2454.77001953125,2433.669921875,2433.75,2780990000,0.00989169526062561,0.09273800793990199
2017-08-23,2444.0400390625,2444.0400390625,2448.909912109375,2441.419921875,2444.8798828125,2796950000,-0.0034595701326392003,0.09324277975182974
2017-08-24,2438.969970703125,2438.969970703125,2450.389892578125,2436.18994140625,2447.909912109375,2849680000,-0.002076616747138438,0.09336359533660964
2017-08-25,2443.050048828125,2443.050048828125,2453.9599609375,2442.219970703125,2444.719970703125,2593350000,0.001671471668937663,0.09370098602981287
2017-08-28,2444.239990234375,2444.239990234375,2449.1201171875,2439.030029296875,2447.35009765625,2682920000,0.00048695347329630323,0.09377285556392852
2017-08-29,2446.300048828125,2446.300048828125,2449.18994140625,2428.199951171875,2431.93994140625,2739460000,0.0008424667620099413,0.09329442449480381
2017-08-30,2457.590087890625,2457.590087890625,2460.31005859375,2443.77001953125,2446.06005859375,2637780000,0.0046045317880603065,0.0949765173719854
2017-08-31,2471.64990234375,2471.64990234375,2475.010009765625,2462.64990234375,2462.64990234375,3353860000,0.005704673584713937,0.09701365410907874
2017-09-01,2476.550048828125,2476.550048828125,2480.3798828125,2473.85009765625,2474.419921875,2712780000,0.0019805780423354236,0.09703717205039945
2017-09-05,2457.85009765625,2457.85009765625,2471.969970703125,2446.550048828125,2470.35009765625,3502190000,-0.007579458552145368,0.10025466501347248
2017-09-06,2465.5400390625,2465.5400390625,2469.639892578125,2459.199951171875,2463.830078125,3400200000,0.0031238424931441244,0.10072824777265703
2017-09-07,2465.10009765625,2465.10009765625,2468.6201171875,2460.2900390625,2468.06005859375,3365780000,-0.00017845204485311683,0.10072625900688459
2017-09-08,2461.429931640625,2461.429931640625,2467.110107421875,2459.39990234375,2462.25,3308360000,-0.0014899601434583687,0.08629501207417097
2017-09-11,2488.110107421875,2488.110107421875,2488.949951171875,2474.52001953125,2474.52001953125,3293460000,0.010780975197147491,0.09338299235893197
2017-09-12,2496.47998046875,2496.47998046875,2496.77001953125,2490.3701171875,2491.93994140625,3234280000,0.0033583025948829004,0.08794925372952267
2017-09-13,2498.3701171875,2498.3701171875,2498.3701171875,2492.139892578125,2493.889892578125,3371370000,0.0007568342480830381,0.08785567009300872
2017-09-14,2495.6201171875,2495.6201171875,2498.429931640625,2491.35009765625,2494.56005859375,3422470000,-0.001101323850828173,0.08802119472713119
2017-09-15,2500.22998046875,2500.22998046875,2500.22998046875,2493.159912109375,2495.669921875,4862970000,0.0018454775461593798,0.06562923991286954
2017-09-18,2503.8701171875,2503.8701171875,2508.320068359375,2499.919921875,2502.510009765625,3204700000,0.0014548619291288034,0.06454732537871928
2017-09-19,2506.64990234375,2506.64990234375,2507.840087890625,2503.18994140625,2506.2900390625,3253760000,0.0011095796167319705,0.06455194700010597
2017-09-20,2508.239990234375,2508.239990234375,2508.85009765625,2496.669921875,2506.840087890625,3584570000,0.000634146702309657,0.05705481403367574
2017-09-21,2500.60009765625,2500.60009765625,2507.159912109375,2499.0,2507.159912109375,2965590000,-0.003050565946915107,0.056657014409000096
2017-09-22,2502.219970703125,2502.219970703125,2503.469970703125,2496.5400390625,2497.260009765625,2877980000,0.0006475839951667339,0.05547756994892642
2017-09-25,2496.659912109375,2496.659912109375,2502.5400390625,2488.030029296875,2499.389892578125,3314530000,-0.00222452269985407,0.056754107482807716
2017-09-26,2496.840087890625,2496.840087890625,2503.510009765625,2495.1201171875,2501.0400390625,3070770000,7.21641258953909e-05,0.05682730649104948
2017-09-27,2507.0400390625,2507.0400390625,2511.75,2495.909912109375,2503.300048828125,3485070000,0.004076822401987812,0.05776207707242581
2017-09-28,2510.06005859375,2510.06005859375,2510.81005859375,2502.929931640625,2503.409912109375,3173030000,0.001203890628937998,0.0564391871669375
2017-09-29,2519.360107421875,2519.360107421875,2519.43994140625,2507.989990234375,2509.9599609375,3220260000,0.0036982630684985196,0.054758916483889516
2017-10-02,2529.1201171875,2529.1201171875,2529.22998046875,2520.39990234375,2521.199951171875,3226370000,0.003866518829712895,0.055586055649111746
2017-10-03,2534.580078125,2534.580078125,2535.1298828125,2528.85009765625,2530.340087890625,3073480000,0.0021565111846602036,0.04590389073771605
2017-10-04,2537.739990234375,2537.739990234375,2540.530029296875,2531.800048828125,2533.47998046875,3020770000,0.0012459436611136354,0.04554434605993538
2017-10-05,2552.070068359375,2552.070068359375,2552.510009765625,2540.02001953125,2540.860107421875,3059730000,0.0056309040312934044,0.0473377476971353
2017-10-06,2549.330078125,2549.330078125,2549.409912109375,2543.7900390625,2547.43994140625,2898270000,-0.00107421116523998,0.04700168391286052
2017-10-09,2544.72998046875,2544.72998046875,2551.820068359375,2541.60009765625,2551.389892578125,2486940000,-0.001806063868014185,0.03524826878272
2017-10-10,2550.639892578125,2550.639892578125,2555.22998046875,2544.860107421875,2549.989990234375,2962610000,0.0023197196304787226,0.034596282523626794
2017-10-11,2555.239990234375,2555.239990234375,2555.239990234375,2547.949951171875,2550.6201171875,2991320000,0.0018018829296631012,0.03466476435913986
2017-10-12,2550.929931640625,2550.929931640625,2555.330078125,2548.31005859375,2552.8798828125,3157280000,-0.0016881771203509643,0.035195146897003426
2017-10-13,2553.169921875,2553.169921875,2557.64990234375,2552.090087890625,2555.659912109375,3150470000,0.0008777220048461487,0.03509461396169998
2017-10-16,2557.639892578125,2557.639892578125,2559.469970703125,2552.639892578125,2555.570068359375,2918030000,0.0017492225323056942,0.0351523792861098
2017-10-17,2559.360107421875,2559.360107421875,2559.7099609375,2554.68994140625,2557.169921875,2901890000,0.0006723529054335486,0.035177519012364274
2017-10-18,2561.260009765625,2561.260009765625,2564.110107421875,2559.669921875,2562.8701171875,2999320000,0.0007420595113298845,0.03516379080318179
2017-10-19,2562.10009765625,2562.10009765625,2562.360107421875,2547.919921875,2553.389892578125,3019520000,0.00032794411501058107,0.032005544097148786
2017-10-20,2575.2099609375,2575.2099609375,2575.43994140625,2567.56005859375,2567.56005859375,3394450000,0.005103796185029985,0.03461724518877142
2017-10-23,2564.97998046875,2564.97998046875,2578.2900390625,2564.330078125,2578.080078125,3214470000,-0.003980395312996876,0.03738049554294371
2017-10-24,2569.1298828125,2569.1298828125,2572.179931640625,2565.580078125,2568.659912109375,3435660000,0.0016166008745583937,0.03709617598807459
2017-10-25,2557.14990234375,2557.14990234375,2567.39990234375,2544.0,2566.52001953125,3885470000,-0.004673955687260367,0.04133302565434008
2017-10-26,2560.39990234375,2560.39990234375,2567.070068359375,2559.800048828125,2560.080078125,3891750000,0.0012701392506020426,0.04133799001149543
2017-10-27,2581.070068359375,2581.070068359375,2582.97998046875,2565.93994140625,2570.260009765625,3896100000,0.008040609979727442,0.04722904081981988
2017-10-30,2572.830078125,2572.830078125,2580.030029296875,2568.25,2577.75,3660230000,-0.003197577376741201,0.04852828172524287
2017-10-31,2575.260009765625,2575.260009765625,2578.2900390625,2572.14990234375,2575.989990234375,3844420000,0.0009440129366797834,0.04829987312852458
2017-11-01,2579.360107421875,2579.360107421875,2588.39990234375,2574.919921875,2583.2099609375,3841200000,0.0015908441079037772,0.048355053854553846
2017-11-02,2579.85009765625,2579.85009765625,2581.110107421875,2566.169921875,2579.4599609375,4050140000,0.00018994776966696492,0.045078034398672924
2017-11-03,2587.840087890625,2587.840087890625,2588.419921875,2576.77001953125,2581.929931640625,3568710000,0.0030922893263145568,0.04549945838064001
2017-11-06,2591.1298828125,2591.1298828125,2593.3798828125,2585.659912109375,2587.469970703125,3541970000,0.0012704438847759292,0.04455733711227523
2017-11-07,2590.639892578125,2590.639892578125,2597.02001953125,2584.35009765625,2592.110107421875,3815190000,-0.00018912080508215467,0.0443977459941812
2017-11-08,2594.3798828125,2594.3798828125,2595.469970703125,2585.02001953125,2588.7099609375,3898450000,0.0014426139320606879,0.0443106686204388
2017-11-09,2584.6201171875,2584.6201171875,2586.5,2566.330078125,2584.0,3844100000,-0.003768981339369759,0.04629945229529628
2017-11-10,2582.300048828125,2582.300048828125,2583.81005859375,2575.570068359375,2580.179931640625,3489740000,-0.000898046976053557,0.046598973150132346
2017-11-13,2584.840087890625,2584.840087890625,2587.659912109375,2574.47998046875,2576.530029296875,3405200000,0.0009831509112929737,0.04642920312388857
2017-11-14,2578.8701171875,2578.8701171875,2579.659912109375,2566.56005859375,2577.75,3643580000,-0.0023122805602824315,0.047450114370266076
2017-11-15,2564.6201171875,2564.6201171875,2572.840087890625,2557.449951171875,2569.449951171875,3586590000,-0.0055409987421235485,0.05163988921459185
2017-11-16,2585.639892578125,2585.639892578125,2590.090087890625,2572.949951171875,2572.949951171875,3329730000,0.008162652782972124,0.05876422321151738
2017-11-17,2578.85009765625,2578.85009765625,2583.9599609375,2577.6201171875,2582.93994140625,3309800000,-0.002629416978897403,0.05712769287432909
2017-11-20,2582.139892578125,2582.139892578125,2584.639892578125,2578.239990234375,2579.489990234375,3023940000,0.001274869888790775,0.055296209687823325
2017-11-21,2599.030029296875,2599.030029296875,2601.18994140625,2589.169921875,2589.169921875,3351230000,0.006519838879752271,0.0591946456369977
2017-11-22,2597.080078125,2597.080078125,2600.93994140625,2595.22998046875,2600.31005859375,2764110000,-0.0007505427033294154,0.056293399802187706
2017-11-24,2602.419921875,2602.419921875,2604.2099609375,2600.419921875,2600.419921875,1385890000,0.0020539842782323348,0.05644543650234575
2017-11-27,2601.419921875,2601.419921875,2606.409912109375,2598.8701171875,2602.659912109375,3017720000,-0.00038433158680373225,0.05001424352751214
2017-11-28,2627.0400390625,2627.0400390625,2627.68994140625,2605.43994140625,2605.93994140625,3493340000,0.009800332196793882,0.05785956192974528
2017-11-29,2626.070068359375,2626.070068359375,2634.889892578125,2620.320068359375,2627.820068359375,4090630000,-0.00036929388279105524,0.058065790359930924
2017-11-30,2647.580078125,2647.580078125,2657.739990234375,2633.929931640625,2633.929931640625,4965700000,0.008157586662811411,0.06316173416542968
2017-12-01,2642.219970703125,2642.219970703125,2650.6201171875,2605.52001953125,2645.10009765625,3950930000,-0.0020265829358052656,0.06411325516512181
2017-12-04,2639.43994140625,2639.43994140625,2665.18994140625,2639.030029296875,2657.18994140625,4025840000,-0.001052710549286573,0.06417106113521041
2017-12-05,2629.570068359375,2629.570068359375,2648.719970703125,2627.72998046875,2639.780029296875,3547570000,-0.0037463905259551566,0.0662070947829067
2017-12-06,2629.27001953125,2629.27001953125,2634.409912109375,2624.75,2626.239990234375,3253080000,-0.0001141121705305892,0.06619439151687899
2017-12-07,2636.97998046875,2636.97998046875,2640.989990234375,2626.530029296875,2628.3798828125,3297060000,0.002928067010109281,0.06659135719377735
2017-12-08,2651.5,2651.5,2651.64990234375,2644.10009765625,2646.2099609375,3126750000,0.005491202035518228,0.06626688441231104
2017-12-11,2659.989990234375,2659.989990234375,2660.330078125,2651.469970703125,2652.18994140625,3141480000,0.0031968421216959086,0.06608731050280803
2017-12-12,2664.110107421875,2664.110107421875,2669.719970703125,2659.780029296875,2661.72998046875,3568910000,0.0015477237220897777,0.06606246578882188
2017-12-13,2662.85009765625,2662.85009765625,2671.8798828125,2662.85009765625,2667.590087890625,3568360000,-0.00047306897015086946,0.06501976476833661
2017-12-14,2652.010009765625,2652.010009765625,2668.090087890625,2652.010009765625,2665.8701171875,3442760000,-0.004079167730762556,0.06316647761943284
2017-12-15,2675.81005859375,2675.81005859375,2679.6298828125,2659.139892578125,2660.6298828125,5736910000,0.008934313410143169,0.06421278834394017
2017-12-18,2690.159912109375,2690.159912109375,2694.969970703125,2685.919921875,2685.919921875,3727770000,0.005348478579596971,0.06333979613861783
2017-12-19,2681.469970703125,2681.469970703125,2694.43994140625,2680.739990234375,2692.7099609375,3407680000,-0.003235498043117957,0.06595973467628416
2017-12-20,2679.25,2679.25,2691.010009765625,2676.110107421875,2688.179931640625,3246230000,-0.0008282360735725192,0.06433653175774362
2017-12-21,2684.570068359375,2684.570068359375,2692.639892578125,2682.39990234375,2683.02001953125,3293130000,0.001983687012658386,0.06381407175954194
2017-12-22,2683.340087890625,2683.340087890625,2685.35009765625,2678.1298828125,2684.219970703125,2401030000,-0.00045827163811384963,0.06420769609561434
2017-12-26,2680.5,2680.5,2682.739990234375,2677.9599609375,2679.090087890625,1970660000,-0.0010589757000589728,0.06450301865830296
2017-12-27,2682.6201171875,2682.6201171875,2685.639892578125,2678.909912109375,2682.10009765625,2202900000,0.0007906283102423473,0.05698370273350549
2017-12-28,2687.5400390625,2687.5400390625,2687.659912109375,2682.68994140625,2686.10009765625,2174890000,0.0018323190029194691,0.056803131446665475
2017-12-29,2673.610107421875,2673.610107421875,2692.1201171875,2673.610107421875,2689.14990234375,2447760000,-0.005196632292747694,0.054821068479630496
2018-01-02,2695.81005859375,2695.81005859375,2695.889892578125,2682.360107421875,2683.72998046875,3397430000,0.008269078218397397,0.06017857299249513
2018-01-03,2713.06005859375,2713.06005859375,2714.3701171875,2697.77001953125,2697.85009765625,3544030000,0.006378433243936499,0.06242855124632165
2018-01-04,2723.989990234375,2723.989990234375,2729.2900390625,2719.070068359375,2719.31005859375,3697340000,0.004020542855326603,0.06014085431935693
2018-01-05,2743.14990234375,2743.14990234375,2743.449951171875,2727.919921875,2731.330078125,3239280000,0.007009145888585699,0.06234726104828345
2018-01-08,2747.7099609375,2747.7099609375,2748.510009765625,2737.60009765625,2742.669921875,3246160000,0.0016609637672972966,0.06229444588069702
2018-01-09,2751.2900390625,2751.2900390625,2759.139892578125,2747.860107421875,2751.14990234375,3467460000,0.0013020835172978806,0.061058067330384984
2018-01-10,2748.22998046875,2748.22998046875,2750.800048828125,2736.06005859375,2745.550048828125,3579900000,-0.0011128458115203799,0.06167525193966678
2018-01-11,2767.56005859375,2767.56005859375,2767.56005859375,2752.780029296875,2752.969970703125,3645690000,0.007009025768881294,0.06441498057714563
2018-01-12,2786.239990234375,2786.239990234375,2787.85009765625,2769.639892578125,2770.179931640625,3587220000,0.006726926399094779,0.06586632998752767
2018-01-16,2776.419921875,2776.419921875,2807.5400390625,2768.639892578125,2798.9599609375,4362880000,-0.0035307132616031467,0.06522494705768954
2018-01-17,2802.56005859375,2802.56005859375,2807.0400390625,2778.3798828125,2784.989990234375,3790340000,0.009371006206502663,0.06580023058536479
2018-01-18,2798.030029296875,2798.030029296875,2805.830078125,2792.56005859375,2802.39990234375,3703300000,-0.0016176974974735359,0.06616540138386551
2018-01-19,2810.300048828125,2810.300048828125,2810.330078125,2798.080078125,2802.60009765625,3724230000,0.004375647986989861,0.06382533445299854
2018-01-22,2832.969970703125,2832.969970703125,2833.030029296875,2808.1201171875,2809.159912109375,3489480000,0.00803436438221361,0.06561151457586904
2018-01-23,2839.1298828125,2839.1298828125,2842.239990234375,2830.590087890625,2835.050048828125,3541140000,0.0021720049682221187,0.06558560492419274
2018-01-24,2837.5400390625,2837.5400390625,2852.969970703125,2824.81005859375,2845.419921875,4079270000,-0.0005601325472319729,0.06565025866741195
2018-01-25,2839.25,2839.25,2848.56005859375,2830.93994140625,2846.239990234375,3873100000,0.0006024393988326437,0.06466600560635613
2018-01-26,2872.8701171875,2872.8701171875,2872.8701171875,2846.179931640625,2847.47998046875,3474680000,0.011771638106083948,0.07104765391249265
2018-01-29,2853.530029296875,2853.530029296875,2870.6201171875,2851.47998046875,2867.22998046875,3587420000,-0.006754736284862339,0.07921643714307255
2018-01-30,2822.429931640625,2822.429931640625,2837.75,2818.27001953125,2832.739990234375,4012070000,-0.010958642805337426,0.08866975616139934
2018-01-31,2823.81005859375,2823.81005859375,2839.260009765625,2813.0400390625,2832.409912109375,4276270000,0.0004888658586947869,0.0865832621960367
2018-02-01,2821.97998046875,2821.97998046875,2835.9599609375,2812.699951171875,2816.449951171875,3977380000,-0.000648298352023069,0.08584249871271593
2018-02-02,2762.1298828125,2762.1298828125,2808.919921875,2759.969970703125,2808.919921875,4340220000,-0.021436680516699447,0.11751440183031692
2018-02-05,2648.93994140625,2648.93994140625,2763.389892578125,2638.169921875,2741.06005859375,5310840000,-0.041842540938381134,0.18601894555310397
2018-02-06,2695.139892578125,2695.139892578125,2701.0400390625,2593.070068359375,2614.780029296875,5917350000,0.017290573348937244,0.19715364999647178
2018-02-07,2681.659912109375,2681.659912109375,2727.669921875,2681.330078125,2690.949951171875,4646300000,-0.005014138223752518,0.1974490082433518
2018-02-08,2581.0,2581.0,2685.27001953125,2580.56005859375,2685.010009765625,5333840000,-0.038259052245801506,0.23525463819423337
2018-02-09,2619.550048828125,2619.550048828125,2638.669921875,2532.68994140625,2601.780029296875,5690110000,0.014825645199524118,0.24098766295222934
2018-02-12,2656.0,2656.0,2672.610107421875,2622.449951171875,2636.75,4069220000,0.013818665678186015,0.2457038278072538
2018-02-13,2662.93994140625,2662.93994140625,2668.840087890625,2637.080078125,2646.27001953125,3503540000,0.0026095219802773073,0.24626351353490356
2018-02-14,2698.6298828125,2698.6298828125,2702.10009765625,2648.8701171875,2651.2099609375,4011940000,0.013313439808896987,0.24893788063884964
2018-02-15,2731.199951171875,2731.199951171875,2731.510009765625,2689.820068359375,2713.4599609375,3696140000,0.011996861776776058,0.25353898926234936
2018-02-16,2732.219970703125,2732.219970703125,2754.419921875,2725.110107421875,2727.139892578125,3646920000,0.00037339964992089136,0.2528053262315305
2018-02-20,2716.260009765625,2716.260009765625,2737.60009765625,2706.760009765625,2722.989990234375,3646920000,-0.005858517106837269,0.25082826156667926
2018-02-21,2701.330078125,2701.330078125,2747.75,2701.2900390625,2720.530029296875,3789040000,-0.005511664483310419,0.2505866208171265
2018-02-22,2703.9599609375,2703.9599609375,2731.260009765625,2697.77001953125,2710.419921875,3720620000,0.0009730774855780666,0.2507912812942569
2018-02-23,2747.300048828125,2747.300048828125,2747.760009765625,2713.739990234375,2715.800048828125,3200360000,0.015901278245120665,0.2585723787412046
2018-02-26,2779.60009765625,2779.60009765625,2780.639892578125,2753.780029296875,2757.3701171875,3436590000,0.011688438620627295,0.2585181347345148
2018-02-27,2744.280029296875,2744.280029296875,2789.14990234375,2744.219970703125,2780.449951171875,3752070000,-0.01278831144146686,0.2608514964362475
2018-02-28,2713.830078125,2713.830078125,2761.52001953125,2713.5400390625,2753.780029296875,4244570000,-0.011157806083656574,0.26093903895083237
2018-03-01,2677.669921875,2677.669921875,2730.889892578125,2659.64990234375,2715.219970703125,4514490000,-0.013413965854875975,0.2637124044784697
2018-03-02,2691.25,2691.25,2696.25,2647.320068359375,2658.889892578125,3891250000,0.005058785485198669,0.26499621475485274
2018-03-05,2720.93994140625,2720.93994140625,2728.090087890625,2675.75,2681.06005859375,3733640000,0.010971617610525897,0.25927756375836414
2018-03-06,2728.1201171875,2728.1201171875,2732.080078125,2711.260009765625,2730.179931640625,3389030000,0.0026353829319969435,0.2117734731616542
2018-03-07,2726.800048828125,2726.800048828125,2730.60009765625,2701.739990234375,2710.179931640625,3406690000,-0.00048399182571667865,0.20382493471332694
2018-03-08,2738.969970703125,2738.969970703125,2740.449951171875,2722.64990234375,2732.75,3206040000,0.004453148208884983,0.20317949179464365
2018-03-09,2786.570068359375,2786.570068359375,2786.570068359375,2751.5400390625,2752.909912109375,3376870000,0.017229546741207358,0.15218672922937249
2018-03-12,2783.02001953125,2783.02001953125,2796.97998046875,2779.260009765625,2790.5400390625,3216960000,-0.0012747973379978461,0.14765886355228777
2018-03-13,2765.31005859375,2765.31005859375,2801.89990234375,2758.679931640625,2792.31005859375,3324290000,-0.006383910414315075,0.14558291327683354
2018-03-14,2749.47998046875,2749.47998046875,2777.110107421875,2744.3798828125,2774.06005859375,3394630000,-0.005740969825188458,0.1480009675066714
2018-03-15,2747.330078125,2747.330078125,2763.030029296875,2741.469970703125,2754.27001953125,3543710000,-0.0007822363990968029,0.14185028357600227
2018-03-16,2752.010009765625,2752.010009765625,2761.85009765625,2749.969970703125,2750.570068359375,5429140000,0.0017019979472321367,0.13605065946701736
2018-03-19,2712.919921875,2712.919921875,2741.3798828125,2694.590087890625,2741.3798828125,3327460000,-0.014306040541374188,0.1452288362391266
2018-03-20,2716.93994140625,2716.93994140625,2724.219970703125,2710.050048828125,2715.050048828125,3272590000,0.0014807086617194543,0.14393818220724228
2018-03-21,2711.929931640625,2711.929931640625,2739.139892578125,2709.7900390625,2714.989990234375,3434780000,-0.001845692125629128,0.14271906629161496
2018-03-22,2643.68994140625,2643.68994140625,2695.679931640625,2641.590087890625,2691.360107421875,3765460000,-0.02548488697285478,0.168017213101614
2018-03-23,2588.260009765625,2588.260009765625,2657.669921875,2585.889892578125,2646.7099609375,3829380000,-0.021189807311750464,0.16965011854629
2018-03-26,2658.550048828125,2658.550048828125,2661.360107421875,2601.81005859375,2619.35009765625,3538080000,0.02679504070603489,0.1926071867355342
2018-03-27,2612.6201171875,2612.6201171875,2674.780029296875,2596.1201171875,2667.570068359375,3761320000,-0.017427285645321255,0.19644298029431295
2018-03-28,2605.0,2605.0,2632.64990234375,2593.06005859375,2611.300048828125,3875720000,-0.0029209188994627766,0.1938974046305294
2018-03-29,2640.8701171875,2640.8701171875,2659.070068359375,2609.719970703125,2614.409912109375,3572360000,0.013675777493843633,0.1965203492996191
2018-04-02,2581.8798828125,2581.8798828125,2638.300048828125,2553.800048828125,2633.449951171875,3635780000,-0.022590682343496482,0.20919924885781588
2018-04-03,2614.449951171875,2614.449951171875,2619.139892578125,2575.489990234375,2592.169921875,3395840000,0.012535961315741417,0.21049444515297558
2018-04-04,2644.68994140625,2644.68994140625,2649.860107421875,2573.610107421875,2584.0400390625,3369230000,0.011500102346446717,0.21513531257087593
2018-04-05,2662.840087890625,2662.840087890625,2672.080078125,2649.580078125,2657.360107421875,3230430000,0.006839421401651613,0.21707707842125568
2018-04-06,2604.469970703125,2604.469970703125,2656.8798828125,2586.27001953125,2645.820068359375,3312390000,-0.02216406705706575,0.2276398836739263
2018-04-09,2613.159912109375,2613.159912109375,2653.550048828125,2610.7900390625,2617.179931640625,3076140000,0.0033309949675937034,0.21729205147170344
2018-04-10,2656.8701171875,2656.8701171875,2665.449951171875,2635.780029296875,2638.409912109375,3579130000,0.016588598996313486,0.22783277714117037
2018-04-11,2642.18994140625,2642.18994140625,2661.429931640625,2639.25,2643.889892578125,3054520000,-0.005540685772460918,0.22766184877382217
2018-04-12,2663.989990234375,2663.989990234375,2674.719970703125,2653.830078125,2653.830078125,3045330000,0.008216898697656738,0.23009478297273325
2018-04-13,2656.300048828125,2656.300048828125,2680.260009765625,2645.050048828125,2676.89990234375,2988540000,-0.0028907998267069246,0.23011839020203223
2018-04-16,2677.840087890625,2677.840087890625,2686.489990234375,2665.159912109375,2670.10009765625,3020740000,0.0080763368015635,0.2323464405753428
2018-04-17,2706.389892578125,2706.389892578125,2713.340087890625,2692.050048828125,2692.739990234375,3286190000,0.010605071613866812,0.2308458482057755
2018-04-18,2708.639892578125,2708.639892578125,2717.489990234375,2703.6298828125,2710.110107421875,3412030000,0.0008310204075527849,0.23080000641550355
2018-04-19,2693.1298828125,2693.1298828125,2702.840087890625,2681.89990234375,2701.159912109375,3375120000,-0.005742581795832535,0.23155267963170834
2018-04-20,2670.139892578125,2670.139892578125,2693.93994140625,2660.610107421875,2692.56005859375,3428260000,-0.008573177188352155,0.21523787920350482
2018-04-23,2670.2900390625,2670.2900390625,2682.860107421875,2657.989990234375,2675.39990234375,3030390000,5.6230111184163434e-05,0.20029729141330282
2018-04-24,2634.56005859375,2634.56005859375,2683.550048828125,2617.320068359375,2680.800048828125,3716020000,-0.013470888006475334,0.1841752895881142
2018-04-25,2639.39990234375,2639.39990234375,2645.300048828125,2612.669921875,2634.919921875,3563680000,0.001835374232824094,0.1735582862565273
2018-04-26,2666.93994140625,2666.93994140625,2676.47998046875,2647.159912109375,2651.64990234375,3690920000,0.010380144187376317,0.17632420584565964
2018-04-27,2669.909912109375,2669.909912109375,2677.35009765625,2659.010009765625,2675.469970703125,3234510000,0.0011130052713639316,0.17035796254286834
2018-04-30,2648.050048828125,2648.050048828125,2682.8701171875,2648.0400390625,2682.510009765625,3749510000,-0.00822119254892062,0.15203645143448855
2018-05-01,2654.800048828125,2654.800048828125,2655.27001953125,2625.409912109375,2642.9599609375,3562820000,0.0025458021710269563,0.14653434157073564
2018-05-02,2635.669921875,2635.669921875,2660.8701171875,2631.699951171875,2654.239990234375,4047020000,-0.007231951201402076,0.14354564442620513
2018-05-03,2629.72998046875,2629.72998046875,2637.139892578125,2594.6201171875,2628.080078125,3867530000,-0.00225621758506378,0.1413818207436842
2018-05-04,2663.419921875,2663.419921875,2670.929931640625,2615.320068359375,2621.449951171875,3335260000,0.012729810028334398,0.12499583852696367
2018-05-07,2672.6298828125,2672.6298828125,2683.35009765625,2664.699951171875,2680.340087890625,3266810000,0.003451980554990186,0.12502351218203636
2018-05-08,2671.919921875,2671.919921875,2676.340087890625,2655.199951171875,2670.260009765625,3745100000,-0.00026567661173348966,0.1116395779202378
2018-05-09,2697.7900390625,2697.7900390625,2701.27001953125,2674.139892578125,2678.1201171875,3913650000,0.009635647934868707,0.11398827752454287
2018-05-10,2723.070068359375,2723.070068359375,2726.110107421875,2704.5400390625,2705.02001953125,3380640000,0.009327011603848412,0.1149296155910181
2018-05-11,2727.719970703125,2727.719970703125,2732.860107421875,2717.449951171875,2722.699951171875,2874850000,0.0017061392709614154,0.11401682272653839
2018-05-14,2730.1298828125,2730.1298828125,2742.10009765625,2725.469970703125,2738.469970703125,2994360000,0.0008830995101263284,0.11133585487334345
2018-05-15,2711.449951171875,2711.449951171875,2718.590087890625,2701.909912109375,2718.590087890625,3291190000,-0.006865655043990948,0.10865505927830117
2018-05-16,2722.4599609375,2722.4599609375,2727.760009765625,2712.169921875,2712.6201171875,3248480000,0.004052339847514297,0.10949891180439288
2018-05-17,2720.1298828125,2720.1298828125,2731.9599609375,2711.360107421875,2719.7099609375,3478150000,-0.0008562387886099643,0.10741210590301485
2018-05-18,2712.969970703125,2712.969970703125,2719.5,2709.179931640625,2717.35009765625,3383270000,-0.002635665254550723,0.10296580606086304
2018-05-21,2733.010009765625,2733.010009765625,2739.18994140625,2725.699951171875,2735.389892578125,3053480000,0.007359604547933607,0.10537713651524058
2018-05-22,2724.43994140625,2724.43994140625,2742.239990234375,2721.8798828125,2738.340087890625,3384140000,-0.003140688592875307,0.09258916542927936
2018-05-23,2733.2900390625,2733.2900390625,2733.330078125,2709.5400390625,2713.97998046875,3333160000,0.0032431452068992783,0.0927474126290045
2018-05-24,2727.760009765625,2727.760009765625,2731.969970703125,2707.3798828125,2730.93994140625,3285750000,-0.002025262957722873,0.0880088619050876
2018-05-25,2721.330078125,2721.330078125,2727.360107421875,2714.989990234375,2723.60009765625,3015260000,-0.002360003054185711,0.08883244748164357
2018-05-29,2689.860107421875,2689.860107421875,2710.669921875,2676.81005859375,2705.110107421875,3743310000,-0.011631572511792143,0.093909193044996
2018-05-30,2724.010009765625,2724.010009765625,2729.340087890625,2702.429931640625,2702.429931640625,3566490000,0.012615875351923656,0.1023720574057002
2018-05-31,2705.27001953125,2705.27001953125,2722.5,2700.679931640625,2720.97998046875,4241100000,-0.006903333243434062,0.10203325752617284
2018-06-01,2734.6201171875,2734.6201171875,2736.929931640625,2718.699951171875,2718.699951171875,3694310000,0.010790799709239352,0.1061983366431403
2018-06-04,2746.8701171875,2746.8701171875,2749.159912109375,2740.5400390625,2741.669921875,3410090000,0.004469594898352192,0.09925762014232033
2018-06-05,2748.800048828125,2748.800048828125,2752.610107421875,2739.510009765625,2748.4599609375,3523550000,0.000702346269576104,0.09904680085311843
2018-06-06,2772.35009765625,2772.35009765625,2772.389892578125,2748.4599609375,2753.25,3662780000,0.008530900637311767,0.10181425618472353
2018-06-07,2770.3701171875,2770.3701171875,2779.89990234375,2760.159912109375,2774.840087890625,3742080000,-0.000714443621984806,0.09806335724887508
2018-06-08,2779.030029296875,2779.030029296875,2779.389892578125,2763.590087890625,2765.840087890625,3138850000,0.0031210289077518993,0.09394877244759794
2018-06-11,2782.0,2782.0,2790.2099609375,2780.169921875,2780.179931640625,3262130000,0.0010681370069400842,0.0939157391893906
2018-06-12,2786.85009765625,2786.85009765625,2789.800048828125,2778.780029296875,2785.60009765625,3435700000,0.0017418672787039569,0.09395096682352183
2018-06-13,2775.6298828125,2775.6298828125,2791.469970703125,2774.64990234375,2787.93994140625,3820770000,-0.004034254541411819,0.09143037356900108
2018-06-14,2782.489990234375,2782.489990234375,2789.06005859375,2776.52001953125,2783.2099609375,3540930000,0.0024685005225038026,0.09096420606830138
2018-06-15,2779.659912109375,2779.659912109375,2782.81005859375,2761.72998046875,2777.780029296875,5451990000,-0.0010176203154941277,0.09100942603079651
2018-06-18,2773.75,2773.75,2774.989990234375,2757.1201171875,2765.7900390625,3316120000,-0.0021283911808867018,0.09076489437530455
2018-06-19,2762.590087890625,2762.590087890625,2765.050048828125,2743.18994140625,2752.010009765625,3671160000,-0.00403151795139145,0.08942510211104512
2018-06-20,2767.320068359375,2767.320068359375,2774.860107421875,2763.909912109375,2769.72998046875,3332140000,0.001710690224112632,0.08848053438701807
2018-06-21,2749.760009765625,2749.760009765625,2769.280029296875,2744.389892578125,2769.280029296875,3336580000,-0.006365728843220175,0.09131136442136052
2018-06-22,2754.8798828125,2754.8798828125,2764.169921875,2752.679931640625,2760.7900390625,5468110000,0.0018602032551342518,0.09105362188255342
2018-06-25,2717.070068359375,2717.070068359375,2742.93994140625,2698.669921875,2742.93994140625,3663280000,-0.013819722967770787,0.10337846208203164
2018-06-26,2723.06005859375,2723.06005859375,2732.909912109375,2715.60009765625,2722.1201171875,3568900000,0.0022021505056963875,0.09460578681937004
2018-06-27,2699.6298828125,2699.6298828125,2746.090087890625,2699.3798828125,2728.449951171875,3803990000,-0.008641586313141048,0.0890485688379287
2018-06-28,2716.31005859375,2716.31005859375,2724.340087890625,2691.989990234375,2698.68994140625,3461100000,0.006159680019031555,0.08858734867954227
2018-06-29,2718.3701171875,2718.3701171875,2743.260009765625,2718.030029296875,2727.1298828125,3586800000,0.0007581158875167304,0.07984904108036234
2018-07-02,2726.7099609375,2726.7099609375,2727.260009765625,2698.949951171875,2704.949951171875,3095040000,0.0030632608342937573,0.07893403259091056
2018-07-03,2713.219970703125,2713.219970703125,2736.580078125,2711.159912109375,2733.27001953125,1911460000,-0.004959629280533839,0.08038377265176848
2018-07-05,2736.610107421875,2736.610107421875,2737.830078125,2716.02001953125,2724.18994140625,2980160000,0.00858385674553741,0.08046016543762002
2018-07-06,2759.820068359375,2759.820068359375,2764.409912109375,2733.52001953125,2737.679931640625,2590250000,0.00844551760058021,0.08638877407164533
2018-07-09,2784.169921875,2784.169921875,2784.64990234375,2770.72998046875,2775.6201171875,3070060000,0.00878429078534193,0.09121167449464088
2018-07-10,2793.840087890625,2793.840087890625,2795.580078125,2786.239990234375,2788.56005859375,3080140000,0.003467249318822141,0.09191004876539233
2018-07-11,2774.02001953125,2774.02001953125,2785.909912109375,2770.77001953125,2779.820068359375,2986180000,-0.007119486371916395,0.09510958468013628
2018-07-12,2798.2900390625,2798.2900390625,2799.219970703125,2781.530029296875,2783.139892578125,2834230000,0.008710991580171523,0.09883640930604866
2018-07-13,2801.31005859375,2801.31005859375,2804.530029296875,2791.68994140625,2796.929931640625,2619790000,0.0010786555366086858,0.09858772554000146
2018-07-16,2798.429931640625,2798.429931640625,2801.18994140625,2793.389892578125,2797.360107421875,2819860000,-0.0010286646208985673,0.09858964506486452
2018-07-17,2809.550048828125,2809.550048828125,2814.18994140625,2789.239990234375,2789.340087890625,3064920000,0.0039658243434432805,0.09892388092478395
2018-07-18,2815.6201171875,2815.6201171875,2816.760009765625,2805.889892578125,2811.35009765625,3111560000,0.002158182076737347,0.0975483454776412
2018-07-19,2804.489990234375,2804.489990234375,2812.050048828125,2799.77001953125,2809.3701171875,3278360000,-0.003960826849048971,0.09895497676077998
2018-07-20,2801.830078125,2801.830078125,2809.699951171875,2800.010009765625,2804.550048828125,3243250000,-0.0009488977712743818,0.09582953261732621
2018-07-23,2806.97998046875,2806.97998046875,2808.610107421875,2795.139892578125,2799.169921875,2928490000,0.001836362343230924,0.09582667712475208
2018-07-24,2820.39990234375,2820.39990234375,2829.989990234375,2811.1201171875,2820.679931640625,3430410000,0.004769518886053703,0.08004025972752982
2018-07-25,2846.070068359375,2846.070068359375,2848.030029296875,2817.72998046875,2817.72998046875,3584400000,0.009060435070372463,0.08383031629234979
2018-07-26,2837.43994140625,2837.43994140625,2845.570068359375,2835.260009765625,2835.489990234375,3667290000,-0.003036902748867476,0.07662241039408163
2018-07-27,2818.820068359375,2818.820068359375,2843.169921875,2808.340087890625,2842.35009765625,3434370000,-0.006583834644844799,0.0814629929759623
2018-07-30,2802.60009765625,2802.60009765625,2821.739990234375,2798.110107421875,2819.0,3261190000,-0.005770789315587166,0.08559478803634372
2018-07-31,2816.2900390625,2816.2900390625,2824.4599609375,2808.06005859375,2809.72998046875,3906890000,0.004872837219302539,0.08623094905293716
2018-08-01,2813.360107421875,2813.360107421875,2825.830078125,2805.85009765625,2821.169921875,3501350000,-0.001040893067570714,0.08348780209714105
2018-08-02,2827.219970703125,2827.219970703125,2829.909912109375,2796.340087890625,2800.47998046875,3501380000,0.004914349582208821,0.08065484535363873
2018-08-03,2840.35009765625,2840.35009765625,2840.3798828125,2827.3701171875,2829.6201171875,3043690000,0.004633432065348053,0.07761634577034217
2018-08-06,2850.39990234375,2850.39990234375,2853.2900390625,2835.97998046875,2840.2900390625,2879020000,0.0035319826508013463,0.07336334904403431
2018-08-07,2858.449951171875,2858.449951171875,2863.429931640625,2855.919921875,2855.919921875,3185440000,0.0028202017464860063,0.07314248927639737
2018-08-08,2857.699951171875,2857.699951171875,2862.43994140625,2853.090087890625,2856.7900390625,2978070000,-0.0002624143932949963,0.06696926230431716
2018-08-09,2853.580078125,2853.580078125,2862.47998046875,2851.97998046875,2857.18994140625,3066180000,-0.0014427146770401578,0.062211520357476555
2018-08-10,2833.280029296875,2833.280029296875,2842.199951171875,2825.81005859375,2838.89990234375,3265590000,-0.007139312263245046,0.06824868220949254
2018-08-13,2821.929931640625,2821.929931640625,2843.39990234375,2819.8798828125,2835.4599609375,3173630000,-0.004014037665980297,0.06989018804999067
2018-08-14,2839.9599609375,2839.9599609375,2843.110107421875,2826.580078125,2827.8798828125,2986500000,0.006368930016417806,0.07189302221056114
2018-08-15,2818.3701171875,2818.3701171875,2827.949951171875,2802.489990234375,2827.949951171875,3656680000,-0.007631208581378779,0.0769161874092791
2018-08-16,2840.68994140625,2840.68994140625,2850.489990234375,2831.43994140625,2831.43994140625,3232000000,0.007888214552638217,0.07999640066045219
2018-08-17,2850.1298828125,2850.1298828125,2855.6298828125,2833.72998046875,2838.320068359375,3037640000,0.003317606375262905,0.08028914715097378
2018-08-20,2857.050048828125,2857.050048828125,2859.760009765625,2850.6201171875,2853.929931640625,2757150000,0.002425074902128621,0.08040560247188865
2018-08-21,2862.9599609375,2862.9599609375,2873.22998046875,2861.320068359375,2861.510009765625,3174010000,0.002066399954626874,0.07929596113053651
2018-08-22,2861.820068359375,2861.820068359375,2867.5400390625,2856.050048828125,2860.989990234375,2701250000,-0.0003982310542438583,0.07333232633496564
2018-08-23,2856.97998046875,2856.97998046875,2868.780029296875,2854.030029296875,2860.2900390625,2724450000,-0.0016926939235348826,0.07271203057527718
2018-08-24,2874.68994140625,2874.68994140625,2876.159912109375,2862.35009765625,2862.35009765625,2603010000,0.006179705928285095,0.07077461108664879
2018-08-27,2896.739990234375,2896.739990234375,2898.25,2884.68994140625,2884.68994140625,2865070000,0.007641141407110474,0.06985789007544958
2018-08-28,2897.52001953125,2897.52001953125,2903.77001953125,2893.5,2901.449951171875,2687770000,0.000269242077598264,0.06899380675849962
2018-08-29,2914.0400390625,2914.0400390625,2916.5,2898.39990234375,2900.6201171875,2805520000,0.005685242468912222,0.06988752568334043
2018-08-30,2901.1298828125,2901.1298828125,2912.4599609375,2895.219970703125,2908.93994140625,2810450000,-0.004440172044458457,0.07202553667377636
2018-08-31,2901.52001953125,2901.52001953125,2906.320068359375,2891.72998046875,2898.3701171875,2887220000,0.0001344684673050267,0.07106994540653293
2018-09-04,2896.719970703125,2896.719970703125,2900.179931640625,2885.1298828125,2896.9599609375,3087420000,-0.0016556920488790539,0.07106767745054542
2018-09-05,2888.60009765625,2888.60009765625,2894.2099609375,2876.919921875,2891.590087890625,3248780000,-0.0028070628012661913,0.07172188135800205
2018-09-06,2878.050048828125,2878.050048828125,2892.050048828125,2867.2900390625,2888.639892578125,3144240000,-0.0036589910366187084,0.07314019783798446
2018-09-07,2871.679931640625,2871.679931640625,2883.81005859375,2864.1201171875,2868.260009765625,2976580000,-0.0022157978950136936,0.07342793099928262
2018-09-10,2877.1298828125,2877.1298828125,2886.929931640625,2875.93994140625,2881.389892578125,2751100000,0.0018960282146931462,0.06834708409519534
2018-09-11,2887.889892578125,2887.889892578125,2892.52001953125,2866.780029296875,2871.570068359375,2904500000,0.0037328656897148704,0.06675445085879977
2018-09-12,2888.919921875,2888.919921875,2894.64990234375,2879.199951171875,2888.2900390625,3341280000,0.00035660834989403867,0.06402282131343923
2018-09-13,2904.179931640625,2904.179931640625,2906.760009765625,2896.389892578125,2896.85009765625,3274090000,0.005268352159391476,0.05772546059840121
2018-09-14,2904.97998046875,2904.97998046875,2908.300048828125,2895.77001953125,2906.3798828125,3179410000,0.0002754439007661702,0.052918248480711354
2018-09-17,2888.800048828125,2888.800048828125,2904.64990234375,2886.159912109375,2903.830078125,2967980000,-0.00558529099154903,0.057059907261521554
2018-09-18,2904.31005859375,2904.31005859375,2911.169921875,2890.429931640625,2890.739990234375,3091190000,0.005354652867625376,0.059058029159186294
2018-09-19,2907.949951171875,2907.949951171875,2912.360107421875,2903.820068359375,2906.60009765625,3302460000,0.0012524880331721278,0.05890859324365792
2018-09-20,2930.75,2930.75,2934.800048828125,2919.72998046875,2919.72998046875,3406520000,0.007810014185328562,0.0635064536587419
2018-09-21,2929.669921875,2929.669921875,2940.909912109375,2927.110107421875,2936.760009765625,5652470000,-0.0003686009370067467,0.06291158512347354
2018-09-24,2919.3701171875,2919.3701171875,2923.7900390625,2912.6298828125,2921.830078125,3392030000,-0.0035218823140139577,0.06229608929919273
2018-09-25,2915.56005859375,2915.56005859375,2923.949951171875,2913.699951171875,2921.75,3330880000,-0.0013059484931181586,0.05735898219306422
2018-09-26,2905.969970703125,2905.969970703125,2931.14990234375,2903.280029296875,2916.97998046875,3417540000,-0.0032946996811595852,0.058711086972182996
2018-09-27,2914.0,2914.0,2927.219970703125,2909.27001953125,2911.64990234375,3101360000,0.0027594762285110264,0.05604482412103631
2018-09-28,2913.97998046875,2913.97998046875,2920.530029296875,2907.5,2910.030029296875,3461680000,-6.870144138027001e-06,0.053668490968908696
2018-10-01,2924.590087890625,2924.590087890625,2937.06005859375,2917.909912109375,2926.2900390625,3375890000,0.003634492342198037,0.054948259506543244
2018-10-02,2923.429931640625,2923.429931640625,2931.419921875,2919.3701171875,2923.800048828125,3432620000,-0.0003967689102788441,0.05452699637552002
2018-10-03,2925.510009765625,2925.510009765625,2939.860107421875,2921.360107421875,2931.68994140625,3625510000,0.0007112667367188408,0.05321463098035054
2018-10-04,2901.610107421875,2901.610107421875,2919.780029296875,2883.919921875,2919.35009765625,3510370000,-0.008203035421010085,0.05975486619444638
2018-10-05,2885.570068359375,2885.570068359375,2909.639892578125,2869.2900390625,2902.5400390625,3340820000,-0.0055433145846226495,0.06263516972448424
2018-10-08,2884.429931640625,2884.429931640625,2889.449951171875,2862.080078125,2877.530029296875,3381820000,-0.0003951947083491447,0.062373546378895126
2018-10-09,2880.340087890625,2880.340087890625,2894.830078125,2874.27001953125,2882.510009765625,3531690000,-0.0014189098341548245,0.06115540347872854
2018-10-10,2785.679931640625,2785.679931640625,2874.02001953125,2784.860107421875,2873.89990234375,4554260000,-0.03341638904260158,0.1303006240680676
2018-10-11,2728.3701171875,2728.3701171875,2795.139892578125,2710.510009765625,2776.8701171875,4914090000,-0.020787579972541437,0.14300646801401432
2018-10-12,2767.1298828125,2767.1298828125,2775.77001953125,2729.43994140625,2770.5400390625,4024010000,0.0141062354083763,0.1546765913762149
2018-10-15,2750.7900390625,2750.7900390625,2775.989990234375,2749.030029296875,2763.830078125,3327160000,-0.005922482291300213,0.15476761079316415
2018-10-16,2809.919921875,2809.919921875,2813.4599609375,2766.909912109375,2767.050048828125,3460260000,0.021267828034901015,0.17353093212689455
2018-10-17,2809.2099609375,2809.2099609375,2816.93994140625,2781.81005859375,2811.669921875,3347090000,-0.0002526942626648321,0.1732914729667088
2018-10-18,2768.780029296875,2768.780029296875,2806.0400390625,2755.179931640625,2802.0,3639300000,-0.014496490575340637,0.17499955172434206
2018-10-19,2767.780029296875,2767.780029296875,2797.77001953125,2760.27001953125,2775.659912109375,3593940000,-0.0003612351352799692,0.17500086562172742
2018-10-22,2755.8798828125,2755.8798828125,2778.93994140625,2749.219970703125,2773.93994140625,3331270000,-0.00430879709647769,0.17506054177562075
2018-10-23,2740.68994140625,2740.68994140625,2753.590087890625,2691.429931640625,2721.030029296875,4373710000,-0.005527076180694479,0.17519096050451666
2018-10-24,2656.10009765625,2656.10009765625,2742.590087890625,2651.889892578125,2737.8701171875,4738670000,-0.03135077386114027,0.20064111390280442
2018-10-25,2705.570068359375,2705.570068359375,2722.699951171875,2667.840087890625,2674.8798828125,4663930000,0.01845371797871387,0.214649599782677
2018-10-26,2658.68994140625,2658.68994140625,2692.3798828125,2628.159912109375,2667.860107421875,4804330000,-0.017479138010003226,0.21931222468158537
2018-10-29,2641.25,2641.25,2706.85009765625,2603.5400390625,2682.64990234375,4701260000,-0.006581208295194152,0.21732747867125327
2018-10-30,2682.6298828125,2682.6298828125,2685.429931640625,2635.340087890625,2640.679931640625,5125600000,0.01554532297187805,0.22838766099989252
2018-10-31,2711.739990234375,2711.739990234375,2736.68994140625,2705.60009765625,2705.60009765625,5133380000,0.0107928787545708,0.23377377541512992
2018-11-01,2740.3701171875,2740.3701171875,2741.669921875,2708.85009765625,2717.580078125,4730250000,0.010502498868529386,0.23824373517120195
2018-11-02,2723.06005859375,2723.06005859375,2756.550048828125,2700.43994140625,2745.449951171875,4261230000,-0.0063367210558800124,0.23837216563595665
2018-11-05,2738.31005859375,2738.31005859375,2744.27001953125,2717.93994140625,2726.3701171875,3650910000,0.005584693697194609,0.24005525998711336
2018-11-06,2755.449951171875,2755.449951171875,2756.820068359375,2737.080078125,2738.39990234375,3543800000,0.006239787744408254,0.24198440730988938
2018-11-07,2813.889892578125,2813.889892578125,2815.14990234375,2774.1298828125,2774.1298828125,3929080000,0.020987078560773753,0.22629696302470748
2018-11-08,2806.830078125,2806.830078125,2814.75,2794.989990234375,2806.3798828125,3673550000,-0.0025120689884907677,0.21307894650816916
2018-11-09,2781.010009765625,2781.010009765625,2794.10009765625,2764.239990234375,2794.10009765625,4029030000,-0.009241585915372497,0.21086053164141974
2018-11-12,2726.219970703125,2726.219970703125,2775.989990234375,2722.0,2773.929931640625,3701570000,-0.0198981509854681,0.22130084807712208
2018-11-13,2722.179931640625,2722.179931640625,2754.60009765625,2714.97998046875,2730.050048828125,4112820000,-0.0014830188221734986,0.206686366867304
2018-11-14,2701.580078125,2701.580078125,2746.800048828125,2685.75,2737.89990234375,4449060000,-0.007596188818451033,0.20764873103315526
2018-11-15,2730.199951171875,2730.199951171875,2735.3798828125,2670.75,2693.52001953125,4204960000,0.010538032742642756,0.20665627132387718
2018-11-16,2736.27001953125,2736.27001953125,2746.75,2712.159912109375,2718.5400390625,3996970000,0.0022208375374832556,0.20690279466226566
2018-11-19,2690.72998046875,2690.72998046875,2733.159912109375,2681.090087890625,2730.739990234375,3806940000,-0.01678316123572099,0.2141166434970572
2018-11-20,2641.889892578125,2641.889892578125,2669.43994140625,2631.52001953125,2654.60009765625,4370820000,-0.018317995556586197,0.22181138986370033
2018-11-21,2649.929931640625,2649.929931640625,2670.72998046875,2649.820068359375,2657.739990234375,3237400000,0.003038669310766906,0.19436639212267917
2018-11-23,2632.56005859375,2632.56005859375,2647.550048828125,2631.090087890625,2633.360107421875,1651680000,-0.006576419711855408,0.18320585912606757
2018-11-26,2673.449951171875,2673.449951171875,2674.35009765625,2649.969970703125,2649.969970703125,3523520000,0.015412975845366716,0.1820995104731299
2018-11-27,2682.169921875,2682.169921875,2682.530029296875,2655.889892578125,2663.75,3494380000,0.003256384364612508,0.18060596163596007
2018-11-28,2743.7900390625,2743.7900390625,2744.0,2684.3798828125,2691.449951171875,3984540000,0.022714051303114324,0.18948109885386044
2018-11-29,2737.800048828125,2737.800048828125,2753.75,2722.93994140625,2736.969970703125,3599200000,-0.0021854945453938512,0.18643513581414664
2018-11-30,2760.169921875,2760.169921875,2760.8798828125,2732.760009765625,2737.760009765625,4668310000,0.008137547716617455,0.18500700740294523
2018-12-03,2790.3701171875,2790.3701171875,2800.179931640625,2773.3798828125,2790.5,4221580000,0.010882001794362495,0.18673709075573558
2018-12-04,2700.06005859375,2700.06005859375,2785.929931640625,2697.179931640625,2782.429931640625,4515710000,-0.03290022883855581,0.2199256323456597
2018-12-06,2695.949951171875,2695.949951171875,2696.14990234375,2621.530029296875,2663.510009765625,5180430000,-0.001523387914144081,0.21847283338411022
2018-12-07,2633.080078125,2633.080078125,2708.5400390625,2623.139892578125,2691.260009765625,4242240000,-0.02359633545632267,0.21614250716073502
2018-12-10,2637.719970703125,2637.719970703125,2647.510009765625,2583.22998046875,2630.860107421875,4162880000,0.0017606032229169344,0.2168482611208145
2018-12-11,2636.780029296875,2636.780029296875,2674.35009765625,2621.300048828125,2664.43994140625,3963440000,-0.0003564096753061463,0.2158578064692221
2018-12-12,2651.070068359375,2651.070068359375,2685.43994140625,2650.260009765625,2658.22998046875,4029300000,0.005404871010351364,0.20801059471867067
2018-12-13,2650.5400390625,2650.5400390625,2670.18994140625,2637.27001953125,2658.699951171875,3978340000,-0.00019995031241482053,0.20805132180900737
2018-12-14,2599.949951171875,2599.949951171875,2635.070068359375,2593.840087890625,2629.679931640625,4064370000,-0.01927121226870021,0.2162394337196898
2018-12-17,2545.93994140625,2545.93994140625,2601.1298828125,2530.5400390625,2590.75,4661420000,-0.020992284828576402,0.2208236734130275
2018-12-18,2546.159912109375,2546.159912109375,2573.989990234375,2528.7099609375,2559.89990234375,4519190000,8.639685378852846e-05,0.2202504315140197
2018-12-19,2506.9599609375,2506.9599609375,2585.2900390625,2488.9599609375,2547.050048828125,5152830000,-0.015515459175936108,0.21933616594794442
2018-12-20,2467.419921875,2467.419921875,2509.6298828125,2441.179931640625,2496.77001953125,5619780000,-0.015897809484104464,0.2174327416770708
2018-12-21,2416.6201171875,2416.6201171875,2504.409912109375,2408.550048828125,2465.3798828125,7657890000,-0.020803120498540828,0.22406030625194592
2018-12-24,2351.10009765625,2351.10009765625,2410.340087890625,2351.10009765625,2400.56005859375,2613670000,-0.02748657287831424,0.23764229919763397
2018-12-26,2467.699951171875,2467.699951171875,2467.760009765625,2346.580078125,2363.1201171875,4249740000,0.0484031776708056,0.29498351683105606
2018-12-27,2488.830078125,2488.830078125,2489.10009765625,2397.93994140625,2442.5,4139010000,0.008526228968816163,0.29717317901142654
2018-12-28,2485.739990234375,2485.739990234375,2520.27001953125,2472.889892578125,2498.77001953125,3728440000,-0.0012423539102313086,0.28144420592047686
2018-12-31,2506.85009765625,2506.85009765625,2509.239990234375,2482.820068359375,2498.93994140625,3461920000,0.00845662586220719,0.285139969655764
2019-01-02,2510.030029296875,2510.030029296875,2519.489990234375,2467.469970703125,2476.9599609375,3733160000,0.0012676930626263072,0.28230854691671026
2019-01-03,2447.889892578125,2447.889892578125,2493.139892578125,2443.9599609375,2491.919921875,3858830000,-0.025068331818915546,0.2846169102769648
2019-01-04,2531.93994140625,2531.93994140625,2538.070068359375,2474.330078125,2474.330078125,4234140000,0.033759399060347306,0.2998790798745779
2019-01-07,2549.68994140625,2549.68994140625,2566.159912109375,2524.56005859375,2535.610107421875,4133120000,0.006985975995229765,0.30192187378295704
2019-01-08,2574.409912109375,2574.409912109375,2579.820068359375,2547.56005859375,2568.110107421875,4120060000,0.009648587336497094,0.2948804982628082
2019-01-09,2584.9599609375,2584.9599609375,2595.320068359375,2568.889892578125,2580.0,4088740000,0.004089671332821787,0.2952776712701815
2019-01-10,2596.639892578125,2596.639892578125,2597.820068359375,2562.02001953125,2573.510009765625,3721300000,0.004508241374462152,0.2958924199447873
2019-01-11,2596.260009765625,2596.260009765625,2596.27001953125,2577.39990234375,2588.110107421875,3447460000,-0.0001463085444823875,0.2950555946326679
2019-01-14,2582.610107421875,2582.610107421875,2589.320068359375,2570.409912109375,2580.31005859375,3689370000,-0.005271394587249567,0.29539418432337705
2019-01-15,2610.300048828125,2610.300048828125,2613.080078125,2585.10009765625,2585.10009765625,3601180000,0.010664618879761001,0.29056171473084647
2019-01-16,2616.10009765625,2616.10009765625,2625.760009765625,2612.679931640625,2614.75,3882180000,0.00221952052908847,0.28014287346876127
2019-01-17,2635.9599609375,2635.9599609375,2645.06005859375,2606.360107421875,2609.280029296875,3802410000,0.007562730706236032,0.2809079767232627
2019-01-18,2670.7099609375,2670.7099609375,2675.469970703125,2647.580078125,2651.27001953125,4009010000,0.013096912839855257,0.27617389057363423
2019-01-22,2632.89990234375,2632.89990234375,2657.8798828125,2617.27001953125,2657.8798828125,3923950000,-0.014258476827971656,0.27480308166964046
2019-01-23,2638.699951171875,2638.699951171875,2653.18994140625,2612.860107421875,2643.47998046875,3358770000,0.0022004899194500993,0.260595474837434
2019-01-24,2642.330078125,2642.330078125,2647.199951171875,2627.010009765625,2638.840087890625,3449230000,0.0013747801109778024,0.23386424392259153
2019-01-25,2664.760009765625,2664.760009765625,2672.3798828125,2657.330078125,2657.43994140625,3821000000,0.008452867700517785,0.17591312319452165
2019-01-28,2643.85009765625,2643.85009765625,2644.969970703125,2624.06005859375,2644.969970703125,3630820000,-0.007877775848708524,0.17952665806025508
2019-01-29,2640.0,2640.0,2650.929931640625,2631.050048828125,2644.889892578125,3518070000,-0.0014573079351150042,0.17959250787179562
2019-01-30,2681.050048828125,2681.050048828125,2690.43994140625,2648.340087890625,2653.6201171875,3883270000,0.015429609891559615,0.18382731614396328
2019-01-31,2704.10009765625,2704.10009765625,2708.949951171875,2678.64990234375,2685.489990234375,4953800000,0.0085606488097687,0.1845122586403825
2019-02-01,2706.530029296875,2706.530029296875,2716.659912109375,2696.8798828125,2702.320068359375,3782490000,0.000898206584806438,0.15256278465427783
2019-02-04,2724.8701171875,2724.8701171875,2724.989990234375,2698.75,2706.489990234375,3369450000,0.006753381117479584,0.11157138118813074
2019-02-05,2737.699951171875,2737.699951171875,2738.97998046875,2724.030029296875,2728.340087890625,3597620000,0.004697370437350301,0.11099426832989255
2019-02-06,2731.610107421875,2731.610107421875,2738.080078125,2724.14990234375,2735.050048828125,3486590000,-0.0022269157175083265,0.11038540794642902
2019-02-07,2706.050048828125,2706.050048828125,2719.320068359375,2687.260009765625,2717.530029296875,4114040000,-0.009401193202230651,0.1182398827386491
2019-02-08,2707.8798828125,2707.8798828125,2708.070068359375,2681.830078125,2692.360107421875,3649510000,0.0006759725660128169,0.11807686284341655
2019-02-11,2709.800048828125,2709.800048828125,2718.050048828125,2703.7900390625,2712.39990234375,3395330000,0.000708851803818078,0.11790906437978588
2019-02-12,2744.72998046875,2744.72998046875,2748.18994140625,2722.610107421875,2722.610107421875,3843020000,0.01280785290283859,0.12015979586295845
2019-02-13,2753.030029296875,2753.030029296875,2761.85009765625,2748.6298828125,2750.300048828125,3684910000,0.003019431593711097,0.11691814114184512
2019-02-14,2745.72998046875,2745.72998046875,2757.89990234375,2731.22998046875,2743.5,3845390000,-0.0026551633836984223,0.11835804055852736
2019-02-15,2775.60009765625,2775.60009765625,2775.659912109375,2760.239990234375,2760.239990234375,3648680000,0.010820004664958027,0.12065617528215306
2019-02-19,2779.760009765625,2779.760009765625,2787.330078125,2767.2900390625,2769.280029296875,3535270000,0.0014976213265915916,0.11443150175040914
2019-02-20,2784.699951171875,2784.699951171875,2789.8798828125,2774.06005859375,2779.050048828125,3904830000,0.001775533560740783,0.09799065344283374
2019-02-21,2774.8798828125,2774.8798828125,2781.580078125,2764.550048828125,2780.239990234375,3598260000,-0.0035326693258417308,0.10041224062070385
2019-02-22,2792.669921875,2792.669921875,2794.199951171875,2779.110107421875,2780.669921875,3429350000,0.006390638694711015,0.1011904766765799
2019-02-25,2796.110107421875,2796.110107421875,2813.489990234375,2794.989990234375,2804.35009765625,3860260000,0.0012311044497517187,0.09914133630210063
2019-02-26,2793.89990234375,2793.89990234375,2803.1201171875,2789.469970703125,2792.360107421875,3676200000,-0.000790769672840419,0.09270190234105379
2019-02-27,2792.3798828125,2792.3798828125,2795.760009765625,2775.1298828125,2787.5,3771790000,-0.0005441974362980773,0.09223111467827182
2019-02-28,2784.489990234375,2784.489990234375,2793.72998046875,2782.510009765625,2788.110107421875,4445780000,-0.00282950759895062,0.08178456354741023
2019-03-01,2803.68994140625,2803.68994140625,2808.02001953125,2787.3798828125,2798.219970703125,3994950000,0.006871656588713471,0.08024375995989494
2019-03-04,2792.81005859375,2792.81005859375,2816.8798828125,2767.659912109375,2814.3701171875,3949730000,-0.003888107395255247,0.08260180193589595
2019-03-05,2789.64990234375,2789.64990234375,2796.43994140625,2782.969970703125,2794.409912109375,3631380000,-0.0011321734897071778,0.08085273915858397
2019-03-06,2771.449951171875,2771.449951171875,2790.27001953125,2768.68994140625,2790.27001953125,3800180000,-0.00654547360412483,0.08397719372169109
2019-03-07,2748.929931640625,2748.929931640625,2767.25,2739.090087890625,2766.530029296875,3932150000,-0.008158911138330893,0.08886984086969817
2019-03-08,2743.070068359375,2743.070068359375,2744.1298828125,2722.27001953125,2730.7900390625,3424300000,-0.002133964131454391,0.08216118868018565
2019-03-11,2783.300048828125,2783.300048828125,2784.0,2747.610107421875,2747.610107421875,3764850000,0.014559535563489767,0.09516576983343242
2019-03-12,2791.52001953125,2791.52001953125,2798.320068359375,2786.72998046875,2787.340087890625,3432340000,0.0029489657278052306,0.09528413775433166
2019-03-13,2810.919921875,2810.919921875,2821.239990234375,2799.780029296875,2799.780029296875,3782250000,0.006925546757019063,0.08840191538084768
2019-03-14,2808.47998046875,2808.47998046875,2815.0,2803.4599609375,2810.3798828125,3505670000,-0.0008683993315958816,0.08841230104044177
2019-03-15,2822.47998046875,2822.47998046875,2830.72998046875,2810.7900390625,2810.7900390625,5969780000,0.004972519408430465,0.08838068651487575
2019-03-18,2832.93994140625,2832.93994140625,2835.409912109375,2821.989990234375,2822.610107421875,3620770000,0.0036990967989085632,0.08199911309671404
2019-03-19,2832.570068359375,2832.570068359375,2852.419921875,2823.27001953125,2840.760009765625,3650740000,-0.00013057007992678393,0.0820736782842468
2019-03-20,2824.22998046875,2824.22998046875,2843.5400390625,2812.429931640625,2831.340087890625,3779160000,-0.0029486967407699183,0.0830896308133871
2019-03-21,2854.8798828125,2854.8798828125,2860.31005859375,2817.3798828125,2819.719970703125,3612620000,0.010794015494688836,0.08849247837842233
2019-03-22,2800.7099609375,2800.7099609375,2846.159912109375,2800.469970703125,2844.52001953125,4253730000,-0.019156827134272802,0.11155292367842215
2019-03-25,2798.360107421875,2798.360107421875,2809.7900390625,2785.02001953125,2796.010009765625,3406110000,-0.000839372833310037,0.11152862611848251
2019-03-26,2818.4599609375,2818.4599609375,2829.8701171875,2803.989990234375,2812.659912109375,3288570000,0.007157052947934339,0.11414166412207204
2019-03-27,2805.3701171875,2805.3701171875,2825.56005859375,2787.719970703125,2819.719970703125,3422400000,-0.004655143276599105,0.11546567499402988
2019-03-28,2815.43994140625,2815.43994140625,2819.7099609375,2798.77001953125,2809.39990234375,3185460000,0.0035830547152615466,0.11545475638068506
2019-03-29,2834.39990234375,2834.39990234375,2836.030029296875,2819.22998046875,2828.27001953125,3752520000,0.006711706043324384,0.11534572734290625
2019-04-01,2867.18994140625,2867.18994140625,2869.39990234375,2848.6298828125,2848.6298828125,3560090000,0.011502195518044545,0.12008609503233783
2019-04-02,2867.239990234375,2867.239990234375,2872.89990234375,2858.75,2868.239990234375,3267210000,1.745555485843653e-05,0.11985665217839978
2019-04-03,2873.39990234375,2873.39990234375,2885.25,2865.169921875,2876.090087890625,3570000000,0.00214607242008924,0.1163434326710557
2019-04-04,2879.389892578125,2879.389892578125,2881.280029296875,2867.139892578125,2873.989990234375,3038740000,0.002082465242994047,0.11054156415220362
2019-04-05,2892.739990234375,2892.739990234375,2893.239990234375,2882.989990234375,2884.159912109375,3155970000,0.00462571762309949,0.10958085483517525
2019-04-08,2895.77001953125,2895.77001953125,2895.949951171875,2880.780029296875,2888.4599609375,3056460000,0.001046911750523627,0.10069914247044667
2019-04-09,2878.199951171875,2878.199951171875,2886.8798828125,2873.330078125,2886.580078125,3032480000,-0.006085976435669771,0.10438856558305033
2019-04-10,2888.2099609375,2888.2099609375,2889.7099609375,2879.1298828125,2881.3701171875,3092230000,0.0034718377544997736,0.10281082998792189
2019-04-11,2888.320068359375,2888.320068359375,2893.419921875,2881.989990234375,2891.919921875,2970650000,3.812234034228368e-05,0.10261131856011854
2019-04-12,2907.409912109375,2907.409912109375,2910.5400390625,2898.3701171875,2900.860107421875,3726050000,0.006587578389545712,0.10346806635104988
2019-04-15,2905.580078125,2905.580078125,2909.60009765625,2896.47998046875,2908.320068359375,3114530000,-0.000629567244356366,0.10338334997105111
2019-04-16,2907.06005859375,2907.06005859375,2916.06005859375,2900.7099609375,2912.260009765625,3403120000,0.0005092283251393326,0.10329812037988241
2019-04-17,2900.449951171875,2900.449951171875,2918.0,2895.449951171875,2916.0400390625,3648100000,-0.0022764008207385444,0.102975564112697
2019-04-18,2905.030029296875,2905.030029296875,2908.39990234375,2891.89990234375,2904.81005859375,3507100000,0.0015778468242499954,0.09707228347746738
2019-04-22,2907.969970703125,2907.969970703125,2909.510009765625,2896.35009765625,2898.780029296875,3010130000,0.0010115058169324342,0.06413373558559679
2019-04-23,2933.679931640625,2933.679931640625,2936.31005859375,2908.530029296875,2909.989990234375,3674480000,0.00880235117499506,0.06756764354001357
2019-04-24,2927.25,2927.25,2936.830078125,2926.050048828125,2934.0,3468480000,-0.0021941686030357843,0.06694744877294077
2019-04-25,2926.169921875,2926.169921875,2933.10009765625,2912.840087890625,2928.989990234375,3440010000,-0.00036904174027263537,0.06320225715412311
2019-04-26,2939.8798828125,2939.8798828125,2939.8798828125,2917.56005859375,2925.81005859375,3264390000,0.0046743503233042105,0.063634481039692
2019-04-29,2943.030029296875,2943.030029296875,2949.52001953125,2939.35009765625,2940.580078125,3150390000,0.0010709485042346145,0.0615106115367841
2019-04-30,2945.830078125,2945.830078125,2948.219970703125,2924.110107421875,2937.139892578125,3939760000,0.0009509646987915232,0.05057496608201296
2019-05-01,2923.72998046875,2923.72998046875,2954.1298828125,2923.360107421875,2952.330078125,3669330000,-0.007530445850291834,0.05910821273754829
2019-05-02,2917.52001953125,2917.52001953125,2931.679931640625,2900.5,2922.159912109375,3802290000,-0.002126244648682274,0.05988522808584009
2019-05-03,2945.639892578125,2945.639892578125,2947.85009765625,2929.2099609375,2929.2099609375,3357180000,0.009592127478916801,0.06716544904085286
2019-05-06,2932.469970703125,2932.469970703125,2937.320068359375,2898.2099609375,2908.889892578125,3203260000,-0.004481013189072236,0.06858107160297147
2019-05-07,2884.050048828125,2884.050048828125,2913.030029296875,2862.60009765625,2913.030029296875,3793060000,-0.01664948808890543,0.09104508542697044
2019-05-08,2879.419921875,2879.419921875,2897.9599609375,2873.280029296875,2879.610107421875,3543110000,-0.0016067153894203656,0.08868647350129318
2019-05-09,2870.719970703125,2870.719970703125,2875.969970703125,2836.39990234375,2859.840087890625,3659050000,-0.0030259986619283197,0.0883496366825566
2019-05-10,2881.39990234375,2881.39990234375,2891.31005859375,2825.389892578125,2863.10009765625,3566780000,0.003713394069919218,0.08943714735959245
2019-05-13,2811.8701171875,2811.8701171875,2840.18994140625,2801.429931640625,2840.18994140625,3900270000,-0.024426469138497886,0.11945841767998892
2019-05-14,2834.409912109375,2834.409912109375,2852.5400390625,2820.1201171875,2820.1201171875,3354860000,0.007983987523216385,0.12403380568804404
2019-05-15,2850.9599609375,2850.9599609375,2858.679931640625,2815.080078125,2820.3798828125,3140900000,0.005821994327722457,0.1263187588495877
2019-05-16,2876.320068359375,2876.320068359375,2892.14990234375,2855.800048828125,2855.800048828125,3338470000,0.008855957116499447,0.13066975741540807
2019-05-17,2859.530029296875,2859.530029296875,2885.47998046875,2854.22998046875,2858.60009765625,3316040000,-0.0058544371740438805,0.13176509380691206
2019-05-20,2840.22998046875,2840.22998046875,2853.860107421875,2831.2900390625,2841.93994140625,3293750000,-0.00677225797540526,0.13316918624460172
2019-05-21,2864.360107421875,2864.360107421875,2868.8798828125,2854.02001953125,2854.02001953125,3223050000,0.008459949093190922,0.13285072574584603
2019-05-22,2856.27001953125,2856.27001953125,2865.469970703125,2851.110107421875,2856.06005859375,3194000000,-0.0028283923638996455,0.1329288878219646
2019-05-23,2822.239990234375,2822.239990234375,2836.699951171875,2805.489990234375,2836.699951171875,3899320000,-0.011985692241282209,0.1379642754809415
2019-05-24,2826.06005859375,2826.06005859375,2841.360107421875,2820.18994140625,2832.409912109375,2889230000,0.0013526437720372542,0.1364682468808246
2019-05-28,2802.389892578125,2802.389892578125,2840.510009765625,2801.580078125,2830.030029296875,4146980000,-0.008410950000260264,0.13773934923189732
2019-05-29,2783.02001953125,2783.02001953125,2792.030029296875,2766.06005859375,2790.25,3701110000,-0.00693591016723083,0.13798943324900656
2019-05-30,2788.860107421875,2788.860107421875,2799.0,2776.739990234375,2786.93994140625,3276030000,0.002096272674997124,0.13788825822940692
2019-05-31,2752.06005859375,2752.06005859375,2768.97998046875,2750.52001953125,2766.14990234375,3982670000,-0.013283205250453456,0.1429582670093406
2019-06-03,2744.449951171875,2744.449951171875,2763.070068359375,2728.81005859375,2751.530029296875,3952360000,-0.0027690706543079813,0.13553141201902494
2019-06-04,2803.27001953125,2803.27001953125,2804.489990234375,2762.639892578125,2762.639892578125,3814130000,0.021205927081077824,0.16017459439484497
2019-06-05,2826.14990234375,2826.14990234375,2827.280029296875,2800.919921875,2818.090087890625,3570760000,0.008128726978813283,0.15496976270337728
2019-06-06,2843.489990234375,2843.489990234375,2852.10009765625,2822.449951171875,2828.510009765625,3445140000,0.00611684067600482,0.15688950771925989
2019-06-07,2873.340087890625,2873.340087890625,2884.969970703125,2852.8701171875,2852.8701171875,3244380000,0.010442979247259565,0.16115785727275
2019-06-10,2886.72998046875,2886.72998046875,2904.77001953125,2885.510009765625,2885.830078125,3209890000,0.004649220074766092,0.1614584606096752
2019-06-11,2885.719970703125,2885.719970703125,2910.610107421875,2878.530029296875,2903.27001953125,3551000000,-0.0003499414579515303,0.13465249447549277
2019-06-12,2879.840087890625,2879.840087890625,2888.570068359375,2874.679931640625,2882.72998046875,3039870000,-0.002039657827237029,0.13283321232738587
2019-06-13,2891.639892578125,2891.639892578125,2895.239990234375,2881.989990234375,2886.239990234375,3100640000,0.00408901050284971,0.1321403735946414
2019-06-14,2886.97998046875,2886.97998046875,2894.449951171875,2879.6201171875,2886.820068359375,2992810000,-0.0016128117861526903,0.12893215586084714
2019-06-17,2889.669921875,2889.669921875,2897.27001953125,2887.300048828125,2889.75,2828400000,0.0009313154323526973,0.1270509093423411
2019-06-18,2917.75,2917.75,2930.7900390625,2905.43994140625,2906.7099609375,3441540000,0.009670489592970455,0.12788600082601326
2019-06-19,2926.4599609375,2926.4599609375,2931.739990234375,2911.429931640625,2920.550048828125,3300220000,0.0029807167930240297,0.1254271723295514
2019-06-20,2954.179931640625,2954.179931640625,2958.06005859375,2931.5,2949.60009765625,3943060000,0.009427605335873501,0.12777014894266195
2019-06-21,2950.4599609375,2950.4599609375,2964.14990234375,2946.8701171875,2952.7099609375,5003540000,-0.001260016279728049,0.11835188828273428
2019-06-24,2945.35009765625,2945.35009765625,2954.919921875,2944.050048828125,2951.419921875,3136960000,-0.0017333884605870153,0.11911648429859938
2019-06-25,2917.3798828125,2917.3798828125,2946.52001953125,2916.010009765625,2945.780029296875,3579430000,-0.00954177564038794,0.12042689772085016
2019-06-26,2913.780029296875,2913.780029296875,2932.590087890625,2912.989990234375,2926.070068359375,3511350000,-0.0012346956788036323,0.11664625445366658
2019-06-27,2924.919921875,2924.919921875,2929.300048828125,2918.570068359375,2919.659912109375,3162500000,0.003815885792590734,0.11676087354354425
2019-06-28,2941.760009765625,2941.760009765625,2943.97998046875,2929.050048828125,2932.93994140625,5422650000,0.005740941840599589,0.10225150160065785
2019-07-01,2964.330078125,2964.330078125,2977.929931640625,2952.219970703125,2971.409912109375,3524860000,0.007643018610953511,0.10075707954454259
2019-07-02,2973.010009765625,2973.010009765625,2973.2099609375,2955.919921875,2964.659912109375,3224490000,0.0029238472769890222,0.07847531613779352
2019-07-03,2995.820068359375,2995.820068359375,2995.840087890625,2977.9599609375,2978.080078125,1963570000,0.007643095660683663,0.07808771925834461
2019-07-05,2990.409912109375,2990.409912109375,2994.030029296875,2967.969970703125,2984.25,2434680000,-0.0018075342045484888,0.07880351659501547
2019-07-08,2975.949951171875,2975.949951171875,2980.760009765625,2970.090087890625,2979.77001953125,2922360000,-0.0048471730101233845,0.07717000699726842
2019-07-09,2979.6298828125,2979.6298828125,2981.89990234375,2963.43994140625,2965.52001953125,3033330000,0.0012357930584538934,0.07645698935934865
2019-07-10,2993.070068359375,2993.070068359375,3002.97998046875,2984.6201171875,2989.300048828125,3157800000,0.0045005469360823724,0.07675242253544533
2019-07-11,2999.909912109375,2999.909912109375,3002.330078125,2988.800048828125,2999.6201171875,3155710000,0.002282619578949152,0.07545513676706013
2019-07-12,3013.77001953125,3013.77001953125,3013.919921875,3001.8701171875,3003.360107421875,2984140000,0.0046095343020660096,0.07565425968740827
2019-07-15,3014.300048828125,3014.300048828125,3017.800048828125,3008.77001953125,3017.800048828125,2876100000,0.00017585372838446744,0.07480597958180542
2019-07-16,3004.0400390625,3004.0400390625,3015.02001953125,3001.14990234375,3012.1298828125,3297030000,-0.00340958455501017,0.07717292228893811
2019-07-17,2984.419921875,2984.419921875,3005.260009765625,2984.25,3005.10009765625,3185650000,-0.006552665466093899,0.07711011631603298
2019-07-18,2995.110107421875,2995.110107421875,2998.280029296875,2973.090087890625,2978.8701171875,3369820000,0.0035755977088189894,0.07731724026777811
2019-07-19,2976.610107421875,2976.610107421875,3006.02001953125,2975.860107421875,3004.260009765625,3285890000,-0.006195889464843951,0.07512958118286539
2019-07-22,2985.030029296875,2985.030029296875,2990.7099609375,2976.64990234375,2981.929931640625,3016200000,0.002824701686249931,0.0753361984306924
2019-07-23,3005.469970703125,3005.469970703125,3005.89990234375,2988.56005859375,2994.739990234375,3333810000,0.006824145139276538,0.07779919751359915
2019-07-24,3019.56005859375,3019.56005859375,3019.590087890625,2996.820068359375,2998.77001953125,3433220000,0.0046771928134763385,0.06849667961892826
2019-07-25,3003.669921875,3003.669921875,3016.31005859375,2997.239990234375,3016.260009765625,3657050000,-0.005276296483600618,0.07203040239388885
2019-07-26,3025.860107421875,3025.860107421875,3027.97998046875,3012.590087890625,3013.25,3260170000,0.007360535770782661,0.07445757163093933
2019-07-29,3020.969970703125,3020.969970703125,3025.610107421875,3014.300048828125,3024.469970703125,3224490000,-0.0016174219290565617,0.0737704000601727
2019-07-30,3013.179931640625,3013.179931640625,3017.18994140625,3000.93994140625,3007.659912109375,3632770000,-0.0025819853720445707,0.07117921164000841
2019-07-31,2980.3798828125,2980.3798828125,3017.39990234375,2958.080078125,3016.219970703125,4626330000,-0.010945206952139408,0.08144114448963301
2019-08-01,2953.56005859375,2953.56005859375,3013.590087890625,2945.22998046875,2980.320068359375,4793810000,-0.009039527568805994,0.08247968865319168
2019-08-02,2932.050048828125,2932.050048828125,2945.5,2914.110107421875,2943.89990234375,3882810000,-0.007309388539565198,0.08554155935672578
2019-08-05,2844.739990234375,2844.739990234375,2898.070068359375,2822.1201171875,2898.070068359375,4542850000,-0.030230182169694864,0.13228667998558963
2019-08-06,2881.77001953125,2881.77001953125,2884.39990234375,2847.419921875,2861.179931640625,4156640000,0.012933023911166686,0.1420085275458766
2019-08-07,2883.97998046875,2883.97998046875,2892.169921875,2825.7099609375,2858.64990234375,4512720000,0.0007665823338589561,0.1405443583551671
2019-08-08,2938.090087890625,2938.090087890625,2938.719970703125,2894.469970703125,2896.2099609375,4118530000,0.018588462466865074,0.15695880650649582
2019-08-09,2918.64990234375,2918.64990234375,2935.75,2900.14990234375,2930.510009765625,3356850000,-0.006638593133657444,0.15668063137811064
2019-08-12,2882.699951171875,2882.699951171875,2907.580078125,2873.139892578125,2907.070068359375,3328570000,-0.012393809115915033,0.1608614532002671
2019-08-13,2926.320068359375,2926.320068359375,2943.31005859375,2877.050048828125,2880.719970703125,3857190000,0.015018346267301474,0.17144806500795545
2019-08-14,2840.60009765625,2840.60009765625,2894.14990234375,2839.639892578125,2894.14990234375,4325150000,-0.02973035245453559,0.19719672282165057
2019-08-15,2847.60009765625,2847.60009765625,2856.669921875,2825.510009765625,2846.199951171875,4041720000,0.0024612366981804357,0.19680359228860317
2019-08-16,2888.679931640625,2888.679931640625,2893.6298828125,2864.739990234375,2864.739990234375,3524080000,0.014323058172244885,0.20462973836462625
2019-08-19,2923.64990234375,2923.64990234375,2931.0,2913.47998046875,2913.47998046875,3221050000,0.012033175564397425,0.20950353622764437
2019-08-20,2900.510009765625,2900.510009765625,2923.6298828125,2899.60009765625,2919.010009765625,3067710000,-0.007946215312115257,0.2087497056505782
2019-08-21,2924.429931640625,2924.429931640625,2928.72998046875,2917.909912109375,2922.0400390625,3016540000,0.008212979557352895,0.21047850053372258
2019-08-22,2922.949951171875,2922.949951171875,2939.080078125,2904.510009765625,2930.93994140625,2893660000,-0.0005062029592783901,0.21007550419376778
2019-08-23,2847.110107421875,2847.110107421875,2927.010009765625,2834.969970703125,2911.070068359375,3942520000,-0.026288881122837893,0.22425137098566614
2019-08-26,2878.3798828125,2878.3798828125,2879.27001953125,2856.0,2866.699951171875,2859790000,0.010923112730798046,0.22939516366996515
2019-08-27,2869.159912109375,2869.159912109375,2898.7900390625,2860.590087890625,2893.139892578125,3537490000,-0.003208321800556746,0.22941105642193707
2019-08-28,2887.93994140625,2887.93994140625,2890.030029296875,2853.050048828125,2861.280029296875,3102480000,0.0065241515305629605,0.22922059231166056
2019-08-29,2924.580078125,2924.580078125,2930.5,2905.669921875,2910.3701171875,3177150000,0.01260748244109422,0.2325497892415651
2019-08-30,2926.4599609375,2926.4599609375,2940.429931640625,2913.320068359375,2937.090087890625,3009910000,0.0006425807598766653,0.231236638649872
2019-09-03,2906.27001953125,2906.27001953125,2914.389892578125,2891.85009765625,2909.010009765625,3427830000,-0.006923009332685304,0.20560496833547487
2019-09-04,2937.780029296875,2937.780029296875,2938.840087890625,2921.860107421875,2924.669921875,3167900000,0.010783725278421308,0.2041719031644257
2019-09-05,2976.0,2976.0,2985.860107421875,2960.60009765625,2960.60009765625,3902600000,0.012925912921759597,0.20831682072773894
2019-09-06,2978.7099609375,2978.7099609375,2985.030029296875,2972.510009765625,2980.330078125,3209340000,0.0009101908043769313,0.19888533894250549
2019-09-09,2978.429931640625,2978.429931640625,2989.429931640625,2969.389892578125,2988.429931640625,4031120000,-9.401467889968984e-05,0.19712936719405275
2019-09-10,2979.389892578125,2979.389892578125,2979.389892578125,2957.010009765625,2971.010009765625,4393040000,0.00032225242593053594,0.19104745703207074
2019-09-11,3000.929931640625,3000.929931640625,3000.929931640625,2975.31005859375,2981.409912109375,3934370000,0.007203672326387078,0.18600380695352195
2019-09-12,3009.570068359375,3009.570068359375,3020.739990234375,3000.919921875,3009.080078125,3796990000,0.002875016278233389,0.14785269936955533
2019-09-13,3007.389892578125,3007.389892578125,3017.330078125,3002.89990234375,3012.2099609375,3557010000,-0.0007246768769650913,0.14837879692053202
2019-09-16,2997.9599609375,2997.9599609375,3002.18994140625,2990.669921875,2996.409912109375,4285860000,-0.0031405129163566414,0.1434044960104995
2019-09-17,3005.699951171875,3005.699951171875,3006.2099609375,2993.72998046875,2995.669921875,3673250000,0.002578425372462334,0.13860091055315946
2019-09-18,3006.72998046875,3006.72998046875,3007.830078125,2978.570068359375,3001.5,3458800000,0.00034263328426753503,0.1344758336987853
2019-09-19,3006.7900390625,3006.7900390625,3021.989990234375,3003.159912109375,3010.360107421875,3265660000,1.9974521929810862e-05,0.1325248910429348
2019-09-20,2992.070068359375,2992.070068359375,3016.3701171875,2984.679931640625,3008.419921875,6103440000,-0.004907599104880589,0.13418235290072578
2019-09-23,2991.780029296875,2991.780029296875,2999.14990234375,2982.22998046875,2983.5,3187250000,-9.694061782816732e-05,0.08996433590302605
2019-09-24,2966.60009765625,2966.60009765625,3007.97998046875,2957.72998046875,3002.429931640625,3872800000,-0.008451988963551926,0.09199894430980085
2019-09-25,2984.8701171875,2984.8701171875,2989.820068359375,2952.860107421875,2968.35009765625,3331200000,0.006139685241963733,0.09164302001638884
2019-09-26,2977.6201171875,2977.6201171875,2987.280029296875,2963.7099609375,2985.72998046875,3084910000,-0.0024318710096125074,0.0912812791253876
2019-09-27,2961.7900390625,2961.7900390625,2987.31005859375,2945.530029296875,2985.469970703125,3246480000,-0.0053305345791292424,0.08471135720001083
2019-09-30,2976.739990234375,2976.739990234375,2983.85009765625,2967.070068359375,2967.070068359375,3249130000,0.005034910215249155,0.08607032555611327
2019-10-01,2940.25,2940.25,2992.530029296875,2938.699951171875,2983.68994140625,3560750000,-0.01233412694541336,0.09390822129241615
2019-10-02,2887.610107421875,2887.610107421875,2924.780029296875,2874.929931640625,2924.780029296875,3914180000,-0.018065404187643352,0.10660132190947268
2019-10-03,2910.6298828125,2910.6298828125,2911.1298828125,2855.93994140625,2885.3798828125,3515130000,0.007940304773866202,0.09964531778346829
2019-10-04,2952.010009765625,2952.010009765625,2953.739990234375,2918.56005859375,2918.56005859375,3005600000,0.014116785239259855,0.11264739242114524
2019-10-07,2938.7900390625,2938.7900390625,2959.75,2935.679931640625,2944.22998046875,2959050000,-0.004488352273681606,0.11349508838751357
2019-10-08,2893.06005859375,2893.06005859375,2925.469970703125,2892.659912109375,2920.39990234375,3370700000,-0.015683159552110304,0.12468901418773548
2019-10-09,2919.39990234375,2919.39990234375,2929.320068359375,2907.409912109375,2911.10009765625,2735350000,0.009063296514845831,0.12647222609661482
2019-10-10,2938.1298828125,2938.1298828125,2948.4599609375,2917.1201171875,2918.550048828125,3234400000,0.006395202411782819,0.12853311591539665
2019-10-11,2970.27001953125,2970.27001953125,2993.280029296875,2963.070068359375,2963.070068359375,3581320000,0.010879579673789053,0.1351738694404183
2019-10-14,2966.14990234375,2966.14990234375,2972.840087890625,2962.93994140625,2965.81005859375,2559270000,-0.0013880816732187995,0.13489799654054446
2019-10-15,2995.679931640625,2995.679931640625,3003.280029296875,2973.610107421875,2973.610107421875,3345090000,0.009906445376488549,0.13933735626646118
2019-10-16,2989.68994140625,2989.68994140625,2997.5400390625,2985.199951171875,2989.679931640625,3230320000,-0.0020015445531935683,0.13946530953062677
2019-10-17,2997.949951171875,2997.949951171875,3008.2900390625,2991.7900390625,3000.77001953125,3103470000,0.002759021969774622,0.13986196552151545
2019-10-18,2986.199951171875,2986.199951171875,3000.0,2976.31005859375,2996.840087890625,3268970000,-0.003927045709799515,0.13948207638070134
2019-10-21,3006.719970703125,3006.719970703125,3007.330078125,2995.35009765625,2996.47998046875,3271960000,0.006848114105334702,0.1415373691414794
2019-10-22,2995.989990234375,2995.989990234375,3014.570068359375,2995.0400390625,3010.72998046875,3527540000,-0.0035750492583765947,0.13873780457695
2019-10-23,3004.52001953125,3004.52001953125,3004.780029296875,2991.2099609375,2994.010009765625,3413600000,0.0028431033458300448,0.1375105897150384
2019-10-24,3010.2900390625,3010.2900390625,3016.070068359375,3000.419921875,3014.780029296875,3696510000,0.0019186046591705974,0.1372338707021008
2019-10-25,3022.550048828125,3022.550048828125,3027.389892578125,3001.93994140625,3003.320068359375,3379060000,0.004064429510655998,0.1360091086596712
2019-10-28,3039.419921875,3039.419921875,3044.080078125,3032.1201171875,3032.1201171875,3524970000,0.005565819916117931,0.13621904761726752
2019-10-29,3036.889892578125,3036.889892578125,3047.8701171875,3034.81005859375,3035.389892578125,3594430000,-0.0008327519564801378,0.12752334978840565
2019-10-30,3046.77001953125,3046.77001953125,3050.10009765625,3025.9599609375,3039.739990234375,3779660000,0.0032480894008575234,0.10549101932844537
2019-10-31,3037.56005859375,3037.56005859375,3046.89990234375,3023.18994140625,3046.89990234375,4149310000,-0.003027438634539692,0.10542813869972414
2019-11-01,3066.909912109375,3066.909912109375,3066.949951171875,3050.719970703125,3050.719970703125,3956290000,0.009615930559647268,0.09999249885123512
2019-11-04,3078.27001953125,3078.27001953125,3085.199951171875,3074.8701171875,3078.9599609375,4178040000,0.003697245805312832,0.09736974552273724
2019-11-05,3074.6201171875,3074.6201171875,3083.949951171875,3072.14990234375,3080.800048828125,4490590000,-0.0011864027118200227,0.0736213449970164
2019-11-06,3076.780029296875,3076.780029296875,3078.340087890625,3065.889892578125,3075.10009765625,4465510000,0.0007022505922886779,0.07062926382859724
2019-11-07,3085.179931640625,3085.179931640625,3097.77001953125,3080.22998046875,3087.02001953125,4151990000,0.0027263752442809874,0.06928972632377041
2019-11-08,3093.080078125,3093.080078125,3093.090087890625,3073.580078125,3081.25,3508160000,0.0025574031451167656,0.06213322572383774
2019-11-11,3087.010009765625,3087.010009765625,3088.330078125,3075.820068359375,3080.330078125,3041120000,-0.0019643954133385932,0.06256270866880383
2019-11-12,3091.840087890625,3091.840087890625,3102.610107421875,3084.72998046875,3089.280029296875,3495560000,0.0015634233012633558,0.055536861708280635
2019-11-13,3094.0400390625,3094.0400390625,3098.06005859375,3078.800048828125,3084.179931640625,3513720000,0.0007112815701173503,0.05410735517993159
2019-11-14,3096.6298828125,3096.6298828125,3098.199951171875,3083.260009765625,3090.75,3282090000,0.0008366926144560694,0.054048898073841195
2019-11-15,3120.4599609375,3120.4599609375,3120.4599609375,3104.60009765625,3107.919921875,3359800000,0.0076660287779724,0.053941716456066977
2019-11-18,3122.030029296875,3122.030029296875,3124.169921875,3112.06005859375,3117.909912109375,3440140000,0.0005030263228107401,0.05146102355736828
2019-11-19,3120.179931640625,3120.179931640625,3127.639892578125,3113.469970703125,3127.449951171875,3613670000,-0.0005927700996934959,0.048421129645561355
2019-11-20,3108.4599609375,3108.4599609375,3118.969970703125,3091.409912109375,3114.659912109375,4041010000,-0.003763256420940664,0.05226654208753933
2019-11-21,3103.5400390625,3103.5400390625,3110.110107421875,3094.550048828125,3108.489990234375,3744010000,-0.001584006086188694,0.05347326202151241
2019-11-22,3110.2900390625,3110.2900390625,3112.8701171875,3099.260009765625,3111.409912109375,3235270000,0.0021725739423761325,0.05273691043222137
2019-11-25,3133.639892578125,3133.639892578125,3133.830078125,3117.43994140625,3117.43994140625,3514310000,0.007479251887467342,0.05499448216610433
2019-11-26,3140.52001953125,3140.52001953125,3142.68994140625,3131.0,3134.85009765625,4600450000,0.0021931636449394887,0.054351611528846044
2019-11-27,3153.6298828125,3153.6298828125,3154.260009765625,3143.409912109375,3145.489990234375,3035470000,0.00416573562529976,0.05477674258466492
2019-11-29,3140.97998046875,3140.97998046875,3150.300048828125,3139.340087890625,3147.179931640625,1743420000,-0.0040192862299885945,0.05595549494561538
2019-12-02,3113.8701171875,3113.8701171875,3144.31005859375,3110.780029296875,3143.85009765625,3285750000,-0.008668483693965001,0.05893598381020249
2019-12-03,3093.199951171875,3093.199951171875,3094.969970703125,3070.330078125,3087.409912109375,3671580000,-0.00666022525804344,0.0631732440940622
2019-12-04,3112.760009765625,3112.760009765625,3119.3798828125,3102.530029296875,3103.5,3702980000,0.0063036576087700524,0.06627814675885806
2019-12-05,3117.429931640625,3117.429931640625,3119.449951171875,3103.760009765625,3119.2099609375,3360480000,0.0014991269266300122,0.06634845421985586
2019-12-06,3145.909912109375,3145.909912109375,3150.60009765625,3134.6201171875,3134.6201171875,3483310000,0.009094246030425523,0.07224741785797051
2019-12-09,3135.9599609375,3135.9599609375,3148.8701171875,3135.4599609375,3141.860107421875,3400470000,-0.003167833684475596,0.073373661442106
2019-12-10,3132.52001953125,3132.52001953125,3142.1201171875,3126.090087890625,3135.360107421875,3346310000,-0.0010975361689826713,0.073039298441698
2019-12-11,3141.6298828125,3141.6298828125,3143.97998046875,3133.2099609375,3135.75,3257650000,0.0029039375293500314,0.07337808930093255
2019-12-12,3168.570068359375,3168.570068359375,3176.280029296875,3138.469970703125,3141.22998046875,4003200000,0.00853866737555542,0.07810547490895714
2019-12-13,3168.800048828125,3168.800048828125,3182.679931640625,3156.510009765625,3166.64990234375,3757650000,7.257915021519068e-05,0.07819373314858688
2019-12-16,3191.449951171875,3191.449951171875,3197.7099609375,3183.6298828125,3183.6298828125,4070200000,0.007122360942542372,0.07764375042697146
2019-12-17,3192.52001953125,3192.52001953125,3198.219970703125,3191.030029296875,3195.39990234375,3842940000,0.00033523602846052825,0.07766284702240109
2019-12-18,3191.139892578125,3191.139892578125,3198.47998046875,3191.139892578125,3195.2099609375,4029950000,-0.00043239364052283236,0.07762034700346918
2019-12-19,3205.3701171875,3205.3701171875,3205.47998046875,3192.320068359375,3192.320068359375,3784360000,0.004449378821865579,0.0762936878146063
2019-12-20,3221.219970703125,3221.219970703125,3225.64990234375,3216.030029296875,3223.330078125,6457480000,0.004932595804334028,0.0762682548233172
2019-12-23,3224.010009765625,3224.010009765625,3227.780029296875,3222.300048828125,3226.050048828125,3064530000,0.0008657687142985537,0.07633493563708584
2019-12-24,3223.3798828125,3223.3798828125,3226.429931640625,3220.510009765625,3225.449951171875,1296530000,-0.0001954673024684439,0.07370764135775017
2019-12-26,3239.909912109375,3239.909912109375,3240.080078125,3227.199951171875,3227.199951171875,2164540000,0.005115062410053994,0.07478332882175583
2019-12-27,3240.02001953125,3240.02001953125,3247.929931640625,3234.3701171875,3247.22998046875,2429150000,3.3984139657050605e-05,0.07433275068232141
2019-12-30,3221.2900390625,3221.2900390625,3240.919921875,3216.570068359375,3240.090087890625,3021720000,-0.005797596079348821,0.07618322950095234
2019-12-31,3230.780029296875,3230.780029296875,3231.719970703125,3212.030029296875,3215.179931640625,2894760000,0.0029416906441905866,0.06717042418651618
2020-01-02,3257.85009765625,3257.85009765625,3258.139892578125,3235.530029296875,3244.669921875,3459930000,0.008343895362315834,0.06317868202608244
2020-01-03,3234.85009765625,3234.85009765625,3246.14990234375,3222.340087890625,3226.360107421875,3484700000,-0.007084909364953873,0.06989485056653803
2020-01-06,3246.280029296875,3246.280029296875,3246.840087890625,3214.639892578125,3217.550048828125,3702460000,0.003527145194272663,0.0700915535040548
2020-01-07,3237.179931640625,3237.179931640625,3244.909912109375,3232.429931640625,3241.860107421875,3435910000,-0.002807175084594604,0.06699355165689118
2020-01-08,3253.050048828125,3253.050048828125,3267.070068359375,3236.669921875,3238.590087890625,3726840000,0.004890473485641422,0.0658160373938423
2020-01-09,3274.699951171875,3274.699951171875,3275.580078125,3263.669921875,3266.030029296875,3641230000,0.006633214116906316,0.06690472430829568
2020-01-10,3265.35009765625,3265.35009765625,3282.989990234375,3260.860107421875,3281.81005859375,3214580000,-0.002859262487506342,0.06909707270138546
2020-01-13,3288.1298828125,3288.1298828125,3288.1298828125,3268.429931640625,3271.1298828125,3459390000,0.006951994045934384,0.067382109847386
2020-01-14,3283.14990234375,3283.14990234375,3294.25,3277.18994140625,3285.35009765625,3687620000,-0.0015156808368956831,0.06813046929163875
2020-01-15,3289.2900390625,3289.2900390625,3298.659912109375,3280.68994140625,3282.27001953125,3721490000,0.0018684502436876471,0.0652982689314474
2020-01-16,3316.81005859375,3316.81005859375,3317.110107421875,3302.820068359375,3302.969970703125,3540580000,0.008331747422232638,0.06922848418953031
2020-01-17,3329.6201171875,3329.6201171875,3329.8798828125,3318.860107421875,3323.659912109375,3726220000,0.0038547232474837045,0.06898957209882366
2020-01-21,3320.7900390625,3320.7900390625,3329.7900390625,3316.610107421875,3321.030029296875,4104840000,-0.002655500369584729,0.07033815445926653
2020-01-22,3321.75,3321.75,3337.77001953125,3320.0400390625,3330.02001953125,3623780000,0.0002890342966814785,0.06953657910885669
2020-01-23,3325.5400390625,3325.5400390625,3326.8798828125,3301.8701171875,3315.77001953125,3766710000,0.001140326193358021,0.0695096893649931
2020-01-24,3295.469970703125,3295.469970703125,3333.179931640625,3281.530029296875,3333.10009765625,3708780000,-0.00908328942619363,0.07853759810617829
2020-01-27,3243.6298828125,3243.6298828125,3258.85009765625,3234.5,3247.159912109375,3831050000,-0.015855752356843666,0.09650684139054348
2020-01-28,3276.239990234375,3276.239990234375,3285.780029296875,3253.219970703125,3255.35009765625,3531570000,0.01000338350035257,0.10245671884247826
2020-01-29,3273.39990234375,3273.39990234375,3293.469970703125,3271.889892578125,3289.4599609375,3600250000,-0.0008672501435853519,0.09999484063511539
2020-01-30,3283.659912109375,3283.659912109375,3285.909912109375,3242.800048828125,3256.449951171875,3790350000,0.0031294569302104946,0.10004755294120123
2020-01-31,3225.52001953125,3225.52001953125,3282.330078125,3214.679931640625,3282.330078125,4529700000,-0.017864443571362187,0.11513828737024723
2020-02-03,3248.919921875,3248.919921875,3268.43994140625,3235.659912109375,3235.659912109375,3760460000,0.00722842576123206,0.11547080061969775
2020-02-04,3297.590087890625,3297.590087890625,3306.919921875,3280.610107421875,3280.610107421875,3996900000,0.014869315917506398,0.12577558923451068
2020-02-05,3334.68994140625,3334.68994140625,3337.580078125,3313.75,3324.909912109375,4121480000,0.011187778658973357,0.129989920070105
2020-02-06,3345.780029296875,3345.780029296875,3347.9599609375,3334.389892578125,3344.919921875,3887250000,0.0033201550570023386,0.12958429473088748
2020-02-07,3327.7099609375,3327.7099609375,3341.419921875,3322.1201171875,3335.5400390625,3733920000,-0.005415491009459927,0.13016322283161372
2020-02-10,3352.090087890625,3352.090087890625,3352.260009765625,3317.77001953125,3318.280029296875,3462730000,0.007299690120573743,0.13130226422207872
2020-02-11,3357.75,3357.75,3375.6298828125,3352.719970703125,3365.8701171875,3762940000,0.001687048686003223,0.12970598036557074
2020-02-12,3379.449951171875,3379.449951171875,3381.469970703125,3369.719970703125,3370.5,3930910000,0.006441853105203066,0.1306430029027288
2020-02-13,3373.93994140625,3373.93994140625,3385.090087890625,3360.52001953125,3365.89990234375,3500890000,-0.0016317763599893453,0.13106081633711483
2020-02-14,3380.159912109375,3380.159912109375,3380.68994140625,3366.14990234375,3378.080078125,3419700000,0.0018418360984853166,0.12855450077510178
2020-02-18,3370.2900390625,3370.2900390625,3375.010009765625,3355.610107421875,3369.0400390625,3750400000,-0.002924213986148061,0.1287611352411818
2020-02-19,3386.14990234375,3386.14990234375,3393.52001953125,3378.830078125,3380.389892578125,3614200000,0.004694748284284955,0.12892562518114914
2020-02-20,3373.22998046875,3373.22998046875,3389.14990234375,3341.02001953125,3380.449951171875,4019180000,-0.0038228174279968385,0.12998164821968197
2020-02-21,3337.75,3337.75,3360.760009765625,3328.449951171875,3360.5,3908780000,-0.010573809232820253,0.1357502662566979
2020-02-24,3225.889892578125,3225.889892578125,3259.81005859375,3214.64990234375,3257.610107421875,4851160000,-0.034088079420440565,0.17818890394106543
2020-02-25,3128.2099609375,3128.2099609375,3246.989990234375,3118.77001953125,3238.93994140625,5596760000,-0.03074790437535313,0.19988972854768963
2020-02-26,3116.389892578125,3116.389892578125,3182.510009765625,3108.989990234375,3139.89990234375,5484650000,-0.0037856973235292912,0.19525966091370597
2020-02-27,2978.760009765625,2978.760009765625,3097.070068359375,2977.389892578125,3062.5400390625,7064710000,-0.045168136352262245,0.24452878221418398
2020-02-28,2954.219970703125,2954.219970703125,2959.719970703125,2855.840087890625,2916.89990234375,8569570000,-0.008272463109652683,0.24309713802172941
2020-03-02,3090.22998046875,3090.22998046875,3090.9599609375,2945.18994140625,2974.280029296875,6381330000,0.04501086876941329,0.29408770735004247
2020-03-03,3003.3701171875,3003.3701171875,3136.719970703125,2976.6298828125,3096.4599609375,6376510000,-0.02851048492291497,0.30551090002497194
2020-03-04,3130.1201171875,3130.1201171875,3130.969970703125,3034.3798828125,3045.75,5073020000,0.04133634936063402,0.3380238046418213
2020-03-05,3023.93994140625,3023.93994140625,3083.0400390625,2999.830078125,3075.699951171875,5579290000,-0.03451078243998218,0.35124456593213477
2020-03-06,2972.3701171875,2972.3701171875,2985.929931640625,2901.5400390625,2954.199951171875,6555240000,-0.017200943652385448,0.3523737677120912
2020-03-09,2746.56005859375,2746.56005859375,2863.889892578125,2734.429931640625,2863.889892578125,8441290000,-0.07901041294037192,0.433669485436321
2020-03-10,2882.22998046875,2882.22998046875,2882.590087890625,2734.0,2813.47998046875,7642040000,0.048215052425859106,0.4748991194355227
2020-03-11,2741.3798828125,2741.3798828125,2825.60009765625,2707.219970703125,2825.60009765625,7431200000,-0.05010289280860558,0.49555873708597864
2020-03-12,2480.639892578125,2480.639892578125,2660.949951171875,2478.860107421875,2630.860107421875,8850810000,-0.09994485240247286,0.5801725211942258
2020-03-13,2711.02001953125,2711.02001953125,2711.330078125,2492.3701171875,2569.989990234375,8299070000,0.08880840694923542,0.6826589823457461
2020-03-16,2386.1298828125,2386.1298828125,2562.97998046875,2380.93994140625,2508.590087890625,7805450000,-0.12765219747281709,0.7905956624875172
2020-03-17,2529.18994140625,2529.18994140625,2553.929931640625,2367.0400390625,2425.659912109375,8370250000,0.05822631263569189,0.831942506581597
2020-03-18,2398.10009765625,2398.10009765625,2453.570068359375,2280.52001953125,2436.5,8799300000,-0.05322227233208032,0.8393312933003844
2020-03-19,2409.389892578125,2409.389892578125,2466.969970703125,2319.780029296875,2393.47998046875,7956100000,0.004696760970401392,0.8415632763093075
2020-03-20,2304.919921875,2304.919921875,2453.010009765625,2295.56005859375,2431.93994140625,9053950000,-0.04432762405336721,0.8464923448844944
2020-03-23,2237.39990234375,2237.39990234375,2300.72998046875,2191.860107421875,2290.7099609375,7411380000,-0.02973150100957689,0.845616051311513
2020-03-24,2447.330078125,2447.330078125,2449.7099609375,2344.43994140625,2344.43994140625,7563150000,0.08968323251796306,0.922432422660189
2020-03-25,2475.56005859375,2475.56005859375,2571.419921875,2407.530029296875,2457.77001953125,8300010000,0.0114689904208225,0.9257050260271731
2020-03-26,2630.070068359375,2630.070068359375,2637.010009765625,2500.719970703125,2501.2900390625,7766990000,0.06054383107424677,0.9492273808104187
2020-03-27,2541.469970703125,2541.469970703125,2615.909912109375,2520.02001953125,2555.8701171875,6201670000,-0.03426784554162676,0.954181762978334
2020-03-30,2626.64990234375,2626.64990234375,2631.800048828125,2545.280029296875,2558.97998046875,5751120000,0.032966590569975196,0.9467068791615216
2020-03-31,2584.590087890625,2584.590087890625,2641.389892578125,2571.14990234375,2614.68994140625,6576210000,-0.01614231078841577,0.9443155432232444
2020-04-01,2470.5,2470.5,2522.75,2447.489990234375,2498.080078125,5964000000,-0.04514636273278683,0.9353117471040181
2020-04-02,2526.89990234375,2526.89990234375,2533.219970703125,2455.7900390625,2458.5400390625,6464190000,0.02257265705696021,0.938717117419993
2020-04-03,2488.64990234375,2488.64990234375,2538.179931640625,2459.9599609375,2514.919921875,6096970000,-0.015252860825945014,0.9385262878292687
2020-04-06,2663.679931640625,2663.679931640625,2676.85009765625,2574.570068359375,2578.280029296875,6403840000,0.06796824414483105,0.9379053310952394
2020-04-07,2659.409912109375,2659.409912109375,2756.889892578125,2657.669921875,2738.64990234375,7050410000,-0.0016043390483631015,0.9202829463448746
2020-04-08,2749.97998046875,2749.97998046875,2760.75,2663.300048828125,2685.0,5875710000,0.033489371191285144,0.9129592681783825
2020-04-09,2789.820068359375,2789.820068359375,2818.570068359375,2762.360107421875,2776.989990234375,7899550000,0.014383470303699575,0.8375884326271748
2020-04-13,2761.6298828125,2761.6298828125,2782.4599609375,2721.169921875,2782.4599609375,5319530000,-0.010156059444677012,0.7822756744811759
2020-04-14,2846.06005859375,2846.06005859375,2851.85009765625,2805.10009765625,2805.10009765625,5615730000,0.03011455957230691,0.6314319165881367
2020-04-15,2783.360107421875,2783.360107421875,2801.8798828125,2761.5400390625,2795.639892578125,5208000000,-0.022276732672368738,0.6132188656531673
2020-04-16,2799.550048828125,2799.550048828125,2806.510009765625,2764.320068359375,2799.340087890625,5228810000,0.005799837839541411,0.5757205944241671
2020-04-17,2874.56005859375,2874.56005859375,2879.219970703125,2830.8798828125,2842.429931640625,5804810000,0.026440932021320585,0.5791775803801626
2020-04-20,2823.159912109375,2823.159912109375,2868.97998046875,2820.429931640625,2845.6201171875,5228630000,-0.018042845615347858,0.5554356033278403
2020-04-21,2736.56005859375,2736.56005859375,2785.5400390625,2727.10009765625,2784.81005859375,5121010000,-0.031155115236330744,0.5567435509110719
2020-04-22,2799.31005859375,2799.31005859375,2815.10009765625,2775.949951171875,2787.889892578125,5084920000,0.022671300582136844,0.47882340639913334
2020-04-23,2797.800048828125,2797.800048828125,2844.89990234375,2794.260009765625,2810.419921875,5773530000,-0.0005395676601960275,0.47912472440321735
2020-04-24,2836.739990234375,2836.739990234375,2842.7099609375,2791.760009765625,2812.639892578125,5382810000,0.013822090566839584,0.43773296787680266
2020-04-27,2878.47998046875,2878.47998046875,2887.719970703125,2852.889892578125,2854.64990234375,5203930000,0.014606868181735955,0.41634026250408324
2020-04-28,2863.389892578125,2863.389892578125,2921.14990234375,2860.7099609375,2909.9599609375,5691160000,-0.005256170190484077,0.4062883523351923
2020-04-29,2939.510009765625,2939.510009765625,2954.860107421875,2912.159912109375,2918.4599609375,6645640000,0.026236704045073722,0.4058581888636671
2020-04-30,2912.429931640625,2912.429931640625,2930.909912109375,2892.469970703125,2930.909912109375,6544980000,-0.00925514331905486,0.3653604412394457
2020-05-01,2830.7099609375,2830.7099609375,2869.090087890625,2821.610107421875,2869.090087890625,4759810000,-0.02846021101477625,0.38238095322257004
2020-05-04,2842.739990234375,2842.739990234375,2844.239990234375,2797.85009765625,2815.010009765625,4735930000,0.004240822578849723,0.374809784743253
2020-05-05,2868.43994140625,2868.43994140625,2898.22998046875,2863.550048828125,2868.8798828125,5140290000,0.008999935197779863,0.3016426367656797
2020-05-06,2848.419921875,2848.419921875,2891.110107421875,2847.64990234375,2883.139892578125,4892570000,-0.00700388039904265,0.3034129621380259
2020-05-07,2881.18994140625,2881.18994140625,2901.919921875,2876.47998046875,2878.260009765625,5178790000,0.0114389557548904,0.28491762944802773
2020-05-08,2929.800048828125,2929.800048828125,2932.159912109375,2902.8798828125,2908.830078125,4876030000,0.016730795065226012,0.2862812857123436
2020-05-11,2930.18994140625,2930.18994140625,2944.25,2903.43994140625,2915.4599609375,4819730000,0.00013306936679136072,0.2827652273464556
2020-05-12,2870.1201171875,2870.1201171875,2945.820068359375,2869.590087890625,2939.5,5119630000,-0.020713365772047965,0.2758660441868253
2020-05-13,2820.0,2820.0,2874.139892578125,2793.14990234375,2865.860107421875,6151650000,-0.01761699662428029,0.2714713641563294
2020-05-14,2852.5,2852.5,2852.800048828125,2766.639892578125,2794.5400390625,5651130000,0.011458917804072044,0.2735212953723684
2020-05-15,2863.699951171875,2863.699951171875,2865.010009765625,2816.780029296875,2829.949951171875,5507700000,0.003918675203722799,0.2577025218450691
2020-05-18,2953.909912109375,2953.909912109375,2968.090087890625,2913.860107421875,2913.860107421875,6373670000,0.031015208770073244,0.2704569692527852
2020-05-19,2922.93994140625,2922.93994140625,2964.2099609375,2922.35009765625,2948.590087890625,4984330000,-0.010539747711598935,0.2467242479396656
2020-05-20,2971.610107421875,2971.610107421875,2980.2900390625,2953.6298828125,2953.6298828125,5005380000,0.016513990613415075,0.24149548083950573
2020-05-21,2948.510009765625,2948.510009765625,2978.5,2938.570068359375,2969.949951171875,4976620000,-0.007803968309953113,0.24412546606275756
2020-05-22,2955.449951171875,2955.449951171875,2956.760009765625,2933.590087890625,2948.050048828125,3970860000,0.002350945686812267,0.24069707761787593
2020-05-26,2991.77001953125,2991.77001953125,3021.719970703125,2988.169921875,3004.080078125,5848500000,0.012214285021459936,0.23926240528662485
2020-05-27,3036.1298828125,3036.1298828125,3036.25,2969.75,3015.64990234375,6398000000,0.014718447490315256,0.24167136563650476
2020-05-28,3029.72998046875,3029.72998046875,3068.669921875,3023.39990234375,3046.610107421875,5447020000,-0.0021101393249196576,0.2266577545370575
2020-05-29,3044.31005859375,3044.31005859375,3049.169921875,2998.610107421875,3025.169921875,7297550000,0.0048007935523077805,0.22343899361595132
2020-06-01,3055.72998046875,3055.72998046875,3062.179931640625,3031.5400390625,3038.780029296875,4684170000,0.003744216478363427,0.19350814615929382
2020-06-02,3080.820068359375,3080.820068359375,3081.070068359375,3051.639892578125,3064.780029296875,5197150000,0.008177307282400292,0.19409323246012303
2020-06-03,3122.8701171875,3122.8701171875,3130.93994140625,3098.89990234375,3098.89990234375,6005560000,0.013556670812562288,0.19619483459239764
2020-06-04,3112.35009765625,3112.35009765625,3128.909912109375,3090.409912109375,3111.56005859375,6451290000,-0.0033743890836088752,0.19396095754908965
2020-06-05,3193.929931640625,3193.929931640625,3211.719970703125,3163.840087890625,3163.840087890625,8639300000,0.025874012821637038,0.20655363848192546
2020-06-08,3232.389892578125,3232.389892578125,3233.1298828125,3196.0,3199.919921875,8498300000,0.01196965640580494,0.20382975079510876
2020-06-09,3207.179931640625,3207.179931640625,3222.7099609375,3193.110107421875,3213.320068359375,6410930000,-0.007829743419721424,0.20800233951620783
2020-06-10,3190.139892578125,3190.139892578125,3223.27001953125,3181.489990234375,3213.419921875,6598870000,-0.0053272557351817795,0.19056858588688455
2020-06-11,3002.10009765625,3002.10009765625,3123.530029296875,2999.489990234375,3123.530029296875,7037320000,-0.060752692996288715,0.2889365582386715
2020-06-12,3041.31005859375,3041.31005859375,3088.419921875,2984.469970703125,3071.0400390625,5845330000,0.012976286605210774,0.289534834780463
2020-06-15,3066.590087890625,3066.590087890625,3079.760009765625,2965.659912109375,2993.760009765625,5757480000,0.008277860818175498,0.29006261325178834
2020-06-16,3124.739990234375,3124.739990234375,3153.449951171875,3076.06005859375,3131.0,5845810000,0.018784852866710722,0.27824921991411283
2020-06-17,3113.489990234375,3113.489990234375,3141.159912109375,3108.030029296875,3136.1298828125,4560450000,-0.0036067962326296055,0.27507353542651614
2020-06-18,3115.340087890625,3115.340087890625,3120.0,3093.510009765625,3101.639892578125,4448690000,0.0005940434038027576,0.27081520951056554
2020-06-19,3097.739990234375,3097.739990234375,3155.530029296875,3083.110107421875,3140.2900390625,8346650000,-0.0056655135656740185,0.2699033104834586
2020-06-22,3117.860107421875,3117.860107421875,3120.919921875,3079.389892578125,3094.419921875,4686690000,0.006474093296658268,0.27025739965865486
2020-06-23,3131.2900390625,3131.2900390625,3154.89990234375,3127.1201171875,3138.699951171875,4711850000,0.004298169191484291,0.26811595611460226
2020-06-24,3050.330078125,3050.330078125,3115.010009765625,3032.1298828125,3114.39990234375,5597680000,-0.02619526559566232,0.28124319796119723
2020-06-25,3083.760009765625,3083.760009765625,3086.25,3024.010009765625,3046.60009765625,4847690000,0.010899827728216849,0.2834703996255482
2020-06-26,3009.050048828125,3009.050048828125,3073.72998046875,3004.6298828125,3073.199951171875,8107850000,-0.024525204274830514,0.29623491394157153
2020-06-29,3053.239990234375,3053.239990234375,3053.889892578125,2999.739990234375,3018.590087890625,4473970000,0.01457888811353314,0.30056882988483236
2020-06-30,3100.2900390625,3100.2900390625,3111.510009765625,3047.830078125,3050.199951171875,4705850000,0.015292349435755526,0.3040083557460125
2020-07-01,3115.860107421875,3115.860107421875,3128.43994140625,3101.169921875,3105.919921875,4449230000,0.0050095639758716,0.300738156231258
2020-07-02,3130.010009765625,3130.010009765625,3165.81005859375,3124.52001953125,3143.639892578125,4197720000,0.004530970476816165,0.3009014049934225
2020-07-06,3179.719970703125,3179.719970703125,3182.590087890625,3155.2900390625,3155.2900390625,4759160000,0.015756930832163007,0.29196298432617107
2020-07-07,3145.320068359375,3145.320068359375,3184.14990234375,3142.929931640625,3166.43994140625,4571330000,-0.010877477869643215,0.29063853409928186
2020-07-08,3169.93994140625,3169.93994140625,3171.800048828125,3136.530029296875,3153.070068359375,4937310000,0.0077969862634308384,0.29128699539307623
2020-07-09,3152.050048828125,3152.050048828125,3179.780029296875,3115.699951171875,3176.169921875,4843650000,-0.005659591476195658,0.2913574438733762
2020-07-10,3185.0400390625,3185.0400390625,3186.820068359375,3136.219970703125,3152.469970703125,4524190000,0.010411809774444336,0.19400092084986775
2020-07-13,3155.219970703125,3155.219970703125,3235.320068359375,3149.429931640625,3205.080078125,4902440000,-0.009406645216058607,0.19489037475528762
2020-07-14,3197.52001953125,3197.52001953125,3200.949951171875,3127.659912109375,3141.110107421875,4507140000,0.013317300582903258,0.1977473339891645
2020-07-15,3226.56005859375,3226.56005859375,3238.280029296875,3200.760009765625,3225.97998046875,4686830000,0.009041056936354153,0.19010854111605738
2020-07-16,3215.570068359375,3215.570068359375,3220.389892578125,3198.590087890625,3208.360107421875,3972860000,-0.003411915214114103,0.19004243037222873
2020-07-17,3224.72998046875,3224.72998046875,3233.52001953125,3205.64990234375,3224.2099609375,4012850000,0.0028445625875832548,0.19004989396713412
2020-07-20,3251.840087890625,3251.840087890625,3258.610107421875,3215.159912109375,3224.2900390625,3979340000,0.008371797255140478,0.18937552441978872
2020-07-21,3257.300048828125,3257.300048828125,3277.2900390625,3247.77001953125,3268.52001953125,4556610000,0.0016776293345603932,0.18881034316951179
2020-07-22,3276.02001953125,3276.02001953125,3279.320068359375,3253.10009765625,3254.860107421875,4267160000,0.00573063059447243,0.18907695609467065
2020-07-23,3235.659912109375,3235.659912109375,3279.989990234375,3222.659912109375,3271.639892578125,4296760000,-0.012396378412246278,0.16773420622726393
2020-07-24,3215.6298828125,3215.6298828125,3227.260009765625,3200.050048828125,3218.580078125,3689410000,-0.006209640024275487,0.16796067264838174
2020-07-27,3239.409912109375,3239.409912109375,3241.429931640625,3214.25,3219.840087890625,3970310000,0.007367928821482295,0.1378134692662045
2020-07-28,3218.43994140625,3218.43994140625,3243.719970703125,3216.169921875,3234.27001953125,4053180000,-0.0064944354186469155,0.13610601414336196
2020-07-29,3258.43994140625,3258.43994140625,3264.739990234375,3227.219970703125,3227.219970703125,4478200000,0.01235178335174325,0.13300521880050226
2020-07-30,3246.219970703125,3246.219970703125,3250.919921875,3204.1298828125,3231.760009765625,4264920000,-0.003757301763455345,0.13436228025129432
2020-07-31,3271.1201171875,3271.1201171875,3272.169921875,3220.260009765625,3270.449951171875,5007530000,0.007641236242175609,0.13551209271804868
2020-08-03,3294.610107421875,3294.610107421875,3302.72998046875,3284.530029296875,3288.260009765625,4438940000,0.007155362664359899,0.12771687795237105
2020-08-04,3306.510009765625,3306.510009765625,3306.840087890625,3286.3701171875,3289.919921875,4414380000,0.0036054230261335363,0.11918344911531142
2020-08-05,3327.77001953125,3327.77001953125,3330.77001953125,3317.3701171875,3317.3701171875,4535060000,0.006409160435516981,0.11850087636749401
2020-08-06,3349.159912109375,3349.159912109375,3351.030029296875,3318.139892578125,3323.169921875,4278930000,0.006407126020665288,0.11543664808380379
2020-08-07,3351.280029296875,3351.280029296875,3352.5400390625,3328.719970703125,3340.050048828125,4110030000,0.0006328292699571136,0.11248060625636898
2020-08-10,3360.469970703125,3360.469970703125,3363.2900390625,3335.43994140625,3356.0400390625,4327920000,0.0027384652733921655,0.10373026665459384
2020-08-11,3333.68994140625,3333.68994140625,3381.010009765625,3326.43994140625,3370.340087890625,4880540000,-0.008001055401377855,0.10362676274541553
2020-08-12,3380.35009765625,3380.35009765625,3387.889892578125,3355.4599609375,3355.4599609375,3772250000,0.013899502293613253,0.10896180657996664
2020-08-13,3373.429931640625,3373.429931640625,3387.239990234375,3363.35009765625,3372.949951171875,3438730000,-0.0020492726761567326,0.10815634916487586
2020-08-14,3372.85009765625,3372.85009765625,3378.510009765625,3361.639892578125,3368.659912109375,3200060000,-0.00017189739627809786,0.1085017705814592
2020-08-17,3381.989990234375,3381.989990234375,3387.590087890625,3379.219970703125,3380.860107421875,3460330000,0.002706177507423746,0.10621761005841128
2020-08-18,3389.780029296875,3389.780029296875,3395.06005859375,3370.14990234375,3387.0400390625,3669550000,0.002300740419816094,0.10621845590837799
2020-08-19,3374.85009765625,3374.85009765625,3399.5400390625,3369.659912109375,3392.510009765625,3679480000,-0.004414123345181764,0.1075119986880919
2020-08-20,3385.510009765625,3385.510009765625,3390.800048828125,3354.68994140625,3360.47998046875,3431040000,0.003153654768345504,0.09493801015665376
2020-08-21,3397.159912109375,3397.159912109375,3399.9599609375,3379.31005859375,3386.010009765625,3505010000,0.0034351999829738133,0.0898181146184925
2020-08-24,3431.280029296875,3431.280029296875,3432.090087890625,3413.1298828125,3418.090087890625,3743410000,0.009993615364901842,0.09195460709203769
2020-08-25,3443.6201171875,3443.6201171875,3444.2099609375,3425.840087890625,3435.949951171875,3627650000,0.003589899745540137,0.08538956945907994
2020-08-26,3478.72998046875,3478.72998046875,3481.070068359375,3444.14990234375,3449.969970703125,3780530000,0.010144001344842835,0.08276860911539707
2020-08-27,3484.550048828125,3484.550048828125,3501.3798828125,3468.35009765625,3485.139892578125,3955890000,0.0016716460318093596,0.07900576177118249
2020-08-28,3508.010009765625,3508.010009765625,3509.22998046875,3484.320068359375,3494.68994140625,3868510000,0.006710002849569463,0.07846083506269158
2020-08-31,3500.31005859375,3500.31005859375,3514.77001953125,3493.25,3509.72998046875,4348280000,-0.0021973751755091087,0.07962819630599019
2020-09-01,3526.64990234375,3526.64990234375,3528.030029296875,3494.60009765625,3507.43994140625,4101490000,0.007496831420706229,0.08110806336764761
2020-09-02,3580.840087890625,3580.840087890625,3588.110107421875,3535.22998046875,3543.760009765625,4295640000,0.015249050143870235,0.09068471439162512
2020-09-03,3455.06005859375,3455.06005859375,3564.85009765625,3427.409912109375,3564.739990234375,4911830000,-0.03575759414218638,0.1630669548726824
2020-09-04,3426.9599609375,3426.9599609375,3479.14990234375,3349.6298828125,3453.60009765625,4438720000,-0.008166280754274169,0.1665005012020125
2020-09-08,3331.840087890625,3331.840087890625,3379.969970703125,3329.27001953125,3371.8798828125,4694330000,-0.028148829086466876,0.19462700027526925
2020-09-09,3398.9599609375,3398.9599609375,3424.77001953125,3366.840087890625,3369.820068359375,3932520000,0.019944760662180983,0.20468150702242158
2020-09-10,3339.18994140625,3339.18994140625,3425.550048828125,3329.25,3412.56005859375,4208630000,-0.017741245925396498,0.2087304969433122
2020-09-11,3340.969970703125,3340.969970703125,3368.949951171875,3310.469970703125,3352.699951171875,3710090000,0.000532930158087197,0.20869773354598467
2020-09-14,3383.5400390625,3383.5400390625,3402.929931640625,3363.56005859375,3363.56005859375,3839580000,0.0126613350250242,0.2136044431718752
2020-09-15,3401.199951171875,3401.199951171875,3419.47998046875,3389.25,3407.72998046875,4057190000,0.005205785930499474,0.21415448489016883
2020-09-16,3385.489990234375,3385.489990234375,3428.919921875,3384.449951171875,3411.22998046875,4718900000,-0.00462964689215184,0.2146734983105639
2020-09-17,3357.010009765625,3357.010009765625,3375.169921875,3328.820068359375,3346.860107421875,4379840000,-0.008447949528552101,0.21615215369885116
2020-09-18,3319.469970703125,3319.469970703125,3362.27001953125,3292.39990234375,3357.3798828125,7076400000,-0.011245576947828795,0.2190047690596775
2020-09-21,3281.06005859375,3281.06005859375,3285.570068359375,3229.10009765625,3285.570068359375,4836070000,-0.011638564027299125,0.22136813501824654
2020-09-22,3315.570068359375,3315.570068359375,3320.31005859375,3270.949951171875,3295.75,3974510000,0.010463016398377434,0.22168732174961517
2020-09-23,3236.919921875,3236.919921875,3323.35009765625,3232.570068359375,3320.110107421875,4378650000,-0.0240073389143749,0.23360711551565053
2020-09-24,3246.590087890625,3246.590087890625,3278.699951171875,3209.449951171875,3226.139892578125,4601920000,0.002983005554629159,0.22977602844191955
2020-09-25,3298.4599609375,3298.4599609375,3306.8798828125,3228.43994140625,3236.659912109375,3803330000,0.01585043922418805,0.23881907645628278
2020-09-28,3351.60009765625,3351.60009765625,3360.739990234375,3332.909912109375,3333.89990234375,3950910000,0.015982191853854744,0.2455050024617195
2020-09-29,3335.469970703125,3335.469970703125,3357.919921875,3327.5400390625,3350.919921875,3661590000,-0.004824282704444016,0.24566196436866228
2020-09-30,3363.0,3363.0,3393.56005859375,3340.469970703125,3341.2099609375,4738640000,0.008219842568379931,0.2460418538968606
2020-10-01,3380.800048828125,3380.800048828125,3397.179931640625,3361.389892578125,3385.8701171875,4076340000,0.005278949564294422,0.23937058570313335
2020-10-02,3348.419921875,3348.419921875,3369.10009765625,3323.68994140625,3338.93994140625,3975180000,-0.00962381286637104,0.20932619938922384
2020-10-05,3408.60009765625,3408.60009765625,3409.570068359375,3367.27001953125,3367.27001953125,3692720000,0.01781310900290123,0.21811992550740364
2020-10-06,3360.969970703125,3360.969970703125,3431.56005859375,3354.5400390625,3408.739990234375,4453390000,-0.014072064387523397,0.2001452984343041
2020-10-07,3419.43994140625,3419.43994140625,3426.260009765625,3384.56005859375,3384.56005859375,3814750000,0.01724716377024116,0.19702538030681171
2020-10-08,3446.830078125,3446.830078125,3447.280029296875,3428.14990234375,3434.280029296875,3867640000,0.00797821289486933,0.1871996984858188
2020-10-09,3477.139892578125,3477.139892578125,3482.340087890625,3458.070068359375,3459.669921875,3944090000,0.008755095180752903,0.1887715087801293
2020-10-12,3534.219970703125,3534.219970703125,3549.85009765625,3499.610107421875,3500.02001953125,3435760000,0.016282530158324704,0.19174141339014963
2020-10-13,3511.929931640625,3511.929931640625,3534.010009765625,3500.860107421875,3534.010009765625,3611100000,-0.006326891629163001,0.19358980482473795
2020-10-14,3488.669921875,3488.669921875,3527.93994140625,3480.550048828125,3515.469970703125,3858510000,-0.006645172084059681,0.19453057670472346
2020-10-15,3483.340087890625,3483.340087890625,3489.080078125,3440.889892578125,3453.719970703125,3724550000,-0.0015289235142130764,0.19152147170244954
2020-10-16,3483.81005859375,3483.81005859375,3515.760009765625,3480.449951171875,3493.5,4688030000,0.0001349104566301662,0.18567704112452893
2020-10-19,3426.919921875,3426.919921875,3502.419921875,3419.929931640625,3493.659912109375,4091080000,-0.01646466351494169,0.19095562878205913
2020-10-20,3443.1201171875,3443.1201171875,3476.929931640625,3435.64990234375,3439.3798828125,3917850000,0.004716195320000338,0.1888360910226124
2020-10-21,3435.56005859375,3435.56005859375,3464.860107421875,3433.06005859375,3439.909912109375,4103960000,-0.002198114011569885,0.16468436601480158
2020-10-22,3453.489990234375,3453.489990234375,3460.530029296875,3415.340087890625,3438.5,4172060000,0.005205354003491536,0.1648646261186953
2020-10-23,3465.389892578125,3465.389892578125,3466.4599609375,3440.449951171875,3464.89990234375,3651600000,0.003439838320389299,0.1582178809765421
2020-10-26,3400.969970703125,3400.969970703125,3441.419921875,3364.860107421875,3441.419921875,4002210000,-0.018764472985321135,0.16628836125810853
2020-10-27,3390.679931640625,3390.679931640625,3409.510009765625,3388.7099609375,3403.14990234375,3962400000,-0.0030302053504467352,0.16564776563496564
2020-10-28,3271.030029296875,3271.030029296875,3342.47998046875,3268.889892578125,3342.47998046875,5139970000,-0.035925542108577346,0.20624107360359192
2020-10-29,3310.110107421875,3310.110107421875,3341.050048828125,3259.820068359375,3277.169921875,4911860000,0.011876524939998134,0.21015372583473121
2020-10-30,3269.9599609375,3269.9599609375,3304.929931640625,3233.93994140625,3293.590087890625,4843930000,-0.0122037134452615,0.2116630515236504
2020-11-02,3310.239990234375,3310.239990234375,3330.139892578125,3279.739990234375,3296.199951171875,4314690000,0.012242950890591686,0.20616943092118054
2020-11-03,3369.159912109375,3369.159912109375,3389.489990234375,3336.25,3336.25,4241380000,0.01764273768407776,0.21087701097870104
2020-11-04,3443.43994140625,3443.43994140625,3486.25,3405.169921875,3406.4599609375,4790400000,0.02180752565509181,0.21606973686776937
2020-11-05,3510.449951171875,3510.449951171875,3529.050048828125,3485.739990234375,3485.739990234375,4858150000,0.019273265776702075,0.22446510701435055
2020-11-06,3509.43994140625,3509.43994140625,3521.580078125,3484.340087890625,3508.340087890625,4842460000,-0.0002877565853740549,0.22265822810968247
2020-11-09,3550.5,3550.5,3645.989990234375,3547.47998046875,3583.0400390625,8570510000,0.011631974746343587,0.21904688064783123
2020-11-10,3545.530029296875,3545.530029296875,3557.219970703125,3511.909912109375,3543.260009765625,6037470000,-0.0014007752208673452,0.217848738894433
2020-11-11,3572.659912109375,3572.659912109375,3581.159912109375,3557.0,3563.219970703125,4635560000,0.0076227283629926035,0.21756466072067387
2020-11-12,3537.010009765625,3537.010009765625,3569.02001953125,3518.580078125,3562.669921875,4909660000,-0.010028651547070666,0.2208651731687617
2020-11-13,3585.14990234375,3585.14990234375,3593.659912109375,3552.570068359375,3552.570068359375,4719580000,0.013518546706293932,0.225195847307907
2020-11-16,3626.909912109375,3626.909912109375,3628.510009765625,3600.159912109375,3600.159912109375,5295510000,0.011580734922832292,0.21789573874330828
2020-11-17,3609.530029296875,3609.530029296875,3623.110107421875,3588.679931640625,3610.31005859375,4812180000,-0.004803443784647143,0.21934506395109174
2020-11-18,3567.7900390625,3567.7900390625,3619.090087890625,3567.330078125,3612.090087890625,5284810000,-0.011631210647481183,0.22418944921817302
2020-11-19,3581.8701171875,3581.8701171875,3585.219970703125,3543.840087890625,3559.409912109375,4363370000,0.003938675690733362,0.22399605802674014
2020-11-20,3557.5400390625,3557.5400390625,3581.22998046875,3556.85009765625,3579.31005859375,4236370000,-0.006815737372919628,0.2258669024056244
2020-11-23,3577.590087890625,3577.590087890625,3589.81005859375,3552.77001953125,3566.820068359375,5057550000,0.005620108181849659,0.21400085127821666
2020-11-24,3635.409912109375,3635.409912109375,3642.31005859375,3594.52001953125,3594.52001953125,6280290000,0.016032458814033035,0.21788618102415291
2020-11-25,3629.64990234375,3629.64990234375,3635.5,3617.760009765625,3635.5,4910440000,-0.0015856747555105244,0.16578784857107745
2020-11-27,3638.35009765625,3638.35009765625,3644.31005859375,3629.330078125,3638.550048828125,2778390000,0.002394111025902035,0.16421595443245585
2020-11-30,3621.6298828125,3621.6298828125,3634.179931640625,3594.389892578125,3634.179931640625,6308410000,-0.004606140636973066,0.15625685876254014
2020-12-01,3662.449951171875,3662.449951171875,3678.449951171875,3645.8701171875,3645.8701171875,5418480000,0.011208140661594257,0.15570146565659346
2020-12-02,3669.010009765625,3669.010009765625,3670.9599609375,3644.840087890625,3653.780029296875,5041250000,0.0017895645286039041,0.14907285206010557
2020-12-03,3666.719970703125,3666.719970703125,3682.72998046875,3657.169921875,3668.280029296875,5065340000,-0.0006243520802939884,0.13538174750060625
2020-12-04,3699.1201171875,3699.1201171875,3699.199951171875,3670.93994140625,3670.93994140625,5099620000,0.008797463715186638,0.12402887101872853
2020-12-07,3691.9599609375,3691.9599609375,3697.409912109375,3678.8798828125,3694.72998046875,4804500000,-0.0019375134389640891,0.12464559328136225
2020-12-08,3702.25,3702.25,3708.449951171875,3678.830078125,3683.050048828125,4584390000,0.0027832711701716306,0.12018847999637577
2020-12-09,3672.820068359375,3672.820068359375,3712.389892578125,3660.5400390625,3705.97998046875,5232800000,-0.007980964948473002,0.12467090779327351
2020-12-10,3668.10009765625,3668.10009765625,3678.489990234375,3645.179931640625,3659.1298828125,4658480000,-0.0012859345277718148,0.1231968445879172
2020-12-11,3663.4599609375,3663.4599609375,3665.909912109375,3633.39990234375,3656.080078125,4375470000,-0.0012657980842316618,0.11658027302466809
2020-12-14,3647.489990234375,3647.489990234375,3697.610107421875,3645.840087890625,3675.27001953125,4623850000,-0.00436878824514686,0.11008582578354892
2020-12-15,3694.6201171875,3694.6201171875,3695.2900390625,3659.6201171875,3666.409912109375,4387080000,0.012838482022218045,0.11170299495232486
2020-12-16,3701.169921875,3701.169921875,3711.27001953125,3688.570068359375,3696.25,4067040000,0.0017712256203239463,0.1097538459172136
2020-12-17,3722.47998046875,3722.47998046875,3725.1201171875,3710.8701171875,3713.64990234375,4192810000,0.0057411428089828576,0.10008843648099168
2020-12-18,3709.409912109375,3709.409912109375,3726.699951171875,3685.840087890625,3722.389892578125,7097100000,-0.003517296952148641,0.10169476250911554
2020-12-21,3694.919921875,3694.919921875,3702.89990234375,3636.47998046875,3684.280029296875,4748580000,-0.003913928486909413,0.09907718315999892
2020-12-22,3687.260009765625,3687.260009765625,3698.260009765625,3676.159912109375,3698.080078125,4053310000,-0.0020752446917704503,0.09900832448561397
2020-12-23,3690.010009765625,3690.010009765625,3711.239990234375,3689.280029296875,3693.419921875,3779160000,0.000745533271818033,0.08369774816213228
2020-12-24,3703.06005859375,3703.06005859375,3703.820068359375,3689.320068359375,3694.030029296875,1883780000,0.0035303499794867577,0.08377401626193906
2020-12-28,3735.360107421875,3735.360107421875,3740.510009765625,3723.030029296875,3723.030029296875,3535460000,0.00868470753841244,0.0878212488746482
2020-12-29,3727.0400390625,3727.0400390625,3756.1201171875,3723.31005859375,3750.010009765625,3393290000,-0.002229864827279826,0.08617163271137626
2020-12-30,3732.0400390625,3732.0400390625,3744.6298828125,3730.2099609375,3736.18994140625,3154850000,0.00134064809508061,0.07849024889504994
2020-12-31,3756.070068359375,3756.070068359375,3760.199951171875,3726.8798828125,3733.27001953125,3179040000,0.006418204711703623,0.08072255222347513
2021-01-04,3700.64990234375,3700.64990234375,3769.989990234375,3662.7099609375,3764.610107421875,5015000000,-0.014864762712026192,0.0979201601214096
2021-01-05,3726.860107421875,3726.860107421875,3737.830078125,3695.070068359375,3698.02001953125,4591020000,0.00705763138336124,0.09622405743915496
2021-01-06,3748.139892578125,3748.139892578125,3783.0400390625,3705.340087890625,3712.199951171875,6064110000,0.005693603382475487,0.09752795242599017
2021-01-07,3803.7900390625,3803.7900390625,3811.550048828125,3764.7099609375,3764.7099609375,5099160000,0.0147382601077517,0.10878184667760844
2021-01-08,3824.679931640625,3824.679931640625,3826.68994140625,3783.60009765625,3815.050048828125,4773040000,0.005476837393516121,0.10409593744191155
2021-01-11,3799.610107421875,3799.610107421875,3817.860107421875,3789.02001953125,3803.139892578125,4465430000,-0.006576327616620858,0.10776126646670749
2021-01-12,3801.18994140625,3801.18994140625,3810.780029296875,3776.510009765625,3801.6201171875,4994950000,0.0004157020305690651,0.10732226384272366
2021-01-13,3809.840087890625,3809.840087890625,3820.9599609375,3791.5,3802.22998046875,4602510000,0.0022730563867252584,0.10490964357860576
2021-01-14,3795.5400390625,3795.5400390625,3823.60009765625,3792.860107421875,3814.97998046875,5198480000,-0.00376051306874281,0.09922002051710459
2021-01-15,3768.25,3768.25,3788.72998046875,3749.6201171875,3788.72998046875,5369820000,-0.0072160007982784435,0.10351548640298702
2021-01-19,3798.909912109375,3798.909912109375,3804.530029296875,3780.3701171875,3781.8798828125,5014440000,0.008103457635762368,0.10521674590891304
2021-01-20,3851.85009765625,3851.85009765625,3859.75,3816.219970703125,3816.219970703125,4566190000,0.013839417376511065,0.11266627080554215
2021-01-21,3853.070068359375,3853.070068359375,3861.449951171875,3845.050048828125,3857.4599609375,4501760000,0.00031667316131311907,0.11085936830812441
2021-01-22,3841.469970703125,3841.469970703125,3852.31005859375,3830.409912109375,3844.239990234375,5110890000,-0.0030151526629378367,0.11135152765700239
2021-01-25,3855.360107421875,3855.360107421875,3859.22998046875,3797.159912109375,3851.679931640625,7000840000,0.003609317513017629,0.11137008059718116
2021-01-26,3849.6201171875,3849.6201171875,3870.89990234375,3847.780029296875,3862.9599609375,6137500000,-0.0014899431611539171,0.11196263787590997
2021-01-27,3750.77001953125,3750.77001953125,3836.830078125,3732.47998046875,3836.830078125,9976520000,-0.026013315126100167,0.14508650774032408
2021-01-28,3787.3798828125,3787.3798828125,3830.5,3755.75,3755.75,6992770000,0.009713298778759594,0.1484062497230031
2021-01-29,3714.239990234375,3714.239990234375,3778.050048828125,3694.1201171875,3778.050048828125,6643370000,-0.019500377654791734,0.1641377400924965
2021-02-01,3773.860107421875,3773.860107421875,3784.320068359375,3725.6201171875,3731.169921875,5436230000,0.015924300234678057,0.17209777903586335
2021-02-02,3826.31005859375,3826.31005859375,3843.090087890625,3791.840087890625,3791.840087890625,5514090000,0.013802528814311543,0.16895425161585828
2021-02-03,3830.169921875,3830.169921875,3847.510009765625,3816.679931640625,3840.27001953125,4864870000,0.0010082606153449802,0.16781599913435452
2021-02-04,3871.739990234375,3871.739990234375,3872.419921875,3836.659912109375,3836.659912109375,4879240000,0.010794847643921912,0.17038154862397986
2021-02-05,3886.830078125,3886.830078125,3894.56005859375,3874.929931640625,3878.300048828125,4879470000,0.0038899196077633036,0.16386866462228653
2021-02-08,3915.590087890625,3915.590087890625,3915.77001953125,3892.590087890625,3892.590087890625,4648360000,0.007372107476289358,0.16463882333451
2021-02-09,3911.22998046875,3911.22998046875,3918.35009765625,3902.639892578125,3910.489990234375,4568320000,-0.001114145421722057,0.16246902949149383
2021-02-10,3909.8798828125,3909.8798828125,3931.5,3884.93994140625,3920.780029296875,4837070000,-0.00034524452239104164,0.16255123977557231
2021-02-11,3916.3798828125,3916.3798828125,3925.989990234375,3890.389892578125,3916.39990234375,4590960000,0.001661074814588659,0.1625240683267598
2021-02-12,3934.830078125,3934.830078125,3937.22998046875,3905.780029296875,3911.64990234375,4135060000,0.0046999709261612566,0.16178724195601024
2021-02-16,3932.590087890625,3932.590087890625,3950.429931640625,3923.85009765625,3939.610107421875,5058990000,-0.0005694345154143576,0.15872442751710777
2021-02-17,3931.330078125,3931.330078125,3933.610107421875,3900.429931640625,3918.5,4730650000,-0.0003204533489178374,0.15740308404556289
2021-02-18,3913.969970703125,3913.969970703125,3921.97998046875,3885.030029296875,3915.860107421875,4793650000,-0.004425614227242747,0.15227478549695025
2021-02-19,3906.7099609375,3906.7099609375,3930.409912109375,3903.070068359375,3921.159912109375,4845320000,-0.0018566190956654793,0.15254708635423295
2021-02-22,3876.5,3876.5,3902.919921875,3874.7099609375,3885.550048828125,5917100000,-0.007762892893710571,0.1548672885382765
2021-02-23,3881.3701171875,3881.3701171875,3895.97998046875,3805.590087890625,3857.070068359375,6296610000,0.0012555296115266401,0.15447662738146728
2021-02-24,3925.429931640625,3925.429931640625,3928.64990234375,3859.60009765625,3873.7099609375,6012790000,0.011287667670986323,0.15883743663845984
2021-02-25,3829.340087890625,3829.340087890625,3925.02001953125,3814.0400390625,3915.800048828125,6547470000,-0.024783394424172656,0.1562400726036881
2021-02-26,3811.14990234375,3811.14990234375,3861.080078125,3789.5400390625,3839.659912109375,6526070000,-0.004761532293798609,0.1541231610921722
2021-03-01,3901.820068359375,3901.820068359375,3914.5,3842.510009765625,3842.510009765625,5114820000,0.023512173225693545,0.15628035030486911
2021-03-02,3870.2900390625,3870.2900390625,3906.409912109375,3868.570068359375,3903.639892578125,5536010000,-0.008113678739508856,0.15226983505543534
2021-03-03,3819.719970703125,3819.719970703125,3874.469970703125,3818.860107421875,3863.989990234375,6173660000,-0.013152335894801581,0.1528543985417626
2021-03-04,3768.469970703125,3768.469970703125,3843.669921875,3723.340087890625,3818.530029296875,7195400000,-0.013508038064390604,0.15964478987038827
2021-03-05,3841.93994140625,3841.93994140625,3851.68994140625,3730.18994140625,3793.580078125,6851070000,0.019308356338710198,0.1698357484493053
2021-03-08,3821.35009765625,3821.35009765625,3881.06005859375,3819.25,3844.389892578125,5871710000,-0.00537364322402567,0.16992090823207123
2021-03-09,3875.43994140625,3875.43994140625,3903.760009765625,3851.929931640625,3851.929931640625,5513560000,0.014055400743931301,0.17547777076784718
2021-03-10,3898.81005859375,3898.81005859375,3917.35009765625,3885.72998046875,3891.989990234375,5847380000,0.006012203770987767,0.1768977312689885
2021-03-11,3939.340087890625,3939.340087890625,3960.27001953125,3915.5400390625,3915.5400390625,5312880000,0.010341825500656654,0.18058181251981462
2021-03-12,3943.340087890625,3943.340087890625,3944.989990234375,3915.2099609375,3924.52001953125,4476280000,0.001014883327531635,0.1805376750659009
2021-03-15,3968.93994140625,3968.93994140625,3970.080078125,3923.5400390625,3942.9599609375,4900100000,0.006470939539413578,0.1811790214996006
2021-03-16,3962.7099609375,3962.7099609375,3981.0400390625,3953.43994140625,3973.590087890625,4613080000,-0.0015709169785971255,0.18128184130104852
2021-03-17,3974.1201171875,3974.1201171875,3983.8701171875,3935.739990234375,3949.570068359375,4561660000,0.0028752446501592033,0.1814630005865502
2021-03-18,3915.4599609375,3915.4599609375,3969.6201171875,3910.860107421875,3953.5,5118590000,-0.014870560065947558,0.18852601722401258
2021-03-19,3913.10009765625,3913.10009765625,3930.1201171875,3886.75,3913.139892578125,7757420000,-0.0006028856737536614,0.18841872187499112
2021-03-22,3940.590087890625,3940.590087890625,3955.31005859375,3914.159912109375,3916.47998046875,4316260000,0.007000556898342225,0.18759554617375154
2021-03-23,3910.52001953125,3910.52001953125,3949.1298828125,3901.570068359375,3937.60009765625,4669010000,-0.007660118119334314,0.18985703172115126
2021-03-24,3889.139892578125,3889.139892578125,3942.080078125,3889.070068359375,3919.929931640625,4783020000,-0.005482336600348248,0.18654741120235335
2021-03-25,3909.52001953125,3909.52001953125,3919.5400390625,3853.5,3879.340087890625,4948340000,0.0052265834327283045,0.16489033892816862
2021-03-26,3974.5400390625,3974.5400390625,3978.18994140625,3917.1201171875,3917.1201171875,5483160000,0.01649441865871637,0.17173103979242527
2021-03-29,3971.090087890625,3971.090087890625,3981.830078125,3943.25,3969.31005859375,4628180000,-0.0008683896263868007,0.1531357475324316
2021-03-30,3958.550048828125,3958.550048828125,3968.010009765625,3944.35009765625,3963.340087890625,4121510000,-0.0031628294096499587,0.15040579878775973
2021-03-31,3972.889892578125,3972.889892578125,3994.409912109375,3966.97998046875,3967.25,4578050000,0.0036159535924209507,0.14125689314323728
2021-04-01,4019.8701171875,4019.8701171875,4020.6298828125,3992.780029296875,3992.780029296875,4162130000,0.011755830427674141,0.13319942523738496
2021-04-05,4077.909912109375,4077.909912109375,4083.419921875,4034.43994140625,4034.43994140625,4005030000,0.0143349877622434,0.1265818035140146
2021-04-06,4073.93994140625,4073.93994140625,4086.22998046875,4068.139892578125,4075.570068359375,4081270000,-0.0009740049407973572,0.12380807177637142
2021-04-07,4079.949951171875,4079.949951171875,4083.1298828125,4068.31005859375,4074.2900390625,4120810000,0.001474145698107776,0.11739494997935396
2021-04-08,4097.169921875,4097.169921875,4098.18994140625,4082.5400390625,4089.949951171875,3907100000,0.00421175094059123,0.1168942123208236
2021-04-09,4128.7998046875,4128.7998046875,4129.47998046875,4095.510009765625,4096.10986328125,3640390000,0.0076902881356879504,0.11499208781548426
2021-04-12,4127.990234375,4127.990234375,4131.759765625,4114.81982421875,4124.7099609375,3588900000,-0.00019609807474019192,0.11524511704641965
2021-04-13,4141.58984375,4141.58984375,4148.0,4124.43017578125,4130.10009765625,3734720000,0.0032890718770630656,0.11431200290212792
2021-04-14,4124.66015625,4124.66015625,4151.68994140625,4120.8701171875,4141.580078125,3985350000,-0.004096104320730376,0.11566765732941037
2021-04-15,4170.419921875,4170.419921875,4173.490234375,4139.759765625,4139.759765625,4033420000,0.011033101401119794,0.1198122633862777
2021-04-16,4185.47021484375,4185.47021484375,4191.31005859375,4170.75,4174.14013671875,4163820000,0.003602323390516915,0.101955924023233
2021-04-19,4163.259765625,4163.259765625,4180.81005859375,4150.47021484375,4179.7998046875,3810290000,-0.0053206898937574465,0.10549655466407709
2021-04-20,4134.93994140625,4134.93994140625,4159.18017578125,4118.3798828125,4159.18017578125,4342650000,-0.006825561005078029,0.10980961684546502
2021-04-21,4173.419921875,4173.419921875,4175.02001953125,4126.35009765625,4128.419921875,3887250000,0.009263020919853204,0.10579682326027996
2021-04-22,4134.97998046875,4134.97998046875,4179.56982421875,4123.68994140625,4170.4599609375,4245140000,-0.009253337860554822,0.11042338921168747
2021-04-23,4180.169921875,4180.169921875,4194.169921875,4138.77978515625,4138.77978515625,3569880000,0.0108694098955322,0.11349838060701663
2021-04-26,4187.6201171875,4187.6201171875,4194.18994140625,4182.35986328125,4185.02978515625,3748320000,0.0017806845645829128,0.10294845733639676
2021-04-27,4186.72021484375,4186.72021484375,4193.35009765625,4176.22021484375,4188.25,3710700000,-0.0002149189814453223,0.10269467711436205
2021-04-28,4183.18017578125,4183.18017578125,4201.52978515625,4181.77978515625,4185.14013671875,3787360000,-0.0008458975873963936,0.10134801885158419
2021-04-29,4211.47021484375,4211.47021484375,4218.77978515625,4176.81005859375,4206.14013671875,4298680000,0.0067400415367036,0.10225291045760185
2021-04-30,4181.169921875,4181.169921875,4198.10009765625,4174.85009765625,4198.10009765625,4300880000,-0.007220713417121161,0.10265881655408511
2021-05-03,4192.66015625,4192.66015625,4209.39013671875,4188.02978515625,4191.97998046875,4070220000,0.002744321649512216,0.0923820634590787
2021-05-04,4164.66015625,4164.66015625,4179.0400390625,4128.58984375,4179.0400390625,4452460000,-0.0067007374898473415,0.09626946978287745
2021-05-05,4167.58984375,4167.58984375,4187.72021484375,4160.93994140625,4177.06005859375,4230920000,0.00070321644711413,0.09626878877431456
2021-05-06,4201.6201171875,4201.6201171875,4202.7001953125,4147.330078125,4169.14013671875,4511000000,0.008132299498631923,0.09880683403554572
2021-05-07,4232.60009765625,4232.60009765625,4238.0400390625,4201.64013671875,4210.33984375,4016080000,0.007346291419187523,0.09853148312538607
2021-05-10,4188.43017578125,4188.43017578125,4236.39013671875,4188.1298828125,4228.2900390625,4560700000,-0.0104904805031385,0.1065359165637396
2021-05-11,4152.10009765625,4152.10009765625,4162.0400390625,4111.52978515625,4150.33984375,4870710000,-0.008711750141781494,0.11090051229091305
2021-05-12,4063.0400390625,4063.0400390625,4134.72998046875,4056.8798828125,4130.5498046875,4733070000,-0.021682782358302788,0.1336885629144422
2021-05-13,4112.5,4112.5,4131.580078125,4074.989990234375,4074.989990234375,4779540000,0.012099644578093205,0.13491853501710652
2021-05-14,4173.85009765625,4173.85009765625,4183.1298828125,4129.580078125,4129.580078125,4008880000,0.014807778563623586,0.14463978371289227
2021-05-17,4163.2900390625,4163.2900390625,4171.919921875,4142.68994140625,4169.919921875,4125050000,-0.0025332581839609958,0.14370001015611128
2021-05-18,4127.830078125,4127.830078125,4169.14990234375,4125.990234375,4165.93994140625,4398150000,-0.00855377238403321,0.1448541308826075
2021-05-19,4115.68017578125,4115.68017578125,4116.93017578125,4061.409912109375,4098.4501953125,4247450000,-0.0029477518113782963,0.14103427362284926
2021-05-20,4159.1201171875,4159.1201171875,4172.7998046875,4121.97021484375,4121.97021484375,3978880000,0.010499429334508648,0.14248414174082563
2021-05-21,4155.85986328125,4155.85986328125,4188.72021484375,4151.72021484375,4168.60986328125,3995250000,-0.0007841880752526009,0.13718884568860254
2021-05-24,4197.0498046875,4197.0498046875,4209.52001953125,4170.16015625,4170.16015625,3684800000,0.009862497481215371,0.1415085114427931
2021-05-25,4188.1298828125,4188.1298828125,4213.419921875,4182.52001953125,4205.93994140625,4182250000,-0.002127545400828268,0.14171882720738144
2021-05-26,4195.990234375,4195.990234375,4202.60986328125,4184.10986328125,4191.58984375,4420890000,0.0018750575506114586,0.14182274615300156
2021-05-27,4200.8798828125,4200.8798828125,4213.3798828125,4197.77978515625,4201.93994140625,6406310000,0.001164636089862725,0.13985808122428195
2021-05-28,4204.10986328125,4204.10986328125,4218.35986328125,4203.56982421875,4210.77001953125,4649250000,0.0007685864528870212,0.1374624010697646
2021-06-01,4202.0400390625,4202.0400390625,4234.1201171875,4197.58984375,4216.52001953125,5074670000,-0.0004924547586302452,0.13718522960646046
2021-06-02,4208.1201171875,4208.1201171875,4217.3701171875,4198.27001953125,4206.81982421875,5833670000,0.0014458890369013488,0.134965328336479
2021-06-03,4192.85009765625,4192.85009765625,4204.39013671875,4167.93017578125,4191.43017578125,5587970000,-0.0036353030560487554,0.13572330314758752
2021-06-04,4229.89013671875,4229.89013671875,4233.4501953125,4206.0498046875,4206.0498046875,4139790000,0.008795303383015707,0.13622371540848013
2021-06-07,4226.52001953125,4226.52001953125,4232.33984375,4215.66015625,4229.33984375,4476920000,-0.0007970562694215033,0.13383548361719344
2021-06-08,4227.259765625,4227.259765625,4236.740234375,4208.41015625,4233.81005859375,4659620000,0.00017500954944082991,0.12834852654394766
2021-06-09,4219.5498046875,4219.5498046875,4237.08984375,4218.740234375,4232.990234375,4713260000,-0.001825532590615353,0.12429449097596207
2021-06-10,4239.18017578125,4239.18017578125,4249.740234375,4220.33984375,4228.56005859375,4408210000,0.00464145477646305,0.09394524392693573
2021-06-11,4247.43994140625,4247.43994140625,4248.3798828125,4232.25,4242.89990234375,3815010000,0.0019465389328079397,0.08664156034700067
2021-06-14,4255.14990234375,4255.14990234375,4255.58984375,4234.06982421875,4248.31005859375,4151200000,0.0018135563851373604,0.07216383066953103
2021-06-15,4246.58984375,4246.58984375,4257.16015625,4238.35009765625,4255.27978515625,4048940000,-0.0020137199542773487,0.07186831541108817
2021-06-16,4223.7001953125,4223.7001953125,4251.89013671875,4202.4501953125,4248.8701171875,4538350000,-0.005404703747025508,0.06727818374235793
2021-06-17,4221.85986328125,4221.85986328125,4232.2900390625,4196.0498046875,4220.3701171875,5312680000,-0.00043581054367258787,0.06589855067373881
2021-06-18,4166.4501953125,4166.4501953125,4204.77978515625,4164.39990234375,4204.77978515625,6817010000,-0.013211355687284154,0.07456283596859099
2021-06-21,4224.7900390625,4224.7900390625,4226.240234375,4173.39990234375,4173.39990234375,4128950000,0.013905163512319518,0.08842846023838721
2021-06-22,4246.43994140625,4246.43994140625,4255.83984375,4217.27001953125,4224.60986328125,3828390000,0.005111406378990324,0.0837105417364161
2021-06-23,4241.83984375,4241.83984375,4256.60009765625,4241.43017578125,4249.27001953125,3730350000,-0.0010838705186486663,0.08336157852233443
2021-06-24,4266.490234375,4266.490234375,4271.27978515625,4256.97021484375,4256.97021484375,3816660000,0.005794429545916913,0.08517802846356333
2021-06-25,4280.7001953125,4280.7001953125,4286.1201171875,4271.16015625,4274.4501953125,7341450000,0.0033250631646861706,0.08561083539767676
2021-06-28,4290.60986328125,4290.60986328125,4292.14013671875,4274.669921875,4284.89990234375,4147890000,0.0023122888604731884,0.08573813443113666
2021-06-29,4291.7998046875,4291.7998046875,4300.52001953125,4287.0400390625,4293.2099609375,3707150000,0.0002772977426861445,0.08560849605523478
2021-06-30,4297.5,4297.5,4302.43017578125,4287.9599609375,4290.64990234375,4266040000,0.0013272784229076962,0.08560268699970318
2021-07-01,4319.93994140625,4319.93994140625,4320.66015625,4300.72998046875,4300.72998046875,3788230000,0.005208041432254618,0.08496826465429022
2021-07-02,4352.33984375,4352.33984375,4355.43017578125,4326.60009765625,4326.60009765625,3225840000,0.007472095894691222,0.08364849824305426
2021-07-06,4343.5400390625,4343.5400390625,4356.4599609375,4314.3701171875,4356.4599609375,4309570000,-0.002023902770021735,0.08416557663325455
2021-07-07,4358.1298828125,4358.1298828125,4361.8798828125,4329.7900390625,4351.009765625,4037380000,0.003353346553662817,0.08431731125765989
2021-07-08,4320.81982421875,4320.81982421875,4330.8798828125,4289.3701171875,4321.06982421875,4347500000,-0.008597881009555053,0.09072005686568385
2021-07-09,4369.5498046875,4369.5498046875,4371.60009765625,4329.3798828125,4329.3798828125,3531120000,0.01121482590241385,0.09653891748344216
2021-07-12,4384.6298828125,4384.6298828125,4386.68017578125,4364.02978515625,4372.41015625,3384460000,0.003445232695593603,0.09676241463172415
2021-07-13,4369.2099609375,4369.2099609375,4392.3701171875,4366.919921875,4381.06982421875,3695430000,-0.003523011181165714,0.09835506255355389
2021-07-14,4374.2998046875,4374.2998046875,4393.68017578125,4362.35986328125,4380.10986328125,4006370000,0.001164256565468591,0.09760850214032234
2021-07-15,4360.02978515625,4360.02978515625,4369.02001953125,4340.7001953125,4369.02001953125,3905230000,-0.0032675735627449853,0.0959751471510257
2021-07-16,4327.16015625,4327.16015625,4375.08984375,4322.52978515625,4367.43017578125,3985700000,-0.007567415006812794,0.10091480695869239
2021-07-19,4258.490234375,4258.490234375,4296.39990234375,4233.1298828125,4296.39990234375,5157660000,-0.015996781399984172,0.1062566335200749
2021-07-20,4323.06005859375,4323.06005859375,4336.83984375,4262.0498046875,4265.10986328125,4438270000,0.015048806004799076,0.10805269922488256
2021-07-21,4358.68994140625,4358.68994140625,4359.7001953125,4331.1298828125,4331.1298828125,3810280000,0.008208041662143728,0.10999691259597566
2021-07-22,4367.47998046875,4367.47998046875,4369.8701171875,4350.06005859375,4361.27001953125,3358300000,0.00201463920924283,0.10967109863921663
2021-07-23,4411.7900390625,4411.7900390625,4415.18017578125,4381.2001953125,4381.2001953125,4540070000,0.0100943323862559,0.1127776241913019
2021-07-26,4422.2998046875,4422.2998046875,4422.72998046875,4405.4501953125,4409.580078125,4275630000,0.00237936692272811,0.11265061517901598
2021-07-27,4401.4599609375,4401.4599609375,4416.3798828125,4372.509765625,4416.3798828125,4241950000,-0.004723583382176599,0.11472245924900215
2021-07-28,4400.64013671875,4400.64013671875,4415.47021484375,4387.009765625,4402.9501953125,4215290000,-0.00018627923155278836,0.11478447055066306
2021-07-29,4419.14990234375,4419.14990234375,4429.97021484375,4403.58984375,4403.58984375,4044600000,0.0041973318452726005,0.11523673333087991
2021-07-30,4395.259765625,4395.259765625,4412.25,4389.64990234375,4395.1201171875,3956740000,-0.005420713608261352,0.11666466539558855
2021-08-02,4387.16015625,4387.16015625,4422.18017578125,4384.81005859375,4406.85986328125,3724090000,-0.00184450567006067,0.114447592009412
2021-08-03,4423.14990234375,4423.14990234375,4423.7900390625,4373.0,4392.740234375,3965190000,0.008169961338918341,0.11713176876770283
2021-08-04,4402.66015625,4402.66015625,4416.169921875,4400.22998046875,4415.9501953125,4260760000,-0.004643150661296502,0.11828997711395604
2021-08-05,4429.10009765625,4429.10009765625,4429.759765625,4408.85986328125,4408.85986328125,3769410000,0.005987485990420538,0.11485619489978738
2021-08-06,4436.52001953125,4436.52001953125,4440.81982421875,4429.06982421875,4429.06982421875,3451870000,0.0016738645485290249,0.10900788266457638
2021-08-09,4432.35009765625,4432.35009765625,4439.39013671875,4424.740234375,4437.77001953125,3449280000,-0.0009403502649565354,0.10870250895446609
2021-08-10,4436.75,4436.75,4445.2099609375,4430.02978515625,4435.7900390625,3886610000,0.0009921869538640493,0.10769320215374191
2021-08-11,4442.41015625,4442.41015625,4449.43994140625,4436.419921875,4442.18017578125,3532560000,0.0012749307180150993,0.10769902675046249
2021-08-12,4460.830078125,4460.830078125,4461.77001953125,4435.9599609375,4446.080078125,3375310000,0.00413780773547856,0.10724534909194844
2021-08-13,4468.0,4468.0,4468.3701171875,4460.81982421875,4464.83984375,3016470000,0.001606016320923942,0.10244666045618508
2021-08-16,4479.7099609375,4479.7099609375,4480.259765625,4437.66015625,4461.64990234375,3370640000,0.002617422261993241,0.07992393236354269
2021-08-17,4448.080078125,4448.080078125,4462.1201171875,4417.830078125,4462.1201171875,3836960000,-0.007085743507136755,0.07259985939327859
2021-08-18,4400.27001953125,4400.27001953125,4454.31982421875,4397.58984375,4440.93994140625,3755590000,-0.010806652845255726,0.0796779837535006
2021-08-19,4405.7998046875,4405.7998046875,4418.60986328125,4367.72998046875,4382.43994140625,4398410000,0.0012559032561583194,0.07953633431298894
2021-08-20,4441.669921875,4441.669921875,4444.35009765625,4406.7998046875,4410.56005859375,3652610000,0.008108603890741861,0.07674607672378587
2021-08-23,4479.52978515625,4479.52978515625,4489.8798828125,4450.2900390625,4450.2900390625,3576530000,0.008487667984411473,0.08155293200722932
2021-08-24,4486.22998046875,4486.22998046875,4492.81005859375,4482.27978515625,4484.39990234375,3979220000,0.0014946188019617779,0.07920095113028865
2021-08-25,4496.18994140625,4496.18994140625,4501.7099609375,4485.66015625,4490.4501953125,3444700000,0.0022176574032517493,0.07920162819017476
2021-08-26,4470.0,4470.0,4495.89990234375,4468.990234375,4493.75,3263980000,-0.005841949827603443,0.08178724434584116
2021-08-27,4509.3701171875,4509.3701171875,4513.330078125,4474.10009765625,4474.10009765625,3331200000,0.0087690715404527,0.08340505904429757
2021-08-30,4528.7900390625,4528.7900390625,4537.35986328125,4513.759765625,4513.759765625,3168660000,0.004297324106874001,0.08321121195351326
2021-08-31,4522.68017578125,4522.68017578125,4531.39013671875,4515.7998046875,4529.75,4290710000,-0.001350026915892144,0.08018768078033486
2021-09-01,4524.08984375,4524.08984375,4537.10986328125,4522.02001953125,4528.7998046875,4057340000,0.00031164006095174557,0.07749358401945879
2021-09-02,4536.9501953125,4536.9501953125,4545.85009765625,4524.66015625,4534.47998046875,3735990000,0.002838605754405421,0.07587340688849852
2021-09-03,4535.43017578125,4535.43017578125,4541.4501953125,4521.2998046875,4532.419921875,3217530000,-0.00033508726118114396,0.07603447969382165
2021-09-07,4520.02978515625,4520.02978515625,4535.3798828125,4513.0,4535.3798828125,3822960000,-0.0034013524523217598,0.07733323772106455
2021-09-08,4514.06982421875,4514.06982421875,4521.7900390625,4493.9501953125,4518.08984375,3750880000,-0.0013194368138158552,0.07774091329478976
2021-09-09,4493.27978515625,4493.27978515625,4529.89990234375,4492.06982421875,4513.02001953125,3735390000,-0.004616247150002195,0.07998782532416776
2021-09-10,4458.580078125,4458.580078125,4520.47021484375,4457.66015625,4506.919921875,3623180000,-0.007752552286277137,0.08379211862945114
2021-09-13,4468.72998046875,4468.72998046875,4492.990234375,4445.7001953125,4474.81005859375,3914220000,0.0022739003463705387,0.08398757945419456
2021-09-14,4443.0498046875,4443.0498046875,4485.68017578125,4435.4599609375,4479.330078125,3670460000,-0.005763213966258007,0.08569465309285454
2021-09-15,4480.7001953125,4480.7001953125,4486.8701171875,4438.3701171875,4447.490234375,4032020000,0.008438294222079534,0.08727566223422414
2021-09-16,4473.75,4473.75,4485.8701171875,4443.7998046875,4477.08984375,3984560000,-0.001552344712765219,0.07769668291459193
2021-09-17,4432.990234375,4432.990234375,4471.52001953125,4427.759765625,4469.740234375,7289530000,-0.009152630275798046,0.08497854117159094
2021-09-20,4357.72998046875,4357.72998046875,4402.9501953125,4305.91015625,4402.9501953125,4898070000,-0.017123077726381553,0.09940697162805649
2021-09-21,4354.18994140625,4354.18994140625,4394.8701171875,4347.9599609375,4374.4501953125,3920920000,-0.0008126886585468895,0.09329676648313867
2021-09-22,4395.64013671875,4395.64013671875,4416.75,4367.43017578125,4367.43017578125,3939170000,0.009474585224218401,0.10026187790581854
2021-09-23,4448.97998046875,4448.97998046875,4465.39990234375,4406.75,4406.75,3916350000,0.012061680369937378,0.10961547472426228
2021-09-24,4455.47998046875,4455.47998046875,4463.1201171875,4430.27001953125,4438.0400390625,3384290000,0.0014599428113637458,0.10805514982705418
2021-09-27,4443.10986328125,4443.10986328125,4457.2998046875,4436.18994140625,4442.1201171875,4058650000,-0.0027802439201884965,0.10331036892352755
2021-09-28,4352.6298828125,4352.6298828125,4419.5400390625,4346.330078125,4419.5400390625,4416550000,-0.020574317739892933,0.12214886434178852
2021-09-29,4359.4599609375,4359.4599609375,4385.56982421875,4355.080078125,4362.41015625,3712660000,0.0015679543362843162,0.12275529748255716
2021-09-30,4307.5400390625,4307.5400390625,4382.5498046875,4306.240234375,4370.669921875,4448140000,-0.011981202945015923,0.12732570674477536
2021-10-01,4357.0400390625,4357.0400390625,4375.18994140625,4288.52001953125,4317.16015625,4010370000,0.011425952113334858,0.13505379909741652
2021-10-04,4300.4599609375,4300.4599609375,4355.509765625,4278.93994140625,4348.83984375,4307870000,-0.013070952048643392,0.14014039748565071
2021-10-05,4345.72021484375,4345.72021484375,4369.22998046875,4309.8701171875,4309.8701171875,3902890000,0.010469517498600922,0.14725216073635464
2021-10-06,4363.5498046875,4363.5498046875,4365.56982421875,4290.490234375,4319.56982421875,4009630000,0.004094399349623856,0.14873564830967065
2021-10-07,4399.759765625,4399.759765625,4429.97021484375,4383.72998046875,4383.72998046875,3843740000,0.008264039225066355,0.15218463953778832
2021-10-08,4391.33984375,4391.33984375,4412.02001953125,4386.22021484375,4406.509765625,3280160000,-0.0019155566024213755,0.15027420685298706
2021-10-11,4361.18994140625,4361.18994140625,4415.8798828125,4360.58984375,4385.43994140625,3281970000,-0.006889441644339911,0.15128413694926812
2021-10-12,4350.64990234375,4350.64990234375,4374.89013671875,4342.08984375,4368.31005859375,3558450000,-0.002419705686554252,0.15045842269406387
2021-10-13,4363.7998046875,4363.7998046875,4372.8701171875,4329.919921875,4358.009765625,3620070000,0.003017955870230793,0.14728638228217358
2021-10-14,4438.259765625,4438.259765625,4439.72998046875,4386.75,4386.75,3598280000,0.016919162285711664,0.16021888183175395
2021-10-15,4471.3701171875,4471.3701171875,4475.81982421875,4447.68994140625,4447.68994140625,3819380000,0.00743252063718991,0.15907162092465021
2021-10-18,4486.4599609375,4486.4599609375,4488.75,4447.47021484375,4463.72021484375,3662010000,0.003369087801804227,0.14582641915038608
2021-10-19,4519.6298828125,4519.6298828125,4520.39990234375,4496.41015625,4497.33984375,3459130000,0.007366142784235308,0.14696442045900215
2021-10-20,4536.18994140625,4536.18994140625,4540.8701171875,4524.39990234375,4524.419921875,3670760000,0.003657333598560797,0.14452689484329495
2021-10-21,4549.77978515625,4549.77978515625,4551.43994140625,4526.89013671875,4532.240234375,3822330000,0.002991393168359835,0.139554824212191
2021-10-22,4544.89990234375,4544.89990234375,4559.669921875,4524.0,4546.1201171875,3758220000,-0.0010731292246628499,0.13975216245051753
2021-10-25,4566.47998046875,4566.47998046875,4572.6201171875,4537.35986328125,4553.68994140625,3899400000,0.004736959440853283,0.1396144319013903
2021-10-26,4574.7900390625,4574.7900390625,4598.52978515625,4569.169921875,4578.68994140625,3879740000,0.0018181414322437917,0.11450585419680255
2021-10-27,4551.68017578125,4551.68017578125,4584.56982421875,4551.66015625,4580.22021484375,4226050000,-0.005064370371105298,0.1174396319103556
2021-10-28,4596.419921875,4596.419921875,4597.5498046875,4562.83984375,4562.83984375,4132950000,0.009781288424184353,0.10820030363277564
2021-10-29,4605.3798828125,4605.3798828125,4608.080078125,4567.58984375,4572.8701171875,4510200000,0.0019474372317169752,0.10406130429198089
2021-11-01,4613.669921875,4613.669921875,4620.33984375,4595.06005859375,4610.6201171875,3971540000,0.0017984589459025813,0.0868271913876864
2021-11-02,4630.64990234375,4630.64990234375,4635.14990234375,4613.33984375,4613.33984375,3975250000,0.0036736071203886667,0.0830710118105891
2021-11-03,4660.56982421875,4660.56982421875,4663.4599609375,4621.18994140625,4630.64990234375,4319660000,0.00644049461288887,0.08379151075948404
2021-11-04,4680.06005859375,4680.06005859375,4683.0,4662.58984375,4662.93017578125,4462300000,0.004173222342817695,0.08190746641835325
2021-11-05,4697.52978515625,4697.52978515625,4718.5,4681.31982421875,4699.259765625,4467180000,0.0037258500452850285,0.07986522358653064
2021-11-08,4701.7001953125,4701.7001953125,4714.919921875,4694.39013671875,4701.47998046875,4269710000,0.0008873940607010411,0.07135656271168679
2021-11-09,4685.25,4685.25,4708.52978515625,4670.8701171875,4707.25,4117080000,-0.0035049109263987077,0.0726279894481076
2021-11-10,4646.7099609375,4646.7099609375,4684.85009765625,4630.85986328125,4670.259765625,4503720000,-0.008259842163861109,0.08362085578257744
2021-11-11,4649.27001953125,4649.27001953125,4664.5498046875,4648.31005859375,4659.39013671875,3926870000,0.0005507883329887164,0.06720236782758911
2021-11-12,4682.85009765625,4682.85009765625,4688.47021484375,4650.77001953125,4655.240234375,3728600000,0.0071966975641295505,0.06698101043138108
2021-11-15,4682.7998046875,4682.7998046875,4697.419921875,4672.85986328125,4689.2998046875,3488410000,-1.0739878016252646e-05,0.06732784647425023
2021-11-16,4700.89990234375,4700.89990234375,4714.9501953125,4679.419921875,4679.419921875,3972640000,0.003857779057126365,0.06494973574199911
2021-11-17,4688.669921875,4688.669921875,4701.5,4684.41015625,4701.5,3969070000,-0.0026050154828958227,0.06649071270550042
2021-11-18,4704.5400390625,4704.5400390625,4708.7998046875,4672.77978515625,4700.72021484375,4226410000,0.003379064740171245,0.06660246466787217
2021-11-19,4697.9599609375,4697.9599609375,4717.75,4694.22021484375,4708.43994140625,4253180000,-0.0013996446049873157,0.06678140206673604
2021-11-22,4682.93994140625,4682.93994140625,4743.830078125,4682.169921875,4712.0,4441100000,-0.003202258316960638,0.06780754529591149
2021-11-23,4690.7001953125,4690.7001953125,4699.39013671875,4652.66015625,4678.47998046875,4277590000,0.001655761383194232,0.0677930049905849
2021-11-24,4701.4599609375,4701.4599609375,4702.8701171875,4659.89013671875,4675.77978515625,3418430000,0.0022912237766679056,0.06381921754695384
2021-11-26,4594.6201171875,4594.6201171875,4664.6298828125,4585.43017578125,4664.6298828125,3517700000,-0.022987011159321113,0.10092362680585984
2021-11-29,4655.27001953125,4655.27001953125,4672.9501953125,4625.259765625,4628.75,4336410000,0.013113836082823127,0.11059658826812607
2021-11-30,4567.0,4567.0,4646.02001953125,4560.0,4640.25,6625990000,-0.019143381187848973,0.12967797953156118
2021-12-01,4513.0400390625,4513.0400390625,4652.93994140625,4510.27001953125,4602.81982421875,5366730000,-0.01188554145795706,0.1344412641804532
2021-12-02,4577.10009765625,4577.10009765625,4595.4599609375,4504.72998046875,4504.72998046875,5077180000,0.014094638396057846,0.14235907949106658
2021-12-03,4538.43017578125,4538.43017578125,4608.02978515625,4495.1201171875,4589.490234375,5240070000,-0.008484455141738678,0.14340338044457784
2021-12-06,4591.669921875,4591.669921875,4612.60009765625,4540.509765625,4548.3701171875,4770800000,0.011662599309685717,0.14956952667732293
2021-12-07,4686.75,4686.75,4694.0400390625,4631.97021484375,4631.97021484375,4492400000,0.02049560318625332,0.16725701362900375
2021-12-08,4701.2099609375,4701.2099609375,4705.06005859375,4674.52001953125,4690.85986328125,4234600000,0.0030805355865854978,0.16714903509711093
2021-12-09,4667.4501953125,4667.4501953125,4695.259765625,4665.97998046875,4691.0,3903840000,-0.007206988232523415,0.1665184913431613
2021-12-10,4712.02001953125,4712.02001953125,4713.56982421875,4670.240234375,4687.64013671875,3870110000,0.009503769118209604,0.16959334032008958
2021-12-13,4668.97021484375,4668.97021484375,4710.2998046875,4667.60009765625,4710.2998046875,4397230000,-0.009178158342793452,0.17110933163498787
2021-12-14,4634.08984375,4634.08984375,4660.47021484375,4606.52001953125,4642.990234375,4485430000,-0.0074987228546241624,0.17298433528466806
2021-12-15,4709.85009765625,4709.85009765625,4712.60009765625,4611.22021484375,4636.4599609375,4910130000,0.016216267351891744,0.1819781624965322
2021-12-16,4668.669921875,4668.669921875,4731.990234375,4651.89013671875,4719.1298828125,4829500000,-0.008781863311112303,0.184372015403182
2021-12-17,4620.64013671875,4620.64013671875,4666.7001953125,4600.22021484375,4652.5,7987090000,-0.010340964584054646,0.18709375000607792
2021-12-20,4568.02001953125,4568.02001953125,4587.89990234375,4531.10009765625,4587.89990234375,4635700000,-0.011453398323256536,0.19063218043251332
2021-12-21,4649.22998046875,4649.22998046875,4651.14013671875,4583.16015625,4594.9599609375,4072430000,0.01762175538519628,0.2014616688772443
2021-12-22,4696.56005859375,4696.56005859375,4697.669921875,4645.52978515625,4650.35986328125,3319610000,0.010128728029126677,0.20463823844660642
2021-12-23,4725.7900390625,4725.7900390625,4740.740234375,4703.9599609375,4703.9599609375,2913040000,0.006204412685251626,0.20562075055949947
2021-12-27,4791.18994140625,4791.18994140625,4791.490234375,4733.990234375,4733.990234375,2770290000,0.013744051573606697,0.19212829266747783
2021-12-28,4786.35009765625,4786.35009765625,4807.02001953125,4780.0400390625,4795.490234375,2707920000,-0.0010106653988870562,0.18809351004621616
2021-12-29,4793.06005859375,4793.06005859375,4804.06005859375,4778.080078125,4788.64013671875,2963310000,0.0014009134018575509,0.17263163383293026
2021-12-30,4778.72998046875,4778.72998046875,4808.93017578125,4775.330078125,4794.22998046875,3124950000,-0.002994233841905114,0.16596276811110938
2021-12-31,4766.18017578125,4766.18017578125,4786.830078125,4765.75,4775.2099609375,2677820000,-0.0026296343734735217,0.16173091349858978
